tokens	ner_tags	lang	text
['Kolonia', 'wchodzi', 'w', 'skład', 'sołectwa', 'Lubieniów', '.']	[0, 0, 0, 0, 0, 5, 0]	pl	Kolonia wchodzi w skład sołectwa Lubieniów.
['Zwalniacz', '(', 'lub', 'oś', 'zwalniacza', ')', 'klina', 'zamkowego', ',', 'znajduje', 'się', 'po', 'lewej', 'stronie', 'tarczy', 'osłony', 'armaty', '[', 'np', ':', 'armata', 'D10T', '(', 'czołg', 'T-55', ')', ',', '2A46M', '(', 'czołgi', 'T-64', ',', 'T-72', ',', 'T-80', ')', ']', '.']	[0, 0, 0, 0, 0, 0, 0, 0, 0, 0, 0, 0, 0, 0, 0, 0, 0, 0, 0, 0, 0, 0, 0, 0, 7, 0, 0, 0, 0, 0, 8, 0, 8, 0, 8, 0, 0, 0]	pl	Zwalniacz (lub oś zwalniacza) klina zamkowego, znajduje się po lewej stronie tarczy osłony armaty [np: armata D10T (czołg T-55), 2A46M (czołgi T-64, T-72, T-80)].
['Mirosław', 'Niziurski', '.']	[1, 2, 0]	pl	Mirosław Niziurski.
['Początkowo', 'został', 'zaprojektowany', 'w', '1971', 'roku', 'do', 'pracy', 'na', 'komputerach', 'typu', 'mainframe', 'firmy', 'IBM', '(', 'S', '/', '370', ')', ',', 'później', 'przeniesiony', 'na', 'inne', 'platformy', ',', 'głównie', 'uniksowe', '.']	[0, 0, 0, 0, 0, 0, 0, 0, 0, 0, 0, 0, 0, 3, 0, 3, 0, 0, 0, 0, 0, 0, 0, 0, 0, 0, 0, 0, 0]	pl	Początkowo został zaprojektowany w 1971 roku do pracy na komputerach typu mainframe firmy IBM (S / 370), później przeniesiony na inne platformy, głównie uniksowe.
['i', 'Scott', 'Goodyear', '(', '0,043', 'sekundy', ')', '.']	[0, 1, 2, 0, 0, 0, 0, 0]	pl	i Scott Goodyear (0,043 sekundy).
['Do', 'tego', 'czasu', 'byłam', 'pianistką', ',', 'grającą', 'w', 'sposób', 'klasyczny', '–', 'również', 'w', 'orkiestrze', 'w', 'Beppu', ',', 'która', 'była', 'okropna', '.']	[0, 0, 0, 0, 0, 0, 0, 0, 0, 0, 0, 0, 0, 0, 0, 5, 0, 0, 0, 0, 0]	pl	Do tego czasu byłam pianistką, grającą w sposób klasyczny – również w orkiestrze w Beppu, która była okropna.
"['Treść', 'pięcioaktowej', 'opery', '""', 'Niema', 'z', 'Portici', '""', 'była', 'jednym', 'z', 'powodów', 'wybuchu', 'rewolucji', 'belgijskiej', '.']"	[0, 0, 0, 0, 7, 8, 8, 0, 0, 0, 0, 0, 0, 0, 0, 0]	pl	"Treść pięcioaktowej opery ""Niema z Portici"" była jednym z powodów wybuchu rewolucji belgijskiej."
['W', 'kwalifikacjach', 'Mika', 'Salo', 'zajął', 'szesnaste', 'miejsce', 'z', 'czasem', '1:33', '.']	[0, 0, 1, 2, 0, 0, 0, 0, 0, 0, 0]	pl	W kwalifikacjach Mika Salo zajął szesnaste miejsce z czasem 1:33.
"['""', 'Saint-Maurice-en-Valgodemard', '""', '–', 'miejscowość', 'i', 'gmina', 'we', 'Francji', ',', 'w', 'regionie', 'Prowansja-Alpy-Lazurowe', 'Wybrzeże', ',', 'w', 'departamencie', 'Alpy', 'Wysokie', '.']"	[0, 0, 0, 0, 0, 0, 0, 0, 5, 0, 0, 0, 5, 6, 0, 0, 0, 5, 6, 0]	pl	"""Saint-Maurice-en-Valgodemard"" – miejscowość i gmina we Francji, w regionie Prowansja-Alpy-Lazurowe Wybrzeże, w departamencie Alpy Wysokie."
['Odkrył', 'go', 'Friedrich', 'Georg', 'Wilhelm', 'Struve', 'w', '1825', 'roku', '.']	[0, 0, 1, 2, 2, 2, 0, 0, 0, 0]	pl	Odkrył go Friedrich Georg Wilhelm Struve w 1825 roku.
"['W', 'XIII', 'wieku', 'wieś', 'pojawiła', 'się', 'w', 'dokumencie', 'mówiącym', 'o', 'jej', 'przynależności', 'do', 'klasztoru', 'w', 'Ueckermünde', ',', 'a', 'później', 'Jasienicy', ',', 'o', 'czym', 'świadczy', 'niemiecka', 'nazwa', 'wsi', '""', 'Münchendorf', '""', '–', 'dosł', '.']"	[0, 0, 0, 0, 0, 0, 0, 0, 0, 0, 0, 0, 0, 0, 0, 5, 0, 0, 0, 5, 0, 0, 0, 0, 0, 0, 0, 0, 0, 0, 0, 0, 0]	pl	"W XIII wieku wieś pojawiła się w dokumencie mówiącym o jej przynależności do klasztoru w Ueckermünde, a później Jasienicy, o czym świadczy niemiecka nazwa wsi ""Münchendorf"" – dosł."
"['""', 'Winnetou', 'i', 'król', 'nafty', '""', '(', 'niem.', '""', 'Der', 'Ölprinz', '""', ',', 'serb.', '-', 'chorw.', '""', 'Kralj', 'petroleja', '""', ')', '–', 'zachodnioniemiecko-jugosłowiański', 'film', 'przygodowy', 'z', '1965', 'roku', ',', 'zainspirowany', 'cyklem', 'powieści', 'Karla', 'Maya', '.']"	[0, 7, 0, 0, 0, 0, 0, 0, 0, 0, 0, 0, 0, 0, 0, 0, 0, 0, 0, 0, 0, 0, 0, 0, 0, 0, 0, 0, 0, 0, 0, 0, 1, 2, 0]	pl	"""Winnetou i król nafty"" (niem. ""Der Ölprinz"", serb. - chorw. ""Kralj petroleja"") – zachodnioniemiecko-jugosłowiański film przygodowy z 1965 roku, zainspirowany cyklem powieści Karla Maya."
['Kulminujące', 'się', 'w', 'Monte', 'San', 'Valentin', '(', '4058', 'm', 'n.p.m.', ')', 'i', 'Fitz', 'Roy', '(', '3370', 'm', 'n.p.m.', ')', '.']	[0, 0, 0, 5, 6, 6, 0, 0, 0, 0, 0, 0, 5, 6, 0, 0, 0, 0, 0, 0]	pl	Kulminujące się w Monte San Valentin (4058 m n.p.m.) i Fitz Roy (3370 m n.p.m.).
['Choroba', 'uaktywniła', 'się', 'w', 'czasach', 'największej', 'popularności', 'popularności', 'The', 'Beach', 'Boys', 'kiedy', 'to', 'arysta', 'zaczął', 'eksperymentować', 'z', 'psychodelikami', 'i', 'miała', 'znaczny', 'wpływ', 'na', 'twórczość', 'grupy', '.']	[0, 0, 0, 0, 0, 0, 0, 0, 3, 4, 4, 0, 0, 0, 0, 0, 0, 0, 0, 0, 0, 0, 0, 0, 0, 0]	pl	Choroba uaktywniła się w czasach największej popularności popularności The Beach Boys kiedy to arysta zaczął eksperymentować z psychodelikami i miała znaczny wpływ na twórczość grupy.
['Tymczasem', 'pożar', 'laboratorium', 'w', 'Coquimbo', 'zmusił', 'go', 'do', 'przedłużenia', 'pobytu', 'o', 'rok', ',', 'potrzebny', 'do', 'odbudowy', '.']	[0, 0, 0, 0, 5, 0, 0, 0, 0, 0, 0, 0, 0, 0, 0, 0, 0]	pl	Tymczasem pożar laboratorium w Coquimbo zmusił go do przedłużenia pobytu o rok, potrzebny do odbudowy.
"['Wyreżyserował', 'też', 'western', '""', 'Dwa', 'oblicza', 'zemsty', '""', ',', 'w', 'którym', 'sam', 'zagrał', '.']"	[0, 0, 0, 0, 7, 8, 8, 0, 0, 0, 0, 0, 0, 0]	pl	"Wyreżyserował też western ""Dwa oblicza zemsty"", w którym sam zagrał."
['Zrabowane', 'pieniądze', 'i', 'precjoza', 'pakowano', 'do', 'skrzyń', ',', 'plombowano', ',', 'a', 'następnie', 'pod', 'strażą', 'wywożono', 'samochodem', 'ciężarowym', 'lub', 'w', 'wagonach', 'pocztowych', 'pociągu', 'pośpiesznego', 'relacji', 'Lwów', '–', 'Lublin', '–', 'Warszawa', '.']	[0, 0, 0, 0, 0, 0, 0, 0, 0, 0, 0, 0, 0, 0, 0, 0, 0, 0, 0, 0, 0, 0, 0, 0, 5, 0, 5, 0, 5, 0]	pl	Zrabowane pieniądze i precjoza pakowano do skrzyń, plombowano, a następnie pod strażą wywożono samochodem ciężarowym lub w wagonach pocztowych pociągu pośpiesznego relacji Lwów – Lublin – Warszawa.
['lat', 'temu', 'poziom', 'wód', 'podniósł', 'się', 'znacznie', ';', 'powstał', 'wtedy', 'Zalew', 'Szczeciński', '.']	[0, 0, 0, 0, 0, 0, 0, 0, 0, 0, 5, 6, 0]	pl	lat temu poziom wód podniósł się znacznie; powstał wtedy Zalew Szczeciński.
['wojna', 'o', 'sukcesję', 'austriacką', '.']	[7, 8, 8, 8, 0]	pl	wojna o sukcesję austriacką.
"['Na', 'samym', 'początku', 'książki', '""', 'Wampir', 'Lestat', '""', 'znajdujemy', 'opis', 'jego', 'wyglądu', '.']"	[0, 0, 0, 0, 0, 7, 8, 0, 0, 0, 0, 0, 0]	pl	"Na samym początku książki ""Wampir Lestat"" znajdujemy opis jego wyglądu."
['System', 'pozwala', 'na', 'działanie', 'aplikacji', 'przeznaczonych', 'dla', 'systemów', 'klasy', 'Unix', '.']	[0, 0, 0, 0, 0, 0, 0, 0, 0, 7, 0]	pl	System pozwala na działanie aplikacji przeznaczonych dla systemów klasy Unix.
"['Powierzchnia', 'zlewni', 'jeziora', 'Winnipeg', 'wynosi', '982', '""', '900', '""', 'km', '²', '(', 'w', 'tym', '802', '""', '900', 'w', 'Kanadzie', ')', ',', 'czyli', 'ponad', '40', 'razy', 'więcej', 'niż', 'powierzchnia', 'samego', 'jeziora', '.']"	[0, 0, 0, 5, 0, 0, 0, 0, 0, 0, 0, 0, 0, 0, 0, 0, 0, 0, 5, 0, 0, 0, 0, 0, 0, 0, 0, 0, 0, 0, 0]	pl	"Powierzchnia zlewni jeziora Winnipeg wynosi 982 ""900"" km ² (w tym 802 ""900 w Kanadzie), czyli ponad 40 razy więcej niż powierzchnia samego jeziora."
['Zniszczone', 'belki', 'zastąpiono', 'nowymi', ',', 'wykonanymi', 'z', 'drewna', 'dębowego', 'z', 'Wadhurst', '.']	[0, 0, 0, 0, 0, 0, 0, 0, 0, 0, 5, 0]	pl	Zniszczone belki zastąpiono nowymi, wykonanymi z drewna dębowego z Wadhurst.
['To', 'właśnie', 'Sinaloa', 'była', 'miejscem', ',', 'z', 'którego', 'koloniści', 'rozpoczęli', 'poszukiwania', 'cennych', 'kruszców', 'oraz', 'zaczęli', 'handlować', 'niewolnikami', '.']	[0, 0, 5, 0, 0, 0, 0, 0, 0, 0, 0, 0, 0, 0, 0, 0, 0, 0]	pl	To właśnie Sinaloa była miejscem, z którego koloniści rozpoczęli poszukiwania cennych kruszców oraz zaczęli handlować niewolnikami.
['W', 'lipcu', '2012', 'roku', 'podpisał', 'kontrakt', 'z', 'New', 'York', 'Rangers', '.']	[0, 0, 0, 0, 0, 0, 0, 3, 4, 4, 0]	pl	W lipcu 2012 roku podpisał kontrakt z New York Rangers.
"['W', 'tym', 'czasie', 'zagrała', 'jedynie', 'kilka', 'drugoplanowych', 'ról', ',', 'm.in.', 'w', 'serialu', '""', 'Radio', 'Romans', '""', '.']"	[0, 0, 0, 0, 0, 0, 0, 0, 0, 0, 0, 0, 0, 7, 8, 0, 0]	pl	"W tym czasie zagrała jedynie kilka drugoplanowych ról, m.in. w serialu ""Radio Romans""."
['Urodziła', 'się', 'w', 'Martinez', 'w', 'stanie', 'Kalifornia', '.']	[0, 0, 0, 5, 0, 0, 5, 0]	pl	Urodziła się w Martinez w stanie Kalifornia.
['Wystąpił', 'tylko', 'w', '9', 'spotkaniach', 'o', 'mistrzostwo', 'Primera', 'División', '.']	[0, 0, 0, 0, 0, 0, 0, 3, 4, 0]	pl	Wystąpił tylko w 9 spotkaniach o mistrzostwo Primera División.
['12', 'lipca', '2016', 'podpisał', 'umowę', 'z', 'Los', 'Angeles', 'Clippers', '.']	[0, 0, 0, 0, 0, 0, 3, 4, 4, 0]	pl	12 lipca 2016 podpisał umowę z Los Angeles Clippers.
['Wychowywał', 'się', 'w', 'stanach', 'Kolorado', ',', 'Wyoming', 'i', 'Teksas', '.']	[0, 0, 0, 0, 5, 0, 5, 0, 5, 0]	pl	Wychowywał się w stanach Kolorado, Wyoming i Teksas.
"['""', 'Méry-sur-Marne', '""', '–', 'miejscowość', 'i', 'gmina', 'we', 'Francji', ',', 'w', 'regionie', 'Île-de-France', ',', 'w', 'departamencie', 'Sekwana', 'i', 'Marna', '.']"	[0, 0, 0, 0, 0, 0, 0, 0, 5, 0, 0, 0, 5, 0, 0, 0, 5, 6, 6, 0]	pl	"""Méry-sur-Marne"" – miejscowość i gmina we Francji, w regionie Île-de-France, w departamencie Sekwana i Marna."
['9', 'września', '2001', 'Ahmad', 'Szah', 'Masud', 'zginął', 'w', 'zamachu', 'dokonanym', 'przez', 'dwóch', 'Tunezyjczyków', 'udających', 'algierskich', 'dziennikarzy', '.']	[0, 0, 0, 1, 2, 2, 0, 0, 0, 0, 0, 0, 5, 0, 0, 0, 0]	pl	9 września 2001 Ahmad Szah Masud zginął w zamachu dokonanym przez dwóch Tunezyjczyków udających algierskich dziennikarzy.
['Od', '2018', 'jest', 'zawodnikiem', 'klubu', 'Szirak', 'Giumri', '.']	[0, 0, 0, 0, 0, 3, 4, 0]	pl	Od 2018 jest zawodnikiem klubu Szirak Giumri.
['Nie', 'stwarzało', 'ono', 'także', 'formalnych', 'przesłanek', 'do', 'przyjęcia', 'do', 'NATO', ',', 'choć', 'jak', 'pokazuje', 'przykład', 'Polski', ',', 'Czech', 'i', 'Węgier', 'ułatwiało', 'przystąpienie', 'do', 'sojuszu', '.']	[0, 0, 0, 0, 0, 0, 0, 0, 0, 3, 0, 0, 0, 0, 0, 5, 0, 5, 0, 5, 0, 0, 0, 0, 0]	pl	Nie stwarzało ono także formalnych przesłanek do przyjęcia do NATO, choć jak pokazuje przykład Polski, Czech i Węgier ułatwiało przystąpienie do sojuszu.
['Pracowała', 'dla', 'stacji', 'telewizyjnych', 'CBS', ',', 'NBC', 'News', '.']	[0, 0, 0, 0, 3, 0, 3, 4, 0]	pl	Pracowała dla stacji telewizyjnych CBS, NBC News.
['Kompozytorzy', 'szkoły', 'weneckiej', '(', 'Adrian', 'Willaert', ',', 'Giovanni', 'Gabrieli', ')', 'wprowadzili', 'do', 'motetu', 'technikę', 'polichóralną', 'oraz', 'instrumenty', ',', 'początkowo', 'jedynie', 'w', 'celu', 'wspomagania', 'wokalistów', '.']	[0, 0, 0, 0, 1, 2, 0, 1, 2, 0, 0, 0, 0, 0, 0, 0, 0, 0, 0, 0, 0, 0, 0, 0, 0]	pl	Kompozytorzy szkoły weneckiej (Adrian Willaert, Giovanni Gabrieli) wprowadzili do motetu technikę polichóralną oraz instrumenty, początkowo jedynie w celu wspomagania wokalistów.
['W', 'wieku', 'dorosłym', 'przyjęła', 'rzymskokatolicki', 'chrzest', ',', 'jej', 'matką', 'chrzestną', 'była', 'Kalina', 'Jędrusik', '.']	[0, 0, 0, 0, 0, 0, 0, 0, 0, 0, 0, 1, 2, 0]	pl	W wieku dorosłym przyjęła rzymskokatolicki chrzest, jej matką chrzestną była Kalina Jędrusik.
"['""', 'Agnières', '""', '-', 'miejscowość', 'i', 'gmina', 'we', 'Francji', ',', 'w', 'regionie', 'Hauts-de-France', ',', 'w', 'departamencie', 'Pas-de-Calais', '.']"	[0, 0, 0, 0, 0, 0, 0, 0, 5, 0, 0, 0, 5, 0, 0, 0, 5, 0]	pl	"""Agnières"" - miejscowość i gmina we Francji, w regionie Hauts-de-France, w departamencie Pas-de-Calais."
['Kiedy', 'jednak', 'siły', 'Mogaung', 'zaatakowały', 'Sikong', ',', 'armie', 'Pinya', 'biernie', 'obserwowały', 'sytuację', 'z', 'drugiego', 'brzegu', 'rzeki', '.']	[0, 0, 0, 5, 0, 5, 0, 0, 0, 0, 0, 0, 0, 0, 0, 0, 0]	pl	Kiedy jednak siły Mogaung zaatakowały Sikong, armie Pinya biernie obserwowały sytuację z drugiego brzegu rzeki.
['Tu', 'kontynuował', 'tworzenie', 'według', 'technik', ',', 'które', 'zaczął', 'stosować', 'w', 'Minas', 'Gerais', '.']	[0, 0, 0, 0, 0, 0, 0, 0, 0, 0, 5, 6, 0]	pl	Tu kontynuował tworzenie według technik, które zaczął stosować w Minas Gerais.
['Zaobserwował', 'ją', 'Guillaume', 'Bigourdan', '7', 'października', '1885', 'roku', 'i', 'błędnie', 'skatalogował', 'jako', 'obiekt', 'typu', '„', 'mgławicowego', '”', '.']	[0, 0, 1, 2, 0, 0, 0, 0, 0, 0, 0, 0, 0, 0, 0, 0, 0, 0]	pl	Zaobserwował ją Guillaume Bigourdan 7 października 1885 roku i błędnie skatalogował jako obiekt typu „mgławicowego ”.
['Zdołał', 'on', 'uchronić', 'drużynę', 'przed', 'spadkiem', 'z', 'Primera', 'División', 'ostatecznie', 'zajmując', '12', 'miejsce', 'w', 'tabeli', '.']	[0, 0, 0, 0, 0, 0, 0, 3, 4, 0, 0, 0, 0, 0, 0, 0]	pl	Zdołał on uchronić drużynę przed spadkiem z Primera División ostatecznie zajmując 12 miejsce w tabeli.
['Spotkanie', 'pomógł', 'mu', 'zorganizować', 'jego', 'zwolennik', 'Sergo', 'Ordżonikidze', '.']	[0, 0, 0, 0, 0, 0, 1, 2, 0]	pl	Spotkanie pomógł mu zorganizować jego zwolennik Sergo Ordżonikidze.
['W', 'składzie', 'reprezentacji', 'gwiazd', 'znajdowali', 'się', 'zawodnicy', 'NBA', ':', 'Bob', 'Pettit', '(', 'Hawks', ')', ',', 'Tom', 'Heinsohn', '(', 'Celtics', ')', ',', 'Bill', 'Russell', '(', 'Celtics', ')', ',', 'Oscar', 'Robertson', '(', 'Royals', ')', ',', 'Jerry', 'Lucas', '(', 'Royals', ')', ',', 'Tom', 'Gola', '(', 'Knicks', ')', ',', 'Bob', 'Cousy', ',', 'K.C.', 'Jones', '(', 'Celtics', ')', '.']	[0, 0, 0, 0, 0, 0, 0, 3, 0, 1, 2, 0, 3, 0, 0, 1, 2, 0, 3, 0, 0, 1, 2, 0, 3, 0, 0, 1, 2, 0, 3, 0, 0, 1, 2, 0, 3, 0, 0, 1, 2, 0, 3, 0, 0, 1, 2, 0, 1, 2, 0, 3, 0, 0]	pl	W składzie reprezentacji gwiazd znajdowali się zawodnicy NBA: Bob Pettit (Hawks), Tom Heinsohn (Celtics), Bill Russell (Celtics), Oscar Robertson (Royals), Jerry Lucas (Royals), Tom Gola (Knicks), Bob Cousy, K.C. Jones (Celtics).
['Król', 'planował', 'teraz', 'uderzenie', 'na', 'Tczew', 'i', 'Grudziądz', ',', 'jednak', 'wygłodzeni', 'żołnierze', 'zbuntowali', 'się', ',', 'żądając', 'wypłaty', 'zaległego', 'żołdu', '.']	[0, 0, 0, 0, 0, 5, 0, 5, 0, 0, 0, 0, 0, 0, 0, 0, 0, 0, 0, 0]	pl	Król planował teraz uderzenie na Tczew i Grudziądz, jednak wygłodzeni żołnierze zbuntowali się, żądając wypłaty zaległego żołdu.
['Był', 'jednym', 'z', 'muzycznych', 'wzorców', 'dla', 'artystów', 'takich', 'jak', 'Jimi', 'Hendrix', ',', 'The', 'Beatles', ',', 'The', 'Beach', 'Boys', ',', 'Elvis', 'Costello', ',', 'The', 'Rolling', 'Stones', 'czy', 'Bob', 'Dylan', '.']	[0, 0, 0, 0, 0, 0, 0, 0, 0, 1, 2, 0, 3, 4, 0, 3, 4, 4, 0, 1, 2, 0, 3, 4, 4, 0, 1, 2, 0]	pl	Był jednym z muzycznych wzorców dla artystów takich jak Jimi Hendrix, The Beatles, The Beach Boys, Elvis Costello, The Rolling Stones czy Bob Dylan.
"['Użyczał', 'głosu', 'tytułowej', 'postaci', 'z', 'serialu', 'pod', 'tytułem', '""', 'Johnny', 'Bravo', '""', '.']"	[0, 0, 0, 0, 0, 0, 0, 0, 0, 7, 8, 0, 0]	pl	"Użyczał głosu tytułowej postaci z serialu pod tytułem ""Johnny Bravo""."
['W', '1801', 'Giuseppe', 'Piazzi', 'odkrył', 'planetę', 'karłowatą', 'Ceres', ',', 'niewielkie', 'ciało', 'niebieskie', 'pomiędzy', 'orbitami', 'Marsa', 'i', 'Jowisza', ',', 'które', 'początkowo', 'zostało', 'uznane', 'za', 'nową', 'planetę', '.']	[0, 0, 1, 2, 0, 0, 0, 5, 0, 0, 0, 0, 0, 0, 5, 0, 5, 0, 0, 0, 0, 0, 0, 0, 0, 0]	pl	W 1801 Giuseppe Piazzi odkrył planetę karłowatą Ceres, niewielkie ciało niebieskie pomiędzy orbitami Marsa i Jowisza, które początkowo zostało uznane za nową planetę.
"['Pod', 'koniec', 'drugiego', 'sezonu', 'był', 'to', 'jeden', 'z', 'najlepiej', 'oglądanych', 'programów', 'w', 'telewizji', 'kablowej', ',', 'ustępując', 'miejsca', 'tylko', 'kreskówce', '""', 'Miasteczko', 'South', 'Park', '""', '.']"	[0, 0, 0, 0, 0, 0, 0, 0, 0, 0, 0, 0, 0, 0, 0, 0, 0, 0, 0, 0, 7, 8, 8, 0, 0]	pl	"Pod koniec drugiego sezonu był to jeden z najlepiej oglądanych programów w telewizji kablowej, ustępując miejsca tylko kreskówce ""Miasteczko South Park""."
['Czterech', 'ludzi', 'dokonuje', 'napadu', 'na', 'bank', 'w', 'Saint-Jean-de-Monts', '.']	[0, 0, 0, 0, 0, 0, 0, 5, 0]	pl	Czterech ludzi dokonuje napadu na bank w Saint-Jean-de-Monts.
['Jednak', 'z', 'tego', 'samego', 'względu', 'XML', 'w', 'praktyce', 'zajmuje', 'znacząco', 'więcej', 'miejsca', 'niż', 'analogiczny', 'obiekt', 'przesyłany', 'za', 'pomocą', 'formatu', 'JSON', '.']	[0, 0, 0, 0, 0, 7, 0, 0, 0, 0, 0, 0, 0, 0, 0, 0, 0, 0, 0, 0, 0]	pl	Jednak z tego samego względu XML w praktyce zajmuje znacząco więcej miejsca niż analogiczny obiekt przesyłany za pomocą formatu JSON.
['W', '2011', 'był', 'trenerem', 'algierskiego', 'ES', 'Sétif', ',', 'a', 'w', '2012', 'saudyjskiego', 'Ettifaq', 'FC', '.']	[0, 0, 0, 0, 0, 3, 4, 0, 0, 0, 0, 0, 3, 4, 0]	pl	W 2011 był trenerem algierskiego ES Sétif, a w 2012 saudyjskiego Ettifaq FC.
"['""', 'Puy-en-Velay', '""', '–', 'miejscowość', 'i', 'gmina', 'we', 'Francji', ',', 'w', 'regionie', 'Owernia-Rodan-Alpy', ',', 'w', 'departamencie', 'Górna', 'Loara', '.']"	[0, 0, 0, 0, 0, 0, 0, 0, 5, 0, 0, 0, 5, 0, 0, 0, 5, 6, 0]	pl	"""Puy-en-Velay"" – miejscowość i gmina we Francji, w regionie Owernia-Rodan-Alpy, w departamencie Górna Loara."
['27', 'stycznia', '2010', 'Sun', 'został', 'przejęty', 'przez', 'Oracle', 'Corporation', '.']	[0, 0, 0, 3, 0, 0, 0, 3, 4, 0]	pl	27 stycznia 2010 Sun został przejęty przez Oracle Corporation.
['Trzecim', 'rozumieniem', 'posługiwał', 'się', 'Parmenides', ',', 'twórca', 'pierwszej', 'definicji', 'pojęcia', 'bytu', '.']	[0, 0, 0, 0, 1, 0, 0, 0, 0, 0, 0, 0]	pl	Trzecim rozumieniem posługiwał się Parmenides, twórca pierwszej definicji pojęcia bytu.
['22', 'października', '2012', 'jego', 'debiutancki', 'kontrakt', 'został', 'automatycznie', 'przedłużony', 'przez', 'Denver', 'Nuggets', 'do', 'końca', 'sezonu', '2013', '/', '14', '.']	[0, 0, 0, 0, 0, 0, 0, 0, 0, 0, 3, 4, 0, 0, 0, 0, 0, 0, 0]	pl	22 października 2012 jego debiutancki kontrakt został automatycznie przedłużony przez Denver Nuggets do końca sezonu 2013 / 14.
['Pracowała', 'jako', 'pielęgniarka', ',', 'potem', 'w', 'administracji', 'służby', 'zdrowia', '(', 'w', '1965', 'uzyskała', 'bakalaureat', 'z', 'zarządzania', 'służbą', 'zdrowia', 'na', 'uniwersytecie', 'w', 'Chicago', ')', '.']	[0, 0, 0, 0, 0, 0, 0, 0, 0, 0, 0, 0, 0, 0, 0, 0, 0, 0, 0, 0, 0, 5, 0, 0]	pl	Pracowała jako pielęgniarka, potem w administracji służby zdrowia (w 1965 uzyskała bakalaureat z zarządzania służbą zdrowia na uniwersytecie w Chicago).
['Najskuteczniejszym', 'zawodnikiem', 'drużyny', 'był', 'wtedy', 'Józef', 'Sobota', '.']	[0, 0, 0, 0, 0, 1, 2, 0]	pl	Najskuteczniejszym zawodnikiem drużyny był wtedy Józef Sobota.
['W', 'MŚ', 'w', 'lotach', 'w', 'Vikersund', 'znalazł', 'się', 'na', '16', '.']	[0, 7, 0, 0, 0, 5, 0, 0, 0, 0, 0]	pl	W MŚ w lotach w Vikersund znalazł się na 16.
['Jego', 'partnerką', 'w', 'filmie', 'jest', 'Aishwarya', 'Rai', '.']	[0, 0, 0, 0, 0, 1, 2, 0]	pl	Jego partnerką w filmie jest Aishwarya Rai.
['W', '2000', 'roku', 'z', 'piosenką', '„', 'My', 'Star', '”', 'reprezentował', 'Łotwę', 'w', '45', '.']	[0, 0, 0, 0, 0, 0, 7, 8, 0, 0, 5, 0, 0, 0]	pl	W 2000 roku z piosenką „My Star ” reprezentował Łotwę w 45.
"['Pochodzi', 'z', 'jego', 'albumu', 'pt.', '""', 'Tha', 'Doggfather', '""', '.']"	[0, 0, 0, 0, 0, 0, 7, 8, 0, 0]	pl	"Pochodzi z jego albumu pt. ""Tha Doggfather""."
"['""', 'Nutella', '""', '–', 'krem', 'cukrowo-tłuszczowy', 'z', 'dodatkiem', 'orzechów', 'laskowych', 'i', 'kakao', ',', 'produkcji', 'włoskiej', 'firmy', 'Ferrero', '.']"	[0, 0, 0, 0, 0, 0, 0, 0, 0, 0, 0, 0, 0, 0, 0, 0, 3, 0]	pl	"""Nutella"" – krem cukrowo-tłuszczowy z dodatkiem orzechów laskowych i kakao, produkcji włoskiej firmy Ferrero."
['Danica', 'Patrick', ',', 'której', 'umożliwił', 'debiut', 'w', 'IndyCar', 'w', '2005', 'roku', '.']	[1, 2, 0, 0, 0, 0, 0, 0, 0, 0, 0, 0]	pl	Danica Patrick, której umożliwił debiut w IndyCar w 2005 roku.
['Była', 'to', 'Pruska', 'Kolej', 'Wschodnia', ',', 'której', 'Dyrekcja', 'w', 'latach', '1849', '-', '1895', 'znajdowała', 'się', 'w', 'Bydgoszczy', '.']	[0, 0, 5, 6, 6, 0, 0, 0, 0, 0, 0, 0, 0, 0, 0, 0, 5, 0]	pl	Była to Pruska Kolej Wschodnia, której Dyrekcja w latach 1849 - 1895 znajdowała się w Bydgoszczy.
['„', 'My', 'Humps', '”', '–', 'kolejna', 'piosenka', 'natychmiast', 'osiągnęła', 'sukces', 'komercyjny', 'w', 'USA', '.']	[0, 7, 8, 0, 0, 0, 0, 0, 0, 0, 0, 0, 5, 0]	pl	„My Humps ” – kolejna piosenka natychmiast osiągnęła sukces komercyjny w USA.
['Znajduje', 'się', 'tu', 'jedyne', 'lotnisko', 'na', 'wyspie', '–', 'port', 'lotniczy', 'Mataveri', '.']	[0, 0, 0, 0, 0, 0, 0, 0, 5, 6, 6, 0]	pl	Znajduje się tu jedyne lotnisko na wyspie – port lotniczy Mataveri.
['Przez', 'jezioro', 'Brienz', 'przepływa', 'rzeka', 'Aare', ',', 'a', 'uchodzą', 'do', 'niego', 'rzeki', 'Lütschine', 'oraz', 'Giessbach', '.']	[0, 5, 5, 0, 0, 5, 0, 0, 0, 0, 0, 0, 5, 0, 5, 0]	pl	Przez jezioro Brienz przepływa rzeka Aare, a uchodzą do niego rzeki Lütschine oraz Giessbach.
['10', 'listopada', '2012', 'w', 'domowym', 'meczu', 'z', 'Deportivo', 'La', 'Coruña', '(', '5:3', ')', 'strzelił', 'swojego', 'pierwszego', 'gola', 'w', 'rozgrywkach', 'Primera', 'División', '.']	[0, 0, 0, 0, 0, 0, 0, 3, 4, 4, 0, 0, 0, 0, 0, 0, 0, 0, 0, 3, 4, 0]	pl	10 listopada 2012 w domowym meczu z Deportivo La Coruña (5:3) strzelił swojego pierwszego gola w rozgrywkach Primera División.
"['""', 'Is', 'It', 'Any', 'Wonder', '?', '""']"	[0, 7, 8, 8, 8, 8, 0]	pl	"""Is It Any Wonder?"""
['Często', 'wyróżnianym', 'regionem', 'historycznym', 'w', 'Mołdawii', 'stanowi', 'jej', 'północna', 'część', ',', 'Bukowina', '(', 'główne', 'miasto', 'w', 'części', 'rumuńskiej', ':', 'Suczawa', ')', ',', 'która', 'była', 'kolebką', 'państwowości', 'mołdawskiej', '.']	[0, 0, 0, 0, 0, 5, 0, 0, 0, 0, 0, 5, 0, 0, 0, 0, 0, 0, 0, 5, 0, 0, 0, 0, 0, 0, 0, 0]	pl	Często wyróżnianym regionem historycznym w Mołdawii stanowi jej północna część, Bukowina (główne miasto w części rumuńskiej: Suczawa), która była kolebką państwowości mołdawskiej.
['Rekordy', 'życiowe', ':', 'stadion', '–', '8,56', '(', '16', 'sierpnia', '2013', ',', 'Moskwa', ')', ';', 'hala', '–', '8,31', '(', '3', 'marca', '2013', ',', 'Göteborg', ')', '.']	[0, 0, 0, 0, 0, 0, 0, 0, 0, 0, 0, 5, 0, 0, 0, 0, 0, 0, 0, 0, 0, 0, 5, 0, 0]	pl	Rekordy życiowe: stadion – 8,56 (16 sierpnia 2013, Moskwa); hala – 8,31 (3 marca 2013, Göteborg).
['Ostatni', 'jej', 'występ', 'miał', 'miejsce', 'w', 'Sapporo', '11', 'listopada', '1974', '.']	[0, 0, 0, 0, 0, 0, 5, 0, 0, 0, 0]	pl	Ostatni jej występ miał miejsce w Sapporo 11 listopada 1974.
['Courier-MTA', 'może', 'integrować', 'się', 'z', 'pakietem', 'AMaViS', ',', 'skanerem', 'antywirusowym', 'ClamAV', ',', 'programem', 'antyspamowym', 'SpamAssassin', ',', 'cechuje', 'się', 'obsługą', 'czarnych', 'list', 'oraz', 'SPF', ',', 'co', 'powoduje', ',', 'że', 'dobrze', 'chroni', 'konta', 'przed', 'spamem', '.']	[0, 0, 0, 0, 0, 0, 0, 0, 0, 0, 7, 0, 0, 0, 7, 0, 0, 0, 0, 0, 0, 0, 0, 0, 0, 0, 0, 0, 0, 0, 0, 0, 0, 0]	pl	Courier-MTA może integrować się z pakietem AMaViS, skanerem antywirusowym ClamAV, programem antyspamowym SpamAssassin, cechuje się obsługą czarnych list oraz SPF, co powoduje, że dobrze chroni konta przed spamem.
['Biały', 'Klasztor', '(', 'Deir-el-Abiad', ')', 'został', 'zbudowany', 'ok', '.']	[5, 6, 0, 0, 0, 0, 0, 0, 0]	pl	Biały Klasztor (Deir-el-Abiad) został zbudowany ok.
"['W', 'części', '""', 'Tom', 'Clancy', '’', 's', 'Splinter', 'Cell', ':', 'Chaos', 'Theory', '""', 'pojawił', 'się', 'teaser', 'filmu', 'na', 'podstawie', 'serii', '.']"	[0, 0, 0, 7, 8, 8, 8, 8, 8, 8, 8, 8, 0, 0, 0, 0, 0, 0, 0, 0, 0]	pl	"W części ""Tom Clancy ’ s Splinter Cell: Chaos Theory"" pojawił się teaser filmu na podstawie serii."
['Na', 'BNP', 'Paribas', 'Open', 'została', 'rozstawiona', 'z', 'numerem', '2', '.']	[0, 7, 8, 8, 0, 0, 0, 0, 0, 0]	pl	Na BNP Paribas Open została rozstawiona z numerem 2.
"['W', 'odróżnieniu', 'od', '""', 'The', 'Colonel', ""'"", 's', 'Bequest', '""', ',', 'tożsamość', 'mordercy', 'na', 'koniec', 'gry', 'nie', 'jest', 'automatycznie', 'ujawniana', '.']"	[0, 0, 0, 0, 7, 8, 8, 8, 8, 0, 0, 0, 0, 0, 0, 0, 0, 0, 0, 0, 0]	pl	"W odróżnieniu od ""The Colonel 's Bequest"", tożsamość mordercy na koniec gry nie jest automatycznie ujawniana."
['Kolejkę', 'później', ',', 'z', 'VfL', 'Bochum', 'również', 'trafił', 'do', 'siatki', '(', '33', 'minuta', ')', 'i', 'tym', 'samym', 'otworzył', ',', 'a', 'zarazem', 'zamknął', 'wynik', '.']	[0, 0, 0, 0, 3, 4, 0, 0, 0, 0, 0, 0, 0, 0, 0, 0, 0, 0, 0, 0, 0, 0, 0, 0]	pl	Kolejkę później, z VfL Bochum również trafił do siatki (33 minuta) i tym samym otworzył, a zarazem zamknął wynik.
"['""', 'Salt-en-Donzy', '""', '–', 'miejscowość', 'i', 'gmina', 'we', 'Francji', ',', 'w', 'regionie', 'Owernia-Rodan-Alpy', ',', 'w', 'departamencie', 'Loara', '.']"	[0, 0, 0, 0, 0, 0, 0, 0, 5, 0, 0, 0, 5, 0, 0, 0, 5, 0]	pl	"""Salt-en-Donzy"" – miejscowość i gmina we Francji, w regionie Owernia-Rodan-Alpy, w departamencie Loara."
['Jego', 'idolami', 'w', 'młodości', 'byli', 'Jimi', 'Hendrix', 'i', 'Eric', 'Clapton', '.']	[0, 0, 0, 0, 0, 1, 2, 0, 1, 2, 0]	pl	Jego idolami w młodości byli Jimi Hendrix i Eric Clapton.
['Pod', 'koniec', '1938', 'roku', 'założył', 'bazę', 'w', 'Taihang', 'Shan', 'skąd', 'koordynował', 'antyjapońskie', 'działania', 'partyzanckie', 'i', 'dowodził', 'swoją', 'liczącą', '100', 'tysięcy', 'żołnierzy', 'armią', '.']	[0, 0, 0, 0, 0, 0, 0, 5, 6, 0, 0, 0, 0, 0, 0, 0, 0, 0, 0, 0, 0, 0, 0]	pl	Pod koniec 1938 roku założył bazę w Taihang Shan skąd koordynował antyjapońskie działania partyzanckie i dowodził swoją liczącą 100 tysięcy żołnierzy armią.
['Północny', 'Atlantyk', 'od', 'Irlandii', 'do', 'północno-zachodnich', 'wybrzeży', 'Afryki', ',', 'Madera', ',', 'Wyspy', 'Kanaryjskie', ',', 'Morze', 'Śródziemne', 'i', 'Morze', 'Czarne', '.']	[0, 5, 0, 5, 0, 0, 0, 5, 0, 5, 0, 5, 6, 0, 5, 6, 0, 5, 6, 0]	pl	Północny Atlantyk od Irlandii do północno-zachodnich wybrzeży Afryki, Madera, Wyspy Kanaryjskie, Morze Śródziemne i Morze Czarne.
"['""', 'Dompierre-en-Morvan', '""', '–', 'miejscowość', 'i', 'gmina', 'we', 'Francji', ',', 'w', 'regionie', 'Burgundia-Franche-Comté', ',', 'w', 'departamencie', 'Côte-d', '’', 'Or', '.']"	[0, 0, 0, 0, 0, 0, 0, 0, 5, 0, 0, 0, 5, 0, 0, 0, 5, 6, 6, 0]	pl	"""Dompierre-en-Morvan"" – miejscowość i gmina we Francji, w regionie Burgundia-Franche-Comté, w departamencie Côte-d ’ Or."
['Po', 'wojnie', 'Lipiany', 'i', 'okolice', 'zostały', 'przyłączone', 'do', 'powiatu', 'pyrzyckiego', '.']	[0, 0, 5, 0, 0, 0, 0, 0, 0, 0, 0]	pl	Po wojnie Lipiany i okolice zostały przyłączone do powiatu pyrzyckiego.
['Sparkle', '(', 'Jordin', 'Sparks', ')', 'marzy', 'o', 'karierze', 'muzycznej', '.']	[0, 0, 1, 2, 0, 0, 0, 0, 0, 0]	pl	Sparkle (Jordin Sparks) marzy o karierze muzycznej.
"['""', 'Madeleine-de-Nonancourt', '""', '–', 'miejscowość', 'i', 'gmina', 'we', 'Francji', ',', 'w', 'regionie', 'Normandia', ',', 'w', 'departamencie', 'Eure', '.']"	[0, 0, 0, 0, 0, 0, 0, 0, 5, 0, 0, 0, 5, 0, 0, 0, 5, 0]	pl	"""Madeleine-de-Nonancourt"" – miejscowość i gmina we Francji, w regionie Normandia, w departamencie Eure."
['w', 'Valparaíso', '.']	[0, 5, 0]	pl	w Valparaíso.
['Znajdują', 'się', 'tam', 'także', 'jeziora', ':', 'Imandra', ',', 'Umboziero', ',', 'Ławoziero', '.']	[0, 0, 0, 0, 0, 0, 5, 0, 5, 0, 5, 0]	pl	Znajdują się tam także jeziora: Imandra, Umboziero, Ławoziero.
['Rada', 'Europejska', 'wydała', 'dyrektywę', ',', 'w', 'której', 'zalecała', 'wszystkim', 'krajom', 'na', 'obszarze', 'ówczesnej', 'wspólnoty', 'zarezerwować', 'częstotliwości', '890', '–', '915', 'i', '935', '–', '960', 'MHz', 'dla', 'potrzeb', 'nowego', 'komórkowego', 'cyfrowego', 'systemu', 'łączności', 'ruchomej', 'drugiej', 'generacji', ',', 'a', 'w', 'podpisanym', '7', 'września', '1987', 'r', '.']	[3, 4, 0, 0, 0, 0, 0, 0, 0, 0, 0, 0, 0, 0, 0, 0, 0, 0, 0, 0, 0, 0, 0, 0, 0, 0, 0, 0, 0, 0, 0, 0, 0, 0, 0, 0, 0, 0, 0, 0, 0, 0, 0]	pl	Rada Europejska wydała dyrektywę, w której zalecała wszystkim krajom na obszarze ówczesnej wspólnoty zarezerwować częstotliwości 890 – 915 i 935 – 960 MHz dla potrzeb nowego komórkowego cyfrowego systemu łączności ruchomej drugiej generacji, a w podpisanym 7 września 1987 r.
"['""', 'Chaetopelma', 'altugkadirorum', '""', '–', 'gatunek', 'ptasznika', 'z', 'rodzaju', '""', 'Chaetopelma', '""', ',', 'występujący', 'głównie', 'w', 'Turcji', ',', 'w', 'prowincji', 'Hatay', 'i', 'Syrii', '.']"	[0, 0, 0, 0, 0, 0, 0, 0, 0, 0, 0, 0, 0, 0, 0, 0, 5, 0, 0, 0, 5, 0, 5, 0]	pl	"""Chaetopelma altugkadirorum"" – gatunek ptasznika z rodzaju ""Chaetopelma"", występujący głównie w Turcji, w prowincji Hatay i Syrii."
['Na', 'kartach', 'powieści', 'pojawiają', 'się', 'też', 'Leonardo', 'da', 'Vinci', ',', 'Niccolò', 'Machiavelli', ',', 'Girolamo', 'Savonarola', '.']	[0, 0, 0, 0, 0, 0, 1, 2, 2, 0, 1, 2, 0, 1, 2, 0]	pl	Na kartach powieści pojawiają się też Leonardo da Vinci, Niccolò Machiavelli, Girolamo Savonarola.
['Ich', 'jedyna', 'córka', 'Hanna', 'Mortkowicz-Olczakowa', '(', '1905', '–', '1968', ')', 'była', 'poetką', 'i', 'pisarką', '.']	[0, 0, 0, 1, 2, 0, 0, 0, 0, 0, 0, 0, 0, 0, 0]	pl	Ich jedyna córka Hanna Mortkowicz-Olczakowa (1905 – 1968) była poetką i pisarką.
"['Akcja', 'toczy', 'się', '4', 'lata', 'po', 'wydarzeniach', 'z', '""', 'Halo', '3', '""', '.']"	[0, 0, 0, 0, 0, 0, 0, 0, 0, 7, 8, 0, 0]	pl	"Akcja toczy się 4 lata po wydarzeniach z ""Halo 3""."
['Podczas', 'pierwszego', 'wyścigu', 'na', 'torze', 'Moscow', 'Raceway', 'stanął', 'na', 'trzecim', 'stopniu', 'podium', '.']	[0, 0, 0, 0, 0, 5, 6, 0, 0, 0, 0, 0, 0]	pl	Podczas pierwszego wyścigu na torze Moscow Raceway stanął na trzecim stopniu podium.
"['Rzeka', 'powstaje', 'z', 'połączenia', 'trzech', 'strumieni', ',', 'około', '2', '""', 'km', 'na', 'wschód', 'od', 'wsi', 'Werchrata', 'w', 'Polsce', 'na', 'wysokości', 'ok', '.']"	[0, 0, 0, 0, 0, 0, 0, 0, 0, 0, 0, 0, 0, 0, 0, 5, 0, 5, 0, 0, 0, 0]	pl	"Rzeka powstaje z połączenia trzech strumieni, około 2 ""km na wschód od wsi Werchrata w Polsce na wysokości ok."
['W', 'krajach', 'pozaeuropejskich', 'król', 'posiada', 'znacznie', 'większą', 'władzę', '(', 'np.', 'Maroko', ',', 'Jordania', ',', 'Tajlandia', ')', '.']	[0, 0, 0, 0, 0, 0, 0, 0, 0, 0, 5, 0, 5, 0, 5, 0, 0]	pl	W krajach pozaeuropejskich król posiada znacznie większą władzę (np. Maroko, Jordania, Tajlandia).
"['Centralną', 'część', 'parku', 'tworzy', 'Wilpena', 'Pound', 'gigantyczny', '""', 'amfiteatr', '""', 'o', 'powierzchni', '80', 'kilometrów', 'kwadratowych', '.']"	[0, 0, 0, 0, 5, 6, 0, 0, 0, 0, 0, 0, 0, 0, 0, 0]	pl	"Centralną część parku tworzy Wilpena Pound gigantyczny ""amfiteatr"" o powierzchni 80 kilometrów kwadratowych."
['Po', 'ukończeniu', 'studiów', 'wrócił', 'do', 'Arkansas', 'i', 'pracował', 'jako', 'profesor', 'prawa', 'na', 'uniwersytecie', 'w', 'stolicy', 'stanu', ',', 'Little', 'Rock', '.']	[0, 0, 0, 0, 0, 5, 0, 0, 0, 0, 0, 0, 0, 0, 0, 0, 0, 5, 6, 0]	pl	Po ukończeniu studiów wrócił do Arkansas i pracował jako profesor prawa na uniwersytecie w stolicy stanu, Little Rock.
['(', 'obecnie', 'Time', 'Warner', ')', 'za', '28', 'milionów', 'dolarów', '.']	[0, 0, 3, 4, 0, 0, 0, 0, 0, 0]	pl	(obecnie Time Warner) za 28 milionów dolarów.
['Jego', 'brat', 'August', 'Mommsen', ',', 'wnuk', 'Wilhelm', 'Mommsen', 'oraz', 'prawnukowie', ',', 'Hans', 'i', 'Wolfgang', ',', 'zgodnie', 'z', 'tradycją', 'rodzinną', ',', 'również', 'zostali', 'historykami', '.']	[0, 0, 1, 2, 0, 0, 1, 2, 0, 0, 0, 1, 0, 1, 0, 0, 0, 0, 0, 0, 0, 0, 0, 0]	pl	Jego brat August Mommsen, wnuk Wilhelm Mommsen oraz prawnukowie, Hans i Wolfgang, zgodnie z tradycją rodzinną, również zostali historykami.
['Pierwsze', 'mistrzostwa', 'świata', 'w', 'snookerze', 'zakończyły', 'się', 'w', 'roku', '1927', ';', 'zwyciężył', 'w', 'nich', 'Joe', 'Davis', '.']	[0, 0, 0, 0, 0, 0, 0, 0, 0, 0, 0, 0, 0, 0, 1, 2, 0]	pl	Pierwsze mistrzostwa świata w snookerze zakończyły się w roku 1927; zwyciężył w nich Joe Davis.
['28', 'maja', 'wielka', 'woda', 'na', 'Odrze', 'przekroczyła', 'granicę', 'województwa', ',', 'podtapiając', 'dwie', 'wsie', 'Chlewice', 'i', 'Kaleńsko', '.']	[0, 0, 0, 0, 0, 5, 0, 0, 0, 0, 0, 0, 0, 5, 0, 5, 0]	pl	28 maja wielka woda na Odrze przekroczyła granicę województwa, podtapiając dwie wsie Chlewice i Kaleńsko.
"['""', 'Casefabre', '""', '–', 'miejscowość', 'i', 'gmina', 'we', 'Francji', ',', 'w', 'regionie', 'Oksytania', ',', 'w', 'departamencie', 'Pireneje', 'Wschodnie', '.']"	[0, 0, 0, 0, 0, 0, 0, 0, 5, 0, 0, 0, 5, 0, 0, 0, 5, 6, 0]	pl	"""Casefabre"" – miejscowość i gmina we Francji, w regionie Oksytania, w departamencie Pireneje Wschodnie."
['Przez', 'wieś', 'biegnie', 'także', 'zielony', 'szlak', 'pieszy', 'Kock', '–', 'Zwoleń', '(', 'dł', '.']	[0, 0, 0, 0, 0, 0, 0, 5, 0, 5, 0, 0, 0]	pl	Przez wieś biegnie także zielony szlak pieszy Kock – Zwoleń (dł.
['Stanisław', 'Mendelson', 'i', 'jego', 'żona', '.']	[1, 2, 0, 0, 0, 0]	pl	Stanisław Mendelson i jego żona.
['Producentem', 'filmu', 'był', 'Jerry', 'Bruckheimer', '.']	[0, 0, 0, 1, 2, 0]	pl	Producentem filmu był Jerry Bruckheimer.
['W', 'języku', 'tym', 'tworzył', 'Joanot', 'Martorell', '.']	[0, 0, 0, 0, 1, 2, 0]	pl	W języku tym tworzył Joanot Martorell.
['W', 'katedrze', 'pochowany', 'jest', 'm.in.', 'cesarz', 'Fryderyk', 'II', 'Hohenstauf', '.']	[0, 0, 0, 0, 0, 0, 1, 2, 2, 0]	pl	W katedrze pochowany jest m.in. cesarz Fryderyk II Hohenstauf.
['Niektórzy', 'piłkarze', '(', 'np.', 'Danieł', 'Borimirow', ')', 'twierdzili', 'nawet', ',', 'że', 'aby', 'zagrać', 'w', 'kadrze', ',', 'trzeba', 'dać', 'sekretarzowi', 'Wucowowi', 'łapówkę', '.']	[0, 0, 0, 0, 1, 2, 0, 0, 0, 0, 0, 0, 0, 0, 0, 0, 0, 0, 0, 0, 0, 0]	pl	Niektórzy piłkarze (np. Danieł Borimirow) twierdzili nawet, że aby zagrać w kadrze, trzeba dać sekretarzowi Wucowowi łapówkę.
['Stolicą', 'stanu', 'jest', 'miasto', 'Kuching', 'położone', 'w', 'zachodniej', 'części', '.']	[0, 0, 0, 0, 5, 0, 0, 0, 0, 0]	pl	Stolicą stanu jest miasto Kuching położone w zachodniej części.
"['""', 'Montreuil-sur-Maine', '""', '–', 'miejscowość', 'i', 'gmina', 'we', 'Francji', ',', 'w', 'regionie', 'Kraj', 'Loary', ',', 'w', 'departamencie', 'Maine', 'i', 'Loara', '.']"	[0, 0, 0, 0, 0, 0, 0, 0, 5, 0, 0, 0, 5, 6, 0, 0, 0, 5, 6, 6, 0]	pl	"""Montreuil-sur-Maine"" – miejscowość i gmina we Francji, w regionie Kraj Loary, w departamencie Maine i Loara."
"['Najważniejszym', 'pośród', 'późniejszych', 'źródeł', 'jest', '""', 'Złota', 'legenda', '""', ',', 'której', 'najbardziej', 'znane', 'fragmenty', 'przetłumaczył', 'na', 'angielski', 'w', 'XV', 'wieku', 'William', 'Caxton', '.']"	[0, 0, 0, 0, 0, 0, 7, 8, 0, 0, 0, 0, 0, 0, 0, 0, 0, 0, 0, 0, 1, 2, 0]	pl	"Najważniejszym pośród późniejszych źródeł jest ""Złota legenda"", której najbardziej znane fragmenty przetłumaczył na angielski w XV wieku William Caxton."
['Autor', 'mówi', 'o', '„', 'podwójnym', 'wydarzeniu', 'w', 'tym', 'czasie', '”', ',', 'co', 'można', 'interpretować', 'jako', 'aluzję', 'do', 'zabójstw', 'Elizabeth', 'Stride', 'i', 'Catharine', 'Eddowes', ',', 'dokonanych', 'tej', 'samej', 'nocy', '.']	[0, 0, 0, 0, 0, 0, 0, 0, 0, 0, 0, 0, 0, 0, 0, 0, 0, 0, 1, 2, 0, 1, 2, 0, 0, 0, 0, 0, 0]	pl	Autor mówi o „podwójnym wydarzeniu w tym czasie ”, co można interpretować jako aluzję do zabójstw Elizabeth Stride i Catharine Eddowes, dokonanych tej samej nocy.
['Jedna', 'z', 'tego', 'rodzaju', 'hipotez', 'głosi', ',', 'że', 'siły', 'obu', 'stron', 'były', 'zapewne', 'wyrównane', '(', 'nie', 'przekraczały', 'paru', 'tysięcy', ')', ',', 'aczkolwiek', 'Hodo', 'miał', 'zapewne', 'więcej', 'ciężkiej', 'konnicy', '.']	[0, 0, 0, 0, 0, 0, 0, 0, 0, 0, 0, 0, 0, 0, 0, 0, 0, 0, 0, 0, 0, 0, 1, 0, 0, 0, 0, 0, 0]	pl	Jedna z tego rodzaju hipotez głosi, że siły obu stron były zapewne wyrównane (nie przekraczały paru tysięcy), aczkolwiek Hodo miał zapewne więcej ciężkiej konnicy.
['Rekordzistą', 'w', 'liczbie', 'wygranych', 'zawodów', 'tej', 'rangi', 'w', 'grze', 'pojedynczej', 'jest', 'Roger', 'Federer', ',', 'który', 'triumfował', 'sześciokrotnie', '.']	[0, 0, 0, 0, 0, 0, 0, 0, 0, 0, 0, 1, 2, 0, 0, 0, 0, 0]	pl	Rekordzistą w liczbie wygranych zawodów tej rangi w grze pojedynczej jest Roger Federer, który triumfował sześciokrotnie.
['W', 'rozgrywkach', 'NBA', 'zadebiutował', '1', 'marca', '2008', 'przeciwko', 'New', 'York', 'Knicks', '(', '118', ':', '92', ')', ',', 'przebywając', 'na', 'boisku', 'przez', '2', 'minuty', 'i', '21', 'sekund', ',', 'zdobywając', '2', 'punkty', ',', 'zaliczając', 'zbiórkę', 'i', 'faul', '.']	[0, 0, 3, 0, 0, 0, 0, 0, 3, 4, 4, 0, 0, 0, 0, 0, 0, 0, 0, 0, 0, 0, 0, 0, 0, 0, 0, 0, 0, 0, 0, 0, 0, 0, 0, 0]	pl	W rozgrywkach NBA zadebiutował 1 marca 2008 przeciwko New York Knicks (118: 92), przebywając na boisku przez 2 minuty i 21 sekund, zdobywając 2 punkty, zaliczając zbiórkę i faul.
['4', 'października', '1939', 'został', 'aresztowany', 'przez', 'NKWD', '.']	[0, 0, 0, 0, 0, 0, 3, 0]	pl	4 października 1939 został aresztowany przez NKWD.
['1', 'lipca', '2018', 'roku', 'zostanie', 'zawodnikiem', 'AC', 'Horsens', '.']	[0, 0, 0, 0, 0, 0, 3, 4, 0]	pl	1 lipca 2018 roku zostanie zawodnikiem AC Horsens.
['Teledysk', 'do', 'utworu', 'został', 'nakręcony', 'w', 'październiku', '2012', 'roku', ',', 'a', 'jego', 'reżyserią', 'zajął', 'się', 'Ray', 'Kay', '.']	[0, 0, 0, 0, 0, 0, 0, 0, 0, 0, 0, 0, 0, 0, 0, 1, 2, 0]	pl	Teledysk do utworu został nakręcony w październiku 2012 roku, a jego reżyserią zajął się Ray Kay.
['W', '1979', 'roku', ',', 'po', 'śmierci', 'Park', 'Chung-hee', ',', 'podjął', 'próbę', 'zorganizowania', 'wielkiego', 'wiecu', 'proreformatorskiego', ',', 'za', 'co', 'został', 'ponownie', 'skazany', 'na', 'karę', 'pozbawienia', 'wolności', 'w', 'zawieszeniu', '.']	[0, 0, 0, 0, 0, 0, 1, 2, 0, 0, 0, 0, 0, 0, 0, 0, 0, 0, 0, 0, 0, 0, 0, 0, 0, 0, 0, 0]	pl	W 1979 roku, po śmierci Park Chung-hee, podjął próbę zorganizowania wielkiego wiecu proreformatorskiego, za co został ponownie skazany na karę pozbawienia wolności w zawieszeniu.
"['""', 'Język', 'perski', '""', ',', '""', 'nowoperski', '""', '(', 'pers.', '""', 'فارسی', '""', '""', 'fārsī', '""', ')', '–', 'język', 'z', 'grupy', 'irańskiej', 'języków', 'indoeuropejskich', ',', 'którym', 'posługuje', 'się', 'ponad', '50', 'mln', 'mówiących', ',', 'zamieszkujących', 'głównie', 'Iran', '(', '40', 'mln', ')', ',', 'Afganistan', '(', '7', 'mln', ')', 'i', 'Irak', '(', '200', 'tys', '.', ')', '.']"	[0, 0, 0, 0, 0, 0, 0, 0, 0, 0, 0, 0, 0, 0, 0, 0, 0, 0, 0, 0, 0, 0, 0, 0, 0, 0, 0, 0, 0, 0, 0, 0, 0, 0, 0, 5, 0, 0, 0, 0, 0, 5, 0, 0, 0, 0, 0, 5, 0, 0, 0, 0, 0, 0]	pl	"""Język perski"", ""nowoperski"" (pers. ""فارسی"" ""fārsī"") – język z grupy irańskiej języków indoeuropejskich, którym posługuje się ponad 50 mln mówiących, zamieszkujących głównie Iran (40 mln), Afganistan (7 mln) i Irak (200 tys.)."
['Potem', 'w', 'sezonie', '1984', '/', '85', 'grał', 'w', 'Vålerenga', 'Fotball', ',', 'gdzie', 'w', '22', 'meczach', 'zdobył', '23', 'bramki', '.']	[0, 0, 0, 0, 0, 0, 0, 0, 3, 4, 0, 0, 0, 0, 0, 0, 0, 0, 0]	pl	Potem w sezonie 1984 / 85 grał w Vålerenga Fotball, gdzie w 22 meczach zdobył 23 bramki.
['Został', 'członkiem', 'The', 'Explorers', 'Club', '.']	[0, 0, 3, 4, 4, 0]	pl	Został członkiem The Explorers Club.
['Według', 'danych', 'oficjalnych', 'pochodzących', 'z', '2010', 'roku', 'Honduras', 'posiadał', 'ponad', '40', 'miast', 'o', 'ludności', 'przekraczającej', '2', 'tys', '.']	[0, 0, 0, 0, 0, 0, 0, 5, 0, 0, 0, 0, 0, 0, 0, 0, 0, 0]	pl	Według danych oficjalnych pochodzących z 2010 roku Honduras posiadał ponad 40 miast o ludności przekraczającej 2 tys.
['Nazwa', 'planetoidy', 'pochodzi', 'od', 'Nike', ',', 'bogini', 'zwycięstwa', 'w', 'mitologii', 'greckiej', 'a', 'także', 'miasta', 'Nicea', 'gdzie', 'została', 'odkryta', '.']	[0, 0, 0, 0, 1, 0, 0, 0, 0, 0, 0, 0, 0, 0, 5, 0, 0, 0, 0]	pl	Nazwa planetoidy pochodzi od Nike, bogini zwycięstwa w mitologii greckiej a także miasta Nicea gdzie została odkryta.
['Podczas', 'tej', 'sesji', 'nagrano', 'także', '„', 'Down', 'Along', 'the', 'Cove', '”', ',', '„', 'The', 'Wicked', 'Messenger', '”', 'i', '„', 'Dear', 'Landlord', '”', '.']	[0, 0, 0, 0, 0, 0, 7, 8, 8, 8, 0, 0, 0, 7, 8, 8, 0, 0, 0, 7, 8, 0, 0]	pl	Podczas tej sesji nagrano także „Down Along the Cove ”,„ The Wicked Messenger ” i „Dear Landlord ”.
"['""', 'Ghjucatoghju', '""', ')', '–', 'miejscowość', 'i', 'gmina', 'we', 'Francji', ',', 'w', 'regionie', 'Korsyka', ',', 'w', 'departamencie', 'Górna', 'Korsyka', '.']"	[0, 0, 0, 0, 0, 0, 0, 0, 0, 5, 0, 0, 0, 5, 0, 0, 0, 5, 6, 0]	pl	"""Ghjucatoghju"") – miejscowość i gmina we Francji, w regionie Korsyka, w departamencie Górna Korsyka."
['Pod', 'względem', 'zaludnienia', 'Vimmerby', 'jest', '140', '.']	[0, 0, 0, 5, 0, 0, 0]	pl	Pod względem zaludnienia Vimmerby jest 140.
['W', 'następnym', 'roku', 'ponownie', 'wyjechał', 'do', 'Białorusi', ',', 'gdzie', 'grał', 'w', 'FK', 'Mińsk', '.']	[0, 0, 0, 0, 0, 0, 5, 0, 0, 0, 0, 3, 4, 0]	pl	W następnym roku ponownie wyjechał do Białorusi, gdzie grał w FK Mińsk.
['rundzie', 'z', 'parą', 'szwedzko-austriacką', 'Simon', 'Aspelin', '/', 'Julian', 'Knowle', '2:6', ',', '2:6', '.']	[0, 0, 0, 0, 1, 2, 0, 1, 2, 0, 0, 0, 0]	pl	rundzie z parą szwedzko-austriacką Simon Aspelin / Julian Knowle 2:6, 2:6.
['W', 'nowych', 'rozgrywkach', 'zadebiutował', 'dopiero', '8', 'grudnia', '2009', 'w', 'meczu', 'z', 'Milwaukee', 'Bucks', '.']	[0, 0, 0, 0, 0, 0, 0, 0, 0, 0, 0, 3, 4, 0]	pl	W nowych rozgrywkach zadebiutował dopiero 8 grudnia 2009 w meczu z Milwaukee Bucks.
['21', 'stycznia', '2009', 'roku', 'Benedykt', 'XVI', 'zdjął', 'oficjalnie', 'ekskomunikę', 'z', 'czterech', 'biskupów', 'wyświęconych', 'przez', 'arcybiskupa', 'Marcela', 'Lefebvre', '’', 'a', '(', 'Przełożonego', 'Generalnego', 'FSSPX', 'Bernarda', 'Fellaya', 'oraz', 'Alfonso', 'de', 'Gallarety', ',', 'Bernarda', 'Tissier', 'de', 'Mallerais', 'i', 'Richarda', 'Williamsona', ')', '.']	[0, 0, 0, 0, 1, 2, 0, 0, 0, 0, 0, 0, 0, 0, 0, 1, 2, 0, 0, 0, 1, 2, 4, 2, 2, 0, 1, 2, 2, 0, 1, 2, 2, 2, 0, 1, 2, 0, 0]	pl	21 stycznia 2009 roku Benedykt XVI zdjął oficjalnie ekskomunikę z czterech biskupów wyświęconych przez arcybiskupa Marcela Lefebvre ’ a (Przełożonego Generalnego FSSPX Bernarda Fellaya oraz Alfonso de Gallarety, Bernarda Tissier de Mallerais i Richarda Williamsona).
['Od', '1910', 'roku', 'reprezentuje', 'Chile', 'w', 'międzynarodowych', 'rozgrywkach', 'piłkarskich', '.']	[0, 0, 0, 0, 5, 0, 0, 0, 0, 0]	pl	Od 1910 roku reprezentuje Chile w międzynarodowych rozgrywkach piłkarskich.
['Karierę', 'rozpoczynał', 'reprezentując', 'prowincję', 'KwaZulu-Natal', '.']	[0, 0, 0, 0, 5, 0]	pl	Karierę rozpoczynał reprezentując prowincję KwaZulu-Natal.
['Twierdza', 'Klis', 'przez', 'wieki', 'stanowiła', 'najważniejszą', 'fortecę', 'w', 'rejonie', 'dzisiejszej', 'Chorwacji', '.']	[5, 6, 0, 0, 0, 0, 0, 0, 0, 0, 5, 0]	pl	Twierdza Klis przez wieki stanowiła najważniejszą fortecę w rejonie dzisiejszej Chorwacji.
"['Według', 'danych', 'na', 'rok', '1990', 'gminę', 'zamieszkiwało', '70', 'osób', ',', 'a', 'gęstość', 'zaludnienia', 'wynosiła', '12', '""', 'osób', '/', 'km', '²', '(', 'wśród', '1786', 'gmin', 'Franche-Comté', 'Lambrey', 'plasuje', 'się', 'na', '673', '.']"	[0, 0, 0, 0, 0, 0, 0, 0, 0, 0, 0, 0, 0, 0, 0, 0, 0, 0, 0, 0, 0, 0, 0, 0, 5, 0, 0, 0, 0, 0, 0]	pl	"Według danych na rok 1990 gminę zamieszkiwało 70 osób, a gęstość zaludnienia wynosiła 12 ""osób / km ² (wśród 1786 gmin Franche-Comté Lambrey plasuje się na 673."
['Jego', 'bratem', 'był', 'Hannibalian', '.']	[0, 0, 0, 1, 0]	pl	Jego bratem był Hannibalian.
['7', 'lipca', '2016', 'podpisał', '4-letni', 'kontrakt', ',', 'wart', '29', 'milion', 'dolarów', 'z', 'Orlando', 'Magic', '.']	[0, 0, 0, 0, 0, 0, 0, 0, 0, 0, 0, 0, 3, 4, 0]	pl	7 lipca 2016 podpisał 4-letni kontrakt, wart 29 milion dolarów z Orlando Magic.
['W', 'drugiej', 'połowie', 'XV', 'wieku', ',', 'Warszawa', 'stopniowo', 'powiększała', 'swoją', 'przewagę', 'wśród', 'miast', 'mazowieckich', '.']	[0, 0, 0, 0, 0, 0, 5, 0, 0, 0, 0, 0, 0, 0, 0]	pl	W drugiej połowie XV wieku, Warszawa stopniowo powiększała swoją przewagę wśród miast mazowieckich.
['22', 'lipca', '1990', 'w', 'Cuernavaca', ')', '–', 'pisarz', 'argentyński', ',', 'scenarzysta', ',', 'autor', 'powieści', 'i', 'sztuk', 'teatralnych', '.']	[0, 0, 0, 0, 5, 0, 0, 0, 0, 0, 0, 0, 0, 0, 0, 0, 0, 0]	pl	22 lipca 1990 w Cuernavaca) – pisarz argentyński, scenarzysta, autor powieści i sztuk teatralnych.
['W', 'grze', 'podwójnej', 'występował', 'przede', 'wszystkim', 'w', 'parze', 'z', 'Lee', 'Yong-dae', '.']	[0, 0, 0, 0, 0, 0, 0, 0, 0, 1, 2, 0]	pl	W grze podwójnej występował przede wszystkim w parze z Lee Yong-dae.
['pojawił', 'się', 'na', 'dworze', 'księcia', 'Lotaryngii', 'w', 'Nancy', 'na', 'ślub', 'z', 'Izabelą', 'natychmiast', 'przypadł', 'do', 'gustu', 'miejscowym', 'damom', '.']	[0, 0, 0, 0, 0, 5, 0, 5, 0, 0, 0, 1, 0, 0, 0, 0, 0, 0, 0]	pl	pojawił się na dworze księcia Lotaryngii w Nancy na ślub z Izabelą natychmiast przypadł do gustu miejscowym damom.
"['Zespół', 'ma', 'jednak', 'dwóch', 'gitarzystów', ',', 'co', 'uniemożliwiało', 'występowanie', 'bez', 'zmian', 'personalnych', 'w', 'składzie', 'grupy', ',', 'nawet', 'podczas', 'nagrywania', 'albumu', '""', 'Reroute', 'to', 'Remain', '""', 'nowy', 'materiał', 'rejestrowano', 'uwzględniając', 'możliwość', 'jego', 'odegrania', '""', 'na', 'żywo', '""', '.']"	[0, 0, 0, 0, 0, 0, 0, 0, 0, 0, 0, 0, 0, 0, 0, 0, 0, 0, 0, 0, 0, 7, 8, 8, 0, 0, 0, 0, 0, 0, 0, 0, 0, 0, 0, 0, 0]	pl	"Zespół ma jednak dwóch gitarzystów, co uniemożliwiało występowanie bez zmian personalnych w składzie grupy, nawet podczas nagrywania albumu ""Reroute to Remain"" nowy materiał rejestrowano uwzględniając możliwość jego odegrania ""na żywo""."
['Pierwszą', 'opracowaną', 'przez', 'przedsiębiorstwo', 'rakietą', 'była', 'Falcon', '1', ',', 'wystrzelona', 'po', 'raz', 'pierwszy', '24', 'marca', '2006', 'roku', '.']	[0, 0, 0, 0, 0, 0, 7, 8, 0, 0, 0, 0, 0, 0, 0, 0, 0, 0]	pl	Pierwszą opracowaną przez przedsiębiorstwo rakietą była Falcon 1, wystrzelona po raz pierwszy 24 marca 2006 roku.
['Pierwszy', 'trener', 'Wołodymyr', 'Stryżewski', '.']	[0, 0, 1, 2, 0]	pl	Pierwszy trener Wołodymyr Stryżewski.
['Jak', 'zauważył', 'Roman', 'Ingarden', 'sama', 'zasada', 'sensowności', 'jest', 'nieweryfikowalna', ',', 'czyli', 'bezsensowna', 'według', 'ich', 'własnego', 'kryterium', '.']	[0, 0, 1, 2, 0, 0, 0, 0, 0, 0, 0, 0, 0, 0, 0, 0, 0]	pl	Jak zauważył Roman Ingarden sama zasada sensowności jest nieweryfikowalna, czyli bezsensowna według ich własnego kryterium.
['30', 'kwietnia', '1988', 'roku', 'w', 'Santanderze', ')', '–', 'hiszpański', 'piłkarz', ',', 'który', 'gra', 'jako', 'bramkarz', 'w', 'Rayo', 'Vallecano', '.']	[0, 0, 0, 0, 0, 5, 0, 0, 0, 0, 0, 0, 0, 0, 0, 0, 3, 4, 0]	pl	30 kwietnia 1988 roku w Santanderze) – hiszpański piłkarz, który gra jako bramkarz w Rayo Vallecano.
['W', 'celu', 'edycji', 'dokumentów', 'niezbędna', 'jest', 'subskrypcja', 'Office', '365', '.']	[0, 0, 0, 0, 0, 0, 0, 7, 8, 0]	pl	W celu edycji dokumentów niezbędna jest subskrypcja Office 365.
"['Jest', 'środkową', 'częścią', '""', 'Trylogii', 'ciągu', '""', 'zawierającej', 'również', 'książki', '""', 'Neuromancer', '""', 'i', '""', 'Mona', 'Liza', 'Turbo', '""', ',', 'i', 'tworzy', 'wraz', 'z', 'nimi', 'sztandarowy', 'przykład', 'podgatunku', 'cyberpunk', '.']"	[0, 0, 0, 0, 0, 0, 0, 0, 0, 0, 0, 7, 0, 0, 0, 7, 8, 8, 0, 0, 0, 0, 0, 0, 0, 0, 0, 0, 0, 0]	pl	"Jest środkową częścią ""Trylogii ciągu"" zawierającej również książki ""Neuromancer"" i ""Mona Liza Turbo"", i tworzy wraz z nimi sztandarowy przykład podgatunku cyberpunk."
['Naukowcy', 'uważają', ',', 'że', 'Wielka', 'Rafa', 'Koralowa', 'najpewniej', 'już', 'nigdy', 'nie', 'wróci', 'do', 'stanu', 'sprzed', 'tego', 'blaknięcia', '.']	[0, 0, 0, 0, 5, 6, 6, 0, 0, 0, 0, 0, 0, 0, 0, 0, 0, 0]	pl	Naukowcy uważają, że Wielka Rafa Koralowa najpewniej już nigdy nie wróci do stanu sprzed tego blaknięcia.
['Urodził', 'się', 'w', 'Lonoke', 'w', 'stanie', 'Arkansas', '.']	[0, 0, 0, 5, 0, 0, 5, 0]	pl	Urodził się w Lonoke w stanie Arkansas.
['Dorastał', 'w', 'Danville', 'w', 'Illinois', '.']	[0, 0, 5, 0, 5, 0]	pl	Dorastał w Danville w Illinois.
"['14', 'czerwca', '2011', 'miała', 'miejsce', 'premiera', 'drugiego', 'studyjnego', 'albumu', 'wokalistki', 'zatytułowanego', '""', 'Dream', 'with', 'Me', '""', '.']"	[0, 0, 0, 0, 0, 0, 0, 0, 0, 0, 0, 0, 7, 8, 8, 0, 0]	pl	"14 czerwca 2011 miała miejsce premiera drugiego studyjnego albumu wokalistki zatytułowanego ""Dream with Me""."
['Dwór', 'królewski', 'rezydował', 'w', 'Rio', 'de', 'Janeiro', ',', 'w', 'Lizbonie', 'w', 'imieniu', 'rodziny', 'królewskiej', 'władzę', 'sprawowała', 'rada', 'regencyjna', '.']	[0, 0, 0, 0, 5, 6, 6, 0, 0, 5, 0, 0, 0, 0, 0, 0, 0, 0, 0]	pl	Dwór królewski rezydował w Rio de Janeiro, w Lizbonie w imieniu rodziny królewskiej władzę sprawowała rada regencyjna.
['W', 'klubie', 'tym', 'swój', 'debiut', 'zaliczył', '18', 'lipca', '2015', 'w', 'zremisowanym', '1:1', 'wyjazdowym', 'spotkaniu', 'z', 'Örebro', 'SK', '.']	[0, 0, 0, 0, 0, 0, 0, 0, 0, 0, 0, 0, 0, 0, 0, 3, 4, 0]	pl	W klubie tym swój debiut zaliczył 18 lipca 2015 w zremisowanym 1:1 wyjazdowym spotkaniu z Örebro SK.
"['Według', 'danych', 'na', 'rok', '1990', 'gminę', 'zamieszkiwało', '130', 'osób', ',', 'a', 'gęstość', 'zaludnienia', 'wynosiła', '41', '""', 'osób', '/', 'km', '²', '(', 'wśród', '1549', 'gmin', 'regionu', 'Nord-Pas-de-Calais', 'Vélu', 'plasuje', 'się', 'na', '1073', '.']"	[0, 0, 0, 0, 0, 0, 0, 0, 0, 0, 0, 0, 0, 0, 0, 0, 0, 0, 0, 0, 0, 0, 0, 0, 0, 5, 0, 0, 0, 0, 0, 0]	pl	"Według danych na rok 1990 gminę zamieszkiwało 130 osób, a gęstość zaludnienia wynosiła 41 ""osób / km ² (wśród 1549 gmin regionu Nord-Pas-de-Calais Vélu plasuje się na 1073."
['W', 'głównych', 'rolach', 'wystąpili', 'Jeremy', 'Irons', 'i', 'Robert', 'De', 'Niro', '.']	[0, 0, 0, 0, 1, 2, 0, 1, 2, 2, 0]	pl	W głównych rolach wystąpili Jeremy Irons i Robert De Niro.
['Zamieszkują', 'głównie', 'Indie', ',', 'Tadżykistan', ',', 'Afganistan', 'i', 'USA', '.']	[0, 0, 5, 0, 5, 0, 5, 0, 5, 0]	pl	Zamieszkują głównie Indie, Tadżykistan, Afganistan i USA.
['W', '2006', 'rozpoczął', 'karierę', 'piłkarską', 'w', 'Ipatinga', 'FC', ',', 'skąd', 'został', 'wypożyczony', 'do', 'Grêmio', 'Porto', 'Alegre', '.']	[0, 0, 0, 0, 0, 0, 3, 4, 0, 0, 0, 0, 0, 3, 4, 4, 0]	pl	W 2006 rozpoczął karierę piłkarską w Ipatinga FC, skąd został wypożyczony do Grêmio Porto Alegre.
['W', 'filmie', 'zagrali', 'również', 'Martin', 'Balsam', 'i', 'Robert', 'Mitchum', ',', 'którzy', 'brali', 'udział', 'w', 'oryginalnej', 'wersji', '.']	[0, 0, 0, 0, 1, 2, 0, 1, 2, 0, 0, 0, 0, 0, 0, 0, 0]	pl	W filmie zagrali również Martin Balsam i Robert Mitchum, którzy brali udział w oryginalnej wersji.
['Album', 'ten', 'całkowicie', 'różni', 'się', 'od', 'albumów', 'zespołu', 'Millencolin', '.']	[0, 0, 0, 0, 0, 0, 0, 0, 3, 0]	pl	Album ten całkowicie różni się od albumów zespołu Millencolin.
['Przez', 'jej', 'obszar', 'przepływa', 'rzeka', 'Odra', '.']	[0, 0, 0, 0, 0, 5, 0]	pl	Przez jej obszar przepływa rzeka Odra.
['Podobnie', 'jak', 'przed', 'rokiem', ',', 'półfinały', 'zostaną', 'rozegrane', 'na', 'terenie', 'krajów', 'startujących', 'w', 'tych', 'półfinałach', '(', 'Polska', 'i', 'Szwecja', ')', 'a', 'baraż', 'i', 'finał', 'na', 'terenie', 'innego', '(', 'Wielka', 'Brytania', ')', '.']	[0, 0, 0, 0, 0, 0, 0, 0, 0, 0, 0, 0, 0, 0, 0, 0, 5, 0, 5, 0, 0, 0, 0, 0, 0, 0, 0, 0, 5, 6, 0, 0]	pl	Podobnie jak przed rokiem, półfinały zostaną rozegrane na terenie krajów startujących w tych półfinałach (Polska i Szwecja) a baraż i finał na terenie innego (Wielka Brytania).
"['Według', 'danych', 'na', 'rok', '1990', 'gminę', 'zamieszkiwało', '1418', 'osób', ',', 'a', 'gęstość', 'zaludnienia', 'wynosiła', '250', '""', 'osób', '/', 'km', '²', '(', 'wśród', '1786', 'gmin', 'Franche-Comté', 'Dasle', 'plasuje', 'się', 'na', '115', '.']"	[0, 0, 0, 0, 0, 0, 0, 0, 0, 0, 0, 0, 0, 0, 0, 0, 0, 0, 0, 0, 0, 0, 0, 0, 5, 0, 0, 0, 0, 0, 0]	pl	"Według danych na rok 1990 gminę zamieszkiwało 1418 osób, a gęstość zaludnienia wynosiła 250 ""osób / km ² (wśród 1786 gmin Franche-Comté Dasle plasuje się na 115."
['W', '2009', 'roku', 'zespół', 'Osbourne', '’', 'a', 'ponownie', 'opuścił', 'gitarzysta', 'Zakk', 'Wylde', '.']	[0, 0, 0, 0, 0, 0, 0, 0, 0, 0, 1, 2, 0]	pl	W 2009 roku zespół Osbourne ’ a ponownie opuścił gitarzysta Zakk Wylde.
['Od', '2009', 'do', '2012', 'prowadził', 'zespół', 'HK', 'Homel', '.']	[0, 0, 0, 0, 0, 0, 3, 4, 0]	pl	Od 2009 do 2012 prowadził zespół HK Homel.
"['""', 'Jotunheimen', 'nasjonalpark', '""', ')', '–', 'park', 'narodowy', 'Norwegii', ',', 'utworzony', 'w', '1980', 'roku', 'na', 'powierzchni', '1151', 'km', '²', '.']"	[0, 5, 0, 0, 0, 0, 0, 0, 5, 0, 0, 0, 0, 0, 0, 0, 0, 0, 0, 0]	pl	"""Jotunheimen nasjonalpark"") – park narodowy Norwegii, utworzony w 1980 roku na powierzchni 1151 km ²."
['Pod', 'wielkim', 'jej', 'wpływem', 'był', 'na', 'przykład', 'Alexander', 'von', 'Humboldt', 'i', 'stanowiła', 'ona', 'inspirację', 'dla', 'wielu', 'etnologów', 'w', 'późniejszych', 'czasach', '.']	[0, 0, 0, 0, 0, 0, 0, 1, 2, 2, 0, 0, 0, 0, 0, 0, 0, 0, 0, 0, 0]	pl	Pod wielkim jej wpływem był na przykład Alexander von Humboldt i stanowiła ona inspirację dla wielu etnologów w późniejszych czasach.
['Pracował', 'również', 'jako', 'muzyk', 'sesyjny', 'w', 'studiach', 'telewizyjnych', 'i', 'filmowych', '(', 'MGM', ')', 'w', 'okolicach', 'Los', 'Angeles', ',', 'czasem', 'pojawiając', 'się', 'i', 'na', 'ekranie', '.']	[0, 0, 0, 0, 0, 0, 0, 0, 0, 0, 0, 3, 0, 0, 0, 5, 6, 0, 0, 0, 0, 0, 0, 0, 0]	pl	Pracował również jako muzyk sesyjny w studiach telewizyjnych i filmowych (MGM) w okolicach Los Angeles, czasem pojawiając się i na ekranie.
"['W', 'tym', 'samym', 'roku', 'zagrała', 'wraz', 'z', 'Jane', 'Russell', 'w', 'musicalu', '""', 'Mężczyźni', 'wolą', 'blondynki', '""', 'w', 'reżyserii', 'Howarda', 'Hawksa', '.']"	[0, 0, 0, 0, 0, 0, 0, 1, 2, 0, 0, 0, 8, 8, 8, 0, 0, 0, 1, 2, 0]	pl	"W tym samym roku zagrała wraz z Jane Russell w musicalu ""Mężczyźni wolą blondynki"" w reżyserii Howarda Hawksa."
"['""', 'Saint-Cyr-en-Pail', '""', '–', 'miejscowość', 'i', 'gmina', 'we', 'Francji', ',', 'w', 'regionie', 'Kraj', 'Loary', ',', 'w', 'departamencie', 'Mayenne', '.']"	[0, 0, 0, 0, 0, 0, 0, 0, 5, 0, 0, 0, 5, 6, 0, 0, 0, 5, 0]	pl	"""Saint-Cyr-en-Pail"" – miejscowość i gmina we Francji, w regionie Kraj Loary, w departamencie Mayenne."
['Występuje', 'w', 'Japonii', '(', 'Hokkaido', ',', 'Honsiu', ',', 'Sikoku', ')', ',', 'wschodnich', 'Chinach', '(', 'Hubei', ',', 'Szantung', ',', 'Jiangsu', ',', 'Anhui', ',', 'Zhejiang', ')', ',', 'północnej', 'i', 'południowej', 'Korei', '.']	[0, 0, 5, 0, 5, 0, 5, 0, 5, 0, 0, 0, 5, 0, 5, 0, 5, 0, 5, 0, 5, 0, 5, 0, 0, 0, 0, 0, 5, 0]	pl	Występuje w Japonii (Hokkaido, Honsiu, Sikoku), wschodnich Chinach (Hubei, Szantung, Jiangsu, Anhui, Zhejiang), północnej i południowej Korei.
['W', 'rolach', 'głównych', 'wystąpili', 'Bruce', 'Willis', ',', 'Ryan', 'Phillippe', 'i', 'raper', '50', 'Cent', '.']	[0, 0, 0, 0, 1, 2, 0, 1, 2, 0, 0, 1, 2, 0]	pl	W rolach głównych wystąpili Bruce Willis, Ryan Phillippe i raper 50 Cent.
['Wieś', 'położona', 'jest', 'w', 'odległości', '6,5', 'km', 'na', 'południowy', 'zachód', 'od', 'granic', 'administracyjnych', 'Legnicy', 'oraz', '4,5', 'km', 'na', 'południowy', 'wschód', 'od', 'Krotoszyc', ',', 'nad', 'rzeką', 'Nysa', 'Szalona', '.']	[0, 0, 0, 0, 0, 0, 0, 0, 0, 0, 0, 0, 0, 5, 0, 0, 0, 0, 0, 0, 0, 5, 0, 0, 0, 5, 6, 0]	pl	Wieś położona jest w odległości 6,5 km na południowy zachód od granic administracyjnych Legnicy oraz 4,5 km na południowy wschód od Krotoszyc, nad rzeką Nysa Szalona.
"['Mimo', 'pozytywnych', 'recenzji', ',', '""', 'Rebel', 'Heart', '""', 'jest', 'najsłabiej', 'sprzedającym', 'się', 'albumem', 'studyjnym', 'w', 'karierze', 'artystki', ',', 'z', 'milionem', 'kupionych', 'egzemplarzy', '.']"	[0, 0, 0, 0, 0, 7, 8, 0, 0, 0, 0, 0, 0, 0, 0, 0, 0, 0, 0, 0, 0, 0, 0]	pl	"Mimo pozytywnych recenzji, ""Rebel Heart"" jest najsłabiej sprzedającym się albumem studyjnym w karierze artystki, z milionem kupionych egzemplarzy."
['Niemcy', ',', 'Polska', ',', 'Czechy', ',', 'Francja', ')', ',', 'Azji', '(', 'm', '.']	[5, 0, 5, 0, 5, 0, 5, 0, 0, 5, 0, 0, 0]	pl	Niemcy, Polska, Czechy, Francja), Azji (m.
['Miasto', 'nie', 'uzyskało', 'dogodnego', 'połączenia', 'komunikacyjnego', 'ze', 'stolicą', ',', 'co', 'powodowało', 'odpływ', 'ludności', 'w', 'pobliże', 'dogodniejszych', 'szlaków', '(', 'np.', 'Marki', 'czy', 'Wołomin', ')', 'lub', 'do', 'samej', 'Warszawy', '.']	[0, 0, 0, 0, 0, 0, 0, 0, 0, 0, 0, 0, 0, 0, 0, 0, 0, 0, 0, 5, 0, 5, 0, 0, 0, 0, 5, 0]	pl	Miasto nie uzyskało dogodnego połączenia komunikacyjnego ze stolicą, co powodowało odpływ ludności w pobliże dogodniejszych szlaków (np. Marki czy Wołomin) lub do samej Warszawy.
['Już', 'w', 'epoce', 'żelaza', 'na', 'terenie', 'tym', 'dochodziło', 'do', 'konfliktów', 'Walijczyków', 'z', 'Rzymianami', ',', 'którzy', 'wznieśli', 'forty', 'w', 'Chester', ',', 'Gloucester', 'i', 'Caerleon', '.']	[0, 0, 0, 0, 0, 0, 0, 0, 0, 0, 5, 0, 7, 0, 0, 0, 0, 0, 5, 0, 5, 0, 5, 0]	pl	Już w epoce żelaza na terenie tym dochodziło do konfliktów Walijczyków z Rzymianami, którzy wznieśli forty w Chester, Gloucester i Caerleon.
['Rolę', 'tytułową', 'gra', 'w', 'nim', 'Kirsten', 'Dunst', ',', 'a', 'w', 'pozostałych', 'rolach', 'm.in.', 'Jason', 'Schwartzman', ',', 'Judy', 'Davis', 'i', 'Rip', 'Torn', '.']	[0, 0, 0, 0, 0, 1, 2, 0, 0, 0, 0, 0, 0, 1, 2, 0, 1, 2, 0, 1, 2, 0]	pl	Rolę tytułową gra w nim Kirsten Dunst, a w pozostałych rolach m.in. Jason Schwartzman, Judy Davis i Rip Torn.
"['""', 'Saint-Étienne-en-Bresse', '""', '–', 'miejscowość', 'i', 'gmina', 'we', 'Francji', ',', 'w', 'regionie', 'Burgundia-Franche-Comté', ',', 'w', 'departamencie', 'Saona', 'i', 'Loara', '.']"	[0, 0, 0, 0, 0, 0, 0, 0, 5, 0, 0, 0, 5, 0, 0, 0, 5, 6, 6, 0]	pl	"""Saint-Étienne-en-Bresse"" – miejscowość i gmina we Francji, w regionie Burgundia-Franche-Comté, w departamencie Saona i Loara."
"['W', 'związku', 'z', 'powyższym', 'Jon', 'Postel', ',', 'jeden', 'z', 'ojców', 'Internetu', ',', 'wystąpił', 'do', 'IANA', 'o', 'przyznanie', 'domeny', '""', '.']"	[0, 0, 0, 0, 1, 2, 0, 0, 0, 0, 7, 0, 0, 0, 0, 0, 0, 0, 0, 0]	pl	"W związku z powyższym Jon Postel, jeden z ojców Internetu, wystąpił do IANA o przyznanie domeny ""."
"['Autor', 'dwutomowego', 'dzieła', '""', 'O', 'demokracji', 'w', 'Ameryce', '""', ',', 'uchodzącego', 'za', 'najbardziej', 'przenikliwą', 'analizę', 'demokratycznego', 'społeczeństwa', 'politycznego', '.']"	[0, 0, 0, 0, 7, 8, 8, 8, 0, 0, 0, 0, 0, 0, 0, 0, 0, 0, 0]	pl	"Autor dwutomowego dzieła ""O demokracji w Ameryce"", uchodzącego za najbardziej przenikliwą analizę demokratycznego społeczeństwa politycznego."
['Luhukay', 'karierę', 'rozpoczynał', 'w', '1979', 'roku', 'w', 'drugoligowym', 'zespole', 'VVV', 'Venlo', '.']	[0, 0, 0, 0, 0, 0, 0, 0, 0, 3, 4, 0]	pl	Luhukay karierę rozpoczynał w 1979 roku w drugoligowym zespole VVV Venlo.
"['W', 'grze', 'zastosowano', 'ten', 'sam', 'system', 'dialogów', ',', 'co', 'w', 'wydanym', 'dwa', 'lata', 'wcześniej', '""', 'Mass', 'Effect', '""', ',', 'zrealizowano', 'go', 'jednak', 'w', 'formie', 'standardowej', 'listy', ',', 'a', 'nie', 'koła', 'dialogowego', '.']"	[0, 0, 0, 0, 0, 0, 0, 0, 0, 0, 0, 0, 0, 0, 0, 7, 8, 0, 0, 0, 0, 0, 0, 0, 0, 0, 0, 0, 0, 0, 0, 0]	pl	"W grze zastosowano ten sam system dialogów, co w wydanym dwa lata wcześniej ""Mass Effect"", zrealizowano go jednak w formie standardowej listy, a nie koła dialogowego."
['28', 'kwietnia', '1863', 'w', 'Camborne', '-', 'zm', '.']	[0, 0, 0, 0, 5, 0, 0, 0]	pl	28 kwietnia 1863 w Camborne - zm.
"['W', '1974', 'roku', 'do', 'kin', 'wszedł', '""', 'Sugarland', 'Express', '""', ',', 'będący', 'jego', 'debiutem', 'na', 'dużym', 'ekranie', '.']"	[0, 0, 0, 0, 0, 0, 0, 7, 8, 0, 0, 0, 0, 0, 0, 0, 0, 0]	pl	"W 1974 roku do kin wszedł ""Sugarland Express"", będący jego debiutem na dużym ekranie."
['Dzieło', 'to', 'wyprzedzało', 'swoją', 'epokę', 'i', 'zaginęło', ',', 'odkrył', 'je', 'ponownie', 'dopiero', 'Eugenio', 'Beltrami', '.']	[0, 0, 0, 0, 0, 0, 0, 0, 0, 0, 0, 0, 1, 2, 0]	pl	Dzieło to wyprzedzało swoją epokę i zaginęło, odkrył je ponownie dopiero Eugenio Beltrami.
['9', 'maja', 'przegrał', '3-osobowy', 'mecz', 'o', 'miano', 'pretendenta', 'do', 'pasu', 'WWE', 'Championship', '.']	[0, 0, 0, 0, 0, 0, 0, 0, 0, 0, 7, 8, 0]	pl	9 maja przegrał 3-osobowy mecz o miano pretendenta do pasu WWE Championship.
['Również', 'północne', 'Filipiny', '.']	[0, 0, 5, 0]	pl	Również północne Filipiny.
['1998', ')', '–', 'powieściopisarka', 'polska', '.']	[7, 0, 0, 0, 0, 0]	pl	1998) – powieściopisarka polska.
['27', 'maja', '1969', 'w', 'Los', 'Angeles', ')', '−', 'amerykański', 'aktor', 'i', 'producent', 'filmowy', '.']	[0, 0, 0, 0, 5, 6, 0, 0, 0, 0, 0, 0, 0, 0]	pl	27 maja 1969 w Los Angeles) − amerykański aktor i producent filmowy.
"['Początkowo', 'serial', 'przedstawia', 'małą', 'grupkę', 'łowców', 'kosmitów', 'znaną', 'jako', '""', 'Torchwood', '3', '""', ',', 'której', 'siedziba', 'znajduje', 'się', 'w', 'Cardiff', '.']"	[0, 0, 0, 0, 0, 0, 0, 0, 0, 0, 0, 0, 0, 0, 0, 0, 0, 0, 0, 5, 0]	pl	"Początkowo serial przedstawia małą grupkę łowców kosmitów znaną jako ""Torchwood 3"", której siedziba znajduje się w Cardiff."
['1896', ')', ',', 'Lembarg', '(', 'ok', '.']	[0, 0, 0, 5, 0, 0, 0]	pl	1896), Lembarg (ok.
"['""', 'Auzouville-sur-Saâne', '""', '–', 'miejscowość', 'i', 'gmina', 'we', 'Francji', ',', 'w', 'regionie', 'Normandia', ',', 'w', 'departamencie', 'Sekwana', 'Nadmorska', '.']"	[0, 0, 0, 0, 0, 0, 0, 0, 5, 0, 0, 0, 5, 0, 0, 0, 5, 6, 0]	pl	"""Auzouville-sur-Saâne"" – miejscowość i gmina we Francji, w regionie Normandia, w departamencie Sekwana Nadmorska."
"['„', 'Pamiętacie', 'film', ',', 'którym', 'chcieliście', ',', 'by', 'były', '""', 'Węże', 'w', 'samolocie', '""', '?']"	[0, 0, 0, 0, 0, 0, 0, 0, 0, 0, 7, 8, 8, 0, 0]	pl	"„Pamiętacie film, którym chcieliście, by były"" Węże w samolocie ""?"
"['""', 'Fontenay-sur-Vègre', '""', '–', 'miejscowość', 'i', 'gmina', 'we', 'Francji', ',', 'w', 'regionie', 'Kraj', 'Loary', ',', 'w', 'departamencie', 'Sarthe', '.']"	[0, 0, 0, 0, 0, 0, 0, 0, 5, 0, 0, 0, 5, 6, 0, 0, 0, 5, 0]	pl	"""Fontenay-sur-Vègre"" – miejscowość i gmina we Francji, w regionie Kraj Loary, w departamencie Sarthe."
['Klimat', 'miasta', ',', 'podobnie', 'jak', 'klimat', 'Miami', ',', 'jest', 'tropikalny', '–', 'przeważnie', 'jest', 'słonecznie', ',', 'czasami', 'występują', 'burze', 'i', 'deszcz', '.']	[0, 0, 0, 0, 0, 0, 5, 0, 0, 0, 0, 0, 0, 0, 0, 0, 0, 0, 0, 0, 0]	pl	Klimat miasta, podobnie jak klimat Miami, jest tropikalny – przeważnie jest słonecznie, czasami występują burze i deszcz.
['Baylor', 'został', 'wybrany', 'w', '1967', 'roku', 'w', 'drugiej', 'rundzie', 'draftu', 'przez', 'Baltimore', 'Orioles', 'i', 'początkowo', 'występował', 'w', 'klubach', 'farmerskich', 'tego', 'zespołu', ',', 'między', 'innymi', 'w', 'Rochester', 'Red', 'Wings', ',', 'reprezentującym', 'poziom', 'Triple-A', '.']	[0, 0, 0, 0, 0, 0, 0, 0, 0, 0, 0, 3, 4, 0, 0, 0, 0, 0, 0, 0, 0, 0, 0, 0, 0, 3, 4, 4, 0, 0, 0, 0, 0]	pl	Baylor został wybrany w 1967 roku w drugiej rundzie draftu przez Baltimore Orioles i początkowo występował w klubach farmerskich tego zespołu, między innymi w Rochester Red Wings, reprezentującym poziom Triple-A.
['Wychowanek', 'miejscowych', 'klubów', 'FK', 'Zemun', ',', 'FK', 'Crvena', 'zvezda', 'i', 'FK', 'Radnički', 'Belgrad', '.']	[0, 0, 0, 3, 4, 0, 3, 4, 4, 0, 3, 4, 4, 0]	pl	Wychowanek miejscowych klubów FK Zemun, FK Crvena zvezda i FK Radnički Belgrad.
['Wtedy', 'też', 'nawiązał', 'znajomość', 'z', 'Shelley', 'Duvall', ',', 'która', 'przerodziła', 'się', 'w', 'dość', 'krótkotrwały', 'romans', '.']	[0, 0, 0, 0, 0, 1, 2, 0, 0, 0, 0, 0, 0, 0, 0, 0]	pl	Wtedy też nawiązał znajomość z Shelley Duvall, która przerodziła się w dość krótkotrwały romans.
['W', 'czerwcu', 'sekretarz', 'obrony', 'Robert', 'Gates', 'przesłał', 'na', 'jego', 'ręce', 'gratulacje', 'z', 'okazji', 'nominacji', '.']	[0, 0, 0, 0, 1, 2, 0, 0, 0, 0, 0, 0, 0, 0, 0]	pl	W czerwcu sekretarz obrony Robert Gates przesłał na jego ręce gratulacje z okazji nominacji.
['W', 'czerwcu', '1980', 'roku', 'zainteresowało', 'się', 'nim', 'AJ', 'Auxerre', ',', 'z', 'którym', 'podpisał', 'kontrakt', '.']	[0, 0, 0, 0, 0, 0, 0, 3, 4, 0, 0, 0, 0, 0, 0]	pl	W czerwcu 1980 roku zainteresowało się nim AJ Auxerre, z którym podpisał kontrakt.
['W', 'chwili', 'wejścia', 'do', 'służby', 'okręty', 'posiadały', 'stosunkowo', 'silne', 'uzbrojenie', 'w', 'postaci', 'jednej', 'podwójnej', 'wyrzutni', 'pocisków', 'przeciwlotniczych', 'średniego', 'zasięgu', 'Masurca', 'i', 'pojedynczej', 'wyrzutni', 'rakietotorped', 'Malafon', ',', 'poza', 'tym', 'uzbrojenie', 'artyleryjskie', 'w', 'postaci', 'dwóch', 'armat', 'uniwersalnych', '100', 'mm', 'i', 'dwóch', 'działek', '30', 'mm', '.']	[0, 0, 0, 0, 0, 0, 0, 0, 0, 0, 0, 0, 0, 0, 0, 0, 0, 0, 0, 7, 0, 0, 0, 0, 7, 0, 0, 0, 0, 0, 0, 0, 0, 0, 0, 0, 0, 0, 0, 0, 0, 0, 0]	pl	W chwili wejścia do służby okręty posiadały stosunkowo silne uzbrojenie w postaci jednej podwójnej wyrzutni pocisków przeciwlotniczych średniego zasięgu Masurca i pojedynczej wyrzutni rakietotorped Malafon, poza tym uzbrojenie artyleryjskie w postaci dwóch armat uniwersalnych 100 mm i dwóch działek 30 mm.
['Większość', 'istniejących', 'dzisiaj', 'budynków', 'pochodzi', 'z', 'drugiej', 'połowy', 'XIX', 'wieku', ',', 'kiedy', 'władze', 'miejskie', 'rozpoczęły', 'likwidację', 'slumsów', 'i', 'całkowicie', 'przebudowały', 'dzielnicę', '(', 'podobnie', 'jak', 'Josefov', ')', '.']	[0, 0, 0, 0, 0, 0, 0, 0, 0, 0, 0, 0, 0, 0, 0, 0, 0, 0, 0, 0, 0, 0, 0, 0, 5, 0, 0]	pl	Większość istniejących dzisiaj budynków pochodzi z drugiej połowy XIX wieku, kiedy władze miejskie rozpoczęły likwidację slumsów i całkowicie przebudowały dzielnicę (podobnie jak Josefov).
['Wtedy', 'to', 'bowiem', 'przedsiębiorca', 'James', 'Burbage', 'wybudował', 'pod', 'Londynem', 'pierwszy', 'gmach', 'przeznaczony', 'wyłącznie', 'do', 'prezentacji', 'widowisk', 'teatralnych', '.']	[0, 0, 0, 0, 1, 2, 0, 0, 5, 0, 0, 0, 0, 0, 0, 0, 0, 0]	pl	Wtedy to bowiem przedsiębiorca James Burbage wybudował pod Londynem pierwszy gmach przeznaczony wyłącznie do prezentacji widowisk teatralnych.
['5', 'września', '2012', 'przeszedł', 'do', 'FK', 'Chimki', ',', 'w', 'którym', 'w', 'końcu', '2012', 'zakończył', 'karierę', 'piłkarską', '.']	[0, 0, 0, 0, 0, 3, 4, 0, 0, 0, 0, 0, 0, 0, 0, 0, 0]	pl	5 września 2012 przeszedł do FK Chimki, w którym w końcu 2012 zakończył karierę piłkarską.
['Położona', 'na', 'wschód', 'od', 'Chojnowa', 'na', 'trasie', 'drogi', 'krajowej', 'nr', '94', '(', 'odcinek', 'Chojnów', '–', 'Legnica', ')', ',', 'z', 'którym', 'jest', 'prawie', 'połączona', '.']	[0, 0, 0, 0, 5, 0, 0, 0, 0, 0, 0, 0, 0, 5, 0, 5, 0, 0, 0, 0, 0, 0, 0, 0]	pl	Położona na wschód od Chojnowa na trasie drogi krajowej nr 94 (odcinek Chojnów – Legnica), z którym jest prawie połączona.
['Siedzibą', 'gminy', 'została', 'miejscowość', 'Saint-Angeau', '.']	[0, 0, 0, 0, 5, 0]	pl	Siedzibą gminy została miejscowość Saint-Angeau.
['Stadion', 'oferuje', 'również', 'sale', 'konferencyjne', 'z', 'kateringiem', 'zapewnianym', 'przez', 'Compass', 'Group', '.']	[0, 0, 0, 0, 0, 0, 0, 0, 0, 3, 4, 0]	pl	Stadion oferuje również sale konferencyjne z kateringiem zapewnianym przez Compass Group.
['Przeniosła', 'się', 'potem', 'na', 'Manhattan', ',', 'gdzie', 'utrzymywała', 'się', 'pracując', 'm.in.', 'jako', 'barmanka', ',', 'kelnerka', ',', 'garderobiana', '.']	[0, 0, 0, 0, 5, 0, 0, 0, 0, 0, 0, 0, 0, 0, 0, 0, 0, 0]	pl	Przeniosła się potem na Manhattan, gdzie utrzymywała się pracując m.in. jako barmanka, kelnerka, garderobiana.
['”', 'i', '„', 'Komputer', 'Świat', 'Gry', '”', '.']	[0, 0, 0, 7, 8, 8, 0, 0]	pl	” i „Komputer Świat Gry ”.
['Urodził', 'się', 'w', 'stanie', 'Ohio', ',', 'ale', 'wkrótce', 'jego', 'rodzina', 'przeniosła', 'się', 'do', 'Kalifornii', '.']	[0, 0, 0, 0, 5, 0, 0, 0, 0, 0, 0, 0, 0, 5, 0]	pl	Urodził się w stanie Ohio, ale wkrótce jego rodzina przeniosła się do Kalifornii.
['Zawodnik', 'klubu', 'Umm-Salal', 'SC', '.']	[0, 0, 3, 4, 0]	pl	Zawodnik klubu Umm-Salal SC.
"['Nakręcony', 'do', 'niego', 'wideoklip', 'inspirowany', 'był', 'dramatem', '""', 'Romeo', 'i', 'Julia', '""', '.']"	[0, 0, 0, 0, 0, 0, 0, 0, 7, 8, 8, 0, 0]	pl	"Nakręcony do niego wideoklip inspirowany był dramatem ""Romeo i Julia""."
"['""', 'Azay-le-Brûlé', '""', '–', 'miejscowość', 'i', 'gmina', 'we', 'Francji', ',', 'w', 'regionie', 'Nowa', 'Akwitania', ',', 'w', 'departamencie', 'Deux-Sèvres', '.']"	[0, 0, 0, 0, 0, 0, 0, 0, 5, 0, 0, 0, 5, 6, 0, 0, 0, 5, 0]	pl	"""Azay-le-Brûlé"" – miejscowość i gmina we Francji, w regionie Nowa Akwitania, w departamencie Deux-Sèvres."
"['Natomiast', 'Olga', 'Tokarczuk', 'łączy', 'warstwę', 'psychologiczną', '""', 'Lalki', '""', 'z', ',', 'powstałą', 'później', 'od', 'powieści', 'Prusa', ',', 'teorią', 'jungowską', '.']"	[0, 1, 2, 0, 0, 0, 0, 0, 0, 0, 0, 0, 0, 0, 0, 1, 0, 0, 0, 0]	pl	"Natomiast Olga Tokarczuk łączy warstwę psychologiczną ""Lalki"" z, powstałą później od powieści Prusa, teorią jungowską."
['26', 'lutego', '1962', 'papież', 'Jan', 'XXIII', 'mianował', 'go', 'biskupem', 'diecezjalnym', 'diecezji', 'tarnowskiej', '.']	[0, 0, 0, 0, 1, 2, 0, 0, 0, 0, 0, 0, 0]	pl	26 lutego 1962 papież Jan XXIII mianował go biskupem diecezjalnym diecezji tarnowskiej.
"['Po', 'ukazaniu', 'się', 'wcześniejszej', 'gry', ',', '""', 'Need', 'for', 'Speed', ':', 'Hot', 'Pursuit', '2', '""', ',', 'zaczęto', 'wysuwać', 'twierdzenia', ',', 'że', 'seria', 'upada', ':', 'z', 'symulatora', 'wyścigów', 'staje', 'się', '„', 'trywialną', 'grą', 'zręcznościową', '”', ',', 'zarzucano', 'jej', 'właśnie', 'zbytnie', 'odbieganie', 'od', 'praw', 'fizyki', '.']"	[0, 0, 0, 0, 0, 0, 0, 7, 8, 8, 8, 8, 8, 8, 0, 0, 0, 0, 0, 0, 0, 0, 0, 0, 0, 0, 0, 0, 0, 0, 0, 0, 0, 0, 0, 0, 0, 0, 0, 0, 0, 0, 0, 0]	pl	"Po ukazaniu się wcześniejszej gry, ""Need for Speed: Hot Pursuit 2"", zaczęto wysuwać twierdzenia, że seria upada: z symulatora wyścigów staje się „trywialną grą zręcznościową ”, zarzucano jej właśnie zbytnie odbieganie od praw fizyki."
['27', 'września', '1988', 'w', 'Zwiesel', ')', '–', 'niemiecki', 'piłkarz', 'występujący', 'na', 'pozycji', 'napastnika', '.']	[0, 0, 0, 0, 5, 0, 0, 0, 0, 0, 0, 0, 0, 0]	pl	27 września 1988 w Zwiesel) – niemiecki piłkarz występujący na pozycji napastnika.
['kolejki', 'Eerste', 'klasse', 'z', 'KV', 'Kortrijk', ',', 'strzelając', 'debiutancką', 'bramkę', 'i', 'zaliczając', 'asystę', '.']	[0, 7, 8, 0, 3, 4, 0, 0, 0, 0, 0, 0, 0, 0]	pl	kolejki Eerste klasse z KV Kortrijk, strzelając debiutancką bramkę i zaliczając asystę.
['W', 'pobliżu', 'znajduje', 'się', 'amerykańska', 'baza', 'lotnicza', 'Aviano', 'Air', 'Base', '.']	[0, 0, 0, 0, 0, 0, 0, 5, 6, 6, 0]	pl	W pobliżu znajduje się amerykańska baza lotnicza Aviano Air Base.
['Modlin', 'miał', 'być', 'zdobyty', 'tym', 'samym', 'sposobem', ',', 'co', 'Cytadela', 'Warszawska', '(', 'sprzymierzeńcy', 'w', 'mundurach', 'mieli', 'otworzyć', 'w', 'nocy', 'wierzeje', 'twierdzy', ',', 'po', 'wcześniejszym', 'aresztowaniu', 'oficerów', 'lojalnych', 'wobec', 'cara', ')', '.']	[0, 0, 0, 0, 0, 0, 0, 0, 0, 5, 6, 0, 0, 0, 0, 0, 0, 0, 0, 0, 0, 0, 0, 0, 0, 0, 0, 0, 0, 0, 0]	pl	Modlin miał być zdobyty tym samym sposobem, co Cytadela Warszawska (sprzymierzeńcy w mundurach mieli otworzyć w nocy wierzeje twierdzy, po wcześniejszym aresztowaniu oficerów lojalnych wobec cara).
['27', 'kwietnia', '2019', 'została', 'asystentką', 'trenerki', 'w', 'Phoenix', 'Mercury', '.']	[0, 0, 0, 0, 0, 0, 0, 3, 4, 0]	pl	27 kwietnia 2019 została asystentką trenerki w Phoenix Mercury.
['Konfucjusz', 'był', 'przeciwny', 'utrzymywaniu', 'porządku', 'przy', 'pomocy', 'siły', 'i', 'rozbudowanego', 'prawa', '.']	[1, 0, 0, 0, 0, 0, 0, 0, 0, 0, 0, 0]	pl	Konfucjusz był przeciwny utrzymywaniu porządku przy pomocy siły i rozbudowanego prawa.
['Przedłużeniem', 'wsi', 'w', 'Czechach', 'jest', 'wieś', 'Horní', 'Hoštice', '.']	[0, 0, 0, 5, 0, 0, 5, 6, 0]	pl	Przedłużeniem wsi w Czechach jest wieś Horní Hoštice.
['Lokalizację', 'typową', 'stanowi', 'Szwecja', '.']	[0, 0, 0, 5, 0]	pl	Lokalizację typową stanowi Szwecja.
['Do', 'rządu', 'weszli', 'm.in.', 'Roman', 'Dmowski', '(', 'objął', 'stanowisko', 'ministra', 'spraw', 'zagranicznych', ')', ',', 'Stanisław', 'Grabski', '(', 'resort', 'oświaty', ')', 'i', 'Wojciech', 'Korfanty', '(', 'minister', 'bez', 'teki', ',', 'wicepremier', ')', '.']	[0, 0, 0, 0, 1, 2, 0, 0, 0, 0, 0, 0, 0, 0, 1, 2, 0, 0, 0, 0, 0, 1, 2, 0, 0, 0, 0, 0, 0, 0, 0]	pl	Do rządu weszli m.in. Roman Dmowski (objął stanowisko ministra spraw zagranicznych), Stanisław Grabski (resort oświaty) i Wojciech Korfanty (minister bez teki, wicepremier).
"['Ich', 'ósmy', 'album', ',', '""', 'The', 'King', 'of', 'Limbs', '""', '(', '2011', ')', 'powstał', 'przy', 'wykorzystaniu', 'elektronicznych', 'pętli', 'i', 'ciężkiego', ',', 'psychodelicznego', 'brzmienia', '.']"	[0, 0, 0, 0, 0, 7, 8, 8, 8, 0, 0, 0, 0, 0, 0, 0, 0, 0, 0, 0, 0, 0, 0, 0]	pl	"Ich ósmy album, ""The King of Limbs"" (2011) powstał przy wykorzystaniu elektronicznych pętli i ciężkiego, psychodelicznego brzmienia."
['Sony', 'wspiera', 'oficjalnie', 'kilka', 'otwartych', 'standardów', 'i', 'udostępnia', 'licencjonowanym', 'twórcom', 'gier', ',', 'programy', 'o', 'nich', 'oparte', '.']	[3, 0, 0, 0, 0, 0, 0, 0, 0, 0, 0, 0, 0, 0, 0, 0, 0]	pl	Sony wspiera oficjalnie kilka otwartych standardów i udostępnia licencjonowanym twórcom gier, programy o nich oparte.
"['""', 'Fontaine-le-Sec', '""', '–', 'miejscowość', 'i', 'gmina', 'we', 'Francji', ',', 'w', 'regionie', 'Hauts-de-France', ',', 'w', 'departamencie', 'Somma', '.']"	[0, 0, 0, 0, 0, 0, 0, 0, 5, 0, 0, 0, 5, 0, 0, 0, 5, 0]	pl	"""Fontaine-le-Sec"" – miejscowość i gmina we Francji, w regionie Hauts-de-France, w departamencie Somma."
['kontroli', 'finansowej', 'klubów', 'UEFA', '.']	[0, 0, 0, 3, 0]	pl	kontroli finansowej klubów UEFA.
"['Według', 'danych', 'na', 'rok', '1990', 'gminę', 'zamieszkiwało', '24', '""', '927', 'osób', ',', 'a', 'gęstość', 'zaludnienia', 'wynosiła', '1525', '""', 'osób', '/', 'km', '²', '(', 'wśród', '1549', 'gmin', 'regionu', 'Nord-Pas-de-Calais', 'Bruay-la-Buissière', 'plasuje', 'się', 'na', '21', '.']"	[0, 0, 0, 0, 0, 0, 0, 0, 0, 0, 0, 0, 0, 0, 0, 0, 0, 0, 0, 0, 0, 0, 0, 0, 0, 0, 0, 5, 0, 0, 0, 0, 0, 0]	pl	"Według danych na rok 1990 gminę zamieszkiwało 24 ""927 osób, a gęstość zaludnienia wynosiła 1525"" osób / km ² (wśród 1549 gmin regionu Nord-Pas-de-Calais Bruay-la-Buissière plasuje się na 21."
['Najczęściej', 'używany', 'jest', 'jako', 'stadion', 'futbolu', 'amerykańskiego', ',', 'a', 'swoje', 'mecze', 'rozgrywa', 'na', 'nim', 'drużyna', 'New', 'England', 'Patriots', '.']	[0, 0, 0, 0, 0, 0, 0, 0, 0, 0, 0, 0, 0, 0, 0, 3, 4, 4, 0]	pl	Najczęściej używany jest jako stadion futbolu amerykańskiego, a swoje mecze rozgrywa na nim drużyna New England Patriots.
['W', 'latach', '1977', '–', '1981', 'był', 'członkiem', 'Seanad', 'Éireann', 'z', 'ramienia', 'środowisk', 'przemysłowych', 'i', 'handlowych', '.']	[0, 0, 0, 0, 0, 0, 0, 3, 4, 0, 0, 0, 0, 0, 0, 0]	pl	W latach 1977 – 1981 był członkiem Seanad Éireann z ramienia środowisk przemysłowych i handlowych.
['2', 'kwietnia', '2013', 'w', 'spotkaniu', 'przeciwko', 'Miami', 'Heat', 'wyrównał', 'rekord', 'kariery', ',', 'zdobywając', '50', 'punktów', '.']	[0, 0, 0, 0, 0, 0, 3, 4, 0, 0, 0, 0, 0, 0, 0, 0]	pl	2 kwietnia 2013 w spotkaniu przeciwko Miami Heat wyrównał rekord kariery, zdobywając 50 punktów.
['Tadeusz', 'Komorowski', '„', 'Bór', '”', ',', 'wysłał', 'ostatnią', 'depeszę', 'radiową', 'do', 'marszałka', 'Rokossowskiego', 'z', 'apelem', 'o', 'udzielenie', 'wsparcia', 'militarnego', ',', 'radiostacja', 'radziecka', 'potwierdziła', 'otrzymanie', 'wiadomości', '–', 'do', '2', 'października', 'żadna', 'odpowiedź', 'w', 'tej', 'sprawie', 'nie', 'nadeszła', '.']	[1, 2, 0, 0, 0, 0, 0, 0, 0, 0, 0, 0, 1, 0, 0, 0, 0, 0, 0, 0, 0, 0, 0, 0, 0, 0, 0, 0, 0, 0, 0, 0, 0, 0, 0, 0, 0]	pl	Tadeusz Komorowski „Bór ”, wysłał ostatnią depeszę radiową do marszałka Rokossowskiego z apelem o udzielenie wsparcia militarnego, radiostacja radziecka potwierdziła otrzymanie wiadomości – do 2 października żadna odpowiedź w tej sprawie nie nadeszła.
['W', 'roli', 'tytułowej', 'występuje', 'aktor', 'indyjski', 'Shah', 'Rukh', 'Khan', '.']	[0, 0, 0, 0, 0, 0, 1, 2, 2, 0]	pl	W roli tytułowej występuje aktor indyjski Shah Rukh Khan.
['26', 'września', '1968', 'w', 'Bankstown', ',', 'zachodniej', 'dzielnicy', 'Sydney', ')', '–', 'australijski', 'żużlowiec', '.']	[0, 0, 0, 0, 5, 0, 0, 0, 5, 0, 0, 0, 0, 0]	pl	26 września 1968 w Bankstown, zachodniej dzielnicy Sydney) – australijski żużlowiec.
['Z', 'uwagi', 'na', 'powyżej', 'przedstawione', 'problemy', '„', 'społeczność', 'uczonych', 'specjalizująca', 'się', 'w', 'studiach', 'osmanistycznych', 'ostatnimi', 'czasy', 'właściwie', 'wyrzuciła', 'takie', 'wyrażenia', 'jak', '«', 'Turcja', '»', ',', '«', 'Turcy', '»', ',', 'i', '«', 'turecki', '»', 'z', 'listy', 'dopuszczalnego', 'słownictwa', ',', 'deklarując', 'jako', 'obowiązujące', 'używanie', 'wyrażenia', '«', 'osmański', '»', 'i', 'jego', 'pochodnych', ',', 'zaś', 'pozwalając', 'na', 'używanie', 'jego', '«', 'tureckiego', '»', 'rywala', 'jedynie', 'w', 'kontekstach', 'językowych', 'i', 'filologicznych', '”', '.']	[0, 0, 0, 0, 0, 0, 0, 0, 0, 0, 0, 0, 0, 0, 0, 0, 0, 0, 0, 0, 0, 0, 5, 0, 0, 0, 5, 0, 0, 0, 0, 0, 0, 0, 0, 0, 0, 0, 0, 0, 0, 0, 0, 0, 0, 0, 0, 0, 0, 0, 0, 0, 0, 0, 0, 0, 0, 0, 0, 0, 0, 0, 0, 0, 0, 0, 0]	pl	Z uwagi na powyżej przedstawione problemy „społeczność uczonych specjalizująca się w studiach osmanistycznych ostatnimi czasy właściwie wyrzuciła takie wyrażenia jak « Turcja », « Turcy », i « turecki » z listy dopuszczalnego słownictwa, deklarując jako obowiązujące używanie wyrażenia « osmański » i jego pochodnych, zaś pozwalając na używanie jego « tureckiego » rywala jedynie w kontekstach językowych i filologicznych ”.
"['""', 'Saint-Martin-la-Méanne', '""', '–', 'miejscowość', 'i', 'gmina', 'we', 'Francji', ',', 'w', 'regionie', 'Nowa', 'Akwitania', ',', 'w', 'departamencie', 'Corrèze', '.']"	[0, 0, 0, 0, 0, 0, 0, 0, 5, 0, 0, 0, 5, 6, 0, 0, 0, 5, 0]	pl	"""Saint-Martin-la-Méanne"" – miejscowość i gmina we Francji, w regionie Nowa Akwitania, w departamencie Corrèze."
['W', 'Murray', 'Park', 'regularnie', 'odbywają', 'się', 'także', 'konferencje', 'prasowe', 'oraz', 'prezentacje', 'nowych', 'zawodników', '.']	[0, 5, 6, 0, 0, 0, 0, 0, 0, 0, 0, 0, 0, 0]	pl	W Murray Park regularnie odbywają się także konferencje prasowe oraz prezentacje nowych zawodników.
['Najwięcej', 'bramek', 'dla', 'klubu', 'strzelił', 'wówczas', 'Engelbert', 'Jarek', '–', '17', 'trafień', '.']	[0, 0, 0, 0, 0, 0, 1, 2, 0, 0, 0, 0]	pl	Najwięcej bramek dla klubu strzelił wówczas Engelbert Jarek – 17 trafień.
['20', 'czerwca', '2014', 'Petro', 'Poroszenko', 'przedstawił', '14', 'kroków', 'politycznych', 'mających', 'na', 'celu', 'znalezienie', 'politycznego', 'rozstrzygnięcia', 'konfliktu', 'ukraińskiego', '.']	[0, 0, 0, 1, 2, 0, 0, 0, 0, 0, 0, 0, 0, 0, 0, 0, 0, 0]	pl	20 czerwca 2014 Petro Poroszenko przedstawił 14 kroków politycznych mających na celu znalezienie politycznego rozstrzygnięcia konfliktu ukraińskiego.
['W', 'rolach', 'głównych', 'Hrithik', 'Roshan', ',', 'Preity', 'Zinta', ',', 'Amitabh', 'Bachchan', ',', 'Om', 'Puri', 'i', 'Boman', 'Irani', '.']	[0, 0, 0, 1, 2, 0, 1, 2, 0, 1, 2, 0, 1, 2, 0, 1, 2, 0]	pl	W rolach głównych Hrithik Roshan, Preity Zinta, Amitabh Bachchan, Om Puri i Boman Irani.
"['""', 'Obóz', 'Garigliano', '""', '–', 'ufortyfikowana', 'baza', 'na', 'wybrzeżu', 'południowych', 'Włoch', ',', 'służąca', 'arabskim', 'piratom', 'do', 'dokonywania', 'łupieskich', 'wypraw', 'na', 'okoliczne', 'ziemie', ',', 'istniejąca', 'na', 'przełomie', 'IX', '/', 'X', 'wieku', '.']"	[0, 0, 5, 0, 0, 0, 0, 0, 0, 0, 5, 0, 0, 0, 0, 0, 0, 0, 0, 0, 0, 0, 0, 0, 0, 0, 0, 0, 0, 0, 0]	pl	"""Obóz Garigliano"" – ufortyfikowana baza na wybrzeżu południowych Włoch, służąca arabskim piratom do dokonywania łupieskich wypraw na okoliczne ziemie, istniejąca na przełomie IX / X wieku."
['W', 'Tampere', ',', 'trzecim', 'co', 'do', 'wielkości', 'fińskim', 'mieście', ',', 'mieści', 'się', 'Muzeum', 'Muminków', '.']	[0, 5, 0, 0, 0, 0, 0, 0, 0, 0, 0, 0, 5, 6, 0]	pl	W Tampere, trzecim co do wielkości fińskim mieście, mieści się Muzeum Muminków.
['Wynika', 'z', 'niej', ',', 'iż', 'w', '918', 'na', 'terenach', 'tych', 'wylądował', 'król', 'norweski', 'Eryk', 'Krwawy', 'Topór', ',', 'który', 'gdzieś', 'nad', 'dolną', 'Dwiną', 'stoczył', 'zwycięską', 'bitwę', '.']	[0, 0, 0, 0, 0, 0, 0, 0, 0, 0, 0, 0, 0, 1, 2, 2, 0, 0, 0, 0, 0, 5, 0, 0, 0, 0]	pl	Wynika z niej, iż w 918 na terenach tych wylądował król norweski Eryk Krwawy Topór, który gdzieś nad dolną Dwiną stoczył zwycięską bitwę.
"['Według', 'danych', 'na', 'rok', '1990', 'gminę', 'zamieszkiwały', '563', 'osoby', ',', 'a', 'gęstość', 'zaludnienia', 'wynosiła', '108', '""', 'osób', '/', 'km', '²', '(', 'wśród', '1287', 'gmin', 'regionu', 'Île-de-France', 'Soindres', 'plasuje', 'się', 'na', '779', '.']"	[0, 0, 0, 0, 0, 0, 0, 0, 0, 0, 0, 0, 0, 0, 0, 0, 0, 0, 0, 0, 0, 0, 0, 0, 0, 5, 0, 0, 0, 0, 0, 0]	pl	"Według danych na rok 1990 gminę zamieszkiwały 563 osoby, a gęstość zaludnienia wynosiła 108 ""osób / km ² (wśród 1287 gmin regionu Île-de-France Soindres plasuje się na 779."
['Przyjmuje', 'się', 'że', 'obie', 'grupy', 'oddzielał', 'od', 'siebie', 'Don', '.']	[0, 0, 0, 0, 0, 0, 0, 0, 5, 0]	pl	Przyjmuje się że obie grupy oddzielał od siebie Don.
"['W', 'łacińskiej', '""', 'Księdze', 'uposażeń', 'biskupstwa', 'wrocławskiego', '""', 'spisanej', 'w', 'latach', '1295', '–', '1305', 'miejscowość', 'wymieniona', 'jest', 'jako', '""', 'Lublin', '""', 'oraz', '""', 'Lublyn', '""', '.']"	[0, 0, 0, 0, 0, 0, 0, 0, 0, 0, 0, 0, 0, 0, 0, 0, 0, 0, 0, 5, 0, 0, 0, 0, 0, 0]	pl	"W łacińskiej ""Księdze uposażeń biskupstwa wrocławskiego"" spisanej w latach 1295 – 1305 miejscowość wymieniona jest jako ""Lublin"" oraz ""Lublyn""."
"['Wspominają', 'o', 'nim', 'bohaterowie', '""', 'Władca', 'Pierścieni', '""', '.']"	[0, 0, 0, 0, 0, 7, 8, 0, 0]	pl	"Wspominają o nim bohaterowie ""Władca Pierścieni""."
['Zastąpił', 'go', 'Iain', 'Duncan', 'Smith', '.']	[0, 0, 1, 2, 2, 0]	pl	Zastąpił go Iain Duncan Smith.
"['""', 'Saint-Léger-en-Yvelines', '""', '–', 'miejscowość', 'i', 'gmina', 'we', 'Francji', ',', 'w', 'regionie', 'Île-de-France', ',', 'w', 'departamencie', 'Yvelines', '.']"	[0, 0, 0, 0, 0, 0, 0, 0, 5, 0, 0, 0, 5, 0, 0, 0, 5, 0]	pl	"""Saint-Léger-en-Yvelines"" – miejscowość i gmina we Francji, w regionie Île-de-France, w departamencie Yvelines."
['W', 'skład', 'rejencji', 'Münster', 'wchodzą', 'trzy', 'miasta', 'na', 'prawach', 'powiatu', 'oraz', 'pięć', 'powiatów', '.']	[0, 0, 0, 5, 0, 0, 0, 0, 0, 0, 0, 0, 0, 0]	pl	W skład rejencji Münster wchodzą trzy miasta na prawach powiatu oraz pięć powiatów.
['Udał', 'się', 'początkowo', 'na', 'wyspę', 'Samos', ',', 'gdzie', 'spędził', 'kilka', 'lat', 'pisząc', 'o', 'jej', 'zabytkach', 'i', 'niedawnej', 'świetności', '(', 'III', ',', '39nn', ')', '.']	[0, 0, 0, 0, 0, 5, 0, 0, 0, 0, 0, 0, 0, 0, 0, 0, 0, 0, 0, 0, 0, 0, 0, 0]	pl	Udał się początkowo na wyspę Samos, gdzie spędził kilka lat pisząc o jej zabytkach i niedawnej świetności (III, 39nn).
['Tradycyjne', 'systemy', 'plików', ',', 'takie', 'jak', 'FAT', ',', 'ext2', 'czy', 'NTFS', ',', 'były', 'projektowane', 'z', 'myślą', 'o', 'dyskach', 'magnetycznych', 'i', 'jako', 'takie', 'wielokrotnie', 'wykonują', 'operacje', 'nadpisywania', 'swoich', 'struktur', 'danych', '(', 'takich', 'jak', 'np.', 'katalogi', ')', 'w', 'to', 'samo', 'miejsce', 'pamięci', '.']	[0, 0, 0, 0, 0, 0, 7, 0, 7, 0, 7, 0, 0, 0, 0, 0, 0, 0, 0, 0, 0, 0, 0, 0, 0, 0, 0, 0, 0, 0, 0, 0, 0, 0, 0, 0, 0, 0, 0, 0, 0]	pl	Tradycyjne systemy plików, takie jak FAT, ext2 czy NTFS, były projektowane z myślą o dyskach magnetycznych i jako takie wielokrotnie wykonują operacje nadpisywania swoich struktur danych (takich jak np. katalogi) w to samo miejsce pamięci.
['Urodził', 'się', 'w', 'Granville', 'w', 'stanie', 'Ohio', '.']	[0, 0, 0, 5, 0, 0, 5, 0]	pl	Urodził się w Granville w stanie Ohio.
['Na', 'początku', '2007', 'wyjechał', 'zagranicę', ',', 'gdzie', 'bronił', 'barw', 'Zimbru', 'Kiszyniów', ',', 'a', 'potem', 'polskiego', 'klubu', '.']	[0, 0, 0, 0, 0, 0, 0, 0, 0, 3, 4, 0, 0, 0, 0, 0, 0]	pl	Na początku 2007 wyjechał zagranicę, gdzie bronił barw Zimbru Kiszyniów, a potem polskiego klubu.
['Osiągnęła', 'trzecią', 'rundę', 'w', 'pierwszych', 'trzech', ',', 'a', 'w', 'US', 'Open', 'była', 'już', 'w', 'rundzie', 'czwartej', '.']	[0, 0, 0, 0, 0, 0, 0, 0, 0, 7, 8, 0, 0, 0, 0, 0, 0]	pl	Osiągnęła trzecią rundę w pierwszych trzech, a w US Open była już w rundzie czwartej.
['Dostępna', 'jest', 'ona', 'między', 'innymi', 'na', 'platformę', 'x86', '.']	[0, 0, 0, 0, 0, 0, 0, 7, 0]	pl	Dostępna jest ona między innymi na platformę x86.
['Jej', 'bratem', 'był', 'Jerzy', 'Krókowski', '.']	[0, 0, 0, 1, 2, 0]	pl	Jej bratem był Jerzy Krókowski.
['W', 'tym', 'czasie', 'stał', 'się', 'znanym', 'działaczem', 'na', 'rzecz', 'utworzenia', 'związków', 'zawodowych', 'i', 'na', 'kongresie', 'pracowniczym', 'w', 'Nantes', 'w', '1894', 'r', '.']	[0, 0, 0, 0, 0, 0, 0, 0, 0, 0, 0, 0, 0, 0, 0, 0, 0, 5, 0, 0, 0, 0]	pl	W tym czasie stał się znanym działaczem na rzecz utworzenia związków zawodowych i na kongresie pracowniczym w Nantes w 1894 r.
['Własnym', 'kosztem', 'urządził', 'wyprawę', 'i', 'sam', 'nią', 'dowodząc', ',', 'zdobył', 'wiosną', '1509', 'Oran', '.']	[0, 0, 0, 0, 0, 0, 0, 0, 0, 0, 0, 0, 5, 0]	pl	Własnym kosztem urządził wyprawę i sam nią dowodząc, zdobył wiosną 1509 Oran.
['Potem', 'bronił', 'barw', 'Deportivo', 'Quito', ',', 'ale', 'po', 'roku', 'powrócił', 'do', 'LDU', 'Quito', '.']	[0, 0, 0, 3, 4, 0, 0, 0, 0, 0, 0, 3, 4, 0]	pl	Potem bronił barw Deportivo Quito, ale po roku powrócił do LDU Quito.
['Na', 'zdobytych', 'terenach', 'niemieckie', 'Einsatzgruppen', 'przystąpiły', 'do', 'masowych', 'egzekucji', 'Żydów', '.']	[0, 0, 0, 0, 3, 0, 0, 0, 0, 7, 0]	pl	Na zdobytych terenach niemieckie Einsatzgruppen przystąpiły do masowych egzekucji Żydów.
['Siedziba', 'gminy', 'to', 'Nakło', 'nad', 'Notecią', '.']	[0, 0, 0, 5, 6, 6, 0]	pl	Siedziba gminy to Nakło nad Notecią.
['Siedzibą', 'okręgowej', 'komisji', 'wyborczej', 'są', 'Kielce', '.']	[0, 0, 0, 0, 0, 5, 0]	pl	Siedzibą okręgowej komisji wyborczej są Kielce.
[',', '1', 'sierpnia', 'kanał', 'o', 'grach', 'komputerowych', 'Game', 'One', ',', '1', 'października', 'dołączył', 'Marcopolo', ',', 'a', '1', 'grudnia', 'kanał', 'Seasons', '.']	[0, 0, 0, 0, 0, 0, 0, 7, 8, 0, 0, 0, 0, 7, 0, 0, 0, 0, 0, 7, 0]	pl	, 1 sierpnia kanał o grach komputerowych Game One, 1 października dołączył Marcopolo, a 1 grudnia kanał Seasons.
['24', 'lata', 'później', 'papież', 'Kalikst', 'III', 'dokonał', 'rewizji', 'decyzji', 'sądu', 'kościelnego', '.']	[0, 0, 0, 0, 1, 2, 0, 0, 0, 0, 0, 0]	pl	24 lata później papież Kalikst III dokonał rewizji decyzji sądu kościelnego.
"['""', 'Fontaine-le-Dun', '""', '–', 'miejscowość', 'i', 'gmina', 'we', 'Francji', ',', 'w', 'regionie', 'Normandia', ',', 'w', 'departamencie', 'Sekwana', 'Nadmorska', '.']"	[0, 0, 0, 0, 0, 0, 0, 0, 5, 0, 0, 0, 5, 0, 0, 0, 5, 6, 0]	pl	"""Fontaine-le-Dun"" – miejscowość i gmina we Francji, w regionie Normandia, w departamencie Sekwana Nadmorska."
"['""', 'Powiat', 'Schwäbisch', 'Hall', '""', '(', 'niem.', '""', 'Landkreis', 'Schwäbisch', 'Hall', '""', ')', '–', 'powiat', 'w', 'Niemczech', ',', 'w', 'kraju', 'związkowym', 'Badenia-Wirtembergia', ',', 'w', 'rejencji', 'Stuttgart', ',', 'w', 'regionie', 'Heilbronn-Franken', '.']"	[0, 0, 5, 6, 0, 0, 0, 0, 0, 5, 6, 0, 0, 0, 0, 0, 5, 0, 0, 0, 0, 5, 0, 0, 0, 5, 0, 0, 0, 5, 0]	pl	"""Powiat Schwäbisch Hall"" (niem. ""Landkreis Schwäbisch Hall"") – powiat w Niemczech, w kraju związkowym Badenia-Wirtembergia, w rejencji Stuttgart, w regionie Heilbronn-Franken."
['Linie', '228', 'i', '229', 'są', 'liniami', 'nocnymi', ',', 'linia', '230', 'obsługuje', 'dwa', 'warianty', 'okrężnej', 'trasy', 'do', 'CH', 'Tesco', '.']	[0, 0, 0, 0, 0, 0, 0, 0, 0, 0, 0, 0, 0, 0, 0, 0, 0, 3, 0]	pl	Linie 228 i 229 są liniami nocnymi, linia 230 obsługuje dwa warianty okrężnej trasy do CH Tesco.
['Trenował', 'kluby', 'Bonner', 'SC', ',', '1', '.']	[0, 0, 3, 4, 0, 0, 0]	pl	Trenował kluby Bonner SC, 1.
"['""', 'Saint-Pierre-Eynac', '""', '–', 'miejscowość', 'i', 'gmina', 'we', 'Francji', ',', 'w', 'regionie', 'Owernia-Rodan-Alpy', ',', 'w', 'departamencie', 'Górna', 'Loara', '.']"	[0, 0, 0, 0, 0, 0, 0, 0, 5, 0, 0, 0, 5, 0, 0, 0, 5, 6, 0]	pl	"""Saint-Pierre-Eynac"" – miejscowość i gmina we Francji, w regionie Owernia-Rodan-Alpy, w departamencie Górna Loara."
['Artykuł', 'mówi', 'o', 'tym', ',', 'że', 'gdyby', 'oglądalność', 'okazała', 'się', 'dobra', ',', 'HBO', 'mogłaby', 'zacząć', 'produkcję', 'trzeciego', 'sezonu', '.']	[0, 0, 0, 0, 0, 0, 0, 0, 0, 0, 0, 0, 3, 0, 0, 0, 0, 0, 0]	pl	Artykuł mówi o tym, że gdyby oglądalność okazała się dobra, HBO mogłaby zacząć produkcję trzeciego sezonu.
['Polskę', 'do', 'czasu', 'wstąpienia', 'w', 'szeregi', 'UE', 'reprezentował', 'Komitet', 'Badań', 'Naukowych', '.']	[5, 0, 0, 0, 0, 0, 3, 0, 3, 4, 4, 0]	pl	Polskę do czasu wstąpienia w szeregi UE reprezentował Komitet Badań Naukowych.
"['""', 'Lahas', '""', '–', 'miejscowość', 'i', 'gmina', 'we', 'Francji', ',', 'w', 'regionie', 'Oksytania', ',', 'w', 'departamencie', 'Gers', '.']"	[0, 0, 0, 0, 0, 0, 0, 0, 5, 0, 0, 0, 0, 0, 0, 0, 5, 0]	pl	"""Lahas"" – miejscowość i gmina we Francji, w regionie Oksytania, w departamencie Gers."
['31', 'stycznia', '2005', 'para', 'zaręczyła', 'się', ',', 'a', '21', 'lipca', '2005', 'wzięli', 'ślub', 'w', 'Sydney', 'Opera', 'House', '.']	[0, 0, 0, 0, 0, 0, 0, 0, 0, 0, 0, 0, 0, 0, 5, 6, 6, 0]	pl	31 stycznia 2005 para zaręczyła się, a 21 lipca 2005 wzięli ślub w Sydney Opera House.
['Samolotami', 'zaczął', 'latać', 'w', '1952', '(', 'Teksas', ')', '.']	[0, 0, 0, 0, 0, 0, 5, 0, 0]	pl	Samolotami zaczął latać w 1952 (Teksas).
['28', 'lipca', '2015', 'w', 'ramach', 'wymiany', 'zawodników', 'przeszedł', 'do', 'Washington', 'Nationals', '.']	[0, 0, 0, 0, 0, 0, 0, 0, 0, 3, 4, 0]	pl	28 lipca 2015 w ramach wymiany zawodników przeszedł do Washington Nationals.
"['Carl', 'Gustav', 'Jung', ')', ';', 'do', 'literatury', 'przez', 'niektórych', 'uważanej', 'za', '""', '""', 'bardziej', 'uniwersalistyczną', 'ekspresję', '""', '""', '.']"	[1, 2, 2, 0, 0, 0, 0, 0, 0, 0, 0, 0, 0, 0, 0, 0, 0, 0, 0]	pl	"Carl Gustav Jung); do literatury przez niektórych uważanej za """" bardziej uniwersalistyczną ekspresję """"."
['przejął', 'kierownictwo', 'filozoficznej', 'szkoły', 'aleksandryjskiej', ',', 'gdzie', 'jego', 'uczniami', 'byli', 'Damascjusz', ',', 'Symplicjusz', ',', 'Asklepiusz', ',', 'Olimpiodor', 'i', 'Jan', 'Filopon', '.']	[0, 0, 0, 0, 0, 0, 0, 0, 0, 0, 1, 0, 1, 0, 1, 0, 1, 0, 1, 2, 0]	pl	przejął kierownictwo filozoficznej szkoły aleksandryjskiej, gdzie jego uczniami byli Damascjusz, Symplicjusz, Asklepiusz, Olimpiodor i Jan Filopon.
['oraz', 'dwukrotny', 'awans', 'to', 'turnieju', 'pretendentek', 'do', 'tytułu', 'mistrzyni', 'świata', 'w', 'Malmö', 'w', '1986', 'r', '.']	[0, 0, 0, 0, 0, 0, 0, 0, 0, 0, 0, 5, 0, 0, 0, 0]	pl	oraz dwukrotny awans to turnieju pretendentek do tytułu mistrzyni świata w Malmö w 1986 r.
['Do', 'najbardziej', 'znanych', 'psychologów', 'zajmujących', 'się', 'tą', 'problematyką', 'należą', ':', 'Burrhus', 'Frederic', 'Skinner', ',', 'Edward', 'Tolman', 'i', 'Edward', 'Thorndike', ',', 'który', 'wprowadził', 'termin', 'prawo', 'efektu', 'opisujący', 'relację', 'między', 'zachowaniem', 'a', 'następującą', 'po', 'nim', 'konsekwencją', '.']	[0, 0, 0, 0, 0, 0, 0, 0, 0, 0, 1, 2, 2, 0, 1, 2, 0, 1, 2, 0, 0, 0, 0, 0, 0, 0, 0, 0, 0, 0, 0, 0, 0, 0, 0]	pl	Do najbardziej znanych psychologów zajmujących się tą problematyką należą: Burrhus Frederic Skinner, Edward Tolman i Edward Thorndike, który wprowadził termin prawo efektu opisujący relację między zachowaniem a następującą po nim konsekwencją.
['W', 'latach', '1971', '–', '1972', 'zajmował', 'stanowisko', 'ministra', 'do', 'spraw', 'władz', 'lokalnych', 'w', 'rządzie', ',', 'którym', 'kierował', 'Trygve', 'Bratteli', '.']	[0, 0, 0, 0, 0, 0, 0, 0, 0, 0, 0, 0, 0, 0, 0, 0, 0, 1, 2, 0]	pl	W latach 1971 – 1972 zajmował stanowisko ministra do spraw władz lokalnych w rządzie, którym kierował Trygve Bratteli.
"['""', 'Bort-l', '’', 'Etang', '""', '–', 'miejscowość', 'i', 'gmina', 'we', 'Francji', ',', 'w', 'regionie', 'Owernia-Rodan-Alpy', ',', 'w', 'departamencie', 'Puy-de-Dôme', '.']"	[0, 0, 0, 0, 0, 0, 0, 0, 0, 0, 5, 0, 0, 0, 5, 0, 0, 0, 5, 0]	pl	"""Bort-l ’ Etang"" – miejscowość i gmina we Francji, w regionie Owernia-Rodan-Alpy, w departamencie Puy-de-Dôme."
['Jej', 'dwie', 'ciotki', '–', 'Helena', 'i', 'Krystyna', ',', 'oraz', 'siostra', 'Zofia', 'Burbon', 'są', 'infantkami', '.']	[0, 0, 0, 0, 1, 0, 1, 0, 0, 0, 1, 2, 0, 0, 0]	pl	Jej dwie ciotki – Helena i Krystyna, oraz siostra Zofia Burbon są infantkami.
['8', 'maja', '2016', 'roku', 'zdobył', 'dwie', 'bramki', 'w', 'starciu', 'z', 'Tottenhamem', 'na', 'White', 'Hart', 'Lane', ',', 'dając', 'zwycięstwo', '2', '-', '1', '.']	[0, 0, 0, 0, 0, 0, 0, 0, 0, 0, 3, 0, 5, 6, 6, 0, 0, 0, 0, 0, 0, 0]	pl	8 maja 2016 roku zdobył dwie bramki w starciu z Tottenhamem na White Hart Lane, dając zwycięstwo 2 - 1.
['W', '2008', 'został', 'zaproszony', 'do', 'FK', 'Niżny', 'Nowogród', ',', 'w', 'którym', 'zakończył', 'karierę', 'piłkarską', '.']	[0, 0, 0, 0, 0, 3, 4, 4, 0, 0, 0, 0, 0, 0, 0]	pl	W 2008 został zaproszony do FK Niżny Nowogród, w którym zakończył karierę piłkarską.
['Rywalizacja', 'rozpoczęła', 'się', 'w', 'Salt', 'Lake', 'City', '22', 'października', '2011', 'roku', ',', 'a', 'zakończyła', 'w', 'Heerenveen', '12', 'lutego', '2012', 'roku', '.']	[0, 0, 0, 0, 5, 6, 6, 0, 0, 0, 0, 0, 0, 0, 0, 5, 0, 0, 0, 0, 0]	pl	Rywalizacja rozpoczęła się w Salt Lake City 22 października 2011 roku, a zakończyła w Heerenveen 12 lutego 2012 roku.
"['""', 'I', ""'"", 'll', 'Stick', 'Around', '""', ',', '""', 'For', 'All', 'the', 'Cows', '""', 'i', '""', 'Big', 'Me', '""', 'zostały', 'wydane', 'jako', 'single', 'w', 'następnych', 'miesiącach', '.']"	[0, 7, 8, 8, 8, 8, 0, 0, 0, 7, 8, 8, 8, 0, 0, 0, 7, 8, 0, 0, 0, 0, 0, 0, 0, 0, 0]	pl	"""I 'll Stick Around"", ""For All the Cows"" i ""Big Me"" zostały wydane jako single w następnych miesiącach."
"['Produkcją', 'zajął', 'się', 'sam', 'zespół', 'i', '""', 'In', 'the', 'Court', 'of', 'the', 'Crimson', 'King', '""', ',', 'nagrany', 'podczas', 'sesji', 'trwającej', 'od', '17', 'lipca', 'do', '20', 'sierpnia', ',', 'ukazał', 'się', '10', 'października', '1969', '.']"	[0, 0, 0, 0, 0, 0, 0, 7, 8, 8, 8, 8, 8, 8, 0, 0, 0, 0, 0, 0, 0, 0, 0, 0, 0, 0, 0, 0, 0, 0, 0, 0, 0]	pl	"Produkcją zajął się sam zespół i ""In the Court of the Crimson King"", nagrany podczas sesji trwającej od 17 lipca do 20 sierpnia, ukazał się 10 października 1969."
['Wehrmacht', 'opuścił', 'w', 'stopniu', 'porucznika', ',', 'przechodząc', 'do', 'rezerwy', '.']	[3, 0, 0, 0, 0, 0, 0, 0, 0, 0]	pl	Wehrmacht opuścił w stopniu porucznika, przechodząc do rezerwy.
['Gdy', 'miał', 'kilka', 'lat', 'przeprowadził', 'się', 'wraz', 'z', 'rodzicami', 'do', 'miasta', 'Marietta', 'w', 'stanie', 'Georgia', '(', 'blisko', 'miasta', 'Atlanta', ')', ',', 'gdzie', 'mieszkał', 'do', '1990', 'r', '.']	[0, 0, 0, 0, 0, 0, 0, 0, 0, 0, 0, 5, 0, 0, 5, 0, 0, 0, 5, 0, 0, 0, 0, 0, 0, 0, 0]	pl	Gdy miał kilka lat przeprowadził się wraz z rodzicami do miasta Marietta w stanie Georgia (blisko miasta Atlanta), gdzie mieszkał do 1990 r.
['Armia', 'osiągnęła', 'rubież', 'Chołm', '–', 'Dno', '.']	[0, 0, 0, 5, 0, 5, 0]	pl	Armia osiągnęła rubież Chołm – Dno.
"['""', 'Tierps', 'kommun', '""', ')', '–', 'szwedzka', 'gmina', 'położona', 'w', 'regionie', 'Uppsala', ',', 'z', 'siedzibą', 'w', 'Tierp', '.']"	[0, 5, 0, 0, 0, 0, 0, 0, 0, 0, 0, 5, 0, 0, 0, 0, 5, 0]	pl	"""Tierps kommun"") – szwedzka gmina położona w regionie Uppsala, z siedzibą w Tierp."
['Po', 'wygaśnięciu', 'mandatu', 'parlamentarnego', 'w', '1989', 'wycofał', 'się', 'z', 'bieżącej', 'polityki', ',', 'pozostał', 'jednak', 'aktywny', 'w', 'samorządzie', 'Nesodden', '.']	[0, 0, 0, 0, 0, 0, 0, 0, 0, 0, 0, 0, 0, 0, 0, 0, 0, 5, 0]	pl	Po wygaśnięciu mandatu parlamentarnego w 1989 wycofał się z bieżącej polityki, pozostał jednak aktywny w samorządzie Nesodden.
['Car', 'Mikołaj', 'I', 'Romanow', 'wprowadził', 'dwa', 'równorzędne', 'godła', '.']	[0, 1, 2, 2, 0, 0, 0, 0, 0]	pl	Car Mikołaj I Romanow wprowadził dwa równorzędne godła.
"['W', '2007', 'roku', 'powstał', 'również', 'serial', 'telewizyjny', '""', 'Akta', 'Dresdena', '""', ',', 'luźno', 'nawiązujący', 'do', 'wydarzeń', 'opisanych', 'w', 'książkach', '.']"	[0, 0, 0, 0, 0, 0, 0, 0, 7, 8, 0, 0, 0, 0, 0, 0, 0, 0, 0, 0]	pl	"W 2007 roku powstał również serial telewizyjny ""Akta Dresdena"", luźno nawiązujący do wydarzeń opisanych w książkach."
['rez.', 'Stefan', 'Bastyr', ')', '.']	[0, 1, 2, 0, 0]	pl	rez. Stefan Bastyr).
['Powieść', 'Astrid', 'Lindgren', 'porusza', 'tematy', 'samotności', 'i', 'lęku', 'przed', 'śmiercią', ',', 'a', 'także', 'dotyka', 'problemu', 'odpowiedzialności', 'oraz', 'dorastania', 'do', 'marzeń', '.']	[0, 1, 2, 0, 0, 0, 0, 0, 0, 0, 0, 0, 0, 0, 0, 0, 0, 0, 0, 0, 0]	pl	Powieść Astrid Lindgren porusza tematy samotności i lęku przed śmiercią, a także dotyka problemu odpowiedzialności oraz dorastania do marzeń.
['Brazylia', 'ma', 'niewielką', 'ilość', 'jezior', '.']	[5, 0, 0, 0, 0, 0]	pl	Brazylia ma niewielką ilość jezior.
['8:20', 'w', 'TVP1', '.']	[0, 0, 3, 0]	pl	8:20 w TVP1.
"['Według', 'danych', 'na', 'rok', '1990', 'gminę', 'zamieszkiwało', '1018', 'osób', ',', 'a', 'gęstość', 'zaludnienia', 'wynosiła', '197', '""', 'osób', '/', 'km', '²', '(', 'wśród', '1549', 'gmin', 'regionu', 'Nord-Pas-de-Calais', 'Aubigny-au-Bac', 'plasuje', 'się', 'na', '555', '.']"	[0, 0, 0, 0, 0, 0, 0, 0, 0, 0, 0, 0, 0, 0, 0, 0, 0, 0, 0, 0, 0, 0, 0, 0, 0, 5, 0, 0, 0, 0, 0, 0]	pl	"Według danych na rok 1990 gminę zamieszkiwało 1018 osób, a gęstość zaludnienia wynosiła 197 ""osób / km ² (wśród 1549 gmin regionu Nord-Pas-de-Calais Aubigny-au-Bac plasuje się na 555."
['Japonia', 'jest', 'jednym', 'z', 'najgęściej', 'zaludnionych', 'państw', 'na', 'świecie', '.']	[5, 0, 0, 0, 0, 0, 0, 0, 0, 0]	pl	Japonia jest jednym z najgęściej zaludnionych państw na świecie.
['jest', 'Sinéad', 'O', '’', 'Connor', '.']	[0, 1, 2, 2, 2, 0]	pl	jest Sinéad O ’ Connor.
['Z', 'wypożyczenia', 'wrócił', 'Stevan', 'Jovetić', '.']	[0, 0, 0, 1, 2, 0]	pl	Z wypożyczenia wrócił Stevan Jovetić.
['Tadeusz', 'Kasprzycki', ',', 'który', 'na', 'obszarze', 'krajowym', 'dowodził', 'jednostkami', 'mobilizowanymi', 'i', 'zapasowymi', '.']	[1, 2, 0, 0, 0, 0, 0, 0, 0, 0, 0, 0, 0]	pl	Tadeusz Kasprzycki, który na obszarze krajowym dowodził jednostkami mobilizowanymi i zapasowymi.
['Karol', 'uznawany', 'jest', 'za', 'założyciela', 'kasyna', 'w', 'Monte', 'Carlo', '.']	[0, 0, 0, 0, 0, 0, 0, 5, 6, 0]	pl	Karol uznawany jest za założyciela kasyna w Monte Carlo.
['Książę', 'wylądował', 'w', 'pobliżu', 'Portsmouth', ',', 'ale', 'szybko', 'przekonał', 'się', ',', 'że', 'jego', 'misja', 'nie', 'cieszy', 'się', 'praktycznie', 'żadnym', 'poparciem', 'miejscowej', 'ludności', '.']	[0, 0, 0, 0, 5, 0, 0, 0, 0, 0, 0, 0, 0, 0, 0, 0, 0, 0, 0, 0, 0, 0, 0]	pl	Książę wylądował w pobliżu Portsmouth, ale szybko przekonał się, że jego misja nie cieszy się praktycznie żadnym poparciem miejscowej ludności.
"['""', 'Cailly-sur-Eure', '""', '–', 'miejscowość', 'i', 'gmina', 'we', 'Francji', ',', 'w', 'regionie', 'Normandia', ',', 'w', 'departamencie', 'Eure', '.']"	[0, 0, 0, 0, 0, 0, 0, 0, 5, 0, 0, 0, 5, 0, 0, 0, 5, 0]	pl	"""Cailly-sur-Eure"" – miejscowość i gmina we Francji, w regionie Normandia, w departamencie Eure."
['Liczne', 'zabytki', 'architektury', 'pałacowej', 'i', 'świątynie', 'hinduskie', ',', 'a', 'w', 'leżącym', 'w', 'obrębie', 'metropolii', 'Howrah', 'znajduje', 'się', 'najstarszy', 'w', 'Indiach', 'ogród', 'botaniczny', '.']	[0, 0, 0, 0, 0, 0, 0, 0, 0, 0, 0, 0, 0, 0, 5, 0, 0, 0, 0, 5, 0, 0, 0]	pl	Liczne zabytki architektury pałacowej i świątynie hinduskie, a w leżącym w obrębie metropolii Howrah znajduje się najstarszy w Indiach ogród botaniczny.
['Siedzibą', 'władz', 'gminy', 'było', 'miasto', 'Rudkøbing', 'na', 'wyspie', 'Langeland', '.']	[0, 0, 0, 0, 0, 5, 0, 0, 5, 0]	pl	Siedzibą władz gminy było miasto Rudkøbing na wyspie Langeland.
['Produkcją', 'zajął', 'się', 'Davaughn', ',', 'członek', 'wytwórni', 'Roc', 'Nation', '.']	[0, 0, 0, 0, 0, 0, 0, 3, 4, 0]	pl	Produkcją zajął się Davaughn, członek wytwórni Roc Nation.
['Na', 'jego', 'dworze', 'pisał', 'Gall', 'Anonim', '–', 'pierwszy', 'polski', 'kronikopisarz', '.']	[0, 0, 0, 0, 1, 2, 0, 0, 0, 0, 0]	pl	Na jego dworze pisał Gall Anonim – pierwszy polski kronikopisarz.
['Miasto', 'leży', 'około', '29', 'km', 'na', 'zachód', 'od', 'Port-au-Prince', ',', 'stolicy', 'kraju', '.']	[0, 0, 0, 0, 0, 0, 0, 0, 5, 0, 0, 0, 0]	pl	Miasto leży około 29 km na zachód od Port-au-Prince, stolicy kraju.
['Hoxha', 'pełnił', 'w', 'nich', 'rolę', 'komisarza', 'politycznego', ',', 'dowódcą', 'armii', 'został', 'przedwojenny', 'oficer', 'Spiro', 'Moisiu', '.']	[0, 0, 0, 0, 0, 0, 0, 0, 0, 0, 0, 0, 0, 1, 2, 0]	pl	Hoxha pełnił w nich rolę komisarza politycznego, dowódcą armii został przedwojenny oficer Spiro Moisiu.
['Położona', 'nad', 'rzeką', 'Nive', 'u', 'ujścia', 'Laurhibar', '.']	[0, 0, 0, 5, 0, 0, 5, 0]	pl	Położona nad rzeką Nive u ujścia Laurhibar.
['Miasto', 'pełni', 'funkcję', '„', 'gminy', 'realizującej', '”', '(', 'niem.', '„', 'erfüllende', 'Gemeinde', '”', ')', 'dla', 'czterech', 'gmin', 'wiejskich', ':', 'Rippershausen', ',', 'Stepfershausen', ',', 'Sülzfeld', 'oraz', 'Untermaßfeld', '.']	[0, 0, 0, 0, 0, 0, 0, 0, 0, 0, 0, 0, 0, 0, 0, 0, 0, 0, 0, 5, 0, 5, 0, 5, 0, 5, 0]	pl	Miasto pełni funkcję „gminy realizującej ” (niem.„ erfüllende Gemeinde ”) dla czterech gmin wiejskich: Rippershausen, Stepfershausen, Sülzfeld oraz Untermaßfeld.
"['Z', 'amerykańskiej', 'wersji', 'krążka', '""', 'Sticks', '+', 'Stones', '""', 'wydano', 'singel', '""', 'Oath', '""', ',', 'który', 'pokrył', 'się', 'złotem', '.']"	[0, 0, 0, 0, 0, 7, 8, 8, 0, 0, 0, 0, 7, 0, 0, 0, 0, 0, 0, 0]	pl	"Z amerykańskiej wersji krążka ""Sticks + Stones"" wydano singel ""Oath"", który pokrył się złotem."
['w', 'Santo', 'Domingo', 'na', 'Dominikanie', ')', '–', 'dominikańska', 'siatkarka', '.']	[0, 5, 6, 0, 5, 0, 0, 0, 0, 0]	pl	w Santo Domingo na Dominikanie) – dominikańska siatkarka.
['Rewolta', 'zakończyła', 'się', '25', 'października', 'zajęciem', 'przez', 'powstańców', 'Aleppo', '.']	[0, 0, 0, 0, 0, 0, 0, 0, 5, 0]	pl	Rewolta zakończyła się 25 października zajęciem przez powstańców Aleppo.
['Po', 'ukończeniu', 'szkoły', 'średniej', 'w', '2006', 'roku', ',', 'został', 'wybrany', 'w', 'drugiej', 'rundzie', 'draftu', 'przez', 'Seattle', 'Mariners', ',', 'jednak', 'w', 'lutym', '2008', 'został', 'oddany', 'do', 'Baltimore', 'Orioles', '.']	[0, 0, 0, 0, 0, 0, 0, 0, 0, 0, 0, 0, 0, 0, 0, 3, 4, 0, 0, 0, 0, 0, 0, 0, 0, 3, 4, 0]	pl	Po ukończeniu szkoły średniej w 2006 roku, został wybrany w drugiej rundzie draftu przez Seattle Mariners, jednak w lutym 2008 został oddany do Baltimore Orioles.
['Amerykański', 'DJ', 'Frankie', 'Knuckles', 'popularyzował', 'ten', 'rodzaj', 'muzyki', 'na', 'początku', 'jej', 'istnienia', '.']	[5, 0, 1, 2, 0, 0, 0, 0, 0, 0, 0, 0, 0]	pl	Amerykański DJ Frankie Knuckles popularyzował ten rodzaj muzyki na początku jej istnienia.
"['""', '(', '2002', ')', ',', 'a', 'Anil', 'Kapoor', '16', 'lat', 'wcześniej', '-', 'w', '""', 'Lamhe', '""', '(', '1992', ')', '.']"	[0, 0, 0, 0, 0, 0, 1, 2, 0, 0, 0, 0, 0, 0, 7, 0, 0, 0, 0, 0]	pl	"""(2002), a Anil Kapoor 16 lat wcześniej - w"" Lamhe ""(1992)."
['Od', '2019', 'jest', 'zawodnikiem', 'klubu', 'Columbus', 'Crew', '.']	[0, 0, 0, 0, 0, 3, 4, 0]	pl	Od 2019 jest zawodnikiem klubu Columbus Crew.
['zdobyli', 'Belgrad', 'i', 'zajęli', 'część', 'Wołoszczyzny', '.']	[0, 5, 0, 0, 0, 5, 0]	pl	zdobyli Belgrad i zajęli część Wołoszczyzny.
"['""', 'Saint-Orens-de-Gameville', '""', '–', 'miejscowość', 'i', 'gmina', 'we', 'Francji', ',', 'w', 'regionie', 'Oksytania', ',', 'w', 'departamencie', 'Górna', 'Garonna', '.']"	[0, 0, 0, 0, 0, 0, 0, 0, 5, 0, 0, 0, 5, 0, 0, 0, 5, 6, 0]	pl	"""Saint-Orens-de-Gameville"" – miejscowość i gmina we Francji, w regionie Oksytania, w departamencie Górna Garonna."
['Narratorem', 'obrazu', 'jest', 'aktor', 'Keith', 'David', '.']	[0, 0, 0, 0, 1, 2, 0]	pl	Narratorem obrazu jest aktor Keith David.
['Prace', 'przerwała', 'II', 'wojna', 'światowa', ',', 'ale', 'ponieważ', 'były', 'znacznie', 'zaawansowane', ',', 'więc', 'ukończono', 'je', 'po', 'zakończeniu', 'okupacji', 'hitlerowskiej', ',', 'poświęcenie', 'miało', 'miejsce', '2', 'września', '1945', '.']	[0, 0, 7, 8, 8, 0, 0, 0, 0, 0, 0, 0, 0, 0, 0, 0, 0, 0, 0, 0, 0, 0, 0, 0, 0, 0, 0]	pl	Prace przerwała II wojna światowa, ale ponieważ były znacznie zaawansowane, więc ukończono je po zakończeniu okupacji hitlerowskiej, poświęcenie miało miejsce 2 września 1945.
['W', 'Phoenix', 'jego', 'kariera', 'nabrała', 'ponownie', 'rumieńców', '.']	[0, 5, 0, 0, 0, 0, 0, 0]	pl	W Phoenix jego kariera nabrała ponownie rumieńców.
"['Wkrótce', 'zespół', 'przystąpił', 'do', 'nagrań', 'debiutanckiego', 'albumu', '""', 'The', 'Principle', 'of', 'Evil', 'Made', 'Flesh', '""', ',', 'ukazał', 'się', 'on', '24', 'lutego', '1994', 'roku', '.']"	[0, 0, 0, 0, 0, 0, 0, 0, 7, 8, 8, 8, 8, 8, 0, 0, 0, 0, 0, 0, 0, 0, 0, 0]	pl	"Wkrótce zespół przystąpił do nagrań debiutanckiego albumu ""The Principle of Evil Made Flesh"", ukazał się on 24 lutego 1994 roku."
['25', 'km', 'na', 'południowy', 'wschód', 'od', 'centrum', 'Esslingen', 'am', 'Neckar', '.']	[0, 0, 0, 0, 0, 0, 0, 5, 6, 6, 0]	pl	25 km na południowy wschód od centrum Esslingen am Neckar.
['Dostał', 'wiele', 'propozycji', ',', 'przyjął', 'jednak', 'tę', 'daną', 'mu', 'przez', 'burmistrza', 'Dessau', '(', 'dziś', 'Dessau-Roßlau', ')', '.']	[0, 0, 0, 0, 0, 0, 0, 0, 0, 0, 0, 5, 0, 0, 5, 0, 0]	pl	Dostał wiele propozycji, przyjął jednak tę daną mu przez burmistrza Dessau (dziś Dessau-Roßlau).
"['Chociaż', 'ma', '35', 'lat', ',', 'nie', 'zrobił', 'kariery', 'zawodowej', ',', 'mieszka', 'samotnie', 'na', 'przedmieściu', '""', 'St', 'Albans', '""', '.']"	[0, 0, 0, 0, 0, 0, 0, 0, 0, 0, 0, 0, 0, 0, 0, 5, 6, 0, 0]	pl	"Chociaż ma 35 lat, nie zrobił kariery zawodowej, mieszka samotnie na przedmieściu ""St Albans""."
['Urodził', 'się', 'w', 'stolicy', 'Saint', 'Lucia', '.']	[0, 0, 0, 0, 5, 6, 0]	pl	Urodził się w stolicy Saint Lucia.
['na', 'południu', 'Węgier', 'położone', 'nad', 'rzeką', 'Sió', '.']	[0, 0, 5, 0, 0, 0, 5, 0]	pl	na południu Węgier położone nad rzeką Sió.
"['Według', 'danych', 'na', 'rok', '1990', 'gminę', 'zamieszkiwały', '204', 'osoby', ',', 'a', 'gęstość', 'zaludnienia', 'wynosiła', '29', '""', 'osób', '/', 'km', '²', '(', 'wśród', '1467', 'gmin', 'regionu', 'Poitou-Charentes', 'Ballans', 'plasuje', 'się', 'na', '794', '.']"	[0, 0, 0, 0, 0, 0, 0, 0, 0, 0, 0, 0, 0, 0, 0, 0, 0, 0, 0, 0, 0, 0, 0, 0, 0, 5, 0, 0, 0, 0, 0, 0]	pl	"Według danych na rok 1990 gminę zamieszkiwały 204 osoby, a gęstość zaludnienia wynosiła 29 ""osób / km ² (wśród 1467 gmin regionu Poitou-Charentes Ballans plasuje się na 794."
['28', 'listopada', '1964', 'w', 'Oulu', ')', '–', 'fiński', 'lekkoatleta', ',', 'mistrz', 'i', 'wicemistrz', 'olimpijski', '.']	[0, 0, 0, 0, 5, 0, 0, 0, 0, 0, 0, 0, 0, 0, 0]	pl	28 listopada 1964 w Oulu) – fiński lekkoatleta, mistrz i wicemistrz olimpijski.
['Na', 'normalnej', 'skoczni', 'prowadził', 'po', 'pierwszej', 'serii', ',', 'jednak', 'w', 'drugiej', 'kolejce', 'wyprzedził', 'go', 'rodak', '–', 'Ernst', 'Vettori', '.']	[0, 0, 0, 0, 0, 0, 0, 0, 0, 0, 0, 0, 0, 0, 0, 0, 1, 2, 0]	pl	Na normalnej skoczni prowadził po pierwszej serii, jednak w drugiej kolejce wyprzedził go rodak – Ernst Vettori.
['W', 'sierpniu', '2012', 'został', 'wypożyczony', 'do', 'West', 'Bromwich', 'Albion', 'F.C.', '.']	[0, 0, 0, 0, 0, 0, 3, 4, 4, 4, 0]	pl	W sierpniu 2012 został wypożyczony do West Bromwich Albion F.C..
"['Streatham', 'jest', 'wspomniana', 'w', 'Domesday', 'Book', '(', '1086', ')', 'jako', '""', 'Estreham', '""', '.']"	[0, 0, 0, 0, 7, 8, 0, 0, 0, 0, 0, 0, 0, 0]	pl	"Streatham jest wspomniana w Domesday Book (1086) jako ""Estreham""."
['W', 'Major', 'League', 'Baseball', 'zadebiutował', '10', 'września', '1947', 'w', 'meczu', 'przeciwko', 'New', 'York', 'Yankees', 'jako', 'pinch', 'hitter', '.']	[0, 3, 4, 4, 0, 0, 0, 0, 0, 0, 0, 3, 4, 4, 0, 0, 0, 0]	pl	W Major League Baseball zadebiutował 10 września 1947 w meczu przeciwko New York Yankees jako pinch hitter.
['Podobnie', 'w', '2010', 'roku', 'rozważał', 'oferty', 'z', 'francuskich', 'klubów', ',', 'jednakże', 'i', 'tym', 'razem', 'przedłużył', 'umowę', 'z', 'NZRU', 'oraz', 'klubami', 'z', 'Wellington', '.']	[0, 0, 0, 0, 0, 0, 0, 0, 0, 0, 0, 0, 0, 0, 0, 0, 0, 0, 0, 0, 0, 5, 0]	pl	Podobnie w 2010 roku rozważał oferty z francuskich klubów, jednakże i tym razem przedłużył umowę z NZRU oraz klubami z Wellington.
['Wystąpił', 'w', 'wygranym', 'wówczas', '4:2', 'finale', 'z', 'Sc', 'Heerenveen', '.']	[0, 0, 0, 0, 0, 0, 0, 3, 4, 0]	pl	Wystąpił w wygranym wówczas 4:2 finale z Sc Heerenveen.
"['""', 'Chavaniac-Lafayette', '""', '–', 'miejscowość', 'i', 'gmina', 'we', 'Francji', ',', 'w', 'regionie', 'Owernia-Rodan-Alpy', ',', 'w', 'departamencie', 'Górna', 'Loara', '.']"	[0, 0, 0, 0, 0, 0, 0, 0, 5, 0, 0, 0, 5, 0, 0, 0, 5, 6, 0]	pl	"""Chavaniac-Lafayette"" – miejscowość i gmina we Francji, w regionie Owernia-Rodan-Alpy, w departamencie Górna Loara."
['Sadie', 'Frost', 'i', 'Jude', 'Law', 'poznali', 'się', 'na', 'planie', 'tego', 'filmu', '.']	[1, 2, 0, 1, 2, 0, 0, 0, 0, 0, 0, 0]	pl	Sadie Frost i Jude Law poznali się na planie tego filmu.
['Po', 'mistrzostwach', 'przeniósł', 'się', 'do', 'Hiszpanii', ',', 'gdzie', 'przez', '3', 'lata', 'grał', 'w', 'klubie', 'Real', 'Murcia', '.']	[0, 0, 0, 0, 0, 5, 0, 0, 0, 0, 0, 0, 0, 0, 3, 4, 0]	pl	Po mistrzostwach przeniósł się do Hiszpanii, gdzie przez 3 lata grał w klubie Real Murcia.
['Założyła', 'także', 'nową', 'partię', 'polityczną', 'pod', 'nazwą', 'Ruch', '„', 'Bułgaria', 'na', 'rzecz', 'Obywateli', '”', ',', 'która', 'w', 'wyborach', 'w', '2013', 'nie', 'przekroczyła', 'jednak', 'wyborczego', 'progu', '.']	[0, 0, 0, 0, 0, 0, 0, 3, 4, 4, 4, 4, 4, 4, 0, 0, 0, 0, 0, 0, 0, 0, 0, 0, 0, 0]	pl	Założyła także nową partię polityczną pod nazwą Ruch „Bułgaria na rzecz Obywateli ”, która w wyborach w 2013 nie przekroczyła jednak wyborczego progu.
['Według', 'tekstów', 'z', 'Ugarit', 'posiadała', 'zdolność', 'wprowadzania', 'się', 'w', 'szał', 'bojowy', ',', 'podczas', 'którego', 'w', 'bitwach', 'ścinała', 'głowy', '„', 'jak', 'kłosy', '”', 'i', 'cała', 'zbryzgana', 'krwią', 'zawieszała', 'sobie', 'odrąbane', 'ręce', 'pozabijanych', 'wrogów', 'wokół', 'pasa', ',', 'a', 'ich', 'głowy', 'na', 'swoich', 'plecach', '.']	[0, 0, 0, 5, 0, 0, 0, 0, 0, 0, 0, 0, 0, 0, 0, 0, 0, 0, 0, 0, 0, 0, 0, 0, 0, 0, 0, 0, 0, 0, 0, 0, 0, 0, 0, 0, 0, 0, 0, 0, 0, 0]	pl	Według tekstów z Ugarit posiadała zdolność wprowadzania się w szał bojowy, podczas którego w bitwach ścinała głowy „jak kłosy ” i cała zbryzgana krwią zawieszała sobie odrąbane ręce pozabijanych wrogów wokół pasa, a ich głowy na swoich plecach.
['Irak', 'miał', 'zostać', 'podzielony', 'na', 'strefy', 'administracyjne', '–', 'ostatecznie', 'wyodrębniono', 'cztery', '.']	[5, 0, 0, 0, 0, 0, 0, 0, 0, 0, 0, 0]	pl	Irak miał zostać podzielony na strefy administracyjne – ostatecznie wyodrębniono cztery.
['Obiekt', 'gościł', 'duże', 'imprezy', ',', 'm.in.', 'Puchar', 'Świata', 'w', 'Rugby', '1995', ',', 'wygrany', 'przez', 'kadrę', 'narodową', 'gospodarzy', ',', 'oraz', 'Mistrzostwa', 'Świata', 'w', 'Piłce', 'Nożnej', '2010', '.']	[0, 0, 0, 0, 0, 0, 7, 8, 8, 8, 8, 0, 0, 0, 0, 0, 0, 0, 0, 7, 8, 8, 8, 8, 8, 0]	pl	Obiekt gościł duże imprezy, m.in. Puchar Świata w Rugby 1995, wygrany przez kadrę narodową gospodarzy, oraz Mistrzostwa Świata w Piłce Nożnej 2010.
['Aleksander', 'Marian', 'Korwin-Szymanowski', ')', '.']	[1, 2, 2, 0, 0]	pl	Aleksander Marian Korwin-Szymanowski).
['Do', 'PLK', 'awansowały', ':', 'Turów', 'Zgorzelec', 'i', 'Polpharma', 'Starogard', 'Gdański', '.']	[0, 7, 0, 0, 3, 4, 0, 3, 4, 4, 0]	pl	Do PLK awansowały: Turów Zgorzelec i Polpharma Starogard Gdański.
['Większość', 'tych', 'medali', 'otrzymali', 'marynarze', 'Royal', 'Marines', '.']	[0, 0, 0, 0, 0, 3, 4, 0]	pl	Większość tych medali otrzymali marynarze Royal Marines.
['24', 'stycznia', 'została', 'ona', 'oficjalnie', 'uznana', 'za', 'siódmy', 'singiel', 'z', 'albumu', 'Unapologetic', '.']	[0, 0, 0, 0, 0, 0, 0, 0, 0, 0, 0, 7, 0]	pl	24 stycznia została ona oficjalnie uznana za siódmy singiel z albumu Unapologetic.
['Bente', 'Kahan', 'jest', 'dyrektorem', 'CKiEZ', 'oraz', 'dyrektorem', 'artystycznym', 'synagogi', '.']	[1, 2, 0, 0, 0, 0, 0, 0, 0, 0]	pl	Bente Kahan jest dyrektorem CKiEZ oraz dyrektorem artystycznym synagogi.
['Wiele', 'eksperymentów', 'naukowych', 'z', 'użyciem', 'latawca', 'wykonał', 'Benjamin', 'Franklin', '.']	[0, 0, 0, 0, 0, 0, 0, 1, 2, 0]	pl	Wiele eksperymentów naukowych z użyciem latawca wykonał Benjamin Franklin.
['Siemion', 'Dumny', 'prowadził', 'zręczną', 'politykę', 'dynastyczną', '.']	[1, 2, 0, 0, 0, 0, 0]	pl	Siemion Dumny prowadził zręczną politykę dynastyczną.
['Republikański', 'komisarz', ',', 'Jean', 'Baptiste', 'Carrier', ',', 'często', 'nakazywał', 'mordowanie', 'każdego', 'napotkanego', 'mieszkańca', ',', 'a', 'żołnierze', 'palili', 'wszystkie', 'chaty', ',', 'niezależnie', 'od', 'tego', ',', 'czy', 'ktoś', 'znajdował', 'się', 'wewnątrz', '.']	[0, 0, 0, 1, 2, 2, 0, 0, 0, 0, 0, 0, 0, 0, 0, 0, 0, 0, 0, 0, 0, 0, 0, 0, 0, 0, 0, 0, 0, 0]	pl	Republikański komisarz, Jean Baptiste Carrier, często nakazywał mordowanie każdego napotkanego mieszkańca, a żołnierze palili wszystkie chaty, niezależnie od tego, czy ktoś znajdował się wewnątrz.
['Na', 'przykład', 'Carl', 'Gustaf', 'Mosander', 'wykazał', ',', 'że', 'rzekomo', 'czyste', 'próbki', 'tlenku', 'ceru', 'są', 'w', 'rzeczywistości', 'zanieczyszczone', 'tlenkiem', 'nowego', 'pierwiastka', ',', 'lantanu', '.']	[0, 0, 1, 2, 2, 0, 0, 0, 0, 0, 0, 0, 0, 0, 0, 0, 0, 0, 0, 0, 0, 0, 0]	pl	Na przykład Carl Gustaf Mosander wykazał, że rzekomo czyste próbki tlenku ceru są w rzeczywistości zanieczyszczone tlenkiem nowego pierwiastka, lantanu.
['W', 'latach', '1934', '–', '1993', 'nosił', 'tytuł', 'księcia', 'Liège', '.']	[0, 0, 0, 0, 0, 0, 0, 0, 5, 0]	pl	W latach 1934 – 1993 nosił tytuł księcia Liège.
['Na', 'koniec', 'sezonu', 'cieszył', 'się', 'ze', 'zdobycia', 'mistrzostwa', 'NBA', ',', 'po', 'tym', 'jak', 'jego', 'Miami', 'Heat', 'pokonali', 'w', 'finale', '4', '-', '3', 'San', 'Antonio', 'Spurs', '.']	[0, 0, 0, 0, 0, 0, 0, 0, 3, 0, 0, 0, 0, 0, 3, 4, 0, 0, 0, 0, 0, 0, 3, 4, 4, 0]	pl	Na koniec sezonu cieszył się ze zdobycia mistrzostwa NBA, po tym jak jego Miami Heat pokonali w finale 4 - 3 San Antonio Spurs.
['U', 'jej', 'brzegów', 'łupił', 'Peter', 'Easton', '.']	[0, 0, 0, 0, 1, 2, 0]	pl	U jej brzegów łupił Peter Easton.
['Zarzut', 'sprowadza', 'się', 'do', 'tego', ',', 'że', 'Brygada', 'zbyt', 'szybko', 'opuściła', 'rubież', 'obronną', 'Rudno', 'Jeziorowe', '-', 'Morawy', 'Wielkie', '-', 'Łanięta', '.']	[0, 0, 0, 0, 0, 0, 0, 0, 0, 0, 0, 0, 0, 5, 6, 0, 5, 6, 0, 5, 0]	pl	Zarzut sprowadza się do tego, że Brygada zbyt szybko opuściła rubież obronną Rudno Jeziorowe - Morawy Wielkie - Łanięta.
['Odmienną', 'interpretację', '(', 'mniejszościową', ')', ',', 'zgodnie', 'z', 'którą', 'Platon', 'dosłownie', 'zapisał', 'chronologię', 'powstania', 'świata', ',', 'uznawał', 'Arystoteles', '.']	[0, 0, 0, 0, 0, 0, 0, 0, 0, 1, 0, 0, 0, 0, 0, 0, 0, 1, 0]	pl	Odmienną interpretację (mniejszościową), zgodnie z którą Platon dosłownie zapisał chronologię powstania świata, uznawał Arystoteles.
['Gdy', 'zespół', 'opuścili', 'Piotr', 'Świst', 'i', 'Mariusz', 'Staszewski', 'w', 'klubie', 'postawiono', 'na', 'młodzież', '.']	[0, 0, 0, 1, 2, 0, 1, 2, 0, 0, 0, 0, 0, 0]	pl	Gdy zespół opuścili Piotr Świst i Mariusz Staszewski w klubie postawiono na młodzież.
"['""', 'Saulchoy-sous-Poix', '""', '–', 'miejscowość', 'i', 'gmina', 'we', 'Francji', ',', 'w', 'regionie', 'Hauts-de-France', ',', 'w', 'departamencie', 'Somma', '.']"	[0, 0, 0, 0, 0, 0, 0, 0, 5, 0, 0, 0, 5, 0, 0, 0, 5, 0]	pl	"""Saulchoy-sous-Poix"" – miejscowość i gmina we Francji, w regionie Hauts-de-France, w departamencie Somma."
['Legenda', 'głosi', 'że', 'w', 'jeziorze', 'Lögurinn', 'żyje', 'potwór', ',', 'siostra', 'słynnego', 'potwora', 'z', 'Loch', 'Ness', '.']	[0, 0, 0, 0, 0, 5, 0, 0, 0, 0, 0, 0, 0, 5, 6, 0]	pl	Legenda głosi że w jeziorze Lögurinn żyje potwór, siostra słynnego potwora z Loch Ness.
['Ōkami', 'była', 'jedną', 'z', 'ostatnich', 'gier', 'wydaną', 'na', 'PlayStation', '2', 'przed', 'premierą', 'PlayStation', '3', '.']	[0, 0, 0, 0, 0, 0, 0, 0, 7, 8, 0, 0, 7, 8, 0]	pl	Ōkami była jedną z ostatnich gier wydaną na PlayStation 2 przed premierą PlayStation 3.
['Wieś', 'leży', 'przy', 'drodze', 'wojewódzkiej', 'nr', '681', 'będącej', 'częścią', 'szlaku', 'turystycznego', 'Warszawa', '–', 'Białowieża', ',', 'w', 'strefie', 'chronionego', 'krajobrazu', '.']	[0, 0, 0, 0, 0, 0, 0, 0, 0, 0, 0, 5, 0, 5, 0, 0, 0, 0, 0, 0]	pl	Wieś leży przy drodze wojewódzkiej nr 681 będącej częścią szlaku turystycznego Warszawa – Białowieża, w strefie chronionego krajobrazu.
['Urodziła', 'się', 'w', 'Sacramento', ',', 'w', 'Kalifornii', '.']	[0, 0, 0, 5, 0, 0, 5, 0]	pl	Urodziła się w Sacramento, w Kalifornii.
['Absolwent', 'ekonomii', 'i', 'nauk', 'politycznych', 'na', 'University', 'of', 'Manchester', ',', 'w', '1970', 'na', 'tej', 'samej', 'uczelni', 'doktoryzował', 'się', 'z', 'nauk', 'politycznych', '.']	[0, 0, 0, 0, 0, 0, 5, 6, 6, 0, 0, 0, 0, 0, 0, 0, 0, 0, 0, 0, 0, 0]	pl	Absolwent ekonomii i nauk politycznych na University of Manchester, w 1970 na tej samej uczelni doktoryzował się z nauk politycznych.
['Obecnie', '(', '2020', ')', 'prezydentem', 'miasta', 'jest', 'Krzysztof', 'Matyjaszczyk', ',', 'reprezentant', 'SLD', '.']	[0, 0, 0, 0, 0, 0, 0, 1, 2, 0, 0, 3, 0]	pl	Obecnie (2020) prezydentem miasta jest Krzysztof Matyjaszczyk, reprezentant SLD.
['Leży', 'nad', 'rzeką', 'Radbuza', '.']	[0, 0, 0, 5, 0]	pl	Leży nad rzeką Radbuza.
"['""', 'Gageac-et-Rouillac', '""', '–', 'miejscowość', 'i', 'gmina', 'we', 'Francji', ',', 'w', 'regionie', 'Nowa', 'Akwitania', ',', 'w', 'departamencie', 'Dordogne', '.']"	[0, 0, 0, 0, 0, 0, 0, 0, 5, 0, 0, 0, 5, 6, 0, 0, 0, 5, 0]	pl	"""Gageac-et-Rouillac"" – miejscowość i gmina we Francji, w regionie Nowa Akwitania, w departamencie Dordogne."
['Członkowie', 'zespołu', 'Queen', ',', 'zainspirowani', 'koncertami', 'Live', 'Aid', ',', 'napisali', 'wspólnie', 'utwór', '.']	[0, 0, 3, 0, 0, 0, 7, 8, 0, 0, 0, 0, 0]	pl	Członkowie zespołu Queen, zainspirowani koncertami Live Aid, napisali wspólnie utwór.
['Siedzibą', 'związku', 'od', 'momentu', 'jego', 'założenia', 'jest', 'miasto', 'Saarbrücken', '.']	[0, 0, 0, 0, 0, 0, 0, 0, 5, 0]	pl	Siedzibą związku od momentu jego założenia jest miasto Saarbrücken.
['Wtedy', 'właśnie', 'książę', 'Kazimierz', 'zakazał', 'swoim', 'poddanym', 'korzystania', 'z', 'żeglugi', 'wiślanej', 'przez', 'Toruń', '.']	[0, 0, 0, 1, 0, 0, 0, 0, 0, 0, 0, 0, 5, 0]	pl	Wtedy właśnie książę Kazimierz zakazał swoim poddanym korzystania z żeglugi wiślanej przez Toruń.
['Jednak', 'jej', 'występy', 'na', 'trawie', 'oraz', 'w', 'amerykańskich', 'turniejach', 'poprzedzających', 'US', 'Open', 'nie', 'były', 'najlepsze', '.']	[0, 0, 0, 0, 0, 0, 0, 0, 0, 0, 7, 8, 0, 0, 0, 0]	pl	Jednak jej występy na trawie oraz w amerykańskich turniejach poprzedzających US Open nie były najlepsze.
['Stawką', 'walki', 'był', 'eliminator', 'IBF', 'do', 'pasa', ',', 'który', 'posiada', 'Carl', 'Froch', '.']	[0, 0, 0, 0, 3, 0, 0, 0, 0, 0, 1, 2, 0]	pl	Stawką walki był eliminator IBF do pasa, który posiada Carl Froch.
['W', '1999', 'została', 'po', 'raz', 'pierwszy', 'wybrana', 'do', 'Knesetu', 'z', 'ramienia', 'partii', 'Likud', '.']	[0, 0, 0, 0, 0, 0, 0, 0, 3, 0, 0, 0, 3, 0]	pl	W 1999 została po raz pierwszy wybrana do Knesetu z ramienia partii Likud.
['Znajduje', 'się', 'w', 'Livermore', 'w', 'stanie', 'Kalifornia', '.']	[0, 0, 0, 5, 0, 0, 5, 0]	pl	Znajduje się w Livermore w stanie Kalifornia.
['Bukareszt', 'odmówił', 'też', 'wysłania', 'swego', 'ministra', 'na', 'wspomnianą', 'naradę', '.']	[5, 0, 0, 0, 0, 0, 0, 0, 0, 0]	pl	Bukareszt odmówił też wysłania swego ministra na wspomnianą naradę.
['Kilka', 'dni', 'później', 'to', 'samo', 'uczynił', 'Aleksander', 'Koniecpolski', ',', 'mający', 'przy', 'sobie', 'niedobitki', 'wojsk', 'kwarcianych', '.']	[0, 0, 0, 0, 0, 0, 1, 2, 0, 0, 0, 0, 0, 0, 0, 0]	pl	Kilka dni później to samo uczynił Aleksander Koniecpolski, mający przy sobie niedobitki wojsk kwarcianych.
[',', 'a', 'w', 'Bischofshofen', '18', '.']	[0, 0, 0, 5, 0, 0]	pl	, a w Bischofshofen 18.
"['""', 'Nauru', 'Bwiema', '""', '(', '""', 'Nauru', ',', 'nasza', 'Ojczyzno', '""', ')', '-', 'hymn', 'państwowy', 'Nauru', '.']"	[0, 5, 0, 0, 0, 0, 5, 0, 0, 0, 0, 0, 0, 0, 0, 5, 0]	pl	"""Nauru Bwiema"" (""Nauru, nasza Ojczyzno"") - hymn państwowy Nauru."
['Od', '2018', 'zawodnik', 'FK', 'Atyrau', '.']	[0, 0, 0, 3, 4, 0]	pl	Od 2018 zawodnik FK Atyrau.
['W', 'latach', '1993', '–', '2001', 'uczestniczyła', 'w', 'turniejach', 'WTA', 'Finals', ',', 'bez', 'większych', 'sukcesów', '(', 'dwukrotnie', 'awans', 'do', 'ćwierćfinału', ')', '.']	[0, 0, 0, 0, 0, 0, 0, 0, 7, 8, 0, 0, 0, 0, 0, 0, 0, 0, 0, 0, 0]	pl	W latach 1993 – 2001 uczestniczyła w turniejach WTA Finals, bez większych sukcesów (dwukrotnie awans do ćwierćfinału).
['Używany', 'jest', 'na', 'Fidżi', 'przez', 'ok', '.']	[0, 0, 0, 5, 0, 0, 0]	pl	Używany jest na Fidżi przez ok.
['Jest', 'uważany', 'za', 'najspokojniejszego', 'członka', 'The', 'Rolling', 'Stones', ',', 'nie', 'podzielał', 'z', 'Jaggerem', 'i', 'Richardsem', 'zamiłowania', 'do', 'używek', '.']	[0, 0, 0, 0, 0, 3, 4, 4, 0, 0, 0, 0, 1, 0, 1, 0, 0, 0, 0]	pl	Jest uważany za najspokojniejszego członka The Rolling Stones, nie podzielał z Jaggerem i Richardsem zamiłowania do używek.
['Najczęściej', 'pokazywanymi', 'meczami', ',', 'po', '14', 'razy', ',', 'były', 'spotkania', 'Denver', 'Broncos', 'z', 'Oakland', 'Raiders', 'oraz', 'Dallas', 'Cowboys', 'z', 'Washington', 'Redskins', '.']	[0, 0, 0, 0, 0, 0, 0, 0, 0, 0, 3, 4, 0, 3, 4, 0, 3, 4, 0, 3, 4, 0]	pl	Najczęściej pokazywanymi meczami, po 14 razy, były spotkania Denver Broncos z Oakland Raiders oraz Dallas Cowboys z Washington Redskins.
['Czesław', 'Wiśniewski', ',', 'Jerzy', 'Jesionowski', 'jako', 'uczestnicy', 'kolaudacji', ',', 'która', 'odbyła', 'się', '31', 'października', '1972', 'roku', ',', 'wypowiadali', 'się', 'o', 'nim', 'negatywnie', ',', 'stawiając', 'zarzuty', 'ukazywania', 'osób', 'piastujących', 'wysokie', 'stanowiska', 'w', 'negatywnym', 'świetle', 'oraz', 'dając', 'do', 'zrozumienia', 'reżyserowi', ',', 'że', 'nie', 'będzie', 'tolerancji', 'dla', 'wyszydzania', 'władzy', 'w', 'jego', 'twórczości', '.']	[1, 2, 0, 1, 2, 0, 0, 0, 0, 0, 0, 0, 0, 0, 0, 0, 0, 0, 0, 0, 0, 0, 0, 0, 0, 0, 0, 0, 0, 0, 0, 0, 0, 0, 0, 0, 0, 0, 0, 0, 0, 0, 0, 0, 0, 0, 0, 0, 0, 0]	pl	Czesław Wiśniewski, Jerzy Jesionowski jako uczestnicy kolaudacji, która odbyła się 31 października 1972 roku, wypowiadali się o nim negatywnie, stawiając zarzuty ukazywania osób piastujących wysokie stanowiska w negatywnym świetle oraz dając do zrozumienia reżyserowi, że nie będzie tolerancji dla wyszydzania władzy w jego twórczości.
['W', 'maju', '1982', 'w', 'Götzis', 'odzyskał', 'rekord', 'świata', 'uzyskując', '8730', 'pkt', ',', 'ale', 'w', 'sierpniu', 'ponownie', 'go', 'utracił', ';', 'tym', 'razem', 'nowym', 'rekordzistą', 'został', 'Jürgen', 'Hingsen', 'z', 'RFN', '.']	[0, 0, 0, 0, 5, 0, 0, 0, 0, 0, 0, 0, 0, 0, 0, 0, 0, 0, 0, 0, 0, 0, 0, 0, 1, 2, 0, 5, 0]	pl	W maju 1982 w Götzis odzyskał rekord świata uzyskując 8730 pkt, ale w sierpniu ponownie go utracił; tym razem nowym rekordzistą został Jürgen Hingsen z RFN.
['Na', 'koniec', 'lata', '2004', 'roku', 'firma', 'Intel', 'zapowiedziała', 'prezentację', 'nowego', 'układu', 'scalonego', 'łączącego', 'w', 'sobie', 'funkcje', 'komunikacji', 'wi-fi', 'oraz', 'GSM', '.']	[0, 0, 0, 0, 0, 0, 3, 0, 0, 0, 0, 0, 0, 0, 0, 0, 0, 0, 0, 0, 0]	pl	Na koniec lata 2004 roku firma Intel zapowiedziała prezentację nowego układu scalonego łączącego w sobie funkcje komunikacji wi-fi oraz GSM.
['Ich', 'produkty', 'rozprowadzano', 'przeważnie', 'wśród', 'plemion', 'północnego', 'Kaukazu', 'i', 'stepów', 'nad', 'dolną', 'Wołgą', ',', 'lecz', 'niektóre', 'dotarły', 'na', 'Ural', ',', 'a', 'nawet', 'do', 'krajów', 'położonych', 'dalej', 'na', 'wschód', '.']	[0, 0, 0, 0, 0, 0, 0, 5, 0, 0, 0, 0, 5, 0, 0, 0, 0, 0, 5, 0, 0, 0, 0, 0, 0, 0, 0, 0, 0]	pl	Ich produkty rozprowadzano przeważnie wśród plemion północnego Kaukazu i stepów nad dolną Wołgą, lecz niektóre dotarły na Ural, a nawet do krajów położonych dalej na wschód.
['Dziś', 'Borowec', 'jest', 'dużym', 'ośrodkiem', 'narciarskim', ',', 'w', 'którym', 'dzięki', 'dobremu', 'położeniu', ',', 'długo', 'utrzymują', 'się', 'odpowiednie', 'warunki', 'śniegowe', '.']	[0, 5, 0, 0, 0, 0, 0, 0, 0, 0, 0, 0, 0, 0, 0, 0, 0, 0, 0, 0]	pl	Dziś Borowec jest dużym ośrodkiem narciarskim, w którym dzięki dobremu położeniu, długo utrzymują się odpowiednie warunki śniegowe.
['W', '1957', 'roku', 'papież', 'Pius', 'XII', 'dokonał', 'jedynie', 'ekskomuniki', 'biskupów', 'należących', 'do', 'stowarzyszenia', 'i', 'nowo', 'wyświęconych', 'bez', 'jego', 'zgody', 'nowych', 'hierarchów', 'PSKCh', '.']	[0, 0, 0, 0, 1, 2, 0, 0, 0, 0, 0, 0, 0, 0, 0, 0, 0, 0, 0, 0, 0, 0, 0]	pl	W 1957 roku papież Pius XII dokonał jedynie ekskomuniki biskupów należących do stowarzyszenia i nowo wyświęconych bez jego zgody nowych hierarchów PSKCh.
['Gościnnie', 'w', 'utworze', 'pojawia', 'się', 'Stevie', 'Wonder', ',', 'grając', 'solową', 'partię', 'na', 'harmonijce', 'ustnej', '.']	[0, 0, 0, 0, 0, 1, 2, 0, 0, 0, 0, 0, 0, 0, 0]	pl	Gościnnie w utworze pojawia się Stevie Wonder, grając solową partię na harmonijce ustnej.
['Kilkadziesiąt', 'lat', 'później', ',', 'podczas', 'wojny', 'siedmioletniej', 'w', 'latach', '1757', '-', '1762', 'Kleve', 'okupowali', 'Francuzi', '.']	[0, 0, 0, 0, 0, 0, 0, 0, 0, 0, 0, 0, 5, 0, 5, 0]	pl	Kilkadziesiąt lat później, podczas wojny siedmioletniej w latach 1757 - 1762 Kleve okupowali Francuzi.
['Związany', 'z', 'Krakowem', 'Jan', 'Długosz', ',', 'w', 'spisanych', 'w', 'drugiej', 'połowie', 'XV', 'wieku', 'Rocznikach', 'polskich', ',', 'nadał', 'opowiadaniu', 'o', 'smoku', 'dużą', 'rangę', '.']	[0, 0, 5, 1, 2, 0, 0, 0, 0, 0, 0, 0, 0, 0, 0, 0, 0, 0, 0, 0, 0, 0, 0]	pl	Związany z Krakowem Jan Długosz, w spisanych w drugiej połowie XV wieku Rocznikach polskich, nadał opowiadaniu o smoku dużą rangę.
['1', 'grudnia', 'przedsiębiorstwo', 'uruchomiło', 'nowy', ',', 'własny', 'terminal', 'przeładunkowy', 'Szczebrzeszyn', 'LHS', '.']	[0, 0, 0, 0, 0, 0, 0, 0, 0, 5, 6, 0]	pl	1 grudnia przedsiębiorstwo uruchomiło nowy, własny terminal przeładunkowy Szczebrzeszyn LHS.
['Rezydencja', 'gubernatora', 'znajduje', 'się', 'w', 'samym', 'centrum', 'Perth', 'i', 'otoczona', 'jest', 'pięknymi', 'ogrodami', '.']	[0, 0, 0, 0, 0, 0, 0, 5, 0, 0, 0, 0, 0, 0]	pl	Rezydencja gubernatora znajduje się w samym centrum Perth i otoczona jest pięknymi ogrodami.
"['W', '1996', 'roku', 'piosenkarka', 'pojawiła', 'się', 'w', 'roli', 'cameo', 'w', 'filmie', '""', 'Dziewczyna', 'nr', '6', '""', '.']"	[0, 0, 0, 0, 0, 0, 0, 0, 0, 0, 0, 0, 7, 8, 8, 0, 0]	pl	"W 1996 roku piosenkarka pojawiła się w roli cameo w filmie ""Dziewczyna nr 6""."
['Nadał', 'paliusz', 'Witalisowi', ',', 'biskupowi', 'Grado', ',', 'a', 'także', 'potwierdził', 'prawa', 'Gerony', ',', 'Elne', 'i', 'Roussillon', 'do', 'posiadania', 'własności', 'ziemskich', '.']	[0, 0, 0, 0, 0, 5, 0, 0, 0, 0, 0, 5, 0, 5, 0, 5, 0, 0, 0, 0, 0]	pl	Nadał paliusz Witalisowi, biskupowi Grado, a także potwierdził prawa Gerony, Elne i Roussillon do posiadania własności ziemskich.
['Samochód', 'był', 'napędzany', 'przez', 'silnik', 'Ford', 'Cosworth', 'DFV', 'V8', '.']	[0, 0, 0, 0, 0, 7, 7, 8, 7, 0]	pl	Samochód był napędzany przez silnik Ford Cosworth DFV V8.
['Od', '2002', 'jego', 'żoną', 'jest', 'aktorka', 'i', 'modelka', 'Carol', 'Alt', '.']	[0, 0, 0, 0, 0, 0, 0, 0, 1, 2, 0]	pl	Od 2002 jego żoną jest aktorka i modelka Carol Alt.
"['Wieś', 'jest', 'częścią', 'składową', 'sołectwa', '""', 'Garczegorze', '""', '.']"	[0, 0, 0, 0, 0, 0, 5, 0, 0]	pl	"Wieś jest częścią składową sołectwa ""Garczegorze""."
['W', 'końcu', '7', 'grudnia', 'sterowiec', 'został', 'załadowany', 'w', 'porcie', 'Gioia', 'Tauro', 'we', 'Włoszech', 'na', 'pływający', 'dok', '.']	[0, 0, 0, 0, 0, 0, 0, 0, 0, 5, 6, 0, 5, 0, 0, 0, 0]	pl	W końcu 7 grudnia sterowiec został załadowany w porcie Gioia Tauro we Włoszech na pływający dok.
['Jego', 'rodzina', 'od', 'strony', 'matki', 'pochodzi', 'z', 'miasta', 'Dublin', 'w', 'stanie', 'Ohio', '.']	[0, 0, 0, 0, 0, 0, 0, 0, 5, 0, 0, 5, 0]	pl	Jego rodzina od strony matki pochodzi z miasta Dublin w stanie Ohio.
['W', '1153', 'zmarł', 'jego', 'syn', 'Eustachy', 'IV', 'z', 'Boulogne', '.']	[0, 0, 0, 0, 0, 1, 2, 2, 2, 0]	pl	W 1153 zmarł jego syn Eustachy IV z Boulogne.
['Do', 'najważniejszych', 'sanktuariów', 'maryjnych', 'w', 'regionie', '(', 'prowincja', 'ruska', ')', ',', 'prowadzonych', 'przez', 'ten', 'zakon', 'należały', 'Leżajsk', ',', 'Radecznica', ',', 'czy', 'nawet', 'Lwów', '.']	[0, 0, 0, 0, 0, 0, 0, 0, 0, 0, 0, 0, 0, 0, 0, 0, 5, 0, 5, 0, 0, 0, 5, 0]	pl	Do najważniejszych sanktuariów maryjnych w regionie (prowincja ruska), prowadzonych przez ten zakon należały Leżajsk, Radecznica, czy nawet Lwów.
['Siedziba', 'gminy', 'Narew', '.']	[0, 5, 5, 0]	pl	Siedziba gminy Narew.
['Występuje', 'w', 'Chile', ',', 'ewentualnie', 'w', 'Argentynie', '.']	[0, 0, 5, 0, 0, 0, 5, 0]	pl	Występuje w Chile, ewentualnie w Argentynie.
['wystawiona', 'w', 'Covent', 'Garden', '.']	[0, 0, 5, 6, 0]	pl	wystawiona w Covent Garden.
[',', 'w', 'Garmisch-Partenkirchen', '17', '.']	[0, 0, 5, 0, 0]	pl	, w Garmisch-Partenkirchen 17.
['Z', 'reprezentacją', 'brał', 'udział', 'w', 'turniejach', 'Copa', 'América', ',', 'triumfował', 'w', 'edycji', 'z', 'roku', '1924', '.']	[0, 0, 0, 0, 0, 0, 7, 8, 0, 0, 0, 0, 0, 0, 0, 0]	pl	Z reprezentacją brał udział w turniejach Copa América, triumfował w edycji z roku 1924.
['1', 'października', '1933', 'awansowany', 'do', 'stopnia', 'pułkownika', 'i', 'przeniesiony', 'z', 'wojsk', 'lądowych', '(', 'od', 'grudnia', '1933', ')', 'do', 'tworzącego', 'się', 'właśnie', 'lotnictwa', 'wojskowego', 'Luftwaffe', '.']	[0, 0, 0, 0, 0, 0, 0, 0, 0, 0, 0, 0, 0, 0, 0, 0, 0, 0, 0, 0, 0, 0, 0, 3, 0]	pl	1 października 1933 awansowany do stopnia pułkownika i przeniesiony z wojsk lądowych (od grudnia 1933) do tworzącego się właśnie lotnictwa wojskowego Luftwaffe.
['Graniczy', 'z', 'Allai', ',', 'Mogorella', ',', 'Oristano', ',', 'Palmas', 'Arborea', ',', 'Ruinas', ',', 'Siamanna', ',', 'Usellus', 'i', 'Villa', 'Verde', '.']	[0, 0, 5, 0, 5, 0, 5, 0, 5, 6, 0, 5, 0, 5, 0, 5, 0, 5, 6, 0]	pl	Graniczy z Allai, Mogorella, Oristano, Palmas Arborea, Ruinas, Siamanna, Usellus i Villa Verde.
"['""', 'Mauzac', '""', '–', 'miejscowość', 'i', 'gmina', 'we', 'Francji', ',', 'w', 'regionie', 'Oksytania', ',', 'w', 'departamencie', 'Górna', 'Garonna', '.']"	[0, 0, 0, 0, 0, 0, 0, 0, 5, 0, 0, 0, 5, 0, 0, 0, 5, 6, 0]	pl	"""Mauzac"" – miejscowość i gmina we Francji, w regionie Oksytania, w departamencie Górna Garonna."
['17', 'lutego', '2018', 'grobom', 'tym', 'złożył', 'hołd', 'premier', 'Mateusz', 'Morawiecki', '.']	[0, 0, 0, 0, 0, 0, 0, 0, 1, 2, 0]	pl	17 lutego 2018 grobom tym złożył hołd premier Mateusz Morawiecki.
['W', 'piątek', ',', '29', 'kwietnia', 'o', '13:15', 'w', 'czasie', 'treningu', 'wypadek', 'miał', 'Rubens', 'Barrichello', '.']	[0, 0, 0, 0, 0, 0, 0, 0, 0, 0, 0, 0, 1, 2, 0]	pl	W piątek, 29 kwietnia o 13:15 w czasie treningu wypadek miał Rubens Barrichello.
"['Utwór', 'wchodzi', 'w', 'skład', 'cyklu', '""', 'Pan', 'Samochodzik', '""', ',', 'opisującego', 'przygody', 'historyka', 'sztuki', '-', 'detektywa', 'noszącego', 'to', 'przezwisko', '.']"	[0, 0, 0, 0, 0, 0, 1, 2, 0, 0, 0, 0, 0, 0, 0, 0, 0, 0, 0, 0]	pl	"Utwór wchodzi w skład cyklu ""Pan Samochodzik"", opisującego przygody historyka sztuki - detektywa noszącego to przezwisko."
['Ponadto', 'Australia', 'posiada', 'szereg', 'niewielkich', 'terytoriów', 'zewnętrznych', ',', 'do', 'których', 'jednak', 'odnoszą', 'się', 'zupełnie', 'odrębne', 'zasady', 'administracji', ',', 'bliższe', 'rozwiązaniom', 'stosowanym', 'w', 'przypadku', 'np.', 'kolonii', 'brytyjskich', '.']	[0, 5, 0, 0, 0, 0, 0, 0, 0, 0, 0, 0, 0, 0, 0, 0, 0, 0, 0, 0, 0, 0, 0, 0, 0, 0, 0]	pl	Ponadto Australia posiada szereg niewielkich terytoriów zewnętrznych, do których jednak odnoszą się zupełnie odrębne zasady administracji, bliższe rozwiązaniom stosowanym w przypadku np. kolonii brytyjskich.
['W', 'nim', 'został', 'wybrany', 'z', 'trzynastym', 'numerem', 'przez', 'Toronto', 'Raptors', '.']	[0, 0, 0, 0, 0, 0, 0, 0, 3, 4, 0]	pl	W nim został wybrany z trzynastym numerem przez Toronto Raptors.
['oraz', 'Bogusław', 'Kaczyński', '(', '2008', 'r', '.', ')', '.']	[0, 1, 2, 0, 0, 0, 0, 0, 0]	pl	oraz Bogusław Kaczyński (2008 r.).
"['""', 'Hauban', '""', '–', 'miejscowość', 'i', 'gmina', 'we', 'Francji', ',', 'w', 'regionie', 'Oksytania', ',', 'w', 'departamencie', 'Pireneje', 'Wysokie', '.']"	[0, 0, 0, 0, 0, 0, 0, 0, 5, 0, 0, 0, 5, 0, 0, 0, 5, 6, 0]	pl	"""Hauban"" – miejscowość i gmina we Francji, w regionie Oksytania, w departamencie Pireneje Wysokie."
['Następnie', ',', 'u', 'schyłku', 'XIX', 'wieku', 'powstał', 'dramat', 'muzyczny', ',', 'którego', 'przedstawicielami', 'są', 'Richard', 'Wagner', ',', 'Modest', 'Musorgski', ',', 'Nikołaj', 'Rimski-Korsakow', '.']	[0, 0, 0, 0, 0, 0, 0, 0, 0, 0, 0, 0, 0, 1, 2, 0, 1, 2, 0, 1, 2, 0]	pl	Następnie, u schyłku XIX wieku powstał dramat muzyczny, którego przedstawicielami są Richard Wagner, Modest Musorgski, Nikołaj Rimski-Korsakow.
['W', '312', 'roku', 'wybudowano', 'pierwszą', 'stałą', 'drogę', 'o', 'twardej', 'nawierzchni', '–', 'rzymską', 'Via', 'Appia', 'łącząca', 'Rzym', 'z', 'Kapuą', '.']	[0, 0, 0, 0, 0, 0, 0, 0, 0, 0, 0, 0, 5, 6, 0, 5, 0, 5, 0]	pl	W 312 roku wybudowano pierwszą stałą drogę o twardej nawierzchni – rzymską Via Appia łącząca Rzym z Kapuą.
['Księga', 'Daniela', ')', '.']	[7, 8, 0, 0]	pl	Księga Daniela).
"['""', 'Giurgiu', '""', '–', 'okręg', 'w', 'południowej', 'Rumunii', '(', 'Wołoszczyzna', ')', ',', 'ze', 'stolicą', 'w', 'mieście', 'Giurgiu', '.']"	[0, 5, 0, 0, 0, 0, 0, 5, 0, 5, 0, 0, 0, 0, 0, 0, 5, 0]	pl	"""Giurgiu"" – okręg w południowej Rumunii (Wołoszczyzna), ze stolicą w mieście Giurgiu."
['W', 'centrum', 'obniżenia', 'leży', 'miasto', 'Nowa', 'Ruda', '.']	[0, 0, 0, 0, 0, 5, 6, 0]	pl	W centrum obniżenia leży miasto Nowa Ruda.
['Do', 'obsługi', 'dźwięku', 'zastosowano', 'popularny', 'układ', 'AY-3', '-', '8912', 'używany', 'również', 'w', 'późniejszych', 'modelach', 'ZX', 'Spectrum', ',', 'Amstrad', 'CPC', 'i', 'Atari', 'ST', '.']	[0, 0, 0, 0, 0, 0, 0, 0, 0, 0, 0, 0, 0, 0, 7, 8, 0, 7, 8, 0, 7, 8, 0]	pl	Do obsługi dźwięku zastosowano popularny układ AY-3 - 8912 używany również w późniejszych modelach ZX Spectrum, Amstrad CPC i Atari ST.
['Na', 'północ', 'od', 'górzystej', 'wyspy', 'znajdują', 'się', 'Cieśnina', 'Ombai', ',', 'Cieśnina', 'Wetar', 'oraz', 'większy', 'obszar', 'wód', 'Morze', 'Banda', ',', 'z', 'kolei', 'południowe', 'wybrzeże', 'oblewają', 'wody', 'Morza', 'Timor', ',', 'oddzielając', 'je', 'od', 'Australii', '.']	[0, 0, 0, 0, 0, 0, 0, 5, 6, 0, 5, 6, 0, 0, 0, 0, 5, 6, 0, 0, 0, 0, 0, 0, 0, 5, 5, 0, 0, 0, 0, 5, 0]	pl	Na północ od górzystej wyspy znajdują się Cieśnina Ombai, Cieśnina Wetar oraz większy obszar wód Morze Banda, z kolei południowe wybrzeże oblewają wody Morza Timor, oddzielając je od Australii.
['W', 'grudniu', '1381', 'papież', 'Urban', 'VI', ',', 'z', 'którym', 'łączyło', 'go', 'odległe', 'pokrewieństwo', ',', 'mianował', 'go', 'kardynałem', 'diakonem', 'San', 'Giorgio', 'in', 'Velabro', ',', 'a', 'następnie', 'ok', '.']	[0, 0, 0, 1, 1, 2, 0, 0, 0, 0, 0, 0, 0, 0, 0, 0, 0, 0, 5, 6, 6, 6, 0, 0, 0, 0, 0]	pl	W grudniu 1381 papież Urban VI, z którym łączyło go odległe pokrewieństwo, mianował go kardynałem diakonem San Giorgio in Velabro, a następnie ok.
['Jest', 'obsługiwana', 'przez', 'pociągi', 'pasażerskie', 'Arriva', 'Trains', 'Wales', '.']	[0, 0, 0, 0, 0, 3, 4, 4, 0]	pl	Jest obsługiwana przez pociągi pasażerskie Arriva Trains Wales.
['Zarówno', 'Speuzyp', ',', 'jak', 'i', 'Ksenokrates', 'przyjmowali', 'doktrynę', 'dwóch', 'przeciwnych', 'pryncypiów', '–', 'Jednego', 'oraz', 'Nieskończonej', 'Dyady', '.']	[0, 1, 0, 0, 0, 1, 0, 0, 0, 0, 0, 0, 0, 0, 0, 0, 0]	pl	Zarówno Speuzyp, jak i Ksenokrates przyjmowali doktrynę dwóch przeciwnych pryncypiów – Jednego oraz Nieskończonej Dyady.
['Opuścił', 'grupę', 'we', 'wrześniu', '1996', 'roku', 'z', 'powodu', 'różnic', 'charakterów', 'i', 'odmiennej', 'wizji', 'artystycznej', ',', 'jeszcze', 'przed', 'nagraniem', 'drugiej', 'płyty', ',', 'kiedy', 'zastąpił', 'go', 'Steven', 'Hewitt', '.']	[0, 0, 0, 0, 0, 0, 0, 0, 0, 0, 0, 0, 0, 0, 0, 0, 0, 0, 0, 0, 0, 0, 0, 0, 1, 2, 0]	pl	Opuścił grupę we wrześniu 1996 roku z powodu różnic charakterów i odmiennej wizji artystycznej, jeszcze przed nagraniem drugiej płyty, kiedy zastąpił go Steven Hewitt.
['W', 'lipcu', '2009', 'podpisał', 'kontrakt', 'z', 'mołdawskim', 'klubem', 'Dacia', 'Kiszyniów', ',', 'w', 'którym', 'występował', 'do', 'końca', 'roku', ',', 'a', 'na', 'początku', '2010', 'ponownie', 'trenował', 'się', 'z', 'Metałurhiem', '.']	[0, 0, 0, 0, 0, 0, 0, 0, 3, 4, 0, 0, 0, 0, 0, 0, 0, 0, 0, 0, 0, 0, 0, 0, 0, 0, 0, 0]	pl	W lipcu 2009 podpisał kontrakt z mołdawskim klubem Dacia Kiszyniów, w którym występował do końca roku, a na początku 2010 ponownie trenował się z Metałurhiem.
['Później', 'EMI', 'wymusiło', ',', 'by', 'obok', 'tytułu', 'albumu', 'pojawiła', 'się', 'nazwa', 'grupy', 'Wings', 'oraz', 'nazwisko', 'jej', 'lidera', ',', 'Paula', 'McCartneya', '.']	[0, 3, 0, 0, 0, 0, 0, 0, 0, 0, 0, 0, 3, 0, 0, 0, 0, 0, 1, 2, 0]	pl	Później EMI wymusiło, by obok tytułu albumu pojawiła się nazwa grupy Wings oraz nazwisko jej lidera, Paula McCartneya.
"['""', 'Empury', '""', '–', 'miejscowość', 'i', 'gmina', 'we', 'Francji', ',', 'w', 'regionie', 'Burgundia-Franche-Comté', ',', 'w', 'departamencie', 'Nièvre', '.']"	[0, 0, 0, 0, 0, 0, 0, 0, 5, 0, 0, 0, 5, 0, 0, 0, 5, 0]	pl	"""Empury"" – miejscowość i gmina we Francji, w regionie Burgundia-Franche-Comté, w departamencie Nièvre."
['Otrzymał', 'Order', 'Podwiązki', '.']	[0, 7, 8, 0]	pl	Otrzymał Order Podwiązki.
"['Według', 'danych', 'na', 'rok', '1990', 'gminę', 'zamieszkiwało', '996', 'osób', ',', 'a', 'gęstość', 'zaludnienia', 'wynosiła', '86', '""', 'osób', '/', 'km', '²', '(', 'wśród', '3020', 'gmin', 'regionu', 'Midi-Pireneje', 'Vielmur-sur-Agout', 'plasuje', 'się', 'na', '340', '.']"	[0, 0, 0, 0, 0, 0, 0, 0, 0, 0, 0, 0, 0, 0, 0, 0, 0, 0, 0, 0, 0, 0, 0, 0, 0, 5, 0, 0, 0, 0, 0, 0]	pl	"Według danych na rok 1990 gminę zamieszkiwało 996 osób, a gęstość zaludnienia wynosiła 86 ""osób / km ² (wśród 3020 gmin regionu Midi-Pireneje Vielmur-sur-Agout plasuje się na 340."
['W', 'dziejach', 'polskiej', 'muzyki', 'gatunek', 'ten', 'uprawiało', 'niewielu', 'kompozytorów', ':', 'Fryderyk', 'Chopin', ',', 'Artur', 'Malawski', ',', 'Andrzej', 'Panufnik', ',', 'Krzysztof', 'Meyer', '.']	[0, 0, 0, 0, 0, 0, 0, 0, 0, 0, 1, 2, 0, 1, 2, 0, 1, 2, 0, 1, 2, 0]	pl	W dziejach polskiej muzyki gatunek ten uprawiało niewielu kompozytorów: Fryderyk Chopin, Artur Malawski, Andrzej Panufnik, Krzysztof Meyer.
"['Autorem', 'muzyki', 'jest', 'A.R.', 'Rahman', ',', 'który', 'skomponował', 'też', 'muzykę', 'do', 'takich', 'filmów', 'jak', ':', '""', 'Rangeela', '""', ',', '""', 'Kisna', '""', ',', '""', 'Swades', '""', ',', '""', 'Yuva', '""', ',', '""', 'Water', '""', ',', '""', 'Rebeliant', '""', ',', '""', 'Rang', 'De', 'Basanti', '""', ',', '""', 'Guru', '""', ',', '""', 'Dil', 'Se', '""', ',', '""', 'Saathiya', '""', ',', '""', 'Lagaan', '""', ',', '""', 'Taal', '""', ',', '""', 'Earth', '""', ',', '""', 'Tehzeeb', '""', ',', '""', 'The', 'Legend', 'of', 'Bhagat', 'Singh', '""', ',', '""', 'Kannathil', 'Muthamittal', '""', '.']"	[0, 0, 0, 1, 2, 0, 0, 0, 0, 0, 0, 0, 0, 0, 0, 0, 7, 0, 0, 0, 7, 0, 0, 0, 7, 0, 0, 0, 7, 0, 0, 0, 7, 0, 0, 0, 7, 0, 0, 0, 7, 8, 8, 0, 0, 0, 7, 0, 0, 0, 7, 8, 0, 0, 0, 7, 0, 0, 0, 7, 0, 0, 0, 7, 0, 0, 0, 7, 0, 0, 0, 7, 0, 0, 0, 7, 8, 8, 8, 8, 0, 0, 0, 7, 8, 0, 0]	pl	"Autorem muzyki jest A.R. Rahman, który skomponował też muzykę do takich filmów jak: ""Rangeela"", ""Kisna"", ""Swades"", ""Yuva"", ""Water"", ""Rebeliant"", ""Rang De Basanti"", ""Guru"", ""Dil Se"", ""Saathiya"", ""Lagaan"", ""Taal"", ""Earth"", ""Tehzeeb"", ""The Legend of Bhagat Singh"", ""Kannathil Muthamittal""."
"['""', 'Sars-le-Bois', '""', '–', 'miejscowość', 'i', 'gmina', 'we', 'Francji', ',', 'w', 'regionie', 'Hauts-de-France', ',', 'w', 'departamencie', 'Pas-de-Calais', '.']"	[0, 0, 0, 0, 0, 0, 0, 0, 5, 0, 0, 0, 5, 0, 0, 0, 5, 0]	pl	"""Sars-le-Bois"" – miejscowość i gmina we Francji, w regionie Hauts-de-France, w departamencie Pas-de-Calais."
['Powstała', 'jeszcze', 'druga', 'wersja', 'piosenki', 'w', 'duecie', 'z', 'Katy', 'Perry', 'i', 'piosenkę', 'włączono', 'do', 'wersji', 'deluxe', 'powyższego', 'albumu', '.']	[0, 0, 0, 0, 0, 0, 0, 0, 1, 2, 0, 0, 0, 0, 0, 0, 0, 0, 0]	pl	Powstała jeszcze druga wersja piosenki w duecie z Katy Perry i piosenkę włączono do wersji deluxe powyższego albumu.
['Przeciwko', 'nim', 'wyruszył', 'król', 'perski', 'Dariusz', 'III', '.']	[0, 0, 0, 0, 0, 1, 2, 0]	pl	Przeciwko nim wyruszył król perski Dariusz III.
['Od', 'zachodu', 'graniczy', 'z', 'Mato', 'Grosso', ',', 'od', 'południa', 'z', 'Mato', 'Grosso', 'do', 'Sul', ',', 'od', 'wschodu', 'i', 'południa', 'ze', 'stanem', 'Minas', 'Gerais', ',', 'od', 'wschodu', 'z', 'Bahia', ',', 'a', 'od', 'północy', 'ze', 'stanem', 'Tocantins', '.']	[0, 0, 0, 0, 5, 6, 0, 0, 0, 0, 5, 6, 6, 6, 0, 0, 0, 0, 0, 0, 0, 5, 6, 0, 0, 0, 0, 5, 0, 0, 0, 0, 0, 0, 5, 0]	pl	Od zachodu graniczy z Mato Grosso, od południa z Mato Grosso do Sul, od wschodu i południa ze stanem Minas Gerais, od wschodu z Bahia, a od północy ze stanem Tocantins.
['Jego', 'żona', 'to', 'zapaśniczka', 'Jessica', 'MacDonald', '.']	[0, 0, 0, 0, 1, 2, 0]	pl	Jego żona to zapaśniczka Jessica MacDonald.
"['""', 'Crasville-la-Rocquefort', '""', '–', 'miejscowość', 'i', 'gmina', 'we', 'Francji', ',', 'w', 'regionie', 'Normandia', ',', 'w', 'departamencie', 'Sekwana', 'Nadmorska', '.']"	[0, 0, 0, 0, 0, 0, 0, 0, 5, 0, 0, 0, 5, 0, 0, 0, 5, 6, 0]	pl	"""Crasville-la-Rocquefort"" – miejscowość i gmina we Francji, w regionie Normandia, w departamencie Sekwana Nadmorska."
['Pochowany', 'na', 'cmentarzu', 'w', 'Wrexham', '.']	[0, 0, 0, 0, 5, 0]	pl	Pochowany na cmentarzu w Wrexham.
['System', 'jest', 'dostarczany', 'z', 'X', 'Window', 'System', 'i', 'trzema', 'menedżerami', 'okien', ':', 'domyślnym', 'FVWM', ',', 'minimalistycznym', 'cwm', 'i', 'Twm', '.']	[0, 0, 0, 0, 7, 8, 8, 0, 0, 0, 0, 0, 0, 0, 0, 0, 0, 0, 0, 0]	pl	System jest dostarczany z X Window System i trzema menedżerami okien: domyślnym FVWM, minimalistycznym cwm i Twm.
['Jej', 'stolica', 'to', 'Gandawa', '.']	[0, 0, 0, 5, 0]	pl	Jej stolica to Gandawa.
['Czołowym', 'zespołem', 'muzyki', 'glam', 'był', 'David', 'Bowie', ',', 'który', 'swoją', 'pierwszą', 'płytę', 'wydał', 'jeszcze', 'w', '1967', 'r', '.']	[0, 0, 0, 0, 0, 1, 2, 0, 0, 0, 0, 0, 0, 0, 0, 0, 0, 0]	pl	Czołowym zespołem muzyki glam był David Bowie, który swoją pierwszą płytę wydał jeszcze w 1967 r.
['Zmiennocieplność', 'dinozaurów', 'została', 'jednak', 'podana', 'w', 'wątpliwość', 'przez', 'naukowców', 'takich', 'jak', 'Robert', 'Bakker', 'i', 'John', 'Ostrom', 'we', 'wczesnych', 'latach', '„', 'renesansu', 'dinozaurów', '”', ',', 'który', 'zaczął', 'się', 'w', 'późnych', 'latach', 'sześćdziesiątych', 'XX', 'wieku', '.']	[0, 0, 0, 0, 0, 0, 0, 0, 0, 0, 0, 1, 2, 0, 1, 2, 0, 0, 0, 0, 0, 0, 0, 0, 0, 0, 0, 0, 0, 0, 0, 0, 0, 0]	pl	Zmiennocieplność dinozaurów została jednak podana w wątpliwość przez naukowców takich jak Robert Bakker i John Ostrom we wczesnych latach „renesansu dinozaurów ”, który zaczął się w późnych latach sześćdziesiątych XX wieku.
['Miał', 'sześciu', 'braci', '(', 'jednym', 'z', 'nich', 'był', 'niesławny', 'Samuel', 'Zborowski', ')', 'i', 'sześć', 'sióstr', '.']	[0, 0, 0, 0, 0, 0, 0, 0, 0, 1, 2, 0, 0, 0, 0, 0]	pl	Miał sześciu braci (jednym z nich był niesławny Samuel Zborowski) i sześć sióstr.
['Autorem', 'tej', 'numeracji', 'był', 'brytyjski', 'badacz', 'Thomas', 'George', 'Montgomerie', '.']	[0, 0, 0, 0, 0, 0, 1, 2, 2, 0]	pl	Autorem tej numeracji był brytyjski badacz Thomas George Montgomerie.
['lat', 'p.n.e.', 'Pozostałości', 'po', 'kulturze', 'Teotihuacán', '(', '150', 'p.n.e.', '–', '750', 'n.e.', ')', 'są', 'porozrzucane', 'po', 'całym', 'regionie', '.']	[0, 0, 0, 0, 0, 5, 0, 0, 0, 0, 0, 0, 0, 0, 0, 0, 0, 0, 0]	pl	lat p.n.e. Pozostałości po kulturze Teotihuacán (150 p.n.e. – 750 n.e.) są porozrzucane po całym regionie.
['W', 'latach', '1941', '–', '1942', 'pracował', 'jako', 'grający', 'trener', 'w', 'zespole', 'Deportivo', 'La', 'Coruña', '.']	[0, 0, 0, 0, 0, 0, 0, 0, 0, 0, 0, 3, 4, 4, 0]	pl	W latach 1941 – 1942 pracował jako grający trener w zespole Deportivo La Coruña.
['Pod', 'względem', 'zaludnienia', 'Bräcke', 'jest', '250', '.']	[0, 0, 0, 5, 0, 0, 0]	pl	Pod względem zaludnienia Bräcke jest 250.
['W', 'wydarzeniu', 'wzięły', 'udział', 'dwie', 'poprzednie', 'wokalistki', ':', 'Justyna', 'Majkowska', 'i', 'Anna', 'Świątczak', '.']	[0, 0, 0, 0, 0, 0, 0, 0, 1, 2, 0, 1, 2, 0]	pl	W wydarzeniu wzięły udział dwie poprzednie wokalistki: Justyna Majkowska i Anna Świątczak.
['Po', 'tym', 'osiągnięciu', 'on', 'i', 'Milling', 'zostali', 'wysłani', 'do', 'Fort', 'Riley', 'w', 'Kansas', ',', 'by', 'prowadzić', 'doświadczenia', 'z', 'kierowaniem', 'z', 'powietrza', 'ogniem', 'artylerii', 'polowej', '.']	[0, 0, 0, 0, 0, 0, 0, 0, 0, 5, 6, 0, 5, 0, 0, 0, 0, 0, 0, 0, 0, 0, 0, 0, 0]	pl	Po tym osiągnięciu on i Milling zostali wysłani do Fort Riley w Kansas, by prowadzić doświadczenia z kierowaniem z powietrza ogniem artylerii polowej.
['W', 'Warszawie', 'przegrała', 'w', 'półfinale', 'z', 'Justine', 'Henin', '.']	[0, 5, 0, 0, 0, 0, 1, 2, 0]	pl	W Warszawie przegrała w półfinale z Justine Henin.
['Za', 'głośne', '„', 'crack', '”', 'słyszane', 'w', '0:30', 'utworu', '(', 'a', 'następnie', 'wielokrotnie', 'w', 'całym', 'utworze', ')', 'odpowiedzialny', 'jest', 'basista', 'Jason', 'Newsted', ',', 'który', 'gra', 'go', 'na', '12-strunowej', 'gitarze', 'basowej', '.']	[0, 0, 0, 0, 0, 0, 0, 0, 0, 0, 0, 0, 0, 0, 0, 0, 0, 0, 0, 0, 1, 2, 0, 0, 0, 0, 0, 0, 0, 0, 0]	pl	Za głośne „crack ” słyszane w 0:30 utworu (a następnie wielokrotnie w całym utworze) odpowiedzialny jest basista Jason Newsted, który gra go na 12-strunowej gitarze basowej.
['Brązowy', 'medalista', 'igrzysk', 'olimpijskich', 'w', '2004', 'i', 'w', '2008', 'roku', '(', 'partnerował', 'mu', 'Santiago', 'Lange', ')', 'w', 'klasie', 'Tornado', '.']	[0, 0, 0, 0, 0, 0, 0, 0, 0, 0, 0, 0, 0, 1, 2, 0, 0, 0, 7, 0]	pl	Brązowy medalista igrzysk olimpijskich w 2004 i w 2008 roku (partnerował mu Santiago Lange) w klasie Tornado.
"['Nowością', 'na', 'w', 'wydanym', 'w', '1973', 'albumie', '""', 'Sabbath', 'Bloody', 'Sabbath', '""', 'było', 'zastosowanie', 'syntezatorów', 'w', 'utworze', '„', '""', 'Who', 'Are', 'You', '?', '""']"	[0, 0, 0, 0, 0, 0, 0, 0, 7, 8, 8, 0, 0, 0, 0, 0, 0, 0, 0, 8, 8, 8, 8, 0]	pl	"Nowością na w wydanym w 1973 albumie ""Sabbath Bloody Sabbath"" było zastosowanie syntezatorów w utworze „"" Who Are You? """
['Jeden', 'z', 'bardziej', 'znaczących', 'krytyków', 'transhumanizmu', ',', 'Bill', 'Joy', ',', 'współzałożyciel', 'Sun', 'Microsystems', ',', 'przekonuje', 'w', 'swym', 'eseju', '„', 'Why', 'the', 'future', 'doesn', '’', 't', 'need', 'us', '”', ',', 'że', 'istoty', 'ludzkie', 'dzięki', 'zdobyczom', 'transhumanizmu', 'najprawdopodobniej', 'przypieczętowałyby', 'jedynie', 'swoje', 'wyginięcie', '.']	[0, 0, 0, 0, 0, 0, 0, 1, 2, 0, 0, 3, 4, 0, 0, 0, 0, 0, 0, 0, 0, 0, 0, 0, 0, 0, 0, 0, 0, 0, 0, 0, 0, 0, 0, 0, 0, 0, 0, 0, 0]	pl	Jeden z bardziej znaczących krytyków transhumanizmu, Bill Joy, współzałożyciel Sun Microsystems, przekonuje w swym eseju „Why the future doesn ’ t need us ”, że istoty ludzkie dzięki zdobyczom transhumanizmu najprawdopodobniej przypieczętowałyby jedynie swoje wyginięcie.
['9', 'grudnia', '1980', 'w', 'Celje', ')', '–', 'słoweński', 'piłkarz', 'ręczny', ',', 'lewoskrzydłowy', ',', 'od', '2010', 'zawodnik', 'RK', 'Celje', '.']	[0, 0, 0, 0, 5, 0, 0, 0, 0, 0, 0, 0, 0, 0, 0, 0, 3, 4, 0]	pl	9 grudnia 1980 w Celje) – słoweński piłkarz ręczny, lewoskrzydłowy, od 2010 zawodnik RK Celje.
['Od', '2014', 'roku', 'współtworzy', 'supergrupę', 'Revolution', 'Saints', '.']	[0, 0, 0, 0, 0, 3, 4, 0]	pl	Od 2014 roku współtworzy supergrupę Revolution Saints.
['Justyn', 'Męczennik', 'skierował', 'do', 'cesarza', 'jedną', 'ze', 'swych', 'Apologii', '.']	[1, 2, 0, 0, 0, 0, 0, 0, 0, 0]	pl	Justyn Męczennik skierował do cesarza jedną ze swych Apologii.
"['Jako', 'pierwszy', 'określenia', '""', 'komētēs', '""', 'użył', 'Arystoteles', ',', 'opisując', 'je', 'jako', '""', 'gwiazdy', 'z', 'włosami', '""', '.']"	[0, 0, 0, 0, 0, 0, 0, 1, 0, 0, 0, 0, 0, 0, 0, 0, 0, 0]	pl	"Jako pierwszy określenia ""komētēs"" użył Arystoteles, opisując je jako ""gwiazdy z włosami""."
['Swojego', 'pierwszego', 'gola', 'w', 'reprezentacji', 'strzelił', 'wtedy', 'Włodzimierz', 'Lubański', ',', 'czołowa', 'postać', 'tej', 'drużyny', 'w', 'kolejnych', 'latach', '.']	[0, 0, 0, 0, 0, 0, 0, 1, 2, 0, 0, 0, 0, 0, 0, 0, 0, 0]	pl	Swojego pierwszego gola w reprezentacji strzelił wtedy Włodzimierz Lubański, czołowa postać tej drużyny w kolejnych latach.
['Przywiezione', 'przez', 'niego', 'i', 'Quoya', 'okazy', 'fauny', 'stworzyły', 'podstawy', 'kolekcji', 'Muzeum', 'Historii', 'Naturalnej', 'w', 'Paryżu', '.']	[0, 0, 0, 0, 0, 0, 0, 0, 0, 0, 5, 6, 6, 6, 6, 0]	pl	Przywiezione przez niego i Quoya okazy fauny stworzyły podstawy kolekcji Muzeum Historii Naturalnej w Paryżu.
"['""', 'Moitron-sur-Sarthe', '""', '–', 'miejscowość', 'i', 'gmina', 'we', 'Francji', ',', 'w', 'regionie', 'Kraj', 'Loary', ',', 'w', 'departamencie', 'Sarthe', '.']"	[0, 0, 0, 0, 0, 0, 0, 0, 5, 0, 0, 0, 5, 6, 0, 0, 0, 5, 0]	pl	"""Moitron-sur-Sarthe"" – miejscowość i gmina we Francji, w regionie Kraj Loary, w departamencie Sarthe."
"['Gra', '""', 'Pong', '""', '–', 'pierwszy', 'produkt', 'Atari', ',', 'odniosła', 'sukces', 'i', 'dała', 'Bushnellowi', 'środki', 'na', 'ekspansję', '.']"	[0, 0, 7, 0, 0, 0, 0, 3, 0, 0, 0, 0, 0, 0, 0, 0, 0, 0]	pl	"Gra ""Pong"" – pierwszy produkt Atari, odniosła sukces i dała Bushnellowi środki na ekspansję."
['W', 'Wimbledonie', 'awansowała', 'do', 'półfinału', ',', 'pokonana', 'przez', 'Bryanne', 'Stewart', '.']	[0, 5, 0, 0, 0, 0, 0, 0, 1, 2, 0]	pl	W Wimbledonie awansowała do półfinału, pokonana przez Bryanne Stewart.
['Nie', 'brak', 'głosów', ',', 'że', 'władze', 'amerykańskie', 'nadużyły', 'zamachu', 'do', 'usprawiedliwienia', 'ataków', 'na', 'Afganistan', 'i', 'Irak', 'oraz', 'ograniczenia', 'praw', 'obywatelskich', '.']	[0, 0, 0, 0, 0, 0, 0, 0, 0, 0, 0, 0, 0, 5, 0, 5, 0, 0, 0, 0, 0]	pl	Nie brak głosów, że władze amerykańskie nadużyły zamachu do usprawiedliwienia ataków na Afganistan i Irak oraz ograniczenia praw obywatelskich.
"['W', '2020', 'Ryszard', 'Poznakowski', 'napisał', 'specjalny', 'tekst', 'do', 'piosenki', 'wykonanej', 'przez', 'niego', 'do', 'melodii', 'utworu', '""', 'Gdzie', 'się', 'podziały', 'tamte', 'prywatki', '""', '.']"	[0, 0, 1, 2, 0, 0, 0, 0, 0, 0, 0, 0, 0, 0, 0, 0, 0, 0, 0, 0, 0, 0, 0]	pl	"W 2020 Ryszard Poznakowski napisał specjalny tekst do piosenki wykonanej przez niego do melodii utworu ""Gdzie się podziały tamte prywatki""."
"['Pobrali', 'się', 'w', 'Yuma', 'w', 'stanie', 'Arizona', ',', 'w', 'trakcie', 'prac', 'nad', '""', 'Wybuchową', 'blondynką', '""', '(', '1933', ')', '.']"	[0, 0, 0, 5, 0, 0, 5, 0, 0, 0, 0, 0, 0, 0, 0, 0, 0, 0, 0, 0]	pl	"Pobrali się w Yuma w stanie Arizona, w trakcie prac nad ""Wybuchową blondynką"" (1933)."
"['""', 'Ecuélin', '""', '–', 'miejscowość', 'i', 'gmina', 'we', 'Francji', ',', 'w', 'regionie', 'Hauts-de-France', ',', 'w', 'departamencie', 'Nord', '.']"	[0, 0, 0, 0, 0, 0, 0, 0, 5, 0, 0, 0, 5, 0, 0, 0, 5, 0]	pl	"""Ecuélin"" – miejscowość i gmina we Francji, w regionie Hauts-de-France, w departamencie Nord."
"['Odkrył', 'ją', 'Lewis', 'A.', 'Swift', '9', '""', 'października', '1885', 'roku', '.']"	[0, 0, 1, 2, 2, 0, 0, 0, 0, 0, 0]	pl	"Odkrył ją Lewis A. Swift 9 ""października 1885 roku."
['W', 'przypadku', 'IPv4', 'podawana', 'jest', 'najczęściej', 'w', 'postaci', 'czterech', 'liczb', '8-bitowych', 'zapisanych', 'zazwyczaj', 'dziesiętnie', 'i', 'oddzielonych', 'kropkami', '(', 'na', 'przykład', '255.255.255.224', ')', '.']	[0, 0, 7, 0, 0, 0, 0, 0, 0, 0, 0, 0, 0, 0, 0, 0, 0, 0, 0, 0, 0, 0, 0]	pl	W przypadku IPv4 podawana jest najczęściej w postaci czterech liczb 8-bitowych zapisanych zazwyczaj dziesiętnie i oddzielonych kropkami (na przykład 255.255.255.224).
['Przerzucony', 'następnie', 'pod', 'Wilno', ',', 'na', 'polsko–litewską', 'linię', 'demarkacyjną', ',', 'pozostał', 'na', 'pozycjach', 'do', 'stycznia', '1920', '.']	[0, 0, 0, 5, 0, 0, 0, 0, 0, 0, 0, 0, 0, 0, 0, 0, 0]	pl	Przerzucony następnie pod Wilno, na polsko–litewską linię demarkacyjną, pozostał na pozycjach do stycznia 1920.
['Jest', 'to', 'obecnie', 'przyjmowana', 'wartość', ',', 'zgadzająca', 'się', 'z', 'wynikami', 'obserwacji', 'cefeid', 'oraz', 'pomiarami', 'przeprowadzonymi', 'przy', 'pomocy', 'satelity', 'Hipparcos', '(', 'po', 'korekcie', ')', '.']	[0, 0, 0, 0, 0, 0, 0, 0, 0, 0, 0, 0, 0, 0, 0, 0, 0, 0, 7, 0, 0, 0, 0, 0]	pl	Jest to obecnie przyjmowana wartość, zgadzająca się z wynikami obserwacji cefeid oraz pomiarami przeprowadzonymi przy pomocy satelity Hipparcos (po korekcie).
['W', 'ciągu', 'następnych', 'trzech', 'lat', 'umacniał', 'swoją', 'władzę', ',', 'równocześnie', 'izolując', 'kalifa', 'od', 'świata', 'w', 'nowym', 'pałacu', 'Medina', 'Azahara', '.']	[0, 0, 0, 0, 0, 0, 0, 0, 0, 0, 0, 0, 0, 0, 0, 0, 0, 5, 6, 0]	pl	W ciągu następnych trzech lat umacniał swoją władzę, równocześnie izolując kalifa od świata w nowym pałacu Medina Azahara.
['Do', 'drugiej', 'tury', 'przeszli', 'Włodzimierz', 'Czarzasty', 'i', 'Jerzy', 'Wenderlich', '.']	[0, 0, 0, 0, 1, 2, 0, 1, 2, 0]	pl	Do drugiej tury przeszli Włodzimierz Czarzasty i Jerzy Wenderlich.
['Zawodnik', 'klubu', 'New', 'York', 'City', 'FC', '.']	[0, 0, 3, 4, 4, 4, 0]	pl	Zawodnik klubu New York City FC.
['9', 'stycznia', '2013', 'został', 'wypożyczony', 'do', 'końca', 'sezonu', 'do', 'SSC', 'Napoli', '.']	[0, 0, 0, 0, 0, 0, 0, 0, 0, 3, 4, 0]	pl	9 stycznia 2013 został wypożyczony do końca sezonu do SSC Napoli.
['Smolarnia', ')', 'i', 'Dniepr', 'oraz', 'na', 'Pomorzu', '.']	[0, 0, 0, 5, 0, 0, 5, 0]	pl	Smolarnia) i Dniepr oraz na Pomorzu.
['Wersja', 'na', 'najnowszą', 'konsolę', 'Nintendo', 'została', 'wydana', '2', 'i', 'pół', 'roku', 'po', 'oficjalnej', 'premierze', 'na', 'GameCube', '.']	[0, 0, 0, 0, 3, 0, 0, 0, 0, 0, 0, 0, 0, 0, 0, 7, 0]	pl	Wersja na najnowszą konsolę Nintendo została wydana 2 i pół roku po oficjalnej premierze na GameCube.
['W', 'finale', 'Annabel', 'pokonała', '6:0', ',', '7:6', '(', '5', ')', 'rozstawioną', 'z', 'jedynką', 'Wendy', 'Turnbull', '.']	[0, 0, 0, 0, 0, 0, 0, 0, 0, 0, 0, 0, 0, 1, 2, 0]	pl	W finale Annabel pokonała 6:0, 7:6 (5) rozstawioną z jedynką Wendy Turnbull.
['Córką', 'jest', 'literaturoznawczyni', 'i', 'krytyczka', 'literatury', 'Marta', 'Wyka', '(', 'ur', '.']	[0, 0, 0, 0, 0, 0, 1, 2, 0, 0, 0]	pl	Córką jest literaturoznawczyni i krytyczka literatury Marta Wyka (ur.
"['Według', 'danych', 'na', 'rok', '1990', 'gminę', 'zamieszkiwało', '611', 'osób', ',', 'a', 'gęstość', 'zaludnienia', 'wynosiła', '53', '""', 'osób', '/', 'km', '²', '(', 'wśród', '1549', 'gmin', 'regionu', 'Nord-Pas-de-Calais', 'Graincourt-lès-Havrincourt', 'plasuje', 'się', 'na', '713', '.']"	[0, 0, 0, 0, 0, 0, 0, 0, 0, 0, 0, 0, 0, 0, 0, 0, 0, 0, 0, 0, 0, 0, 0, 0, 0, 5, 0, 0, 0, 0, 0, 0]	pl	"Według danych na rok 1990 gminę zamieszkiwało 611 osób, a gęstość zaludnienia wynosiła 53 ""osób / km ² (wśród 1549 gmin regionu Nord-Pas-de-Calais Graincourt-lès-Havrincourt plasuje się na 713."
['W', 'walce', 'o', 'ćwierćfinał', 'uległa', 'Kim', 'Clijsters', '2:6', ',', '1:6', '.']	[0, 0, 0, 0, 0, 1, 2, 0, 0, 0, 0]	pl	W walce o ćwierćfinał uległa Kim Clijsters 2:6, 1:6.
['W', '1984', 'został', 'zaproszony', 'do', 'Pamiru', 'Duszanbe', '.']	[0, 0, 0, 0, 0, 5, 5, 0]	pl	W 1984 został zaproszony do Pamiru Duszanbe.
['Największe', 'rzeki', 'powiatu', 'to', ':', 'Bug', ',', 'Krzna', ',', 'Zielawa', ',', 'Rudka', ',', 'i', 'Klukówka', ',', 'gdzie', 'na', 'rozległych', 'łąkach', 'wzdłuż', 'tych', 'rzek', 'występują', 'koloniami', ':', 'czajki', ',', 'rycki', ',', 'rzadkie', 'w', 'kraju', 'kuliki', 'wielkie', '.']	[0, 0, 0, 0, 0, 5, 0, 5, 0, 5, 0, 5, 0, 0, 5, 0, 0, 0, 0, 0, 0, 0, 0, 0, 0, 0, 0, 0, 0, 0, 0, 0, 0, 0, 0, 0]	pl	Największe rzeki powiatu to: Bug, Krzna, Zielawa, Rudka, i Klukówka, gdzie na rozległych łąkach wzdłuż tych rzek występują koloniami: czajki, rycki, rzadkie w kraju kuliki wielkie.
"['""', 'Reignac', '""', '–', 'miejscowość', 'i', 'gmina', 'we', 'Francji', ',', 'w', 'regionie', 'Nowa', 'Akwitania', ',', 'w', 'departamencie', 'Żyronda', '.']"	[0, 0, 0, 0, 0, 0, 0, 0, 5, 0, 0, 0, 5, 6, 0, 0, 0, 5, 0]	pl	"""Reignac"" – miejscowość i gmina we Francji, w regionie Nowa Akwitania, w departamencie Żyronda."
['Dążył', 'do', 'utrzymania', 'posiadłości', 'kolonialnych', ',', 'korzystając', 'ze', 'wsparcia', 'krajów', 'NATO', 'głównie', 'USA', 'oraz', 'RPA', 'i', 'Rodezji', '.']	[0, 0, 0, 0, 0, 0, 0, 0, 0, 0, 3, 0, 5, 0, 5, 0, 5, 0]	pl	Dążył do utrzymania posiadłości kolonialnych, korzystając ze wsparcia krajów NATO głównie USA oraz RPA i Rodezji.
['Oba', 'wyścigi', 'na', 'ulicznym', 'obiekcie', 'Monte', 'Carlo', 'zakończył', 'jednak', 'na', 'odległej', 'siedemnastej', 'i', 'dziewiętnastej', 'pozycji', '.']	[0, 0, 0, 0, 0, 5, 6, 0, 0, 0, 0, 0, 0, 0, 0, 0]	pl	Oba wyścigi na ulicznym obiekcie Monte Carlo zakończył jednak na odległej siedemnastej i dziewiętnastej pozycji.
['Z', 'klubem', 'Detroit', 'Red', 'Wings', 'związał', 'się', '2', 'kwietnia', '2004', 'jako', 'wolny', 'agent', '.']	[0, 0, 3, 4, 4, 0, 0, 0, 0, 0, 0, 0, 0, 0]	pl	Z klubem Detroit Red Wings związał się 2 kwietnia 2004 jako wolny agent.
['Stolicą', 'obwodu', 'jest', 'Kropywnycki', '.']	[0, 0, 0, 5, 0]	pl	Stolicą obwodu jest Kropywnycki.
['IOC', 'wyróżnia', '30', 'podgatunków', ',', 'podobnie', 'jak', 'autorzy', 'Handbook', 'of', 'the', 'Birds', 'of', 'the', 'World', '.']	[0, 0, 0, 0, 0, 0, 0, 0, 7, 8, 8, 8, 8, 8, 8, 0]	pl	IOC wyróżnia 30 podgatunków, podobnie jak autorzy Handbook of the Birds of the World.
"['Arystoteles', 'wymienia', 'monarchię', 'jako', 'najlepszy', 'ustrój', 'polityczny', ',', 'jednak', 'dokonuje', 'on', 'wyraźnego', 'rozdzielenia', 'na', 'ustrój', '""', 'najlepszy', '""', 'i', '""', 'możliwy', 'do', 'realizacji', '""', '.']"	[1, 0, 0, 0, 0, 0, 0, 0, 0, 0, 0, 0, 0, 0, 0, 0, 0, 0, 0, 0, 0, 0, 0, 0, 0]	pl	"Arystoteles wymienia monarchię jako najlepszy ustrój polityczny, jednak dokonuje on wyraźnego rozdzielenia na ustrój ""najlepszy"" i ""możliwy do realizacji""."
"['""', 'Hures-la-Parade', '""', '–', 'miejscowość', 'i', 'gmina', 'we', 'Francji', ',', 'w', 'regionie', 'Oksytania', ',', 'w', 'departamencie', 'Lozère', '.']"	[0, 0, 0, 0, 0, 0, 0, 0, 5, 0, 0, 0, 5, 0, 0, 0, 5, 0]	pl	"""Hures-la-Parade"" – miejscowość i gmina we Francji, w regionie Oksytania, w departamencie Lozère."
"['Według', 'danych', 'na', 'rok', '1990', 'gminę', 'zamieszkiwały', '74', 'osoby', ',', 'a', 'gęstość', 'zaludnienia', 'wynosiła', '12', '""', 'osób', '/', 'km', '²', '(', 'wśród', '1786', 'gmin', 'Franche-Comté', 'Brey-et-Maison-du-Bois', 'plasuje', 'się', 'na', '669', '.']"	[0, 0, 0, 0, 0, 0, 0, 0, 0, 0, 0, 0, 0, 0, 0, 0, 0, 0, 0, 0, 0, 0, 0, 0, 5, 0, 0, 0, 0, 0, 0]	pl	"Według danych na rok 1990 gminę zamieszkiwały 74 osoby, a gęstość zaludnienia wynosiła 12 ""osób / km ² (wśród 1786 gmin Franche-Comté Brey-et-Maison-du-Bois plasuje się na 669."
['Do', 'niedzielnego', 'startu', 'na', 'włoskim', 'torze', 'Autodromo', 'Nazionale', 'di', 'Monza', 'startował', 'z', 'pole', 'position', '(', 'po', 'odwróceniu', 'kolejności', ')', ',', 'jednak', 'nie', 'wykorzystał', 'tej', 'okazji', 'do', 'zwycięstwa', '.']	[0, 0, 0, 0, 0, 0, 5, 6, 6, 6, 0, 0, 0, 0, 0, 0, 0, 0, 0, 0, 0, 0, 0, 0, 0, 0, 0, 0]	pl	Do niedzielnego startu na włoskim torze Autodromo Nazionale di Monza startował z pole position (po odwróceniu kolejności), jednak nie wykorzystał tej okazji do zwycięstwa.
['Obejmuje', 'miasta', ':', 'Boston', ',', 'Hartford', ',', 'Nowy', 'Jork', ',', 'Filadelfia', ',', 'Baltimore', 'i', 'Waszyngton', '.']	[0, 0, 0, 5, 0, 5, 0, 5, 6, 0, 5, 0, 5, 0, 5, 0]	pl	Obejmuje miasta: Boston, Hartford, Nowy Jork, Filadelfia, Baltimore i Waszyngton.
['Dopiero', 'w', '1980', 'roku', 'ogłoszono', 'amnestię', ',', 'dzięki', 'której', 'U', 'Nu', 'mógł', 'wrócić', 'do', 'kraju', '(', 'jednak', 'z', 'czasem', 'w', 'coraz', 'większym', 'stopniu', 'skupiał', 'się', 'na', 'praktykach', 'medytacyjnych', 'zamiast', 'politycznych', ')', '.']	[0, 0, 0, 0, 0, 0, 0, 0, 0, 1, 2, 0, 0, 0, 0, 0, 0, 0, 0, 0, 0, 0, 0, 0, 0, 0, 0, 0, 0, 0, 0, 0]	pl	Dopiero w 1980 roku ogłoszono amnestię, dzięki której U Nu mógł wrócić do kraju (jednak z czasem w coraz większym stopniu skupiał się na praktykach medytacyjnych zamiast politycznych).
['19', 'września', '2014', 'podpisał', 'kontrakt', 'z', 'Cleveland', 'Cavaliers', '.']	[0, 0, 0, 0, 0, 0, 3, 4, 0]	pl	19 września 2014 podpisał kontrakt z Cleveland Cavaliers.
['Pięciokrotnie', 'poprawiała', 'rekord', 'ZSRR', 'w', 'pięcioboju', 'w', 'latach', '1969', '-', '1973', ',', 'doprowadzając', 'go', 'do', 'wyniku', '4754', 'punkty', '(', '10', 'sierpnia', '1973', ',', 'Jessentuki', ')', ',', 'będącego', 'zarazem', 'jej', 'rekordem', 'życiowym', '.']	[0, 0, 0, 3, 0, 0, 0, 0, 0, 0, 0, 0, 0, 0, 0, 0, 0, 0, 0, 0, 0, 0, 0, 5, 0, 0, 0, 0, 0, 0, 0, 0]	pl	Pięciokrotnie poprawiała rekord ZSRR w pięcioboju w latach 1969 - 1973, doprowadzając go do wyniku 4754 punkty (10 sierpnia 1973, Jessentuki), będącego zarazem jej rekordem życiowym.
['XX', 'wieku', 'jako', 'członkowie', 'grupy', 'The', 'Syn', '.']	[0, 0, 0, 0, 0, 3, 4, 0]	pl	XX wieku jako członkowie grupy The Syn.
['w', 'Altamirze', '(', 'Hiszpania', ')', ',', 'datowane', 'na', '13,5', '-', '11', 'tys', '.']	[0, 5, 0, 5, 0, 0, 0, 0, 0, 0, 0, 0, 0]	pl	w Altamirze (Hiszpania), datowane na 13,5 - 11 tys.
"['""', 'Ambasadorzy', 'dobrej', 'woli', 'UNESCO', '""', 'to', 'znane', 'osobistości', ',', 'które', 'wykorzystują', 'swój', 'talent', 'lub', 'sławę', ',', 'by', 'szerzyć', 'ideały', 'UNESCO', '.']"	[0, 0, 0, 0, 3, 0, 0, 0, 0, 0, 0, 0, 0, 0, 0, 0, 0, 0, 0, 0, 3, 0]	pl	"""Ambasadorzy dobrej woli UNESCO"" to znane osobistości, które wykorzystują swój talent lub sławę, by szerzyć ideały UNESCO."
['Zdecydowane', 'zwycięstwo', 'odniosła', 'lewicowa', 'Izraelska', 'Partia', 'Pracy', '.']	[0, 0, 0, 0, 3, 4, 4, 0]	pl	Zdecydowane zwycięstwo odniosła lewicowa Izraelska Partia Pracy.
['W', 'rzeczywistości', ',', 'Volkswagen', 'produkowało', 'tylko', '20', '%', 'niezbędnych', 'elementów', ',', 'pozostałe', '80', '%', 'to', 'wytwór', 'Karmanna', '.']	[0, 0, 0, 3, 0, 0, 0, 0, 0, 0, 0, 0, 0, 0, 0, 0, 0, 0]	pl	W rzeczywistości, Volkswagen produkowało tylko 20% niezbędnych elementów, pozostałe 80% to wytwór Karmanna.
"['""', 'Baux-de-Breteuil', '""', '–', 'miejscowość', 'i', 'gmina', 'we', 'Francji', ',', 'w', 'regionie', 'Normandia', ',', 'w', 'departamencie', 'Eure', '.']"	[0, 0, 0, 0, 0, 0, 0, 0, 5, 0, 0, 0, 5, 0, 0, 0, 5, 0]	pl	"""Baux-de-Breteuil"" – miejscowość i gmina we Francji, w regionie Normandia, w departamencie Eure."
"['Według', 'danych', 'na', 'rok', '1990', 'gminę', 'zamieszkiwały', '922', 'osoby', ',', 'a', 'gęstość', 'zaludnienia', 'wynosiła', '114', '""', 'osób', '/', 'km', '²', '(', 'wśród', '3020', 'gmin', 'regionu', 'Midi-Pireneje', 'Miramont-de-Comminges', 'plasuje', 'się', 'na', '361', '.']"	[0, 0, 0, 0, 0, 0, 0, 0, 0, 0, 0, 0, 0, 0, 0, 0, 0, 0, 0, 0, 0, 0, 0, 0, 0, 5, 0, 0, 0, 0, 0, 0]	pl	"Według danych na rok 1990 gminę zamieszkiwały 922 osoby, a gęstość zaludnienia wynosiła 114 ""osób / km ² (wśród 3020 gmin regionu Midi-Pireneje Miramont-de-Comminges plasuje się na 361."
['Jeden', 'z', 'jej', 'graczy', 'Zenon', 'Pieniążek', 'był', 'drugim', 'wśród', 'najskuteczniejszych', 'zawodników', 'z', '16', 'zdobytymi', 'bramkami', '.']	[0, 0, 0, 0, 1, 2, 0, 0, 0, 0, 0, 0, 0, 0, 0, 0]	pl	Jeden z jej graczy Zenon Pieniążek był drugim wśród najskuteczniejszych zawodników z 16 zdobytymi bramkami.
['Ludde', 'zaczął', 'programować', 'dla', 'PeerFactor', ',', 'żeby', 'użyć', 'swojej', 'ekspertyzy', 'w', 'optymalizacji', 'oraz', 'protokole', 'BitTorrent', 'w', 'celu', 'stworzenia', 'pliku', '.']	[0, 0, 0, 0, 0, 0, 0, 0, 0, 0, 0, 0, 0, 0, 7, 0, 0, 0, 0, 0]	pl	Ludde zaczął programować dla PeerFactor, żeby użyć swojej ekspertyzy w optymalizacji oraz protokole BitTorrent w celu stworzenia pliku.
"['Przedstawicielem', 'młodopolskiej', 'poezji', 'satyrycznej', 'był', 'Tadeusz', 'Boy-Żeleński', ',', 'autor', 'm.in.', 'zbiorku', '""', 'Słówka', '""', '.']"	[0, 0, 0, 0, 0, 1, 2, 0, 0, 0, 0, 0, 0, 0, 0]	pl	"Przedstawicielem młodopolskiej poezji satyrycznej był Tadeusz Boy-Żeleński, autor m.in. zbiorku ""Słówka""."
['Inne', 'ważne', 'rzeki', 'to', ':', 'Podkamienna', 'Tunguzka', ',', 'Dolna', 'Tunguzka', ',', 'Angara', ',', 'Chatanga', ',', 'Kurejka', ',', 'Piasina', ',', 'Sym', ',', 'Wielki', 'Pit', ',', 'Syda', ',', 'Tuba', ',', 'Oja', ',', 'Kan', 'i', 'Mana', '.']	[0, 0, 0, 0, 0, 5, 6, 0, 5, 6, 0, 5, 0, 5, 0, 5, 0, 5, 0, 5, 0, 5, 6, 0, 5, 0, 5, 0, 5, 0, 5, 0, 5, 0]	pl	Inne ważne rzeki to: Podkamienna Tunguzka, Dolna Tunguzka, Angara, Chatanga, Kurejka, Piasina, Sym, Wielki Pit, Syda, Tuba, Oja, Kan i Mana.
['Prapłetwce', 'zasiedlają', 'słodkie', 'wody', 'Afryki', ',', 'przebywając', 'w', 'płytkich', 'miejscach', 'bagna', ',', 'mokradła', 'rzek', 'i', 'jezior', '(', 'np.', 'Jezioro', 'Wiktorii', ')', '.']	[0, 0, 0, 0, 5, 0, 0, 0, 0, 0, 0, 0, 0, 0, 0, 0, 0, 0, 5, 6, 0, 0]	pl	Prapłetwce zasiedlają słodkie wody Afryki, przebywając w płytkich miejscach bagna, mokradła rzek i jezior (np. Jezioro Wiktorii).
['Siedzibą', 'władz', 'diecezjalnych', 'jest', 'Bielsko-Biała', '.']	[0, 0, 0, 0, 5, 0]	pl	Siedzibą władz diecezjalnych jest Bielsko-Biała.
['17', 'marca', '1989', 'w', 'Aspe', ')', '–', 'hiszpański', 'piłkarz', 'występujący', 'na', 'pozycji', 'obrońcy', 'w', 'Osasunie', '.']	[0, 0, 0, 0, 5, 0, 0, 0, 0, 0, 0, 0, 0, 0, 5, 0]	pl	17 marca 1989 w Aspe) – hiszpański piłkarz występujący na pozycji obrońcy w Osasunie.
"['""', 'Saint-Georges-la-Pouge', '""', '–', 'miejscowość', 'i', 'gmina', 'we', 'Francji', ',', 'w', 'regionie', 'Nowa', 'Akwitania', ',', 'w', 'departamencie', 'Creuse', '.']"	[0, 0, 0, 0, 0, 0, 0, 0, 5, 0, 0, 0, 5, 6, 0, 0, 0, 5, 0]	pl	"""Saint-Georges-la-Pouge"" – miejscowość i gmina we Francji, w regionie Nowa Akwitania, w departamencie Creuse."
['Swoje', 'pierwsze', 'zwycięstwo', 'etapowe', 'w', 'zawodowej', 'karierze', 'odniósł', '11', 'czerwca', '2009', 'podczas', 'wyścigu', 'Critérium', 'du', 'Dauphiné', 'wygrywając', 'jego', '5', '.']	[0, 0, 0, 0, 0, 0, 0, 0, 0, 0, 0, 0, 0, 7, 8, 8, 0, 0, 0, 0]	pl	Swoje pierwsze zwycięstwo etapowe w zawodowej karierze odniósł 11 czerwca 2009 podczas wyścigu Critérium du Dauphiné wygrywając jego 5.
['W', 'kolejnym', 'sezonie', 'drużyna', 'zajęła', 'pierwsze', 'miejsce', 'w', 'grupie', ',', 'zwyciężając', '9', 'z', '14', 'meczów', 'i', 'awansując', 'bezpośrednio', 'do', 'klasy', 'A', '–', 'grupa', 'Słupsk', 'I.', 'W', 'sezonie', '2004', '/', '2005', 'zespół', 'zajął', '10', '.']	[0, 0, 0, 0, 0, 0, 0, 0, 0, 0, 0, 0, 0, 0, 0, 0, 0, 0, 0, 0, 0, 0, 0, 5, 0, 0, 0, 0, 0, 0, 0, 0, 0, 0]	pl	W kolejnym sezonie drużyna zajęła pierwsze miejsce w grupie, zwyciężając 9 z 14 meczów i awansując bezpośrednio do klasy A – grupa Słupsk I. W sezonie 2004 / 2005 zespół zajął 10.
['W', 'następnych', 'latach', 'linie', 'tramwajów', 'konnych', 'były', 'uruchamiane', 'w', 'kolejnych', 'miastach', ',', 'zaś', 'ostatnim', 'miastem', 'otwierającym', 'sieć', 'tego', 'typu', 'tramwaju', 'był', 'Kostrzyn', 'nad', 'Odrą', 'w', 'roku', '1903', '.']	[0, 0, 0, 0, 0, 0, 0, 0, 0, 0, 0, 0, 0, 0, 0, 0, 0, 0, 0, 0, 0, 5, 6, 6, 0, 0, 0, 0]	pl	W następnych latach linie tramwajów konnych były uruchamiane w kolejnych miastach, zaś ostatnim miastem otwierającym sieć tego typu tramwaju był Kostrzyn nad Odrą w roku 1903.
"['najlepszych', 'filmów', 'licealnych', '""', 'według', 'magazynu', '""', 'Entertainment', 'Weekly', '""', '.']"	[0, 0, 0, 0, 0, 0, 0, 7, 8, 0, 0]	pl	"najlepszych filmów licealnych ""według magazynu"" Entertainment Weekly ""."
['Jego', 'partnerem', 'jest', 'Michał', 'Łogosz', '.']	[0, 0, 0, 1, 2, 0]	pl	Jego partnerem jest Michał Łogosz.
['29', 'czerwca', '2017', 'roku', 'M.I.A.', 'wystąpiła', 'po', 'raz', 'drugi', 'na', 'gdyńskim', 'Open', '’', 'er', 'Festival', '.']	[0, 0, 0, 0, 0, 0, 0, 0, 0, 0, 0, 7, 8, 8, 8, 0]	pl	29 czerwca 2017 roku M.I.A. wystąpiła po raz drugi na gdyńskim Open ’ er Festival.
['20', 'grudnia', '1983', 'w', 'Los', 'Angeles', ')', '−', 'amerykański', 'aktor', ',', 'komik', ',', 'scenarzysta', ',', 'reżyser', 'i', 'producent', 'filmowy', '.']	[0, 0, 0, 0, 5, 6, 0, 0, 0, 0, 0, 0, 0, 0, 0, 0, 0, 0, 0, 0]	pl	20 grudnia 1983 w Los Angeles) − amerykański aktor, komik, scenarzysta, reżyser i producent filmowy.
['Obecnie', 'gra', 'w', 'Levante', 'UD', '.']	[0, 0, 0, 3, 4, 0]	pl	Obecnie gra w Levante UD.
"['Album', '""', 'Wish', 'You', 'Were', 'Here', '""', 'miał', 'wyrazić', 'tęsknotę', 'za', 'byłym', 'liderem', 'grupy', ',', 'za', 'którym', 'tak', 'naprawdę', 'nikt', 'nie', 'tęsknił', '.']"	[0, 0, 7, 8, 8, 8, 0, 0, 0, 0, 0, 0, 0, 0, 0, 0, 0, 0, 0, 0, 0, 0, 0]	pl	"Album ""Wish You Were Here"" miał wyrazić tęsknotę za byłym liderem grupy, za którym tak naprawdę nikt nie tęsknił."
"['""', 'Lachapelle-sous-Gerberoy', '""', '–', 'miejscowość', 'i', 'gmina', 'we', 'Francji', ',', 'w', 'regionie', 'Hauts-de-France', ',', 'w', 'departamencie', 'Oise', '.']"	[0, 0, 0, 0, 0, 0, 0, 0, 5, 0, 0, 0, 5, 0, 0, 0, 5, 0]	pl	"""Lachapelle-sous-Gerberoy"" – miejscowość i gmina we Francji, w regionie Hauts-de-France, w departamencie Oise."
['16', 'lipca', '1991', 'w', 'Leytonstone', ')', '–', 'angielski', 'piłkarz', 'występujący', 'na', 'pozycji', 'pomocnika', 'w', 'angielskim', 'klubie', 'Crystal', 'Palace', 'oraz', 'w', 'reprezentacji', 'Anglii', '.']	[0, 0, 0, 0, 5, 0, 0, 0, 0, 0, 0, 0, 0, 0, 0, 0, 3, 4, 0, 0, 3, 4, 0]	pl	16 lipca 1991 w Leytonstone) – angielski piłkarz występujący na pozycji pomocnika w angielskim klubie Crystal Palace oraz w reprezentacji Anglii.
['Przedstawia', 'muzyków', 'Massive', 'Attack', 'w', 'zamkniętym', 'domu', ',', 'w', 'którym', 'dzieją', 'się', 'dziwne', ',', 'psychodeliczne', 'zjawiska', '.']	[0, 0, 3, 4, 0, 0, 0, 0, 0, 0, 0, 0, 0, 0, 0, 0, 0]	pl	Przedstawia muzyków Massive Attack w zamkniętym domu, w którym dzieją się dziwne, psychodeliczne zjawiska.
['Obecnie', 'jest', 'zawodnikiem', 'IF', 'Elfsborg', '.']	[0, 0, 0, 3, 4, 0]	pl	Obecnie jest zawodnikiem IF Elfsborg.
['Pojęcie', 'to', 'stworzył', 'Platon', ',', 'jest', 'ono', 'także', 'powiązane', 'z', 'filozofią', 'wschodnią', 'hinduizmu', '.']	[0, 0, 0, 1, 0, 0, 0, 0, 0, 0, 0, 0, 0, 0]	pl	Pojęcie to stworzył Platon, jest ono także powiązane z filozofią wschodnią hinduizmu.
['Dokumenty', 'były', 'tworzone', 'z', 'modularnych', 'części', ',', 'które', 'mogły', 'zawierać', 'rozmaite', 'typy', 'danych', ',', 'jak', 'obrazy', ',', 'fragmenty', 'arkuszy', 'kalkulacyjnych', ',', 'tekst', ',', 'a', 'nawet', 'multimedia', 'w', 'formacie', 'QuickTime', '.']	[0, 0, 0, 0, 0, 0, 0, 0, 0, 0, 0, 0, 0, 0, 0, 0, 0, 0, 0, 0, 0, 0, 0, 0, 0, 0, 0, 0, 7, 0]	pl	Dokumenty były tworzone z modularnych części, które mogły zawierać rozmaite typy danych, jak obrazy, fragmenty arkuszy kalkulacyjnych, tekst, a nawet multimedia w formacie QuickTime.
['W', 'sierpniu', '1990', 'w', 'ramach', 'wymiany', 'zawodników', 'przeszedł', 'do', 'Oakland', 'Athletics', '.']	[0, 0, 0, 0, 0, 0, 0, 0, 0, 3, 4, 0]	pl	W sierpniu 1990 w ramach wymiany zawodników przeszedł do Oakland Athletics.
['1', 'lipca', '2016', 'FC', 'Barcelona', 'poinformowała', 'o', 'przedłużeniu', 'kontraktu', 'z', 'Brazylijczykiem', 'do', '2021', 'roku', '.']	[0, 0, 0, 3, 4, 0, 0, 0, 0, 0, 0, 0, 0, 0, 0]	pl	1 lipca 2016 FC Barcelona poinformowała o przedłużeniu kontraktu z Brazylijczykiem do 2021 roku.
"['Iliuszyn', 'natomiast', 'prowadził', 'prace', 'nad', 'cięższym', 'samolotem', ',', 'wywodzącym', 'się', 'z', 'Ił-2', ',', 'oznaczonym', 'WSz', ',', 'następnie', '""', 'Ił-8', 'M-71', '""', '.']"	[0, 0, 0, 0, 0, 0, 0, 0, 0, 0, 0, 7, 0, 0, 0, 0, 0, 0, 0, 0, 0, 0]	pl	"Iliuszyn natomiast prowadził prace nad cięższym samolotem, wywodzącym się z Ił-2, oznaczonym WSz, następnie ""Ił-8 M-71""."
['Wyrzutnia', 'rakiet', 'Katiusza', 'charakteryzowała', 'się', 'niską', 'celnością', ',', 'jednak', 'dzięki', 'koncentracji', 'ostrzału', 'na', 'niewielkiej', 'powierzchni', 'była', 'efektywną', 'bronią', '.']	[0, 0, 7, 0, 0, 0, 0, 0, 0, 0, 0, 0, 0, 0, 0, 0, 0, 0, 0]	pl	Wyrzutnia rakiet Katiusza charakteryzowała się niską celnością, jednak dzięki koncentracji ostrzału na niewielkiej powierzchni była efektywną bronią.
['Część', 'zachodnia', 'wyspy', 'należy', 'do', 'Indonezji', ',', 'natomiast', 'część', 'wschodnia', 'stanowi', 'niepodległe', 'państwo', '–', 'Timor', 'Wschodni', '.']	[0, 0, 0, 0, 0, 5, 0, 0, 0, 0, 0, 0, 0, 0, 5, 6, 0]	pl	Część zachodnia wyspy należy do Indonezji, natomiast część wschodnia stanowi niepodległe państwo – Timor Wschodni.
['Mówi', 'się', 'także', ',', 'że', 'Dreamcast', 'został', 'sprzedany', 'w', '10', 'milionach', 'egzemplarzy', '.']	[0, 0, 0, 0, 0, 7, 0, 0, 0, 0, 0, 0, 0]	pl	Mówi się także, że Dreamcast został sprzedany w 10 milionach egzemplarzy.
"[',', 'do', 'zespołu', 'przyjęta', 'została', 'Grace', 'Slick', ',', 'która', 'w', 'szybkim', 'czasie', 'zdobyła', 'olbrzymi', 'rozgłos', '(', 'po', 'części', 'również', 'dzięki', 'brawurowym', 'występom', 'na', 'Woodstocku', ""'"", '69', ')', 'i', 'stała', 'się', 'wizytówką', 'grupy', '.']"	[0, 0, 0, 0, 0, 1, 2, 0, 0, 0, 0, 0, 0, 0, 0, 0, 0, 0, 0, 0, 0, 0, 0, 0, 0, 0, 0, 0, 0, 0, 0, 0, 0]	pl	, do zespołu przyjęta została Grace Slick, która w szybkim czasie zdobyła olbrzymi rozgłos (po części również dzięki brawurowym występom na Woodstocku '69) i stała się wizytówką grupy.
['Produkcją', 'utworów', 'zajął', 'się', 'jej', 'partner', 'Radosław', 'Łuka', '.']	[0, 0, 0, 0, 0, 0, 1, 2, 0]	pl	Produkcją utworów zajął się jej partner Radosław Łuka.
['W', 'pierwszym', 'meczu', 'wygrała', 'z', 'Venus', 'Williams', '3:6', ',', '7:6', ',', '6:2', '.']	[0, 0, 0, 0, 0, 1, 2, 0, 0, 0, 0, 0, 0]	pl	W pierwszym meczu wygrała z Venus Williams 3:6, 7:6, 6:2.
['Alexis', 'Korner', ',', 'John', 'Mayall', 'czy', 'członkowie', 'zespołu', 'The', 'Rolling', 'Stones', 'zaprezentowali', 'światu', 'siłę', 'bluesa', '.']	[1, 2, 0, 1, 2, 0, 0, 0, 3, 4, 4, 0, 0, 0, 0, 0]	pl	Alexis Korner, John Mayall czy członkowie zespołu The Rolling Stones zaprezentowali światu siłę bluesa.
['Nazwa', 'kultury', 'pochodzi', 'od', 'miejscowości', 'Clovis', 'w', 'stanie', 'Nowy', 'Meksyk', '.']	[0, 0, 0, 0, 0, 5, 0, 0, 5, 6, 0]	pl	Nazwa kultury pochodzi od miejscowości Clovis w stanie Nowy Meksyk.
['3', 'października', '1935', 'wojska', 'włoskie', 'wkroczyły', 'do', 'Etiopii', ',', 'Benito', 'Mussolini', 'zdecydował', 'się', 'uczynić', 'ten', 'kraj', 'kolonią', 'Włoch', '.']	[0, 0, 0, 0, 0, 0, 0, 5, 0, 1, 2, 0, 0, 0, 0, 0, 0, 5, 0]	pl	3 października 1935 wojska włoskie wkroczyły do Etiopii, Benito Mussolini zdecydował się uczynić ten kraj kolonią Włoch.
['28', 'listopada', '1956', 'w', 'Sydney', ')', '–', 'polityk', ',', 'dyplomata', 'i', 'urzędnik', 'konsularny', ',', 'kapitan', 'rezerwy', '.']	[0, 0, 0, 0, 5, 0, 0, 0, 0, 0, 0, 0, 0, 0, 0, 0, 0]	pl	28 listopada 1956 w Sydney) – polityk, dyplomata i urzędnik konsularny, kapitan rezerwy.
['18', 'stycznia', '2011', 'zawodnik', 'podpisał', '2,5', '-', 'letnią', 'umowę', 'z', 'greckim', 'klubem', 'Asteras', 'Tripolis', '.']	[0, 0, 0, 0, 0, 0, 0, 0, 0, 0, 0, 0, 3, 4, 0]	pl	18 stycznia 2011 zawodnik podpisał 2,5 - letnią umowę z greckim klubem Asteras Tripolis.
['W', 'styczniu', 'został', 'wezwany', 'ponownie', 'do', 'Ottawy', 'i', 'do', 'maja', '2013', 'rozegrał', 'skrócony', 'sezon', 'NHL', 'z', 'Ottawa', 'Senators', '.']	[0, 0, 0, 0, 0, 0, 5, 0, 0, 0, 0, 0, 0, 0, 3, 0, 3, 4, 0]	pl	W styczniu został wezwany ponownie do Ottawy i do maja 2013 rozegrał skrócony sezon NHL z Ottawa Senators.
"['Następny', 'album', ',', '""', 'Visions', '""', ',', 'został', 'wydany', 'w', 'kwietniu', '1997', 'i', 'wspiął', 'się', 'na', 'piąte', 'miejsce', 'fińskich', 'list', 'przebojów', '.']"	[0, 0, 0, 0, 7, 0, 0, 0, 0, 0, 0, 0, 0, 0, 0, 0, 0, 0, 0, 0, 0, 0]	pl	"Następny album, ""Visions"", został wydany w kwietniu 1997 i wspiął się na piąte miejsce fińskich list przebojów."
['Równolegle', 'miały', 'miejsce', 'podobne', 'akcje', 'propagandowe', 'w', 'Görlitz', 'i', 'Zittau', '.']	[0, 0, 0, 0, 0, 0, 0, 5, 0, 5, 0]	pl	Równolegle miały miejsce podobne akcje propagandowe w Görlitz i Zittau.
['Urodziła', 'się', 'w', 'niewielkim', 'Carrollton', 'w', 'południowym', 'Illinois', '.']	[0, 0, 0, 0, 5, 0, 0, 5, 0]	pl	Urodziła się w niewielkim Carrollton w południowym Illinois.
"['piosenka', 'została', 'umieszczona', 'na', 'kompilacji', '""', 'Life', 'of', 'the', 'Infamous', ':', 'The', 'Best', 'of', 'Mobb', 'Deep', '""', '.']"	[0, 0, 0, 0, 0, 0, 7, 8, 8, 8, 8, 8, 8, 8, 8, 8, 0, 0]	pl	"piosenka została umieszczona na kompilacji ""Life of the Infamous: The Best of Mobb Deep""."
"['Według', 'danych', 'na', 'rok', '1990', 'gminę', 'zamieszkiwało', '516', 'osób', ',', 'a', 'gęstość', 'zaludnienia', 'wynosiła', '61', '""', 'osób', '/', 'km', '²', '(', 'wśród', '1549', 'gmin', 'regionu', 'Nord-Pas-de-Calais', 'Taisnières-en-Thiérache', 'plasuje', 'się', 'na', '771', '.']"	[0, 0, 0, 0, 0, 0, 0, 0, 0, 0, 0, 0, 0, 0, 0, 0, 0, 0, 0, 0, 0, 0, 0, 0, 0, 5, 0, 0, 0, 0, 0, 0]	pl	"Według danych na rok 1990 gminę zamieszkiwało 516 osób, a gęstość zaludnienia wynosiła 61 ""osób / km ² (wśród 1549 gmin regionu Nord-Pas-de-Calais Taisnières-en-Thiérache plasuje się na 771."
"['Pojawiło', 'się', 'także', '""', 'Grand', 'Theft', 'Auto', 'Advance', '""', ',', 'przeznaczone', 'dla', 'posiadaczy', 'Game', 'Boy', 'Advance', '.']"	[0, 0, 0, 0, 7, 8, 8, 8, 0, 0, 0, 0, 0, 7, 8, 8, 0]	pl	"Pojawiło się także ""Grand Theft Auto Advance"", przeznaczone dla posiadaczy Game Boy Advance."
['Trener', ':', 'Fatih', 'Terim', '..']	[0, 0, 1, 2, 0]	pl	Trener: Fatih Terim..
"['W', 'grudniu', '2006', 'roku', 'wyszedł', 'drugi', 'album', 'zespołu', ',', '""', 'The', 'Fall', 'of', 'an', 'Empire', '""', '.']"	[0, 0, 0, 0, 0, 0, 0, 0, 0, 0, 7, 8, 8, 8, 8, 0, 0]	pl	"W grudniu 2006 roku wyszedł drugi album zespołu, ""The Fall of an Empire""."
"['W', '1836', 'roku', 'Heinrich', 'Göppert', 'nazwał', 'ten', 'gatunek', '""', 'Pinites', 'succinifer', '""', ',', 'uznając', 'go', 'za', 'przedstawiciela', 'wymarłego', 'rodzaju', 'z', 'rodziny', 'sosnowatych', '(', 'Pinaceae', ')', '.']"	[0, 0, 0, 1, 2, 0, 0, 0, 0, 0, 0, 0, 0, 0, 0, 0, 0, 0, 0, 0, 0, 0, 0, 0, 0, 0]	pl	"W 1836 roku Heinrich Göppert nazwał ten gatunek ""Pinites succinifer"", uznając go za przedstawiciela wymarłego rodzaju z rodziny sosnowatych (Pinaceae)."
['W', '2005', 'roku', 'został', 'wraz', 'z', 'Geirangerfjorden', 'wpisany', 'na', 'listę', 'światowego', 'dziedzictwa', 'UNESCO', '.']	[0, 0, 0, 0, 0, 0, 5, 0, 0, 0, 0, 0, 3, 0]	pl	W 2005 roku został wraz z Geirangerfjorden wpisany na listę światowego dziedzictwa UNESCO.
['W', 'tym', 'samym', 'czasie', 'lotnictwo', 'bawarskie', 'dysponowało', 'jednym', 'dwukompanijnym', 'batalionem', 'w', 'Monachium', '.']	[0, 0, 0, 0, 0, 0, 0, 0, 0, 0, 0, 5, 0]	pl	W tym samym czasie lotnictwo bawarskie dysponowało jednym dwukompanijnym batalionem w Monachium.
['2', 'lutego', '1983', 'Jan', 'Paweł', 'II', 'wyniósł', 'go', 'do', 'godności', 'kardynalskiej', ',', 'nadając', 'tytuł', 'prezbitera', 'bazyliki', 'św', '.']	[0, 0, 0, 1, 2, 2, 0, 0, 0, 0, 0, 0, 0, 0, 0, 0, 0, 0]	pl	2 lutego 1983 Jan Paweł II wyniósł go do godności kardynalskiej, nadając tytuł prezbitera bazyliki św.
['W', 'ślad', 'za', 'tym', 'poszedł', 'po', '1526', 'Ferdynand', 'I', 'Habsburg', ',', 'jednak', 'środki', 'te', 'wciąż', 'nie', 'dawały', 'zadowalających', 'rezultatów', '.']	[0, 0, 0, 0, 0, 0, 0, 1, 2, 2, 0, 0, 0, 0, 0, 0, 0, 0, 0, 0]	pl	W ślad za tym poszedł po 1526 Ferdynand I Habsburg, jednak środki te wciąż nie dawały zadowalających rezultatów.
['21', 'stycznia', '1912', 'w', 'Chicago', ',', 'zm', '.']	[0, 0, 0, 0, 5, 0, 0, 0]	pl	21 stycznia 1912 w Chicago, zm.
"['""', 'Deuil-la-Barre', '""', '–', 'miejscowość', 'i', 'gmina', 'we', 'Francji', ',', 'w', 'regionie', 'Île-de-France', ',', 'w', 'departamencie', 'Dolina', 'Oise', '.']"	[0, 0, 0, 0, 0, 0, 0, 0, 5, 0, 0, 0, 5, 0, 0, 0, 5, 6, 0]	pl	"""Deuil-la-Barre"" – miejscowość i gmina we Francji, w regionie Île-de-France, w departamencie Dolina Oise."
"['""', 'Coublanc', '""', '–', 'miejscowość', 'i', 'gmina', 'we', 'Francji', ',', 'w', 'regionie', 'Burgundia-Franche-Comté', ',', 'w', 'departamencie', 'Saona', 'i', 'Loara', '.']"	[0, 0, 0, 0, 0, 0, 0, 0, 5, 0, 0, 0, 5, 0, 0, 0, 5, 6, 6, 0]	pl	"""Coublanc"" – miejscowość i gmina we Francji, w regionie Burgundia-Franche-Comté, w departamencie Saona i Loara."
['Pozostałe', 'miejscowości', ':', 'Barany', ',', 'Borek', ',', 'Grądki', ',', 'Jeziórko', ',', 'Kąt', ',', 'Niwa', ',', 'Nowy', 'Grębów', ',', 'Palędzie', ',', 'Piasek', ',', 'Sokół', ',', 'Szlachecka', ',', 'Wiry', '.']	[0, 0, 0, 5, 0, 5, 0, 5, 0, 5, 0, 5, 0, 5, 0, 5, 6, 0, 5, 0, 5, 0, 5, 0, 5, 0, 5, 0]	pl	Pozostałe miejscowości: Barany, Borek, Grądki, Jeziórko, Kąt, Niwa, Nowy Grębów, Palędzie, Piasek, Sokół, Szlachecka, Wiry.
['Od', '2016', 'jest', 'zawodnikiem', 'klubu', 'FK', 'Bodø', '/', 'Glimt', '.']	[0, 0, 0, 0, 0, 3, 4, 4, 4, 0]	pl	Od 2016 jest zawodnikiem klubu FK Bodø / Glimt.
['Pochodził', 'z', 'rodziny', 'litewskich', 'emigrantów', ',', 'wychowywał', 'się', 'w', 'nowojorskiej', 'dzielnicy', 'Queens', '.']	[0, 0, 0, 0, 0, 0, 0, 0, 0, 0, 0, 5, 0]	pl	Pochodził z rodziny litewskich emigrantów, wychowywał się w nowojorskiej dzielnicy Queens.
['Graniczy', 'z', 'Banari', ',', 'Bessude', ',', 'Florinas', ',', 'Ossi', ',', 'Putifigari', ',', 'Thiesi', ',', 'Uri', ',', 'Usini', 'i', 'Villanova', 'Monteleone', '.']	[0, 0, 5, 0, 5, 0, 5, 0, 5, 0, 5, 0, 5, 0, 5, 0, 5, 0, 5, 6, 0]	pl	Graniczy z Banari, Bessude, Florinas, Ossi, Putifigari, Thiesi, Uri, Usini i Villanova Monteleone.
"['""', 'Dynama-2', 'Mińsk', '""', '(', 'biał', '.']"	[0, 0, 5, 0, 0, 0, 0]	pl	"""Dynama-2 Mińsk"" (biał."
['17', 'czerwca', '1993', 'w', 'Hexham', ')', '–', 'angielski', 'piłkarz', 'występujący', 'na', 'pozycji', 'bramkarza', 'w', 'Rangers', '.']	[0, 0, 0, 0, 5, 0, 0, 0, 0, 0, 0, 0, 0, 0, 3, 0]	pl	17 czerwca 1993 w Hexham) – angielski piłkarz występujący na pozycji bramkarza w Rangers.
['Ostatecznie', 'tytuł', 'mistrzyni', 'olimpijskiej', 'zdobyła', 'Niemka', 'Viktoria', 'Rebensburg', '.']	[0, 0, 0, 0, 0, 5, 1, 2, 0]	pl	Ostatecznie tytuł mistrzyni olimpijskiej zdobyła Niemka Viktoria Rebensburg.
"['Poemat', 'pt.', '""', 'Celandine', '""', 'napisał', 'także', 'Edward', 'Thomas', '.']"	[0, 0, 0, 0, 0, 0, 0, 1, 2, 0]	pl	"Poemat pt. ""Celandine"" napisał także Edward Thomas."
['Nie', 'twierdzi', 'on', '–', 'tak', 'jak', 'to', 'robili', 'Kurt', 'Gödel', ',', 'Roger', 'Penrose', 'i', 'inni', '–', 'że', 'pojęcia', ',', 'którymi', 'posługują', 'się', 'matematycy', '(', 'twierdzenia', ',', 'dowody', ',', 'równania', ',', 'itd.', ')', ',', 'istnieją', 'obiektywnie', ',', 'ponieważ', 'widać', 'w', 'nich', 'silny', 'wpływ', 'czynników', 'społecznych', 'i', 'historycznych', 'oraz', 'filozoficznych', '.']	[0, 0, 0, 0, 0, 0, 0, 0, 1, 2, 0, 1, 2, 0, 0, 0, 0, 0, 0, 0, 0, 0, 0, 0, 0, 0, 0, 0, 0, 0, 0, 0, 0, 0, 0, 0, 0, 0, 0, 0, 0, 0, 0, 0, 0, 0, 0, 0, 0]	pl	Nie twierdzi on – tak jak to robili Kurt Gödel, Roger Penrose i inni – że pojęcia, którymi posługują się matematycy (twierdzenia, dowody, równania, itd.), istnieją obiektywnie, ponieważ widać w nich silny wpływ czynników społecznych i historycznych oraz filozoficznych.
"['Rozpoczęte', 'w', '1909', 'i', 'ukończone', 'na', 'krótko', 'przed', 'śmiercią', ',', '""', 'W', 'poszukiwaniu', 'straconego', 'czasu', '""', 'składa', 'się', 'z', 'siedmiu', 'części', 'i', 'w', 'wersji', 'angielskiej', 'ma', 'blisko', '4', 'tys', '.']"	[0, 0, 0, 0, 0, 0, 0, 0, 0, 0, 0, 7, 8, 8, 8, 0, 0, 0, 0, 0, 0, 0, 0, 0, 0, 0, 0, 0, 0, 0]	pl	"Rozpoczęte w 1909 i ukończone na krótko przed śmiercią, ""W poszukiwaniu straconego czasu"" składa się z siedmiu części i w wersji angielskiej ma blisko 4 tys."
['Obległ', 'twierdzę', 'Łowecz', 'broniącą', 'dostępu', 'do', 'Tyrnowa', ',', 'ostatecznie', 'jednak', 'po', 'trzymiesięcznym', 'oblężeniu', 'zmuszony', 'był', 'zawrócić', '.']	[0, 0, 5, 0, 0, 0, 5, 0, 0, 0, 0, 0, 0, 0, 0, 0, 0]	pl	Obległ twierdzę Łowecz broniącą dostępu do Tyrnowa, ostatecznie jednak po trzymiesięcznym oblężeniu zmuszony był zawrócić.
['Stolica', 'prowincji', 'Sindh', '.']	[0, 0, 5, 0]	pl	Stolica prowincji Sindh.
"['""', 'Zawadzkie', '""', '–', 'gmina', 'miejsko-wiejska', 'w', 'województwie', 'opolskim', ',', 'w', 'powiecie', 'strzeleckim', '.']"	[0, 5, 0, 0, 0, 0, 0, 0, 0, 0, 0, 0, 0, 0]	pl	"""Zawadzkie"" – gmina miejsko-wiejska w województwie opolskim, w powiecie strzeleckim."
['Głównym', 'miastem', 'jest', 'Kłodzko', '.']	[0, 0, 0, 5, 0]	pl	Głównym miastem jest Kłodzko.
['W', 'tym', 'samym', 'wywiadzie', 'prasowym', 'Tadeusz', 'Kisielewski', 'odrzucił', 'również', 'tezę', 'o', 'przeciążonym', 'samolocie', 'twierdząc', ',', 'że', 'opiera', 'to', 'na', 'własnych', 'wyliczeniach', '(', 'ładunek', ',', 'pasażerowie', 'itd.', ')', ',', 'jednak', 'tych', 'obliczeń', 'nie', 'podał', '.']	[0, 0, 0, 0, 0, 1, 2, 0, 0, 0, 0, 0, 0, 0, 0, 0, 0, 0, 0, 0, 0, 0, 0, 0, 0, 0, 0, 0, 0, 0, 0, 0, 0, 0]	pl	W tym samym wywiadzie prasowym Tadeusz Kisielewski odrzucił również tezę o przeciążonym samolocie twierdząc, że opiera to na własnych wyliczeniach (ładunek, pasażerowie itd.), jednak tych obliczeń nie podał.
"['Międzynarodowy', 'Komitet', 'Ornitologiczny', '(', 'IOC', ')', 'umieszcza', 'wodnika', 'guamskiego', 'w', 'rodzaju', '""', 'Gallirallus', '""', '.']"	[3, 4, 4, 0, 0, 0, 0, 0, 0, 0, 0, 0, 0, 0, 0]	pl	"Międzynarodowy Komitet Ornitologiczny (IOC) umieszcza wodnika guamskiego w rodzaju ""Gallirallus""."
['Najbliżej', 'położonym', 'miastem', 'jest', 'Lębork', ',', 'wieś', 'znajduje', 'się', 'na', 'wschód', 'od', 'tego', 'miasta', '.', '.']	[0, 0, 0, 0, 5, 0, 0, 0, 0, 0, 0, 0, 0, 0, 0, 0]	pl	Najbliżej położonym miastem jest Lębork, wieś znajduje się na wschód od tego miasta..
['Jego', 'następcą', 'został', 'dotychczasowy', 'demokratyczny', 'kongresmen', 'John', 'Baldacci', '.']	[0, 0, 0, 0, 0, 0, 1, 2, 0]	pl	Jego następcą został dotychczasowy demokratyczny kongresmen John Baldacci.
['Zmieniono', 'także', 'nieco', ',', 'znane', 'z', 'Guitar', 'Hero', 'III', ':', 'Legends', 'of', 'Rock', ',', 'walki', 'z', 'bossami', '.']	[0, 0, 0, 0, 0, 0, 7, 8, 8, 8, 8, 8, 8, 0, 0, 0, 0, 0]	pl	Zmieniono także nieco, znane z Guitar Hero III: Legends of Rock, walki z bossami.
['W', 'jego', 'realizacji', 'wziął', 'udział', 'Vangelis', '.']	[0, 0, 0, 0, 0, 1, 0]	pl	W jego realizacji wziął udział Vangelis.
['Mimo', 'że', 'grał', 'nie', 'gorzej', 'od', 'reszty', ',', 'nowy', 'trener', '–', 'Carlos', 'Queiroz', 'zdjął', 'go', 'po', '55', 'minutach', '.']	[0, 0, 0, 0, 0, 0, 0, 0, 0, 0, 0, 1, 2, 0, 0, 0, 0, 0, 0]	pl	Mimo że grał nie gorzej od reszty, nowy trener – Carlos Queiroz zdjął go po 55 minutach.
['Po', 'wywiezieniu', 'do', 'Moskwy', 'i', 'osadzeniu', 'w', 'więzieniu', 'NKWD', 'na', 'Łubiance', ',', 'skazany', 'w', 'pokazowym', 'procesie', 'szesnastu', 'przeprowadzonym', 'w', 'czerwcu', '1945', 'na', '1,5', 'roku', 'więzienia', '.']	[0, 0, 0, 5, 0, 0, 0, 0, 3, 0, 5, 0, 0, 0, 0, 0, 0, 0, 0, 0, 0, 0, 0, 0, 0, 0]	pl	Po wywiezieniu do Moskwy i osadzeniu w więzieniu NKWD na Łubiance, skazany w pokazowym procesie szesnastu przeprowadzonym w czerwcu 1945 na 1,5 roku więzienia.
['Siedziba', 'gminy', 'to', 'Włodawa', '(', 'dawniej', 'Szuminka', ')', '.']	[0, 0, 0, 5, 0, 0, 5, 0, 0]	pl	Siedziba gminy to Włodawa (dawniej Szuminka).
['Pozostałe', 'znajdowały', 'się', 'w', 'Fresno', ',', 'Bakersfield', 'oraz', 'Indio', '.']	[0, 0, 0, 0, 5, 0, 5, 0, 5, 0]	pl	Pozostałe znajdowały się w Fresno, Bakersfield oraz Indio.
['Obecnie', 'gra', 'w', 'UD', 'Las', 'Palmas', '.']	[0, 0, 0, 3, 4, 4, 0]	pl	Obecnie gra w UD Las Palmas.
['Jak', 'pisał', 'Antoni', 'Czubiński', ':', '.']	[0, 0, 1, 2, 0, 0]	pl	Jak pisał Antoni Czubiński:.
['w', 'soboty', 'rano', 'i', 'po', 'południu', '(', 'później', 'też', 'na', 'kanale', 'Polsat', 'od', '5', 'września', '1998', 'r', '.']	[0, 0, 0, 0, 0, 0, 0, 0, 0, 0, 0, 3, 0, 0, 0, 0, 0, 0]	pl	w soboty rano i po południu (później też na kanale Polsat od 5 września 1998 r.
['W', '2015', 'przeszedł', 'do', 'BSC', 'Young', 'Boys', '.']	[0, 0, 0, 0, 3, 4, 4, 0]	pl	W 2015 przeszedł do BSC Young Boys.
['W', 'styczniu', '2009', 'trafił', 'do', 'FCV', 'Dender', 'EH', '.']	[0, 0, 0, 0, 0, 3, 4, 4, 0]	pl	W styczniu 2009 trafił do FCV Dender EH.
['11', 'maja', '1982', 'w', 'Calgary', ',', 'zm', '.']	[0, 0, 0, 0, 5, 0, 0, 0]	pl	11 maja 1982 w Calgary, zm.
['18', 'lutego', '2016', 'objął', 'funkcję', 'generalnego', 'menadżera', 'zespołu', 'Brooklyn', 'Nets', '.']	[0, 0, 0, 0, 0, 0, 0, 0, 3, 4, 0]	pl	18 lutego 2016 objął funkcję generalnego menadżera zespołu Brooklyn Nets.
['7', 'listopada', '1984', 'w', 'Kuressaare', ')', '–', 'estoński', 'piłkarz', 'grający', 'na', 'pozycji', 'bramkarza', 'w', 'Seinäjoen', 'Jalkapallokerho', '.']	[0, 0, 0, 0, 5, 0, 0, 0, 0, 0, 0, 0, 0, 0, 3, 4, 0]	pl	7 listopada 1984 w Kuressaare) – estoński piłkarz grający na pozycji bramkarza w Seinäjoen Jalkapallokerho.
['minucie', 'zmienił', 'go', 'Jermaine', 'Jones', '.']	[0, 0, 0, 1, 2, 0]	pl	minucie zmienił go Jermaine Jones.
['Pod', 'względem', 'zaludnienia', 'Surahammar', 'jest', '211', '.']	[0, 0, 0, 5, 0, 0, 0]	pl	Pod względem zaludnienia Surahammar jest 211.
['1930', 'roku', 'Piotr', 'Maszyński', '.']	[0, 0, 1, 2, 0]	pl	1930 roku Piotr Maszyński.
"['Najpierw', '(', '1471', ')', 'doszło', 'do', 'zatargu', 'z', '""', 'Signorią', '""', 'Volterry', ',', 'co', 'omal', 'nie', 'skończyło', 'się', 'ogólnowłoską', 'wojną', ',', 'czemu', 'zapobiegł', 'znany', 'kondotier', ',', 'pan', 'na', 'Urbino', ',', 'Federico', 'da', 'Montefeltro', '.']"	[0, 0, 0, 0, 0, 0, 0, 0, 0, 0, 0, 5, 0, 0, 0, 0, 0, 0, 0, 0, 0, 0, 0, 0, 0, 0, 0, 0, 5, 0, 1, 2, 2, 0]	pl	"Najpierw (1471) doszło do zatargu z ""Signorią"" Volterry, co omal nie skończyło się ogólnowłoską wojną, czemu zapobiegł znany kondotier, pan na Urbino, Federico da Montefeltro."
"['Pierwszą', ',', 'a', 'zarazem', 'jedyną', 'główną', 'rolą', 'Loli', 'była', 'rola', 'w', 'filmie', '""', 'Kosmiczny', 'mecz', '""', ',', 'w', 'którym', 'głosu', 'użyczyła', 'jej', 'Kath', 'Soucie', '.']"	[0, 0, 0, 0, 0, 0, 0, 0, 0, 0, 0, 0, 0, 7, 8, 0, 0, 0, 0, 0, 0, 0, 1, 2, 0]	pl	"Pierwszą, a zarazem jedyną główną rolą Loli była rola w filmie ""Kosmiczny mecz"", w którym głosu użyczyła jej Kath Soucie."
['Międzynarodowa', 'Unia', 'Ochrony', 'Przyrody', 'ocenia', 'globalny', 'trend', 'populacji', 'na', 'spadkowy', 'i', 'umieszcza', 'gatunek', 'w', 'Czerwonej', 'księdze', 'gatunków', 'zagrożonych', 'jako', 'zagrożonego', 'wyginięciem', '.']	[3, 4, 4, 4, 0, 0, 0, 0, 0, 0, 0, 0, 0, 0, 0, 0, 0, 0, 0, 0, 0, 0]	pl	Międzynarodowa Unia Ochrony Przyrody ocenia globalny trend populacji na spadkowy i umieszcza gatunek w Czerwonej księdze gatunków zagrożonych jako zagrożonego wyginięciem.
['W', 'rolach', 'głównych', 'Adela', 'Noriega', 'i', 'Fernando', 'Colunga', '.']	[0, 0, 0, 1, 2, 0, 1, 2, 0]	pl	W rolach głównych Adela Noriega i Fernando Colunga.
['24', 'sierpnia', 'został', 'sprzedany', 'do', 'Chievo', 'Werona', 'za', 'kwotę', '800.000', 'euro', '.']	[0, 0, 0, 0, 0, 3, 4, 0, 0, 0, 0, 0]	pl	24 sierpnia został sprzedany do Chievo Werona za kwotę 800.000 euro.
['Potem', 'pomagał', 'trenować', 'Dynama', 'Brześć', ',', 'a', 'w', 'styczniu', '2003', 'został', 'mianowany', 'na', 'stanowisko', 'głównego', 'trenera', 'Biełszyny', 'Bobrujsk', ',', 'którą', 'kierował', 'do', 'maja', '2004', '.']	[0, 0, 0, 3, 4, 0, 0, 0, 0, 0, 0, 0, 0, 0, 0, 0, 3, 4, 0, 0, 0, 0, 0, 0, 0]	pl	Potem pomagał trenować Dynama Brześć, a w styczniu 2003 został mianowany na stanowisko głównego trenera Biełszyny Bobrujsk, którą kierował do maja 2004.
['Liczba', 'triumfów', 'krótko', 'stanowiła', 'rekord', 'turnieju', ',', 'kilkanaście', 'lat', 'później', 'po', 'raz', 'ósmy', 'triumfowali', 'inni', 'bracia', ',', 'Reginald', 'i', 'Lawrence', 'Doherty', '.']	[0, 0, 0, 0, 0, 0, 0, 0, 0, 0, 0, 0, 0, 0, 0, 0, 0, 1, 0, 1, 2, 0]	pl	Liczba triumfów krótko stanowiła rekord turnieju, kilkanaście lat później po raz ósmy triumfowali inni bracia, Reginald i Lawrence Doherty.
['Siedziba', 'gminy', 'to', 'Pieńsk', '.']	[0, 0, 0, 5, 0]	pl	Siedziba gminy to Pieńsk.
['31', 'grudnia', 'wystąpiła', 'podczas', 'emitowanej', 'w', 'telewizji', 'Polsat', 'imprezy', 'sylwestrowej', 'w', 'Warszawie', '.']	[0, 0, 0, 0, 0, 0, 0, 3, 0, 0, 0, 5, 0]	pl	31 grudnia wystąpiła podczas emitowanej w telewizji Polsat imprezy sylwestrowej w Warszawie.
['Damian', 'De', 'Veuster', ',', 'misjonarz', '.']	[1, 2, 2, 0, 0, 0]	pl	Damian De Veuster, misjonarz.
['Odkrył', 'ją', '4', 'stycznia', '1781', 'roku', 'Charles', 'Messier', '.']	[0, 0, 0, 0, 0, 0, 1, 2, 0]	pl	Odkrył ją 4 stycznia 1781 roku Charles Messier.
['Rozerwały', 'się', 'one', 'ponad', 'pracownikami', 'stoczni', 'w', 'Rosyth', ',', 'powodując', 'niegroźne', 'rany', 'u', 'dwóch', 'z', 'nich', '.']	[0, 0, 0, 0, 0, 0, 0, 5, 0, 0, 0, 0, 0, 0, 0, 0, 0]	pl	Rozerwały się one ponad pracownikami stoczni w Rosyth, powodując niegroźne rany u dwóch z nich.
['Lektorem', 'serialu', 'był', 'Jacek', 'Brzostyński', '.']	[0, 0, 0, 1, 2, 0]	pl	Lektorem serialu był Jacek Brzostyński.
"['Jest', 'to', 'długo', 'zapowiadana', 'trzecia', 'część', 'serii', ',', 'na', 'którą', 'składają', 'się', 'również', 'kultowy', '""', 'Predator', '""', '(', '1987', ')', 'oraz', '""', 'Predator', '2', '""', '(', '1990', ')', '.']"	[0, 0, 0, 0, 0, 0, 0, 0, 0, 0, 0, 0, 0, 0, 0, 7, 0, 0, 0, 0, 0, 0, 7, 8, 0, 0, 0, 0, 0]	pl	"Jest to długo zapowiadana trzecia część serii, na którą składają się również kultowy ""Predator"" (1987) oraz ""Predator 2"" (1990)."
"['""', 'Betz', '""', 'to', 'miasto', 'i', 'gmina', 'we', 'Francji', ',', 'w', 'regionie', 'Hauts-de-France', ',', 'w', 'departamencie', 'Oise', '.']"	[0, 0, 0, 0, 0, 0, 0, 0, 5, 0, 0, 0, 5, 0, 0, 0, 5, 0]	pl	"""Betz"" to miasto i gmina we Francji, w regionie Hauts-de-France, w departamencie Oise."
['12', 'maja', 'podano', 'informację', ',', 'że', 'team', 'odwołuje', 'swoje', 'testy', 'na', 'włoskim', 'torze', 'w', 'pobliżu', 'Vallelunga', 'Pratameno', '.']	[0, 0, 0, 0, 0, 0, 0, 0, 0, 0, 0, 0, 0, 0, 0, 5, 6, 0]	pl	12 maja podano informację, że team odwołuje swoje testy na włoskim torze w pobliżu Vallelunga Pratameno.
"['""', 'Longpont-sur-Orge', '""', '–', 'miejscowość', 'i', 'gmina', 'we', 'Francji', ',', 'w', 'regionie', 'Île-de-France', ',', 'w', 'departamencie', 'Essonne', '.']"	[0, 0, 0, 0, 0, 0, 0, 0, 5, 0, 0, 0, 5, 0, 0, 0, 5, 0]	pl	"""Longpont-sur-Orge"" – miejscowość i gmina we Francji, w regionie Île-de-France, w departamencie Essonne."
['18', 'czerwca', '2018', 'zmienił', 'klub', 'na', 'Awangard', 'Kursk', '.']	[0, 0, 0, 0, 0, 0, 3, 4, 0]	pl	18 czerwca 2018 zmienił klub na Awangard Kursk.
['W', 'dramatycznym', 'finale', 'pokonała', 'Louise', 'Brough', ',', 'broniąc', 'trzech', 'piłek', 'meczowych', '.']	[0, 0, 0, 0, 1, 2, 0, 0, 0, 0, 0, 0]	pl	W dramatycznym finale pokonała Louise Brough, broniąc trzech piłek meczowych.
['W', 'Major', 'League', 'Baseball', 'zadebiutował', 'w', '1994', ',', 'a', 'karierę', 'zawodniczą', 'zakończył', 'w', '2005', '.']	[0, 3, 4, 4, 0, 0, 0, 0, 0, 0, 0, 0, 0, 0, 0]	pl	W Major League Baseball zadebiutował w 1994, a karierę zawodniczą zakończył w 2005.
"['""', 'Auberville-la-Renault', '""', '–', 'miejscowość', 'i', 'gmina', 'we', 'Francji', ',', 'w', 'regionie', 'Normandia', ',', 'w', 'departamencie', 'Sekwana', 'Nadmorska', '.']"	[0, 0, 0, 0, 0, 0, 0, 0, 5, 0, 0, 0, 5, 0, 0, 0, 5, 6, 0]	pl	"""Auberville-la-Renault"" – miejscowość i gmina we Francji, w regionie Normandia, w departamencie Sekwana Nadmorska."
['Równolegle', 'przez', 'wiele', 'lat', 'był', 'gospodarzem', 'wszystkich', 'wieczorów', 'wyborczych', 'i', 'referendalnych', 'w', 'TVP1', '.']	[0, 0, 0, 0, 0, 0, 0, 0, 0, 0, 0, 0, 3, 0]	pl	Równolegle przez wiele lat był gospodarzem wszystkich wieczorów wyborczych i referendalnych w TVP1.
['W', 'Chicago', 'przyjął', 'obywatelstwo', 'amerykańskie', '.']	[0, 5, 0, 0, 0, 0]	pl	W Chicago przyjął obywatelstwo amerykańskie.
"['Postać', 'grana', 'przez', 'Katey', 'Sagal', '.', '""']"	[0, 0, 0, 1, 2, 0, 0]	pl	"Postać grana przez Katey Sagal. """
"['Paweł', 'Komorowski', ')', ',', 'czy', 'zdemobilizowany', 'weteran', 'wojny', 'w', '„', 'polskim', 'westernie', '”', '""', 'Południk', 'zero', '""', '(', '1970', ',', 'reż', '.']"	[1, 2, 0, 0, 0, 0, 0, 0, 0, 0, 0, 0, 0, 0, 7, 8, 0, 0, 0, 0, 0, 0]	pl	"Paweł Komorowski), czy zdemobilizowany weteran wojny w „polskim westernie ”"" Południk zero ""(1970, reż."
['W', 'hrabstwie', 'tym', 'mieszka', 'piosenkarka', 'i', 'pianistka', 'rockowa', 'Tori', 'Amos', '.']	[0, 0, 0, 0, 0, 0, 0, 0, 1, 2, 0]	pl	W hrabstwie tym mieszka piosenkarka i pianistka rockowa Tori Amos.
['Miejscowość', 'wchodzi', 'w', 'skład', 'sołectwa', 'Palędzie', 'Dolne', '.']	[0, 0, 0, 0, 0, 5, 6, 0]	pl	Miejscowość wchodzi w skład sołectwa Palędzie Dolne.
"['""', 'Earra-Ghàidheal', '""', ')', '-', 'historyczne', 'hrabstwo', 'w', 'Szkocji', ',', 'obecnie', 'w', 'okręgu', 'Argyll', 'and', 'Bute', '.']"	[0, 0, 0, 0, 0, 0, 0, 0, 5, 0, 0, 0, 0, 5, 6, 6, 0]	pl	"""Earra-Ghàidheal"") - historyczne hrabstwo w Szkocji, obecnie w okręgu Argyll and Bute."
['znaczącą', 'rolę', 'w', 'budowaniu', 'agend', 'kościelnych', 'odgrywał', 'Kazimierz', 'Sosulski', '.']	[0, 0, 0, 0, 0, 0, 0, 1, 2, 0]	pl	znaczącą rolę w budowaniu agend kościelnych odgrywał Kazimierz Sosulski.
['Od', '1', 'lipca', '2008', 'reprezentację', 'prowadził', 'Ottmar', 'Hitzfeld', '.']	[0, 0, 0, 0, 0, 0, 1, 2, 0]	pl	Od 1 lipca 2008 reprezentację prowadził Ottmar Hitzfeld.
['W', 'czasie', 'podróży', 'przez', 'Góry', 'Skaliste', 'pociąg', 'zostaje', 'opanowany', 'przez', 'pokaźną', 'grupę', 'terrorystów', ',', 'pod', 'wodzą', 'szalonego', 'Travisa', 'Dene', '’', 'a', '.']	[0, 0, 0, 0, 5, 6, 0, 0, 0, 0, 0, 0, 0, 0, 0, 0, 0, 0, 0, 0, 0, 0]	pl	W czasie podróży przez Góry Skaliste pociąg zostaje opanowany przez pokaźną grupę terrorystów, pod wodzą szalonego Travisa Dene ’ a.
"['Na', 'odcinku', '""', 'Inowrocław', '(', 'DK15', ')', '–', 'Włocławek', '(', 'Rózinowo', ')', '(', 'DK91', ')', '""', 'dopuszczalny', 'jest', 'ruch', 'pojazdów', 'o', 'nacisku', 'pojedynczej', 'osi', 'do', '10', 'ton', '.']"	[0, 0, 0, 5, 0, 5, 0, 0, 5, 0, 5, 0, 0, 0, 0, 0, 0, 0, 0, 0, 0, 0, 0, 0, 0, 0, 0, 0]	pl	"Na odcinku ""Inowrocław (DK15) – Włocławek (Rózinowo) (DK91)"" dopuszczalny jest ruch pojazdów o nacisku pojedynczej osi do 10 ton."
['Otrzymała', 'islandzkie', 'imię', '„', 'Þorhildur', '”', 'dlatego', ',', 'że', 'gdy', 'się', 'urodziła', ',', 'jej', 'dziadek', ',', 'król', 'Chrystian', 'X', ',', 'był', 'jednocześnie', 'królem', 'Islandii', '.']	[0, 0, 0, 0, 0, 0, 0, 0, 0, 0, 0, 0, 0, 0, 0, 0, 0, 1, 2, 0, 0, 0, 0, 5, 0]	pl	Otrzymała islandzkie imię „Þorhildur ” dlatego, że gdy się urodziła, jej dziadek, król Chrystian X, był jednocześnie królem Islandii.
['Wokół', 'jeziora', 'znajdują', 'się', 'wsie', ':', 'Chew', 'Stoke', ',', 'Chew', 'Magna', 'i', 'Bishop', 'Sutton', '.']	[0, 0, 0, 0, 0, 0, 5, 6, 0, 5, 6, 0, 5, 6, 0]	pl	Wokół jeziora znajdują się wsie: Chew Stoke, Chew Magna i Bishop Sutton.
['Zawodnik', 'klubu', 'Sarıyer', 'GK', '.']	[0, 0, 5, 6, 0]	pl	Zawodnik klubu Sarıyer GK.
['30', 'maja', '1835', 'w', 'Headingley', ',', 'zm', '.']	[0, 0, 0, 0, 5, 0, 0, 0]	pl	30 maja 1835 w Headingley, zm.
['Mirosław', 'Duchowski', 'i', 'arch', '.']	[1, 2, 0, 0, 0]	pl	Mirosław Duchowski i arch.
['Kręcono', 'go', 'w', 'Toronto', 'i', 'w', 'Australii', '.']	[0, 0, 0, 5, 0, 0, 5, 0]	pl	Kręcono go w Toronto i w Australii.
['Z', 'kolei', 'przed', 'rozpoczęciem', 'sezonu', '2008', '/', '2009', 'został', 'trenerem', 'AC', 'Legnano', 'z', 'Serie', 'C1', '.']	[0, 0, 0, 0, 0, 0, 0, 0, 0, 0, 3, 4, 0, 7, 8, 0]	pl	Z kolei przed rozpoczęciem sezonu 2008 / 2009 został trenerem AC Legnano z Serie C1.
['W', '1993', 'był', 'przewodniczącym', 'Mapam', '.']	[0, 0, 0, 0, 3, 0]	pl	W 1993 był przewodniczącym Mapam.
['szkołę', 'stowarzyszono', 'w', 'UNESCO', 'i', 'rozpoczęto', 'w', 'niej', 'rozszerzone', 'nauczanie', 'języka', 'francuskiego', ',', 'od', '1991', 'roku', 'prowadzone', 'przez', 'sekcję', 'dwujęzyczną', '.']	[0, 0, 0, 3, 0, 0, 0, 0, 0, 0, 0, 0, 0, 0, 0, 0, 0, 0, 0, 0, 0]	pl	szkołę stowarzyszono w UNESCO i rozpoczęto w niej rozszerzone nauczanie języka francuskiego, od 1991 roku prowadzone przez sekcję dwujęzyczną.
['Studiowali', 'na', 'niej', 'również', '(', 'nie', 'uzyskując', 'dyplomu', ')', 'm.in.', 'historyk', 'Jan', 'Długosz', '(', 'XV', 'w', '.', ')']	[0, 0, 0, 0, 0, 0, 0, 0, 0, 0, 0, 1, 2, 0, 0, 0, 0, 0]	pl	Studiowali na niej również (nie uzyskując dyplomu) m.in. historyk Jan Długosz (XV w.)
['W', 'grudniu', '2017', 'związał', 'się', 'niegwarantowaną', 'umową', 'z', 'San', 'Diego', 'Padres', '.']	[0, 0, 0, 0, 0, 0, 0, 0, 3, 4, 4, 0]	pl	W grudniu 2017 związał się niegwarantowaną umową z San Diego Padres.
['Od', 'IX', 'stulecia', 'zaczęli', 'się', 'osiedlać', 'w', 'środkowym', 'Atlasie', ',', 'górach', 'Rif', 'oraz', 'na', 'atlantyckim', 'wybrzeżu', 'Maroka', '.']	[0, 0, 0, 0, 0, 0, 0, 0, 5, 0, 0, 5, 0, 0, 0, 0, 5, 0]	pl	Od IX stulecia zaczęli się osiedlać w środkowym Atlasie, górach Rif oraz na atlantyckim wybrzeżu Maroka.
"['""', 'Saint-Bonnet-des-Bruyères', '""', '–', 'miejscowość', 'i', 'gmina', 'we', 'Francji', ',', 'w', 'regionie', 'Owernia-Rodan-Alpy', ',', 'w', 'departamencie', 'Rodan', '.']"	[0, 0, 0, 0, 0, 0, 0, 0, 5, 0, 0, 0, 5, 0, 0, 0, 5, 0]	pl	"""Saint-Bonnet-des-Bruyères"" – miejscowość i gmina we Francji, w regionie Owernia-Rodan-Alpy, w departamencie Rodan."
['Pracował', 'jako', 'trener', 'z', 'holenderskim', 'PSV', 'Eindhoven', ',', 'a', 'także', 'z', 'klubem', 'ekstraklasy', 'angielskiej', 'Sunderlandem', 'oraz', 'grupami', 'młodzieżowymi', 'Middlesbrough', '.']	[0, 0, 0, 0, 0, 3, 4, 0, 0, 0, 0, 0, 0, 0, 3, 0, 0, 0, 3, 0]	pl	Pracował jako trener z holenderskim PSV Eindhoven, a także z klubem ekstraklasy angielskiej Sunderlandem oraz grupami młodzieżowymi Middlesbrough.
['Film', 'przedstawia', 'historię', 'grupy', 'One', 'Direction', ',', 'od', 'jej', 'początków', 'aż', 'do', 'światowego', 'fenomenu', '.']	[0, 0, 0, 0, 3, 4, 0, 0, 0, 0, 0, 0, 0, 0, 0]	pl	Film przedstawia historię grupy One Direction, od jej początków aż do światowego fenomenu.
['W', 'swoim', 'debiutanckim', 'spotkaniu', 'w', 'nowym', 'klubie', 'zdobył', 'hat-tricka', 'i', 'został', 'w', 'sezonie', '1989', '/', '1990', 'królem', 'strzelców', 'Scottish', 'Football', 'League', '.']	[0, 0, 0, 0, 0, 0, 0, 0, 0, 0, 0, 0, 0, 0, 0, 0, 0, 0, 3, 4, 4, 0]	pl	W swoim debiutanckim spotkaniu w nowym klubie zdobył hat-tricka i został w sezonie 1989 / 1990 królem strzelców Scottish Football League.
['Plutarch', 'uznaje', 'ją', 'za', 'znaczącą', 'postać', 'zarówno', 'pod', 'względem', 'politycznym', ',', 'jak', 'też', 'intelektualnym', 'i', 'wyraża', 'swój', 'zachwyt', 'nad', 'kobietą', ',', 'która', '„', 'potrafiła', 'podporządkowywać', 'sobie', 'czołowych', 'mężów', 'w', 'państwie', 'oraz', 'sprostać', 'oczekiwaniom', 'filozofów', ',', 'gdy', 'posługując', 'się', 'wzniosłymi', 'terminami', ',', 'prowadzili', 'z', 'nią', 'obszerne', 'dyskusje', '”', '.']	[1, 0, 0, 0, 0, 0, 0, 0, 0, 0, 0, 0, 0, 0, 0, 0, 0, 0, 0, 0, 0, 0, 0, 0, 0, 0, 0, 0, 0, 0, 0, 0, 0, 0, 0, 0, 0, 0, 0, 0, 0, 0, 0, 0, 0, 0, 0, 0]	pl	Plutarch uznaje ją za znaczącą postać zarówno pod względem politycznym, jak też intelektualnym i wyraża swój zachwyt nad kobietą, która „potrafiła podporządkowywać sobie czołowych mężów w państwie oraz sprostać oczekiwaniom filozofów, gdy posługując się wzniosłymi terminami, prowadzili z nią obszerne dyskusje ”.
['Przedsiębiorstwo', 'założone', 'zostało', 'w', '1992', 'roku', ',', 'a', 'jego', 'siedziba', 'znajduje', 'się', 'w', 'mieście', 'Chongqing', '.']	[0, 0, 0, 0, 0, 0, 0, 0, 0, 0, 0, 0, 0, 0, 5, 0]	pl	Przedsiębiorstwo założone zostało w 1992 roku, a jego siedziba znajduje się w mieście Chongqing.
['W', '1998', 'został', 'wybrany', 'z', '25', 'numerem', 'w', 'drafcie', 'przez', 'Indiana', 'Pacers', '.']	[0, 0, 0, 0, 0, 0, 0, 0, 0, 0, 3, 4, 0]	pl	W 1998 został wybrany z 25 numerem w drafcie przez Indiana Pacers.
"['Po', 'roku', 'intensywnego', 'koncertowania', 'po', 'całym', 'świecie', ',', 'w', '1985', 'roku', 'zespół', 'postanowili', 'wydać', 'drugi', 'album', 'koncertowy', '–', '""', 'World', 'Wide', 'Live', '""', ',', 'zawierający', 'nagrania', 'z', 'występów', ',', 'które', 'grupa', 'odbyła', 'w', 'ciągu', 'poprzedniego', 'roku', '.']"	[0, 0, 0, 0, 0, 0, 0, 0, 0, 0, 0, 0, 0, 0, 0, 0, 0, 0, 0, 7, 8, 8, 0, 0, 0, 0, 0, 0, 0, 0, 0, 0, 0, 0, 0, 0, 0]	pl	"Po roku intensywnego koncertowania po całym świecie, w 1985 roku zespół postanowili wydać drugi album koncertowy – ""World Wide Live"", zawierający nagrania z występów, które grupa odbyła w ciągu poprzedniego roku."
['W', '1973', 'roku', 'w', 'Zwickau', 'powstały', '3', 'prototypy', '.']	[0, 0, 0, 0, 5, 0, 0, 0, 0]	pl	W 1973 roku w Zwickau powstały 3 prototypy.
['Z', 'reprezentacją', 'brał', 'również', 'udział', 'w', 'Copa', 'América', '1989', '.']	[0, 0, 0, 0, 0, 0, 7, 8, 8, 0]	pl	Z reprezentacją brał również udział w Copa América 1989.
"['""', 'Cottévrard', '""', '–', 'miejscowość', 'i', 'gmina', 'we', 'Francji', ',', 'w', 'regionie', 'Normandia', ',', 'w', 'departamencie', 'Sekwana', 'Nadmorska', '.']"	[0, 0, 0, 0, 0, 0, 0, 0, 5, 0, 0, 0, 5, 0, 0, 0, 5, 6, 0]	pl	"""Cottévrard"" – miejscowość i gmina we Francji, w regionie Normandia, w departamencie Sekwana Nadmorska."
['Pugwash', ')', '.']	[3, 0, 0]	pl	Pugwash).
['9', 'lutego', '2005', 'w', 'Bonn', ')', '–', 'niemiecka', 'śpiewaczka', 'operowa', '(', 'sopran', 'dramatyczny', ')', '.']	[0, 0, 0, 0, 5, 0, 0, 0, 0, 0, 0, 0, 0, 0, 0]	pl	9 lutego 2005 w Bonn) – niemiecka śpiewaczka operowa (sopran dramatyczny).
"['Początkowo', 'była', 'wydawana', 'w', 'szarej', 'obudowie', 'wraz', 'z', 'grą', '""', 'Tetris', '""', ',', 'potem', 'wprowadzono', 'edycje', 'z', 'obudowami', 'o', 'innych', 'kolorach', '.']"	[0, 0, 0, 0, 0, 0, 0, 0, 0, 0, 7, 0, 0, 0, 0, 0, 0, 0, 0, 0, 0, 0]	pl	"Początkowo była wydawana w szarej obudowie wraz z grą ""Tetris"", potem wprowadzono edycje z obudowami o innych kolorach."
"['Mimo', 'kontrowersji', 'jakie', 'początkowo', 'wywołała', 'przedstawiona', 'muzyka', ',', 'album', 'zdobył', 'uznanie', 'wśród', 'fanów', '–', 'wielu', 'z', 'nich', 'oceniło', 'go', 'na', 'równi', 'z', '""', 'In', 'the', 'Court', 'of', 'the', 'Crimson', 'King', '""', '.']"	[0, 0, 0, 0, 0, 0, 0, 0, 0, 0, 0, 0, 0, 0, 0, 0, 0, 0, 0, 0, 0, 0, 0, 7, 8, 8, 8, 8, 8, 8, 0, 0]	pl	"Mimo kontrowersji jakie początkowo wywołała przedstawiona muzyka, album zdobył uznanie wśród fanów – wielu z nich oceniło go na równi z ""In the Court of the Crimson King""."
['Grafika', 'wyświetlana', 'jest', 'w', 'trybie', '3D', 'w', 'widoku', 'od', 'góry', ',', 'który', 'przypomina', 'nieco', 'rzut', 'izometryczny', 'zastosowany', 'w', 'oryginalnym', 'Diablo', '.']	[0, 0, 0, 0, 0, 7, 0, 0, 0, 0, 0, 0, 0, 0, 0, 0, 0, 0, 0, 7, 0]	pl	Grafika wyświetlana jest w trybie 3D w widoku od góry, który przypomina nieco rzut izometryczny zastosowany w oryginalnym Diablo.
['Jego', 'brat', ',', 'jezuita', 'Tommaso', 'Ceva', ',', 'również', 'był', 'matematykiem', '.']	[0, 0, 0, 0, 1, 2, 0, 0, 0, 0, 0]	pl	Jego brat, jezuita Tommaso Ceva, również był matematykiem.
['Dużą', 'popularność', 'zyskała', '26', 'czerwca', '2007', ',', 'gdy', 'na', 'wizji', 'dwukrotnie', 'odmówiła', 'wydawcy', 'podania', 'informacji', 'o', 'wyjściu', 'Paris', 'Hilton', 'z', 'więzienia', '.']	[0, 0, 0, 0, 0, 0, 0, 0, 0, 0, 0, 0, 0, 0, 0, 0, 0, 1, 2, 0, 0, 0]	pl	Dużą popularność zyskała 26 czerwca 2007, gdy na wizji dwukrotnie odmówiła wydawcy podania informacji o wyjściu Paris Hilton z więzienia.
"['Pracował', 'również', 'przy', 'produkcjach', 'kinowych', ',', 'był', 'autorem', 'zdjęć', 'do', '""', 'Kolekcjonera', '""', 'i', 'komediodramatu', '""', 'Simon', 'Birch', '""', '.']"	[0, 0, 0, 0, 0, 0, 0, 0, 0, 0, 0, 0, 0, 0, 0, 0, 7, 8, 0, 0]	pl	"Pracował również przy produkcjach kinowych, był autorem zdjęć do ""Kolekcjonera"" i komediodramatu ""Simon Birch""."
['W', 'czasie', 'trzeciego', 'lotu', ',', 'trwającego', 'od', '18', 'do', '26', 'maja', '1969', ',', 'był', 'pilotem', 'modułu', 'dowodzenia', 'statku', 'Apollo', '10', '.']	[0, 0, 0, 0, 0, 0, 0, 0, 0, 0, 0, 0, 0, 0, 0, 0, 0, 0, 7, 8, 0]	pl	W czasie trzeciego lotu, trwającego od 18 do 26 maja 1969, był pilotem modułu dowodzenia statku Apollo 10.
['Na', 'czele', 'powstania', 'stanął', 'Giuseppe', 'Mazzini', 'i', 'Giuseppe', 'Garibaldi', '.']	[0, 0, 0, 0, 1, 2, 0, 1, 2, 0]	pl	Na czele powstania stanął Giuseppe Mazzini i Giuseppe Garibaldi.
"['Przykładami', 'gier', 'o', 'takiej', 'możliwości', 'są', '""', 'Advance', 'Wars', '""', 'oraz', '""', 'Mario', 'Kart', ':', 'Super', 'Circuit', '""', ',', 'w', 'pozostałych', 'przypadkach', 'każdy', 'gracz', 'musi', 'posiadać', 'własną', 'kopię', 'gry', '.']"	[0, 0, 0, 0, 0, 0, 0, 7, 8, 0, 0, 0, 7, 8, 8, 8, 8, 0, 0, 0, 0, 0, 0, 0, 0, 0, 0, 0, 0, 0]	pl	"Przykładami gier o takiej możliwości są ""Advance Wars"" oraz ""Mario Kart: Super Circuit"", w pozostałych przypadkach każdy gracz musi posiadać własną kopię gry."
"['""', 'Germolles-sur-Grosne', '""', '–', 'miejscowość', 'i', 'gmina', 'we', 'Francji', ',', 'w', 'regionie', 'Burgundia-Franche-Comté', ',', 'w', 'departamencie', 'Saona', 'i', 'Loara', '.']"	[0, 0, 0, 0, 0, 0, 0, 0, 5, 0, 0, 0, 5, 0, 0, 0, 5, 6, 6, 0]	pl	"""Germolles-sur-Grosne"" – miejscowość i gmina we Francji, w regionie Burgundia-Franche-Comté, w departamencie Saona i Loara."
['Od', '1977', 'do', '1995', 'był', 'radnym', 'Saint-Léger-des-Vignes', '.']	[0, 0, 0, 0, 0, 0, 5, 0]	pl	Od 1977 do 1995 był radnym Saint-Léger-des-Vignes.
['W', 'rolach', 'głównych', 'wystąpili', 'Ewan', 'McGregor', ',', 'Cameron', 'Diaz', ',', 'Holly', 'Hunter', 'i', 'Delroy', 'Lindo', '.']	[0, 0, 0, 0, 1, 2, 0, 1, 2, 0, 1, 2, 0, 1, 2, 0]	pl	W rolach głównych wystąpili Ewan McGregor, Cameron Diaz, Holly Hunter i Delroy Lindo.
"['Mimo', 'trudności', ',', 'w', '1975', 'pojawiała', 'się', 'płyta', '""', 'Sabotage', '""', '.']"	[0, 0, 0, 0, 0, 0, 0, 0, 0, 7, 0, 0]	pl	"Mimo trudności, w 1975 pojawiała się płyta ""Sabotage""."
['Zastąpiony', 'przez', 'Boeing', 'CH-47', 'Chinook', '.']	[0, 0, 7, 8, 8, 0]	pl	Zastąpiony przez Boeing CH-47 Chinook.
['26', 'maja', '2005', 'w', 'miejscowości', 'Komarów-Osada', ')', '–', 'polski', 'lekarz', ',', 'senator', 'I', 'kadencji', '.']	[0, 0, 0, 0, 0, 5, 0, 0, 0, 0, 0, 0, 7, 0, 0]	pl	26 maja 2005 w miejscowości Komarów-Osada) – polski lekarz, senator I kadencji.
['W', 'ramach', 'restartu', 'część', 'postaci', 'DC', 'Comics', 'doczekała', 'się', 'szeregu', 'zmian', ',', 'mającego', 'zdaniem', 'pomysłodawców', 'lepiej', 'dostosować', 'je', 'do', 'realiów', 'XXI', 'wieku', ',', 'co', 'tyczyło', 'się', 'm.in.', 'metamorfozy', 'ich', 'kostiumów', 'lub', 'mocno', 'zaprezentowania', 'zrelatywizowanych', 'originów', 'niektórych', 'bohaterów', '.']	[0, 0, 0, 0, 0, 3, 4, 0, 0, 0, 0, 0, 0, 0, 0, 0, 0, 0, 0, 0, 0, 0, 0, 0, 0, 0, 0, 0, 0, 0, 0, 0, 0, 0, 0, 0, 0, 0]	pl	W ramach restartu część postaci DC Comics doczekała się szeregu zmian, mającego zdaniem pomysłodawców lepiej dostosować je do realiów XXI wieku, co tyczyło się m.in. metamorfozy ich kostiumów lub mocno zaprezentowania zrelatywizowanych originów niektórych bohaterów.
['Zarysował', 'się', 'już', 'wtedy', 'podstawowy', 'podział', 'na', 'dzielnice', ':', 'Neustria', '(', 'zachodnia', 'część', 'państwa', ')', ',', 'Austrazja', '(', 'południowo-wschodnia', ')', ',', 'Burgundia', '(', 'centrum', ')', 'i', 'Akwitania', '(', 'południowo-zachodnia', ')', '.']	[0, 0, 0, 0, 0, 0, 0, 0, 0, 5, 0, 0, 0, 0, 0, 0, 5, 0, 0, 0, 0, 5, 0, 0, 0, 0, 5, 0, 0, 0, 0]	pl	Zarysował się już wtedy podstawowy podział na dzielnice: Neustria (zachodnia część państwa), Austrazja (południowo-wschodnia), Burgundia (centrum) i Akwitania (południowo-zachodnia).
['Tadeusz', 'Wilecki', ',', 'który', 'uzyskał', 'jedynie', '28', '805', 'głosów', ',', 'tj.', '0,16', '%', 'poparcia', '.']	[1, 2, 0, 0, 0, 0, 0, 0, 0, 0, 0, 0, 0, 0, 0]	pl	Tadeusz Wilecki, który uzyskał jedynie 28 805 głosów, tj. 0,16% poparcia.
['Frederick', 'Winslow', 'Taylor', 'opublikował', 'swoją', 'teorię', 'naukowej', 'organizacji', ',', 'która', 'obejmowała', 'dokładne', 'analizy', 'ludzkiej', 'pracy', ',', 'systematyczne', 'definicje', 'metod', ',', 'narzędzi', 'i', 'szkoleń', 'dla', 'pracowników', '.']	[1, 2, 2, 0, 0, 0, 0, 0, 0, 0, 0, 0, 0, 0, 0, 0, 0, 0, 0, 0, 0, 0, 0, 0, 0, 0]	pl	Frederick Winslow Taylor opublikował swoją teorię naukowej organizacji, która obejmowała dokładne analizy ludzkiej pracy, systematyczne definicje metod, narzędzi i szkoleń dla pracowników.
['W', '1566', 'na', 'półwyspie', 'Sciberras', 'wielki', 'mistrz', 'rozpoczął', 'budowę', 'miasta', ',', 'nazwanego', 'później', 'od', 'nazwiska', 'założyciela', 'Valletta', '.']	[0, 0, 0, 0, 5, 0, 0, 0, 0, 0, 0, 0, 0, 0, 0, 0, 5, 0]	pl	W 1566 na półwyspie Sciberras wielki mistrz rozpoczął budowę miasta, nazwanego później od nazwiska założyciela Valletta.
['Od', '2016', 'roku', 'jest', 'zawodnikiem', 'klubu', 'FC', 'Emmen', '.']	[0, 0, 0, 0, 0, 0, 3, 4, 0]	pl	Od 2016 roku jest zawodnikiem klubu FC Emmen.
['Wcześniej', 'Orchan', 'utworzył', 'regularne', 'oddziały', 'müsellem', ',', 'piechotę', 'yaya', 'i', 'nieregularne', 'oddziały', 'Akıncı', '.']	[0, 1, 0, 0, 0, 0, 0, 0, 0, 0, 0, 0, 5, 0]	pl	Wcześniej Orchan utworzył regularne oddziały müsellem, piechotę yaya i nieregularne oddziały Akıncı.
"['""', 'Boisdinghem', '""', '–', 'miejscowość', 'i', 'gmina', 'we', 'Francji', ',', 'w', 'regionie', 'Hauts-de-France', ',', 'w', 'departamencie', 'Pas-de-Calais', '.']"	[0, 0, 0, 0, 0, 0, 0, 0, 5, 0, 0, 0, 5, 0, 0, 0, 5, 0]	pl	"""Boisdinghem"" – miejscowość i gmina we Francji, w regionie Hauts-de-France, w departamencie Pas-de-Calais."
"['Według', 'danych', 'na', 'rok', '1990', 'gminę', 'zamieszkiwało', '1496', 'osób', ',', 'a', 'gęstość', 'zaludnienia', 'wynosiła', '110', '""', 'osób', '/', 'km', '²', '(', 'wśród', '1287', 'gmin', 'regionu', 'Île-de-France', 'Saclas', 'plasuje', 'się', 'na', '550', '.']"	[0, 0, 0, 0, 0, 0, 0, 0, 0, 0, 0, 0, 0, 0, 0, 0, 0, 0, 0, 0, 0, 0, 0, 0, 0, 5, 0, 0, 0, 0, 0, 0]	pl	"Według danych na rok 1990 gminę zamieszkiwało 1496 osób, a gęstość zaludnienia wynosiła 110 ""osób / km ² (wśród 1287 gmin regionu Île-de-France Saclas plasuje się na 550."
['Mimo', 'to', ',', 'dzięki', 'bazom', 'chrześcijan', 'na', 'Sycylii', ',', 'Tunis', 'przestał', 'stanowić', 'zagrożenie', 'dla', 'chrześcijańskich', 'okrętów', 'i', 'statków', 'handlowych', '.']	[0, 0, 0, 0, 0, 0, 0, 5, 0, 5, 0, 0, 0, 0, 0, 0, 0, 0, 0, 0]	pl	Mimo to, dzięki bazom chrześcijan na Sycylii, Tunis przestał stanowić zagrożenie dla chrześcijańskich okrętów i statków handlowych.
"['Pojęcie', '""', 'alcoholismus', 'chronicum', '""', 'wprowadził', 'Magnus', 'Huss', 'w', 'roku', '1849', '.']"	[0, 0, 0, 0, 0, 0, 1, 2, 0, 0, 0, 0]	pl	"Pojęcie ""alcoholismus chronicum"" wprowadził Magnus Huss w roku 1849."
['W', '1999', 'wygrała', 'wybory', 'lokalne', 'do', 'rady', 'jednostki', 'administracyjnej', 'Fingal', 'w', 'okręgu', 'Castleknock', '.']	[0, 0, 0, 0, 0, 0, 0, 0, 0, 5, 0, 0, 5, 0]	pl	W 1999 wygrała wybory lokalne do rady jednostki administracyjnej Fingal w okręgu Castleknock.
"['""', 'Sauvigny-le-Beuréal', '""', '–', 'miejscowość', 'i', 'gmina', 'we', 'Francji', ',', 'w', 'regionie', 'Burgundia-Franche-Comté', ',', 'w', 'departamencie', 'Yonne', '.']"	[0, 0, 0, 0, 0, 0, 0, 0, 5, 0, 0, 0, 5, 0, 0, 0, 5, 0]	pl	"""Sauvigny-le-Beuréal"" – miejscowość i gmina we Francji, w regionie Burgundia-Franche-Comté, w departamencie Yonne."
['Do', 'pisarzy', 'tych', 'należał', 'np.', 'pochodzący', 'z', 'okolic', 'Jassów', 'Mihail', 'Sadoveanu', '.']	[0, 0, 0, 0, 0, 0, 0, 0, 5, 1, 2, 0]	pl	Do pisarzy tych należał np. pochodzący z okolic Jassów Mihail Sadoveanu.
"['Według', 'danych', 'na', 'rok', '1990', 'gminę', 'zamieszkiwały', '82', 'osoby', ',', 'a', 'gęstość', 'zaludnienia', 'wynosiła', '9', '""', 'osób', '/', 'km', '²', '(', 'wśród', '1786', 'gmin', 'Franche-Comté', 'Roche-sur-Linotte-et-Sorans-les-Cordier', 'plasuje', 'się', 'na', '661', '.']"	[0, 0, 0, 0, 0, 0, 0, 0, 0, 0, 0, 0, 0, 0, 0, 0, 0, 0, 0, 0, 0, 0, 0, 0, 5, 0, 0, 0, 0, 0, 0]	pl	"Według danych na rok 1990 gminę zamieszkiwały 82 osoby, a gęstość zaludnienia wynosiła 9 ""osób / km ² (wśród 1786 gmin Franche-Comté Roche-sur-Linotte-et-Sorans-les-Cordier plasuje się na 661."
"['""', 'Haye-le-Comte', '""', '–', 'miejscowość', 'i', 'gmina', 'we', 'Francji', ',', 'w', 'regionie', 'Normandia', ',', 'w', 'departamencie', 'Eure', '.']"	[0, 0, 0, 0, 0, 0, 0, 0, 5, 0, 0, 0, 5, 0, 0, 0, 5, 0]	pl	"""Haye-le-Comte"" – miejscowość i gmina we Francji, w regionie Normandia, w departamencie Eure."
['Współpracuje', 'również', 'z', 'państwami', 'uczestniczącymi', 'w', 'programie', 'Partnerstwo', 'dla', 'Pokoju', ',', 'których', 'jednak', 'nie', 'bierze', 'pod', 'uwagę', 'w', 'procesie', 'decyzyjnym', '.']	[0, 0, 0, 0, 0, 0, 0, 3, 4, 4, 0, 0, 0, 0, 0, 0, 0, 0, 0, 0, 0]	pl	Współpracuje również z państwami uczestniczącymi w programie Partnerstwo dla Pokoju, których jednak nie bierze pod uwagę w procesie decyzyjnym.
['Jego', 'następcą', 'został', 'Abu', 'Hamza', 'al-Muhadżir', '.']	[0, 0, 0, 1, 2, 2, 0]	pl	Jego następcą został Abu Hamza al-Muhadżir.
['Gatunek', 'ten', 'zamieszkuje', 'Argentynę', ',', 'prowincję', 'Misiones', ',', 'dokładniej', 'jej', 'południową', 'część', ',', 'gdzie', 'zaobserwowano', 'go', 'w', '5', 'lokalizacjach', '.']	[0, 0, 0, 5, 0, 0, 5, 0, 0, 0, 0, 0, 0, 0, 0, 0, 0, 0, 0, 0]	pl	Gatunek ten zamieszkuje Argentynę, prowincję Misiones, dokładniej jej południową część, gdzie zaobserwowano go w 5 lokalizacjach.
['W', 'sezonie', '2009', '/', '10', 'reprezentował', 'barwy', 'jedynego', 'w', 'swojej', 'karierze', 'klubu', 'z', 'Europy', ',', 'FC', 'Twente', '.']	[0, 0, 0, 0, 0, 0, 0, 0, 0, 0, 0, 0, 0, 5, 0, 3, 4, 0]	pl	W sezonie 2009 / 10 reprezentował barwy jedynego w swojej karierze klubu z Europy, FC Twente.
"['Wydana', 'w', 'październiku', '2005', 'roku', 'piąta', 'płyta', '""', 'All', 'the', 'Right', 'Reasons', '""', 'powtórzyła', 'sukces', 'sprzedając', 'się', 'także', 'w', 'ponad', '10-milionowym', 'nakładzie', 'na', 'całym', 'świecie', '.']"	[0, 0, 0, 0, 0, 0, 0, 0, 7, 8, 8, 8, 0, 0, 0, 0, 0, 0, 0, 0, 0, 0, 0, 0, 0, 0]	pl	"Wydana w październiku 2005 roku piąta płyta ""All the Right Reasons"" powtórzyła sukces sprzedając się także w ponad 10-milionowym nakładzie na całym świecie."
"['Siedziba', 'gminy', 'to', '""', 'Sadlinki', '""', '.']"	[0, 0, 0, 0, 5, 0, 0]	pl	"Siedziba gminy to ""Sadlinki""."
['Pod', 'koniec', 'kwietnia', 'major', '„', 'Bruzda', '”', 'podjął', 'decyzję', 'o', 'ataku', 'na', 'Grajewo', '.']	[0, 0, 0, 0, 0, 0, 0, 0, 0, 0, 0, 0, 5, 0]	pl	Pod koniec kwietnia major „Bruzda ” podjął decyzję o ataku na Grajewo.
['Kraj', 'ten', ',', 'który', 'zdobywał', 'najwięcej', 'medali', 'na', 'letnich', 'i', 'zimowych', 'igrzyskach', 'w', 'latach', '1956', '–', '1964', ',', 'w', 'Grenoble', 'zajął', 'drugie', 'miejsce', 'z', 'dorobkiem', 'trzynastu', 'medali', '–', 'pięciu', 'złotych', ',', 'pięciu', 'srebrnych', 'i', 'trzech', 'brązowych', '.']	[0, 0, 0, 0, 0, 0, 0, 0, 0, 0, 0, 0, 0, 0, 0, 0, 0, 0, 0, 5, 0, 0, 0, 0, 0, 0, 0, 0, 0, 0, 0, 0, 0, 0, 0, 0, 0]	pl	Kraj ten, który zdobywał najwięcej medali na letnich i zimowych igrzyskach w latach 1956 – 1964, w Grenoble zajął drugie miejsce z dorobkiem trzynastu medali – pięciu złotych, pięciu srebrnych i trzech brązowych.
['W', 'swoich', 'wspomnieniach', 'Jan', 'Cynarski', 'wskazywał', 'Okrzeję', 'jako', 'najbardziej', 'wyróżniającego', 'się', 'podopiecznego', '.']	[0, 0, 0, 1, 2, 0, 0, 0, 0, 0, 0, 0, 0]	pl	W swoich wspomnieniach Jan Cynarski wskazywał Okrzeję jako najbardziej wyróżniającego się podopiecznego.
['-', '1648', ')', '–', 'opata', 'w', 'Gorze', '.']	[0, 0, 0, 0, 0, 0, 5, 0]	pl	- 1648) – opata w Gorze.
['Oprócz', 'tego', 'prowadził', 'własny', 'biznes', ',', 'posiadając', 'dwa', 'młodzieżowe', 'centra', 'rozrywkowe', 'w', 'hiszpańskim', 'mieście', 'Marbella', 'oraz', 'budując', 'mieszkania', 'w', 'Czarnogórze', '.']	[0, 0, 0, 0, 0, 0, 0, 0, 0, 0, 0, 0, 0, 0, 5, 0, 0, 0, 0, 5, 0]	pl	Oprócz tego prowadził własny biznes, posiadając dwa młodzieżowe centra rozrywkowe w hiszpańskim mieście Marbella oraz budując mieszkania w Czarnogórze.
['Ric', 'Flair', 'wierzy', ',', 'że', 'jego', 'biologiczna', 'matka', 'mogła', 'paść', 'ofiarą', 'tego', 'przekrętu', '.']	[1, 2, 0, 0, 0, 0, 0, 0, 0, 0, 0, 0, 0, 0]	pl	Ric Flair wierzy, że jego biologiczna matka mogła paść ofiarą tego przekrętu.
"['""', 'Gmina', 'Malmö', '""', '(', 'nieformalnie', '""', 'miasto', 'Malmö', '""', ';', 'szw', '.']"	[0, 0, 5, 0, 0, 0, 0, 0, 5, 0, 0, 0, 0]	pl	"""Gmina Malmö"" (nieformalnie ""miasto Malmö""; szw."
['23', 'września', '1992', 'w', 'Norwich', ')', '–', 'angielski', 'piłkarz', 'występujący', 'na', 'pozycji', 'bramkarza', 'w', 'Aston', 'Villi', '.']	[0, 0, 0, 0, 5, 0, 0, 0, 0, 0, 0, 0, 0, 0, 3, 4, 0]	pl	23 września 1992 w Norwich) – angielski piłkarz występujący na pozycji bramkarza w Aston Villi.
"['""', 'Castelul', 'Corvinilor', '""', ',', 'węg.', '""', 'Vajdahunyad', 'vár', '""', ')', '–', 'średniowieczny', 'zamek', 'w', 'Hunedoarze', 'w', 'Siedmiogrodzie', '(', 'Rumunia', ')', '.']"	[0, 0, 0, 0, 0, 0, 0, 0, 0, 0, 0, 0, 0, 0, 0, 5, 0, 5, 0, 5, 0, 0]	pl	"""Castelul Corvinilor"", węg. ""Vajdahunyad vár"") – średniowieczny zamek w Hunedoarze w Siedmiogrodzie (Rumunia)."
['1940', ')', 'i', 'matematyk', 'Antoni', 'Leon', 'Dawidowicz', '(', 'ur', '.']	[0, 0, 0, 0, 1, 2, 2, 0, 0, 0]	pl	1940) i matematyk Antoni Leon Dawidowicz (ur.
['Pierwsze', 'miasto', 'tej', 'dzielnicy', ',', 'Płock', ',', 'został', 'lokowany', 'na', 'prawie', 'książęcym', 'w', '1237', '.']	[0, 0, 0, 0, 0, 5, 0, 0, 0, 0, 0, 0, 0, 0, 0]	pl	Pierwsze miasto tej dzielnicy, Płock, został lokowany na prawie książęcym w 1237.
['Głównym', 'portem', 'morskim', 'jest', 'Pointe-Noire', '.']	[0, 0, 0, 0, 5, 0]	pl	Głównym portem morskim jest Pointe-Noire.
['Główne', 'wyspy', ':', 'Taliabu', ',', 'Sanana', ',', 'Mangole', ';', 'powierzchnia', 'górzysta', '(', 'do', '1649', 'm', 'n.p.m.', ')', ',', 'porośnięta', 'lasem', 'równikowym', ';', 'główne', 'miasto', 'Sanana', '.']	[0, 0, 0, 5, 0, 5, 0, 5, 0, 0, 0, 0, 0, 0, 0, 0, 0, 0, 0, 0, 0, 0, 0, 0, 5, 0]	pl	Główne wyspy: Taliabu, Sanana, Mangole; powierzchnia górzysta (do 1649 m n.p.m.), porośnięta lasem równikowym; główne miasto Sanana.
['Graniczy', 'z', 'Monastir', ',', 'Samatzai', ',', 'Serramanna', ',', 'Serrenti', ',', 'Ussana', 'i', 'Villasor', '.']	[0, 0, 5, 0, 5, 0, 5, 0, 5, 0, 5, 0, 5, 0]	pl	Graniczy z Monastir, Samatzai, Serramanna, Serrenti, Ussana i Villasor.
"['Według', 'danych', 'na', 'rok', '1990', 'gminę', 'zamieszkiwało', '556', 'osób', ',', 'a', 'gęstość', 'zaludnienia', 'wynosiła', '61', '""', 'osób', '/', 'km', '²', '(', 'wśród', '1287', 'gmin', 'regionu', 'Île-de-France', 'Avrainville', 'plasuje', 'się', 'na', '785', '.']"	[0, 0, 0, 0, 0, 0, 0, 0, 0, 0, 0, 0, 0, 0, 0, 0, 0, 0, 0, 0, 0, 0, 0, 0, 0, 5, 0, 0, 0, 0, 0, 0]	pl	"Według danych na rok 1990 gminę zamieszkiwało 556 osób, a gęstość zaludnienia wynosiła 61 ""osób / km ² (wśród 1287 gmin regionu Île-de-France Avrainville plasuje się na 785."
['Od', 'roku', '1883', 'zamieszkał', 'w', 'Giverny', ',', 'gdzie', 'chciał', 'odizolować', 'się', 'od', 'ludzi', '.']	[0, 0, 0, 0, 0, 5, 0, 0, 0, 0, 0, 0, 0, 0]	pl	Od roku 1883 zamieszkał w Giverny, gdzie chciał odizolować się od ludzi.
['W', 'sezonie', 'Clausura', '2008', 'był', 'szkoleniowcem', 'Tiburones', 'Rojos', 'de', 'Veracruz', ',', 'którego', 'jednak', 'nie', 'zdołał', 'uchronić', 'przed', 'spadkiem', 'do', 'drugiej', 'ligi', '.']	[0, 0, 0, 0, 0, 0, 3, 4, 4, 4, 0, 0, 0, 0, 0, 0, 0, 0, 0, 0, 0, 0]	pl	W sezonie Clausura 2008 był szkoleniowcem Tiburones Rojos de Veracruz, którego jednak nie zdołał uchronić przed spadkiem do drugiej ligi.
['Najwięcej', 'ofiar', 'znajdowało', 'się', 'w', 'mieście', 'Gonaïves', ',', 'gdzie', 'zginęło', 'około', '2000', 'osób', '.']	[0, 0, 0, 0, 0, 0, 5, 0, 0, 0, 0, 0, 0, 0]	pl	Najwięcej ofiar znajdowało się w mieście Gonaïves, gdzie zginęło około 2000 osób.
['W', 'wyborach', 'parlamentarnych', 'w', '2011', 'jako', 'przedstawiciel', 'RLN', 'bezskutecznie', 'kandydował', 'do', 'Sejmu', 'z', 'listy', 'partii', 'Polska', 'Jest', 'Najważniejsza', 'w', 'okręgu', 'konińskim', '(', 'otrzymał', '382', 'głosy', ')', '.']	[0, 0, 0, 0, 0, 0, 0, 0, 0, 0, 0, 3, 0, 0, 0, 3, 4, 4, 0, 0, 0, 0, 0, 0, 0, 0, 0]	pl	W wyborach parlamentarnych w 2011 jako przedstawiciel RLN bezskutecznie kandydował do Sejmu z listy partii Polska Jest Najważniejsza w okręgu konińskim (otrzymał 382 głosy).
['Leży', 'nad', 'rzeką', 'Strwiąż', ',', 'przy', 'DK84', '.']	[0, 0, 0, 5, 0, 0, 0, 0]	pl	Leży nad rzeką Strwiąż, przy DK84.
['Royce', 'da', '5', '’', '9', '”', ',', 'Erick', 'Sermon', 'vs', '.']	[0, 0, 0, 0, 0, 0, 0, 1, 2, 0, 0]	pl	Royce da 5 ’ 9 ”, Erick Sermon vs.
['Grał', 'na', 'nich', 'aż', 'do', 'momentu', 'w', 'którym', 'mając', '12', 'lat', 'usłyszał', 'po', 'raz', 'pierwszy', 'Iron', 'Maiden', '.']	[0, 0, 0, 0, 0, 0, 0, 0, 0, 0, 0, 0, 0, 0, 0, 3, 4, 0]	pl	Grał na nich aż do momentu w którym mając 12 lat usłyszał po raz pierwszy Iron Maiden.
['Siedem', 'razy', 'brał', 'udział', 'w', 'NBA', 'All-Star', 'Game', '.']	[0, 0, 0, 0, 0, 7, 8, 8, 0]	pl	Siedem razy brał udział w NBA All-Star Game.
"['W', '2007', 'roku', 'kanadyjska', 'wokalistka', 'Céline', 'Dion', 'wykonała', 'cover', '„', 'Alone', '”', ',', 'który', 'znalazł', 'się', 'na', 'jej', 'albumie', '""', 'Taking', 'Chances', '""', '.']"	[0, 0, 0, 0, 0, 1, 2, 0, 0, 0, 0, 0, 0, 0, 0, 0, 0, 0, 0, 0, 7, 8, 0, 0]	pl	"W 2007 roku kanadyjska wokalistka Céline Dion wykonała cover „Alone ”, który znalazł się na jej albumie"" Taking Chances ""."
"['""', 'Oye-Plage', '""', '–', 'miejscowość', 'i', 'gmina', 'we', 'Francji', ',', 'w', 'regionie', 'Hauts-de-France', ',', 'w', 'departamencie', 'Pas-de-Calais', '.']"	[0, 0, 0, 0, 0, 0, 0, 0, 5, 0, 0, 0, 5, 0, 0, 0, 5, 0]	pl	"""Oye-Plage"" – miejscowość i gmina we Francji, w regionie Hauts-de-France, w departamencie Pas-de-Calais."
"['""', 'World', 'of', 'Our', 'Own', '""', '-', 'trzeci', 'i', 'ostatni', 'singel', 'irlandzkiego', 'zespołu', 'Westlife', ',', 'promujący', 'album', 'pt.', '""', 'World', 'of', 'Our', 'Own', '""', '.']"	[0, 7, 8, 8, 8, 0, 0, 0, 0, 0, 0, 0, 0, 3, 0, 0, 0, 0, 0, 7, 8, 8, 8, 0, 0]	pl	"""World of Our Own"" - trzeci i ostatni singel irlandzkiego zespołu Westlife, promujący album pt. ""World of Our Own""."
['Na', 'zakończenie', 'turnieju', 'zdobył', 'siódme', 'miejsce', 'w', 'Bischofshofen', '.']	[0, 0, 0, 0, 0, 0, 0, 5, 0]	pl	Na zakończenie turnieju zdobył siódme miejsce w Bischofshofen.
['W', 'sezonie', '2005', '-', '06', 'wpuszczał', 'średnio', '3,7', 'bramki', 'na', 'mecz', 'w', 'konsekwencji', 'czego', 'został', 'oddelegowany', 'do', 'drużyny', 'rezerw', 'Boston', 'Bruins', '-', 'Providence', 'Bruins', '.']	[0, 0, 0, 0, 0, 0, 0, 0, 0, 0, 0, 0, 0, 0, 0, 0, 0, 0, 0, 3, 4, 0, 3, 4, 0]	pl	W sezonie 2005 - 06 wpuszczał średnio 3,7 bramki na mecz w konsekwencji czego został oddelegowany do drużyny rezerw Boston Bruins - Providence Bruins.
"['Krótkometrażówka', 'została', 'wydana', 'cyfrowo', '3', 'września', '2013', 'roku', 'oraz', 'na', 'Blu-ray', 'z', 'filmem', '""', 'Iron', 'Man', '3', '""', '24', 'września', '2013', 'roku', '.']"	[0, 0, 0, 0, 0, 0, 0, 0, 0, 0, 0, 0, 0, 0, 7, 8, 8, 0, 0, 0, 0, 0, 0]	pl	"Krótkometrażówka została wydana cyfrowo 3 września 2013 roku oraz na Blu-ray z filmem ""Iron Man 3"" 24 września 2013 roku."
['podaje', ',', 'że', 'Ministerstwo', 'Bezpieczeństwa', 'Publicznego', 'utworzyło', 'taki', 'ośrodek', 'w', 'Kamienicy', '.']	[0, 0, 0, 3, 4, 4, 0, 0, 0, 0, 5, 0]	pl	podaje, że Ministerstwo Bezpieczeństwa Publicznego utworzyło taki ośrodek w Kamienicy.
['Ostatecznie', 'najlepszą', 'lokatę', 'uzyskał', 'Bronisław', 'Czech', 'w', 'kombinacji', 'norweskiej', ',', 'w', 'której', 'zajął', '10', '.']	[0, 0, 0, 0, 1, 2, 0, 0, 0, 0, 0, 0, 0, 0, 0]	pl	Ostatecznie najlepszą lokatę uzyskał Bronisław Czech w kombinacji norweskiej, w której zajął 10.
['Leży', 'w', 'departamencie', 'Alpes-Maritimes', ',', 'między', 'Monako', 'na', 'wschodzie', 'a', 'Niceą', 'na', 'zachodzie', '.']	[0, 0, 0, 5, 0, 0, 5, 0, 0, 0, 5, 0, 0, 0]	pl	Leży w departamencie Alpes-Maritimes, między Monako na wschodzie a Niceą na zachodzie.
['Pułk', '26', 'sierpnia', 'otrzymuje', 'rozkaz', 'ściągnięcia', 'podjazdów', 'i', 'ubezpieczeń', 'i', 'przemaszerowania', 'pod', 'Ciechanów', '.']	[0, 0, 0, 0, 0, 0, 0, 0, 0, 0, 0, 0, 5, 0]	pl	Pułk 26 sierpnia otrzymuje rozkaz ściągnięcia podjazdów i ubezpieczeń i przemaszerowania pod Ciechanów.
['Simplicius', 'dorasta', 'jako', 'prosty', 'pastuch', '-', 'z', 'dala', 'od', 'jakiegokolwiek', 'wykształcenia', ',', 'nie', 'znając', 'nawet', 'swojego', 'własnego', 'nazwiska', '–', 'na', 'farmie', 'w', 'Spessart', '.']	[0, 0, 0, 0, 0, 0, 0, 0, 0, 0, 0, 0, 0, 0, 0, 0, 0, 0, 0, 0, 0, 0, 5, 0]	pl	Simplicius dorasta jako prosty pastuch - z dala od jakiegokolwiek wykształcenia, nie znając nawet swojego własnego nazwiska – na farmie w Spessart.
['W', '2015', 'roku', 'został', 'wprowadzony', 'do', 'Rock', 'and', 'Roll', 'Hall', 'of', 'Fame', '.']	[0, 0, 0, 0, 0, 0, 5, 6, 6, 6, 6, 6, 0]	pl	W 2015 roku został wprowadzony do Rock and Roll Hall of Fame.
['Są', 'to', ',', 'między', 'innymi', ',', 'Holandia', ',', 'Stany', 'Zjednoczone', ',', 'Białoruś', ',', 'Nowa', 'Zelandia', '.']	[0, 0, 0, 0, 0, 0, 5, 0, 5, 6, 0, 5, 0, 5, 6, 0]	pl	Są to, między innymi, Holandia, Stany Zjednoczone, Białoruś, Nowa Zelandia.
['Ponadto', 'World', 'Wide', 'Fund', 'for', 'Nature', 'prowadzi', 'tutaj', 'działania', '.']	[0, 3, 4, 4, 4, 4, 0, 0, 0, 0]	pl	Ponadto World Wide Fund for Nature prowadzi tutaj działania.
['Posiadał', 'dużą', 'kolekcję', 'miniaturowych', 'pociągów', ',', 'a', 'w', 'ogrodzie', 'jego', 'domu', 'w', 'Sherman', 'Oaks', 'ułożono', 'kolej', 'wąskotorową', '.']	[0, 0, 0, 0, 0, 0, 0, 0, 0, 0, 0, 0, 5, 6, 0, 0, 0, 0]	pl	Posiadał dużą kolekcję miniaturowych pociągów, a w ogrodzie jego domu w Sherman Oaks ułożono kolej wąskotorową.
['Wydzielony', 'ze', 'stanu', 'Mato', 'Grosso', 'w', '1977', 'r', '.']	[0, 0, 0, 5, 6, 0, 0, 0, 0]	pl	Wydzielony ze stanu Mato Grosso w 1977 r.
['Zamieszkuje', 'tropikalne', ',', 'wilgotne', 'lasy', ',', 'wzdłuż', 'brzegów', 'górnej', 'Zambezi', '.']	[0, 0, 0, 0, 0, 0, 0, 0, 0, 5, 0]	pl	Zamieszkuje tropikalne, wilgotne lasy, wzdłuż brzegów górnej Zambezi.
"['Odkrył', 'ją', 'John', 'Herschel', '24', '""', 'marca', '1830', 'roku', '.']"	[0, 0, 1, 2, 0, 0, 0, 0, 0, 0]	pl	"Odkrył ją John Herschel 24 ""marca 1830 roku."
['Nic', 'nie', 'wiadomo', 'na', 'temat', 'jego', 'poglądów', 'politycznych', ',', 'faktem', 'jest', 'jednak', ',', 'że', 'opuścił', 'Paryż', 'i', 'wyjechał', 'do', 'rodzinnego', 'Grasse', '.']	[0, 0, 0, 0, 0, 0, 0, 0, 0, 0, 0, 0, 0, 0, 0, 5, 0, 0, 0, 0, 5, 0]	pl	Nic nie wiadomo na temat jego poglądów politycznych, faktem jest jednak, że opuścił Paryż i wyjechał do rodzinnego Grasse.
"['""', 'Daubeuf-la-Campagne', '""', '–', 'miejscowość', 'i', 'gmina', 'we', 'Francji', ',', 'w', 'regionie', 'Normandia', ',', 'w', 'departamencie', 'Eure', '.']"	[0, 0, 0, 0, 0, 0, 0, 0, 5, 0, 0, 0, 5, 0, 0, 0, 5, 0]	pl	"""Daubeuf-la-Campagne"" – miejscowość i gmina we Francji, w regionie Normandia, w departamencie Eure."
['Klasyczne', 'funkcje', 'zarządzania', 'wyróżnił', 'pierwszy', '„', 'klasyk', '”', 'zarządzania', 'Henri', 'Fayol', '.']	[0, 0, 0, 0, 0, 0, 0, 0, 0, 1, 2, 0]	pl	Klasyczne funkcje zarządzania wyróżnił pierwszy „klasyk ” zarządzania Henri Fayol.
['W', '2002', 'roku', 'firma', 'Royal', 'Bank', 'of', 'Canada', 'za', '80', 'milionów', 'USD', 'wykupiła', 'na', '20', 'lat', 'prawa', 'do', 'nazwy', 'hali', '.']	[0, 0, 0, 0, 3, 4, 4, 4, 0, 0, 0, 0, 0, 0, 0, 0, 0, 0, 0, 0, 0]	pl	W 2002 roku firma Royal Bank of Canada za 80 milionów USD wykupiła na 20 lat prawa do nazwy hali.
['Sąsiadujące', 'rodziny', 'przystrajały', 'swoją', 'stronę', 'kamienia', 'girlandami', 'i', 'składały', 'na', 'ołtarzu', 'ofiary', ',', 'na', 'które', ',', 'jak', 'podaje', 'Owidiusz', 'także', 'składały', 'się', 'plony', ',', 'plastry', 'miodu', 'i', 'wino', '.']	[0, 0, 0, 0, 0, 0, 0, 0, 0, 0, 0, 0, 0, 0, 0, 0, 0, 0, 1, 0, 0, 0, 0, 0, 0, 0, 0, 0, 0]	pl	Sąsiadujące rodziny przystrajały swoją stronę kamienia girlandami i składały na ołtarzu ofiary, na które, jak podaje Owidiusz także składały się plony, plastry miodu i wino.
['zaboru', 'pruskiego', 'Naczelna', 'Rada', 'Ludowa', 'wydała', 'zakaz', 'kolportażu', 'jako', '„', 'dziennika', 'bolszewickiego', 'i', 'żydowskiego', '”', '.']	[0, 0, 3, 4, 4, 0, 0, 0, 0, 0, 0, 0, 0, 0, 0, 0]	pl	zaboru pruskiego Naczelna Rada Ludowa wydała zakaz kolportażu jako „dziennika bolszewickiego i żydowskiego ”.
['Warto', 'wspomnieć', ',', 'że', 'w', 'tym', 'okresie', 'w', 'pałacu', 'bywał', 'często', 'brat', 'właściciela', 'Adam', 'Turno', ',', 'również', 'dawny', 'oficer', 'napoleoński', ',', 'który', 'pozostawił', 'po', 'sobie', 'obszerne', '„', 'Dzienniki', '”', 'stanowiące', 'jedno', 'z', 'najciekawszych', 'źródeł', 'dla', 'badaczy', 'życia', 'codziennego', 'ziemiaństwa', 'wielkopolskiego', 'w', 'I', 'połowie', 'XIX', 'w', '.']	[0, 0, 0, 0, 0, 0, 0, 0, 0, 0, 0, 0, 0, 1, 2, 0, 0, 0, 0, 0, 0, 0, 0, 0, 0, 0, 0, 0, 0, 0, 0, 0, 0, 0, 0, 0, 0, 0, 0, 0, 0, 0, 0, 0, 0, 0]	pl	Warto wspomnieć, że w tym okresie w pałacu bywał często brat właściciela Adam Turno, również dawny oficer napoleoński, który pozostawił po sobie obszerne „Dzienniki ” stanowiące jedno z najciekawszych źródeł dla badaczy życia codziennego ziemiaństwa wielkopolskiego w I połowie XIX w.
['skautingu', 'drużyny', 'Philadelphia', '76ers', '.']	[0, 0, 3, 4, 0]	pl	skautingu drużyny Philadelphia 76ers.
['Zawodnik', 'klubu', 'APOEL', 'FC', '.']	[0, 0, 3, 4, 0]	pl	Zawodnik klubu APOEL FC.
"['""', 'Sovicille', '""', '–', 'miejscowość', 'i', 'gmina', 'we', 'Włoszech', ',', 'w', 'regionie', 'Toskania', ',', 'w', 'prowincji', 'Siena', '.']"	[0, 0, 0, 0, 0, 0, 0, 0, 5, 0, 0, 0, 5, 0, 0, 0, 5, 0]	pl	"""Sovicille"" – miejscowość i gmina we Włoszech, w regionie Toskania, w prowincji Siena."
['Dwa', 'tytuły', 'mistrzyni', 'olimpijskiej', 'zdobyła', 'także', 'Andrea', 'Henkel', '.']	[0, 0, 0, 0, 0, 0, 1, 2, 0]	pl	Dwa tytuły mistrzyni olimpijskiej zdobyła także Andrea Henkel.
['W', 'Currie', 'Cup', 'głównym', 'sędzią', 'był', 'w', '161', 'pojedynkach', '.']	[0, 7, 8, 0, 0, 0, 0, 0, 0, 0]	pl	W Currie Cup głównym sędzią był w 161 pojedynkach.
['W', 'tym', 'przypadku', 'jest', 'międzywojenna', 'Anglia', ',', 'gdzie', 'emancypacja', 'niższych', 'klas', 'zderza', 'się', 'z', 'ekonomiczną', 'dominacją', 'arystokracji', ',', 'a', 'coraz', 'swobodniejsze', 'normy', 'obyczajowe', 'muszą', 'wciąż', 'toczyć', 'bój', 'z', 'wiktoriańskim', 'purytanizmem', 'i', 'hipokryzją', '.']	[0, 0, 0, 0, 0, 5, 0, 0, 0, 0, 0, 0, 0, 0, 0, 0, 0, 0, 0, 0, 0, 0, 0, 0, 0, 0, 0, 0, 0, 0, 0, 0, 0]	pl	W tym przypadku jest międzywojenna Anglia, gdzie emancypacja niższych klas zderza się z ekonomiczną dominacją arystokracji, a coraz swobodniejsze normy obyczajowe muszą wciąż toczyć bój z wiktoriańskim purytanizmem i hipokryzją.
"['Przedstawia', 'ona', 'wydarzenia', ',', 'jakie', 'mają', 'miejsce', 'po', 'filmie', '""', 'Captain', 'America', ':', 'Pierwsze', 'starcie', '""', '.']"	[0, 0, 0, 0, 0, 0, 0, 0, 0, 0, 7, 8, 8, 8, 8, 0, 0]	pl	"Przedstawia ona wydarzenia, jakie mają miejsce po filmie ""Captain America: Pierwsze starcie""."
['W', 'Primera', 'División', 'pierwszy', 'mecz', 'rozegrał', '18', 'września', '2004', 'z', 'Espanyolem', '.']	[0, 3, 4, 0, 0, 0, 0, 0, 0, 0, 3, 0]	pl	W Primera División pierwszy mecz rozegrał 18 września 2004 z Espanyolem.
['Aby', 'wyrównać', 'szanse', 'swych', 'synów', 'musiał', 'ich', 'tych', 'technik', 'nauczyć', ',', 'dlatego', 'Yip', 'Man', 'mając', 'dostęp', 'do', 'niejako', 'obu', 'wersji', 'spróbował', 'je', 'na', 'nowo', 'połączyć', 'w', 'prawidłową', 'technikę', '.']	[0, 0, 0, 0, 0, 0, 0, 0, 0, 0, 0, 0, 1, 2, 0, 0, 0, 0, 0, 0, 0, 0, 0, 0, 0, 0, 0, 0, 0]	pl	Aby wyrównać szanse swych synów musiał ich tych technik nauczyć, dlatego Yip Man mając dostęp do niejako obu wersji spróbował je na nowo połączyć w prawidłową technikę.
['Premierem', 'został', 'ponownie', 'an-Nahhasa', 'W', 'tym', 'czasie', 'tron', 'objął', 'Faruk', 'I', ',', 'w', 'imieniu', 'którego', 'obowiązki', 'monarchy', 'wypełniała', 'rada', 'regencyjna', '.']	[0, 0, 0, 0, 0, 0, 0, 0, 0, 1, 2, 0, 0, 0, 0, 0, 0, 0, 0, 0, 0]	pl	Premierem został ponownie an-Nahhasa W tym czasie tron objął Faruk I, w imieniu którego obowiązki monarchy wypełniała rada regencyjna.
['Olimpijski', 'konkurs', 'skoków', 'w', 'Sankt', 'Moritz', 'był', 'pierwszymi', 'międzynarodowymi', 'zawodami', ',', 'podczas', 'których', 'skoki', 'oceniane', 'były', 'przez', 'pięciu', 'sędziów', ',', 'a', 'dwie', 'skrajne', 'noty', 'zaczęto', 'odrzucać', '.']	[0, 0, 0, 0, 5, 6, 0, 0, 0, 0, 0, 0, 0, 0, 0, 0, 0, 0, 0, 0, 0, 0, 0, 0, 0, 0, 0]	pl	Olimpijski konkurs skoków w Sankt Moritz był pierwszymi międzynarodowymi zawodami, podczas których skoki oceniane były przez pięciu sędziów, a dwie skrajne noty zaczęto odrzucać.
['Z', 'tą', 'samą', 'ekipą', 'wziął', 'też', 'udział', 'w', 'trzech', 'ostatnich', 'rundach', 'sezonu', 'World', 'Series', 'by', 'Renault', '.']	[0, 0, 0, 0, 0, 0, 0, 0, 0, 0, 0, 0, 7, 8, 8, 8, 0]	pl	Z tą samą ekipą wziął też udział w trzech ostatnich rundach sezonu World Series by Renault.
['Pierwszy', 'system', 'zwany', 'Wampir', ':', 'Maskarada', 'przesiąknięty', 'jest', 'klimatem', 'gotyk-punku', '.']	[0, 0, 0, 7, 8, 8, 0, 0, 0, 0, 0]	pl	Pierwszy system zwany Wampir: Maskarada przesiąknięty jest klimatem gotyk-punku.
['W', 'pierwszej', 'rundzie', 'zawodów', 'miała', 'wolny', 'los', ',', 'w', 'drugiej', 'pokonała', 'Gülşah', 'Kocatürk', ',', 'natomiast', 'w', 'ćwierćfinale', 'przegrała', 'z', 'Tong', 'Wen', '.']	[0, 0, 0, 0, 0, 0, 0, 0, 0, 0, 0, 0, 0, 0, 0, 0, 0, 0, 0, 1, 2, 0]	pl	W pierwszej rundzie zawodów miała wolny los, w drugiej pokonała Gülşah Kocatürk, natomiast w ćwierćfinale przegrała z Tong Wen.
['W', 'trzeciej', 'rundzie', 'zawodów', 'wygrała', '6:1', ',', '6:4', 'z', 'Hsieh', 'Su-wei', '.']	[0, 0, 0, 0, 0, 0, 0, 0, 0, 1, 2, 0]	pl	W trzeciej rundzie zawodów wygrała 6:1, 6:4 z Hsieh Su-wei.
"['Według', 'danych', 'na', 'rok', '1990', 'gminę', 'zamieszkiwało', '1005', 'osób', ',', 'a', 'gęstość', 'zaludnienia', 'wynosiła', '58', '""', 'osób', '/', 'km', '²', '(', 'wśród', '1786', 'gmin', 'Franche-Comté', 'Frahier-et-Chatebier', 'plasuje', 'się', 'na', '167', '.']"	[0, 0, 0, 0, 0, 0, 0, 0, 0, 0, 0, 0, 0, 0, 0, 0, 0, 0, 0, 0, 0, 0, 0, 0, 5, 0, 0, 0, 0, 0, 0]	pl	"Według danych na rok 1990 gminę zamieszkiwało 1005 osób, a gęstość zaludnienia wynosiła 58 ""osób / km ² (wśród 1786 gmin Franche-Comté Frahier-et-Chatebier plasuje się na 167."
"['Swoją', 'siedzibę', 'mają', 'tam', 'między', 'innymi', '""', 'Indian', 'Institute', 'of', 'Science', '""', ',', 'Infosys', 'i', 'Indyjska', 'Organizacja', 'Badań', 'Kosmicznych', '.']"	[0, 0, 0, 0, 0, 0, 0, 3, 4, 4, 4, 0, 0, 3, 0, 3, 4, 4, 4, 0]	pl	"Swoją siedzibę mają tam między innymi ""Indian Institute of Science"", Infosys i Indyjska Organizacja Badań Kosmicznych."
['W', 'kadrze', 'grali', 'już', 'jednak', 'piłkarze', 'innego', 'pokolenia', ':', 'Cosmin', 'Contra', ',', 'Răzvan', 'Raț', ',', 'Cristian', 'Chivu', ',', 'Adrian', 'Mutu', ',', 'Mirel', 'Rădoi', ',', 'Paul', 'Codrea', 'i', 'Bogdan', 'Lobonț', '.']	[0, 0, 0, 0, 0, 0, 0, 0, 0, 1, 2, 0, 1, 2, 0, 1, 2, 0, 1, 2, 0, 1, 2, 0, 1, 2, 0, 1, 2, 0]	pl	W kadrze grali już jednak piłkarze innego pokolenia: Cosmin Contra, Răzvan Raț, Cristian Chivu, Adrian Mutu, Mirel Rădoi, Paul Codrea i Bogdan Lobonț.
"['""', 'Mormi', 'borneański', '""', ',', 'badia', ',', 'kot', 'z', 'Borneo', '(', '""', 'Catopuma', 'badia', '""', ')', '–', 'gatunek', 'drapieżnego', 'ssaka', 'z', 'podrodziny', 'kotów', '(', 'Felinae', ')', 'w', 'rodzinie', 'kotowatych', '(', 'Felidae', ')', '.']"	[0, 0, 0, 0, 0, 0, 0, 0, 0, 5, 0, 0, 0, 0, 0, 0, 0, 0, 0, 0, 0, 0, 0, 0, 0, 0, 0, 0, 0, 0, 0, 0, 0]	pl	"""Mormi borneański"", badia, kot z Borneo (""Catopuma badia"") – gatunek drapieżnego ssaka z podrodziny kotów (Felinae) w rodzinie kotowatych (Felidae)."
['W', '1921', 'roku', 'wyłączono', 'z', 'powiatu', 'obwód', 'sądowy', 'skoczowski', '(', 'z', 'wyjątkiem', 'gmin', ':', 'Bielowicko', ',', 'Grodziec', ',', 'Łazy', ',', 'Roztropice', ',', 'Świętoszówka', ',', 'Wieszczęta', ')', 'i', 'przyłączono', 'do', 'powiatu', 'cieszyńskiego', ',', 'podobnie', 'jak', 'trzy', 'lata', 'później', 'gminy', 'Ochaby', 'i', 'Pruchna', '.']	[0, 0, 0, 0, 0, 0, 0, 0, 0, 0, 0, 0, 0, 0, 5, 0, 5, 0, 5, 0, 5, 0, 5, 0, 5, 0, 0, 0, 0, 0, 0, 0, 0, 0, 0, 0, 0, 0, 5, 0, 5, 0]	pl	W 1921 roku wyłączono z powiatu obwód sądowy skoczowski (z wyjątkiem gmin: Bielowicko, Grodziec, Łazy, Roztropice, Świętoszówka, Wieszczęta) i przyłączono do powiatu cieszyńskiego, podobnie jak trzy lata później gminy Ochaby i Pruchna.
['Zdjęcia', 'rozpoczęto', 'w', 'październiku', '2009', 'w', 'Tbilisi', 'we', 'współpracy', 'z', 'gruzińskim', 'rządem', 'i', 'wojskiem', '.']	[0, 0, 0, 0, 0, 0, 5, 0, 0, 0, 0, 0, 0, 0, 0]	pl	Zdjęcia rozpoczęto w październiku 2009 w Tbilisi we współpracy z gruzińskim rządem i wojskiem.
['Jego', 'pierwszym', 'międzynarodowym', 'osiągnięciem', 'było', 'zwycięstwo', 'w', 'biegu', 'na', '100', 'm', 'podczas', 'igrzysk', 'panamerykańskich', 'w', '1999', 'w', 'Winnipeg', '.']	[0, 0, 0, 0, 0, 0, 0, 0, 0, 0, 0, 0, 0, 0, 0, 0, 0, 5, 0]	pl	Jego pierwszym międzynarodowym osiągnięciem było zwycięstwo w biegu na 100 m podczas igrzysk panamerykańskich w 1999 w Winnipeg.
['Jego', 'następcą', 'został', 'partyjny', 'kolega', '–', 'Kurt', 'Georg', 'Kiesinger', '.']	[0, 0, 0, 0, 0, 0, 1, 2, 2, 0]	pl	Jego następcą został partyjny kolega – Kurt Georg Kiesinger.
['31', 'marca', '1981', 'w', 'San', 'José', ')', '–', 'kostarykański', 'piłkarz', 'występujący', 'na', 'pozycji', 'pomocnika', '.']	[0, 0, 0, 0, 5, 6, 0, 0, 0, 0, 0, 0, 0, 0, 0]	pl	31 marca 1981 w San José) – kostarykański piłkarz występujący na pozycji pomocnika.
['Godny', 'zauważenia', 'jest', 'fakt', 'wysokiej', 'bezawaryjności', 'tej', 'konstrukcji', ',', 'bowiem', 'podczas', 'eksploatacji', 'doszło', 'jedynie', 'do', 'dwóch', 'niewielkich', 'awarii', 'rakiety', '(', 'podczas', 'misji', 'Apollo', '6', 'i', 'Apollo', '13', 'nastąpiła', 'awaria', 'jednego', 'z', 'silników', ',', 'jednak', 'komputer', 'pokładowy', 'zdołał', 'wyrównać', 'spadek', 'mocy', ')', '.']	[0, 0, 0, 0, 0, 0, 0, 0, 0, 0, 0, 0, 0, 0, 0, 0, 0, 0, 0, 0, 0, 0, 7, 8, 0, 7, 8, 0, 0, 0, 0, 0, 0, 0, 0, 0, 0, 0, 0, 0, 0, 0]	pl	Godny zauważenia jest fakt wysokiej bezawaryjności tej konstrukcji, bowiem podczas eksploatacji doszło jedynie do dwóch niewielkich awarii rakiety (podczas misji Apollo 6 i Apollo 13 nastąpiła awaria jednego z silników, jednak komputer pokładowy zdołał wyrównać spadek mocy).
['Władzę', 'nad', 'miastem', 'przejął', 'pruski', 'minister', ',', 'baron', 'Karl', 'August', 'von', 'Hardenberg', '.']	[0, 0, 0, 0, 0, 0, 0, 0, 1, 2, 2, 2, 0]	pl	Władzę nad miastem przejął pruski minister, baron Karl August von Hardenberg.
['W', 'stolicy', 'rozegrał', '22', 'mecze', 'i', 'po', 'raz', 'kolejny', 'zmienił', 'drużynę', ',', 'na', 'FC', 'Aarau', '.']	[0, 0, 0, 0, 0, 0, 0, 0, 0, 0, 0, 0, 0, 3, 4, 0]	pl	W stolicy rozegrał 22 mecze i po raz kolejny zmienił drużynę, na FC Aarau.
['Najwyżej', 'sklasyfikowany', 'został', 'w', 'Rovaniemi', ',', 'gdzie', 'był', '54', '.']	[0, 0, 0, 0, 5, 0, 0, 0, 0, 0]	pl	Najwyżej sklasyfikowany został w Rovaniemi, gdzie był 54.
['W', '1967', 'po', 'raz', 'pierwszy', 'został', 'wybrany', 'do', 'parlamentu', '(', 'izby', 'niższej', 'Lok', 'Sabhy', ')', ',', 'gdzie', 'był', 'wówczas', 'najmłodszym', 'deputowanym', '(', 'minimalny', 'wiek', 'dla', 'kandydata', 'to', '25', 'lat', ')', ';', 'reprezentował', 'w', 'parlamencie', 'rodzinne', 'Lakszadiwy', '.']	[0, 0, 0, 0, 0, 0, 0, 0, 0, 0, 0, 0, 0, 0, 0, 0, 0, 0, 0, 0, 0, 0, 0, 0, 0, 0, 0, 0, 0, 0, 0, 0, 0, 0, 0, 5, 0]	pl	W 1967 po raz pierwszy został wybrany do parlamentu (izby niższej Lok Sabhy), gdzie był wówczas najmłodszym deputowanym (minimalny wiek dla kandydata to 25 lat); reprezentował w parlamencie rodzinne Lakszadiwy.
['W', 'filmie', 'będącym', 'refleksją', 'nad', 'nauką', ',', 'przyszłością', 'i', 'przyjaźnią', 'wystąpili', 'm.in.', 'Aleksiej', 'Batałow', 'i', 'Innokientij', 'Smoktunowski', '.']	[0, 0, 0, 0, 0, 0, 0, 0, 0, 0, 0, 0, 1, 2, 0, 1, 2, 0]	pl	W filmie będącym refleksją nad nauką, przyszłością i przyjaźnią wystąpili m.in. Aleksiej Batałow i Innokientij Smoktunowski.
['12', 'stycznia', '2015', ',', 'w', 'ramach', 'wymiany', 'między', 'trzema', 'klubami', ',', 'trafił', 'do', 'New', 'Orleans', 'Pelicans', '.']	[0, 0, 0, 0, 0, 0, 0, 0, 0, 0, 0, 0, 0, 3, 4, 4, 0]	pl	12 stycznia 2015, w ramach wymiany między trzema klubami, trafił do New Orleans Pelicans.
['Przez', 'wschodni', 'kraniec', 'wsi', ',', 'w', 'szerokiej', 'pradolinie', 'przepływa', 'rzeka', 'Kwisa', '.']	[0, 0, 0, 0, 0, 0, 0, 0, 0, 0, 5, 0]	pl	Przez wschodni kraniec wsi, w szerokiej pradolinie przepływa rzeka Kwisa.
['12', 'km', 'na', 'południowy', 'zachód', 'od', 'Esslingen', 'am', 'Neckar', 'i', 'ok', '.']	[0, 0, 0, 0, 0, 0, 5, 6, 6, 0, 0, 0]	pl	12 km na południowy zachód od Esslingen am Neckar i ok.
['W', 'maju', '2012', 'podpisał', 'umowę', 'z', 'klubem', 'San', 'Luis', 'FC', ',', 'z', 'którego', 'zwolniono', 'go', 'jednak', 'po', 'zaledwie', 'sześciu', 'ligowych', 'meczach', ';', 'nie', 'potrafił', 'odnieść', 'w', 'nich', 'żadnego', 'zwycięstwa', '.']	[0, 0, 0, 0, 0, 0, 0, 3, 4, 4, 0, 0, 0, 0, 0, 0, 0, 0, 0, 0, 0, 0, 0, 0, 0, 0, 0, 0, 0, 0]	pl	W maju 2012 podpisał umowę z klubem San Luis FC, z którego zwolniono go jednak po zaledwie sześciu ligowych meczach; nie potrafił odnieść w nich żadnego zwycięstwa.
['Medalista', 'igrzysk', 'azjatyckich', 'i', 'wschodnioazjatyckich', ',', 'uczestnik', 'pucharu', 'świata', 'w', 'rugby', '7', 'i', 'World', 'Games', ',', 'drużynowy', 'mistrz', 'Azji', 'w', 'rugby', '7', ',', 'w', '2015', 'roku', 'wybrany', 'przez', 'kibiców', 'najlepszym', 'zawodnikiem', 'miejscowej', 'reprezentacji', 'siedmioosobowej', 'w', 'historii', '.']	[0, 0, 0, 0, 0, 0, 0, 0, 0, 0, 0, 0, 0, 7, 8, 0, 0, 0, 5, 0, 0, 0, 0, 0, 0, 0, 0, 0, 0, 0, 0, 0, 0, 0, 0, 0, 0]	pl	Medalista igrzysk azjatyckich i wschodnioazjatyckich, uczestnik pucharu świata w rugby 7 i World Games, drużynowy mistrz Azji w rugby 7, w 2015 roku wybrany przez kibiców najlepszym zawodnikiem miejscowej reprezentacji siedmioosobowej w historii.
['Po', 'raz', 'pierwszy', 'sędziował', 'w', '1998', 'roku', ',', 'osiem', 'lat', 'później', 'poprowadził', 'pierwsze', 'profesjonalne', 'zawody', ',', 'debiut', 'w', 'testmeczu', 'zaliczył', 'zaś', 'w', 'listopadzie', '2009', 'roku', 'w', 'spotkaniu', 'Rumunów', 'z', 'Fidżyjczykami', 'na', 'Stadionul', 'Arcul', 'de', 'Triumf', '.']	[0, 0, 0, 0, 0, 0, 0, 0, 0, 0, 0, 0, 0, 0, 0, 0, 0, 0, 0, 0, 0, 0, 0, 0, 0, 0, 0, 5, 0, 5, 0, 5, 6, 6, 6, 0]	pl	Po raz pierwszy sędziował w 1998 roku, osiem lat później poprowadził pierwsze profesjonalne zawody, debiut w testmeczu zaliczył zaś w listopadzie 2009 roku w spotkaniu Rumunów z Fidżyjczykami na Stadionul Arcul de Triumf.
['Wcześniej', 'w', 'pierwszej', 'rundzie', 'play-off', 'zespół', 'pokonał', 'Seattle', 'SuperSonics', 'w', 'stosunku', '4', '-', '2', '.']	[0, 0, 0, 0, 0, 0, 0, 3, 4, 0, 0, 0, 0, 0, 0]	pl	Wcześniej w pierwszej rundzie play-off zespół pokonał Seattle SuperSonics w stosunku 4 - 2.
['Współpracowała', 'z', 'takimi', 'artystami', ',', 'jak', 'Meg', 'Ryan', ',', 'Diane', 'Keaton', ',', 'Christina', 'Ricci', ',', 'Walter', 'Matthau', ',', 'Robert', 'De', 'Niro', 'czy', 'Billy', 'Crystal', '.']	[0, 0, 0, 0, 0, 0, 1, 2, 0, 1, 2, 0, 1, 2, 0, 1, 2, 0, 1, 2, 2, 0, 1, 2, 0]	pl	Współpracowała z takimi artystami, jak Meg Ryan, Diane Keaton, Christina Ricci, Walter Matthau, Robert De Niro czy Billy Crystal.
['Po', 'negocjacjach', 'Paramount', 'Pictures', ',', 'uzyskał', 'prawa', 'do', 'międzynarodowej', 'dystrybucji', 'Strażników', 'i', '25', '%', 'zysków', 'z', 'filmu', '.']	[0, 0, 3, 4, 0, 0, 0, 0, 0, 0, 7, 0, 0, 0, 0, 0, 0, 0]	pl	Po negocjacjach Paramount Pictures, uzyskał prawa do międzynarodowej dystrybucji Strażników i 25% zysków z filmu.
['Wśród', 'kobiet', 'zwyciężyła', 'reprezentacja', 'Włoch', ',', 'zaś', 'wśród', 'mężczyzn', 'Niemcy', '.']	[0, 0, 0, 0, 5, 0, 0, 0, 0, 5, 0]	pl	Wśród kobiet zwyciężyła reprezentacja Włoch, zaś wśród mężczyzn Niemcy.
"['We', 'wrześniu', '2013', 'roku', 'wydała', 'ona', 'swój', 'debiutancki', 'album', 'studyjny', '""', 'Yours', 'Truly', '""', ',', 'który', 'zadebiutował', 'na', 'miejscu', 'pierwszym', '""', 'Billboard', '""', '200', '.']"	[0, 0, 0, 0, 0, 0, 0, 0, 0, 0, 0, 7, 8, 0, 0, 0, 0, 0, 0, 0, 0, 3, 0, 0, 0]	pl	"We wrześniu 2013 roku wydała ona swój debiutancki album studyjny ""Yours Truly"", który zadebiutował na miejscu pierwszym ""Billboard"" 200."
['Długoletni', 'zawodnik', 'FC', 'Sète', '.']	[0, 0, 3, 4, 0]	pl	Długoletni zawodnik FC Sète.
['Tydzień', 'później', 'Vince', 'McMahon', 'zapowiedział', ',', 'że', '„', 'jeśli', 'The', 'Undertaker', 'przegra', ',', 'to', 'będzie', 'to', 'jego', 'ostatnia', 'WrestleMania', '”', '.']	[0, 0, 1, 2, 0, 0, 0, 0, 0, 1, 2, 0, 0, 0, 0, 0, 0, 0, 0, 0, 0]	pl	Tydzień później Vince McMahon zapowiedział, że „jeśli The Undertaker przegra, to będzie to jego ostatnia WrestleMania ”.
"['""', 'Sognolles-en-Montois', '""', '–', 'miejscowość', 'i', 'gmina', 'we', 'Francji', ',', 'w', 'regionie', 'Île-de-France', ',', 'w', 'departamencie', 'Sekwana', 'i', 'Marna', '.']"	[0, 0, 0, 0, 0, 0, 0, 0, 5, 0, 0, 0, 5, 0, 0, 0, 5, 6, 6, 0]	pl	"""Sognolles-en-Montois"" – miejscowość i gmina we Francji, w regionie Île-de-France, w departamencie Sekwana i Marna."
['W', '2013', 'roku', 'przeszedł', 'do', 'Hamburger', 'SV', '.']	[0, 0, 0, 0, 0, 3, 4, 0]	pl	W 2013 roku przeszedł do Hamburger SV.
['Zamieszkali', 'w', 'Los', 'Angeles', '.']	[0, 0, 5, 6, 0]	pl	Zamieszkali w Los Angeles.
['Wyspy', 'Kokosowe', 'oficjalnie', 'nie', 'posiadają', 'stolicy', ',', 'siedzibą', 'australijskiego', 'administratora', 'wysp', 'jest', 'Canberra', '-', 'stolica', 'Australii', '.']	[5, 6, 0, 0, 0, 0, 0, 0, 0, 0, 0, 0, 5, 0, 0, 5, 0]	pl	Wyspy Kokosowe oficjalnie nie posiadają stolicy, siedzibą australijskiego administratora wysp jest Canberra - stolica Australii.
['W', 'głównych', 'rolach', 'występują', ':', 'Sean', 'Connery', ',', 'Richard', 'Gere', 'i', 'Julia', 'Ormond', '.']	[0, 0, 0, 0, 0, 1, 2, 0, 1, 2, 0, 1, 2, 0]	pl	W głównych rolach występują: Sean Connery, Richard Gere i Julia Ormond.
"['""', 'Brontoscorpio', 'anglicus', '""', '-', 'gatunek', 'wymarłego', 'skorpiona', 'opisany', 'na', 'podstawie', 'skamielin', 'odkrytych', 'w', 'Trimpley', 'w', 'Anglii', '.']"	[0, 0, 0, 0, 0, 0, 0, 0, 0, 0, 0, 0, 0, 0, 5, 0, 5, 0]	pl	"""Brontoscorpio anglicus"" - gatunek wymarłego skorpiona opisany na podstawie skamielin odkrytych w Trimpley w Anglii."
['Dla', 'jednostek', ',', 'które', 'nie', 'mogły', 'pozwolić', 'sobie', 'na', 'długi', 'rejs', 'przez', 'Atlantyk', ',', 'zorganizowana', 'została', 'mniejsza', 'impreza', 'na', 'Bałtyku', ',', 'podczas', 'której', 'żaglowce', 'odwiedziły', 'w', 'lipcu', 'Gdańsk', ',', 'startując', 'z', 'tego', 'portu', 'do', 'regat', '.']	[0, 0, 0, 0, 0, 0, 0, 0, 0, 0, 0, 0, 5, 0, 0, 0, 0, 0, 0, 5, 0, 0, 0, 0, 0, 0, 0, 5, 0, 0, 0, 0, 0, 0, 0, 0]	pl	Dla jednostek, które nie mogły pozwolić sobie na długi rejs przez Atlantyk, zorganizowana została mniejsza impreza na Bałtyku, podczas której żaglowce odwiedziły w lipcu Gdańsk, startując z tego portu do regat.
['Od', '2015', 'roku', 'jest', 'zawodnikiem', 'klubu', 'Stade', 'Tunisien', '.']	[0, 0, 0, 0, 0, 0, 3, 4, 0]	pl	Od 2015 roku jest zawodnikiem klubu Stade Tunisien.
['Bourne', 'robi', 'użytek', 'z', 'telefonu', 'zdobytego', 'na', 'zabitym', 'agencie', ',', 'łącząc', 'się', 'ze', 'swym', 'szefem', 'w', 'CIA', 'w', 'Langley', 'w', 'stanie', 'Wirginia', '.']	[0, 0, 0, 0, 0, 0, 0, 0, 0, 0, 0, 0, 0, 0, 0, 0, 3, 0, 5, 0, 0, 5, 0]	pl	Bourne robi użytek z telefonu zdobytego na zabitym agencie, łącząc się ze swym szefem w CIA w Langley w stanie Wirginia.
['Po', 'niezbędnych', 'naprawach', 'i', 'uzupełnieniu', 'zapasów', ',', 'okręt', 'opuścił', 'Ulithi', '21', 'marca', 'i', 'wraz', 'z', 'pancernikiem', '„', 'Tennessee', '”', 'popłynął', 'w', 'kierunku', 'wysp', 'Riukiu', '.']	[0, 0, 0, 0, 0, 0, 0, 0, 0, 5, 0, 0, 0, 0, 0, 0, 0, 8, 8, 0, 0, 0, 0, 5, 0]	pl	Po niezbędnych naprawach i uzupełnieniu zapasów, okręt opuścił Ulithi 21 marca i wraz z pancernikiem „Tennessee ” popłynął w kierunku wysp Riukiu.
"['Jest', 'to', 'sequel', 'filmu', 'z', '2010', 'roku', ',', '""', 'Percy', 'Jackson', 'i', 'bogowie', 'olimpijscy', ':', 'Złodziej', 'pioruna', '""', '.']"	[0, 0, 0, 0, 0, 0, 0, 0, 0, 7, 8, 8, 8, 8, 8, 8, 8, 0, 0]	pl	"Jest to sequel filmu z 2010 roku, ""Percy Jackson i bogowie olimpijscy: Złodziej pioruna""."
['zwolniony', 'po', 'interwencji', 'władz', 'brytyjskich', ';', 'został', 'przyjęty', 'do', 'Royal', 'Air', 'Force', 'i', 'przydzielony', 'do', 'brytyjskiej', 'jednostki', 'rozprowadzania', 'samolotów', '.']	[0, 0, 0, 0, 0, 0, 0, 0, 0, 3, 4, 4, 0, 0, 0, 0, 0, 0, 0, 0]	pl	zwolniony po interwencji władz brytyjskich; został przyjęty do Royal Air Force i przydzielony do brytyjskiej jednostki rozprowadzania samolotów.
['oficerów', 'prowadzących', 'z', 'KGB', 'i', 'GRU', '.']	[0, 0, 0, 3, 0, 3, 0]	pl	oficerów prowadzących z KGB i GRU.
"['W', 'okresie', ',', 'kiedy', 'był', 'obłożnie', 'chory', ',', 'jego', 'zastępcą', ',', 'jako', 'przewodniczącego', '""', 'pro', 'tempore', '""', ',', 'był', 'George', 'Mitchell', 'z', 'Maine', '.']"	[0, 0, 0, 0, 0, 0, 0, 0, 0, 0, 0, 0, 0, 0, 0, 0, 0, 0, 0, 1, 2, 0, 5, 0]	pl	"W okresie, kiedy był obłożnie chory, jego zastępcą, jako przewodniczącego ""pro tempore"", był George Mitchell z Maine."
['26', 'czerwca', 'delegację', 'KRN', 'przyjął', 'ambasador', 'brytyjski', 'w', 'Moskwie', 'Archibald', 'Clark', 'Kerr', ',', 'który', 'wysłuchał', 'jej', 'informacji', 'o', 'możliwości', 'utworzenia', 'w', 'ZSRR', 'rządu', 'polskiego', '„', 'w', 'bardzo', 'krótkim', 'czasie', '”', '.']	[0, 0, 0, 0, 0, 0, 0, 0, 5, 1, 2, 2, 0, 0, 0, 0, 0, 0, 0, 0, 0, 3, 0, 0, 0, 0, 0, 0, 0, 0, 0]	pl	26 czerwca delegację KRN przyjął ambasador brytyjski w Moskwie Archibald Clark Kerr, który wysłuchał jej informacji o możliwości utworzenia w ZSRR rządu polskiego „w bardzo krótkim czasie ”.
['Pracował', 'początkowo', 'jako', 'marynarz', ',', 'później', 'zaś', 'jako', 'robotnik', 'w', 'Oslo', ',', 'gdzie', 'podjął', 'studia', 'uniwersyteckie', '.']	[0, 0, 0, 0, 0, 0, 0, 0, 0, 0, 5, 0, 0, 0, 0, 0, 0]	pl	Pracował początkowo jako marynarz, później zaś jako robotnik w Oslo, gdzie podjął studia uniwersyteckie.
['Został', 'następnie', 'przejęty', 'przez', 'Muzeum', 'Kolejnictwa', 'w', 'Warszawie', ',', 'po', 'czym', ',', 'z', 'uwagi', 'na', 'brak', 'ekspozycji', 'wąskotorowej', ',', 'znalazł', 'się', 'ostatecznie', 'w', 'Muzeum', 'Kolei', 'Wąskotorowej', 'w', 'Wenecji', '.']	[0, 0, 0, 0, 5, 6, 6, 6, 0, 0, 0, 0, 0, 0, 0, 0, 0, 0, 0, 0, 0, 0, 0, 5, 6, 6, 6, 6, 0]	pl	Został następnie przejęty przez Muzeum Kolejnictwa w Warszawie, po czym, z uwagi na brak ekspozycji wąskotorowej, znalazł się ostatecznie w Muzeum Kolei Wąskotorowej w Wenecji.
['Jej', 'kuzynami', 'są', 'Vikram', 'Bhatt', 'reżyser', 'i', 'scenarzysta', 'i', 'aktor', 'Emraan', 'Hashmi', '.']	[0, 0, 0, 1, 2, 0, 0, 0, 0, 0, 1, 2, 0]	pl	Jej kuzynami są Vikram Bhatt reżyser i scenarzysta i aktor Emraan Hashmi.
['60', '%', 'ścieżki', 'dźwiękowej', 'to', 'utwory', 'tej', 'grupy', 'muzycznej', ',', 'zaś', 'inne', 'zostały', 'wykonane', 'przez', 'zespoły', 'inspirujące', 'się', 'muzyką', 'Aerosmith', 'lub', 'będące', 'inspiracją', 'dla', 'zespołu', '.']	[0, 0, 0, 0, 0, 0, 0, 0, 0, 0, 0, 0, 0, 0, 0, 0, 0, 0, 0, 3, 0, 0, 0, 0, 0, 0]	pl	60% ścieżki dźwiękowej to utwory tej grupy muzycznej, zaś inne zostały wykonane przez zespoły inspirujące się muzyką Aerosmith lub będące inspiracją dla zespołu.
['Wrócił', 'także', 'do', 'kadry', 'Argentyny', 'i', 'w', '1937', 'wygrał', 'z', 'nią', 'turniej', 'Copa', 'América', '.']	[0, 0, 0, 0, 3, 0, 0, 0, 0, 0, 0, 0, 7, 8, 0]	pl	Wrócił także do kadry Argentyny i w 1937 wygrał z nią turniej Copa América.
['Arsenal', 'F.C.', 'zaproponował', 'mu', 'treningi', 'w', 'swojej', 'szkółce', '.']	[3, 4, 0, 0, 0, 0, 0, 0, 0]	pl	Arsenal F.C. zaproponował mu treningi w swojej szkółce.
['W', '1144', 'roku', 'Lucjusz', 'II', 'mianował', 'go', 'kardynałem', 'diakonem', ',', 'a', 'w', '1145', 'papież', 'Eugeniusz', 'III', 'nadał', 'mu', 'kościół', 'tytularny', 'S.', 'Maria', 'in', 'Portico', '.']	[0, 0, 0, 1, 2, 0, 0, 0, 0, 0, 0, 0, 0, 0, 1, 2, 0, 0, 0, 0, 5, 6, 6, 6, 0]	pl	W 1144 roku Lucjusz II mianował go kardynałem diakonem, a w 1145 papież Eugeniusz III nadał mu kościół tytularny S. Maria in Portico.
"['Według', 'danych', 'na', 'rok', '1990', 'gminę', 'zamieszkiwało', '351', 'osób', ',', 'a', 'gęstość', 'zaludnienia', 'wynosiła', '21', '""', 'osób', '/', 'km', '²', '(', 'wśród', '1786', 'gmin', 'Franche-Comté', 'Chaux', 'plasuje', 'się', 'na', '414', '.']"	[0, 0, 0, 0, 0, 0, 0, 0, 0, 0, 0, 0, 0, 0, 0, 0, 0, 0, 0, 0, 0, 0, 0, 0, 5, 0, 0, 0, 0, 0, 0]	pl	"Według danych na rok 1990 gminę zamieszkiwało 351 osób, a gęstość zaludnienia wynosiła 21 ""osób / km ² (wśród 1786 gmin Franche-Comté Chaux plasuje się na 414."
['Mowę', 'pogrzebową', 'wygłosił', 'Henryk', 'Sienkiewicz', '.']	[0, 0, 0, 1, 2, 0]	pl	Mowę pogrzebową wygłosił Henryk Sienkiewicz.
['W', '2011', 'roku', 'przeszedł', 'do', 'Muangthong', 'United', '.']	[0, 0, 0, 0, 0, 3, 4, 0]	pl	W 2011 roku przeszedł do Muangthong United.
"['""', '45', ':', '33', '""', '–', 'singiel', 'grupy', 'LCD', 'Soundsystem', ',', 'ze', 'względu', 'na', 'swoją', 'długość', 'traktowany', 'jak', 'minialbum', '.']"	[0, 0, 0, 0, 0, 0, 0, 0, 3, 4, 0, 0, 0, 0, 0, 0, 0, 0, 0, 0]	pl	"""45: 33"" – singiel grupy LCD Soundsystem, ze względu na swoją długość traktowany jak minialbum."
['Znajduje', 'się', '6,4', 'km', 'na', 'północny', 'zachód', 'od', 'Mount', 'Everest', '.']	[0, 0, 0, 0, 0, 0, 0, 0, 5, 6, 0]	pl	Znajduje się 6,4 km na północny zachód od Mount Everest.
"['Jednakże', 'paradoksalnie', '""', 'Nóż', 'w', 'wodzie', '""', 'stał', 'się', 'pierwszym', 'obficie', 'nagradzanym', 'filmem', 'debiutanta', ',', 'zdobywając', 'Złotą', 'Kaczkę', 'dla', 'najlepszego', 'filmu', ',', 'nagrodę', 'FIPRESCI', 'na', 'Festiwalu', 'Filmowym', 'w', 'Wenecji', 'oraz', 'pierwszą', 'polską', 'nominację', 'do', 'Oscara', 'za', 'film', 'nieanglojęzyczny', '.']"	[0, 0, 0, 7, 8, 8, 0, 0, 0, 0, 0, 0, 0, 0, 0, 0, 8, 8, 0, 0, 0, 0, 0, 3, 0, 5, 6, 6, 6, 0, 0, 0, 0, 0, 8, 0, 0, 0, 0]	pl	"Jednakże paradoksalnie ""Nóż w wodzie"" stał się pierwszym obficie nagradzanym filmem debiutanta, zdobywając Złotą Kaczkę dla najlepszego filmu, nagrodę FIPRESCI na Festiwalu Filmowym w Wenecji oraz pierwszą polską nominację do Oscara za film nieanglojęzyczny."
['W', 'latach', '1851', '–', '1852', 'był', 'burmistrzem', 'Detroit', '.']	[0, 0, 0, 0, 0, 0, 0, 5, 0]	pl	W latach 1851 – 1852 był burmistrzem Detroit.
['Nieoficjalnie', 'oskarżenie', 'to', 'tłumaczone', 'jest', 'jako', 'efekt', 'porażki', 'w', 'walce', 'o', 'władzę', 'z', 'generałem', 'Than', 'Shwe', '.']	[0, 0, 0, 0, 0, 0, 0, 0, 0, 0, 0, 0, 0, 0, 1, 2, 0]	pl	Nieoficjalnie oskarżenie to tłumaczone jest jako efekt porażki w walce o władzę z generałem Than Shwe.
['Od', '1973', 'na', 'terenie', 'obecnej', 'dzielnicy', 'Bemowo', 'w', 'Warszawie', 'znajduje', 'się', 'ulica', 'imienia', 'mjr', '.']	[0, 0, 0, 0, 0, 0, 5, 0, 5, 0, 0, 0, 0, 0, 0]	pl	Od 1973 na terenie obecnej dzielnicy Bemowo w Warszawie znajduje się ulica imienia mjr.
"['Dwa', 'lata', 'później', 'odbyła', 'się', 'premiera', 'albumu', 'pt.', '""', 'Raw', 'Footage', '""', '.']"	[0, 0, 0, 0, 0, 0, 0, 0, 0, 7, 8, 0, 0]	pl	"Dwa lata później odbyła się premiera albumu pt. ""Raw Footage""."
['Jerzy', 'Orzechowski', '.']	[1, 2, 0]	pl	Jerzy Orzechowski.
['Jego', 'następcą', 'został', ',', 'po', 'upływie', 'reszty', 'kadencji', ',', 'Thomas', 'Dewey', '.']	[0, 0, 0, 0, 0, 0, 0, 0, 0, 1, 2, 0]	pl	Jego następcą został, po upływie reszty kadencji, Thomas Dewey.
['Do', 'Sierra', 'Leone', 'powrócił', 'w', '1992', '.']	[0, 5, 6, 0, 0, 0, 0]	pl	Do Sierra Leone powrócił w 1992.
['Gmina', 'jest', 'złożona', 'z', 'miasta', 'Stęszew', '(', 'prawa', 'miejskie', 'od', '1370', 'r', '.', ')']	[0, 0, 0, 0, 0, 5, 0, 0, 0, 0, 0, 0, 0, 0]	pl	Gmina jest złożona z miasta Stęszew (prawa miejskie od 1370 r.)
['W', 'XVI', 'wieku', 'w', 'mieście', 'tworzył', 'Piotr', 'Rusiecki', '.']	[0, 0, 0, 0, 0, 0, 1, 2, 0]	pl	W XVI wieku w mieście tworzył Piotr Rusiecki.
['Premiera', 'telewizyjna', 'klipu', 'miała', 'miejsce', 'trzy', 'dni', 'wcześniej', 'na', 'antenie', 'amerykańskiej', 'stacji', 'muzycznej', 'VH1', '.']	[0, 0, 0, 0, 0, 0, 0, 0, 0, 0, 0, 0, 0, 3, 0]	pl	Premiera telewizyjna klipu miała miejsce trzy dni wcześniej na antenie amerykańskiej stacji muzycznej VH1.
['W', 'Polsce', 'malarstwo', 'ścienne', 'raczej', 'się', 'nie', 'zachowało', ',', 'jednym', 'z', 'nielicznych', 'przykładów', 'jest', 'np.', 'Czerwińsk', 'nad', 'Wisłą', '.']	[0, 5, 0, 0, 0, 0, 0, 0, 0, 0, 0, 0, 0, 0, 0, 5, 6, 6, 0]	pl	W Polsce malarstwo ścienne raczej się nie zachowało, jednym z nielicznych przykładów jest np. Czerwińsk nad Wisłą.
['Sztuką', 'zainteresował', 'się', 'później', 'Ingmar', 'Bergman', '.']	[0, 0, 0, 0, 1, 2, 0]	pl	Sztuką zainteresował się później Ingmar Bergman.
['Nazwa', 'planetoidy', 'pochodzi', 'od', 'Prokne', ',', 'postaci', 'z', 'mitologii', 'greckiej', '.']	[0, 0, 0, 0, 1, 0, 0, 0, 0, 0, 0]	pl	Nazwa planetoidy pochodzi od Prokne, postaci z mitologii greckiej.
"['Ambasador', 'rosyjski', 'Kasper', 'von', 'Saldern', 'tak', 'charakteryzował', 'króla', ':', '""', 'serdecznie', 'poczciwy', ',', 'ale', 'niepojęcie', 'słaby', '...']"	[0, 0, 1, 2, 2, 0, 0, 0, 0, 0, 0, 0, 0, 0, 0, 0, 0]	pl	"Ambasador rosyjski Kasper von Saldern tak charakteryzował króla: ""serdecznie poczciwy, ale niepojęcie słaby..."
['5', 'września', '1927', 'w', 'Dartford', ',', 'zm', '.']	[0, 0, 0, 0, 5, 0, 0, 0]	pl	5 września 1927 w Dartford, zm.
"['""', 'Montigny-lès-Vesoul', '""', '–', 'miejscowość', 'i', 'gmina', 'we', 'Francji', ',', 'w', 'regionie', 'Burgundia-Franche-Comté', ',', 'w', 'departamencie', 'Górna', 'Saona', '.']"	[0, 0, 0, 0, 0, 0, 0, 0, 5, 0, 0, 0, 5, 0, 0, 0, 5, 6, 0]	pl	"""Montigny-lès-Vesoul"" – miejscowość i gmina we Francji, w regionie Burgundia-Franche-Comté, w departamencie Górna Saona."
['Do', 'zespołu', 'dołączyli', 'na', 'scenie', 'Russell', 'Allen', 'z', 'Symphony', 'X', ',', 'który', 'zaśpiewał', 'pierwsza', 'zwrotkę', '.']	[0, 0, 0, 0, 0, 1, 2, 0, 3, 4, 0, 0, 0, 0, 0, 0]	pl	Do zespołu dołączyli na scenie Russell Allen z Symphony X, który zaśpiewał pierwsza zwrotkę.
['Urodził', 'się', 'w', 'Monroe', 'w', 'stanie', 'Luizjana', '.']	[0, 0, 0, 5, 0, 0, 5, 0]	pl	Urodził się w Monroe w stanie Luizjana.
"['""', 'EP', '""', 'Kill', 'Kill', '""', 'było', 'przez', 'krótki', 'czas', 'dostępne', 'na', 'iTunes', ',', 'po', 'czym', 'z', 'nieznanych', 'przyczyn', 'je', 'wycofano', '.']"	[0, 0, 0, 7, 8, 0, 0, 0, 0, 0, 0, 0, 7, 0, 0, 0, 0, 0, 0, 0, 0, 0]	pl	"""EP"" Kill Kill ""było przez krótki czas dostępne na iTunes, po czym z nieznanych przyczyn je wycofano."
['Siedziba', 'gminy', 'to', 'Sochocin', '.']	[0, 0, 0, 5, 0]	pl	Siedziba gminy to Sochocin.
['W', 'magazynie', '„', 'Top', 'Secret', '”', 'gra', 'otrzymała', 'ogólną', 'ocenę', '4', '/', '5', ',', 'przy', 'czym', 'muzykę', 'oceniono', 'na', '2', '/', '5', ',', 'a', 'grafikę', 'na', '4', '/', '5', '.']	[0, 0, 0, 7, 8, 0, 0, 0, 0, 0, 0, 0, 0, 0, 0, 0, 0, 0, 0, 0, 0, 0, 0, 0, 0, 0, 0, 0, 0, 0]	pl	W magazynie „Top Secret ” gra otrzymała ogólną ocenę 4 / 5, przy czym muzykę oceniono na 2 / 5, a grafikę na 4 / 5.
['20', 'lutego', '2018', 'dostarczono', 'pierwszy', 'A350', '-', '1000', 'dla', 'Qatar', 'Airways', '.']	[0, 0, 0, 0, 0, 0, 0, 0, 0, 3, 4, 0]	pl	20 lutego 2018 dostarczono pierwszy A350 - 1000 dla Qatar Airways.
['W', 'latach', '1963', '–', '1972', 'część', 'osiedla', 'Jastrzębia', 'Góra', '.']	[0, 0, 0, 0, 0, 0, 0, 5, 6, 0]	pl	W latach 1963 – 1972 część osiedla Jastrzębia Góra.
['Od', '21', 'maja', '2010', 'do', 'czerwca', '2015', 'prowadził', 'FK', 'Taganrog', '.']	[0, 0, 0, 0, 0, 0, 0, 0, 3, 4, 0]	pl	Od 21 maja 2010 do czerwca 2015 prowadził FK Taganrog.
['W', '1631', 'roku', 'Mumtaz', 'Mahal', ',', 'żona', 'panującego', 'wówczas', 'indyjskiego', 'cesarza', 'z', 'dynastii', 'Wielkich', 'Mogołów', ',', 'Szahdżahana', ',', 'zmarła', 'przy', 'porodzie', 'jego', 'czternastego', 'dziecka', '.']	[0, 0, 0, 1, 2, 0, 0, 0, 0, 0, 0, 0, 0, 1, 2, 0, 1, 0, 0, 0, 0, 0, 0, 0, 0]	pl	W 1631 roku Mumtaz Mahal, żona panującego wówczas indyjskiego cesarza z dynastii Wielkich Mogołów, Szahdżahana, zmarła przy porodzie jego czternastego dziecka.
"['muzyka', 'hardcore', ""'"", 'owych', 'zespołów', 'takich', 'jak', 'Black', 'Flag', 'czy', 'Circle', 'Jerks', 'była', 'bardzo', 'popularna', 'w', 'środowisku', 'skaterów', '.']"	[0, 0, 0, 0, 0, 0, 0, 3, 4, 0, 3, 4, 0, 0, 0, 0, 0, 0, 0]	pl	muzyka hardcore 'owych zespołów takich jak Black Flag czy Circle Jerks była bardzo popularna w środowisku skaterów.
['Thihathu', 'wybrał', 'więc', 'Pinya', '(', 'w', 'pobliżu', 'Ava', ')', ',', 'także', 'na', 'brzegu', 'Irawadi', '.']	[0, 0, 0, 5, 0, 0, 0, 5, 0, 0, 0, 0, 0, 5, 0]	pl	Thihathu wybrał więc Pinya (w pobliżu Ava), także na brzegu Irawadi.
['W', 'grudniu', '2006', 'wydała', 'debiutancki', 'singel', '„', 'A', 'Moment', 'Like', 'This', '”', ',', 'który', 'pobił', 'ówczesny', 'światowy', 'rekord', 'w', 'pobieraniu', 'utworów', 'w', 'wersji', 'cyfrowej', '–', '50', 'tys', '.']	[0, 0, 0, 0, 0, 0, 0, 7, 8, 8, 8, 0, 0, 0, 0, 0, 0, 0, 0, 0, 0, 0, 0, 0, 0, 0, 0, 0]	pl	W grudniu 2006 wydała debiutancki singel „A Moment Like This ”, który pobił ówczesny światowy rekord w pobieraniu utworów w wersji cyfrowej – 50 tys.
['Dopiero', 'w', '1224', 'po', 'długim', 'oblężeniu', 'bronione', 'przez', 'żołnierzy', 'Wjaczka', 'z', 'Koknese', 'miasto', 'zostało', 'ostatecznie', 'zdobyte', 'przez', 'niemieckich', 'krzyżowców', '.']	[0, 0, 0, 0, 0, 0, 0, 0, 0, 1, 0, 5, 0, 0, 0, 0, 0, 0, 0, 0]	pl	Dopiero w 1224 po długim oblężeniu bronione przez żołnierzy Wjaczka z Koknese miasto zostało ostatecznie zdobyte przez niemieckich krzyżowców.
['Reliktem', 'tego', 'osadnictwa', 'są', 'Serbowie', 'łużyccy', 'zamieszkujący', 'Łużyce', 'na', 'terenie', 'dzisiejszych', 'Niemiec', '.']	[0, 0, 0, 0, 7, 0, 0, 5, 0, 0, 0, 5, 0]	pl	Reliktem tego osadnictwa są Serbowie łużyccy zamieszkujący Łużyce na terenie dzisiejszych Niemiec.
['Graniczy', 'z', 'Aberdeenshire', ',', 'Perth', 'and', 'Kinross', ',', 'Moray', 'i', 'Argyll', 'and', 'Bute', '.']	[0, 0, 5, 0, 5, 6, 6, 0, 5, 0, 5, 6, 6, 0]	pl	Graniczy z Aberdeenshire, Perth and Kinross, Moray i Argyll and Bute.
"['Jest', 'współautorem', 'i', 'redaktorem', 'biografii', 'pt.', '""', 'Profesor', 'Bolesław', 'Świętochowski', 'wybitny', 'polski', 'uczony', 'XX', 'wieku', '""', '.']"	[0, 0, 0, 0, 0, 0, 0, 0, 1, 2, 0, 0, 0, 0, 0, 0, 0]	pl	"Jest współautorem i redaktorem biografii pt. ""Profesor Bolesław Świętochowski wybitny polski uczony XX wieku""."
"['Obecnie', '(', '2016', ')', 'Międzynarodowy', 'Komitet', 'Ornitologiczny', 'umieszcza', 'wróbla', 'krótkopalcowego', 'w', 'monotypowym', 'rodzaju', '""', 'Carpospiza', '""', '.']"	[0, 0, 0, 0, 3, 4, 4, 0, 0, 0, 0, 0, 0, 0, 0, 0, 0]	pl	"Obecnie (2016) Międzynarodowy Komitet Ornitologiczny umieszcza wróbla krótkopalcowego w monotypowym rodzaju ""Carpospiza""."
['31', 'grudnia', '2007', 'Władimir', 'Romanow', 'ogłosił', ',', 'iż', 'w', 'związku', 'z', 'pięcioma', 'kolejnymi', 'porażkami', 'w', 'lidze', ',', 'które', 'spowodowały', ',', 'że', 'klub', 'spadł', 'na', 'przedostatnią', 'lokatę', 'w', 'tabeli', '–', 'jedenastą', ',', 'wyznaczyć', 'brytyjskiego', 'menedżera', ',', 'który', 'miałby', 'kontrolę', 'nad', 'wydarzeniami', 'w', 'drużynie', '.']	[0, 0, 0, 1, 2, 0, 0, 0, 0, 0, 0, 0, 0, 0, 0, 0, 0, 0, 0, 0, 0, 0, 0, 0, 0, 0, 0, 0, 0, 0, 0, 0, 0, 0, 0, 0, 0, 0, 0, 0, 0, 0, 0]	pl	31 grudnia 2007 Władimir Romanow ogłosił, iż w związku z pięcioma kolejnymi porażkami w lidze, które spowodowały, że klub spadł na przedostatnią lokatę w tabeli – jedenastą, wyznaczyć brytyjskiego menedżera, który miałby kontrolę nad wydarzeniami w drużynie.
['Jej', 'wnuk', 'Bolko', 'I', 'Surowy', ',', 'wówczas', 'książę', 'jaworski', ',', 'w', 'roku', '1289', 'wykupił', 'dobra', 'klasztorne', ',', 'a', 'w', 'roku', '1292', 'ufundował', 'opactwo', 'cystersów', ',', 'którzy', 'przybyli', 'z', 'Henrykowa', '.']	[0, 0, 1, 2, 2, 0, 0, 0, 0, 0, 0, 0, 0, 0, 0, 0, 0, 0, 0, 0, 0, 0, 0, 0, 0, 0, 0, 0, 5, 0]	pl	Jej wnuk Bolko I Surowy, wówczas książę jaworski, w roku 1289 wykupił dobra klasztorne, a w roku 1292 ufundował opactwo cystersów, którzy przybyli z Henrykowa.
"['Na', 'dysku', 'poza', 'systemem', 'dostarczano', 'sporo', 'oprogramowania', 'i', 'dodatków', ',', 'm.in.', 'komplet', 'dzieł', 'Szekspira', 'oraz', 'pełny', 'słownik', '""', 'Oxford', 'English', 'Dictionary', '""', '.']"	[0, 0, 0, 0, 0, 0, 0, 0, 0, 0, 0, 0, 0, 1, 0, 0, 0, 0, 7, 8, 8, 0, 0]	pl	"Na dysku poza systemem dostarczano sporo oprogramowania i dodatków, m.in. komplet dzieł Szekspira oraz pełny słownik ""Oxford English Dictionary""."
['Początkowo', 'Australia', 'była', 'dominium', 'brytyjskim', '.']	[0, 5, 0, 0, 0, 0]	pl	Początkowo Australia była dominium brytyjskim.
['Podczas', 'działań', 'wojennych', 'w', '1945', 'roku', ',', 'znanych', 'jako', 'Bitwa', 'o', 'Kołobrzeg', ',', 'miasto', 'zostało', 'zniszczone', 'w', '95', '%', '.']	[0, 0, 0, 0, 0, 0, 0, 0, 0, 7, 8, 8, 0, 0, 0, 0, 0, 0, 0, 0]	pl	Podczas działań wojennych w 1945 roku, znanych jako Bitwa o Kołobrzeg, miasto zostało zniszczone w 95%.
['Cudem', 'przeżył', 'George', 'Vancouver', '.']	[0, 0, 1, 2, 0]	pl	Cudem przeżył George Vancouver.
['Mieszkają', 'oni', 'w', 'Los', 'Angeles', 'i', 'tam', 'też', 'ma', 'się', 'udać', 'ciężarna', 'dziewczyna', '.']	[0, 0, 0, 5, 6, 0, 0, 0, 0, 0, 0, 0, 0, 0]	pl	Mieszkają oni w Los Angeles i tam też ma się udać ciężarna dziewczyna.
['miejsce', ',', 'a', 'Giniel', 'de', 'Villiers', '3', '.']	[0, 0, 0, 1, 2, 2, 0, 0]	pl	miejsce, a Giniel de Villiers 3.
"['Gatunek', 'po', 'raz', 'pierwszy', 'opisał', 'w', '1793', 'roku', 'niemiecki', 'przyrodnik', 'Johann', 'Matthäus', 'Bechstein', ',', 'nadając', 'mu', 'nazwę', '""', 'Motacilla', 'Sibilatrix', '""', '.']"	[0, 0, 0, 0, 0, 0, 0, 0, 0, 0, 1, 2, 2, 0, 0, 0, 0, 0, 0, 0, 0, 0]	pl	"Gatunek po raz pierwszy opisał w 1793 roku niemiecki przyrodnik Johann Matthäus Bechstein, nadając mu nazwę ""Motacilla Sibilatrix""."
"['Na', 'wschodzie', 'średnie', 'roczna', 'temperatura', 'waha', 'się', 'od', '9', '""', '°C', 'w', 'pobliżu', 'Firth', 'of', 'Forth', 'do', 'mniej', 'niż', '6', '""', '°C', 'na', 'wyżynach', '.']"	[0, 0, 0, 0, 0, 0, 0, 0, 0, 0, 0, 0, 0, 5, 6, 6, 0, 0, 0, 0, 0, 0, 0, 0, 0]	pl	"Na wschodzie średnie roczna temperatura waha się od 9 ""°C w pobliżu Firth of Forth do mniej niż 6"" °C na wyżynach."
['W', 'Sejmie', 'VII', 'kadencji', 'przystąpił', 'do', 'klubu', 'parlamentarnego', 'Solidarna', 'Polska', ',', 'a', 'następnie', 'zajął', 'się', 'tworzeniem', 'struktur', 'powstałej', 'w', '2012', 'partii', 'o', 'tej', 'nazwie', 'na', 'Podhalu', '.']	[0, 3, 4, 0, 0, 0, 0, 0, 3, 4, 0, 0, 0, 0, 0, 0, 0, 0, 0, 0, 0, 0, 0, 0, 0, 5, 0]	pl	W Sejmie VII kadencji przystąpił do klubu parlamentarnego Solidarna Polska, a następnie zajął się tworzeniem struktur powstałej w 2012 partii o tej nazwie na Podhalu.
['6', 'czerwca', '1872', 'w', 'Darmstadt', ',', 'zm', '.']	[0, 0, 0, 0, 5, 0, 0, 0]	pl	6 czerwca 1872 w Darmstadt, zm.
['Do', 'nalotów', 'używane', 'są', 'bezzałogowe', 'samoloty', 'MQ-1', 'Predator', ',', 'a', 'także', 'MQ-9', 'Reaper', ',', 'które', 'odpalają', 'pociski', 'rakietowe', 'klasy', 'powietrze-ziemia', 'AGM-114', 'Hellfire', ',', 'ważących', '45', '-', '49', 'kilogramów', '.']	[0, 0, 0, 0, 0, 0, 7, 8, 0, 0, 0, 7, 8, 0, 0, 0, 0, 0, 0, 0, 7, 8, 0, 0, 0, 0, 0, 0, 0]	pl	Do nalotów używane są bezzałogowe samoloty MQ-1 Predator, a także MQ-9 Reaper, które odpalają pociski rakietowe klasy powietrze-ziemia AGM-114 Hellfire, ważących 45 - 49 kilogramów.
['16', 'stycznia', 'w', 'meczu', 'przeciwko', 'Sacramento', 'Kings', 'trafił', 'rekordowe', 'w', 'karierze', '6', 'rzutów', 'za', '3', 'punkty', ',', 'ale', 'jego', 'drużyna', 'przegrała', '.']	[0, 0, 0, 0, 0, 3, 4, 0, 0, 0, 0, 0, 0, 0, 0, 0, 0, 0, 0, 0, 0, 0]	pl	16 stycznia w meczu przeciwko Sacramento Kings trafił rekordowe w karierze 6 rzutów za 3 punkty, ale jego drużyna przegrała.
['Organizacja', 'Państw', 'Amerykańskich', 'wynegocjowała', 'wówczas', 'zawieszenie', 'broni', ',', 'zawarte', '20', 'lipca', '.']	[3, 4, 4, 0, 0, 0, 0, 0, 0, 0, 0, 0]	pl	Organizacja Państw Amerykańskich wynegocjowała wówczas zawieszenie broni, zawarte 20 lipca.
['Obecnie', 'droga', 'ta', 'jest', 'fragmentem', 'drogi', 'wojewódzkiej', '942', 'Bielsko-Biała', '–', 'Wisła', '.']	[0, 0, 0, 0, 0, 0, 0, 0, 5, 0, 5, 0]	pl	Obecnie droga ta jest fragmentem drogi wojewódzkiej 942 Bielsko-Biała – Wisła.
['11', 'maja', '2012', 'roku', 'ukazała', 'się', 'wersja', 'w', 'technologii', 'Adobe', 'Flash', ',', 'a', '28', 'września', 'na', 'system', 'Android', '.']	[0, 0, 0, 0, 0, 0, 0, 0, 0, 7, 8, 0, 0, 0, 0, 0, 0, 7, 0]	pl	11 maja 2012 roku ukazała się wersja w technologii Adobe Flash, a 28 września na system Android.
['Urodził', 'się', 'w', 'Reims', '.']	[0, 0, 0, 5, 0]	pl	Urodził się w Reims.
['Wśród', 'towarzystw', 'naukowych', ',', 'które', 'wybrały', 'go', 'do', 'swojego', 'grona', ',', 'znalazły', 'się', 'londyńskie', 'Royal', 'Society', 'oraz', 'polskie', 'PAN', 'i', 'PAU', '.']	[0, 0, 0, 0, 0, 0, 0, 0, 0, 0, 0, 0, 0, 0, 3, 4, 0, 0, 3, 0, 3, 0]	pl	Wśród towarzystw naukowych, które wybrały go do swojego grona, znalazły się londyńskie Royal Society oraz polskie PAN i PAU.
"['""', 'Saint-Romain-de-Monpazier', '""', '–', 'miejscowość', 'i', 'gmina', 'we', 'Francji', ',', 'w', 'regionie', 'Nowa', 'Akwitania', ',', 'w', 'departamencie', 'Dordogne', '.']"	[0, 0, 0, 0, 0, 0, 0, 0, 5, 0, 0, 0, 5, 6, 0, 0, 0, 5, 0]	pl	"""Saint-Romain-de-Monpazier"" – miejscowość i gmina we Francji, w regionie Nowa Akwitania, w departamencie Dordogne."
['Australia', 'jest', 'największym', 'światowym', 'eksporterem', '(', 'sprzedawcą', ')', 'gazu', 'naturalnego', 'LNG', '(', 'ciekły', 'gaz', 'ziemny', ')', ',', 'w', '2019', 'roku', 'eksport', 'wyniósł', '77,5', 'mln', 'ton', 'tego', 'surowca', '.']	[5, 0, 0, 0, 0, 0, 0, 0, 0, 0, 0, 0, 0, 0, 0, 0, 0, 0, 0, 0, 0, 0, 0, 0, 0, 0, 0, 0]	pl	Australia jest największym światowym eksporterem (sprzedawcą) gazu naturalnego LNG (ciekły gaz ziemny), w 2019 roku eksport wyniósł 77,5 mln ton tego surowca.
['System', 'wielkich', 'wytwórni', 'Hollywood', 'zaczął', 'się', 'chwiać', 'pod', 'koniec', 'lat', '40', '.']	[0, 0, 0, 5, 0, 0, 0, 0, 0, 0, 0, 0]	pl	System wielkich wytwórni Hollywood zaczął się chwiać pod koniec lat 40.
['6', 'lipca', '1495', 'pod', 'Fornovo', 'di', 'Taro', 'liczące', 'ok', '.']	[0, 0, 0, 0, 5, 6, 6, 0, 0, 0]	pl	6 lipca 1495 pod Fornovo di Taro liczące ok.
['Jego', 'następca', ',', 'Minh', 'Mạng', ',', 'odrzucił', 'proponowany', 'traktat', 'handlowy', ',', 'bowiem', 'obawiał', 'się', ',', 'że', 'koncesje', 'na', 'rzecz', 'Francji', 'mogą', 'zagrozić', 'suwerenności', 'państwa', '.']	[0, 0, 0, 1, 2, 0, 0, 0, 0, 0, 0, 0, 0, 0, 0, 0, 0, 0, 0, 5, 0, 0, 0, 0, 0]	pl	Jego następca, Minh Mạng, odrzucił proponowany traktat handlowy, bowiem obawiał się, że koncesje na rzecz Francji mogą zagrozić suwerenności państwa.
['17', 'lutego', '2005', 'zmierzył', 'się', 'w', 'walce', 'eliminacyjnej', 'IBF', 'z', 'przyszłym', 'mistrzem', 'WBA', ',', 'Celestino', 'Caballero', '.']	[0, 0, 0, 0, 0, 0, 0, 0, 3, 0, 0, 0, 3, 0, 1, 2, 0]	pl	17 lutego 2005 zmierzył się w walce eliminacyjnej IBF z przyszłym mistrzem WBA, Celestino Caballero.
['Inspiratorem', 'odmowy', 'mógł', 'być', 'władający', 'diecezją', 'wrocławską', 'kardynał', 'Georg', 'Kopp', '.']	[0, 0, 0, 0, 0, 0, 0, 0, 1, 2, 0]	pl	Inspiratorem odmowy mógł być władający diecezją wrocławską kardynał Georg Kopp.
['Głównym', 'miastem', 'jest', 'Iloilo', '.']	[0, 0, 0, 5, 0]	pl	Głównym miastem jest Iloilo.
['Jako', 'przykład', 'dyktatury', 'burżuazyjnej', 'podawał', 'Stany', 'Zjednoczone', '.']	[0, 0, 0, 0, 0, 5, 6, 0]	pl	Jako przykład dyktatury burżuazyjnej podawał Stany Zjednoczone.
['Film', 'był', 'nominowany', 'w', 'ośmiu', 'kategoriach', 'do', 'Oscara', 'za', 'rok', '2008', 'i', 'otrzymał', 'dwie', 'statuetki', ':', 'za', 'drugoplanową', 'rolę', 'męską', '(', 'Heath', 'Ledger', ')', 'i', 'za', 'najlepszy', 'montaż', 'dźwięku', '.']	[0, 0, 0, 0, 0, 0, 0, 7, 0, 0, 0, 0, 0, 0, 0, 0, 0, 0, 0, 0, 0, 1, 2, 0, 0, 0, 0, 0, 0, 0]	pl	Film był nominowany w ośmiu kategoriach do Oscara za rok 2008 i otrzymał dwie statuetki: za drugoplanową rolę męską (Heath Ledger) i za najlepszy montaż dźwięku.
['W', '1268', 'roku', 'wieś', 'została', 'wymieniona', 'w', 'dokumencie', 'lokacyjnym', 'miasta', 'Goleniowa', ',', 'w', 'którym', 'książę', 'Barnim', 'I', 'darował', 'ją', 'miastu', '.']	[0, 0, 0, 0, 0, 0, 0, 0, 0, 0, 5, 0, 0, 0, 0, 1, 2, 0, 0, 0, 0]	pl	W 1268 roku wieś została wymieniona w dokumencie lokacyjnym miasta Goleniowa, w którym książę Barnim I darował ją miastu.
['15', 'czerwca', 'przeszła', 'do', 'Mienia', ',', 'a', '21', 'czerwca', 'ruszyła', 'na', 'Modlin', '.']	[0, 0, 0, 0, 5, 0, 0, 0, 0, 0, 0, 5, 0]	pl	15 czerwca przeszła do Mienia, a 21 czerwca ruszyła na Modlin.
"['""', 'Saint-Cyr-de-Favières', '""', '–', 'miejscowość', 'i', 'gmina', 'we', 'Francji', ',', 'w', 'regionie', 'Owernia-Rodan-Alpy', ',', 'w', 'departamencie', 'Loara', '.']"	[0, 0, 0, 0, 0, 0, 0, 0, 5, 0, 0, 0, 5, 0, 0, 0, 5, 0]	pl	"""Saint-Cyr-de-Favières"" – miejscowość i gmina we Francji, w regionie Owernia-Rodan-Alpy, w departamencie Loara."
['Niemcy', 'i', 'Turcy', 'od', 'samego', 'początku', 'byli', 'zaopatrzeni', 'w', 'dużą', 'liczbę', 'granatów', '.']	[5, 0, 7, 0, 0, 0, 0, 0, 0, 0, 0, 0, 0]	pl	Niemcy i Turcy od samego początku byli zaopatrzeni w dużą liczbę granatów.
['Beato', 'był', 'także', 'w', 'takich', 'miastach', ',', 'jak', 'Delhi', ',', 'Kanpur', ',', 'Merath', ',', 'Waranasi', ',', 'Amritsar', ',', 'Agra', ',', 'Shimla', 'i', 'Lahaur', '.']	[0, 0, 0, 0, 0, 0, 0, 0, 5, 0, 5, 0, 5, 0, 5, 0, 5, 0, 5, 0, 5, 0, 5, 0]	pl	Beato był także w takich miastach, jak Delhi, Kanpur, Merath, Waranasi, Amritsar, Agra, Shimla i Lahaur.
['W', 'roku', '1980', 'na', 'moskiewskiej', 'olimpiadzie', 'startował', 'Dariusz', 'Adamus', '(', 'bez', 'sukcesów', ',', 'odpadł', 'w', 'eliminacjach', ')', '.']	[0, 0, 0, 0, 0, 0, 0, 1, 2, 0, 0, 0, 0, 0, 0, 0, 0, 0]	pl	W roku 1980 na moskiewskiej olimpiadzie startował Dariusz Adamus (bez sukcesów, odpadł w eliminacjach).
"['Solipsysta', '(', 'zwolennik', 'solipsyzmu', ')', 'nie', 'może', 'całkowicie', 'zabrać', '""', 'autonomiczności', '""', 'postrzeganym', 'obiektom', '(', 'psychokineza', 'jest', 'niedowodliwa', 'naukowo', ',', 'tzn.', 'solipsysta', 'nie', 'potrafi', 'przedmiotami', 'dowolnie', 'sterować', '–', 'np.', 'Rysy', 'są', 'stale', 'w', 'Tatrach', ',', 'bez', 'względu', 'na', 'wolę', 'solipsysty', ')', ',', 'więc', 'najprawdopodobniej', 'nie', 'są', 'one', 'częścią', 'jego', 'samego', '.']"	[0, 0, 0, 0, 0, 0, 0, 0, 0, 0, 0, 0, 0, 0, 0, 0, 0, 0, 0, 0, 0, 0, 0, 0, 0, 0, 0, 0, 0, 5, 0, 0, 0, 5, 0, 0, 0, 0, 0, 0, 0, 0, 0, 0, 0, 0, 0, 0, 0, 0, 0]	pl	"Solipsysta (zwolennik solipsyzmu) nie może całkowicie zabrać ""autonomiczności"" postrzeganym obiektom (psychokineza jest niedowodliwa naukowo, tzn. solipsysta nie potrafi przedmiotami dowolnie sterować – np. Rysy są stale w Tatrach, bez względu na wolę solipsysty), więc najprawdopodobniej nie są one częścią jego samego."
['Siedzibą', 'gminy', 'jest', 'miasto', 'Dziwnów', '.']	[0, 0, 0, 0, 5, 0]	pl	Siedzibą gminy jest miasto Dziwnów.
['2', 'listopada', '1961', 'premierem', 'został', 'wybrany', 'Dawid', 'Ben', 'Gurion', '.']	[0, 0, 0, 0, 0, 0, 1, 2, 2, 0]	pl	2 listopada 1961 premierem został wybrany Dawid Ben Gurion.
"['""', 'Saint-Romans-lès-Melle', '""', '–', 'miejscowość', 'i', 'gmina', 'we', 'Francji', ',', 'w', 'regionie', 'Nowa', 'Akwitania', ',', 'w', 'departamencie', 'Deux-Sèvres', '.']"	[0, 0, 0, 0, 0, 0, 0, 0, 5, 0, 0, 0, 5, 6, 0, 0, 0, 5, 0]	pl	"""Saint-Romans-lès-Melle"" – miejscowość i gmina we Francji, w regionie Nowa Akwitania, w departamencie Deux-Sèvres."
['Odwiedziła', '79', 'krajów', 'w', 'tym', 'czasie', ',', 'bijąc', 'tym', 'samym', 'należący', 'do', 'Pat', 'Nixon', 'rekord', 'największej', 'liczby', 'odwiedzonych', 'krajów', 'przez', 'pierwszą', 'damę', '.']	[0, 0, 0, 0, 0, 0, 0, 0, 0, 0, 0, 0, 1, 2, 0, 0, 0, 0, 0, 0, 0, 0, 0]	pl	Odwiedziła 79 krajów w tym czasie, bijąc tym samym należący do Pat Nixon rekord największej liczby odwiedzonych krajów przez pierwszą damę.
"['W', '2010', 'roku', 'wnętrza', 'jaskini', 'uwiecznił', 'na', 'taśmie', 'filmowej', 'niemiecki', 'reżyser', 'Werner', 'Herzog', 'w', 'swoim', 'filmie', 'dokumentalnym', '""', 'Jaskinia', 'zapomnianych', 'snów', '""', '.']"	[0, 0, 0, 0, 0, 0, 0, 0, 0, 0, 0, 1, 2, 0, 0, 0, 0, 0, 7, 8, 8, 0, 0]	pl	"W 2010 roku wnętrza jaskini uwiecznił na taśmie filmowej niemiecki reżyser Werner Herzog w swoim filmie dokumentalnym ""Jaskinia zapomnianych snów""."
['Jego', 'partnerem', 'życiowym', 'był', 'tancerz', 'Mieczysław', 'Jankowski', ',', 'z', 'którym', 'spędził', '60', 'lat', ',', 'od', '1939', '.']	[0, 0, 0, 0, 0, 1, 2, 0, 0, 0, 0, 0, 0, 0, 0, 0, 0]	pl	Jego partnerem życiowym był tancerz Mieczysław Jankowski, z którym spędził 60 lat, od 1939.
['Sosna', 'wejmutka', 'jest', 'jednym', 'z', 'symboli', 'kanadyjskiej', 'prowincji', 'Ontario', '.']	[0, 0, 0, 0, 0, 0, 0, 0, 5, 0]	pl	Sosna wejmutka jest jednym z symboli kanadyjskiej prowincji Ontario.
['Tym', 'razem', '15', 'maja', '2010', 'w', 'Ciudad', 'Obregón', ',', 'rodzinnej', 'miejscowości', ',', 'wygrał', 'niejednogłośnie', 'na', 'punkty', 'zostając', 'mistrzem', 'świata', 'wagi', 'piórkowej', 'organizacji', 'IBF', '.']	[0, 0, 0, 0, 0, 0, 5, 6, 0, 0, 0, 0, 0, 0, 0, 0, 0, 0, 0, 0, 0, 0, 3, 0]	pl	Tym razem 15 maja 2010 w Ciudad Obregón, rodzinnej miejscowości, wygrał niejednogłośnie na punkty zostając mistrzem świata wagi piórkowej organizacji IBF.
['Jan', 'XXIII', 'czy', '13', 'listopada', '1988', '–', 'św', '.']	[1, 2, 0, 0, 0, 0, 0, 0, 0]	pl	Jan XXIII czy 13 listopada 1988 – św.
['osób', '(', '1999', ')', '–', 'jest', 'to', 'drugie', 'pod', 'względem', 'wielkości', 'miasto', 'Vanuatu', '.']	[0, 0, 0, 0, 0, 0, 0, 0, 0, 0, 0, 0, 5, 0]	pl	osób (1999) – jest to drugie pod względem wielkości miasto Vanuatu.
['22', 'grudnia', '1989', 'w', 'Phoenix', ')', '–', 'amerykańska', 'piosenkarka', 'muzyki', 'pop', 'i', 'R&B', '.']	[0, 0, 0, 0, 5, 0, 0, 0, 0, 0, 0, 0, 0, 0]	pl	22 grudnia 1989 w Phoenix) – amerykańska piosenkarka muzyki pop i R&B.
['W', 'sierpniu', 'rozegrała', 'fenomenalny', 'turniej', 'w', 'San', 'Diego', ',', 'wygrywając', 'z', 'takimi', 'gwiazdami', 'jak', 'Jelena', 'Diemientjewa', ',', 'Kim', 'Clijsters', 'i', 'Dinara', 'Safina', '.']	[0, 0, 0, 0, 0, 0, 5, 6, 0, 0, 0, 0, 0, 0, 1, 2, 0, 1, 2, 0, 1, 2, 0]	pl	W sierpniu rozegrała fenomenalny turniej w San Diego, wygrywając z takimi gwiazdami jak Jelena Diemientjewa, Kim Clijsters i Dinara Safina.
['Zawodnik', 'klubu', 'Deportes', 'Iquique', '.']	[0, 0, 3, 4, 0]	pl	Zawodnik klubu Deportes Iquique.
['W', '1994', 'był', 'generalnym', 'sprawozdawcą', 'na', 'VIII', 'konferencji', 'UNESCO', 'poświęconej', 'sprawom', 'zwrotu', 'dzieł', 'sztuki', '.']	[0, 0, 0, 0, 0, 0, 0, 0, 3, 0, 0, 0, 0, 0, 0]	pl	W 1994 był generalnym sprawozdawcą na VIII konferencji UNESCO poświęconej sprawom zwrotu dzieł sztuki.
['Jego', 'ciało', 'pochowane', 'jest', 'na', 'cmentarzu', 'w', 'Cumberland', 'w', 'stanie', 'Maryland', '.']	[0, 0, 0, 0, 0, 0, 0, 5, 0, 0, 5, 0]	pl	Jego ciało pochowane jest na cmentarzu w Cumberland w stanie Maryland.
['W', '2006', 'nagrany', 'przez', 'zespół', 'dla', 'filmu', 'Dziewczyny', 'Cheetah', '2', '.']	[0, 0, 0, 0, 0, 0, 0, 7, 8, 8, 0]	pl	W 2006 nagrany przez zespół dla filmu Dziewczyny Cheetah 2.
['Był', 'dostępny', 'tylko', 'dla', 'posiadaczy', 'specjalnego', 'konta', 'premium', 'na', 'stronie', 'www.missionmetallica.com', 'oraz', 'za', 'pośrednictwem', 'iTunes', 'Store', '.']	[0, 0, 0, 0, 0, 0, 0, 0, 0, 0, 0, 0, 0, 0, 7, 8, 0]	pl	Był dostępny tylko dla posiadaczy specjalnego konta premium na stronie www.missionmetallica.com oraz za pośrednictwem iTunes Store.
['Urodził', 'się', 'tu', 'Edward', 'Duda', '(', '1922', '-', '1993', ')', '-', 'działacz', 'ludowy', '.']	[0, 0, 0, 1, 2, 0, 0, 0, 0, 0, 0, 0, 0, 0]	pl	Urodził się tu Edward Duda (1922 - 1993) - działacz ludowy.
['Od', 'zachodu', 'graniczy', 'z', 'Boliwią', 'i', 'stanem', 'Acre', ',', 'od', 'północy', 'ze', 'stanem', 'Amazonas', ',', 'a', 'od', 'wschodu', 'ze', 'stanem', 'Mato', 'Grosso', '.']	[0, 0, 0, 0, 5, 0, 0, 5, 0, 0, 0, 0, 0, 5, 0, 0, 0, 0, 0, 0, 5, 6, 0]	pl	Od zachodu graniczy z Boliwią i stanem Acre, od północy ze stanem Amazonas, a od wschodu ze stanem Mato Grosso.
['W', '2009', 'sprzedał', 'firmę', 'koncernowi', 'Dell', 'za', '3,9', 'mld', 'USD', '.']	[0, 0, 0, 0, 0, 3, 0, 0, 0, 0, 0]	pl	W 2009 sprzedał firmę koncernowi Dell za 3,9 mld USD.
['W', 'klubie', 'trenerem', 'był', 'wówczas', 'inny', 'Holender', ',', 'Dick', 'Advocaat', '.']	[0, 0, 0, 0, 0, 0, 5, 0, 1, 2, 0]	pl	W klubie trenerem był wówczas inny Holender, Dick Advocaat.
['Zachodnie', 'wybrzeże', 'to', 'liczne', 'półwyspy', 'i', 'zatoki', ',', 'po', 'których', 'prowadzi', 'Pierścień', 'Kerry', ',', 'popularny', 'szlak', 'rowerowy', '.']	[0, 0, 0, 0, 0, 0, 0, 0, 0, 0, 0, 5, 6, 0, 0, 0, 0, 0]	pl	Zachodnie wybrzeże to liczne półwyspy i zatoki, po których prowadzi Pierścień Kerry, popularny szlak rowerowy.
['Siedziba', 'Muzeum', 'Pałacu', 'Króla', 'Jana', 'III', 'w', 'Wilanowie', '.']	[0, 5, 6, 6, 6, 6, 6, 6, 0]	pl	Siedziba Muzeum Pałacu Króla Jana III w Wilanowie.
['Wychowanek', 'BSC', 'Young', 'Boys', ',', 'w', 'swojej', 'karierze', 'grał', 'także', 'w', 'FC', 'Ingolstadt', '04', '.']	[0, 3, 4, 4, 0, 0, 0, 0, 0, 0, 0, 3, 4, 4, 0]	pl	Wychowanek BSC Young Boys, w swojej karierze grał także w FC Ingolstadt 04.
['W', '1960', 'ostatni', 'raz', 'na', 'scenie', ',', 'koncert', 'w', 'Los', 'Angeles', 'solistą', 'jest', 'pianista', 'Van', 'Cliburn', '.']	[0, 0, 0, 0, 0, 0, 0, 0, 0, 5, 6, 0, 0, 0, 1, 2, 0]	pl	W 1960 ostatni raz na scenie, koncert w Los Angeles solistą jest pianista Van Cliburn.
['i', 'której', 'był', 'głównym', 'realizatorem', '(', 'razem', 'z', 'Bertem', 'Bosem', ')', ',', 'przedstawiając', 'je', '17', 'grudnia', '1996', 'w', 'World', 'Wide', 'Web', 'Consortium', '.']	[0, 0, 0, 0, 0, 0, 0, 0, 0, 0, 0, 0, 0, 0, 0, 0, 0, 0, 3, 4, 4, 4, 0]	pl	i której był głównym realizatorem (razem z Bertem Bosem), przedstawiając je 17 grudnia 1996 w World Wide Web Consortium.
['Poza', 'odcinkami', 'ekspresowymi', ',', 'na', 'odcinku', 'Niemce', '–', 'Ciecierzyn', 'jest', 'dwujezdniową', 'drogą', 'krajową', '.']	[0, 0, 0, 0, 0, 0, 5, 0, 5, 0, 0, 0, 0, 0]	pl	Poza odcinkami ekspresowymi, na odcinku Niemce – Ciecierzyn jest dwujezdniową drogą krajową.
['Wychowywała', 'się', 'na', 'muzyce', 'm.in.', 'takich', 'artystów', ',', 'jak', ':', 'Nat', 'King', 'Cole', ',', 'Bill', 'Evans', ',', 'Frank', 'Sinatra', 'czy', 'Fats', 'Waller', '.']	[0, 0, 0, 0, 0, 0, 0, 0, 0, 0, 1, 2, 2, 0, 1, 2, 0, 1, 2, 0, 1, 2, 0]	pl	Wychowywała się na muzyce m.in. takich artystów, jak: Nat King Cole, Bill Evans, Frank Sinatra czy Fats Waller.
"['""', 'Order', 'Alcántara', '""', '(', 'hisz', '.']"	[0, 0, 5, 0, 0, 0, 0]	pl	"""Order Alcántara"" (hisz."
['Sygnał', 'wysłany', 'przez', 'sondę', 'w', 'kierunku', 'anten', 'Deep', 'Space', 'Network', 'potrzebował', 'ponad', '20', 'godzin', 'na', 'przebycie', 'tej', 'drogi', '.']	[0, 0, 0, 0, 0, 0, 0, 7, 8, 8, 0, 0, 0, 0, 0, 0, 0, 0, 0]	pl	Sygnał wysłany przez sondę w kierunku anten Deep Space Network potrzebował ponad 20 godzin na przebycie tej drogi.
"['Obecnie', '(', '2020', ')', 'Międzynarodowy', 'Komitet', 'Ornitologiczny', 'umieszcza', 'ibisa', 'andyjskiego', 'w', 'rodzaju', '""', 'Plegadis', '""', '.']"	[0, 0, 0, 0, 3, 4, 4, 0, 0, 0, 0, 0, 0, 0, 0, 0]	pl	"Obecnie (2020) Międzynarodowy Komitet Ornitologiczny umieszcza ibisa andyjskiego w rodzaju ""Plegadis""."
['Do', '10', 'krajów', 'z', 'największą', 'populacją', 'muzułmanów', 'wśród', 'krajów', 'arabskich', 'zaliczyły', 'się', 'jednak', 'jedynie', 'Egipt', ',', 'Algieria', 'i', 'Maroko', '.']	[0, 0, 0, 0, 0, 0, 0, 0, 0, 0, 0, 0, 0, 0, 5, 0, 5, 0, 5, 0]	pl	Do 10 krajów z największą populacją muzułmanów wśród krajów arabskich zaliczyły się jednak jedynie Egipt, Algieria i Maroko.
['Pod', 'skrzydłem', 'dodano', 'także', 'trzy', 'wyrzutnie', 'niekierowanych', 'pocisków', 'rakietowych', 'Nebelwerfer', 'kalibru', '150', 'mm', '.']	[0, 0, 0, 0, 0, 0, 0, 0, 0, 7, 0, 0, 0, 0]	pl	Pod skrzydłem dodano także trzy wyrzutnie niekierowanych pocisków rakietowych Nebelwerfer kalibru 150 mm.
['Mimo', 'zebrania', 'całej', 'swej', 'siły', 'Gelimer', 'nie', 'zdołał', 'złamać', 'szyków', 'wojsk', 'cesarskich', '.']	[0, 0, 0, 0, 0, 1, 0, 0, 0, 0, 0, 0, 0]	pl	Mimo zebrania całej swej siły Gelimer nie zdołał złamać szyków wojsk cesarskich.
"['W', 'Treviso', 'prowadzi', 'szkołę', 'artystyczną', '""', 'Fabrica', '-', 'Future', ',', 'Presente', '""', '.']"	[0, 5, 0, 0, 0, 0, 0, 0, 0, 0, 0, 0, 0]	pl	"W Treviso prowadzi szkołę artystyczną ""Fabrica - Future, Presente""."
['Z', 'tego', 'miejsca', 'malowali', 'pejzaże', 'Tatr', 'm.in.', 'Leon', 'Wyczółkowski', ',', 'Walery', 'Eljasz-Radzikowski', ',', 'Wojciech', 'Gerson', '.']	[0, 0, 0, 0, 0, 5, 0, 1, 2, 0, 1, 2, 0, 1, 2, 0]	pl	Z tego miejsca malowali pejzaże Tatr m.in. Leon Wyczółkowski, Walery Eljasz-Radzikowski, Wojciech Gerson.
['Według', 'danych', 'z', '2013', 'w', 'niektórych', 'państwach', '(', 'Nigeria', ',', 'Tanzania', ',', 'Niger', ')', 'obrzezanie', 'kobiet', 'częściej', 'występuje', 'u', 'grup', 'chrześcijan', '.']	[0, 0, 0, 0, 0, 0, 0, 0, 5, 0, 5, 0, 5, 0, 0, 0, 0, 0, 0, 0, 0, 0]	pl	Według danych z 2013 w niektórych państwach (Nigeria, Tanzania, Niger) obrzezanie kobiet częściej występuje u grup chrześcijan.
['Stapleton', 'studiowała', 'w', 'Actors', 'Studio', ',', 'na', 'jednym', 'roku', 'wraz', 'z', 'Marilyn', 'Monroe', '.']	[0, 0, 0, 5, 6, 0, 0, 0, 0, 0, 0, 1, 2, 0]	pl	Stapleton studiowała w Actors Studio, na jednym roku wraz z Marilyn Monroe.
['W', 'tym', 'samym', 'czasie', 'zmieniono', 'nazwę', 'drużyny', 'na', 'Vegalta', 'Sendai', '.']	[0, 0, 0, 0, 0, 0, 0, 0, 3, 4, 0]	pl	W tym samym czasie zmieniono nazwę drużyny na Vegalta Sendai.
['Na', 'stacji', 'zatrzymują', 'się', 'obecnie', 'pociągi', 'osobowe', 'jeżdżące', 'na', 'trasie', 'Wrocław', 'Główny', '–', 'Opole', 'oraz', 'Wrocław', 'Główny', '–', 'Jelcz-Laskowice', '.']	[0, 0, 0, 0, 0, 0, 0, 0, 0, 0, 5, 6, 0, 5, 0, 5, 6, 0, 5, 0]	pl	Na stacji zatrzymują się obecnie pociągi osobowe jeżdżące na trasie Wrocław Główny – Opole oraz Wrocław Główny – Jelcz-Laskowice.
['Spór', 'ten', 'odbywał', 'się', 'kontekście', 'dyskusji', 'z', 'przedstawicielami', 'innych', 'szkół', '–', 'zwłaszcza', 'Mo', 'Di', '(', 'opatrzonym', 'etykietką', '„', 'altruisty', '”', ')', ',', 'wczesnym', 'taoistą', '„', 'indywidualistycznym', '”', 'i', '„', 'hedonistycznym', '”', 'Yang', 'Zhu', '(', 'uznawanym', 'przez', 'konfucjanistów', 'za', '„', 'egoistę', '”', ')', 'oraz', 'z', 'taoistą', 'późniejszego', 'okresu', ',', 'Zhuang', 'Zhou', '(', 'uznanym', 'przez', 'konfucjanistów', 'za', '„', 'kwietystę', '”', ')', '.']	[0, 0, 0, 0, 0, 0, 0, 0, 0, 0, 0, 0, 1, 2, 0, 0, 0, 0, 0, 0, 0, 0, 0, 0, 0, 0, 0, 0, 0, 0, 0, 1, 2, 0, 0, 0, 0, 0, 0, 0, 0, 0, 0, 0, 0, 0, 0, 0, 1, 2, 0, 0, 0, 0, 0, 0, 0, 0, 0, 0]	pl	Spór ten odbywał się kontekście dyskusji z przedstawicielami innych szkół – zwłaszcza Mo Di (opatrzonym etykietką „altruisty ”), wczesnym taoistą„ indywidualistycznym ” i „hedonistycznym ” Yang Zhu (uznawanym przez konfucjanistów za„ egoistę ”) oraz z taoistą późniejszego okresu, Zhuang Zhou (uznanym przez konfucjanistów za „kwietystę ”).
"['W', '2009', 'roku', ',', 'w', 'publikacji', 'opisującej', 'gatunek', '""', 'Dromomeron', 'gregorii', '""', ',', 'Sterling', 'Nesbitt', 'i', 'współpracownicy', 'przekształcili', '„', 'Lagerpetonidae', '”', 'w', 'Lagerpetidae', 'i', 'nadali', 'tej', 'nazwie', 'definicję', 'filogenetyczną', ',', 'wedle', 'której', 'Lagerpetidae', 'to', 'klad', 'obejmujący', 'wszystkie', 'zwierzęta', 'bliżej', 'spokrewnione', 'z', '""', 'Lagerpeton', 'chanarensis', '""', 'niż', 'z', '""', 'Alligator', 'mississippiensis', '""', ',', '""', 'Eudimorphodon', 'ranzii', '""', ',', '""', 'Marasuchus', 'lilloensis', '""', ',', '""', 'Silesaurus', 'opolensis', '""', ',', '""', 'Triceratops', 'horridus', '""', ',', '""', 'Saltasaurus', 'loricatus', '""', 'lub', '""', 'Passer', 'domesticus', '""', '.']"	[0, 0, 0, 0, 0, 0, 0, 0, 0, 0, 0, 0, 0, 1, 2, 0, 0, 0, 0, 0, 0, 0, 0, 0, 0, 0, 0, 0, 0, 0, 0, 0, 0, 0, 0, 0, 0, 0, 0, 0, 0, 0, 0, 0, 0, 0, 0, 0, 0, 0, 0, 0, 0, 0, 0, 0, 0, 0, 0, 0, 0, 0, 0, 0, 0, 0, 0, 0, 1, 0, 0, 0, 0, 0, 0, 0, 0, 0, 0, 0, 0, 0]	pl	"W 2009 roku, w publikacji opisującej gatunek ""Dromomeron gregorii"", Sterling Nesbitt i współpracownicy przekształcili „Lagerpetonidae ” w Lagerpetidae i nadali tej nazwie definicję filogenetyczną, wedle której Lagerpetidae to klad obejmujący wszystkie zwierzęta bliżej spokrewnione z"" Lagerpeton chanarensis ""niż z"" Alligator mississippiensis "","" Eudimorphodon ranzii "","" Marasuchus lilloensis "","" Silesaurus opolensis "","" Triceratops horridus "","" Saltasaurus loricatus ""lub"" Passer domesticus ""."
['XX', 'wieku', ',', 'nieco', 'większe', 'zagęszczenie', 'tych', 'ptaków', 'występuje', 'na', 'obszarach', 'zalewowych', 'Missisipi', 'od', 'Luizjany', 'po', 'Tennessee', '.']	[0, 0, 0, 0, 0, 0, 0, 0, 0, 0, 0, 0, 5, 0, 5, 0, 5, 0]	pl	XX wieku, nieco większe zagęszczenie tych ptaków występuje na obszarach zalewowych Missisipi od Luizjany po Tennessee.
['Największą', 'gwiazdą', 'drużyny', 'jest', 'napastnik', 'Eiður', 'Guðjohnsen', ',', 'reprezentujący', 'w', 'przeszłości', 'm.in.', 'kluby', 'takie', 'jak', 'Chelsea', 'czy', 'FC', 'Barcelona', '.']	[0, 0, 0, 0, 0, 1, 2, 0, 0, 0, 0, 0, 0, 0, 0, 3, 0, 3, 4, 0]	pl	Największą gwiazdą drużyny jest napastnik Eiður Guðjohnsen, reprezentujący w przeszłości m.in. kluby takie jak Chelsea czy FC Barcelona.
['Po', 'koniec', 'trwania', 'negocjacji', 'doszło', 'do', 'przewrotu', 'i', 'władzę', 'w', 'Haiti', 'przejął', 'Jean', 'Vilbrun', 'Guillaume', 'Sam', ',', 'który', 'zerwał', 'rokowania', 'z', 'rządem', 'amerykańskim', '.']	[0, 0, 0, 0, 0, 0, 0, 0, 0, 0, 5, 0, 1, 2, 2, 2, 0, 0, 0, 0, 0, 0, 0, 0]	pl	Po koniec trwania negocjacji doszło do przewrotu i władzę w Haiti przejął Jean Vilbrun Guillaume Sam, który zerwał rokowania z rządem amerykańskim.
['W', 'Europie', 'większą', 'powierzchnię', 'mają', ':', 'Rosja', ',', 'Ukraina', ',', 'Francja', ',', 'Hiszpania', ',', 'Szwecja', ',', 'Niemcy', ',', 'Finlandia', 'i', 'Norwegia', '.']	[0, 5, 0, 0, 0, 0, 5, 0, 5, 0, 5, 0, 5, 0, 5, 0, 5, 0, 5, 0, 5, 0]	pl	W Europie większą powierzchnię mają: Rosja, Ukraina, Francja, Hiszpania, Szwecja, Niemcy, Finlandia i Norwegia.
['Erich', 'von', 'Falkenhayn', '.']	[1, 2, 2, 0]	pl	Erich von Falkenhayn.
['18', 'lipca', 'podpisał', 'kolejną', 'umowę', 'z', 'Brooklyn', 'Nets', '.']	[0, 0, 0, 0, 0, 0, 3, 4, 0]	pl	18 lipca podpisał kolejną umowę z Brooklyn Nets.
['Stolicą', 'regionu', 'jest', 'Nazaret', '.']	[0, 0, 0, 5, 0]	pl	Stolicą regionu jest Nazaret.
"['""', 'Talazac', '""', '–', 'miejscowość', 'i', 'gmina', 'we', 'Francji', ',', 'w', 'regionie', 'Oksytania', ',', 'w', 'departamencie', 'Pireneje', 'Wysokie', '.']"	[0, 0, 0, 0, 0, 0, 0, 0, 5, 0, 0, 0, 5, 0, 0, 0, 5, 6, 0]	pl	"""Talazac"" – miejscowość i gmina we Francji, w regionie Oksytania, w departamencie Pireneje Wysokie."
['Z', 'turnieju', 'odpadła', 'w', 'trzeciej', 'rundzie', ',', 'przegrywając', 'z', 'Amélie', 'Mauresmo', '2:6', ',', '5:7', '.']	[0, 0, 0, 0, 0, 0, 0, 0, 0, 1, 2, 0, 0, 0, 0]	pl	Z turnieju odpadła w trzeciej rundzie, przegrywając z Amélie Mauresmo 2:6, 5:7.
['Spośród', 'osób', 'kultury', 'i', 'sztuki', 'w', 'jury', 'konkursowym', 'zasiadali', 'm.in.', 'Antoine', 'Bourdelle', ',', 'Józef', 'Pius', 'Dziekoński', 'i', 'Leopold', 'Méyet', '.']	[0, 0, 0, 0, 0, 0, 0, 0, 0, 0, 1, 2, 0, 1, 2, 2, 0, 1, 2, 0]	pl	Spośród osób kultury i sztuki w jury konkursowym zasiadali m.in. Antoine Bourdelle, Józef Pius Dziekoński i Leopold Méyet.
"['Skład', 'ten', 'nagrał', 'płytę', '""', 'Slaves', '&', 'Masters', '""', '.']"	[0, 0, 0, 0, 0, 7, 8, 8, 0, 0]	pl	"Skład ten nagrał płytę ""Slaves & Masters""."
['Jaroslav', 'Tůma', ')', '.']	[1, 2, 0, 0]	pl	Jaroslav Tůma).
['Powrócił', 'do', 'rządu', 'w', '1923', ',', 'kiedy', 'premier', 'Stanley', 'Bruce', 'ponownie', 'powołał', 'go', 'na', 'ministra', 'handlu', 'i', 'ceł', '.']	[0, 0, 0, 0, 0, 0, 0, 0, 1, 2, 0, 0, 0, 0, 0, 0, 0, 0, 0]	pl	Powrócił do rządu w 1923, kiedy premier Stanley Bruce ponownie powołał go na ministra handlu i ceł.
['Wacław', 'Szklarski', '.']	[1, 2, 0]	pl	Wacław Szklarski.
['Nowym', 'szkoleniowcem', 'został', 'były', 'środkowy', 'obrońca', '-', 'Wojciech', 'Szymanek', '.']	[0, 0, 0, 0, 0, 0, 0, 1, 2, 0]	pl	Nowym szkoleniowcem został były środkowy obrońca - Wojciech Szymanek.
"['""', 'Bussy-en-Othe', '""', '–', 'miejscowość', 'i', 'gmina', 'we', 'Francji', ',', 'w', 'regionie', 'Burgundia-Franche-Comté', ',', 'w', 'departamencie', 'Yonne', '.']"	[0, 0, 0, 0, 0, 0, 0, 0, 5, 0, 0, 0, 5, 0, 0, 0, 5, 0]	pl	"""Bussy-en-Othe"" – miejscowość i gmina we Francji, w regionie Burgundia-Franche-Comté, w departamencie Yonne."
['Podobnie', 'jak', 'w', 'Portoryko', 'i', 'na', 'Bahamach', ',', 'ostrzeżenie', 'meteorologiczne', 'odpowiednio', 'wcześniej', 'dotarło', 'do', 'ludności', '.']	[0, 0, 0, 5, 0, 0, 5, 0, 0, 0, 0, 0, 0, 0, 0, 0]	pl	Podobnie jak w Portoryko i na Bahamach, ostrzeżenie meteorologiczne odpowiednio wcześniej dotarło do ludności.
['Marcin', 'Luter', 'ogłosił', 'swoje', 'tezy', 'o', 'kryzysie', 'Kościoła', 'katolickiego', '.']	[1, 2, 0, 0, 0, 0, 0, 3, 0, 0]	pl	Marcin Luter ogłosił swoje tezy o kryzysie Kościoła katolickiego.
"['""', 'Tàvacu', '""', ')', '–', 'miejscowość', 'i', 'gmina', 'we', 'Francji', ',', 'w', 'regionie', 'Korsyka', ',', 'w', 'departamencie', 'Korsyka', 'Południowa', '.']"	[0, 0, 0, 0, 0, 0, 0, 0, 0, 5, 0, 0, 0, 5, 0, 0, 0, 5, 6, 0]	pl	"""Tàvacu"") – miejscowość i gmina we Francji, w regionie Korsyka, w departamencie Korsyka Południowa."
"['Leon', 'Heyke', '(', 'zwany', '""', 'lirykiem', 'północy', '""', ',', 'był', 'pierwszym', 'poetą', 'piszącym', 'północnokaszubską', 'gwarą', 'lesacką', ')', 'i', 'w', 'początkowej', 'fazie', 'także', 'Franciszek', 'Sędzicki', '.']"	[1, 2, 0, 0, 0, 0, 0, 0, 0, 0, 0, 0, 0, 0, 0, 0, 0, 0, 0, 0, 0, 0, 1, 2, 0]	pl	"Leon Heyke (zwany ""lirykiem północy"", był pierwszym poetą piszącym północnokaszubską gwarą lesacką) i w początkowej fazie także Franciszek Sędzicki."
['Stolicą', 'Kataru', 'jest', 'Doha', '.']	[0, 5, 0, 5, 0]	pl	Stolicą Kataru jest Doha.
['Stwierdził', ',', 'że', 'jest', 'to', 'identyczny', 'koszt', ',', 'jaki', 'poniosły', 'British', 'Airways', 'za', 'zakup', 'samolotów', 'od', 'rządu', ',', 'jednak', 'linie', 'zaprzeczyły', 'tym', 'słowom', 'i', 'odrzuciły', 'ofertę', '.']	[0, 0, 0, 0, 0, 0, 0, 0, 0, 0, 3, 4, 0, 0, 0, 0, 0, 0, 0, 0, 0, 0, 0, 0, 0, 0, 0]	pl	Stwierdził, że jest to identyczny koszt, jaki poniosły British Airways za zakup samolotów od rządu, jednak linie zaprzeczyły tym słowom i odrzuciły ofertę.
['W', 'studiu', 'znajomego', 'nagrywał', 'dema', 'swoich', 'piosenek', 'i', 'rozprowadzał', 'je', 'po', 'Los', 'Angeles', '.']	[0, 0, 0, 0, 0, 0, 0, 0, 0, 0, 0, 5, 6, 0]	pl	W studiu znajomego nagrywał dema swoich piosenek i rozprowadzał je po Los Angeles.
['Gra', 'Delpha', 'przyciągnęła', 'uwagę', 'menedżerów', 'zespołów', 'Premier', 'League', '.']	[0, 0, 0, 0, 0, 0, 3, 4, 0]	pl	Gra Delpha przyciągnęła uwagę menedżerów zespołów Premier League.
['Dwa', 'dni', 'później', 'jego', 'posadę', 'objął', 'Mark', 'Hughes', '.']	[0, 0, 0, 0, 0, 0, 1, 2, 0]	pl	Dwa dni później jego posadę objął Mark Hughes.
['Produkcją', 'materiału', 'zajmuje', 'się', 'sam', 'Michael', 'Romeo', '.']	[0, 0, 0, 0, 0, 1, 2, 0]	pl	Produkcją materiału zajmuje się sam Michael Romeo.
['Powierzano', 'im', 'także', 'misje', 'obrony', 'pól', 'naftowych', 'w', 'Palembang', 'na', 'Sumatrze', '.']	[0, 0, 0, 0, 0, 0, 0, 0, 5, 0, 5, 0]	pl	Powierzano im także misje obrony pól naftowych w Palembang na Sumatrze.
['17', 'września', '2016', 'w', 'meczu', 'z', 'Minnesota', 'Twins', 'został', 'pierwszym', 'zawodnikiem', 'w', 'historii', 'klubu', ',', 'który', 'zdobył', 'dwa', 'home', 'runy', '–', 'dającego', 'wyrównanie', 'i', 'zwycięstwo', '–', 'w', 'dodatkowych', 'zmianach', '.']	[0, 0, 0, 0, 0, 0, 3, 4, 0, 0, 0, 0, 0, 0, 0, 0, 0, 0, 0, 0, 0, 0, 0, 0, 0, 0, 0, 0, 0, 0]	pl	17 września 2016 w meczu z Minnesota Twins został pierwszym zawodnikiem w historii klubu, który zdobył dwa home runy – dającego wyrównanie i zwycięstwo – w dodatkowych zmianach.
['Pakistan', 'głośno', 'oprotestował', 'tę', 'akcję', 'i', 'do', 'dziś', 'nie', 'uznał', 'aktu', 'przyłączenia', 'za', 'prawomocny', '.']	[5, 0, 0, 0, 0, 0, 0, 0, 0, 0, 0, 0, 0, 0, 0]	pl	Pakistan głośno oprotestował tę akcję i do dziś nie uznał aktu przyłączenia za prawomocny.
['powstał', 'pierwszy', 'stały', 'most', 'przez', 'Ren', '.']	[0, 0, 0, 0, 0, 5, 0]	pl	powstał pierwszy stały most przez Ren.
"['""', 'Badefols-sur-Dordogne', '""', '–', 'miejscowość', 'i', 'gmina', 'we', 'Francji', ',', 'w', 'regionie', 'Nowa', 'Akwitania', ',', 'w', 'departamencie', 'Dordogne', '.']"	[0, 0, 0, 0, 0, 0, 0, 0, 5, 0, 0, 0, 5, 6, 0, 0, 0, 5, 0]	pl	"""Badefols-sur-Dordogne"" – miejscowość i gmina we Francji, w regionie Nowa Akwitania, w departamencie Dordogne."
['Zmarł', 'w', 'wieku', '62', 'lat', 'w', 'prowincji', 'Anhui', '.']	[0, 0, 0, 0, 0, 0, 0, 5, 0]	pl	Zmarł w wieku 62 lat w prowincji Anhui.
['Eksekias', 'był', ',', 'jak', 'się', 'przypuszcza', ',', 'największym', 'rywalem', 'i', 'zarazem', 'przeciwieństwem', 'Amasisa', '.']	[1, 0, 0, 0, 0, 0, 0, 0, 0, 0, 0, 0, 1, 0]	pl	Eksekias był, jak się przypuszcza, największym rywalem i zarazem przeciwieństwem Amasisa.
['Płyty', 'zostały', 'wydane', 'z', 'japońską', 'ścieżką', 'dźwiękową', 'z', 'dostępnymi', 'polskimi', 'napisami', 'i', 'lektorem', ',', 'którym', 'był', 'Maciej', 'Gudowski', '.']	[0, 0, 0, 0, 0, 0, 0, 0, 0, 0, 0, 0, 0, 0, 0, 0, 1, 2, 0]	pl	Płyty zostały wydane z japońską ścieżką dźwiękową z dostępnymi polskimi napisami i lektorem, którym był Maciej Gudowski.
['Matching', 'Mole', 'rozwiązał', 'się', '.']	[3, 4, 0, 0, 0]	pl	Matching Mole rozwiązał się.
['Odkryto', 'między', 'innymi', 'Grzbiet', 'Śródatlantycki', '.']	[0, 0, 0, 5, 6, 0]	pl	Odkryto między innymi Grzbiet Śródatlantycki.
['Studiował', 'w', 'seminarium', 'w', 'Lugano', 'i', 'tamże', 'przyjął', 'święcenia', 'kapłańskie', '20', 'kwietnia', '1946', '.']	[0, 0, 0, 0, 5, 0, 0, 0, 0, 0, 0, 0, 0, 0]	pl	Studiował w seminarium w Lugano i tamże przyjął święcenia kapłańskie 20 kwietnia 1946.
"['""', 'Massabrac', '""', '–', 'miejscowość', 'i', 'gmina', 'we', 'Francji', ',', 'w', 'regionie', 'Oksytania', ',', 'w', 'departamencie', 'Górna', 'Garonna', '.']"	[0, 0, 0, 0, 0, 0, 0, 0, 5, 0, 0, 0, 5, 0, 0, 0, 5, 6, 0]	pl	"""Massabrac"" – miejscowość i gmina we Francji, w regionie Oksytania, w departamencie Górna Garonna."
['Do', 'piosenki', '„', 'A', 'Day', 'in', 'the', 'Life', '”', 'została', 'zatrudniona', 'czterdziestoosobowa', 'orkiestra', '.']	[0, 0, 0, 7, 8, 8, 8, 8, 0, 0, 0, 0, 0, 0]	pl	Do piosenki „A Day in the Life ” została zatrudniona czterdziestoosobowa orkiestra.
['Jego', 'siedziba', 'znajduje', 'się', 'w', 'mieście', 'Svitavy', '.']	[0, 0, 0, 0, 0, 0, 5, 0]	pl	Jego siedziba znajduje się w mieście Svitavy.
"['""', 'Rogatkokształtne', '""', ',', '""', 'rekiny', 'rogate', '""', '(', 'Heterodontiformes', ')', '–', 'monotypowy', 'rząd', 'ryb', 'chrzęstnoszkieletowych', '(', 'Chondrichthyes', ')', ',', 'obejmujący', 'jedną', 'rodzinę', 'morskich', 'gatunków', 'zamieszkujących', 'głównie', 'Ocean', 'Spokojny', '.']"	[0, 0, 0, 0, 0, 0, 0, 0, 0, 0, 0, 0, 0, 0, 0, 0, 0, 0, 0, 0, 0, 0, 0, 0, 0, 0, 0, 5, 6, 0]	pl	"""Rogatkokształtne"", ""rekiny rogate"" (Heterodontiformes) – monotypowy rząd ryb chrzęstnoszkieletowych (Chondrichthyes), obejmujący jedną rodzinę morskich gatunków zamieszkujących głównie Ocean Spokojny."
['Rodzaj', 'obejmuje', 'gatunki', 'gatunki', 'występujące', 'na', 'Filipinach', 'oraz', 'w', 'Malezji', 'w', 'stanach', 'Sabah', 'i', 'Sarawak', ',', 'Indonezji', 'na', 'wyspie', 'Kalimantan', 'i', 'w', 'Brunei', '.']	[0, 0, 0, 0, 0, 0, 5, 0, 0, 5, 0, 0, 5, 0, 5, 0, 5, 0, 0, 5, 0, 0, 5, 0]	pl	Rodzaj obejmuje gatunki gatunki występujące na Filipinach oraz w Malezji w stanach Sabah i Sarawak, Indonezji na wyspie Kalimantan i w Brunei.
['1999', ')', '.']	[7, 0, 0]	pl	1999).
['Do', 'zwolenników', 'tej', 'teorii', 'zaliczają', 'się', ':', 'Sigmund', 'Freud', ',', 'Paul', 'Nitze', ',', 'Harry', 'Blackmun', 'i', 'John', 'Paul', 'Stevens', ',', 'a', 'także', 'aktorzy', 'i', 'reżyserzy', ',', 'tacy', 'jak', 'Orson', 'Welles', ',', 'Kenneth', 'Branagh', 'czy', 'Jeremy', 'Irons', 'i', 'Derek', 'Jacobi', '.']	[0, 0, 0, 0, 0, 0, 0, 1, 2, 0, 1, 2, 0, 1, 2, 0, 1, 2, 2, 0, 0, 0, 0, 0, 0, 0, 0, 0, 1, 2, 0, 1, 2, 0, 1, 2, 0, 1, 2, 0]	pl	Do zwolenników tej teorii zaliczają się: Sigmund Freud, Paul Nitze, Harry Blackmun i John Paul Stevens, a także aktorzy i reżyserzy, tacy jak Orson Welles, Kenneth Branagh czy Jeremy Irons i Derek Jacobi.
['Odkrył', 'ją', 'Lewis', 'A.', 'Swift', '9', 'lipca', '1886', 'roku', '.']	[0, 0, 1, 2, 2, 0, 0, 0, 0, 0]	pl	Odkrył ją Lewis A. Swift 9 lipca 1886 roku.
['Autorem', 'muzyki', 'i', 'słów', 'jest', 'Wojciech', 'Waglewski', '.']	[0, 0, 0, 0, 0, 1, 2, 0]	pl	Autorem muzyki i słów jest Wojciech Waglewski.
['Wynik', 'powtórzyła', 'na', 'US', 'Open', '.']	[0, 0, 0, 7, 8, 0]	pl	Wynik powtórzyła na US Open.
['rez.', 'Edmund', 'Horowski', 'ps', '.']	[0, 1, 2, 0, 0]	pl	rez. Edmund Horowski ps.
['W', '1958', 'Francja', 'jeszcze', 'mocniej', 'zaangażowała', 'się', 'w', 'pomoc', 'wojskową', 'dla', 'Izraela', '.']	[0, 0, 5, 0, 0, 0, 0, 0, 0, 0, 0, 5, 0]	pl	W 1958 Francja jeszcze mocniej zaangażowała się w pomoc wojskową dla Izraela.
['Internowany', 'w', 'Rumunii', 'w', 'obozie', 'w', 'Băile', 'Herculane', '.']	[0, 0, 5, 0, 0, 0, 5, 6, 0]	pl	Internowany w Rumunii w obozie w Băile Herculane.
['Wykłady', 'z', 'muzykologii', 'prowadził', 'Zdzisław', 'Jachimecki', '.']	[0, 0, 0, 0, 1, 2, 0]	pl	Wykłady z muzykologii prowadził Zdzisław Jachimecki.
['Narzędzia', 'żelazne', 'przyczyniły', 'się', 'do', 'rozwoju', 'rolnictwa', '–', 'w', 'regionie', 'Meroe', 'uprawiano', 'kaszę', 'jaglaną', 'i', 'sorgo', ',', 'a', 'także', 'hodowano', 'bydło', '.']	[0, 0, 0, 0, 0, 0, 0, 0, 0, 0, 5, 0, 0, 0, 0, 0, 0, 0, 0, 0, 0, 0]	pl	Narzędzia żelazne przyczyniły się do rozwoju rolnictwa – w regionie Meroe uprawiano kaszę jaglaną i sorgo, a także hodowano bydło.
"['""', 'Saint-Sauveur-Gouvernet', '""', '–', 'miejscowość', 'i', 'gmina', 'we', 'Francji', ',', 'w', 'regionie', 'Owernia-Rodan-Alpy', ',', 'w', 'departamencie', 'Drôme', '.']"	[0, 0, 0, 0, 0, 0, 0, 0, 5, 0, 0, 0, 5, 0, 0, 0, 5, 0]	pl	"""Saint-Sauveur-Gouvernet"" – miejscowość i gmina we Francji, w regionie Owernia-Rodan-Alpy, w departamencie Drôme."
"['Pierwszy', 'film', 'dyskotekowy', 'powstaje', 'w', '1977', 'i', 'nosi', 'tytuł', '""', '""', 'Gorączka', 'sobotniej', 'nocy', '""', '""', '.']"	[0, 0, 0, 0, 0, 0, 0, 0, 0, 0, 0, 7, 8, 8, 0, 0, 0]	pl	"Pierwszy film dyskotekowy powstaje w 1977 i nosi tytuł """" Gorączka sobotniej nocy """"."
['Pierwsi', 'greccy', 'kolonizatorzy', 'tamtych', 'terenów', 'pochodzili', 'z', 'wyspy', 'Paros', '.']	[0, 0, 0, 0, 0, 0, 0, 0, 5, 0]	pl	Pierwsi greccy kolonizatorzy tamtych terenów pochodzili z wyspy Paros.
"['Do', 'nazwy', 'procesora', 'dodano', 'oznakowanie', '""', 'PR75', '""', ',', 'co', 'miało', 'oznaczać', ',', 'że', 'był', 'tak', 'samo', 'wydajny', 'jak', 'Pentium', 'o', 'szybkości', 'taktowania', 'zegara', '75', 'MHz', ',', 'pomimo', 'że', 'chip', 'AMD', 'był', 'taktowany', 'inną', 'częstotliwością', '.']"	[0, 0, 0, 0, 0, 0, 0, 0, 0, 0, 0, 0, 0, 0, 0, 0, 0, 0, 0, 7, 0, 0, 0, 0, 0, 0, 0, 0, 0, 0, 3, 0, 0, 0, 0, 0]	pl	"Do nazwy procesora dodano oznakowanie ""PR75"", co miało oznaczać, że był tak samo wydajny jak Pentium o szybkości taktowania zegara 75 MHz, pomimo że chip AMD był taktowany inną częstotliwością."
['Komendantem', 'został', 'druh', 'Adam', 'Ciołkosz', '.']	[0, 0, 0, 1, 2, 0]	pl	Komendantem został druh Adam Ciołkosz.
['8', 'czerwca', 'atakująca', 'Czortków', 'grupa', 'płk', '.']	[0, 0, 0, 5, 0, 0, 0]	pl	8 czerwca atakująca Czortków grupa płk.
['Następnie', 'Francesco', 'Toldo', 'obronił', 'cztery', 'jedenastki', 'w', 'serii', 'rzutów', 'karnych', 'i', 'Włosi', 'awansowali', 'do', 'finału', ',', 'gdzie', 'czekali', 'Francuzi', '.']	[0, 1, 2, 0, 0, 0, 0, 0, 0, 0, 0, 3, 0, 0, 0, 0, 0, 0, 3, 0]	pl	Następnie Francesco Toldo obronił cztery jedenastki w serii rzutów karnych i Włosi awansowali do finału, gdzie czekali Francuzi.
"['Porównywał', 'też', 'jej', 'szczerość', 'o', 'swojej', 'orientacji', 'seksualnej', 'jako', 'podobną', 'do', 'Cay', ',', 'bohaterki', 'amerykańskiego', 'filmu', '""', 'Desert', 'Hearts', '""', '(', '1985', ')', '.']"	[0, 0, 0, 0, 0, 0, 0, 0, 0, 0, 0, 0, 0, 0, 0, 0, 0, 7, 8, 0, 0, 0, 0, 0]	pl	"Porównywał też jej szczerość o swojej orientacji seksualnej jako podobną do Cay, bohaterki amerykańskiego filmu ""Desert Hearts"" (1985)."
"['Pierwszą', 'produkcją', 'tego', 'typu', ',', 'która', 'odniosła', 'sukces', 'komercyjny', ',', 'była', 'gra', '""', 'Pong', '""', 'z', '1972', 'roku', '.']"	[0, 0, 0, 0, 0, 0, 0, 0, 0, 0, 0, 0, 0, 7, 0, 0, 0, 0, 0]	pl	"Pierwszą produkcją tego typu, która odniosła sukces komercyjny, była gra ""Pong"" z 1972 roku."
['Wtedy', 'także', 'został', 'po', 'raz', 'pierwszy', 'sprzedany', '(', 'w', 'Knoxville', 'w', 'stanie', 'Tennessee', ')', '.']	[0, 0, 0, 0, 0, 0, 0, 0, 0, 5, 0, 0, 5, 0, 0]	pl	Wtedy także został po raz pierwszy sprzedany (w Knoxville w stanie Tennessee).
['Na', 'ławie', 'oskarżonych', 'zasiadł', 'Martin', 'Gottfried', 'Weiss', '(', 'były', 'komendant', 'obozu', ')', 'oraz', '39', 'innych', 'członków', 'załogi', 'hitlerowskiego', 'obozu', 'koncentracyjnego', 'Dachau', '.']	[0, 0, 0, 0, 1, 2, 2, 0, 0, 0, 0, 0, 0, 0, 0, 0, 0, 0, 0, 0, 5, 0]	pl	Na ławie oskarżonych zasiadł Martin Gottfried Weiss (były komendant obozu) oraz 39 innych członków załogi hitlerowskiego obozu koncentracyjnego Dachau.
['Jej', 'partnerem', 'był', 'rodak', 'Xavier', 'Malisse', '.']	[0, 0, 0, 0, 1, 2, 0]	pl	Jej partnerem był rodak Xavier Malisse.
"['""', 'Solignac-sous-Roche', '""', '–', 'miejscowość', 'i', 'gmina', 'we', 'Francji', ',', 'w', 'regionie', 'Owernia-Rodan-Alpy', ',', 'w', 'departamencie', 'Górna', 'Loara', '.']"	[0, 0, 0, 0, 0, 0, 0, 0, 5, 0, 0, 0, 5, 0, 0, 0, 5, 6, 0]	pl	"""Solignac-sous-Roche"" – miejscowość i gmina we Francji, w regionie Owernia-Rodan-Alpy, w departamencie Górna Loara."
['W', 'drużynie', 'występował', 'z', 'przyszłymi', 'zawodnikami', 'ligi', 'NBA', ',', 'takimi', 'jak', 'Keith', 'Van', 'Horn', 'i', 'Michael', 'Doleac', '.']	[0, 0, 0, 0, 0, 0, 0, 3, 0, 0, 0, 1, 2, 2, 0, 1, 2, 0]	pl	W drużynie występował z przyszłymi zawodnikami ligi NBA, takimi jak Keith Van Horn i Michael Doleac.
['W', 'NHL', 'spędził', '12', 'sezonów', 'oraz', 'reprezentował', 'w', 'niej', 'barwy', 'pięciu', 'klubów', ':', 'Boston', 'Bruins', ',', 'Edmonton', 'Oilers', ',', 'New', 'York', 'Islanders', ',', 'Montreal', 'Canadiens', 'i', 'Toronto', 'Maple', 'Leafs', '.']	[0, 3, 0, 0, 0, 0, 0, 0, 0, 0, 0, 0, 0, 3, 4, 0, 3, 4, 0, 3, 4, 4, 0, 3, 4, 0, 3, 4, 4, 0]	pl	W NHL spędził 12 sezonów oraz reprezentował w niej barwy pięciu klubów: Boston Bruins, Edmonton Oilers, New York Islanders, Montreal Canadiens i Toronto Maple Leafs.
"['Rekordowe', 'głębokości', 'zasięgu', 'makrofitów', 'odnotowano', 'w', 'jeziorze', 'Titicaca', '–', 'rośliny', 'naczyniowe', '(', '""', 'Potamogeton', 'strictus', '""', ')', 'do', '11', 'm', ',', 'ramienice', 'do', '14', 'm', ',', 'mchy', 'do', '29', 'm', 'i', 'jeziorze', 'Tahoe', '–', 'rośliny', 'naczyniowe', 'do', '6,5', 'm', ',', 'a', 'ramienice', 'i', 'mchy', 'do', '75', 'm', '.']"	[0, 0, 0, 0, 0, 0, 0, 5, 0, 0, 0, 0, 0, 0, 0, 0, 0, 0, 0, 0, 0, 0, 0, 0, 0, 0, 0, 0, 0, 0, 0, 5, 6, 0, 0, 0, 0, 0, 0, 0, 0, 0, 0, 0, 0, 0, 0, 0]	pl	"Rekordowe głębokości zasięgu makrofitów odnotowano w jeziorze Titicaca – rośliny naczyniowe (""Potamogeton strictus"") do 11 m, ramienice do 14 m, mchy do 29 m i jeziorze Tahoe – rośliny naczyniowe do 6,5 m, a ramienice i mchy do 75 m."
['Pałac', 'oparty', 'jest', 'o', 'wzory', 'niderlandzkie', ',', 'np.', 'Het', 'Loo', 'w', 'pobliżu', 'Apeldoorn', '.']	[0, 0, 0, 0, 0, 0, 0, 0, 5, 6, 0, 0, 5, 0]	pl	Pałac oparty jest o wzory niderlandzkie, np. Het Loo w pobliżu Apeldoorn.
['To', 'wydarzenie', 'ogromnie', 'osłabiło', 'fundamenty', 'łacińskiego', 'panowania', 'w', 'Osroene', 'i', 'wokół', 'Edessy', '.']	[0, 0, 0, 0, 0, 0, 0, 0, 5, 0, 0, 5, 0]	pl	To wydarzenie ogromnie osłabiło fundamenty łacińskiego panowania w Osroene i wokół Edessy.
['Od', 'zachodu', 'graniczy', 'z', 'miastem', 'Dartmouth', ',', 'od', 'północy', 'z', 'Freetown', ',', 'od', 'wschodu', 'z', 'Acushnet', 'i', 'Fairhaven', '.']	[0, 0, 0, 0, 0, 5, 0, 0, 0, 0, 5, 0, 0, 0, 0, 5, 0, 5, 0]	pl	Od zachodu graniczy z miastem Dartmouth, od północy z Freetown, od wschodu z Acushnet i Fairhaven.
"['W', 'telewizji', 'debiutowała', 'jako', 'dziecko', ',', 'prowadząc', 'w', 'TVP1', 'program', '""', '5', '-', '10', '-', '15', '""', '.']"	[0, 0, 0, 0, 0, 0, 0, 0, 3, 0, 0, 0, 0, 0, 0, 0, 0, 0]	pl	"W telewizji debiutowała jako dziecko, prowadząc w TVP1 program ""5 - 10 - 15""."
['Po', 'polsku', 'ukazało', 'się', 'sześć', 'pierwszych', 'tomów', 'nakładem', 'Egmont', 'Polska', '.']	[0, 0, 0, 0, 0, 0, 0, 0, 3, 4, 0]	pl	Po polsku ukazało się sześć pierwszych tomów nakładem Egmont Polska.
['W', 'nagraniu', 'piosenki', 'wziął', 'udział', 'także', '50', 'Cent', ',', 'którego', 'głos', 'słychać', 'w', 'refrenie', '.']	[0, 0, 0, 0, 0, 0, 1, 2, 0, 0, 0, 0, 0, 0, 0]	pl	W nagraniu piosenki wziął udział także 50 Cent, którego głos słychać w refrenie.
['Leży', 'w', 'Szwajcarii', ',', 'na', 'granicy', 'kantonów', 'Berno', 'i', 'Valais', '.']	[0, 0, 5, 0, 0, 0, 0, 5, 0, 5, 0]	pl	Leży w Szwajcarii, na granicy kantonów Berno i Valais.
['W', 'maju', '2014', 'roku', 'ujawniono', ',', 'że', 'Charlie', 'Cox', 'zagra', 'tytułowego', 'bohatera', '.']	[0, 0, 0, 0, 0, 0, 0, 1, 2, 0, 0, 0, 0]	pl	W maju 2014 roku ujawniono, że Charlie Cox zagra tytułowego bohatera.
['Latem', 'żeglował', 'u', 'wybrzeży', 'Bretanii', 'w', 'Ouistreham', '.']	[0, 0, 0, 0, 5, 0, 5, 0]	pl	Latem żeglował u wybrzeży Bretanii w Ouistreham.
['Występuje', 'w', 'Azji', 'i', 'Europie', ',', 'choć', 'jego', 'pierwotnym', 'obszarem', 'występowania', 'był', 'Daleki', 'Wschód', '.']	[0, 0, 5, 0, 5, 0, 0, 0, 0, 0, 0, 0, 5, 6, 0]	pl	Występuje w Azji i Europie, choć jego pierwotnym obszarem występowania był Daleki Wschód.
['Wraz', 'z', 'odrodzeniem', 'narodowym', 'nasiliły', 'się', 'nastroje', 'panslawistyczne', 'z', 'silną', 'orientacją', 'prorosyjską', '(', 'František', 'Ladislav', 'Čelakovský', ',', 'Ján', 'Kollár', ',', 'Václav', 'Hanka', ')', 'oraz', 'austroslawistyczne', '(', 'Karel', 'Havlíček', 'Borovský', ',', 'Pavol', 'Jozef', 'Šafárik', ',', 'František', 'Palacký', ')', '.']	[0, 0, 0, 0, 0, 0, 0, 0, 0, 0, 0, 0, 0, 1, 2, 2, 0, 1, 2, 0, 1, 2, 0, 0, 0, 0, 1, 2, 2, 0, 1, 2, 2, 0, 1, 2, 0, 0]	pl	Wraz z odrodzeniem narodowym nasiliły się nastroje panslawistyczne z silną orientacją prorosyjską (František Ladislav Čelakovský, Ján Kollár, Václav Hanka) oraz austroslawistyczne (Karel Havlíček Borovský, Pavol Jozef Šafárik, František Palacký).
['W', '2010', 'roku', 'został', 'wypożyczony', 'do', 'zespołu', 'Córdoba', 'CF', '.']	[0, 0, 0, 0, 0, 0, 0, 3, 4, 0]	pl	W 2010 roku został wypożyczony do zespołu Córdoba CF.
['Protokół', 'z', 'Kioto', 'jest', 'prawnie', 'wiążącym', 'porozumieniem', ',', 'w', 'ramach', 'którego', 'kraje', 'uprzemysłowione', 'są', 'zobligowane', 'do', 'redukcji', 'ogólnej', 'emisji', 'gazów', 'powodujących', 'efekt', 'cieplarniany', 'o', '5,2', '%', 'do', 'roku', '2012', 'w', 'porównaniu', 'z', 'rokiem', '1990', '.']	[0, 0, 5, 0, 0, 0, 0, 0, 0, 0, 0, 0, 0, 0, 0, 0, 0, 0, 0, 0, 0, 0, 0, 0, 0, 0, 0, 0, 0, 0, 0, 0, 0, 0, 0]	pl	Protokół z Kioto jest prawnie wiążącym porozumieniem, w ramach którego kraje uprzemysłowione są zobligowane do redukcji ogólnej emisji gazów powodujących efekt cieplarniany o 5,2% do roku 2012 w porównaniu z rokiem 1990.
['Możliwe', ',', 'że', 'w', 'San', 'Francisco', 'miał', 'miejsce', 'największy', 'występ', 'rozpoczynający', 'koncert', 'w', 'historii', '.']	[0, 0, 0, 0, 5, 6, 0, 0, 0, 0, 0, 0, 0, 0, 0]	pl	Możliwe, że w San Francisco miał miejsce największy występ rozpoczynający koncert w historii.
['3', 'maja', 'wspierał', 'działania', 'sił', 'desantowych', 'podczas', 'opanowania', 'Tulagi', '.']	[0, 0, 0, 0, 0, 0, 0, 0, 5, 0]	pl	3 maja wspierał działania sił desantowych podczas opanowania Tulagi.
['Sezon', '2010', '/', '11', 'spędził', 'w', 'Toronto', 'Maple', 'Leafs', '.']	[0, 0, 0, 0, 0, 0, 3, 4, 4, 0]	pl	Sezon 2010 / 11 spędził w Toronto Maple Leafs.
['Niewykluczone', 'jednak', ',', 'że', 'nazwa', 'powstała', 'jako', 'forma', 'zdrobniała', 'od', 'nazwy', 'miasta', 'Brześć', '.']	[0, 0, 0, 0, 0, 0, 0, 0, 0, 0, 0, 0, 5, 0]	pl	Niewykluczone jednak, że nazwa powstała jako forma zdrobniała od nazwy miasta Brześć.
['Augustianie', 'powstali', 'po', 'zjednoczeniu', 'różnych', 'oddzielnych', 'grup', 'w', '1256', ',', 'jednak', 'dopiero', 'papież', 'Marcin', 'V', 'uznał', 'ten', 'zakon', 'za', 'żebraczy', 'w', '1424', '.']	[0, 0, 0, 0, 0, 0, 0, 0, 0, 0, 0, 0, 0, 1, 2, 0, 0, 0, 0, 0, 0, 0, 0]	pl	Augustianie powstali po zjednoczeniu różnych oddzielnych grup w 1256, jednak dopiero papież Marcin V uznał ten zakon za żebraczy w 1424.
['Film', 'zdobył', 'szereg', 'nagród', 'i', 'obejrzał', 'go', 'również', 'Václav', 'Havel', ',', 'który', 'w', 'liście', 'do', 'reżysera', 'osobiście', 'gratulował', 'mu', 'filmu', '.']	[0, 0, 0, 0, 0, 0, 0, 0, 1, 2, 0, 0, 0, 0, 0, 0, 0, 0, 0, 0, 0]	pl	Film zdobył szereg nagród i obejrzał go również Václav Havel, który w liście do reżysera osobiście gratulował mu filmu.
['16', 'listopada', '1891', 'w', 'Biesheim', 'w', 'Alzacji', ',', 'zm', '.']	[0, 0, 0, 0, 5, 0, 5, 0, 0, 0]	pl	16 listopada 1891 w Biesheim w Alzacji, zm.
['Pierwsza', 'edycja', 'konkursu', 'została', 'przeprowadzona', 'w', '1926', ',', 'a', 'wygrał', 'ją', 'Wacław', 'Kuchar', '.']	[0, 0, 0, 0, 0, 0, 0, 0, 0, 0, 0, 1, 2, 0]	pl	Pierwsza edycja konkursu została przeprowadzona w 1926, a wygrał ją Wacław Kuchar.
['Leży', 'w', 'Szwajcarii', ',', 'na', 'granicy', 'kantonów', 'Uri', 'i', 'Gryzonia', '.']	[0, 0, 5, 0, 0, 0, 0, 5, 0, 5, 0]	pl	Leży w Szwajcarii, na granicy kantonów Uri i Gryzonia.
"['Według', 'danych', 'na', 'rok', '1990', 'gminę', 'zamieszkiwało', '1990', 'osób', ',', 'a', 'gęstość', 'zaludnienia', 'wynosiła', '140', '""', 'osób', '/', 'km', '²', '(', 'wśród', '3020', 'gmin', 'regionu', 'Midi-Pireneje', 'Soual', 'plasuje', 'się', 'na', '185', '.']"	[0, 0, 0, 0, 0, 0, 0, 0, 0, 0, 0, 0, 0, 0, 0, 0, 0, 0, 0, 0, 0, 0, 0, 0, 0, 5, 0, 0, 0, 0, 0, 0]	pl	"Według danych na rok 1990 gminę zamieszkiwało 1990 osób, a gęstość zaludnienia wynosiła 140 ""osób / km ² (wśród 3020 gmin regionu Midi-Pireneje Soual plasuje się na 185."
"['Choć', 'pierwsze', 'obrazy', 'z', 'motywem', 'cyprysów', 'w', 'tle', 'powstały', 'jeszcze', 'w', 'Arles', '(', '""', 'Kwitnący', 'sad', 'otoczony', 'cyprysami', '""', ',', 'namalowany', 'w', 'dwóch', 'wersjach', 'w', 'kwietniu', '1888', ')', ',', 'to', 'główna', 'ich', 'seria', 'związana', 'jest', 'z', 'pobytem', 'artysty', 'w', 'Saint-Rémy', '.']"	[0, 0, 0, 0, 0, 0, 0, 0, 0, 0, 0, 5, 0, 0, 0, 0, 0, 0, 0, 0, 0, 0, 0, 0, 0, 0, 0, 0, 0, 0, 0, 0, 0, 0, 0, 0, 0, 0, 0, 5, 0]	pl	"Choć pierwsze obrazy z motywem cyprysów w tle powstały jeszcze w Arles (""Kwitnący sad otoczony cyprysami"", namalowany w dwóch wersjach w kwietniu 1888), to główna ich seria związana jest z pobytem artysty w Saint-Rémy."
['Jego', 'następcą', 'został', 'Ferenc', 'Puskás', '.']	[0, 0, 0, 1, 2, 0]	pl	Jego następcą został Ferenc Puskás.
['W', 'nizinie', 'tej', 'znajdują', 'się', 'przede', 'wszystkim', 'żyzne', ',', 'napływowe', 'gleby', 'wytworzone', 'z', 'osadów', '(', 'namułów', ')', 'rzecznych', ',', 'zbudowane', 'z', 'warstw', 'odpowiadających', 'kolejnym', 'wylewom', 'rzek', '(', 'mady', 'rzeczne', 'wokół', 'samej', 'rzeki', 'Indus', ')', '.']	[0, 0, 0, 0, 0, 0, 0, 0, 0, 0, 0, 0, 0, 0, 0, 0, 0, 0, 0, 0, 0, 0, 0, 0, 0, 0, 0, 0, 0, 0, 0, 0, 5, 0, 0]	pl	W nizinie tej znajdują się przede wszystkim żyzne, napływowe gleby wytworzone z osadów (namułów) rzecznych, zbudowane z warstw odpowiadających kolejnym wylewom rzek (mady rzeczne wokół samej rzeki Indus).
['Jedynie', 'ICQ', 'nie', 'wprowadzał', 'nigdy', 'obostrzeń', 'w', 'stosunku', 'do', 'programów', 'wprowadzających', 'obsługę', 'jego', 'protokołu', '.']	[0, 7, 0, 0, 0, 0, 0, 0, 0, 0, 0, 0, 0, 0, 0]	pl	Jedynie ICQ nie wprowadzał nigdy obostrzeń w stosunku do programów wprowadzających obsługę jego protokołu.
['Podczas', 'okupacji', 'Niemcy', 'przeprowadzali', 'na', 'bazarze', 'łapanki', ',', 'które', 'nasiliły', 'się', 'pod', 'koniec', 'wojny', '.']	[0, 0, 5, 0, 0, 0, 0, 0, 0, 0, 0, 0, 0, 0, 0]	pl	Podczas okupacji Niemcy przeprowadzali na bazarze łapanki, które nasiliły się pod koniec wojny.
"['""', 'Saint-Ouen-sur-Loire', '""', '–', 'miejscowość', 'i', 'gmina', 'we', 'Francji', ',', 'w', 'regionie', 'Burgundia-Franche-Comté', ',', 'w', 'departamencie', 'Nièvre', '.']"	[0, 0, 0, 0, 0, 0, 0, 0, 5, 0, 0, 0, 5, 0, 0, 0, 5, 0]	pl	"""Saint-Ouen-sur-Loire"" – miejscowość i gmina we Francji, w regionie Burgundia-Franche-Comté, w departamencie Nièvre."
['Lyon', ')', ',', 'gdzie', 'jego', 'żołnierze', 'chcieli', 'go', 'poddać', 'prawowitemu', 'cesarzowi', '.']	[5, 0, 0, 0, 0, 0, 0, 0, 0, 0, 0, 0]	pl	Lyon), gdzie jego żołnierze chcieli go poddać prawowitemu cesarzowi.
['Na', 'początku', 'swojego', 'panowania', ',', 'w', 'roku', '1484', ',', 'Bajezid', 'poprowadził', 'kampanię', 'przeciwko', 'Mołdawii', ',', 'zdobywając', 'Budziak', ',', 'poza', 'tym', 'jednak', 'zarzucił', 'politykę', 'podbojów', '.']	[0, 0, 0, 0, 0, 0, 0, 0, 0, 1, 0, 0, 0, 5, 0, 0, 5, 0, 0, 0, 0, 0, 0, 0, 0]	pl	Na początku swojego panowania, w roku 1484, Bajezid poprowadził kampanię przeciwko Mołdawii, zdobywając Budziak, poza tym jednak zarzucił politykę podbojów.
['W', '2017', 'odszedł', 'do', 'francuskiego', 'FC', 'Martigues', '.']	[0, 0, 0, 0, 0, 3, 4, 0]	pl	W 2017 odszedł do francuskiego FC Martigues.
['W', '1934', 'został', 'powołany', 'na', 'stanowisko', 'szefa', 'sztabu', 'generalnego', ',', 'a', 'w', '1937', 'prezydent', 'Antanas', 'Smetona', 'mianował', 'go', 'generałem', 'brygady', '.']	[0, 0, 0, 0, 0, 0, 0, 0, 0, 0, 0, 0, 0, 0, 1, 2, 0, 0, 0, 0, 0]	pl	W 1934 został powołany na stanowisko szefa sztabu generalnego, a w 1937 prezydent Antanas Smetona mianował go generałem brygady.
['W', 'latach', '1785', '–', '1799', 'teatrem', 'kierował', 'Wojciech', 'Bogusławski', ',', 'który', 'wielką', 'wagę', 'przywiązywał', 'do', 'narodowego', 'charakteru', 'repertuaru', '.']	[0, 0, 0, 0, 0, 0, 0, 1, 2, 0, 0, 0, 0, 0, 0, 0, 0, 0, 0]	pl	W latach 1785 – 1799 teatrem kierował Wojciech Bogusławski, który wielką wagę przywiązywał do narodowego charakteru repertuaru.
"['W', '2006', 'wykupił', 'większość', 'udziałów', 'w', 'warszawskim', 'klubie', 'Extravaganza', ',', 'jednak', 'lokal', 'nie', 'przyniósł', 'zysków', ',', 'w', 'tym', 'siódmy', 'album', 'studyjny', 'Ich', 'Troje', 'pt.', '""', '7', 'grzechów', 'głównych', '""', ',', 'który', 'sprzedał', 'się', 'w', 'wysokim', 'nakładzie', '.']"	[0, 0, 0, 0, 0, 0, 0, 0, 0, 0, 0, 0, 0, 0, 0, 0, 0, 0, 0, 0, 0, 3, 4, 0, 0, 0, 0, 0, 0, 0, 0, 0, 0, 0, 0, 0, 0]	pl	"W 2006 wykupił większość udziałów w warszawskim klubie Extravaganza, jednak lokal nie przyniósł zysków, w tym siódmy album studyjny Ich Troje pt. ""7 grzechów głównych"", który sprzedał się w wysokim nakładzie."
['Dwie', 'pierwsze', 'ballady', 'opisać', 'miał', 'Fryderyk', 'Chopin', 'w', 'dwóch', 'pierwszych', 'swoich', 'balladach', '(', 'g-moll', ',', 'F-Dur', ')', '.']	[0, 0, 0, 0, 0, 1, 2, 0, 0, 0, 0, 0, 0, 0, 0, 0, 0, 0]	pl	Dwie pierwsze ballady opisać miał Fryderyk Chopin w dwóch pierwszych swoich balladach (g-moll, F-Dur).
['Oddziały', 'skierowane', 'do', 'ataku', 'na', 'Bagdad', 'od', 'zachodu', 'natrafiły', 'na', 'pierwszy', 'poważny', 'opór', 'w', 'okolicach', 'Hillah', 'i', 'Karbali', '.']	[0, 0, 0, 0, 0, 5, 0, 0, 0, 0, 0, 0, 0, 0, 0, 5, 0, 5, 0]	pl	Oddziały skierowane do ataku na Bagdad od zachodu natrafiły na pierwszy poważny opór w okolicach Hillah i Karbali.
"['We', 'wsi', 'Dornach', 'koło', 'Bazylei', 'swoją', 'siedzibę', 'ma', 'chrześcijańskie', 'Towarzystwo', 'Antropozoficzne', ',', 'znajduje', 'się', 'tam', 'antropozoficzne', 'Goetheanum', ',', 'w', 'którym', 'bardzo', 'często', 'wystawiany', 'jest', '""', 'Faust', '""', 'Goethego', '.']"	[0, 0, 5, 0, 5, 0, 0, 0, 0, 3, 4, 0, 0, 0, 0, 0, 5, 0, 0, 0, 0, 0, 0, 0, 0, 7, 0, 1, 0]	pl	"We wsi Dornach koło Bazylei swoją siedzibę ma chrześcijańskie Towarzystwo Antropozoficzne, znajduje się tam antropozoficzne Goetheanum, w którym bardzo często wystawiany jest ""Faust"" Goethego."
['Program', 'obejmował', 'zakup', 'i', 'integrację', 'hiszpańskiej', 'wersji', 'niemieckiego', 'czołgu', 'Leopard', '2', 'w', 'wersji', '2A6', ',', 'czyli', 'Leopard', '2E', '.']	[0, 0, 0, 0, 0, 0, 0, 0, 0, 7, 8, 0, 0, 0, 0, 0, 7, 0, 0]	pl	Program obejmował zakup i integrację hiszpańskiej wersji niemieckiego czołgu Leopard 2 w wersji 2A6, czyli Leopard 2E.
"['""', 'Sayat', '""', '–', 'miejscowość', 'i', 'gmina', 'we', 'Francji', ',', 'w', 'regionie', 'Owernia-Rodan-Alpy', ',', 'w', 'departamencie', 'Puy-de-Dôme', '.']"	[0, 0, 0, 0, 0, 0, 0, 0, 5, 0, 0, 0, 5, 0, 0, 0, 5, 0]	pl	"""Sayat"" – miejscowość i gmina we Francji, w regionie Owernia-Rodan-Alpy, w departamencie Puy-de-Dôme."
['Zawodnik', 'Maccabi', 'Petach', 'Tikwa', '.']	[0, 3, 4, 4, 0]	pl	Zawodnik Maccabi Petach Tikwa.
"['""', 'Vault-de-Lugny', '""', '–', 'miejscowość', 'i', 'gmina', 'we', 'Francji', ',', 'w', 'regionie', 'Burgundia-Franche-Comté', ',', 'w', 'departamencie', 'Yonne', '.']"	[0, 0, 0, 0, 0, 0, 0, 0, 5, 0, 0, 0, 5, 0, 0, 0, 5, 0]	pl	"""Vault-de-Lugny"" – miejscowość i gmina we Francji, w regionie Burgundia-Franche-Comté, w departamencie Yonne."
['Wyjątkiem', 'od', 'KNU', 'w', 'ramach', 'GATT', 'są', 'jednak', 'różnego', 'rodzaju', 'ugrupowania', 'integracyjne', 'oraz', 'powiązania', 'między', 'byłymi', 'koloniami', 'i', 'metropoliami', '.']	[0, 0, 0, 0, 0, 3, 0, 0, 0, 0, 0, 0, 0, 0, 0, 0, 0, 0, 0, 0]	pl	Wyjątkiem od KNU w ramach GATT są jednak różnego rodzaju ugrupowania integracyjne oraz powiązania między byłymi koloniami i metropoliami.
['Jej', 'matka', '–', 'reżyserka', 'teatralna', 'Monique', 'Stalens', '–', 'urodziła', 'się', 'w', 'Częstochowie', '.']	[0, 0, 0, 0, 0, 1, 2, 0, 0, 0, 0, 5, 0]	pl	Jej matka – reżyserka teatralna Monique Stalens – urodziła się w Częstochowie.
['W', 'sezonie', '1969', '/', '70', 'pomógł', 'drużynie', 'New', 'York', 'Knicks', 'zdobyć', 'pierwszy', 'tytuł', 'mistrzowski', '.']	[0, 0, 0, 0, 0, 0, 0, 3, 4, 4, 0, 0, 0, 0, 0]	pl	W sezonie 1969 / 70 pomógł drużynie New York Knicks zdobyć pierwszy tytuł mistrzowski.
"['""', 'Saint-Étienne-sur-Reyssouze', '""', '–', 'miejscowość', 'i', 'gmina', 'we', 'Francji', ',', 'w', 'regionie', 'Owernia-Rodan-Alpy', ',', 'w', 'departamencie', 'Ain', '.']"	[0, 0, 0, 0, 0, 0, 0, 0, 5, 0, 0, 0, 5, 0, 0, 0, 5, 0]	pl	"""Saint-Étienne-sur-Reyssouze"" – miejscowość i gmina we Francji, w regionie Owernia-Rodan-Alpy, w departamencie Ain."
['Wkrótce', 'jednak', 'potem', 'wrócił', 'na', 'Łużyce', ',', 'pragnąc', 'tutaj', 'objąć', 'jakąś', 'parafię', 'i', 'mieć', 'do', 'czynienia', 'ze', 'swymi', 'rodakami', '.']	[0, 0, 0, 0, 0, 5, 0, 0, 0, 0, 0, 0, 0, 0, 0, 0, 0, 0, 0, 0]	pl	Wkrótce jednak potem wrócił na Łużyce, pragnąc tutaj objąć jakąś parafię i mieć do czynienia ze swymi rodakami.
['28', 'lutego', '1841', 'w', 'Lumigny-Nesles-Ormeaux', ',', 'zm', '.']	[0, 0, 0, 0, 5, 0, 0, 0]	pl	28 lutego 1841 w Lumigny-Nesles-Ormeaux, zm.
['Sytuacja', 'zrzeczenia', 'się', 'godności', 'kardynalskiej', 'miała', 'miejsce', 'po', 'raz', 'pierwszy', 'od', '1927', ',', 'kiedy', 'to', 'francuski', 'duchowny', 'Louis', 'Billot', 'dobrowolnie', 'złożył', 'dymisję', 'kardynalską', '.']	[0, 0, 0, 0, 0, 0, 0, 0, 0, 0, 0, 0, 0, 0, 0, 0, 0, 1, 2, 0, 0, 0, 0, 0]	pl	Sytuacja zrzeczenia się godności kardynalskiej miała miejsce po raz pierwszy od 1927, kiedy to francuski duchowny Louis Billot dobrowolnie złożył dymisję kardynalską.
['Stanowi', 'część', 'miejscowości', 'Rytro', '.']	[0, 0, 0, 5, 0]	pl	Stanowi część miejscowości Rytro.
['Od', '1', 'stycznia', '1999', 'roku', 'powiat', 'funkcjonuje', 'w', 'granicach', 'województwa', 'zachodniopomorskiego', 'i', 'obejmuje', 'swym', 'zasięgiem', 'gminy', ':', 'Barlinek', ',', 'Boleszkowice', ',', 'Dębno', ',', 'Myślibórz', 'i', 'Nowogródek', 'Pomorski', '.']	[0, 0, 0, 0, 0, 0, 0, 0, 0, 0, 0, 0, 0, 0, 0, 0, 0, 5, 0, 5, 0, 5, 0, 5, 0, 5, 6, 0]	pl	Od 1 stycznia 1999 roku powiat funkcjonuje w granicach województwa zachodniopomorskiego i obejmuje swym zasięgiem gminy: Barlinek, Boleszkowice, Dębno, Myślibórz i Nowogródek Pomorski.
['1', 'lipca', '2014', 'został', 'trenerem', 'Milwaukee', 'Bucks', ',', 'którzy', 'pozyskali', 'go', 'w', 'zamian', 'za', 'wybory', 'w', 'drugich', 'rundach', 'draftów', '2015', 'i', '2019', '.']	[0, 0, 0, 0, 0, 3, 4, 0, 0, 0, 0, 0, 0, 0, 0, 0, 0, 0, 0, 0, 0, 0, 0]	pl	1 lipca 2014 został trenerem Milwaukee Bucks, którzy pozyskali go w zamian za wybory w drugich rundach draftów 2015 i 2019.
['Wojciech', 'Marczewski', '.']	[1, 2, 0]	pl	Wojciech Marczewski.
['Przyszedł', 'tutaj', 'na', 'świat', 'rosyjski', 'chemik', 'Dmitrij', 'Mendelejew', '.']	[0, 0, 0, 0, 0, 0, 1, 2, 0]	pl	Przyszedł tutaj na świat rosyjski chemik Dmitrij Mendelejew.
"['""', 'Chitry', '""', '–', 'miejscowość', 'i', 'gmina', 'we', 'Francji', ',', 'w', 'regionie', 'Burgundia-Franche-Comté', ',', 'w', 'departamencie', 'Yonne', '.']"	[0, 0, 0, 0, 0, 0, 0, 0, 5, 0, 0, 0, 5, 0, 0, 0, 5, 0]	pl	"""Chitry"" – miejscowość i gmina we Francji, w regionie Burgundia-Franche-Comté, w departamencie Yonne."
"['W', '""', 'Arystoteles', 'ujął', 'to', 'twierdzenie', 'w', 'następujący', 'sposób', ':', '""', 'Wiedza', 'naukowa', '(', 'ἐπιστήμη', ')', 'i', 'jej', 'przedmiot', 'różnią', 'się', 'od', 'mniemania', '(', 'δόξα', ')', 'i', 'przedmiotu', 'mniemania', 'tym', ',', 'że', 'wiedza', 'naukowa', 'jest', 'ogólna', 'i', 'utworzona', 'z', 'przesłanek', 'koniecznych', ',', 'a', 'to', ',', 'co', 'jest', 'konieczne', ',', 'nie', 'może', 'być', 'inne', '.']"	[0, 0, 1, 0, 0, 0, 0, 0, 0, 0, 0, 0, 0, 0, 0, 0, 0, 0, 0, 0, 0, 0, 0, 0, 0, 0, 0, 0, 0, 0, 0, 0, 0, 0, 0, 0, 0, 0, 0, 0, 0, 0, 0, 0, 0, 0, 0, 0, 0, 0, 0, 0, 0, 0]	pl	"W ""Arystoteles ujął to twierdzenie w następujący sposób:"" Wiedza naukowa (ἐπιστήμη) i jej przedmiot różnią się od mniemania (δόξα) i przedmiotu mniemania tym, że wiedza naukowa jest ogólna i utworzona z przesłanek koniecznych, a to, co jest konieczne, nie może być inne."
"['W', 'swojej', 'najpopularniejszej', 'książce', ',', '""', 'Droga', 'do', 'zniewolenia', '""', ',', 'oraz', 'w', 'późniejszych', 'pracach', 'twierdził', ',', 'że', 'socjalizm', ',', 'jako', 'że', 'wymaga', 'centralnego', 'planowania', 'w', 'gospodarce', ',', 'jest', 'obarczony', 'wysokim', 'ryzykiem', 'przekształcenia', 'się', 'w', 'ustrój', 'totalitarny', '.']"	[0, 0, 0, 0, 0, 0, 7, 8, 8, 0, 0, 0, 0, 0, 0, 0, 0, 0, 0, 0, 0, 0, 0, 0, 0, 0, 0, 0, 0, 0, 0, 0, 0, 0, 0, 0, 0, 0]	pl	"W swojej najpopularniejszej książce, ""Droga do zniewolenia"", oraz w późniejszych pracach twierdził, że socjalizm, jako że wymaga centralnego planowania w gospodarce, jest obarczony wysokim ryzykiem przekształcenia się w ustrój totalitarny."
['Siedziba', 'gminy', 'to', 'Lubanie', '.']	[0, 0, 0, 5, 0]	pl	Siedziba gminy to Lubanie.
['Z', 'bajką', 'mierzyli', 'się', 'także', 'inni', 'polscy', 'pisarze', ',', 'm.in.', 'Artur', 'Oppman', 'i', 'Joanna', 'Olech', '.']	[0, 0, 0, 0, 0, 0, 0, 0, 0, 0, 1, 2, 0, 1, 2, 0]	pl	Z bajką mierzyli się także inni polscy pisarze, m.in. Artur Oppman i Joanna Olech.
['Konwencji', 'nie', 'ratyfikowały', ':', 'Bahrajn', ',', 'Birma', ',', 'Brunei', ',', 'Katar', ',', 'Kuwejt', ',', 'Liberia', ',', 'Malediwy', ',', 'Oman', ',', 'Somalia', ',', 'Surinam', ',', 'Timor', 'Wschodni', ',', 'Tuvalu', ',', 'Wyspy', 'Marshalla', ',', 'Wyspy', 'Salomona', 'i', 'Stany', 'Zjednoczone', '.']	[0, 0, 0, 0, 5, 0, 5, 0, 5, 0, 5, 0, 5, 0, 5, 0, 5, 0, 5, 0, 5, 0, 5, 0, 5, 6, 0, 5, 0, 5, 6, 0, 5, 6, 0, 5, 6, 0]	pl	Konwencji nie ratyfikowały: Bahrajn, Birma, Brunei, Katar, Kuwejt, Liberia, Malediwy, Oman, Somalia, Surinam, Timor Wschodni, Tuvalu, Wyspy Marshalla, Wyspy Salomona i Stany Zjednoczone.
['Został', 'pochowany', 'w', 'Hollywood', ',', 'ocenia', 'się', ',', 'że', 'w', 'pogrzebie', 'uczestniczyło', '100', 'tysięcy', 'ludzi', '.']	[0, 0, 0, 5, 0, 0, 0, 0, 0, 0, 0, 0, 0, 0, 0, 0]	pl	Został pochowany w Hollywood, ocenia się, że w pogrzebie uczestniczyło 100 tysięcy ludzi.
['Wygrał', 'Egil', 'Danielsen', '–', 'późniejszy', 'złoty', 'medalista', 'olimpijski', '.']	[0, 1, 2, 0, 0, 0, 0, 0, 0]	pl	Wygrał Egil Danielsen – późniejszy złoty medalista olimpijski.
['Samuel', 'de', 'Champlain', 'został', 'wzięty', 'do', 'niewoli', 'i', 'przewieziony', 'do', 'Plymouth', 'w', 'Anglii', '.']	[1, 2, 2, 0, 0, 0, 0, 0, 0, 0, 5, 0, 5, 0]	pl	Samuel de Champlain został wzięty do niewoli i przewieziony do Plymouth w Anglii.
['W', 'końcu', 'zachęcani', 'przez', 'zespoły', 'jak', 'Fugazi', 'i', 'Sunny', 'Day', 'Real', 'Estate', ',', 'zespół', 'zaczął', 'eksperymentować', 'z', 'podgatunkiem', 'hardcore', 'punk', '–', 'emocore', '.']	[0, 0, 0, 0, 0, 0, 3, 0, 3, 4, 4, 4, 0, 0, 0, 0, 0, 0, 0, 0, 0, 0, 0]	pl	W końcu zachęcani przez zespoły jak Fugazi i Sunny Day Real Estate, zespół zaczął eksperymentować z podgatunkiem hardcore punk – emocore.
['W', 'krajach', 'anglosaskich', 'cenotafami', 'są', 'symboliczne', 'groby', 'nieznanego', 'żołnierza', ',', 'np.', 'w', 'Londynie', ',', 'Belfaście', 'czy', 'w', 'Auckland', '.']	[0, 0, 0, 0, 0, 0, 0, 0, 0, 0, 0, 0, 5, 0, 5, 0, 0, 5, 0]	pl	W krajach anglosaskich cenotafami są symboliczne groby nieznanego żołnierza, np. w Londynie, Belfaście czy w Auckland.
['W', 'pierwszym', 'wyścigu', 'pokonał', 'go', 'dominator', 'sezonu', 'Neil', 'Hodgson', ',', 'natomiast', 'w', 'drugim', 'dojechał', 'na', 'odległej', 'siódmej', 'pozycji', '.']	[0, 0, 0, 0, 0, 0, 0, 1, 2, 0, 0, 0, 0, 0, 0, 0, 0, 0, 0]	pl	W pierwszym wyścigu pokonał go dominator sezonu Neil Hodgson, natomiast w drugim dojechał na odległej siódmej pozycji.
['Stworzony', 'na', 'motywach', 'powieści', 'Lois', 'Duncan', '.']	[0, 0, 0, 0, 1, 2, 0]	pl	Stworzony na motywach powieści Lois Duncan.
['W', 'sezonie', '1978', '/', '1979', 'był', 'zawodnikiem', 'Bologna', 'FC', '.']	[0, 0, 0, 0, 0, 0, 0, 3, 4, 0]	pl	W sezonie 1978 / 1979 był zawodnikiem Bologna FC.
['O', '10.05', 'wydał', 'rozkaz', 'przegrupowania', 'części', 'oddziałów', 'dywizji', 'z', 'miejsc', 'stacjonowania', 'w', 'rejon', 'Pruszcz', 'Gdański', '.']	[0, 0, 0, 0, 0, 0, 0, 0, 0, 0, 0, 0, 0, 5, 6, 0]	pl	O 10.05 wydał rozkaz przegrupowania części oddziałów dywizji z miejsc stacjonowania w rejon Pruszcz Gdański.
['Odkrył', 'ją', 'William', 'Herschel', '27', 'czerwca', '1786', 'roku', '.']	[0, 0, 1, 2, 0, 0, 0, 0, 0]	pl	Odkrył ją William Herschel 27 czerwca 1786 roku.
"['""', 'Zamek', 'w', 'Segowii', '""', ')', '–', 'budowla', 'obronna', 'wzniesiona', 'na', 'terenie', 'starego', 'miasta', 'w', 'hiszpańskiej', 'Segowii', ',', 'położona', 'na', 'skalnym', 'wzniesieniu', 'ponad', 'zbiegiem', 'rzek', 'Eresma', 'i', 'Clamores', ',', 'w', 'pobliżu', 'gór', 'Sierra', 'de', 'Guadarrama', '.']"	[0, 0, 0, 5, 0, 0, 0, 0, 0, 0, 0, 0, 0, 0, 0, 0, 5, 0, 0, 0, 0, 0, 0, 0, 0, 5, 0, 5, 0, 0, 0, 0, 5, 6, 6, 0]	pl	"""Zamek w Segowii"") – budowla obronna wzniesiona na terenie starego miasta w hiszpańskiej Segowii, położona na skalnym wzniesieniu ponad zbiegiem rzek Eresma i Clamores, w pobliżu gór Sierra de Guadarrama."
"['""', 'Yvré-le-Pôlin', '""', '–', 'miejscowość', 'i', 'gmina', 'we', 'Francji', ',', 'w', 'regionie', 'Kraj', 'Loary', ',', 'w', 'departamencie', 'Sarthe', '.']"	[0, 0, 0, 0, 0, 0, 0, 0, 5, 0, 0, 0, 5, 6, 0, 0, 0, 5, 0]	pl	"""Yvré-le-Pôlin"" – miejscowość i gmina we Francji, w regionie Kraj Loary, w departamencie Sarthe."
['Jej', 'starszym', 'bratem', 'był', 'przyszły', 'król', 'Danii', 'i', 'Norwegii', 'Chrystian', 'V.']	[0, 0, 0, 0, 0, 0, 5, 0, 5, 1, 2]	pl	Jej starszym bratem był przyszły król Danii i Norwegii Chrystian V.
['W', '1967', 'pokonał', 'przyszłego', 'mistrza', 'świata', 'wagi', 'junior', 'lekkiej', 'Ricardo', 'Arredondo', '.']	[0, 0, 0, 0, 0, 0, 0, 0, 0, 1, 2, 0]	pl	W 1967 pokonał przyszłego mistrza świata wagi junior lekkiej Ricardo Arredondo.
['w', 'Guarulhos', ')', '–', 'brazylijski', 'piłkarz', 'występujący', 'na', 'pozycji', 'środkowego', 'obrońcy', '.']	[0, 5, 0, 0, 0, 0, 0, 0, 0, 0, 0, 0]	pl	w Guarulhos) – brazylijski piłkarz występujący na pozycji środkowego obrońcy.
"['Kontynuacją', 'filmu', 'jest', '""', 'Dzień', 'Niepodległości', ':', 'Odrodzenie', '""', 'z', '2016', 'roku', '.']"	[0, 0, 0, 0, 7, 8, 8, 8, 0, 0, 0, 0, 0]	pl	"Kontynuacją filmu jest ""Dzień Niepodległości: Odrodzenie"" z 2016 roku."
['Studia', 'w', 'zakresie', 'filologii', 'klasycznej', 'kontynuowała', 'w', 'nowozelandzkim', 'Wellington', '.']	[0, 0, 0, 0, 0, 0, 0, 0, 5, 0]	pl	Studia w zakresie filologii klasycznej kontynuowała w nowozelandzkim Wellington.
['Soundtrack', 'filmu', 'stanowi', 'muzyka', 'zespołu', 'System', 'of', 'a', 'Down', '.']	[0, 0, 0, 0, 0, 3, 4, 4, 4, 0]	pl	Soundtrack filmu stanowi muzyka zespołu System of a Down.
['W', '2016', 'przeszedł', 'do', 'klubu', 'Standard', 'Liège', '.']	[0, 0, 0, 0, 0, 3, 4, 0]	pl	W 2016 przeszedł do klubu Standard Liège.
"['U', 'Serbów', 'Ζουπάνοι', 'γέροντες', 'wymienia', 'Konstantyn', 'VII', 'Porfirogeneta', 'w', 'swoim', '""', 'De', 'administrando', 'imperio', '""', '.']"	[0, 7, 0, 0, 0, 1, 2, 2, 0, 0, 0, 0, 0, 0, 0, 0]	pl	"U Serbów Ζουπάνοι γέροντες wymienia Konstantyn VII Porfirogeneta w swoim ""De administrando imperio""."
"['powstał', 'film', 'dokumentalny', 'pt.', '""', 'New', 'Poland', '""', 'w', 'reż', '.']"	[0, 0, 0, 0, 0, 7, 8, 0, 0, 0, 0]	pl	"powstał film dokumentalny pt. ""New Poland"" w reż."
['Sześć', 'razy', 'zdobywał', 'Puchar', 'Stanleya', 'i', 'jako', 'jedyny', 'zawodnik', 'zdobył', 'to', 'trofeum', 'mistrzowskie', 'z', 'dwoma', 'drużynami', 'pełniąc', 'w', 'nich', 'rolę', 'kapitana', '(', '1990', 'z', 'Edmonton', 'Oilers', 'i', '1994', 'z', 'New', 'York', 'Rangers', ')', '.']	[0, 0, 0, 7, 8, 0, 0, 0, 0, 0, 0, 0, 0, 0, 0, 0, 0, 0, 0, 0, 0, 0, 0, 0, 3, 4, 0, 0, 0, 3, 4, 4, 0, 0]	pl	Sześć razy zdobywał Puchar Stanleya i jako jedyny zawodnik zdobył to trofeum mistrzowskie z dwoma drużynami pełniąc w nich rolę kapitana (1990 z Edmonton Oilers i 1994 z New York Rangers).
['Natomiast', 'Szymon', 'Okolski', 'stawiał', 'dwie', 'hipotezy', '.']	[0, 1, 2, 0, 0, 0, 0]	pl	Natomiast Szymon Okolski stawiał dwie hipotezy.
['Kwartet', 'był', 'porównywany', 'do', 'takich', 'artystów', 'jak', ':', 'Gipsy', 'Kings', ',', 'Ewa', 'Demarczyk', ',', 'Goran', 'Bregović', ',', 'Kayah', 'czy', 'też', 'Lura', '.']	[0, 0, 0, 0, 0, 0, 0, 0, 3, 4, 0, 1, 2, 0, 1, 2, 0, 1, 0, 0, 1, 0]	pl	Kwartet był porównywany do takich artystów jak: Gipsy Kings, Ewa Demarczyk, Goran Bregović, Kayah czy też Lura.
['Ostatecznie', 'siłami', 'wielkopolskimi', 'dowodzili', 'wojewoda', 'poznański', 'Krzysztof', 'Opaliński', 'i', 'wojewoda', 'kaliski', 'Andrzej', 'Karol', 'Grudziński', '.']	[0, 0, 0, 0, 0, 0, 1, 2, 0, 0, 0, 1, 2, 2, 0]	pl	Ostatecznie siłami wielkopolskimi dowodzili wojewoda poznański Krzysztof Opaliński i wojewoda kaliski Andrzej Karol Grudziński.
['z', 'inspiracji', 'kubańsko-hiszpańskiego', 'działacza', 'anarchistycznego', 'Fernando', 'Tarrida', 'del', 'Mármol', 'i', 'który', 'z', 'założenia', '(', 'jako', '„', 'anarchizm', '”', 'bez', 'żadnych', 'dodatkowych', 'określeń', 'takich', 'jak', '-', 'kolektywizm', 'czy', '-', 'komunizm', ')', 'miał', 'łączyć', 'różne', 'nurty', 'anarchistyczne', '.']	[0, 0, 0, 0, 0, 1, 2, 2, 2, 0, 0, 0, 0, 0, 0, 0, 0, 0, 0, 0, 0, 0, 0, 0, 0, 0, 0, 0, 0, 0, 0, 0, 0, 0, 0, 0]	pl	z inspiracji kubańsko-hiszpańskiego działacza anarchistycznego Fernando Tarrida del Mármol i który z założenia (jako „anarchizm ” bez żadnych dodatkowych określeń takich jak - kolektywizm czy - komunizm) miał łączyć różne nurty anarchistyczne.
['Bundesligi', '-', 'FC', 'Augsburg', '.']	[7, 0, 3, 4, 0]	pl	Bundesligi - FC Augsburg.
"['""', 'Saint-Bonnet-la-Rivière', '""', '–', 'miejscowość', 'i', 'gmina', 'we', 'Francji', ',', 'w', 'regionie', 'Nowa', 'Akwitania', ',', 'w', 'departamencie', 'Corrèze', '.']"	[0, 0, 0, 0, 0, 0, 0, 0, 5, 0, 0, 0, 5, 6, 0, 0, 0, 5, 0]	pl	"""Saint-Bonnet-la-Rivière"" – miejscowość i gmina we Francji, w regionie Nowa Akwitania, w departamencie Corrèze."
"['60', '""', 'km', ')', ',', 'oraz', 'Port', 'lotniczy', 'Rzeszów-Jasionka', '(', 'odl', '.']"	[0, 0, 0, 0, 0, 0, 5, 6, 6, 0, 0, 0]	pl	"60 ""km), oraz Port lotniczy Rzeszów-Jasionka (odl."
['Jedną', 'z', 'największych', 'zielonoświątkowych', 'denominacji', 'jednościowców', 'jest', 'Zjednoczony', 'Kościół', 'Zielonoświątkowy', '.']	[0, 0, 0, 0, 0, 0, 0, 3, 4, 4, 0]	pl	Jedną z największych zielonoświątkowych denominacji jednościowców jest Zjednoczony Kościół Zielonoświątkowy.
['Współpraca', 'z', 'prasą', 'gadzinową', 'była', 'uznawana', 'przez', 'Polskie', 'Państwo', 'Podziemne', 'za', 'kolaborację', '.']	[0, 0, 0, 0, 0, 0, 0, 3, 4, 4, 0, 0, 0]	pl	Współpraca z prasą gadzinową była uznawana przez Polskie Państwo Podziemne za kolaborację.
"['Był', 'współzałożycielem', 'i', 'członkiem', 'pierwszej', 'rady', '""', 'Society', 'for', 'the', 'Study', 'of', 'Evolution', '""', '.']"	[0, 0, 0, 0, 0, 0, 0, 3, 4, 4, 4, 4, 4, 0, 0]	pl	"Był współzałożycielem i członkiem pierwszej rady ""Society for the Study of Evolution""."
"['116', '""', 'km', 'na', 'wschód', 'od', 'stolicy', 'hrabstwa', ',', 'miasta', 'Riverside', 'i', '210', '""', 'km', 'na', 'wschód', 'od', 'Los', 'Angeles', '.']"	[0, 0, 0, 0, 0, 0, 0, 0, 0, 0, 5, 0, 0, 0, 0, 0, 0, 0, 5, 6, 0]	pl	"116 ""km na wschód od stolicy hrabstwa, miasta Riverside i 210"" km na wschód od Los Angeles."
['Od', 'sierpnia', '2013', 'zawodnik', 'Washington', 'Capitals', ',', 'związany', 'rocznym', 'kontraktem', '.']	[0, 0, 0, 0, 3, 4, 0, 0, 0, 0, 0]	pl	Od sierpnia 2013 zawodnik Washington Capitals, związany rocznym kontraktem.
['W', 'lipcu', '2013', 'ponownie', 'został', 'wypożyczony', ',', 'tym', 'razem', 'do', 'FK', 'Rostów', '.']	[0, 0, 0, 0, 0, 0, 0, 0, 0, 0, 3, 4, 0]	pl	W lipcu 2013 ponownie został wypożyczony, tym razem do FK Rostów.
['Siedziba', 'gminy', 'to', 'Wołomin', '.']	[0, 0, 0, 5, 0]	pl	Siedziba gminy to Wołomin.
['Postrzelono', 'go', 'w', 'nogi', 'i', 'w', 'głowę', 'podczas', 'próby', 'ucieczki', 'przed', 'atakiem', 'lotniczym', 'NATO', 'na', 'konwój', '15', 'ciężarówek', ',', 'co', 'wydarzyło', 'się', 'ok', '.']	[0, 0, 0, 0, 0, 0, 0, 0, 0, 0, 0, 0, 0, 3, 0, 0, 0, 0, 0, 0, 0, 0, 0, 0]	pl	Postrzelono go w nogi i w głowę podczas próby ucieczki przed atakiem lotniczym NATO na konwój 15 ciężarówek, co wydarzyło się ok.
['Król', 'Kazimierz', 'III', 'Wielki', 'wybudował', 'tu', 'w', 'XIV', 'wieku', 'zamek', 'królewski', ',', 'zniszczony', 'w', 'połowie', 'XVII', 'wieku', 'podczas', 'najazdu', 'szwedzkiego', ',', 'a', 'na', 'jego', 'fundamentach', 'wzniesiono', 'w', 'latach', '1785', '–', '88', 'kościół', 'ewangelicki', '.']	[0, 1, 2, 2, 0, 0, 0, 0, 0, 0, 0, 0, 0, 0, 0, 0, 0, 0, 0, 0, 0, 0, 0, 0, 0, 0, 0, 0, 0, 0, 0, 0, 0, 0]	pl	Król Kazimierz III Wielki wybudował tu w XIV wieku zamek królewski, zniszczony w połowie XVII wieku podczas najazdu szwedzkiego, a na jego fundamentach wzniesiono w latach 1785 – 88 kościół ewangelicki.
['Dalej', 'patrz', 'Kędzierzyn-Koźle', '.']	[0, 0, 5, 0]	pl	Dalej patrz Kędzierzyn-Koźle.
['W', 'grudniu', '1990', 'członkowie', 'zespołu', 'udali', 'się', 'do', 'Los', 'Angeles', ',', 'by', 'zrealizować', 'zdjęcia', 'do', 'teledysku', '.']	[0, 0, 0, 0, 0, 0, 0, 0, 5, 6, 0, 0, 0, 0, 0, 0, 0]	pl	W grudniu 1990 członkowie zespołu udali się do Los Angeles, by zrealizować zdjęcia do teledysku.
['Gmina', 'Bystrzyca', 'Kłodzka', 'ma', 'status', 'gminy', 'miejsko-wiejskiej', '.']	[5, 5, 6, 0, 0, 0, 0, 0]	pl	Gmina Bystrzyca Kłodzka ma status gminy miejsko-wiejskiej.
['Należy', 'jednak', 'pamiętać', ',', 'że', 'niektóre', 'rosyjskie', 'działa', 'pancerne', '(', 'SU-76', ',', 'SU-85', ')', 'także', 'nie', 'były', 'wyposażone', 'w', 'karabiny', 'maszynowe', ',', 'gdyż', 'zaplanowane', 'dla', 'nich', 'zadania', 'nie', 'przewidywały', 'bezpośredniej', 'styczności', 'z', 'piechotą', 'wroga', '.']	[0, 0, 0, 0, 0, 0, 0, 0, 0, 0, 7, 0, 7, 0, 0, 0, 0, 0, 0, 0, 0, 0, 0, 0, 0, 0, 0, 0, 0, 0, 0, 0, 0, 0, 0]	pl	Należy jednak pamiętać, że niektóre rosyjskie działa pancerne (SU-76, SU-85) także nie były wyposażone w karabiny maszynowe, gdyż zaplanowane dla nich zadania nie przewidywały bezpośredniej styczności z piechotą wroga.
['Pierwszy', 'w', 'historii', 'zdobywca', 'gola', 'w', 'Copa', 'Libertadores', '.']	[0, 0, 0, 0, 0, 0, 7, 8, 0]	pl	Pierwszy w historii zdobywca gola w Copa Libertadores.
['3', 'lipca', '2014', 'roku', 'podpisał', 'kontrakt', 'z', 'pierwszoligowym', 'SC', 'Bastia', '.']	[0, 0, 0, 0, 0, 0, 0, 0, 3, 4, 0]	pl	3 lipca 2014 roku podpisał kontrakt z pierwszoligowym SC Bastia.
['W', 'stanie', 'tym', 'znajdują', 'się', 'miasta', 'takie', 'jak', 'Bendigo', 'i', 'Ballarat', ',', 'które', 'zyskały', 'sławę', 'dzięki', 'gorączce', 'złota', 'w', 'XIX', 'w', '.']	[0, 0, 0, 0, 0, 0, 0, 0, 5, 0, 5, 0, 0, 0, 0, 0, 0, 0, 0, 0, 0, 0]	pl	W stanie tym znajdują się miasta takie jak Bendigo i Ballarat, które zyskały sławę dzięki gorączce złota w XIX w.
['W', 'latach', '1998', '–', '1999', 'był', 'radnym', 'departamentu', 'Sekwana', 'i', 'Marna', ',', 'a', 'w', 'latach', '2010', '–', '2011', 'radnym', 'regionu', 'Île-de-France', '.']	[0, 0, 0, 0, 0, 0, 0, 0, 5, 6, 6, 0, 0, 0, 0, 0, 0, 0, 0, 0, 5, 0]	pl	W latach 1998 – 1999 był radnym departamentu Sekwana i Marna, a w latach 2010 – 2011 radnym regionu Île-de-France.
['22', 'czerwca', '1981', 'w', 'Kaiserslautern', ')', '–', 'niemiecki', 'piłkarz', 'występujący', 'na', 'pozycji', 'prawego', 'obrońcy', '.']	[0, 0, 0, 0, 5, 0, 0, 0, 0, 0, 0, 0, 0, 0, 0]	pl	22 czerwca 1981 w Kaiserslautern) – niemiecki piłkarz występujący na pozycji prawego obrońcy.
['Nazwa', 'ta', 'zapisana', 'jest', 'fonetycznie', 'sześcioma', 'znakami', ',', 'zaś', 'towarzyszące', 'determinatywy', 'oznaczają', ',', 'iż', 'nazwa', 'Izrael', 'odnosi', 'się', 'w', 'tym', 'przypadku', 'do', 'narodu', ',', 'a', 'nie', 'do', 'miasta', 'czy', 'rejonu', 'geograficznego', '.']	[0, 0, 0, 0, 0, 0, 0, 0, 0, 0, 0, 0, 0, 0, 0, 5, 0, 0, 0, 0, 0, 0, 0, 0, 0, 0, 0, 0, 0, 0, 0, 0]	pl	Nazwa ta zapisana jest fonetycznie sześcioma znakami, zaś towarzyszące determinatywy oznaczają, iż nazwa Izrael odnosi się w tym przypadku do narodu, a nie do miasta czy rejonu geograficznego.
['Od', '2015', 'jest', 'zawodnikiem', 'Vancouver', 'Whitecaps', 'FC', '.']	[0, 0, 0, 0, 3, 4, 4, 0]	pl	Od 2015 jest zawodnikiem Vancouver Whitecaps FC.
['Operacja', 'zakończyła', 'się', 'jednak', 'niepowodzeniem', ',', 'o', 'czym', 'zadecydowała', 'klęska', 'brytyjskich', 'spadochroniarzy', 'pod', 'Arnhem', '.']	[0, 0, 0, 0, 0, 0, 0, 0, 0, 0, 0, 0, 0, 5, 0]	pl	Operacja zakończyła się jednak niepowodzeniem, o czym zadecydowała klęska brytyjskich spadochroniarzy pod Arnhem.
['Utwór', 'wydano', 'na', 'singlu', 'razem', 'z', '„', 'We', 'Will', 'Rock', 'You', '”', '.']	[0, 0, 0, 0, 0, 0, 0, 7, 8, 8, 8, 0, 0]	pl	Utwór wydano na singlu razem z „We Will Rock You ”.
['Naturalizowany', 'w', 'Chinach', ',', 'na', 'subkontynencie', 'indyjskim', ',', 'w', 'Indochinach', 'oraz', 'na', 'Borneo', ',', 'Jawie', 'i', 'Sumatrze', ',', 'introdukowany', 'także', 'do', 'Australii', '.']	[0, 0, 5, 0, 0, 0, 0, 0, 0, 5, 0, 0, 5, 0, 5, 0, 5, 0, 0, 0, 0, 5, 0]	pl	Naturalizowany w Chinach, na subkontynencie indyjskim, w Indochinach oraz na Borneo, Jawie i Sumatrze, introdukowany także do Australii.
"['Według', 'danych', 'na', 'rok', '1990', 'gminę', 'zamieszkiwało', '9080', 'osób', ',', 'a', 'gęstość', 'zaludnienia', 'wynosiła', '1225', '""', 'osób', '/', 'km', '²', '(', 'wśród', '1287', 'gmin', 'regionu', 'Île-de-France', 'Villebon-sur-Yvette', 'plasuje', 'się', 'na', '249', '.']"	[0, 0, 0, 0, 0, 0, 0, 0, 0, 0, 0, 0, 0, 0, 0, 0, 0, 0, 0, 0, 0, 0, 0, 0, 0, 5, 0, 0, 0, 0, 0, 0]	pl	"Według danych na rok 1990 gminę zamieszkiwało 9080 osób, a gęstość zaludnienia wynosiła 1225 ""osób / km ² (wśród 1287 gmin regionu Île-de-France Villebon-sur-Yvette plasuje się na 249."
"['Miejscowość', 'położona', '6', '""', 'km', 'na', 'północ', 'od', 'miasta', 'Biała', 'Podlaska', '.']"	[0, 0, 0, 0, 0, 0, 0, 0, 0, 5, 6, 0]	pl	"Miejscowość położona 6 ""km na północ od miasta Biała Podlaska."
['Od', '2015', 'roku', 'jest', 'trenerem', 'klubu', 'Maccabi', 'Hajfa', '.']	[0, 0, 0, 0, 0, 0, 3, 4, 0]	pl	Od 2015 roku jest trenerem klubu Maccabi Hajfa.
['Opowiada', 'o', 'młodym', ',', 'uzdolnionym', 'i', 'powszechnie', 'podziwianym', 'trębaczu', 'z', 'Chicago', '.']	[0, 0, 0, 0, 0, 0, 0, 0, 0, 0, 5, 0]	pl	Opowiada o młodym, uzdolnionym i powszechnie podziwianym trębaczu z Chicago.
"['Ostatecznie', 'album', 'koncertowy', 'został', 'wydany', 'dopiero', 'w', '1996', 'pod', 'tytułem', '""', 'From', 'the', 'Muddy', 'Banks', 'of', 'the', 'Wishkah', '""', '.']"	[0, 0, 0, 0, 0, 0, 0, 0, 0, 0, 0, 7, 8, 8, 8, 8, 8, 8, 0, 0]	pl	"Ostatecznie album koncertowy został wydany dopiero w 1996 pod tytułem ""From the Muddy Banks of the Wishkah""."
['Teheran', 'leży', 'u', 'stóp', 'masywu', 'górskiego', 'Elburs', 'i', 'rozciąga', 'się', 'na', 'wysokości', 'od', 'około', '1100', 'm', 'n.p.m.', 'do', '1800', 'm', 'n.p.m.', ',', 'zajmując', 'obszar', '658', 'kilometrów', 'kwadratowych', '.']	[5, 0, 0, 0, 0, 0, 5, 0, 0, 0, 0, 0, 0, 0, 0, 0, 0, 0, 0, 0, 0, 0, 0, 0, 0, 0, 0, 0]	pl	Teheran leży u stóp masywu górskiego Elburs i rozciąga się na wysokości od około 1100 m n.p.m. do 1800 m n.p.m., zajmując obszar 658 kilometrów kwadratowych.
['11', 'lutego', 'dołączył', 'do', 'Dallas', 'Mavericks', '.']	[0, 0, 0, 0, 3, 4, 0]	pl	11 lutego dołączył do Dallas Mavericks.
['Lewicowa', 'myśl', 'miała', 'najczęściej', 'charakter', 'kolektywistyczny', '(', 'Karl', 'Marx', ',', 'Friedrich', 'Engels', ',', 'Charles', 'Fourier', ',', 'Pierre-Joseph', 'Proudhon', ')', '.']	[0, 0, 0, 0, 0, 0, 0, 1, 2, 0, 1, 2, 0, 1, 2, 0, 1, 2, 0, 0]	pl	Lewicowa myśl miała najczęściej charakter kolektywistyczny (Karl Marx, Friedrich Engels, Charles Fourier, Pierre-Joseph Proudhon).
"['""', 'Kinixys', 'belliana', '""', 'to', 'żółw', 'zamieszkujący', 'obszar', 'środkowej', 'i', 'wschodniej', 'Afryki', 'na', 'południe', 'od', 'Sahary', ',', 'rozciągający', 'się', 'od', 'Angoli', 'do', 'Burundi', '.']"	[0, 0, 0, 0, 0, 0, 0, 0, 0, 0, 0, 5, 0, 0, 0, 5, 0, 0, 0, 0, 5, 0, 5, 0]	pl	"""Kinixys belliana"" to żółw zamieszkujący obszar środkowej i wschodniej Afryki na południe od Sahary, rozciągający się od Angoli do Burundi."
"['""', 'Ahetze', '""', '–', 'miejscowość', 'i', 'gmina', 'we', 'Francji', ',', 'w', 'regionie', 'Nowa', 'Akwitania', ',', 'w', 'departamencie', 'Pireneje', 'Atlantyckie', '.']"	[0, 0, 0, 0, 0, 0, 0, 0, 5, 0, 0, 0, 5, 6, 0, 0, 0, 5, 6, 0]	pl	"""Ahetze"" – miejscowość i gmina we Francji, w regionie Nowa Akwitania, w departamencie Pireneje Atlantyckie."
['Ich', 'następca', 'Huwachszatra', '(', 'gr.', 'Kyaksares', ')', 'uwolnił', 'się', 'od', 'panowania', 'Asyrii', 'i', 'Scytów', ',', 'podporządkował', 'sobie', 'plemiona', 'irańskie', '(', 'w', 'tym', 'Persów', ')', 'oraz', 'Urartu', '.']	[0, 0, 0, 0, 0, 1, 0, 0, 0, 0, 0, 5, 0, 7, 0, 0, 0, 0, 0, 0, 0, 0, 5, 0, 0, 5, 0]	pl	Ich następca Huwachszatra (gr. Kyaksares) uwolnił się od panowania Asyrii i Scytów, podporządkował sobie plemiona irańskie (w tym Persów) oraz Urartu.
['Jednocześnie', 'przygotowywano', 'kadry', 'dla', 'komunizacji', 'Polski', 'w', 'szkole', 'NKWD', 'w', 'Kujbyszewie', '.']	[0, 0, 0, 0, 0, 3, 0, 0, 3, 0, 5, 0]	pl	Jednocześnie przygotowywano kadry dla komunizacji Polski w szkole NKWD w Kujbyszewie.
['W', 'marcu', '2007', 'były', 'przewodniczący', 'partii', 'Józef', 'Oleksy', 'odszedł', 'z', 'ugrupowania', 'po', 'ujawnieniu', 'przez', '„', 'Dziennik', '”', 'tzw', '.']	[0, 0, 0, 0, 0, 0, 1, 2, 0, 0, 0, 0, 0, 0, 0, 7, 0, 0, 0]	pl	W marcu 2007 były przewodniczący partii Józef Oleksy odszedł z ugrupowania po ujawnieniu przez „Dziennik ” tzw.
['Właścicielem', 'marki', 'jest', 'Dr', 'Pepper', 'Snapple', 'Group', '.']	[0, 0, 0, 3, 4, 4, 4, 0]	pl	Właścicielem marki jest Dr Pepper Snapple Group.
['Zważywszy', 'na', 'specyficzną', 'strategię', 'wojsk', 'irackich', ',', 'ich', 'poziom', 'wyszkolenia', 'oraz', 'posiadanie', 'najstarszych', 'wersji', 'radzieckich', 'czołgów', 'i', 'amunicji', ',', 'nie', 'można', 'w', 'sposób', 'nie', 'budzący', 'wątpliwości', 'porównać', 'Abramsa', 'do', 'T-72', '.']	[0, 0, 0, 0, 0, 0, 0, 0, 0, 0, 0, 0, 0, 0, 0, 0, 0, 0, 0, 0, 0, 0, 0, 0, 0, 0, 0, 0, 0, 7, 0]	pl	Zważywszy na specyficzną strategię wojsk irackich, ich poziom wyszkolenia oraz posiadanie najstarszych wersji radzieckich czołgów i amunicji, nie można w sposób nie budzący wątpliwości porównać Abramsa do T-72.
['Miasto', 'pełni', 'głównie', 'funkcje', 'administracyjne', 'i', 'usługowe', ',', 'mniej', 'niż', '20', '%', 'ludności', 'utrzymuje', 'się', 'z', 'pracy', 'w', 'przemyśle', 'i', 'rolnictwie', ';', 'intensywny', 'rozwój', 'wskutek', 'realizacji', 'rządowego', 'programu', 'migracji', 'ludności', 'w', 'celu', 'odciążenia', 'najbardziej', 'przeludnionych', 'wysp', 'Jawa', 'i', 'Bali', '.']	[0, 0, 0, 0, 0, 0, 0, 0, 0, 0, 0, 0, 0, 0, 0, 0, 0, 0, 0, 0, 0, 0, 0, 0, 0, 0, 0, 0, 0, 0, 0, 0, 0, 0, 0, 0, 5, 0, 5, 0]	pl	Miasto pełni głównie funkcje administracyjne i usługowe, mniej niż 20% ludności utrzymuje się z pracy w przemyśle i rolnictwie; intensywny rozwój wskutek realizacji rządowego programu migracji ludności w celu odciążenia najbardziej przeludnionych wysp Jawa i Bali.
"['Epos', '""', 'Mahabharata', '""', 'zawiera', 'sporadyczne', 'wystąpienia', '""', 'nirvāṇa', '""', 'jedynie', 'w', 'jej', 'późniejszych', 'partiach', '.']"	[0, 0, 7, 0, 0, 0, 0, 0, 0, 0, 0, 0, 0, 0, 0, 0]	pl	"Epos ""Mahabharata"" zawiera sporadyczne wystąpienia ""nirvāṇa"" jedynie w jej późniejszych partiach."
['Pierwszym', 'perkusistą', 'tej', 'koncertowej', 'grupy', 'była', 'Marilyn', 'Mazur', ',', 'drugim', 'Charles', 'Hayward', ',', 'a', 'trzecim', 'Chris', 'Cutler', '.']	[0, 0, 0, 0, 0, 0, 1, 2, 0, 0, 1, 2, 0, 0, 0, 1, 2, 0]	pl	Pierwszym perkusistą tej koncertowej grupy była Marilyn Mazur, drugim Charles Hayward, a trzecim Chris Cutler.
['28', 'maja', 'skapitulowała', ',', 'po', 'zajęciu', 'całego', 'jej', 'terytorium', 'przez', 'wroga', ',', 'Belgia', '.']	[0, 0, 0, 0, 0, 0, 0, 0, 0, 0, 0, 0, 5, 0]	pl	28 maja skapitulowała, po zajęciu całego jej terytorium przez wroga, Belgia.
['Ich', 'protoplastą', 'był', 'Ingelger', '.']	[0, 0, 0, 1, 0]	pl	Ich protoplastą był Ingelger.
"['""', 'Saint-Quentin-sur-Sauxillanges', '""', '–', 'miejscowość', 'i', 'gmina', 'we', 'Francji', ',', 'w', 'regionie', 'Owernia-Rodan-Alpy', ',', 'w', 'departamencie', 'Puy-de-Dôme', '.']"	[0, 0, 0, 0, 0, 0, 0, 0, 5, 0, 0, 0, 5, 0, 0, 0, 5, 0]	pl	"""Saint-Quentin-sur-Sauxillanges"" – miejscowość i gmina we Francji, w regionie Owernia-Rodan-Alpy, w departamencie Puy-de-Dôme."
['Dla', 'potrzeb', 'turnieju', ',', 'który', 'wygrał', 'Rickson', 'Gracie', 'zmieniono', 'zasady', 'w', 'Shooto', '–', 'można', 'było', 'używać', 'ciosów', 'w', 'parterze', '.']	[0, 0, 0, 0, 0, 0, 1, 2, 0, 0, 0, 0, 0, 0, 0, 0, 0, 0, 0, 0]	pl	Dla potrzeb turnieju, który wygrał Rickson Gracie zmieniono zasady w Shooto – można było używać ciosów w parterze.
['Nazwę', 'tą', 'noszą', 'dwa', 'jeziora', 'Prespa', ',', 'które', 'stanowią', 'centralny', 'punkt', 'regionu', '.']	[0, 0, 0, 0, 0, 5, 0, 0, 0, 0, 0, 0, 0]	pl	Nazwę tą noszą dwa jeziora Prespa, które stanowią centralny punkt regionu.
['Do', 'wyścigu', 'na', 'torze', 'Circuit', 'de', 'Nevers', 'Magny-Cours', 'wystartował', 'z', 'czwartej', 'pozycji', ',', 'wyjechał', 'z', 'niego', 'na', 'ósmej', 'pozycji', ',', 'jednak', 'po', 'serii', 'zjazdów', 'innych', 'kierowców', 'powrócił', 'na', 'czwartą', 'lokatę', 'i', 'dojechał', 'na', 'niej', 'do', 'mety', ',', 'dzięki', 'czemu', 'powrócił', 'na', 'szóstą', 'pozycję', 'w', 'klasyfikacji', 'kierowców', '.']	[0, 0, 0, 0, 5, 6, 6, 6, 0, 0, 0, 0, 0, 0, 0, 0, 0, 0, 0, 0, 0, 0, 0, 0, 0, 0, 0, 0, 0, 0, 0, 0, 0, 0, 0, 0, 0, 0, 0, 0, 0, 0, 0, 0, 0, 0, 0]	pl	Do wyścigu na torze Circuit de Nevers Magny-Cours wystartował z czwartej pozycji, wyjechał z niego na ósmej pozycji, jednak po serii zjazdów innych kierowców powrócił na czwartą lokatę i dojechał na niej do mety, dzięki czemu powrócił na szóstą pozycję w klasyfikacji kierowców.
['28', 'października', '2007', 'roku', 'samochód', 'został', 'zaprezentowany', 'w', 'brytyjskim', 'programie', 'motoryzacyjnym', 'Top', 'Gear', '.']	[0, 0, 0, 0, 0, 0, 0, 0, 0, 0, 0, 7, 8, 0]	pl	28 października 2007 roku samochód został zaprezentowany w brytyjskim programie motoryzacyjnym Top Gear.
['Wojska', 'kasyckie', 'wtargnęły', 'do', 'Suzy', 'i', 'złupiły', 'ją', ',', 'a', 'sam', 'Kurigalzu', 'II', 'zapuścił', 'się', 'aż', 'po', 'wschodnie', 'granice', 'ziem', 'elamickich', '.']	[0, 0, 0, 0, 5, 0, 0, 0, 0, 0, 0, 1, 2, 0, 0, 0, 0, 0, 0, 0, 0, 0]	pl	Wojska kasyckie wtargnęły do Suzy i złupiły ją, a sam Kurigalzu II zapuścił się aż po wschodnie granice ziem elamickich.
['Do', 'ważniejszych', 'tras', 'kolejowych', 'należy', 'również', 'linia', 'nr', '353', '(', 'Poznań', '–', 'Inowrocław', '–', 'Toruń', '–', 'Olsztyn', '–', 'Korsze', ')', 'oraz', 'nr', '18', '(', 'Piła', '–', 'Bydgoszcz', '–', 'Toruń', '–', 'Włocławek', '–', 'Kutno', ')', '.']	[0, 0, 0, 0, 0, 0, 0, 0, 0, 0, 5, 0, 5, 0, 5, 0, 5, 0, 5, 0, 0, 0, 0, 0, 5, 0, 5, 0, 5, 0, 5, 0, 5, 0, 0]	pl	Do ważniejszych tras kolejowych należy również linia nr 353 (Poznań – Inowrocław – Toruń – Olsztyn – Korsze) oraz nr 18 (Piła – Bydgoszcz – Toruń – Włocławek – Kutno).
['Dwa', 'złote', 'medale', 'olimpijskie', 'zdobył', 'Simon', 'Ammann', '.']	[0, 0, 0, 0, 0, 1, 2, 0]	pl	Dwa złote medale olimpijskie zdobył Simon Ammann.
['wykonywał', 'go', 'także', 'podczas', 'wspólnych', 'koncertów', 'z', 'grupą', 'Grateful', 'Dead', '.']	[0, 0, 0, 0, 0, 0, 0, 0, 3, 4, 0]	pl	wykonywał go także podczas wspólnych koncertów z grupą Grateful Dead.
"['Prócz', 'przebojów', 'Aaliyah', ',', 'na', 'albumie', 'pojawiły', 'się', 'nowe', 'utwory', '−', 'm.in.', '""', 'Miss', 'You', '""', 'i', '""', 'Don', ""'"", 't', 'Know', 'What', 'to', 'Tell', 'Ya', '""', '.']"	[0, 0, 1, 0, 0, 0, 0, 0, 0, 0, 0, 0, 0, 8, 8, 0, 0, 0, 8, 8, 8, 8, 8, 8, 8, 8, 0, 0]	pl	"Prócz przebojów Aaliyah, na albumie pojawiły się nowe utwory − m.in. ""Miss You"" i ""Don 't Know What to Tell Ya""."
['jako', 'pierwszy', 'rozstrzelany', 'został', 'jego', 'stary', 'przyjaciel', ',', 'Awel', 'Jenukidze', '.']	[0, 0, 0, 0, 0, 0, 0, 0, 1, 2, 0]	pl	jako pierwszy rozstrzelany został jego stary przyjaciel, Awel Jenukidze.
"['""', 'Monestier-de-Clermont', '""', '–', 'miejscowość', 'i', 'gmina', 'we', 'Francji', ',', 'w', 'regionie', 'Owernia-Rodan-Alpy', ',', 'w', 'departamencie', 'Isère', '.']"	[0, 0, 0, 0, 0, 0, 0, 0, 5, 0, 0, 0, 5, 0, 0, 0, 5, 0]	pl	"""Monestier-de-Clermont"" – miejscowość i gmina we Francji, w regionie Owernia-Rodan-Alpy, w departamencie Isère."
['Większość', 'programistów', 'zna', 'co', 'najmniej', 'kilka', 'języków', 'programowania', '(', 'np.', 'C', ',', 'C', '++', ',', 'Java', ',', 'Python', ')', ',', 'lecz', 'specjalizuje', 'się', 'tylko', 'w', 'wybranych', 'z', 'nich', '.']	[0, 0, 0, 0, 0, 0, 0, 0, 0, 0, 7, 0, 7, 8, 0, 7, 0, 7, 0, 0, 0, 0, 0, 0, 0, 0, 0, 0, 0]	pl	Większość programistów zna co najmniej kilka języków programowania (np. C, C ++, Java, Python), lecz specjalizuje się tylko w wybranych z nich.
['Od', 'dziecka', 'kibicował', 'drużynie', 'FC', 'Barcelona', ';', 'mając', 'dziewięć', 'miesięcy', ',', 'był', 'na', 'swoim', 'pierwszym', 'meczu', 'tego', 'klubu', ',', 'na', 'który', 'zabrał', 'go', 'dziadek', '.']	[0, 0, 0, 0, 3, 4, 0, 0, 0, 0, 0, 0, 0, 0, 0, 0, 0, 0, 0, 0, 0, 0, 0, 0, 0]	pl	Od dziecka kibicował drużynie FC Barcelona; mając dziewięć miesięcy, był na swoim pierwszym meczu tego klubu, na który zabrał go dziadek.
['1984', ')', '–', 'pseudonim', 'kanadyjskiego', 'przestępcy', 'komputerowego', '.']	[7, 0, 0, 0, 0, 0, 0, 0]	pl	1984) – pseudonim kanadyjskiego przestępcy komputerowego.
['Autorem', 'ścieżki', 'dźwiękowej', 'do', 'odcinków', 'serialu', 'jest', 'Zenon', 'Kowalowski', '.']	[0, 0, 0, 0, 0, 0, 0, 1, 2, 0]	pl	Autorem ścieżki dźwiękowej do odcinków serialu jest Zenon Kowalowski.
['Główne', 'dopływy', ':', 'lewe', 'Mras-Su', 'i', 'Kondoma', ',', 'prawy', 'Usa', '.']	[0, 0, 0, 0, 5, 0, 5, 0, 0, 5, 0]	pl	Główne dopływy: lewe Mras-Su i Kondoma, prawy Usa.
['W', 'sąsiadującej', 'od', 'wschodu', 'wsi', 'Ściejowice', 'powstało', 'znaczne', 'obniżenie', 'terenu', '.']	[0, 0, 0, 0, 0, 5, 0, 0, 0, 0, 0]	pl	W sąsiadującej od wschodu wsi Ściejowice powstało znaczne obniżenie terenu.
"['Częściową', 'inspiracją', 'dla', 'niego', 'był', 'również', 'słynny', 'niegdyś', 'romans', '""', 'Paweł', 'i', 'Wirginia', '""', '.']"	[0, 0, 0, 0, 0, 0, 0, 0, 0, 0, 7, 8, 8, 0, 0]	pl	"Częściową inspiracją dla niego był również słynny niegdyś romans ""Paweł i Wirginia""."
['Dla', 'Royal', 'Navy', 'zbudowano', 'trzy', 'okręty', 'tego', 'typu', ',', 'które', 'przeznaczone', 'są', 'głównie', 'dla', 'samolotów', 'pionowego', 'i', 'krótkiego', 'startu', 'i', 'lądowania', '(', 'V', '/', 'STOL', ')', '.']	[0, 3, 4, 0, 0, 0, 0, 0, 0, 0, 0, 0, 0, 0, 0, 0, 0, 0, 0, 0, 0, 0, 0, 0, 0, 0, 0]	pl	Dla Royal Navy zbudowano trzy okręty tego typu, które przeznaczone są głównie dla samolotów pionowego i krótkiego startu i lądowania (V / STOL).
['Trzy', 'pługi', 'w', 'herbie', 'symbolizują', 'fakt', ',', 'że', 'New', 'Jersey', 'był', 'trzecim', 'stanem', 'przyjętym', 'do', 'Unii', '.']	[0, 0, 0, 0, 0, 0, 0, 0, 5, 6, 0, 0, 0, 0, 0, 5, 0]	pl	Trzy pługi w herbie symbolizują fakt, że New Jersey był trzecim stanem przyjętym do Unii.
['km', '²', ',', 'płaska', 'Wielka', 'Nizina', 'Węgierska', '(', 'Alföld', ')', ',', 'pokryta', 'grubą', ',', 'miejscami', 'do', '30', 'm', ',', 'warstwą', 'lessów', 'oraz', 'osadów', 'piaszczystych', ',', 'zwłaszcza', 'w', 'międzyrzeczu', 'Cisy', 'i', 'Dunaju', '.']	[0, 0, 0, 0, 5, 6, 6, 0, 0, 0, 0, 0, 0, 0, 0, 0, 0, 0, 0, 0, 0, 0, 0, 0, 0, 0, 0, 0, 5, 0, 5, 0]	pl	km ², płaska Wielka Nizina Węgierska (Alföld), pokryta grubą, miejscami do 30 m, warstwą lessów oraz osadów piaszczystych, zwłaszcza w międzyrzeczu Cisy i Dunaju.
['W', 'grze', 'Deus', 'Ex', 'i', 'jej', 'kontynuacji', ',', 'nanoboty', 'służą', 'do', 'tworzenia', 'biomodów', ',', 'wspomagających', 'gracza', 'jako', 'np.', 'Tarcza', 'Oporu', 'Kinetycznego', '.']	[0, 0, 7, 8, 0, 0, 0, 0, 0, 0, 0, 0, 0, 0, 0, 0, 0, 0, 5, 6, 6, 0]	pl	W grze Deus Ex i jej kontynuacji, nanoboty służą do tworzenia biomodów, wspomagających gracza jako np. Tarcza Oporu Kinetycznego.
['W', '1984', 'partnerowała', 'jej', 'Elena', 'Horvat', ',', 'cztery', 'lata', 'później', 'Olga', 'Homeghi', '.']	[0, 0, 0, 0, 1, 2, 0, 0, 0, 0, 1, 2, 0]	pl	W 1984 partnerowała jej Elena Horvat, cztery lata później Olga Homeghi.
"['""', 'Boisyvon', '""', '–', 'miejscowość', 'i', 'gmina', 'we', 'Francji', ',', 'w', 'regionie', 'Normandia', ',', 'w', 'departamencie', 'Manche', '.']"	[0, 0, 0, 0, 0, 0, 0, 0, 5, 0, 0, 0, 5, 0, 0, 0, 5, 0]	pl	"""Boisyvon"" – miejscowość i gmina we Francji, w regionie Normandia, w departamencie Manche."
['W', '988', 'roku', 'Włodzimierz', 'I', 'Wielki', 'przyjął', 'chrzest', 'w', 'rycie', 'bizantyjskim', '.']	[0, 0, 0, 1, 2, 2, 0, 0, 0, 0, 0, 0]	pl	W 988 roku Włodzimierz I Wielki przyjął chrzest w rycie bizantyjskim.
"['Starsze', 'produkcje', 'reprezentatywne', 'dla', 'tego', 'gatunku', 'zawierały', 'nierzadko', 'tabelę', 'z', 'rekordami', ',', 'część', 'zaś', '–', 'na', 'przykład', '""', 'Zork', '""', '–', 'przypisywały', 'graczowi', 'również', 'rangę', 'w', 'postaci', 'opisu', 'tekstowego', 'zależnego', 'od', 'osiągniętego', 'wyniku', '.']"	[0, 0, 0, 0, 0, 0, 0, 0, 0, 0, 0, 0, 0, 0, 0, 0, 0, 0, 7, 0, 0, 0, 0, 0, 0, 0, 0, 0, 0, 0, 0, 0, 0, 0]	pl	"Starsze produkcje reprezentatywne dla tego gatunku zawierały nierzadko tabelę z rekordami, część zaś – na przykład ""Zork"" – przypisywały graczowi również rangę w postaci opisu tekstowego zależnego od osiągniętego wyniku."
['Miejscem', 'akcji', 'są', 'Los', 'Angeles', 'i', 'Nowy', 'Jork', ',', 'przedstawione', 'jako', 'ponure', 'metropolie', '.']	[0, 0, 0, 5, 6, 0, 5, 6, 0, 0, 0, 0, 0, 0]	pl	Miejscem akcji są Los Angeles i Nowy Jork, przedstawione jako ponure metropolie.
['Brak', 'jest', 'rodzimych', 'źródeł', 'pisanych', ',', 'ale', 'też', 'archeologicznych', ',', 'ponieważ', 'na', 'miejscu', 'jej', 'dawnej', 'stolicy', 'Ekbatany', 'znajduje', 'się', 'współczesne', 'irańskie', 'miasto', 'Hamadan', ',', 'co', 'uniemożliwia', 'przeprowadzenie', 'wykopalisk', '.']	[0, 0, 0, 0, 0, 0, 0, 0, 0, 0, 0, 0, 0, 0, 0, 0, 5, 0, 0, 0, 0, 0, 5, 0, 0, 0, 0, 0, 0]	pl	Brak jest rodzimych źródeł pisanych, ale też archeologicznych, ponieważ na miejscu jej dawnej stolicy Ekbatany znajduje się współczesne irańskie miasto Hamadan, co uniemożliwia przeprowadzenie wykopalisk.
['20', 'km', 'na', 'północ', 'od', 'obecnego', 'centrum', 'Brisbane', '.']	[0, 0, 0, 0, 0, 0, 0, 5, 0]	pl	20 km na północ od obecnego centrum Brisbane.
['Alyson', 'i', 'jej', 'siostra', ',', 'Amanda', '(', 'która', 'jest', 'dwa', 'lata', 'młodsza', ')', ',', 'mieszkały', 'i', 'dorastały', 'w', 'Seattle', '.']	[0, 0, 0, 0, 0, 1, 0, 0, 0, 0, 0, 0, 0, 0, 0, 0, 0, 0, 5, 0]	pl	Alyson i jej siostra, Amanda (która jest dwa lata młodsza), mieszkały i dorastały w Seattle.
['Posiada', 'także', 'tryb', 'zgodności', 'z', '8-bitowym', 'procesorem', 'Intel', '8080', '.']	[0, 0, 0, 0, 0, 0, 0, 7, 8, 0]	pl	Posiada także tryb zgodności z 8-bitowym procesorem Intel 8080.
['O', 'godzinie', '19.05', 'szczątki', 'samolotu', 'spadły', 'na', 'Lockerbie', '.']	[0, 0, 0, 0, 0, 0, 0, 5, 0]	pl	O godzinie 19.05 szczątki samolotu spadły na Lockerbie.
['Zwycięzcy', 'awansują', 'do', 'kolejnej', 'rundy', 'i', 'konsekwentnie', '–', 'przez', 'ćwierćfinały', 'i', 'półfinały', '–', 'do', 'finału', ',', 'rozgrywanego', 'na', 'wybranym', 'przez', 'UEFA', 'stadionie', '.']	[0, 0, 0, 0, 0, 0, 0, 0, 0, 0, 0, 0, 0, 0, 0, 0, 0, 0, 0, 0, 3, 0, 0]	pl	Zwycięzcy awansują do kolejnej rundy i konsekwentnie – przez ćwierćfinały i półfinały – do finału, rozgrywanego na wybranym przez UEFA stadionie.
['Od', '1998', 'roku', 'zespół', 'jest', 'oficjalnym', 'partnerem', 'koncernu', 'Honda', 'w', 'wyścigach', 'samochodowych', 'i', 'obsługuje', 'zespół', 'Hondy', 'w', 'European', 'Touring', 'Car', 'Championship', '/', 'World', 'Touring', 'Car', 'Championship', '.']	[0, 0, 0, 0, 0, 0, 0, 0, 3, 0, 0, 0, 0, 0, 0, 3, 0, 7, 8, 8, 8, 0, 7, 8, 8, 8, 0]	pl	Od 1998 roku zespół jest oficjalnym partnerem koncernu Honda w wyścigach samochodowych i obsługuje zespół Hondy w European Touring Car Championship / World Touring Car Championship.
['10', 'lipca', '2017', 'został', 'wypożyczony', 'do', 'belgijskiego', 'KV', 'Kortrijk', '.']	[0, 0, 0, 0, 0, 0, 0, 3, 4, 0]	pl	10 lipca 2017 został wypożyczony do belgijskiego KV Kortrijk.
"['Początkowo', 'publikował', 'w', 'założonym', 'przez', 'siebie', 'w', '1905', 'magazynie', '""', 'Poesia', '""', '.']"	[0, 0, 0, 0, 0, 0, 0, 0, 0, 0, 7, 0, 0]	pl	"Początkowo publikował w założonym przez siebie w 1905 magazynie ""Poesia""."
['20', 'lutego', '2020', 'przeszedł', 'do', 'FK', 'Słuck', '.']	[0, 0, 0, 0, 0, 3, 4, 0]	pl	20 lutego 2020 przeszedł do FK Słuck.
['Odpowiedział', 'na', 'nie', 'Dave', 'Mustaine', '.']	[0, 0, 0, 1, 2, 0]	pl	Odpowiedział na nie Dave Mustaine.
"['Jej', 'rola', 'jako', 'Nanoha', 'Takamachi', 'w', 'serii', '""', 'Magical', 'Girl', 'Lyrical', 'Nanoha', '""', 'przyczyniła', 'się', 'do', 'wzrostu', 'jej', 'popularności', '.']"	[0, 0, 0, 0, 0, 0, 0, 0, 7, 8, 8, 8, 0, 0, 0, 0, 0, 0, 0, 0]	pl	"Jej rola jako Nanoha Takamachi w serii ""Magical Girl Lyrical Nanoha"" przyczyniła się do wzrostu jej popularności."
"['Dwa', 'lata', 'później', 'zerwała', 'umowę', 'z', 'wytwórnią', 'i', 'zdecydowała', 'się', 'na', 'wzięcie', 'udziału', 'w', 'przesłuchaniach', 'do', 'trzeciej', 'edycji', 'programu', '""', 'American', 'Idol', '""', 'w', '2003', '.']"	[0, 0, 0, 0, 0, 0, 0, 0, 0, 0, 0, 0, 0, 0, 0, 0, 0, 0, 0, 0, 7, 8, 0, 0, 0, 0]	pl	"Dwa lata później zerwała umowę z wytwórnią i zdecydowała się na wzięcie udziału w przesłuchaniach do trzeciej edycji programu ""American Idol"" w 2003."
['Najczęściej', 'używany', 'w', 'muzyce', 'tanecznej', 'oraz', 'w', 'celach', 'kolorystycznych', 'w', 'operze', '(', 'np.', 'Georges', 'Bizet', ')', '.']	[0, 0, 0, 0, 0, 0, 0, 0, 0, 0, 0, 0, 0, 1, 2, 0, 0]	pl	Najczęściej używany w muzyce tanecznej oraz w celach kolorystycznych w operze (np. Georges Bizet).
['W', 'firmie', 'Valmet', 'Automotive', 'powstało', 'w', 'ciągu', '11', 'lat', '65', '887', 'sztuk', '.']	[0, 0, 3, 4, 0, 0, 0, 0, 0, 0, 0, 0, 0]	pl	W firmie Valmet Automotive powstało w ciągu 11 lat 65 887 sztuk.
['Spośród', 'kilkunastu', 'etymologii', ',', 'jedna', 'odnosi', 'się', 'do', 'starożytnego', 'miasta', 'Uruk', 'w', 'południowej', 'Mezopotamii', '(', 'sum', '.']	[0, 0, 0, 0, 0, 0, 0, 0, 0, 0, 5, 0, 0, 5, 0, 0, 0]	pl	Spośród kilkunastu etymologii, jedna odnosi się do starożytnego miasta Uruk w południowej Mezopotamii (sum.
['Formalnie', 'stanął', 'na', 'czele', 'republiki', 'jako', 'jej', 'prezydent', 'w', '2007', ',', 'gdy', 'Ału', 'Ałchanow', 'podał', 'się', 'do', 'dymisji', '.']	[0, 0, 0, 0, 0, 0, 0, 0, 0, 0, 0, 0, 1, 2, 0, 0, 0, 0, 0]	pl	Formalnie stanął na czele republiki jako jej prezydent w 2007, gdy Ału Ałchanow podał się do dymisji.
['Na', 'torze', 'w', '1988', 'roku', 'występował', 'Michael', 'Jackson', 'w', 'ramach', 'trasy', 'Bad', 'World', 'Tour', '.']	[0, 0, 0, 0, 0, 0, 1, 2, 0, 0, 0, 7, 8, 8, 0]	pl	Na torze w 1988 roku występował Michael Jackson w ramach trasy Bad World Tour.
['i', 'absolwentem', 'École', 'Spéciale', 'Militaire', 'de', 'Saint-Cyr', '.']	[0, 0, 3, 4, 4, 4, 4, 0]	pl	i absolwentem École Spéciale Militaire de Saint-Cyr.
['Po', 'przeprowadzce', 'do', 'Hollywood', 'otrzymał', 'wiele', 'propozycji', 'filmowych', '.']	[0, 0, 0, 5, 0, 0, 0, 0, 0]	pl	Po przeprowadzce do Hollywood otrzymał wiele propozycji filmowych.
['Jean-Pierre', 'Jouyet', ')', '.']	[1, 2, 0, 0]	pl	Jean-Pierre Jouyet).
['Afganistan', 'pod', 'władzą', 'Amanullaha', 'starał', 'się', 'balansować', 'między', 'tymi', 'państwami', ',', 'w', '1921', 'r', '.']	[5, 0, 0, 1, 0, 0, 0, 0, 0, 0, 0, 0, 0, 0, 0]	pl	Afganistan pod władzą Amanullaha starał się balansować między tymi państwami, w 1921 r.
['W', '2009', 'roku', 'trafił', 'do', 'Udinese', 'Calcio', '.']	[0, 0, 0, 0, 0, 3, 4, 0]	pl	W 2009 roku trafił do Udinese Calcio.
['Od', '2018', 'roku', 'zawodnik', 'FC', 'Basel', '.']	[0, 0, 0, 0, 3, 4, 0]	pl	Od 2018 roku zawodnik FC Basel.
['Obywatele', 'Watykanu', 'to', 'głównie', 'dostojnicy', 'kościelni', ',', 'księża', ',', 'zakonnice', 'oraz', 'Gwardia', 'Szwajcarska', 'z', 'rodzinami', '.']	[0, 5, 0, 0, 0, 0, 0, 0, 0, 0, 0, 3, 4, 0, 0, 0]	pl	Obywatele Watykanu to głównie dostojnicy kościelni, księża, zakonnice oraz Gwardia Szwajcarska z rodzinami.
"['serii', 'serialu', 'telewizyjnego', '""', 'CSI', ':', 'Kryminalne', 'zagadki', 'Las', 'Vegas', '""', ',', 'wyemitowanym', '23', 'września', '2010', ';', 'zagrał', 'on', 'ponadto', 'w', '15', '.']"	[0, 0, 0, 0, 7, 8, 8, 8, 8, 8, 0, 0, 0, 0, 0, 0, 0, 0, 0, 0, 0, 0, 0]	pl	"serii serialu telewizyjnego ""CSI: Kryminalne zagadki Las Vegas"", wyemitowanym 23 września 2010; zagrał on ponadto w 15."
['W', 'czerwcu', 'został', '1942', 'został', 'skierowany', 'na', 'Bliski', 'Wschód', '.']	[0, 0, 0, 0, 0, 0, 0, 5, 6, 0]	pl	W czerwcu został 1942 został skierowany na Bliski Wschód.
['Ogłoszone', 'w', 'styczniu', '2005', 'roku', 'na', 'łamach', 'miesięcznika', 'Nature', 'wyniki', 'wykazały', ',', 'że', 'do', 'roku', '2065', 'klimat', 'na', 'Ziemi', 'może', 'ulec', 'ociepleniu', 'o', '2', 'do', '11', 'stopni', 'Celsjusza', '.']	[0, 0, 0, 0, 0, 0, 0, 0, 7, 0, 0, 0, 0, 0, 0, 0, 0, 0, 5, 0, 0, 0, 0, 0, 0, 0, 0, 0, 0]	pl	Ogłoszone w styczniu 2005 roku na łamach miesięcznika Nature wyniki wykazały, że do roku 2065 klimat na Ziemi może ulec ociepleniu o 2 do 11 stopni Celsjusza.
['W', '2004', 'roku', 'prezesem', 'został', 'wybrany', 'Radosław', 'Parda', '.']	[0, 0, 0, 0, 0, 0, 1, 2, 0]	pl	W 2004 roku prezesem został wybrany Radosław Parda.
['10', 'lipca', '2013', 'podpisał', 'kontrakt', 'z', 'Los', 'Angeles', 'Clippers', '.']	[0, 0, 0, 0, 0, 0, 3, 4, 4, 0]	pl	10 lipca 2013 podpisał kontrakt z Los Angeles Clippers.
"['""', 'Americana', '""', '–', 'piąty', 'album', 'kalifornijskiego', 'zespołu', 'The', 'Offspring', ',', 'a', 'drugi', 'wydany', 'przez', 'wytwórnię', 'Columbia', 'Records', '.']"	[0, 0, 0, 0, 0, 0, 0, 0, 3, 4, 0, 0, 0, 0, 0, 0, 3, 4, 0]	pl	"""Americana"" – piąty album kalifornijskiego zespołu The Offspring, a drugi wydany przez wytwórnię Columbia Records."
['Wyprodukowana', 'przez', 'Columbia', 'Pictures', '.']	[0, 0, 3, 4, 0]	pl	Wyprodukowana przez Columbia Pictures.
['Celem', 'wyprawy', 'było', 'wydzielenie', 'granicy', 'między', 'stanami', 'Ohio', 'i', 'Michigan', '.']	[0, 0, 0, 0, 0, 0, 0, 5, 0, 5, 0]	pl	Celem wyprawy było wydzielenie granicy między stanami Ohio i Michigan.
"['""', 'Erkegem', '""', ')', '–', 'miejscowość', 'i', 'gmina', 'we', 'Francji', ',', 'w', 'regionie', 'Hauts-de-France', ',', 'w', 'departamencie', 'Nord', '.']"	[0, 0, 0, 0, 0, 0, 0, 0, 0, 5, 0, 0, 0, 5, 0, 0, 0, 5, 0]	pl	"""Erkegem"") – miejscowość i gmina we Francji, w regionie Hauts-de-France, w departamencie Nord."
['W', '2002', 'organizacja', 'przestała', 'istnieć', 'i', 'na', 'jej', 'miejsce', 'została', 'powołana', 'Unia', 'Afrykańska', '.']	[0, 0, 0, 0, 0, 0, 0, 0, 0, 0, 0, 3, 4, 0]	pl	W 2002 organizacja przestała istnieć i na jej miejsce została powołana Unia Afrykańska.
['Na', 'północnym', 'krańcu', 'jeziora', 'leży', 'wieś', '(', 'dawniej', 'miasto', ')', 'Bakałarzewo', '.']	[0, 0, 0, 0, 0, 0, 0, 0, 0, 0, 5, 0]	pl	Na północnym krańcu jeziora leży wieś (dawniej miasto) Bakałarzewo.
['Przed', 'startem', 'nowego', 'sezonu', 'do', 'klubu', 'dołączyli', ':', 'Mauro', 'Zárate', ',', 'Cheikhou', 'Kouyaté', ',', 'Aaron', 'Cresswell', ',', 'Diego', 'Poyet', ',', 'Enner', 'Valencia', ',', 'Carl', 'Jenkinson', '(', 'wypożyczenie', ')', ',', 'Diafra', 'Sakho', ',', 'Alex', 'Song', 'i', 'Morgan', 'Amalfitano', '.']	[0, 0, 0, 0, 0, 0, 0, 0, 1, 2, 0, 1, 2, 0, 1, 2, 0, 1, 2, 0, 1, 2, 0, 1, 2, 0, 0, 0, 0, 1, 2, 0, 1, 2, 0, 1, 2, 0]	pl	Przed startem nowego sezonu do klubu dołączyli: Mauro Zárate, Cheikhou Kouyaté, Aaron Cresswell, Diego Poyet, Enner Valencia, Carl Jenkinson (wypożyczenie), Diafra Sakho, Alex Song i Morgan Amalfitano.
"['""', 'Saint-Georges', '""', '–', 'miejscowość', 'i', 'gmina', 'we', 'Francji', ',', 'w', 'regionie', 'Owernia-Rodan-Alpy', ',', 'w', 'departamencie', 'Cantal', '.']"	[0, 0, 0, 0, 0, 0, 0, 0, 5, 0, 0, 0, 5, 0, 0, 0, 5, 0]	pl	"""Saint-Georges"" – miejscowość i gmina we Francji, w regionie Owernia-Rodan-Alpy, w departamencie Cantal."
"['""', '5,56', '×', '45', 'mm', '""', '–', 'nabój', 'pośredni', ',', 'jedna', 'z', 'jego', 'wersji', 'jest', 'standardowym', 'nabojem', 'pośrednim', 'NATO', '.']"	[0, 0, 0, 0, 0, 0, 0, 0, 0, 0, 0, 0, 0, 0, 0, 0, 0, 0, 3, 0]	pl	"""5,56 × 45 mm"" – nabój pośredni, jedna z jego wersji jest standardowym nabojem pośrednim NATO."
['Został', 'jednak', 'pochwycony', 'w', '1488', 'roku', 'przez', 'wysłanników', 'papieskich', 'i', 'uwięziony', 'w', 'Vincennes', '.']	[0, 0, 0, 0, 0, 0, 0, 0, 0, 0, 0, 0, 5, 0]	pl	Został jednak pochwycony w 1488 roku przez wysłanników papieskich i uwięziony w Vincennes.
['4', 'marca', 'podpisał', 'umowę', 'do', 'końca', 'sezonu', 'z', 'Milwaukee', 'Bucks', '.']	[0, 0, 0, 0, 0, 0, 0, 0, 3, 4, 0]	pl	4 marca podpisał umowę do końca sezonu z Milwaukee Bucks.
['Przykładem', 'zainteresowania', 'się', 'nim', 'przez', 'instytucje', 'rządowe', 'i', 'pozarządowe', 'są', 'studia', 'nad', 'zasobami', 'kapitału', 'społecznego', 'prowadzone', 'przez', 'Bank', 'Światowy', '.']	[0, 0, 0, 0, 0, 0, 0, 0, 0, 0, 0, 0, 0, 0, 0, 0, 0, 3, 4, 0]	pl	Przykładem zainteresowania się nim przez instytucje rządowe i pozarządowe są studia nad zasobami kapitału społecznego prowadzone przez Bank Światowy.
['Między', '6', 'a', '10', 'rokiem', 'życia', 'mieszała', 'w', 'Lagos', 'w', 'Nigerii', '.']	[0, 0, 0, 0, 0, 0, 0, 0, 5, 0, 5, 0]	pl	Między 6 a 10 rokiem życia mieszała w Lagos w Nigerii.
"['Jesienią', '1978', 'ukazało', 'się', 'drugie', 'retrospektywne', 'wydawnictwo', ',', '""', 'Barbra', 'Streisand', ""'"", 's', 'Greatest', 'Hits', 'Volume', '2', '""', ',', 'jako', 'uzupełnienie', 'wydanej', 'osiem', 'lat', 'wcześniej', 'części', 'pierwszej', '.']"	[0, 0, 0, 0, 0, 0, 0, 0, 0, 7, 8, 8, 8, 8, 8, 8, 8, 0, 0, 0, 0, 0, 0, 0, 0, 0, 0, 0]	pl	"Jesienią 1978 ukazało się drugie retrospektywne wydawnictwo, ""Barbra Streisand 's Greatest Hits Volume 2"", jako uzupełnienie wydanej osiem lat wcześniej części pierwszej."
['Na', 'instrumenty', 'klawiszowe', 'komponował', 'm.in.', 'Girolamo', 'Frescobaldi', '.']	[0, 0, 0, 0, 0, 1, 2, 0]	pl	Na instrumenty klawiszowe komponował m.in. Girolamo Frescobaldi.
['Początkowo', 'pod', 'kontrolą', 'armii', 'narodowej', 'znajdowała', 'się', 'jedynie', 'centralna', 'Anatolia', 'z', 'siedzibą', 'parlamentu', 'i', 'rządu', 'w', 'Ankarze', '.']	[0, 0, 0, 0, 0, 0, 0, 0, 0, 5, 0, 0, 0, 0, 0, 0, 5, 0]	pl	Początkowo pod kontrolą armii narodowej znajdowała się jedynie centralna Anatolia z siedzibą parlamentu i rządu w Ankarze.
['Czołowymi', 'działaczami', 'byli', ':', 'Karol', 'Lewakowski', ',', 'Henryk', 'Rewakowicz', ',', 'Jan', 'Stapiński', ',', 'Jakub', 'Bojko', ',', 'Bolesław', 'Wysłouch', 'i', 'Wincenty', 'Witos', '.']	[0, 0, 0, 0, 1, 2, 0, 1, 2, 0, 1, 2, 0, 1, 2, 0, 1, 2, 0, 1, 2, 0]	pl	Czołowymi działaczami byli: Karol Lewakowski, Henryk Rewakowicz, Jan Stapiński, Jakub Bojko, Bolesław Wysłouch i Wincenty Witos.
"['""', 'Lagarde-sur-le-Né', '""', '–', 'miejscowość', 'i', 'gmina', 'we', 'Francji', ',', 'w', 'regionie', 'Nowa', 'Akwitania', ',', 'w', 'departamencie', 'Charente', '.']"	[0, 0, 0, 0, 0, 0, 0, 0, 5, 0, 0, 0, 5, 6, 0, 0, 0, 5, 0]	pl	"""Lagarde-sur-le-Né"" – miejscowość i gmina we Francji, w regionie Nowa Akwitania, w departamencie Charente."
['Od', '2013', 'roku', 'jest', 'zawodnikiem', 'klubu', 'Łudogorec', 'Razgrad', '.']	[0, 0, 0, 0, 0, 0, 3, 4, 0]	pl	Od 2013 roku jest zawodnikiem klubu Łudogorec Razgrad.
['Wyprodukowana', 'przez', 'Fox', 'Searchlight', 'Pictures', '.']	[0, 0, 3, 4, 4, 0]	pl	Wyprodukowana przez Fox Searchlight Pictures.
['Miastami', 'uniwersyteckimi', 'są', ':', 'Fermo', ',', 'Jesi', ',', 'Civitanova', 'Marche', 'oraz', 'Spinetoli', '.']	[0, 0, 0, 0, 5, 0, 5, 0, 5, 6, 0, 5, 0]	pl	Miastami uniwersyteckimi są: Fermo, Jesi, Civitanova Marche oraz Spinetoli.
['Jest', 'wychowankiem', 'SDJuSzOR', 'Karpaty', 'Lwów', ',', 'w', 'którym', 'w', '1990', 'rozpoczął', 'karierę', 'piłkarską', '.']	[0, 0, 0, 3, 4, 0, 0, 0, 0, 0, 0, 0, 0, 0]	pl	Jest wychowankiem SDJuSzOR Karpaty Lwów, w którym w 1990 rozpoczął karierę piłkarską.
['Największymi', 'producentami', 'szyszkojagód', 'są', ':', 'Włochy', ',', 'Szwecja', 'i', 'kraje', 'bałkańskie', '.']	[0, 0, 0, 0, 0, 5, 0, 5, 0, 0, 0, 0]	pl	Największymi producentami szyszkojagód są: Włochy, Szwecja i kraje bałkańskie.
['W', 'dniach', '11', '–', '16', 'października', '1969', 'odbył', 'lot', 'kosmiczny', 'na', 'pokładzie', 'radzieckiego', 'statku', 'Sojuz', '6', '(', 'był', 'to', 'pierwszy', 'lot', 'grupowy', 'trzech', 'statków', 'kosmicznych', ':', 'Sojuz', '6', ',', 'Sojuz', '7', ',', 'Sojuz', '8', ')', '.']	[0, 0, 0, 0, 0, 0, 0, 0, 0, 0, 0, 0, 0, 0, 7, 8, 0, 0, 0, 0, 0, 0, 0, 0, 0, 0, 7, 8, 0, 7, 8, 0, 7, 8, 0, 0]	pl	W dniach 11 – 16 października 1969 odbył lot kosmiczny na pokładzie radzieckiego statku Sojuz 6 (był to pierwszy lot grupowy trzech statków kosmicznych: Sojuz 6, Sojuz 7, Sojuz 8).
"['""', 'Agnat', '""', '–', 'miejscowość', 'i', 'gmina', 'we', 'Francji', ',', 'w', 'regionie', 'Owernia-Rodan-Alpy', ',', 'w', 'departamencie', 'Górna', 'Loara', '.']"	[0, 0, 0, 0, 0, 0, 0, 0, 5, 0, 0, 0, 5, 0, 0, 0, 5, 6, 0]	pl	"""Agnat"" – miejscowość i gmina we Francji, w regionie Owernia-Rodan-Alpy, w departamencie Górna Loara."
['Od', '2015', 'roku', 'jest', 'zawodnikiem', 'klubu', 'SV', 'Sandhausen', '.']	[0, 0, 0, 0, 0, 0, 3, 4, 0]	pl	Od 2015 roku jest zawodnikiem klubu SV Sandhausen.
['Położony', 'jest', 'w', 'New', 'Jersey', '.']	[0, 0, 0, 5, 6, 0]	pl	Położony jest w New Jersey.
['Jest', 'niezależną', 'grą', 'komputerową', 'stworzoną', 'w', 'programie', 'Adventure', 'Game', 'Studio', '.']	[0, 0, 0, 0, 0, 0, 0, 7, 8, 8, 0]	pl	Jest niezależną grą komputerową stworzoną w programie Adventure Game Studio.
"['Miejscowość', 'wchodzi', 'w', 'skład', 'sołectwa', '""', 'Małe', 'Czyste', '""', '.']"	[0, 0, 0, 0, 0, 0, 5, 6, 0, 0]	pl	"Miejscowość wchodzi w skład sołectwa ""Małe Czyste""."
['WPZiB', 'od', '1', 'listopada', '2014', 'roku', 'do', '30', 'listopada', '2019', 'piastowała', 'Federica', 'Mogherini', ',', 'którą', '1', 'grudnia', '2019', 'zastąpił', 'Josep', 'Borrell', '.']	[0, 0, 0, 0, 0, 0, 0, 0, 0, 0, 0, 1, 2, 0, 0, 0, 0, 0, 0, 1, 2, 0]	pl	WPZiB od 1 listopada 2014 roku do 30 listopada 2019 piastowała Federica Mogherini, którą 1 grudnia 2019 zastąpił Josep Borrell.
['kolejki', 'Primera', 'División', '.']	[0, 3, 4, 0]	pl	kolejki Primera División.
['Urodził', 'się', 'tu', 'Władysław', 'Żwirek', 'ps', '.']	[0, 0, 0, 1, 2, 0, 0]	pl	Urodził się tu Władysław Żwirek ps.
['W', '2002', 'roku', 'jako', 'juniorka', 'wygrała', 'turniej', 'kanadyjski', ',', 'a', 'potem', 'US', 'Open', '.']	[0, 0, 0, 0, 0, 0, 0, 0, 0, 0, 0, 7, 8, 0]	pl	W 2002 roku jako juniorka wygrała turniej kanadyjski, a potem US Open.
"['25', 'stycznia', '2006', 'roku', 'odbyły', 'się', 'palestyńskie', 'wybory', 'parlamentarne', ',', 'które', 'niespodziewanie', 'wygrał', '""', 'Hamas', '""', '.']"	[0, 0, 0, 0, 0, 0, 0, 0, 0, 0, 0, 0, 0, 0, 3, 0, 0]	pl	"25 stycznia 2006 roku odbyły się palestyńskie wybory parlamentarne, które niespodziewanie wygrał ""Hamas""."
['Trzeci', 'region', 'to', 'Region', 'Stołeczny', 'Brukseli', '.']	[0, 0, 0, 5, 6, 6, 0]	pl	Trzeci region to Region Stołeczny Brukseli.
['Wpisane', 'na', 'listę', 'UNESCO', 'w', '2002', 'roku', '.']	[0, 0, 0, 3, 0, 0, 0, 0]	pl	Wpisane na listę UNESCO w 2002 roku.
['Ponadto', 'swoje', 'roszczenia', 'żywił', 'jeszcze', 'Edmund', 'Crouchback', ',', 'ale', 'papieżowi', 'udało', 'się', 'rozwiązać', 'tę', 'sytuację', 'polubownie', '.']	[0, 0, 0, 0, 0, 1, 2, 0, 0, 0, 0, 0, 0, 0, 0, 0, 0]	pl	Ponadto swoje roszczenia żywił jeszcze Edmund Crouchback, ale papieżowi udało się rozwiązać tę sytuację polubownie.
['osób', ',', 'tym', '(', '5', 'VIII', '1987', ')', 'Wojciech', 'Jaruzelski', '.']	[0, 0, 0, 0, 0, 0, 0, 0, 1, 2, 0]	pl	osób, tym (5 VIII 1987) Wojciech Jaruzelski.
['W', 'playoffach', 'jego', 'drużyna', 'przegrała', 'wtedy', 'z', 'Barrie', 'Colts', '.']	[0, 0, 0, 0, 0, 0, 0, 3, 4, 0]	pl	W playoffach jego drużyna przegrała wtedy z Barrie Colts.
['Produkcja', 'Corsiki', 'zakończyła', 'się', 'w', '1996', 'roku', ',', 'a', 'przy', 'okazji', 'następcy', 'Chevrolet', 'ponownie', 'zdecydował', 'się', 'zmienić', 'nazwę', 'swojego', 'modelu', 'klasy', 'średniej', '.']	[0, 0, 0, 0, 0, 0, 0, 0, 0, 0, 0, 0, 3, 0, 0, 0, 0, 0, 0, 0, 0, 0, 0]	pl	Produkcja Corsiki zakończyła się w 1996 roku, a przy okazji następcy Chevrolet ponownie zdecydował się zmienić nazwę swojego modelu klasy średniej.
['12', 'marca', 'władze', 'Burundi', 'zarządziły', 'wysłanie', 'dodatkowych', '1000', 'żołnierzy', '.']	[0, 0, 0, 5, 0, 0, 0, 0, 0, 0]	pl	12 marca władze Burundi zarządziły wysłanie dodatkowych 1000 żołnierzy.
['Program', 'prowadzili', ':', 'Tomasz', 'Wołek', ',', 'Maciej', 'Łętowski', 'oraz', 'Krzysztof', 'Czabański', '.']	[0, 0, 0, 1, 2, 0, 1, 2, 0, 1, 2, 0]	pl	Program prowadzili: Tomasz Wołek, Maciej Łętowski oraz Krzysztof Czabański.
['13', 'czerwca', '1943', 'w', 'Horsforth', ')', '–', 'brytyjski', 'aktor', 'i', 'producent', 'filmowy', 'i', 'telewizyjny', '.']	[0, 0, 0, 0, 5, 0, 0, 0, 0, 0, 0, 0, 0, 0, 0]	pl	13 czerwca 1943 w Horsforth) – brytyjski aktor i producent filmowy i telewizyjny.
['We', 'wrześniu', '2016', 'został', 'zawodnikiem', 'New', 'York', 'Yankees', '.']	[0, 0, 0, 0, 0, 3, 4, 4, 0]	pl	We wrześniu 2016 został zawodnikiem New York Yankees.
['Pierwszym', 'krajem', ',', 'który', 'zakazał', 'handlu', 'niewolnikami', 'została', 'w', '1792', 'roku', 'Dania', '.']	[0, 0, 0, 0, 0, 0, 0, 0, 0, 0, 0, 5, 0]	pl	Pierwszym krajem, który zakazał handlu niewolnikami została w 1792 roku Dania.
"['Według', 'danych', 'na', 'rok', '1990', 'gminę', 'zamieszkiwało', '2228', 'osób', ',', 'a', 'gęstość', 'zaludnienia', 'wynosiła', '198', '""', 'osób', '/', 'km', '²', '(', 'wśród', '1549', 'gmin', 'regionu', 'Nord-Pas-de-Calais', 'Frelinghien', 'plasuje', 'się', 'na', '332', '.']"	[0, 0, 0, 0, 0, 0, 0, 0, 0, 0, 0, 0, 0, 0, 0, 0, 0, 0, 0, 0, 0, 0, 0, 0, 0, 5, 0, 0, 0, 0, 0, 0]	pl	"Według danych na rok 1990 gminę zamieszkiwało 2228 osób, a gęstość zaludnienia wynosiła 198 ""osób / km ² (wśród 1549 gmin regionu Nord-Pas-de-Calais Frelinghien plasuje się na 332."
['Następnie', 'kontynuowała', 'edukację', 'na', 'Northwestern', 'University', 'w', 'Evanston', 'w', 'stanie', 'Illinois', ',', 'studiując', 'sztuki', 'teatralne', '.']	[0, 0, 0, 0, 5, 6, 0, 5, 0, 0, 5, 0, 0, 0, 0, 0]	pl	Następnie kontynuowała edukację na Northwestern University w Evanston w stanie Illinois, studiując sztuki teatralne.
['W', 'tamtej', 'drużynie', 'grało', 'wielu', 'zawodników', ',', 'którzy', 'później', 'byli', 'filarami', 'dorosłej', 'reprezentacji', ':', 'Petr', 'Čech', ',', 'Marek', 'Jankulovski', ',', 'Roman', 'Týce', ',', 'Zdeněk', 'Grygera', ',', 'Tomáš', 'Ujfaluši', ',', 'czy', 'Marek', 'Heinz', '.']	[0, 0, 0, 0, 0, 0, 0, 0, 0, 0, 0, 0, 0, 0, 1, 2, 0, 1, 2, 0, 1, 2, 0, 1, 2, 0, 1, 2, 0, 0, 1, 2, 0]	pl	W tamtej drużynie grało wielu zawodników, którzy później byli filarami dorosłej reprezentacji: Petr Čech, Marek Jankulovski, Roman Týce, Zdeněk Grygera, Tomáš Ujfaluši, czy Marek Heinz.
['Jej', 'braćmi', 'byli', 'generałowie', 'Aleksander', 'von', 'Benckendorff', 'oraz', 'Konstantin', 'von', 'Benckendorff', '.']	[0, 0, 0, 0, 1, 2, 2, 0, 1, 2, 2, 0]	pl	Jej braćmi byli generałowie Aleksander von Benckendorff oraz Konstantin von Benckendorff.
['przez', 'Atlanta', 'Braves', ',', 'ale', 'występował', 'jedynie', 'w', 'klubach', 'farmerskich', 'tego', 'zespołu', ',', 'a', 'w', 'grudniu', '2013', 'został', 'oddany', 'do', 'Minnesota', 'Twins', '.']	[0, 3, 4, 0, 0, 0, 0, 0, 0, 0, 0, 0, 0, 0, 0, 0, 0, 0, 0, 0, 3, 4, 0]	pl	przez Atlanta Braves, ale występował jedynie w klubach farmerskich tego zespołu, a w grudniu 2013 został oddany do Minnesota Twins.
['Na', 'obszarze', 'równiny', 'położone', 'jest', 'miasto', 'Drawno', '.']	[0, 0, 0, 0, 0, 0, 5, 0]	pl	Na obszarze równiny położone jest miasto Drawno.
['Na', 'rok', '1999', 'przeniósł', 'się', 'do', 'szwedzkiego', 'Örgryte', 'IS', ',', 'gdzie', 'zdobył', 'jednego', 'gola', 'na', '24', 'występy', '.']	[0, 0, 0, 0, 0, 0, 0, 3, 4, 0, 0, 0, 0, 0, 0, 0, 0, 0]	pl	Na rok 1999 przeniósł się do szwedzkiego Örgryte IS, gdzie zdobył jednego gola na 24 występy.
['Z', 'zakupionych', '780', 'odcinków', '(', 'wyprodukowanych', '2001', '–', '2003', ')', 'telewizja', 'Polsat', 'wyemitowała', '203', 'odcinki', '.']	[0, 0, 0, 0, 0, 0, 0, 0, 0, 0, 0, 3, 0, 0, 0, 0]	pl	Z zakupionych 780 odcinków (wyprodukowanych 2001 – 2003) telewizja Polsat wyemitowała 203 odcinki.
['Zerwanie', 'z', 'nurtem', 'postfaszystowskim', 'doprowadziło', 'do', 'kilku', 'niewielkich', 'rozłamów', 'w', 'jego', 'ugrupowaniu', ',', 'm.in.', 'w', '2003', 'odeszła', 'z', 'niego', 'Alessandra', 'Mussolini', '.']	[0, 0, 0, 0, 0, 0, 0, 0, 0, 0, 0, 0, 0, 0, 0, 0, 0, 0, 0, 1, 2, 0]	pl	Zerwanie z nurtem postfaszystowskim doprowadziło do kilku niewielkich rozłamów w jego ugrupowaniu, m.in. w 2003 odeszła z niego Alessandra Mussolini.
['Jednakże', 'według', 'badaczy', 'genealogii', 'Miksa', 'Falk', 'nie', 'był', 'przodkiem', 'aktora', '.']	[0, 0, 0, 0, 1, 2, 0, 0, 0, 0, 0]	pl	Jednakże według badaczy genealogii Miksa Falk nie był przodkiem aktora.
['Wyjechała', 'następnie', 'do', 'Delft', ',', 'a', 'później', 'do', 'Antwerpii', '.']	[0, 0, 0, 5, 0, 0, 0, 0, 5, 0]	pl	Wyjechała następnie do Delft, a później do Antwerpii.
"['W', '2003', 'jej', 'wizerunku', 'użyto', 'w', 'grze', '""', 'The', 'Sims', ':', 'Gwiazda', '""', '.']"	[0, 0, 0, 0, 0, 0, 0, 0, 7, 8, 8, 8, 0, 0]	pl	"W 2003 jej wizerunku użyto w grze ""The Sims: Gwiazda""."
['W', '2007', 'zakończył', 'karierę', 'piłkarską', 'w', 'klubie', 'Petrolul', 'Ploeszti', '.']	[0, 0, 0, 0, 0, 0, 0, 3, 4, 0]	pl	W 2007 zakończył karierę piłkarską w klubie Petrolul Ploeszti.
['Ich', 'zasięg', 'występowania', 'jest', 'ograniczony', 'reglem', 'górnym', 'w', 'lasach', 'w', 'kierunku', 'wschodnim', ',', 'lasami', 'bagiennymi', 'poniżej', '500', 'm', 'n.p.m.', 'na', 'zachód', ',', 'sawannami', 'Sahelu', '(', 'Sudan', ')', 'na', 'północy', 'i', 'otwartymi', 'lasami', 'na', 'południu', '.']	[0, 0, 0, 0, 0, 0, 0, 0, 0, 0, 0, 0, 0, 0, 0, 0, 0, 0, 0, 0, 0, 0, 0, 5, 0, 5, 0, 0, 0, 0, 0, 0, 0, 0, 0]	pl	Ich zasięg występowania jest ograniczony reglem górnym w lasach w kierunku wschodnim, lasami bagiennymi poniżej 500 m n.p.m. na zachód, sawannami Sahelu (Sudan) na północy i otwartymi lasami na południu.
['Siedziba', 'gminy', 'to', 'Burzenin', '.']	[0, 0, 0, 5, 0]	pl	Siedziba gminy to Burzenin.
['Umieszczony', 'na', 'liście', '100', 'Najwybitniejszych', 'Brytyjczyków', '.']	[0, 0, 0, 7, 8, 8, 0]	pl	Umieszczony na liście 100 Najwybitniejszych Brytyjczyków.
"['John', 'Herschel', 'prawdopodobnie', 'obserwował', 'ją', 'dwukrotnie', 'w', 'nocy', '1', '""', 'listopada', '1836', 'roku', ',', 'lecz', 'odnotował', 'dwie', 'różne', 'pozycje', 'i', 'skatalogował', 'obie', 'te', 'obserwacje', 'jako', 'dwa', 'różne', 'obiekty', '.']"	[1, 2, 0, 0, 0, 0, 0, 0, 0, 0, 0, 0, 0, 0, 0, 0, 0, 0, 0, 0, 0, 0, 0, 0, 0, 0, 0, 0, 0]	pl	"John Herschel prawdopodobnie obserwował ją dwukrotnie w nocy 1 ""listopada 1836 roku, lecz odnotował dwie różne pozycje i skatalogował obie te obserwacje jako dwa różne obiekty."
['Za', 'jego', 'pontyfikatu', 'Rzym', 'stał', 'się', 'jednym', 'z', 'ośrodków', 'oświecenia', 'chrześcijańskiego', '.']	[0, 0, 0, 5, 0, 0, 0, 0, 0, 0, 0, 0]	pl	Za jego pontyfikatu Rzym stał się jednym z ośrodków oświecenia chrześcijańskiego.
['W', 'Beppu', 'roiło', 'się', 'od', 'amerykańskich', 'żołnierzy', ',', 'czego', 'skutkiem', 'było', 'duże', 'zapotrzebowanie', 'na', 'rozrywkę', ',', 'a', 'więc', 'i', 'muzyków', '.']	[0, 5, 0, 0, 0, 0, 0, 0, 0, 0, 0, 0, 0, 0, 0, 0, 0, 0, 0, 0, 0]	pl	W Beppu roiło się od amerykańskich żołnierzy, czego skutkiem było duże zapotrzebowanie na rozrywkę, a więc i muzyków.
['Faktycznie', 'republika', 'autonomiczna', 'Abchazja', 'i', 'były', 'obwód', 'autonomiczny', 'Osetia', 'Południowa', 'nie', 'znajdują', 'się', 'pod', 'kontrolą', 'władz', 'gruzińskich', '(', 'stacjonują', 'w', 'nich', 'wojska', 'rosyjskie', ')', 'i', 'stanowią', 'państwa', 'nieuznawane', '.']	[0, 0, 0, 5, 0, 0, 0, 0, 5, 6, 0, 0, 0, 0, 0, 0, 0, 0, 0, 0, 0, 0, 0, 0, 0, 0, 0, 0, 0]	pl	Faktycznie republika autonomiczna Abchazja i były obwód autonomiczny Osetia Południowa nie znajdują się pod kontrolą władz gruzińskich (stacjonują w nich wojska rosyjskie) i stanowią państwa nieuznawane.
['Sama', 'Édith', 'Piaf', 'słynęła', 'z', 'niebywałej', 'ekspresji', 'i', 'dramatyzmu', 'w', 'wykonywaniu', 'piosenek', ',', 'specjalnie', 'dla', 'niej', 'pisanych', 'a', 'jej', 'styl', 'wykonawczy', 'i', 'samo', 'podejście', 'do', 'sztuki', 'interpretacyjnej', 'zostało', 'przejęte', 'przez', 'wymienionych', 'młodszych', 'kolegów', ',', 'śpiewających', 'autorów', ',', 'do', 'których', 'dołączyli', 'z', 'czasem', 'Georges', 'Moustaki', ',', 'Georges', 'Brassens', ',', 'Jacques', 'Brel', ',', 'Leo', 'Ferré', 'i', 'wielu', 'innych', '.']	[0, 1, 2, 0, 0, 0, 0, 0, 0, 0, 0, 0, 0, 0, 0, 0, 0, 0, 0, 0, 0, 0, 0, 0, 0, 0, 0, 0, 0, 0, 0, 0, 0, 0, 0, 0, 0, 0, 0, 0, 0, 0, 1, 2, 0, 1, 2, 0, 1, 2, 0, 1, 2, 0, 0, 0, 0]	pl	Sama Édith Piaf słynęła z niebywałej ekspresji i dramatyzmu w wykonywaniu piosenek, specjalnie dla niej pisanych a jej styl wykonawczy i samo podejście do sztuki interpretacyjnej zostało przejęte przez wymienionych młodszych kolegów, śpiewających autorów, do których dołączyli z czasem Georges Moustaki, Georges Brassens, Jacques Brel, Leo Ferré i wielu innych.
['XX', 'wieku', 'emigrowano', 'na', 'Hawaje', 'i', 'do', 'Kalifornii', ',', 'obecnie', 'przyciągają', 'imigrantów', 'z', 'zachodniego', 'Samoa', 'i', 'Tonga', '.']	[0, 0, 0, 0, 5, 0, 0, 5, 0, 0, 0, 0, 0, 0, 5, 0, 5, 0]	pl	XX wieku emigrowano na Hawaje i do Kalifornii, obecnie przyciągają imigrantów z zachodniego Samoa i Tonga.
['10', 'listopada', '1986', 'w', 'Nyahururu', ',', 'zm', '.']	[0, 0, 0, 0, 5, 0, 0, 0]	pl	10 listopada 1986 w Nyahururu, zm.
['Dwoma', 'tytanami', 'mieszczańskiego', 'realizmu', 'byli', 'Szwajcar', 'Gottfried', 'Keller', '(', '1819', '–', '1890', ')', 'i', 'Theodor', 'Fontane', '(', '1819', '–', '1898', ')', '.']	[0, 0, 0, 0, 0, 5, 1, 2, 0, 0, 0, 0, 0, 0, 1, 2, 0, 0, 0, 0, 0, 0]	pl	Dwoma tytanami mieszczańskiego realizmu byli Szwajcar Gottfried Keller (1819 – 1890) i Theodor Fontane (1819 – 1898).
['W', 'swej', 'twórczości', 'dawał', 'wyraz', 'poparcia', 'dla', 'ruchów', 'narodowowyzwoleńczych', 'i', 'rewolucyjnych', '(', 'wojna', 'o', 'niepodległość', 'Grecji', ')', '.']	[0, 0, 0, 0, 0, 0, 0, 0, 0, 0, 0, 0, 7, 8, 8, 8, 0, 0]	pl	W swej twórczości dawał wyraz poparcia dla ruchów narodowowyzwoleńczych i rewolucyjnych (wojna o niepodległość Grecji).
"['""', 'Montgaillard-sur-Save', '""', '–', 'miejscowość', 'i', 'gmina', 'we', 'Francji', ',', 'w', 'regionie', 'Oksytania', ',', 'w', 'departamencie', 'Górna', 'Garonna', '.']"	[0, 0, 0, 0, 0, 0, 0, 0, 5, 0, 0, 0, 5, 0, 0, 0, 5, 6, 0]	pl	"""Montgaillard-sur-Save"" – miejscowość i gmina we Francji, w regionie Oksytania, w departamencie Górna Garonna."
"['Kolejną', 'odsłoną', 'franczyzy', 'był', 'serial', '""', '13', 'demonów', 'Scooby', 'Doo', '""', 'z', '1985', 'roku', '.']"	[0, 0, 0, 0, 0, 0, 7, 8, 8, 8, 0, 0, 0, 0, 0]	pl	"Kolejną odsłoną franczyzy był serial ""13 demonów Scooby Doo"" z 1985 roku."
['W', 'czerwcu', '2017', 'roku', ',', 'poinformowano', ',', 'że', 'Molly', 'Ringwald', 'powróci', 'w', 'drugim', 'sezonie', '.']	[0, 0, 0, 0, 0, 0, 0, 0, 1, 2, 0, 0, 0, 0, 0]	pl	W czerwcu 2017 roku, poinformowano, że Molly Ringwald powróci w drugim sezonie.
['Swój', 'najlepszy', 'wynik', '-', '7', 'miejsce', 'odniósł', 'na', 'torze', 'w', 'Dover', '.']	[0, 0, 0, 0, 0, 0, 0, 0, 0, 0, 5, 0]	pl	Swój najlepszy wynik - 7 miejsce odniósł na torze w Dover.
"['Miasto', 'położone', 'jest', 'nad', 'zatoką', 'Port', 'Phillip', 'u', 'ujścia', 'rzeki', 'Yarra', ',', 'której', 'aborygeńska', 'nazwa', 'oznacza', '""', 'płynącą', 'wodę', '""', '.']"	[0, 0, 0, 0, 0, 5, 6, 0, 0, 0, 5, 0, 0, 0, 0, 0, 0, 0, 0, 0, 0]	pl	"Miasto położone jest nad zatoką Port Phillip u ujścia rzeki Yarra, której aborygeńska nazwa oznacza ""płynącą wodę""."
"['""', 'Sanssac-l', '’', 'Église', '""', '–', 'miejscowość', 'i', 'gmina', 'we', 'Francji', ',', 'w', 'regionie', 'Owernia-Rodan-Alpy', ',', 'w', 'departamencie', 'Górna', 'Loara', '.']"	[0, 0, 0, 0, 0, 0, 0, 0, 0, 0, 5, 0, 0, 0, 5, 0, 0, 0, 5, 6, 0]	pl	"""Sanssac-l ’ Église"" – miejscowość i gmina we Francji, w regionie Owernia-Rodan-Alpy, w departamencie Górna Loara."
['W', '2004', 'podczas', 'wyścigu', 'Vuelta', 'a', 'Asturias', 'ucierpiał', 'w', 'kraksie', ',', 'lekarze', 'wykryli', 'u', 'niego', 'tętniaka', 'mózgu', '.']	[0, 0, 0, 0, 7, 8, 8, 0, 0, 0, 0, 0, 0, 0, 0, 0, 0, 0]	pl	W 2004 podczas wyścigu Vuelta a Asturias ucierpiał w kraksie, lekarze wykryli u niego tętniaka mózgu.
['Do', 'jego', 'uczniów', 'należeli', 'm.in.', 'Nikołaj', 'Miaskowski', 'i', 'Siergiej', 'Prokofjew', '.']	[0, 0, 0, 0, 0, 1, 2, 0, 1, 2, 0]	pl	Do jego uczniów należeli m.in. Nikołaj Miaskowski i Siergiej Prokofjew.
['Od', '2003', 'członek', 'grupy', 'The', 'Stooges', '.']	[0, 0, 0, 0, 3, 4, 0]	pl	Od 2003 członek grupy The Stooges.
['Sezon', '2000', '/', '2001', 'rozpoczął', 'się', '23', 'listopada', 'kwalifikacjami', 'do', 'konkursu', 'na', 'skoczni', 'Puijo', 'w', 'Kuopio', '.']	[0, 0, 0, 0, 0, 0, 0, 0, 0, 0, 0, 0, 0, 5, 0, 5, 0]	pl	Sezon 2000 / 2001 rozpoczął się 23 listopada kwalifikacjami do konkursu na skoczni Puijo w Kuopio.
['Od', 'czasów', 'międzywojennych', 'Hollywood', '–', 'amerykańska', 'fabryka', 'snów', '–', 'kształtuje', 'i', 'propaguje', 'w', 'największym', 'stopniu', 'amerykański', 'styl', 'życia', ',', 'którego', 'najważniejszymi', 'symbolami', 'są', 'dżinsy', 'i', 'Coca-Cola', '.']	[0, 0, 0, 5, 0, 0, 0, 0, 0, 0, 0, 0, 0, 0, 0, 0, 0, 0, 0, 0, 0, 0, 0, 0, 0, 3, 0]	pl	Od czasów międzywojennych Hollywood – amerykańska fabryka snów – kształtuje i propaguje w największym stopniu amerykański styl życia, którego najważniejszymi symbolami są dżinsy i Coca-Cola.
['Okoliczne', 'miejscowości', ':', 'Modrzewie', ',', 'Święta', ',', 'Krępsko', ',', 'Inoujście', '.']	[0, 0, 0, 5, 0, 5, 0, 5, 0, 5, 0]	pl	Okoliczne miejscowości: Modrzewie, Święta, Krępsko, Inoujście.
['Po', 'szkole', 'przeniosła', 'się', 'z', 'Masterton', 'do', 'Wellington', '.']	[0, 0, 0, 0, 0, 5, 0, 5, 0]	pl	Po szkole przeniosła się z Masterton do Wellington.
['W', 'kolejnych', 'rozgrywkach', 'jego', 'klub', 'uzyskał', 'promocję', 'do', 'Football', 'League', 'Championship', '.']	[0, 0, 0, 0, 0, 0, 0, 0, 3, 4, 4, 0]	pl	W kolejnych rozgrywkach jego klub uzyskał promocję do Football League Championship.
['26', 'czerwca', '2005', 'w', 'Lelystad', ')', '–', 'piłkarz', 'holenderski', 'grający', 'na', 'pozycji', 'pomocnika', '.']	[0, 0, 0, 0, 5, 0, 0, 0, 0, 0, 0, 0, 0, 0]	pl	26 czerwca 2005 w Lelystad) – piłkarz holenderski grający na pozycji pomocnika.
['Wojciech', 'Jaruzelski', ',', 'wywodził', 'się', 'z', 'rodziny', 'herbu', '„', 'Ślepowron', '”', ',', 'a', 'na', 'dodatek', 'nosił', 'ciemne', 'okulary', '.']	[1, 2, 0, 0, 0, 0, 0, 0, 0, 0, 0, 0, 0, 0, 0, 0, 0, 0, 0]	pl	Wojciech Jaruzelski, wywodził się z rodziny herbu „Ślepowron ”, a na dodatek nosił ciemne okulary.
['Drugą', 'taką', 'osobą', 'była', 'Olivia', 'Newton-John', '.']	[0, 0, 0, 0, 1, 2, 0]	pl	Drugą taką osobą była Olivia Newton-John.
['Dochodzi', 'do', 'podziału', 'subkontynentu', 'na', 'laickie', 'Indie', 'i', 'muzułmański', 'Pakistan', '.']	[0, 0, 0, 0, 0, 0, 5, 0, 0, 5, 0]	pl	Dochodzi do podziału subkontynentu na laickie Indie i muzułmański Pakistan.
['50', 'lat', ',', 'co', 'zmusiło', 'obce', 'statki', 'do', 'zawijania', 'do', 'Hanoi', '.']	[0, 0, 0, 0, 0, 0, 0, 0, 0, 0, 5, 0]	pl	50 lat, co zmusiło obce statki do zawijania do Hanoi.
['dr', 'Tadeusz', 'Rydzyk', '.']	[0, 1, 2, 0]	pl	dr Tadeusz Rydzyk.
['W', 'roli', 'głównej', ',', 'podobnie', 'jak', 'w', 'drugim', 'filmie', 'z', 'serii', ',', 'wystąpił', 'Daniel', 'Bernhardt', '.']	[0, 0, 0, 0, 0, 0, 0, 0, 0, 0, 0, 0, 0, 1, 2, 0]	pl	W roli głównej, podobnie jak w drugim filmie z serii, wystąpił Daniel Bernhardt.
['Dodatkowe', 'zdjęcia', 'rozpoczęły', 'się', 'w', 'listopadzie', '2014', 'w', 'Chicago', '.']	[0, 0, 0, 0, 0, 0, 0, 0, 5, 0]	pl	Dodatkowe zdjęcia rozpoczęły się w listopadzie 2014 w Chicago.
['Patachou', ',', 'sławna', 'wówczas', 'piosenkarka', ',', 'najpierw', 'sama', 'wykonała', 'kilka', 'jego', 'utworów', ',', 'a', 'następnie', 'przedstawiła', 'ich', 'autora', 'paryskiej', 'publiczności', '.']	[1, 0, 0, 0, 0, 0, 0, 0, 0, 0, 0, 0, 0, 0, 0, 0, 0, 0, 0, 0, 0]	pl	Patachou, sławna wówczas piosenkarka, najpierw sama wykonała kilka jego utworów, a następnie przedstawiła ich autora paryskiej publiczności.
['Ariusz', ',', 'prezbiter', 'aleksandryjski', 'pochodzący', 'z', 'Libii', ',', 'był', 'przedstawicielem', 'skrajnego', 'skrzydła', 'subordynacjonistów', '.']	[1, 0, 0, 0, 0, 0, 5, 0, 0, 0, 0, 0, 0, 0]	pl	Ariusz, prezbiter aleksandryjski pochodzący z Libii, był przedstawicielem skrajnego skrzydła subordynacjonistów.
"['Kolejny', 'album', ',', 'zatytułowany', '""', 'All', 'Systems', 'Go', '""', ',', 'ukazał', 'się', 'dopiero', 'w', '1987', 'roku', '.']"	[0, 0, 0, 0, 0, 7, 8, 8, 0, 0, 0, 0, 0, 0, 0, 0, 0]	pl	"Kolejny album, zatytułowany ""All Systems Go"", ukazał się dopiero w 1987 roku."
['W', 'latach', '1989', '-', '1991', 'był', 'przewodniczącym', 'konferencji', 'baptystycznej', 'stanu', 'Arkansas', '.']	[0, 0, 0, 0, 0, 0, 0, 0, 0, 0, 5, 0]	pl	W latach 1989 - 1991 był przewodniczącym konferencji baptystycznej stanu Arkansas.
['Od', '7', 'października', '2012', 'do', '28', 'stycznia', '2013', 'odbyła', 'się', 'wystawa', 'indywidualna', 'ponad', '100', 'rzeźb', 'i', 'rysunków', 'Szapocznikow', 'w', 'nowojorskim', 'Museum', 'of', 'Modern', 'Art', '.']	[0, 0, 0, 0, 0, 0, 0, 0, 0, 0, 0, 0, 0, 0, 0, 0, 0, 0, 0, 0, 5, 6, 6, 6, 0]	pl	Od 7 października 2012 do 28 stycznia 2013 odbyła się wystawa indywidualna ponad 100 rzeźb i rysunków Szapocznikow w nowojorskim Museum of Modern Art.
"['15', '""', 'km', 'na', 'wschód', 'od', 'miasta', 'rozegrała', 'się', 'bitwa', 'pod', 'Panasówką', '.']"	[0, 0, 0, 0, 0, 0, 0, 0, 0, 7, 8, 8, 0]	pl	"15 ""km na wschód od miasta rozegrała się bitwa pod Panasówką."
['Doradzał', 'takim', 'zawodnikom', ',', 'jak', 'John', 'McEnroe', 'czy', 'Vitas', 'Gerulaitis', '.']	[0, 0, 0, 0, 0, 1, 2, 0, 1, 2, 0]	pl	Doradzał takim zawodnikom, jak John McEnroe czy Vitas Gerulaitis.
['Kolejnym', 'celem', 'Wilhelma', 'była', 'siedziba', 'arcybiskupstwa', 'Canterbury', ',', 'która', 'poddała', 'się', 'bez', 'walki', '.']	[0, 0, 1, 0, 0, 0, 5, 0, 0, 0, 0, 0, 0, 0]	pl	Kolejnym celem Wilhelma była siedziba arcybiskupstwa Canterbury, która poddała się bez walki.
['27', 'lutego', '2016', 'podpisał', 'kontrakt', 'z', 'Miami', 'Heat', '.']	[0, 0, 0, 0, 0, 0, 3, 4, 0]	pl	27 lutego 2016 podpisał kontrakt z Miami Heat.
['W', 'listopadzie', '2017', 'odebrał', 'klucze', 'do', 'apartamentu', 'Złota', '44', '.']	[0, 0, 0, 0, 0, 0, 0, 5, 6, 0]	pl	W listopadzie 2017 odebrał klucze do apartamentu Złota 44.
['in', 'miasta', ':', 'Salinas', ',', 'Guayaquil', ',', 'Punta', 'Pariñas', ',', 'Tumbes', '.']	[0, 0, 0, 5, 0, 5, 0, 5, 6, 0, 5, 0]	pl	in miasta: Salinas, Guayaquil, Punta Pariñas, Tumbes.
['Do', 'rywalizacji', 'powrócił', ',', 'podczas', 'kolejnej', 'rundy', ',', 'na', 'obiekcie', 'Magny-Cours', '.']	[0, 0, 0, 0, 0, 0, 0, 0, 0, 0, 5, 0]	pl	Do rywalizacji powrócił, podczas kolejnej rundy, na obiekcie Magny-Cours.
['Posiadał', 'funkcję', 'łączenia', 'się', 'z', 'użytkownikami', 'nieistniejącego', 'już', 'Yahoo', '!']	[0, 0, 0, 0, 0, 0, 0, 0, 7, 8]	pl	Posiadał funkcję łączenia się z użytkownikami nieistniejącego już Yahoo!
['14', 'lipca', '2015', 'podpisał', 'umowę', 'z', 'klubem', 'Utah', 'Jazz', '.']	[0, 0, 0, 0, 0, 0, 0, 3, 4, 0]	pl	14 lipca 2015 podpisał umowę z klubem Utah Jazz.
"['Była', 'uczestniczką', 'programów', 'rozrywkowych', ':', '""', 'Taniec', 'z', 'gwiazdami', '""', '(', '2006', ')', ',', '""', 'Twoja', 'twarz', 'brzmi', 'znajomo', '""', '(', '2015', ')', ',', 'w', 'którym', 'zajęła', 'czwarte', 'miejsce', '.']"	[0, 0, 0, 0, 0, 0, 8, 8, 8, 0, 0, 0, 0, 0, 0, 7, 8, 8, 8, 0, 0, 0, 0, 0, 0, 0, 0, 0, 0, 0]	pl	"Była uczestniczką programów rozrywkowych: ""Taniec z gwiazdami"" (2006), ""Twoja twarz brzmi znajomo"" (2015), w którym zajęła czwarte miejsce."
['Nurt', 'realizmu', 'reprezentują', 'najlepiej', 'Józef', 'Chełmoński', 'i', 'Aleksander', 'Gierymski', '.']	[0, 0, 0, 0, 1, 2, 0, 1, 2, 0]	pl	Nurt realizmu reprezentują najlepiej Józef Chełmoński i Aleksander Gierymski.
['Urodził', 'się', 'w', 'Belo', 'Horizonte', ',', 'ale', 'niedługo', 'przeniósł', 'się', 'do', 'São', 'Paulo', ',', 'skąd', 'pochodzą', 'jego', 'rodzice', '.']	[0, 0, 0, 5, 6, 0, 0, 0, 0, 0, 0, 5, 6, 0, 0, 0, 0, 0, 0]	pl	Urodził się w Belo Horizonte, ale niedługo przeniósł się do São Paulo, skąd pochodzą jego rodzice.
['Louis', 'kardynał', 'John', 'Carberry', '.']	[0, 0, 1, 2, 0]	pl	Louis kardynał John Carberry.
['70', 'km', 'na', 'północny', 'wschód', ',', 'Monachium', '-', 'ok', '.']	[0, 0, 0, 0, 0, 0, 5, 0, 0, 0]	pl	70 km na północny wschód, Monachium - ok.
"['""', 'Pusy-et-Épenoux', '""', '–', 'miejscowość', 'i', 'gmina', 'we', 'Francji', ',', 'w', 'regionie', 'Burgundia-Franche-Comté', ',', 'w', 'departamencie', 'Górna', 'Saona', '.']"	[0, 0, 0, 0, 0, 0, 0, 0, 5, 0, 0, 0, 5, 0, 0, 0, 5, 6, 0]	pl	"""Pusy-et-Épenoux"" – miejscowość i gmina we Francji, w regionie Burgundia-Franche-Comté, w departamencie Górna Saona."
['w', 'Wisconsin', ')', '–', 'amerykański', 'biznesmen', '.']	[0, 5, 0, 0, 0, 0, 0]	pl	w Wisconsin) – amerykański biznesmen.
['Wskazuje', 'się', 'na', 'wpływ', 'renesansowych', 'poetów', 'hiszpańskich', 'takich', 'jak', 'Garcilaso', 'de', 'la', 'Vega', 'i', 'Juan', 'Boscán', 'Almogaver', '.']	[0, 0, 0, 0, 0, 0, 0, 0, 0, 1, 2, 2, 2, 0, 1, 2, 2, 0]	pl	Wskazuje się na wpływ renesansowych poetów hiszpańskich takich jak Garcilaso de la Vega i Juan Boscán Almogaver.
['Następnie', 'został', 'przewieziony', 'do', 'obozu', 'dla', 'jeńców', 'wojennych', 'w', 'Ashton-in-Makerfield', '.']	[0, 0, 0, 0, 0, 0, 0, 0, 0, 5, 0]	pl	Następnie został przewieziony do obozu dla jeńców wojennych w Ashton-in-Makerfield.
['Dwukrotnie', 'zawiodły', 'go', 'samochody', 'Maserati', ',', 'a', 'po', 'jednym', 'razie', 'Ferrari', 'i', 'Lancia', '.']	[0, 0, 0, 0, 3, 0, 0, 0, 0, 0, 3, 0, 3, 0]	pl	Dwukrotnie zawiodły go samochody Maserati, a po jednym razie Ferrari i Lancia.
['Dawniej', 'u', 'człowieka', 'i', 'większości', 'innych', 'zwierząt', 'wyróżniano', '5', 'podstawowych', 'zmysłów', ';', 'model', 'ten', 'wypracował', 'Arystoteles', '.']	[0, 0, 0, 0, 0, 0, 0, 0, 0, 0, 0, 0, 0, 0, 0, 1, 0]	pl	Dawniej u człowieka i większości innych zwierząt wyróżniano 5 podstawowych zmysłów; model ten wypracował Arystoteles.
['Holotyp', 'pochodził', 'z', 'okolic', 'rzeki', 'Rioni', '(', 'Gruzja', ')', '.']	[0, 0, 0, 0, 0, 5, 0, 5, 0, 0]	pl	Holotyp pochodził z okolic rzeki Rioni (Gruzja).
['Karierę', 'zakończył', 'w', '2004', 'roku', ',', 'po', 'US', 'Open', '.']	[0, 0, 0, 0, 0, 0, 0, 7, 8, 0]	pl	Karierę zakończył w 2004 roku, po US Open.
['Twórcą', 'pojęcia', 'jest', 'Sewall', 'Wright', ',', 'który', 'je', 'sformułował', 'w', '1921', 'roku', '.']	[0, 0, 0, 1, 2, 0, 0, 0, 0, 0, 0, 0, 0]	pl	Twórcą pojęcia jest Sewall Wright, który je sformułował w 1921 roku.
['Zmarł', 'w', 'Columbus', '.']	[0, 0, 5, 0]	pl	Zmarł w Columbus.
['Rok', 'później', 'został', 'przeniesiony', 'do', 'służby', 'czynnej', 'w', 'bazie', 'korpusu', 'marines', 'w', 'San', 'Diego', '.']	[0, 0, 0, 0, 0, 0, 0, 0, 0, 0, 0, 0, 5, 6, 0]	pl	Rok później został przeniesiony do służby czynnej w bazie korpusu marines w San Diego.
['W', '1988', 'roku', 'FSGC', 'została', 'przyjęta', 'w', 'poczet', 'członków', 'FIFA', 'i', 'UEFA', '.']	[0, 0, 0, 0, 0, 0, 0, 0, 0, 3, 0, 3, 0]	pl	W 1988 roku FSGC została przyjęta w poczet członków FIFA i UEFA.
"['""', 'Chey', '""', '–', 'miejscowość', 'i', 'gmina', 'we', 'Francji', ',', 'w', 'regionie', 'Nowa', 'Akwitania', ',', 'w', 'departamencie', 'Deux-Sèvres', '.']"	[0, 0, 0, 0, 0, 0, 0, 0, 5, 0, 0, 0, 5, 6, 0, 0, 0, 5, 0]	pl	"""Chey"" – miejscowość i gmina we Francji, w regionie Nowa Akwitania, w departamencie Deux-Sèvres."
['W', 'lidze', 'zadebiutował', '15', 'lipca', '1997', 'roku', 'w', 'przegranym', '1:3', 'meczu', 'z', 'FC', 'Twente', '.']	[0, 0, 0, 0, 0, 0, 0, 0, 0, 0, 0, 0, 3, 4, 0]	pl	W lidze zadebiutował 15 lipca 1997 roku w przegranym 1:3 meczu z FC Twente.
['OTOP', 'jest', 'polskim', 'partnerem', 'światowej', 'federacji', 'towarzystw', 'ochrony', 'ptaków', '–', 'BirdLife', 'International', '.']	[0, 0, 0, 0, 0, 0, 0, 0, 0, 0, 3, 4, 0]	pl	OTOP jest polskim partnerem światowej federacji towarzystw ochrony ptaków – BirdLife International.
['Do', 'wyścigu', 'o', 'zamówienia', 'ruszyły', 'brytyjskie', 'British', 'Aircraft', 'Corporation', 'i', 'Hawker', 'Siddeley', ',', 'które', 'wspólnymi', 'siłami', 'opracowały', 'projekt', 'nowego', 'samolotu', 'bazując', 'na', 'swoich', 'wcześniejszych', 'doświadczeniach', 'w', 'budowie', 'odpowiednio', 'BAC', 'One-Eleven', 'i', 'Hawker', 'Siddeley', 'Trident', '.']	[0, 0, 0, 0, 0, 0, 3, 4, 4, 0, 3, 4, 0, 0, 0, 0, 0, 0, 0, 0, 0, 0, 0, 0, 0, 0, 0, 0, 7, 8, 0, 7, 8, 8, 0]	pl	Do wyścigu o zamówienia ruszyły brytyjskie British Aircraft Corporation i Hawker Siddeley, które wspólnymi siłami opracowały projekt nowego samolotu bazując na swoich wcześniejszych doświadczeniach w budowie odpowiednio BAC One-Eleven i Hawker Siddeley Trident.
['Początkowo', 'reżyserem', 'miał', 'być', 'J.J.', 'Abrams', '(', '2007', '-', '2009', ')', ',', 'później', 'Ron', 'Howard', '(', '2010', '-', '2015', ')', ';', 'ostatecznie', 'reżyserem', 'został', 'Arcel', '.']	[0, 0, 0, 0, 1, 2, 0, 0, 0, 0, 0, 0, 0, 1, 2, 0, 0, 0, 0, 0, 0, 0, 0, 0, 0, 0]	pl	Początkowo reżyserem miał być J.J. Abrams (2007 - 2009), później Ron Howard (2010 - 2015); ostatecznie reżyserem został Arcel.
['W', 'czerwcu', '2004', 'roku', 'James', 'Marsden', 'poinformował', ',', 'że', 'powinna', 'powrócić', 'większość', 'obsady', 'z', 'drugiej', 'części', '.']	[0, 0, 0, 0, 1, 2, 0, 0, 0, 0, 0, 0, 0, 0, 0, 0, 0]	pl	W czerwcu 2004 roku James Marsden poinformował, że powinna powrócić większość obsady z drugiej części.
['Siedzibą', 'administracyjną', 'jest', 'miasto', 'Puerto', 'Williams', '.']	[0, 0, 0, 0, 5, 6, 0]	pl	Siedzibą administracyjną jest miasto Puerto Williams.
['Obejmuje', 'dwa', 'rodzaje', 'z', 'trzema', 'gatunkami', 'rosnącymi', 'w', 'wilgotnych', 'lasach', 'strefy', 'umiarkowanej', 'w', 'Chile', 'i', 'wschodniej', 'Australii', '.']	[0, 0, 0, 0, 0, 0, 0, 0, 0, 0, 0, 0, 0, 5, 0, 0, 5, 0]	pl	Obejmuje dwa rodzaje z trzema gatunkami rosnącymi w wilgotnych lasach strefy umiarkowanej w Chile i wschodniej Australii.
['Między', 'miejscowościami', 'Konjic', 'i', 'Jablanica', 'tworzy', 'przełom', '.']	[0, 0, 5, 0, 5, 0, 0, 0]	pl	Między miejscowościami Konjic i Jablanica tworzy przełom.
['Jesienią', '1967', 'roku', 'Marley', 'zdecydował', 'się', 'powrócić', 'z', 'rodziną', 'do', 'Kingston', ',', 'gdzie', 'mieszkali', 'tymczasowo', 'u', 'krewnych', 'i', 'znajomych', '.']	[0, 0, 0, 1, 0, 0, 0, 0, 0, 0, 5, 0, 0, 0, 0, 0, 0, 0, 0, 0]	pl	Jesienią 1967 roku Marley zdecydował się powrócić z rodziną do Kingston, gdzie mieszkali tymczasowo u krewnych i znajomych.
['Coppi', 'jako', 'pierwszy', 'kolarz', 'w', 'historii', 'wygrał', 'dwa', 'wielkie', 'toury', 'w', 'jednym', 'roku', '–', 'Giro', 'd', '’', 'Italia', 'i', 'Tour', 'de', 'France', 'w', '1949', 'i', 'w', '1952', 'roku', '.']	[0, 0, 0, 0, 0, 0, 0, 0, 0, 0, 0, 0, 0, 0, 7, 8, 8, 8, 0, 7, 8, 8, 0, 0, 0, 0, 0, 0, 0]	pl	Coppi jako pierwszy kolarz w historii wygrał dwa wielkie toury w jednym roku – Giro d ’ Italia i Tour de France w 1949 i w 1952 roku.
"['pełnometrażowy', 'film', 'z', 'serii', '""', 'Scooby', 'Doo', '""', '.']"	[0, 0, 0, 0, 0, 7, 8, 0, 0]	pl	"pełnometrażowy film z serii ""Scooby Doo""."
['Siedziba', 'UNEP', 'mieści', 'się', 'w', 'Nairobi', ',', 'stolicy', 'Kenii', '.']	[0, 0, 0, 0, 0, 5, 0, 0, 5, 0]	pl	Siedziba UNEP mieści się w Nairobi, stolicy Kenii.
['W', 'rolach', 'głównych', 'wystąpili', 'Shia', 'LaBeouf', ',', 'Jon', 'Voight', 'i', 'Megan', 'Fox', '.']	[0, 0, 0, 0, 1, 2, 0, 1, 2, 0, 1, 2, 0]	pl	W rolach głównych wystąpili Shia LaBeouf, Jon Voight i Megan Fox.
['Siedzibą', 'gminy', 'jest', 'miasto', 'Kamień', 'Krajeński', '.']	[0, 0, 0, 0, 5, 6, 0]	pl	Siedzibą gminy jest miasto Kamień Krajeński.
['Barbara', 'Borys-Damięcka', ')', '.']	[1, 2, 0, 0]	pl	Barbara Borys-Damięcka).
['19', 'grudnia', '1990', 'w', 'Blumenau', ')', '–', 'brazylijski', 'piłkarz', 'występujący', 'na', 'pozycji', 'bramkarza', ',', 'obecnie', 'zawodnik', 'meksykańskiego', 'Querétaro', '.']	[0, 0, 0, 0, 5, 0, 0, 0, 0, 0, 0, 0, 0, 0, 0, 0, 0, 3, 0]	pl	19 grudnia 1990 w Blumenau) – brazylijski piłkarz występujący na pozycji bramkarza, obecnie zawodnik meksykańskiego Querétaro.
['W', 'bazach', 'danych', 'XML', ',', 'XAPI', 'przypomina', 'ODBC', 'i', 'JDBC', 'używane', 'w', 'relacyjnych', 'bazach', 'danych', '.']	[0, 0, 0, 7, 0, 0, 0, 7, 0, 7, 0, 0, 0, 0, 0, 0]	pl	W bazach danych XML, XAPI przypomina ODBC i JDBC używane w relacyjnych bazach danych.
"['29', 'września', 'oficjalnie', 'ukazał', 'się', 'singel', 'z', 'utworem', '""', 'Never', 'Gonna', 'Be', 'Alone', '""', '.']"	[0, 0, 0, 0, 0, 0, 0, 0, 0, 7, 8, 8, 8, 0, 0]	pl	"29 września oficjalnie ukazał się singel z utworem ""Never Gonna Be Alone""."
['Nazwa', 'planetoidy', 'pochodzi', 'od', 'miasta', 'Belgrad', ',', 'stolicy', 'Serbii', '.']	[0, 0, 0, 0, 0, 5, 0, 0, 5, 0]	pl	Nazwa planetoidy pochodzi od miasta Belgrad, stolicy Serbii.
['Organizacją', 'kierował', 'płk', 'Dragutin', 'Dimitrijević', 'ps', '.']	[0, 0, 0, 1, 2, 0, 0]	pl	Organizacją kierował płk Dragutin Dimitrijević ps.
['kamienica', 'pod', 'Gutenbergiem', ')', ',', 'gdzie', 'skupione', 'zostały', 'wszystkie', 'działy', 'firmy', '.']	[5, 6, 6, 0, 0, 0, 0, 0, 0, 0, 0, 0]	pl	kamienica pod Gutenbergiem), gdzie skupione zostały wszystkie działy firmy.
['Znaczącą', 'rolę', 'w', 'hrabstwie', 'i', 'królestwie', 'odegrał', 'Rajmund', 'III', '.']	[0, 0, 0, 0, 0, 0, 0, 1, 2, 0]	pl	Znaczącą rolę w hrabstwie i królestwie odegrał Rajmund III.
['10', 'maja', '1985', 'w', 'Polokwane', ',', 'zm', '.']	[0, 0, 0, 0, 5, 0, 0, 0]	pl	10 maja 1985 w Polokwane, zm.
"['""', 'Bergs', 'kommun', '""', ')', '–', 'szwedzka', 'gmina', 'położona', 'w', 'regionie', 'Jämtland', ',', 'siedzibą', 'jej', 'władz', 'jest', 'Svenstavik', '.']"	[0, 0, 0, 0, 0, 0, 0, 0, 0, 0, 0, 5, 0, 0, 0, 0, 0, 5, 0]	pl	"""Bergs kommun"") – szwedzka gmina położona w regionie Jämtland, siedzibą jej władz jest Svenstavik."
"['""', 'Places', '""', '–', 'miejscowość', 'i', 'gmina', 'we', 'Francji', ',', 'w', 'regionie', 'Normandia', ',', 'w', 'departamencie', 'Eure', '.']"	[0, 0, 0, 0, 0, 0, 0, 0, 5, 0, 0, 0, 5, 0, 0, 0, 5, 0]	pl	"""Places"" – miejscowość i gmina we Francji, w regionie Normandia, w departamencie Eure."
['Uważał', 'tak', 'm.in.', 'Herbert', 'Giles', ',', 'który', 'przetłumaczył', 'księgę', 'w', '1910', '.']	[0, 0, 0, 1, 2, 0, 0, 0, 0, 0, 0, 0]	pl	Uważał tak m.in. Herbert Giles, który przetłumaczył księgę w 1910.
"['""', 'Nibas', '""', '–', 'miejscowość', 'i', 'gmina', 'we', 'Francji', ',', 'w', 'regionie', 'Hauts-de-France', ',', 'w', 'departamencie', 'Somma', '.']"	[0, 0, 0, 0, 0, 0, 0, 0, 5, 0, 0, 0, 5, 0, 0, 0, 5, 0]	pl	"""Nibas"" – miejscowość i gmina we Francji, w regionie Hauts-de-France, w departamencie Somma."
"['Jest', 'to', 'połączenie', 'gry', '""', 'Lego', 'Star', 'Wars', ':', 'The', 'Video', 'Game', '""', 'i', 'jej', 'kontynuacji', '""', 'Lego', 'Star', 'Wars', 'II', ':', 'The', 'Original', 'Trilogy', '""', '.']"	[0, 0, 0, 0, 0, 7, 8, 8, 8, 8, 8, 8, 0, 0, 0, 0, 0, 7, 8, 8, 8, 8, 8, 8, 8, 0, 0]	pl	"Jest to połączenie gry ""Lego Star Wars: The Video Game"" i jej kontynuacji ""Lego Star Wars II: The Original Trilogy""."
['W', '2013', 'wchodził', 'w', 'skład', 'załogi', 'rezerwowej', 'lotu', 'Shenzhou', '10', '.']	[0, 0, 0, 0, 0, 0, 0, 0, 7, 8, 0]	pl	W 2013 wchodził w skład załogi rezerwowej lotu Shenzhou 10.
['Został', 'pochowany', 'w', 'Detroit', '.']	[0, 0, 0, 5, 0]	pl	Został pochowany w Detroit.
['odcinek', 'Koszalin', '-', 'Słupsk', 'został', 'zelektryfikowany', 'jako', 'jeden', 'z', 'ostatnich', 'na', 'tej', 'linii', '.']	[0, 5, 0, 5, 0, 0, 0, 0, 0, 0, 0, 0, 0, 0]	pl	odcinek Koszalin - Słupsk został zelektryfikowany jako jeden z ostatnich na tej linii.
['W', 'Orzyszu', 'w', '1940', 'umiera', 'poeta', 'mazurski', 'Michał', 'Kajka', ',', 'mieszkający', 'w', 'pobliskiej', 'miejscowości', 'Ogródek', '(', 'ok', '.']	[0, 5, 0, 0, 0, 0, 0, 1, 2, 0, 0, 0, 0, 0, 5, 0, 0, 0]	pl	W Orzyszu w 1940 umiera poeta mazurski Michał Kajka, mieszkający w pobliskiej miejscowości Ogródek (ok.
['Stylistycznie', 'nadwozie', 'opracowała', 'firma', 'Bertone', '.']	[0, 0, 0, 0, 3, 0]	pl	Stylistycznie nadwozie opracowała firma Bertone.
['Zaczął', 'być', 'rozpoznawany', 'podczas', 'współpracy', 'z', 'grupą', 'Mano', 'Negra', 'grającą', 'nieprzerwanie', 'od', '1987', 'do', '1994', 'r', '.']	[0, 0, 0, 0, 0, 0, 0, 3, 4, 0, 0, 0, 0, 0, 0, 0, 0]	pl	Zaczął być rozpoznawany podczas współpracy z grupą Mano Negra grającą nieprzerwanie od 1987 do 1994 r.
['Po', 'tych', 'sukcesach', 'został', 'trenerem', 'Atlético', 'Madryt', '.']	[0, 0, 0, 0, 0, 3, 4, 0]	pl	Po tych sukcesach został trenerem Atlético Madryt.
['Badania', 'wykazały', ',', 'że', 'psy', 'rasy', 'Australian', 'Cattle', 'Dog', 'żyją', 'średnio', 'o', 'rok', 'dłużej', 'niż', 'psy', 'innych', 'ras', 'w', 'tej', 'samej', 'kategorii', 'wagowej', '.']	[0, 0, 0, 0, 0, 0, 7, 8, 8, 0, 0, 0, 0, 0, 0, 0, 0, 0, 0, 0, 0, 0, 0, 0]	pl	Badania wykazały, że psy rasy Australian Cattle Dog żyją średnio o rok dłużej niż psy innych ras w tej samej kategorii wagowej.
"['""', 'Kosów', 'Lacki', '""', '(', 'daw', '.']"	[0, 5, 6, 0, 0, 0, 0]	pl	"""Kosów Lacki"" (daw."
['Jego', 'następcą', 'został', 'ogłoszony', 'bp', 'Luis', 'Antonio', 'Tagle', '.']	[0, 0, 0, 0, 0, 1, 2, 2, 0]	pl	Jego następcą został ogłoszony bp Luis Antonio Tagle.
['W', 'epizodach', 'wystąpili', 'm.in.', ':', 'Adam', 'Ant', ',', 'David', 'Hemmings', ',', 'Peter', 'Bogdanovich', ',', 'Valerie', 'Perrine', ',', 'John', 'Billingsley', '.']	[0, 0, 0, 0, 0, 1, 2, 0, 1, 2, 0, 1, 2, 0, 1, 2, 0, 1, 2, 0]	pl	W epizodach wystąpili m.in.: Adam Ant, David Hemmings, Peter Bogdanovich, Valerie Perrine, John Billingsley.
['Wszystkie', 'te', 'podróże', 'umożliwiły', 'ostateczne', 'opłynięcie', 'Afryki', 'przez', 'Vasco', 'da', 'Gama', 'w', '1497', '.']	[0, 0, 0, 0, 0, 0, 5, 0, 1, 2, 2, 0, 0, 0]	pl	Wszystkie te podróże umożliwiły ostateczne opłynięcie Afryki przez Vasco da Gama w 1497.
['W', 'drużynie', 'tej', 'grał', 'm.in.', 'Tomasz', 'Zahorski', '.']	[0, 0, 0, 0, 0, 1, 2, 0]	pl	W drużynie tej grał m.in. Tomasz Zahorski.
['Intel', 'wprowadził', '8086', 'jako', 'układ', 'przedłużający', 'życie', 'programom', 'napisanym', 'na', '8080', '.']	[3, 0, 0, 0, 0, 0, 0, 0, 0, 0, 0, 0]	pl	Intel wprowadził 8086 jako układ przedłużający życie programom napisanym na 8080.
['Rekord', 'życiowy', ':', 'stadion', '–', '21,22', '(', '23', 'lipca', '1997', ',', 'Hamburg', 'oraz', '5', 'sierpnia', '1995', ',', 'Göteborg', ')', ';', 'hala', '–', '20,03', '(', '25', 'stycznia', '1992', ',', 'Bad', 'Segeberg', ')', '.']	[0, 0, 0, 0, 0, 0, 0, 0, 0, 0, 0, 5, 0, 0, 0, 0, 0, 5, 0, 0, 0, 0, 0, 0, 0, 0, 0, 0, 5, 6, 0, 0]	pl	Rekord życiowy: stadion – 21,22 (23 lipca 1997, Hamburg oraz 5 sierpnia 1995, Göteborg); hala – 20,03 (25 stycznia 1992, Bad Segeberg).
['Mleko', 'UHT', ',', 'm.in.', 'z', 'opakowań', 'typu', 'Tetra', 'Pak', ',', 'jest', 'sterylizowane', ',', 'a', 'drobinki', 'tłuszczu', 'są', 'już', 'trwale', 'rozbite', 'na', 'bardzo', 'drobne', 'cząsteczki', '.']	[0, 0, 0, 0, 0, 0, 0, 3, 4, 0, 0, 0, 0, 0, 0, 0, 0, 0, 0, 0, 0, 0, 0, 0, 0]	pl	Mleko UHT, m.in. z opakowań typu Tetra Pak, jest sterylizowane, a drobinki tłuszczu są już trwale rozbite na bardzo drobne cząsteczki.
['Trzy', 'polskie', 'miasta', 'były', 'gospodarzami', 'tego', 'wydarzenia', '–', 'Toruń', '(', '1993', '–', '1999', ')', ',', 'Łódź', '(', '2000', '–', '2009', ')', ',', 'Bydgoszcz', '(', '2010', '–', '2018', ')', 'i', 'ponownie', 'Toruń', '(', 'od', '2019', ')', '.']	[0, 0, 0, 0, 0, 0, 0, 0, 5, 0, 0, 0, 0, 0, 0, 5, 0, 0, 0, 0, 0, 0, 5, 0, 0, 0, 0, 0, 0, 0, 5, 0, 0, 0, 0, 0]	pl	Trzy polskie miasta były gospodarzami tego wydarzenia – Toruń (1993 – 1999), Łódź (2000 – 2009), Bydgoszcz (2010 – 2018) i ponownie Toruń (od 2019).
['Podobnie', 'stało', 'się', 'z', 'benzyną', 'po', 'tym', ',', 'jak', 'Stany', 'Zjednoczone', 'zaoferowały', 'licznym', 'państwo', 'arabskim', 'umowy', 'na', 'handel', 'bronią', 'w', 'zamian', 'za', 'obniżenie', 'cen', 'ropy', 'naftowej', '.']	[0, 0, 0, 0, 0, 0, 0, 0, 0, 5, 6, 0, 0, 0, 0, 0, 0, 0, 0, 0, 0, 0, 0, 0, 0, 0, 0]	pl	Podobnie stało się z benzyną po tym, jak Stany Zjednoczone zaoferowały licznym państwo arabskim umowy na handel bronią w zamian za obniżenie cen ropy naftowej.
['Składając', 'w', 'całość', 'szereg', 'powszechnie', 'dostępnych', 'na', 'rynku', 'podzespołów', ',', 'zdążył', 'wprowadzić', 'do', 'sprzedaży', 'już', 'wcześniej', 'w', '1985', 'Atari', 'ST', ',', 'w', 'cenie', 'około', '800', 'USD', '.']	[0, 0, 0, 0, 0, 0, 0, 0, 0, 0, 0, 0, 0, 0, 0, 0, 0, 0, 7, 8, 0, 0, 0, 0, 0, 0, 0]	pl	Składając w całość szereg powszechnie dostępnych na rynku podzespołów, zdążył wprowadzić do sprzedaży już wcześniej w 1985 Atari ST, w cenie około 800 USD.
"['Pierwszy', '""', 'Self', 'Portrait', '""', 'miał', 'zdecydowanie', 'zabarwienie', 'country', ',', 'drugi', ',', 'czyli', '""', 'Down', 'in', 'the', 'Groove', '""', ',', 'przesycony', 'był', 'atmosferą', 'głównie', 'lat', '50', '.']"	[0, 0, 7, 8, 0, 0, 0, 0, 0, 0, 0, 0, 0, 0, 7, 8, 8, 8, 0, 0, 0, 0, 0, 0, 0, 0, 0]	pl	"Pierwszy ""Self Portrait"" miał zdecydowanie zabarwienie country, drugi, czyli ""Down in the Groove"", przesycony był atmosferą głównie lat 50."
['Nie', 'interesował', 'się', 'życiem', 'teatralnym', ',', 'a', 'faktyczne', 'kierownictwo', 'instytucji', 'sprawował', 'w', 'okresie', 'jego', 'prezesury', 'Emil', 'Vacqueret', '.']	[0, 0, 0, 0, 0, 0, 0, 0, 0, 0, 0, 0, 0, 0, 0, 1, 2, 0]	pl	Nie interesował się życiem teatralnym, a faktyczne kierownictwo instytucji sprawował w okresie jego prezesury Emil Vacqueret.
['ten', 'typ', 'muzyki', 'stał', 'się', 'bardziej', 'popularny', ',', 'zwłaszcza', 'w', 'ośrodkach', 'takich', 'jak', 'Leningrad', 'i', 'Moskwa', ',', 'ale', 'również', 'w', 'innych', 'rejonach', '.']	[0, 0, 0, 0, 0, 0, 0, 0, 0, 0, 0, 0, 0, 5, 0, 5, 0, 0, 0, 0, 0, 0, 0]	pl	ten typ muzyki stał się bardziej popularny, zwłaszcza w ośrodkach takich jak Leningrad i Moskwa, ale również w innych rejonach.
['Aby', 'użyć', 'AIGLX', ',', 'potrzebny', 'jest', 'odpowiedni', 'sterownik', 'karty', 'graficznej', ',', 'system', 'okienkowy', 'X.', 'Org', 'w', 'wersji', 'przynajmniej', '7.1', 'oraz', 'menedżer', 'kompozycji', 'taki', 'jak', 'Compiz', '(', 'dawniej', 'popularny', 'był', 'również', 'Beryl', ')', '.']	[0, 0, 0, 0, 0, 0, 0, 0, 0, 0, 0, 0, 0, 7, 8, 0, 0, 0, 0, 0, 0, 0, 0, 0, 0, 0, 0, 0, 0, 0, 7, 0, 0]	pl	Aby użyć AIGLX, potrzebny jest odpowiedni sterownik karty graficznej, system okienkowy X. Org w wersji przynajmniej 7.1 oraz menedżer kompozycji taki jak Compiz (dawniej popularny był również Beryl).
['Źródłowe', 'i', 'docelowe', 'adresy', 'znajdują', 'się', 'w', 'nagłówku', 'IPv4', '.']	[0, 0, 0, 0, 0, 0, 0, 0, 7, 0]	pl	Źródłowe i docelowe adresy znajdują się w nagłówku IPv4.
['Przystąpienie', 'do', 'EDU', ',', 'której', 'członkiem', 'było', 'również', 'Porozumienie', 'Centrum', ',', 'tłumaczono', 'zbyt', 'lewicowym', 'profilem', 'europejskich', 'liberałów', ',', 'a', 'także', 'większymi', 'wpływami', 'międzynarodowymi', 'EDU', '.']	[0, 0, 0, 0, 0, 0, 0, 0, 3, 4, 0, 0, 0, 0, 0, 0, 0, 0, 0, 0, 0, 0, 0, 0, 0]	pl	Przystąpienie do EDU, której członkiem było również Porozumienie Centrum, tłumaczono zbyt lewicowym profilem europejskich liberałów, a także większymi wpływami międzynarodowymi EDU.
['W', 'serwisie', 'Rotten', 'Tomatoes', 'średnia', 'ocen', 'filmu', 'z', '24', 'recenzji', 'wyniosła', '71', '%', 'ze', 'średnią', 'oceną', '5,8', 'na', '10', '.']	[0, 0, 7, 8, 0, 0, 0, 0, 0, 0, 0, 0, 0, 0, 0, 0, 0, 0, 0, 0]	pl	W serwisie Rotten Tomatoes średnia ocen filmu z 24 recenzji wyniosła 71% ze średnią oceną 5,8 na 10.
['Ukończył', 'studia', 'handlowe', 'na', 'University', 'College', 'Dublin', '.']	[0, 0, 0, 0, 5, 6, 6, 0]	pl	Ukończył studia handlowe na University College Dublin.
['Siedziba', 'gminy', 'to', 'Kłoczew', '.']	[0, 0, 0, 5, 0]	pl	Siedziba gminy to Kłoczew.
"['""', 'Saint-Gineis-en-Coiron', '""', '–', 'miejscowość', 'i', 'gmina', 'we', 'Francji', ',', 'w', 'regionie', 'Owernia-Rodan-Alpy', ',', 'w', 'departamencie', 'Ardèche', '.']"	[0, 0, 0, 0, 0, 0, 0, 0, 5, 0, 0, 0, 5, 0, 0, 0, 5, 0]	pl	"""Saint-Gineis-en-Coiron"" – miejscowość i gmina we Francji, w regionie Owernia-Rodan-Alpy, w departamencie Ardèche."
"['Leży', '78', '""', 'km', 'na', 'południe', 'od', 'miasta', 'Carlisle', 'i', '350', '""', 'km', 'na', 'północny', 'zachód', 'od', 'Londynu', '.']"	[0, 0, 0, 0, 0, 0, 0, 0, 5, 0, 0, 0, 0, 0, 0, 0, 0, 5, 0]	pl	"Leży 78 ""km na południe od miasta Carlisle i 350"" km na północny zachód od Londynu."
"['""', 'Ecaquelon', '""', '–', 'miejscowość', 'i', 'gmina', 'we', 'Francji', ',', 'w', 'regionie', 'Normandia', ',', 'w', 'departamencie', 'Eure', '.']"	[0, 0, 0, 0, 0, 0, 0, 0, 5, 0, 0, 0, 5, 0, 0, 0, 5, 0]	pl	"""Ecaquelon"" – miejscowość i gmina we Francji, w regionie Normandia, w departamencie Eure."
"['""', 'Saint-Bonnet-de-Four', '""', '–', 'miejscowość', 'i', 'gmina', 'we', 'Francji', ',', 'w', 'regionie', 'Owernia-Rodan-Alpy', ',', 'w', 'departamencie', 'Allier', '.']"	[0, 0, 0, 0, 0, 0, 0, 0, 5, 0, 0, 0, 5, 0, 0, 0, 5, 0]	pl	"""Saint-Bonnet-de-Four"" – miejscowość i gmina we Francji, w regionie Owernia-Rodan-Alpy, w departamencie Allier."
"['""', 'Bussy-Saint-Martin', '""', '–', 'miejscowość', 'i', 'gmina', 'we', 'Francji', ',', 'w', 'regionie', 'Île-de-France', ',', 'w', 'departamencie', 'Sekwana', 'i', 'Marna', '.']"	[0, 0, 0, 0, 0, 0, 0, 0, 5, 0, 0, 0, 5, 0, 0, 0, 5, 6, 6, 0]	pl	"""Bussy-Saint-Martin"" – miejscowość i gmina we Francji, w regionie Île-de-France, w departamencie Sekwana i Marna."
"['Oznacza', 'ona', 'więc', '""', 'bestię', 'z', 'Shanxi', '""', '.']"	[0, 0, 0, 0, 0, 0, 5, 0, 0]	pl	"Oznacza ona więc ""bestię z Shanxi""."
['W', 'mieście', 'znajduje', 'się', 'klub', 'żużlowy', 'Västervik', 'Speedway', ',', 'w', 'którym', 'występował', 'czołowy', 'żużlowiec', 'Polski', 'Tomasz', 'Gollob', '.']	[0, 0, 0, 0, 0, 0, 3, 4, 0, 0, 0, 0, 0, 0, 5, 1, 2, 0]	pl	W mieście znajduje się klub żużlowy Västervik Speedway, w którym występował czołowy żużlowiec Polski Tomasz Gollob.
"['Jedyny', 'przedstawiciel', 'rodzaju', '""', 'Gymnogyps', '""', ',', 'który', 'opisał', 'René', 'Lesson', 'w', '1842', 'roku', '.']"	[0, 0, 0, 0, 0, 0, 0, 0, 0, 1, 2, 0, 0, 0, 0]	pl	"Jedyny przedstawiciel rodzaju ""Gymnogyps"", który opisał René Lesson w 1842 roku."
"['We', 'wrześniu', '2008', 'zespół', 'postanowił', 'udostępnić', 'swój', 'nowy', 'dwupłytowy', 'album', '""', 'Happiness', 'Is', 'the', 'Road', '""', 'w', 'całości', 'do', 'bezpłatnego', 'pobrania', 'z', 'Internetu', '.']"	[0, 0, 0, 0, 0, 0, 0, 0, 0, 0, 0, 7, 8, 8, 8, 0, 0, 0, 0, 0, 0, 0, 0, 0]	pl	"We wrześniu 2008 zespół postanowił udostępnić swój nowy dwupłytowy album ""Happiness Is the Road"" w całości do bezpłatnego pobrania z Internetu."
['Przygodę', 'z', 'futbolem', 'rozpoczął', 'w', '1965', 'w', 'klubie', 'FK', 'Željezničar', '.']	[0, 0, 0, 0, 0, 0, 0, 0, 3, 4, 0]	pl	Przygodę z futbolem rozpoczął w 1965 w klubie FK Željezničar.
"['Nominowany', 'do', 'nagrody', 'Oscara', 'za', 'drugoplanową', 'rolę', 'w', 'filmie', '""', 'Ptasznik', 'z', 'Alcatraz', '""', '(', '1962', ';', 'reż', '.']"	[0, 0, 0, 7, 0, 0, 0, 0, 0, 0, 7, 8, 8, 0, 0, 0, 0, 0, 0]	pl	"Nominowany do nagrody Oscara za drugoplanową rolę w filmie ""Ptasznik z Alcatraz"" (1962; reż."
['przyczyniło', 'się', 'do', 'aresztowania', 'chińskiego', 'dziennikarza', 'Shi', 'Tao', ',', 'ujawniając', 'jego', 'dane', 'personalne', ',', 'czym', 'złamało', 'międzynarodową', 'konwencję', 'praw', 'człowieka', '.']	[0, 0, 0, 0, 0, 0, 1, 2, 0, 0, 0, 0, 0, 0, 0, 0, 0, 0, 0, 0, 0]	pl	przyczyniło się do aresztowania chińskiego dziennikarza Shi Tao, ujawniając jego dane personalne, czym złamało międzynarodową konwencję praw człowieka.
"['""', 'Roche-d', '’', 'Agoux', '""', '–', 'miejscowość', 'i', 'gmina', 'we', 'Francji', ',', 'w', 'regionie', 'Owernia-Rodan-Alpy', ',', 'w', 'departamencie', 'Puy-de-Dôme', '.']"	[0, 0, 0, 0, 0, 0, 0, 0, 0, 0, 5, 0, 0, 0, 5, 0, 0, 0, 5, 0]	pl	"""Roche-d ’ Agoux"" – miejscowość i gmina we Francji, w regionie Owernia-Rodan-Alpy, w departamencie Puy-de-Dôme."
['28', 'marca', '1980', 'w', 'Bukareszcie', ')', '–', 'niemiecki', 'piłkarz', 'pochodzenia', 'rumuńskiego', ',', 'występujący', 'na', 'pozycji', 'pomocnika', 'w', 'Hamburger', 'SV', '.']	[0, 0, 0, 0, 5, 0, 0, 0, 0, 0, 0, 0, 0, 0, 0, 0, 0, 3, 4, 0]	pl	28 marca 1980 w Bukareszcie) – niemiecki piłkarz pochodzenia rumuńskiego, występujący na pozycji pomocnika w Hamburger SV.
['W', 'tym', 'czasie', 'w', 'skład', 'grupy', 'wchodzili', ':', 'wokalistka', 'Stevie', 'Nicks', ',', 'gitarzysta', 'i', 'wokalista', 'Lindsey', 'Buckingham', ',', 'klawiszowiec', 'i', 'wokalistka', 'Christine', 'McVie', ',', 'basista', 'John', 'McVie', 'i', 'perkusista', 'Mick', 'Fleetwood', '.']	[0, 0, 0, 0, 0, 0, 0, 0, 0, 1, 2, 0, 0, 0, 0, 1, 2, 0, 0, 0, 0, 1, 2, 0, 0, 1, 2, 0, 0, 1, 2, 0]	pl	W tym czasie w skład grupy wchodzili: wokalistka Stevie Nicks, gitarzysta i wokalista Lindsey Buckingham, klawiszowiec i wokalistka Christine McVie, basista John McVie i perkusista Mick Fleetwood.
['Gdy', 'ta', 'całkowicie', 'się', 'wyczerpie', 'lub', 'gdy', 'zostaną', 'zabite', ',', 'ich', 'dusze', 'trafiają', 'do', 'zaświatów', '(', 'opisanych', 'w', 'grze', 'Wraith', ':', 'The', 'Oblivion', ')', ',', 'gdzie', 'zbierają', 'energię', ',', 'aby', 'wrócić', 'do', 'ciała', '(', 'nieważne', 'jak', 'zniszczonego', ')', 'i', 'żyć', 'dalej', '.']	[0, 0, 0, 0, 0, 0, 0, 0, 0, 0, 0, 0, 0, 0, 0, 0, 0, 0, 0, 7, 8, 8, 8, 0, 0, 0, 0, 0, 0, 0, 0, 0, 0, 0, 0, 0, 0, 0, 0, 0, 0, 0]	pl	Gdy ta całkowicie się wyczerpie lub gdy zostaną zabite, ich dusze trafiają do zaświatów (opisanych w grze Wraith: The Oblivion), gdzie zbierają energię, aby wrócić do ciała (nieważne jak zniszczonego) i żyć dalej.
['W', 'przeszłości', 'grał', 'w', 'En', 'Avant', 'Guingamp', '(', '2003', '-', '2005', ')', ',', 'Étoile', 'Carouge', 'FC', '(', '2005', '-', '2006', ')', ',', 'Servette', 'FC', '(', '2006', '-', '2011', ')', '.']	[0, 0, 0, 0, 3, 4, 4, 0, 0, 0, 0, 0, 0, 3, 4, 4, 0, 0, 0, 0, 0, 0, 3, 4, 0, 0, 0, 0, 0, 0]	pl	W przeszłości grał w En Avant Guingamp (2003 - 2005), Étoile Carouge FC (2005 - 2006), Servette FC (2006 - 2011).
"['Stąd', 'francuska', 'nazwa', 'Montmartre', 'pochodzi', 'od', 'łac.', '""', 'Mons', 'Martyrium', '""', 'i', 'oznacza', 'górę', 'męczenników', '.']"	[0, 0, 0, 5, 0, 0, 0, 0, 0, 0, 0, 0, 0, 0, 0, 0]	pl	"Stąd francuska nazwa Montmartre pochodzi od łac. ""Mons Martyrium"" i oznacza górę męczenników."
['W', '2007', 'roku', 'trafił', 'do', 'Tromsø', 'IL', ',', 'występującego', 'w', 'ekstraklasie', '.']	[0, 0, 0, 0, 0, 3, 4, 0, 0, 0, 0, 0]	pl	W 2007 roku trafił do Tromsø IL, występującego w ekstraklasie.
['Rządy', 'w', 'systemie', 'monopartyjnym', 'sprawowała', 'komunistyczna', 'Polska', 'Partia', 'Robotnicza', ',', 'a', 'następnie', 'Polska', 'Zjednoczona', 'Partia', 'Robotnicza', '(', 'przy', 'formalnym', 'istnieniu', 'ugrupowań', 'satelitarnych', ')', '.']	[0, 0, 0, 0, 0, 0, 3, 4, 4, 0, 0, 0, 3, 4, 4, 4, 0, 0, 0, 0, 0, 0, 0, 0]	pl	Rządy w systemie monopartyjnym sprawowała komunistyczna Polska Partia Robotnicza, a następnie Polska Zjednoczona Partia Robotnicza (przy formalnym istnieniu ugrupowań satelitarnych).
"['W', '2003', 'wzięła', 'udział', 'w', 'trzeciej', 'edycji', 'programu', 'telewizji', 'Polsat', '""', 'Idol', '""', 'i', 'w', 'styczniu', '2004', 'wygrała', 'jego', 'finał', ',', 'zdobywając', '69', '%', 'głosów', 'telewidzów', '.']"	[0, 0, 0, 0, 0, 0, 0, 0, 0, 3, 0, 7, 0, 0, 0, 0, 0, 0, 0, 0, 0, 0, 0, 0, 0, 0, 0]	pl	"W 2003 wzięła udział w trzeciej edycji programu telewizji Polsat ""Idol"" i w styczniu 2004 wygrała jego finał, zdobywając 69% głosów telewidzów."
"['Album', 'był', 'kontynuowany', 'w', 'alternatywnym', 'rockowym', 'kierunku', ',', 'ale', 'wciąż', 'zawierał', 'łagodniejsze', 'ballady', 'podobne', 'do', '""', 'Getting', 'Away', 'with', 'Murder', '""', '.']"	[0, 0, 0, 0, 0, 0, 0, 0, 0, 0, 0, 0, 0, 0, 0, 0, 7, 8, 8, 8, 0, 0]	pl	"Album był kontynuowany w alternatywnym rockowym kierunku, ale wciąż zawierał łagodniejsze ballady podobne do ""Getting Away with Murder""."
"['""', 'Corneilla-de-Conflent', '""', '–', 'miejscowość', 'i', 'gmina', 'we', 'Francji', ',', 'w', 'regionie', 'Oksytania', ',', 'w', 'departamencie', 'Pireneje', 'Wschodnie', '.']"	[0, 0, 0, 0, 0, 0, 0, 0, 5, 0, 0, 0, 5, 0, 0, 0, 5, 6, 0]	pl	"""Corneilla-de-Conflent"" – miejscowość i gmina we Francji, w regionie Oksytania, w departamencie Pireneje Wschodnie."
['9', 'lipca', '2017', 'został', 'zawodnikiem', 'Memphis', 'Grizzlies', '.']	[0, 0, 0, 0, 0, 3, 4, 0]	pl	9 lipca 2017 został zawodnikiem Memphis Grizzlies.
['Według', 'Freedom', 'House', 'w', '2007', 'roku', 'istniały', '123', 'demokracje', 'elektoralne', '(', 'podczas', 'gdy', 'w', '1972', 'było', 'ich', '40', ')', '.']	[0, 3, 4, 0, 0, 0, 0, 0, 0, 0, 0, 0, 0, 0, 0, 0, 0, 0, 0, 0]	pl	Według Freedom House w 2007 roku istniały 123 demokracje elektoralne (podczas gdy w 1972 było ich 40).
['po', 'raz', 'pierwszy', 'wystąpił', 'w', 'Premiership', 'przeciw', 'Newcastle', 'Falcons', '.']	[0, 0, 0, 0, 0, 7, 0, 3, 4, 0]	pl	po raz pierwszy wystąpił w Premiership przeciw Newcastle Falcons.
['Od', 'tej', 'pory', 'aż', 'do', 'US', 'Open', 'nie', 'wygrała', 'żadnego', 'ze', 'spotkań', '!']	[0, 0, 0, 0, 0, 7, 8, 0, 0, 0, 0, 0, 0]	pl	Od tej pory aż do US Open nie wygrała żadnego ze spotkań!
"['Najnowsze', '""', 'Mind', 'Cannibals', '""', 'przynosi', 'utwory', 'w', 'nieco', 'odmiennej', 'konwencji', ':', 'pojawia', 'się', 'problem', 'współczesnych', 'mediów', 'i', 'manipulacji', 'ludźmi', ',', 'lecz', 'nadal', 'obecne', 'są', 'też', 'motywy', 'metafizyczne', '.']"	[0, 0, 7, 8, 0, 0, 0, 0, 0, 0, 0, 0, 0, 0, 0, 0, 0, 0, 0, 0, 0, 0, 0, 0, 0, 0, 0, 0, 0]	pl	"Najnowsze ""Mind Cannibals"" przynosi utwory w nieco odmiennej konwencji: pojawia się problem współczesnych mediów i manipulacji ludźmi, lecz nadal obecne są też motywy metafizyczne."
['Microsoft', 'zachęcał', 'użytkowników', 'do', 'konfigurowania', 'systemów', 'komputerowych', 'wykorzystując', 'tylko', '256', 'kilobajtów', 'pamięci', 'operacyjnej', ',', 'pozostawiając', 'obszar', 'między', '256', '.']	[3, 0, 0, 0, 0, 0, 0, 0, 0, 0, 0, 0, 0, 0, 0, 0, 0, 0, 0]	pl	Microsoft zachęcał użytkowników do konfigurowania systemów komputerowych wykorzystując tylko 256 kilobajtów pamięci operacyjnej, pozostawiając obszar między 256.
['Artysta', 'zamieszkał', 'najpierw', 'w', 'miejscowości', 'Hoogeveen', ',', 'a', 'po', 'miesiącu', 'przeniósł', 'się', 'do', 'położonego', 'blisko', 'niemieckiej', 'granicy', 'Nieuw-Amsterdam', ',', 'który', ',', 'jak', 'dowiedział', 'się', 'w', 'Hadze', ',', 'był', 'często', 'odwiedzany', 'przez', 'artystów', '.']	[0, 0, 0, 0, 0, 5, 0, 0, 0, 0, 0, 0, 0, 0, 0, 0, 0, 5, 0, 0, 0, 0, 0, 0, 0, 5, 0, 0, 0, 0, 0, 0, 0]	pl	Artysta zamieszkał najpierw w miejscowości Hoogeveen, a po miesiącu przeniósł się do położonego blisko niemieckiej granicy Nieuw-Amsterdam, który, jak dowiedział się w Hadze, był często odwiedzany przez artystów.
['Overture', 'zakupiła', 'wyszukiwarki', 'AltaVista', 'i', 'AlltheWeb', ',', 'natomiast', 'pod', 'koniec', 'tego', 'samego', 'roku', 'sama', 'stała', 'się', 'własnością', 'Yahoo', '!', '.']	[0, 0, 0, 7, 0, 7, 0, 0, 0, 0, 0, 0, 0, 0, 0, 0, 0, 3, 4, 0]	pl	Overture zakupiła wyszukiwarki AltaVista i AlltheWeb, natomiast pod koniec tego samego roku sama stała się własnością Yahoo!.
"['Od', 'grudnia', '2009', 'obydwa', 'dodatki', 'dostępne', 'są', 'jako', '""', 'Grand', 'Theft', 'Auto', ':', 'Episodes', 'from', 'Liberty', 'City', '""', ',', 'które', 'nie', 'wymagają', 'podstawowej', 'wersji', 'gry', '.']"	[0, 0, 0, 0, 0, 0, 0, 0, 0, 7, 8, 8, 8, 8, 8, 8, 8, 0, 0, 0, 0, 0, 0, 0, 0, 0]	pl	"Od grudnia 2009 obydwa dodatki dostępne są jako ""Grand Theft Auto: Episodes from Liberty City"", które nie wymagają podstawowej wersji gry."
['Stanisław', 'Riess', 'na', 'samolocie', 'PZL', '.']	[1, 2, 0, 0, 3, 0]	pl	Stanisław Riess na samolocie PZL.
"['Odkrył', 'ją', '29', '""', 'lipca', '1764', 'roku', 'Charles', 'Messier', '.']"	[0, 0, 0, 0, 0, 0, 0, 1, 2, 0]	pl	"Odkrył ją 29 ""lipca 1764 roku Charles Messier."
"['""', 'Papilio', 'leucotaenia', '""', '–', 'motyl', 'z', 'rodziny', 'paziowatych', 'występujący', 'w', 'Burundi', ',', 'Ugandzie', 'i', 'Rwandzie', '.']"	[0, 0, 0, 0, 0, 0, 0, 0, 0, 0, 0, 5, 0, 5, 0, 5, 0]	pl	"""Papilio leucotaenia"" – motyl z rodziny paziowatych występujący w Burundi, Ugandzie i Rwandzie."
['Jego', 'syn', 'Jorge', 'Mora', 'i', 'szwagier', 'Daniel', 'Guzmán', 'także', 'są', 'piłkarzami', '.']	[0, 0, 1, 2, 0, 0, 1, 2, 0, 0, 0, 0]	pl	Jego syn Jorge Mora i szwagier Daniel Guzmán także są piłkarzami.
"['Według', 'danych', 'na', 'rok', '1990', 'gminę', 'zamieszkiwało', '368', 'osób', ',', 'a', 'gęstość', 'zaludnienia', 'wynosiła', '25', '""', 'osób', '/', 'km', '²', '(', 'wśród', '1467', 'gmin', 'regionu', 'Poitou-Charentes', 'Saint-Germain-de-Longue-Chaume', 'plasuje', 'się', 'na', '655', '.']"	[0, 0, 0, 0, 0, 0, 0, 0, 0, 0, 0, 0, 0, 0, 0, 0, 0, 0, 0, 0, 0, 0, 0, 0, 0, 5, 0, 0, 0, 0, 0, 0]	pl	"Według danych na rok 1990 gminę zamieszkiwało 368 osób, a gęstość zaludnienia wynosiła 25 ""osób / km ² (wśród 1467 gmin regionu Poitou-Charentes Saint-Germain-de-Longue-Chaume plasuje się na 655."
['W', 'maju', '2014', 'objął', 'posadę', 'szkoleniowca', 'Kuopion', 'Palloseura', '.']	[0, 0, 0, 0, 0, 0, 3, 4, 0]	pl	W maju 2014 objął posadę szkoleniowca Kuopion Palloseura.
['Stolicą', 'obwodu', 'jest', 'Połtawa', '.']	[0, 0, 0, 5, 0]	pl	Stolicą obwodu jest Połtawa.
['Jego', 'twórcą', 'jest', 'Joseph', 'de', 'Maistre', '.']	[0, 0, 0, 1, 2, 2, 0]	pl	Jego twórcą jest Joseph de Maistre.
"['""', 'Saint-Clément-sur-Valsonne', '""', '–', 'miejscowość', 'i', 'gmina', 'we', 'Francji', ',', 'w', 'regionie', 'Owernia-Rodan-Alpy', ',', 'w', 'departamencie', 'Rodan', '.']"	[0, 0, 0, 0, 0, 0, 0, 0, 5, 0, 0, 0, 5, 0, 0, 0, 5, 0]	pl	"""Saint-Clément-sur-Valsonne"" – miejscowość i gmina we Francji, w regionie Owernia-Rodan-Alpy, w departamencie Rodan."
"['""', 'Estaing', '""', '–', 'miejscowość', 'i', 'gmina', 'we', 'Francji', ',', 'w', 'regionie', 'Oksytania', ',', 'w', 'departamencie', 'Pireneje', 'Wysokie', '.']"	[0, 0, 0, 0, 0, 0, 0, 0, 5, 0, 0, 0, 5, 0, 0, 0, 5, 6, 0]	pl	"""Estaing"" – miejscowość i gmina we Francji, w regionie Oksytania, w departamencie Pireneje Wysokie."
['Z', 'ich', 'pomocą', 'Decepticony', 'zostają', 'zniszczone', '.']	[0, 0, 0, 7, 0, 0, 0]	pl	Z ich pomocą Decepticony zostają zniszczone.
['rezultatem', 'w', 'historii', 'światowej', 'lekkoatletyki', '(', 'szybciej', 'pobiegł', 'jedynie', 'Hicham', 'El', 'Guerrouj', ')', '.']	[0, 0, 0, 0, 0, 0, 0, 0, 0, 1, 2, 2, 0, 0]	pl	rezultatem w historii światowej lekkoatletyki (szybciej pobiegł jedynie Hicham El Guerrouj).
['W', 'zawodach', 'tych', 'wyprzedził', 'go', 'jedynie', 'reprezentant', 'gospodarzy', ',', 'Siergiej', 'Suchoruczenkow', '.']	[0, 0, 0, 0, 0, 0, 0, 0, 0, 1, 2, 0]	pl	W zawodach tych wyprzedził go jedynie reprezentant gospodarzy, Siergiej Suchoruczenkow.
['Głównymi', 'ośrodkami', 'w', 'czasach', 'cesarstwa', 'były', 'Nikopolis', 'i', 'Buthrotum', '.']	[0, 0, 0, 0, 0, 0, 5, 0, 5, 0]	pl	Głównymi ośrodkami w czasach cesarstwa były Nikopolis i Buthrotum.
"['""', 'MC68882', '""', '-', 'koprocesor', 'arytmetyczny', 'stworzony', 'przez', 'firmę', 'Motorola', '(', 'obecnie', 'produkowany', 'przez', 'Freescale', 'Semiconductor', ')', ',', 'należący', 'do', 'rodziny', 'M68000', '(', 'zwanej', 'też', 'rodziną', '""', '68k', '""', ')', '.']"	[0, 0, 0, 0, 0, 0, 0, 0, 0, 3, 0, 0, 0, 0, 3, 4, 0, 0, 0, 0, 0, 7, 0, 0, 0, 0, 0, 0, 0, 0, 0]	pl	"""MC68882"" - koprocesor arytmetyczny stworzony przez firmę Motorola (obecnie produkowany przez Freescale Semiconductor), należący do rodziny M68000 (zwanej też rodziną ""68k"")."
"['(', '1995', ')', 'i', '""', 'Twin', 'Pigs', '""', '(', '1997', ')', '.']"	[0, 0, 0, 0, 0, 7, 8, 0, 0, 0, 0, 0]	pl	"(1995) i ""Twin Pigs"" (1997)."
['Wiódł', 'prowadzenie', 'przez', 'wszystkie', 'górskie', 'etapy', 'i', 'dopiero', 'Greg', 'LeMond', 'na', 'przedostatnim', 'etapie', 'podczas', 'jazdy', 'indywidualnej', 'na', 'czas', 'był', 'w', 'stanie', 'odebrać', 'mu', 'pozycję', 'lidera', 'wyścigu', '.']	[0, 0, 0, 0, 0, 0, 0, 0, 1, 2, 0, 0, 0, 0, 0, 0, 0, 0, 0, 0, 0, 0, 0, 0, 0, 0, 0]	pl	Wiódł prowadzenie przez wszystkie górskie etapy i dopiero Greg LeMond na przedostatnim etapie podczas jazdy indywidualnej na czas był w stanie odebrać mu pozycję lidera wyścigu.
"['W', 'trzynastym', 'kanale', 'telewizyjnym', 'stwierdził', 'on', 'że', '""', 'Adolf', 'Hitler', 'był', 'wielką', 'jednostką', 'dla', 'swojego', 'kraju', '""', 'i', '""', 'jeśli', 'kraj', 'stawia', 'czoła', 'sytuacji', 'wyjątkowej', ',', 'każde', 'rozwiązanie', 'jest', 'dobre', 'i', 'jest', 'nim', 'także', 'zamach', 'stanu', '.']"	[0, 0, 0, 0, 0, 0, 0, 0, 1, 2, 0, 0, 0, 0, 0, 0, 0, 0, 0, 0, 0, 0, 0, 0, 0, 0, 0, 0, 0, 0, 0, 0, 0, 0, 0, 0, 0]	pl	"W trzynastym kanale telewizyjnym stwierdził on że ""Adolf Hitler był wielką jednostką dla swojego kraju"" i ""jeśli kraj stawia czoła sytuacji wyjątkowej, każde rozwiązanie jest dobre i jest nim także zamach stanu."
['Sezon', 'PŚ', '2013', '/', '2014', 'rozpoczął', 'się', 'także', 'w', 'Klingenthal', '.']	[0, 7, 0, 0, 0, 0, 0, 0, 0, 5, 0]	pl	Sezon PŚ 2013 / 2014 rozpoczął się także w Klingenthal.
['30', 'czerwca', '1990', 'w', 'Palma', 'de', 'Mallorca', ')', '–', 'hiszpański', 'piłkarz', 'występujący', 'na', 'pozycji', 'obrońcy', 'w', 'UD', 'Almería', '..']	[0, 0, 0, 0, 5, 6, 6, 0, 0, 0, 0, 0, 0, 0, 0, 0, 3, 4, 0]	pl	30 czerwca 1990 w Palma de Mallorca) – hiszpański piłkarz występujący na pozycji obrońcy w UD Almería..
"['Natomiast', 'w', 'pierwszym', 'tygodniu', 'sprzedaży', 'w', 'Japonii', ',', 'znalazło', 'się', 'na', 'drugim', 'miejscu', 'w', 'rankingu', 'z', 'wynikiem', 'sprzedaży', '124', '989', 'egzemplarzy', ',', 'ustępując', 'tylko', '""', 'Super', 'Mario', '3D', 'Land', '""', '.']"	[0, 0, 0, 0, 0, 0, 5, 0, 0, 0, 0, 0, 0, 0, 0, 0, 0, 0, 0, 0, 0, 0, 0, 0, 0, 7, 8, 8, 8, 0, 0]	pl	"Natomiast w pierwszym tygodniu sprzedaży w Japonii, znalazło się na drugim miejscu w rankingu z wynikiem sprzedaży 124 989 egzemplarzy, ustępując tylko ""Super Mario 3D Land""."
['Stanisław', 'Grzmot-Skotnicki', '.']	[1, 2, 0]	pl	Stanisław Grzmot-Skotnicki.
['Koncert', 'ten', 'włączyli', 'do', 'swojego', 'repertuaru', 'm.in.', 'Ewa', 'Pobłocka', 'i', 'Piotr', 'Paleczny', '.']	[0, 0, 0, 0, 0, 0, 0, 1, 2, 0, 1, 2, 0]	pl	Koncert ten włączyli do swojego repertuaru m.in. Ewa Pobłocka i Piotr Paleczny.
['Odkrył', 'ją', 'John', 'Herschel', '29', 'sierpnia', '1829', 'roku', '.']	[0, 0, 1, 2, 0, 0, 0, 0, 0]	pl	Odkrył ją John Herschel 29 sierpnia 1829 roku.
['Wówczas', 'wiele', 'podróżował', 'w', 'tym', 'rejonie', '–', 'w', 'ramach', 'podróży', 'służbowych', 'odwiedził', 'm.in.', 'Pekin', ',', 'Szanghaj', ',', 'Qingdao', 'i', 'Chongqing', '.']	[0, 0, 0, 0, 0, 0, 0, 0, 0, 0, 0, 0, 0, 5, 0, 5, 0, 5, 0, 5, 0]	pl	Wówczas wiele podróżował w tym rejonie – w ramach podróży służbowych odwiedził m.in. Pekin, Szanghaj, Qingdao i Chongqing.
['Wieś', 'położona', 'przy', 'drodze', 'krajowej', 'nr', '3', 'Szczecin', '-', 'Świnoujście', 'po', 'obu', 'jej', 'stronach', '.']	[0, 0, 0, 0, 0, 0, 0, 5, 0, 5, 0, 0, 0, 0, 0]	pl	Wieś położona przy drodze krajowej nr 3 Szczecin - Świnoujście po obu jej stronach.
['Przez', 'całą', 'karierę', 'związany', 'był', 'z', 'klubem', 'Real', 'Sociedad', '.']	[0, 0, 0, 0, 0, 0, 0, 3, 4, 0]	pl	Przez całą karierę związany był z klubem Real Sociedad.
['Obecnie', 'jest', 'komentatorem', 'TVP', 'Sport', '.']	[0, 0, 0, 3, 4, 0]	pl	Obecnie jest komentatorem TVP Sport.
['Samolot', 'zastąpiony', 'został', 'przez', 'nowocześniejszy', 'model', 'Ił-96', '.']	[0, 0, 0, 0, 0, 0, 7, 0]	pl	Samolot zastąpiony został przez nowocześniejszy model Ił-96.
['Jego', 'dziadkiem', 'od', 'strony', 'matki', 'był', 'znany', 'architekt', 'Fryderyk', 'Albert', 'Lessel', '.']	[0, 0, 0, 0, 0, 0, 0, 0, 1, 2, 2, 0]	pl	Jego dziadkiem od strony matki był znany architekt Fryderyk Albert Lessel.
['Należy', 'do', 'pasma', 'Jotunheimen', '.']	[0, 0, 0, 5, 0]	pl	Należy do pasma Jotunheimen.
['miejscu', '(', 'jego', 'partner', 'Troy', 'Corser', 'był', 'czwarty', ')', '.']	[0, 0, 0, 0, 1, 2, 0, 0, 0, 0]	pl	miejscu (jego partner Troy Corser był czwarty).
['Jak', 'wspomniano', 'wyżej', ',', 'William', 'Parks', 'zasugerował', ',', 'że', 'grzebień', 'łączył', 'się', 'z', 'kręgami', 'poprzez', 'więzadło', 'lub', 'mięśnie', ',', 'pomagając', 'w', 'ruchach', 'i', 'wspierając', 'głowę', '.']	[0, 0, 0, 0, 1, 2, 0, 0, 0, 0, 0, 0, 0, 0, 0, 0, 0, 0, 0, 0, 0, 0, 0, 0, 0, 0]	pl	Jak wspomniano wyżej, William Parks zasugerował, że grzebień łączył się z kręgami poprzez więzadło lub mięśnie, pomagając w ruchach i wspierając głowę.
"['12', 'marca', '2011', 'libijskie', 'siły', 'zbrojne', 'wyparły', 'w', 'nocy', 'rebeliantów', 'z', 'okolic', 'ośrodka', 'przemysłu', 'naftowego', 'Ras', 'al-Unuf', 'na', 'odległość', '20', '""', 'km', 'do', 'miejscowości', 'Al-Ukajla', '.']"	[0, 0, 0, 0, 0, 0, 0, 0, 0, 0, 0, 0, 0, 0, 0, 5, 6, 0, 0, 0, 0, 0, 0, 0, 5, 0]	pl	"12 marca 2011 libijskie siły zbrojne wyparły w nocy rebeliantów z okolic ośrodka przemysłu naftowego Ras al-Unuf na odległość 20 ""km do miejscowości Al-Ukajla."
['Siedzibą', 'organizacji', 'jest', 'Zurych', '.']	[0, 0, 0, 5, 0]	pl	Siedzibą organizacji jest Zurych.
['Głównym', 'portem', 'zatoki', 'jest', 'Marsylia', '.']	[0, 0, 0, 0, 5, 0]	pl	Głównym portem zatoki jest Marsylia.
"['W', '2016', 'roku', 'Andrea', 'Iannone', 'na', 'torze', 'w', 'Mugello', 'osiągnął', 'prędkość', '354,9', '""', 'km/h', ',', 'co', 'jest', 'rekordem', 'prędkości', 'w', 'historii', 'MotoGP', '.']"	[0, 0, 0, 1, 2, 0, 0, 0, 5, 0, 0, 0, 0, 0, 0, 0, 0, 0, 0, 0, 0, 0, 0]	pl	"W 2016 roku Andrea Iannone na torze w Mugello osiągnął prędkość 354,9 ""km/h, co jest rekordem prędkości w historii MotoGP."
"['""', 'Oze', '""', '–', 'miejscowość', 'i', 'gmina', 'we', 'Francji', ',', 'w', 'regionie', 'Prowansja-Alpy-Lazurowe', 'Wybrzeże', ',', 'w', 'departamencie', 'Alpy', 'Wysokie', '.']"	[0, 0, 0, 0, 0, 0, 0, 0, 5, 0, 0, 0, 5, 6, 0, 0, 0, 5, 6, 0]	pl	"""Oze"" – miejscowość i gmina we Francji, w regionie Prowansja-Alpy-Lazurowe Wybrzeże, w departamencie Alpy Wysokie."
"['Następca', 'filmu', '""', 'Scooby', 'Doo', ':', 'Wielka', 'draka', 'wilkołaka', '""', '.']"	[0, 0, 0, 7, 8, 8, 8, 8, 8, 0, 0]	pl	"Następca filmu ""Scooby Doo: Wielka draka wilkołaka""."
['Mieszkała', 'między', 'innymi', 'w', 'Miami', ',', 'Houston', ',', 'Atlancie', ',', 'Georgii', 'i', 'Los', 'Angeles', '.']	[0, 0, 0, 0, 5, 0, 5, 0, 5, 0, 5, 0, 5, 6, 0]	pl	Mieszkała między innymi w Miami, Houston, Atlancie, Georgii i Los Angeles.
"['Wieś', 'jest', 'siedzibą', 'sołectwa', '""', 'Morany', '""', ',', 'w', 'którego', 'skład', 'wchodzą', 'również', 'Kuksy', 'i', 'Stanówko', '.']"	[0, 0, 0, 0, 0, 0, 0, 0, 0, 0, 0, 0, 0, 5, 0, 5, 0]	pl	"Wieś jest siedzibą sołectwa ""Morany"", w którego skład wchodzą również Kuksy i Stanówko."
['Chorwacja', 'odziedziczyła', 'dwadzieścia', 'pięć', 'lub', 'trzydzieści', 'sztuk', 'po', 'Jugosławii', ',', 'lecz', 'wkrótce', 'wycofała', 'je', 'z', 'użytku', '.']	[5, 0, 0, 0, 0, 0, 0, 0, 3, 0, 0, 0, 0, 0, 0, 0, 0]	pl	Chorwacja odziedziczyła dwadzieścia pięć lub trzydzieści sztuk po Jugosławii, lecz wkrótce wycofała je z użytku.
['Z', 'regionem', 'Oaxaca', '(', 'ok', '.']	[0, 0, 5, 0, 0, 0]	pl	Z regionem Oaxaca (ok.
['Mieszka', 'w', 'Joensuu', ',', '.']	[0, 0, 5, 0, 0]	pl	Mieszka w Joensuu,.
['Papież', 'Grzegorz', 'XVI', 'prekonizował', 'go', 'na', 'to', 'stanowisko', '1', 'lutego', '1836', '.']	[0, 1, 2, 0, 0, 0, 0, 0, 0, 0, 0, 0]	pl	Papież Grzegorz XVI prekonizował go na to stanowisko 1 lutego 1836.
['Nie', 'pojawiła', 'się', 'tym', 'samym', 'w', 'trakcie', 'etapu', 'czwartego', 'i', 'piątego', 'Vertigo', 'Tour', '.']	[0, 0, 0, 0, 0, 0, 0, 0, 0, 0, 0, 7, 8, 0]	pl	Nie pojawiła się tym samym w trakcie etapu czwartego i piątego Vertigo Tour.
['Wprowadzono', 'też', 'inne', 'zmiany', ',', 'jak', 'zmniejszenie', 'objętości', 'zbiorników', 'paliwa', ',', 'przy', 'dodaniu', 'jednocześnie', 'małego', 'zbiornika', 'w', 'kadłubie', 'oraz', 'zastosowano', 'podwozie', 'podobnego', 'typu', 'do', 'Jak-9', ',', 'lecz', 'w', 'dalszym', 'ciągu', 'zakrywane', 'trójdzielnymi', 'klapami', '.']	[0, 0, 0, 0, 0, 0, 0, 0, 0, 0, 0, 0, 0, 0, 0, 0, 0, 0, 0, 0, 0, 0, 0, 0, 7, 0, 0, 0, 0, 0, 0, 0, 0, 0]	pl	Wprowadzono też inne zmiany, jak zmniejszenie objętości zbiorników paliwa, przy dodaniu jednocześnie małego zbiornika w kadłubie oraz zastosowano podwozie podobnego typu do Jak-9, lecz w dalszym ciągu zakrywane trójdzielnymi klapami.
['Wchodzi', 'w', 'skład', 'aglomeracji', 'stołecznej', 'Gran', 'Santiago', '.']	[0, 0, 0, 0, 0, 5, 5, 0]	pl	Wchodzi w skład aglomeracji stołecznej Gran Santiago.
['Ważniejsze', 'dopływy', 'to', 'm.in.', 'Čeladenka', ',', 'Morawka', ',', 'Łucyna', '.']	[0, 0, 0, 0, 5, 0, 5, 0, 5, 0]	pl	Ważniejsze dopływy to m.in. Čeladenka, Morawka, Łucyna.
"['""', 'Saussay-la-Campagne', '""', '–', 'miejscowość', 'i', 'gmina', 'we', 'Francji', ',', 'w', 'regionie', 'Normandia', ',', 'w', 'departamencie', 'Eure', '.']"	[0, 0, 0, 0, 0, 0, 0, 0, 5, 0, 0, 0, 5, 0, 0, 0, 5, 0]	pl	"""Saussay-la-Campagne"" – miejscowość i gmina we Francji, w regionie Normandia, w departamencie Eure."
['Spędził', 'tam', 'jednak', 'tylko', 'pół', 'roku', ',', 'a', 'w', 'lipcu', '2004', 'podpisał', 'kontrakt', 'z', 'RC', 'Lens', '.']	[0, 0, 0, 0, 0, 0, 0, 0, 0, 0, 0, 0, 0, 0, 3, 4, 0]	pl	Spędził tam jednak tylko pół roku, a w lipcu 2004 podpisał kontrakt z RC Lens.
['Tomasz', 'Strzyżewski', 'w', 'książce', 'o', 'peerelowskiej', 'cenzurze', 'publikuje', 'informacje', 'na', 'ten', 'temat', '.']	[1, 2, 0, 0, 0, 0, 0, 0, 0, 0, 0, 0, 0]	pl	Tomasz Strzyżewski w książce o peerelowskiej cenzurze publikuje informacje na ten temat.
['W', '2001', 'zaangażował', 'się', 'w', 'organizację', 'nowego', 'ugrupowania', 'pod', 'nazwą', 'Europejska', 'Demokracja', ',', 'która', 'zakończyła', 'działalność', 'po', 'nieudanych', 'wyborach', 'parlamentarnych', '.']	[0, 0, 0, 0, 0, 0, 0, 0, 0, 0, 3, 4, 0, 0, 0, 0, 0, 0, 0, 0, 0]	pl	W 2001 zaangażował się w organizację nowego ugrupowania pod nazwą Europejska Demokracja, która zakończyła działalność po nieudanych wyborach parlamentarnych.
['Ceremonii', 'przewodził', 'arcybiskup', 'Monako', ',', 'Bernard', 'Barsi', '.']	[0, 0, 0, 5, 0, 1, 2, 0]	pl	Ceremonii przewodził arcybiskup Monako, Bernard Barsi.
"['Leży', '14,3', '""', 'km', 'na', 'wschód', 'od', 'miasta', 'Preston', ',', '39,8', '""', 'km', 'na', 'południowy', 'wschód', 'od', 'miasta', 'Lancaster', 'i', '296,6', '""', 'km', 'na', 'północny', 'zachód', 'od', 'Londynu', '.']"	[0, 0, 0, 0, 0, 0, 0, 0, 5, 0, 0, 0, 0, 0, 0, 0, 0, 0, 5, 0, 0, 0, 0, 0, 0, 0, 0, 5, 0]	pl	"Leży 14,3 ""km na wschód od miasta Preston, 39,8"" km na południowy wschód od miasta Lancaster i 296,6 ""km na północny zachód od Londynu."
"['W', '1994', 'został', 'zaproszony', 'do', 'współprodukcji', 'nad', 'albumem', '""', 'The', 'Downward', 'Spiral', '""', 'grupy', 'Nine', 'Inch', 'Nails', 'oraz', 'nad', 'kolejnym', 'wydawnictwem', 'Depeche', 'Mode', '–', 'płytą', '""', 'Songs', 'of', 'Faith', 'and', 'Devotion', '""', '.']"	[0, 0, 0, 0, 0, 0, 0, 0, 0, 7, 8, 8, 0, 0, 3, 4, 4, 0, 0, 0, 0, 3, 4, 0, 0, 0, 7, 8, 8, 8, 8, 0, 0]	pl	"W 1994 został zaproszony do współprodukcji nad albumem ""The Downward Spiral"" grupy Nine Inch Nails oraz nad kolejnym wydawnictwem Depeche Mode – płytą ""Songs of Faith and Devotion""."
['W', 'jego', 'granice', 'weszły', 'miejscowości', 'z', 'powiatu', 'żywieckiego', '(', 'Kuków', ',', 'Hucisko', ',', 'Pewelka', ',', 'Kurów', ',', 'Targoszów', ',', 'Krzeszów', ',', 'Stryszawa', ',', 'Lachowice', 'i', 'Sucha', 'Beskidzka', ')', 'i', 'wadowickiego', '.']	[0, 0, 0, 0, 0, 0, 0, 0, 0, 5, 0, 5, 0, 5, 0, 5, 0, 5, 0, 5, 0, 5, 0, 5, 0, 5, 6, 0, 0, 0, 0]	pl	W jego granice weszły miejscowości z powiatu żywieckiego (Kuków, Hucisko, Pewelka, Kurów, Targoszów, Krzeszów, Stryszawa, Lachowice i Sucha Beskidzka) i wadowickiego.
['W', 'mieście', 'znajduje', 'się', 'międzynarodowy', 'Port', 'lotniczy', 'Timișoara', '.']	[0, 0, 0, 0, 0, 5, 6, 6, 0]	pl	W mieście znajduje się międzynarodowy Port lotniczy Timișoara.
"['Na', 'początku', 'tej', 'dekady', 'rozpoczęto', 'produkcję', '""', 'Gundama', '""', '(', '""', 'Gandamu', '""', ')', ',', 'rozpoczęła', 'się', 'też', 'kariera', 'Rumiko', 'Takahashi', '.']"	[0, 0, 0, 0, 0, 0, 0, 0, 0, 0, 0, 0, 0, 0, 0, 0, 0, 0, 0, 1, 2, 0]	pl	"Na początku tej dekady rozpoczęto produkcję ""Gundama"" (""Gandamu""), rozpoczęła się też kariera Rumiko Takahashi."
['Obecnie', 'przepływającym', 'statkom', 'zadanie', 'ułatwia', 'utrzymywana', 'przez', 'Chile', 'latarnia', 'morska', '.']	[0, 0, 0, 0, 0, 0, 0, 5, 0, 0, 0]	pl	Obecnie przepływającym statkom zadanie ułatwia utrzymywana przez Chile latarnia morska.
"['""', 'Ansacq', '""', '–', 'miejscowość', 'i', 'gmina', 'we', 'Francji', ',', 'w', 'regionie', 'Hauts-de-France', ',', 'w', 'departamencie', 'Oise', '.']"	[0, 0, 0, 0, 0, 0, 0, 0, 5, 0, 0, 0, 5, 0, 0, 0, 5, 0]	pl	"""Ansacq"" – miejscowość i gmina we Francji, w regionie Hauts-de-France, w departamencie Oise."
['Około', 'godziny', '19', 'rozmawiała', 'przez', 'telefon', 'z', 'byłym', 'mężem', 'Joe', 'DiMaggio', ',', 'który', 'nie', 'zauważył', 'niczego', 'niepokojącego', 'w', 'głosie', 'kobiety', '.']	[0, 0, 0, 0, 0, 0, 0, 0, 0, 1, 2, 0, 0, 0, 0, 0, 0, 0, 0, 0, 0]	pl	Około godziny 19 rozmawiała przez telefon z byłym mężem Joe DiMaggio, który nie zauważył niczego niepokojącego w głosie kobiety.
['W', 'trakcie', 'walk', 'pod', 'Rafah', 'wyróżnili', 'się', 'izraelscy', 'komandosi', '35', '.']	[0, 0, 0, 0, 5, 0, 0, 0, 0, 0, 0]	pl	W trakcie walk pod Rafah wyróżnili się izraelscy komandosi 35.
['Henry', 'Bessemer', 'opatentował', 'metodę', 'produkcji', 'stali', 'bezpośrednio', 'z', 'rozgrzanego', 'żelaza', '(', 'eliminując', 'proces', 'pudlarski', ')', 'poprzez', 'przedmuchiwanie', 'surówki', 'i', 'zamienianie', 'jej', 'na', 'stal', 'bezpośrednio', 'w', 'konwertorze', '(', 'tzw', '.']	[1, 2, 0, 0, 0, 0, 0, 0, 0, 0, 0, 0, 0, 0, 0, 0, 0, 0, 0, 0, 0, 0, 0, 0, 0, 0, 0, 0, 0]	pl	Henry Bessemer opatentował metodę produkcji stali bezpośrednio z rozgrzanego żelaza (eliminując proces pudlarski) poprzez przedmuchiwanie surówki i zamienianie jej na stal bezpośrednio w konwertorze (tzw.
['Rok', 'później', 'postanowił', 'wznowić', 'karierę', 'i', '16', 'lipca', '2009', 'podpisał', 'kontrakt', 'z', 'FC', 'Utrecht', '.']	[0, 0, 0, 0, 0, 0, 0, 0, 0, 0, 0, 0, 3, 4, 0]	pl	Rok później postanowił wznowić karierę i 16 lipca 2009 podpisał kontrakt z FC Utrecht.
['Leży', 'we', 'Francji', '(', 'departament', 'Górna', 'Sabaudia', ')', 'blisko', 'granicy', 'ze', 'Szwajcarią', '.']	[0, 0, 5, 0, 0, 5, 6, 0, 0, 0, 0, 5, 0]	pl	Leży we Francji (departament Górna Sabaudia) blisko granicy ze Szwajcarią.
"['W', 'tym', 'samym', 'roku', 'miasto', 'weszło', 'w', 'skład', 'prowincji', 'Prusy', 'Zachodnie', ',', 'w', 'rejencji', 'gdańskiej', 'jako', 'powiat', 'miejski', '(', '""', 'Stadtkreis', '""', ')', '.']"	[0, 0, 0, 0, 0, 0, 0, 0, 0, 5, 6, 0, 0, 0, 0, 0, 0, 0, 0, 0, 0, 0, 0, 0]	pl	"W tym samym roku miasto weszło w skład prowincji Prusy Zachodnie, w rejencji gdańskiej jako powiat miejski (""Stadtkreis"")."
['III', 'Rzeczpospolita', 'jest', 'już', 'państwem', 'o', 'unitarnej', 'formie', 'organizacji', 'terenowej', '.']	[5, 6, 0, 0, 0, 0, 0, 0, 0, 0, 0]	pl	III Rzeczpospolita jest już państwem o unitarnej formie organizacji terenowej.
"['Jako', 'że', 'hebrajski', 'wyraz', '""', 'nahar', '""', '(', 'נהר', ')', 'oznacza', 'dużą', 'rzekę', ',', 'zrozumiałe', 'wydaje', 'się', ',', 'iż', 'chodzi', 'o', 'Nil', '.']"	[0, 0, 0, 0, 0, 0, 0, 0, 0, 0, 0, 0, 0, 0, 0, 0, 0, 0, 0, 0, 0, 5, 0]	pl	"Jako że hebrajski wyraz ""nahar"" (נהר) oznacza dużą rzekę, zrozumiałe wydaje się, iż chodzi o Nil."
"['Swetoniusz', '(', '""', 'Aug', '.']"	[1, 0, 0, 0, 0]	pl	"Swetoniusz (""Aug."
['Pierwsze', 'obserwacje', 'dokonane', 'przez', 'Teleskop', 'Subaru', 'nie', 'pozwalały', 'dokładnie', 'określić', 'natury', 'obiektu', ',', 'ale', 'podejrzewano', ',', 'że', 'jest', 'to', 'bardzo', 'wczesna', ',', 'masywna', 'galaktyka', ',', 'choć', 'powstały', 'także', 'inne', ',', 'mniej', 'prawdopodobne', 'hipotezy', '.']	[0, 0, 0, 0, 7, 8, 0, 0, 0, 0, 0, 0, 0, 0, 0, 0, 0, 0, 0, 0, 0, 0, 0, 0, 0, 0, 0, 0, 0, 0, 0, 0, 0, 0]	pl	Pierwsze obserwacje dokonane przez Teleskop Subaru nie pozwalały dokładnie określić natury obiektu, ale podejrzewano, że jest to bardzo wczesna, masywna galaktyka, choć powstały także inne, mniej prawdopodobne hipotezy.
['W', 'roku', '1989', ',', 'gdy', 'porzucono', 'projekt', 'ARPANET', ',', 'Internet', 'przejęły', 'uniwersytety', 'i', 'organizacje', 'naukowe', '.']	[0, 0, 0, 0, 0, 0, 0, 7, 0, 7, 0, 0, 0, 0, 0, 0]	pl	W roku 1989, gdy porzucono projekt ARPANET, Internet przejęły uniwersytety i organizacje naukowe.
['Jest', 'jedynym', 'lotniskiem', 'na', 'wyspie', 'Bornholm', '.']	[0, 0, 0, 0, 0, 5, 0]	pl	Jest jedynym lotniskiem na wyspie Bornholm.
['Powodem', 'była', 'jego', 'narzeczona', 'Virginia', 'Hill', ',', 'która', 'bardzo', 'lubiła', 'zabawę', 'w', 'kasynie', '.']	[0, 0, 0, 0, 1, 2, 0, 0, 0, 0, 0, 0, 0, 0]	pl	Powodem była jego narzeczona Virginia Hill, która bardzo lubiła zabawę w kasynie.
['Inspiracją', 'do', 'założenia', 'grupy', 'była', 'popularność', 'The', 'Beatles', 'oraz', 'występy', 'zespołu', 'Jefferson', 'Airplane', '.']	[0, 0, 0, 0, 0, 0, 3, 4, 0, 0, 0, 3, 4, 0]	pl	Inspiracją do założenia grupy była popularność The Beatles oraz występy zespołu Jefferson Airplane.
['Stolicą', 'stanu', 'jest', 'Alor', 'Setar', '.']	[0, 0, 0, 5, 6, 0]	pl	Stolicą stanu jest Alor Setar.
['W', 'wyniku', 'sfałszowania', 'wyborów', 'wygrał', 'je', 'Ferdinand', 'Marcos', '.']	[0, 0, 0, 0, 0, 0, 1, 2, 0]	pl	W wyniku sfałszowania wyborów wygrał je Ferdinand Marcos.
['Jubaland', '.']	[5, 0]	pl	Jubaland.
['Pod', 'kontrolą', 'tego', 'zarządu', 'znajdowały', 'się', 'Kreml', 'i', 'wszystkie', 'ważniejsze', 'rządowe', 'budynki', '.']	[0, 0, 0, 0, 0, 0, 5, 0, 0, 0, 0, 0, 0]	pl	Pod kontrolą tego zarządu znajdowały się Kreml i wszystkie ważniejsze rządowe budynki.
['Po', 'zakończeniu', 'kariery', 'przeprowadził', 'się', 'wraz', 'z', 'żoną', 'do', 'Miami', 'Beach', '.']	[0, 0, 0, 0, 0, 0, 0, 0, 0, 5, 6, 0]	pl	Po zakończeniu kariery przeprowadził się wraz z żoną do Miami Beach.
['1', 'sierpnia', '1944', 'dywizja', 'wylądowała', 'w', 'Normandii', ',', 'w', 'pobliżu', 'Caen', '.']	[0, 0, 0, 0, 0, 0, 5, 0, 0, 0, 5, 0]	pl	1 sierpnia 1944 dywizja wylądowała w Normandii, w pobliżu Caen.
['Przez', 'miasto', 'przebiega', 'droga', 'D302', ',', 'którą', 'można', 'dojechać', 'do', 'stolicy', 'prowincji', '-', 'Nevşehir', '(', 'odległość', '20', 'km', ')', '.']	[0, 0, 0, 0, 0, 0, 0, 0, 0, 0, 0, 0, 0, 5, 0, 0, 0, 0, 0, 0]	pl	Przez miasto przebiega droga D302, którą można dojechać do stolicy prowincji - Nevşehir (odległość 20 km).
['20', 'września', '1873', 'w', 'miejscowości', 'urodził', 'się', 'Franciszek', 'Hutten-Czapski', '–', 'ziemianin', ',', 'pierwszy', 'starosta', 'wrzesiński', 'w', 'odrodzonej', 'Polsce', '(', '1918', '-', '1921', ')', '.']	[0, 0, 0, 0, 0, 0, 0, 1, 2, 0, 0, 0, 0, 0, 0, 0, 0, 5, 0, 0, 0, 0, 0, 0]	pl	20 września 1873 w miejscowości urodził się Franciszek Hutten-Czapski – ziemianin, pierwszy starosta wrzesiński w odrodzonej Polsce (1918 - 1921).
"['W', 'tej', 'samej', 'kategorii', 'po', 'raz', 'drugi', 'w', 'karierze', 'nominowana', 'została', 'również', 'Maja', 'Ostaszewska', 'za', 'rolę', 'w', 'filmie', '""', 'Przemiany', '""', '.']"	[0, 0, 0, 0, 0, 0, 0, 0, 0, 0, 0, 0, 1, 2, 0, 0, 0, 0, 0, 0, 0, 0]	pl	"W tej samej kategorii po raz drugi w karierze nominowana została również Maja Ostaszewska za rolę w filmie ""Przemiany""."
['28', 'listopada', 'zdobył', 'Chojnice', ',', 'jednak', 'decyzją', 'Sejmu', 'jego', 'oddział', 'wkrótce', 'uległ', 'rozwiązaniu', '.']	[0, 0, 0, 5, 0, 0, 0, 3, 0, 0, 0, 0, 0, 0]	pl	28 listopada zdobył Chojnice, jednak decyzją Sejmu jego oddział wkrótce uległ rozwiązaniu.
"['filmy', '""', 'Quake', '""', 'owe', ',', 'oceniały', '""', 'Diary', '""', 'nisko', '.']"	[0, 0, 7, 0, 0, 0, 0, 0, 0, 0, 0, 0]	pl	"filmy ""Quake"" owe, oceniały ""Diary"" nisko."
['Giovanni', 'Batista', 'Hodierna', 'przed', '1654', 'doliczył', 'się', 'w', 'niej', '30', 'gwiazd', '.']	[1, 2, 2, 0, 0, 0, 0, 0, 0, 0, 0, 0]	pl	Giovanni Batista Hodierna przed 1654 doliczył się w niej 30 gwiazd.
['W', 'Sligo', 'spotykał', 'wuja-dziwaka', ',', 'z', 'zamiłowania', 'astrologa', ',', 'od', 'którego', 'usłyszał', 'po', 'raz', 'pierwszy', 'stare', 'mity', 'i', 'legendy', 'celtyckie', ',', 'm.in.', 'swoją', 'ulubioną', 'o', 'zaczarowanej', 'krainie', 'Sidhe', ',', 'w', 'której', 'mieli', 'przebywać', 'wielcy', 'bohaterowie', 'z', 'przeszłości', '.']	[0, 5, 0, 0, 0, 0, 0, 0, 0, 0, 0, 0, 0, 0, 0, 0, 0, 0, 0, 0, 0, 0, 0, 0, 0, 0, 0, 5, 0, 0, 0, 0, 0, 0, 0, 0, 0, 0]	pl	W Sligo spotykał wuja-dziwaka, z zamiłowania astrologa, od którego usłyszał po raz pierwszy stare mity i legendy celtyckie, m.in. swoją ulubioną o zaczarowanej krainie Sidhe, w której mieli przebywać wielcy bohaterowie z przeszłości.
['Jednocześnie', 'Bad', 'Lieutenant', 'zawiesił', 'działalność', '.']	[0, 3, 4, 0, 0, 0]	pl	Jednocześnie Bad Lieutenant zawiesił działalność.
['Ponieważ', 'Jabber', 'pozwala', 'na', 'użycie', 'bramek', 'do', 'innych', 'usług', ',', 'tak', 'zwanych', 'transportów', ',', 'używając', 'Gajima', 'można', 'połączyć', 'się', 'z', 'użytkownikami', 'Tlenu', ',', 'Gadu-Gadu', ',', 'AIM', 'czy', 'ICQ', '.']	[0, 7, 0, 0, 0, 0, 0, 0, 0, 0, 0, 0, 0, 0, 0, 0, 0, 0, 0, 0, 0, 7, 0, 7, 0, 7, 0, 7, 0]	pl	Ponieważ Jabber pozwala na użycie bramek do innych usług, tak zwanych transportów, używając Gajima można połączyć się z użytkownikami Tlenu, Gadu-Gadu, AIM czy ICQ.
"['Według', 'danych', 'na', 'rok', '1990', 'gminę', 'zamieszkiwało', '328', 'osób', ',', 'a', 'gęstość', 'zaludnienia', 'wynosiła', '22', '""', 'osób', '/', 'km', '²', '(', 'wśród', '1467', 'gmin', 'regionu', 'Poitou-Charentes', 'Charras', 'plasuje', 'się', 'na', '690', '.']"	[0, 0, 0, 0, 0, 0, 0, 0, 0, 0, 0, 0, 0, 0, 0, 0, 0, 0, 0, 0, 0, 0, 0, 0, 0, 5, 0, 0, 0, 0, 0, 0]	pl	"Według danych na rok 1990 gminę zamieszkiwało 328 osób, a gęstość zaludnienia wynosiła 22 ""osób / km ² (wśród 1467 gmin regionu Poitou-Charentes Charras plasuje się na 690."
['Graniczy', 'z', 'regionami', ':', 'Bretania', ',', 'Nowa', 'Akwitania', ',', 'Normandia', 'i', 'Region', 'Centralny-Dolina', 'Loary', '.']	[0, 0, 0, 0, 5, 0, 5, 6, 0, 5, 0, 5, 6, 6, 0]	pl	Graniczy z regionami: Bretania, Nowa Akwitania, Normandia i Region Centralny-Dolina Loary.
"['Według', 'danych', 'na', 'rok', '1990', 'gminę', 'zamieszkiwało', '20', '""', '567', 'osób', ',', 'a', 'gęstość', 'zaludnienia', 'wynosiła', '785', '""', 'osób', '/', 'km', '²', '(', 'wśród', '1549', 'gmin', 'regionu', 'Nord-Pas-de-Calais', 'Hazebrouck', 'plasuje', 'się', 'na', '29', '.']"	[0, 0, 0, 0, 0, 0, 0, 0, 0, 0, 0, 0, 0, 0, 0, 0, 0, 0, 0, 0, 0, 0, 0, 0, 0, 0, 0, 5, 0, 0, 0, 0, 0, 0]	pl	"Według danych na rok 1990 gminę zamieszkiwało 20 ""567 osób, a gęstość zaludnienia wynosiła 785"" osób / km ² (wśród 1549 gmin regionu Nord-Pas-de-Calais Hazebrouck plasuje się na 29."
['W', 'zabytki', 'z', 'czasów', 'rzymskich', 'obfituje', 'Tarragona', 'i', 'Sagunto', ',', 'z', 'czasów', 'arabskich', 'Sewilla', ',', 'Kordoba', ',', 'a', 'szczególnie', 'Grenada', '(', 'Alhambra', ')', 'i', 'Generalife', '–', 'perła', 'architektury', 'mauretańskiej', '.']	[0, 0, 0, 0, 0, 0, 5, 0, 5, 0, 0, 0, 0, 5, 0, 5, 0, 0, 0, 5, 0, 5, 0, 0, 5, 0, 0, 0, 0, 0]	pl	W zabytki z czasów rzymskich obfituje Tarragona i Sagunto, z czasów arabskich Sewilla, Kordoba, a szczególnie Grenada (Alhambra) i Generalife – perła architektury mauretańskiej.
['Wybitnie', 'zaznaczył', 'się', 'Mykoła', 'Kostomarow', ',', 'poeta', ',', 'dramaturg', ',', 'prozaik', ',', 'historyk', ',', 'folklorysta', ',', 'krytyk', 'literacki', 'i', 'publicysta', '.']	[0, 0, 0, 1, 2, 0, 0, 0, 0, 0, 0, 0, 0, 0, 0, 0, 0, 0, 0, 0, 0]	pl	Wybitnie zaznaczył się Mykoła Kostomarow, poeta, dramaturg, prozaik, historyk, folklorysta, krytyk literacki i publicysta.
"['Natomiast', 'w', '2009', 'swój', 'jeden', 'z', 'największych', 'koncertów', 'podczas', 'trasy', 'promującej', 'album', '""', 'Sounds', 'of', 'the', 'Universe', '""', 'zagrała', 'brytyjska', 'grupa', 'Depeche', 'Mode', '(', 'koncert', 'został', 'wyprzedany', ',', 'obejrzało', 'go', 'ponad', '70', 'tys', '.']"	[0, 0, 0, 0, 0, 0, 0, 0, 0, 0, 0, 0, 0, 7, 8, 8, 8, 0, 0, 0, 0, 3, 4, 0, 0, 0, 0, 0, 0, 0, 0, 0, 0, 0]	pl	"Natomiast w 2009 swój jeden z największych koncertów podczas trasy promującej album ""Sounds of the Universe"" zagrała brytyjska grupa Depeche Mode (koncert został wyprzedany, obejrzało go ponad 70 tys."
['2450', 'roku', 'p.n.e.', ',', 'znaleziony', 'w', 'Girsu', ',', 'do', 'naszych', 'czasów', 'przetrwał', 'we', 'fragmentach', '.']	[0, 0, 0, 0, 0, 0, 5, 0, 0, 0, 0, 0, 0, 0, 0]	pl	2450 roku p.n.e., znaleziony w Girsu, do naszych czasów przetrwał we fragmentach.
"['Jego', 'nazwa', 'znaczy', '""', 'Jaszczur', 'z', 'Szantung', '""', '.']"	[0, 0, 0, 0, 0, 0, 5, 0, 0]	pl	"Jego nazwa znaczy ""Jaszczur z Szantung""."
['Kolejna', 'kulminacja', 'przemocy', 'religijnej', 'miała', 'miejsce', 'wraz', 'z', 'początkiem', 'lutego', '2014', ',', 'kiedy', 'to', 'bojownicy', 'eks-Seleki', 'wycofali', 'się', 'z', 'Bangi', '.']	[0, 0, 0, 0, 0, 0, 0, 0, 0, 0, 0, 0, 0, 0, 0, 0, 0, 0, 0, 5, 0]	pl	Kolejna kulminacja przemocy religijnej miała miejsce wraz z początkiem lutego 2014, kiedy to bojownicy eks-Seleki wycofali się z Bangi.
['Na', 'Haiti', ',', 'w', 'zaduszki', 'śpiewa', 'się', 'ku', 'jego', 'czci', 'na', 'cmentarzach', 'zmysłowe', ',', 'erotyczne', 'i', 'wesołe', 'pieśni', ',', 'aby', 'zjednać', 'jego', 'przychylność', '.']	[0, 5, 0, 0, 0, 0, 0, 0, 0, 0, 0, 0, 0, 0, 0, 0, 0, 0, 0, 0, 0, 0, 0, 0]	pl	Na Haiti, w zaduszki śpiewa się ku jego czci na cmentarzach zmysłowe, erotyczne i wesołe pieśni, aby zjednać jego przychylność.
"['Anatolij', 'Karpow', 'w', 'swojej', 'książce', '""', '50', 'miniatur', 'mistrzów', 'świata', '""', 'podniósł', 'górną', 'granicę', 'do', '30', '.']"	[1, 2, 0, 0, 0, 0, 0, 0, 0, 0, 0, 0, 0, 0, 0, 0, 0]	pl	"Anatolij Karpow w swojej książce ""50 miniatur mistrzów świata"" podniósł górną granicę do 30."
['Jednym', 'z', 'jego', 'partnerów', 'w', 'drużynie', 'był', 'Oleg', 'Romancew', ',', 'z', 'którym', 'w', 'późniejszych', 'latach', 'współpracował', 'jako', 'szkoleniowiec', '.']	[0, 0, 0, 0, 0, 0, 0, 1, 2, 0, 0, 0, 0, 0, 0, 0, 0, 0, 0]	pl	Jednym z jego partnerów w drużynie był Oleg Romancew, z którym w późniejszych latach współpracował jako szkoleniowiec.
['Kilka', 'tygodni', 'później', 'w', 'meczu', 'z', 'Sevillą', 'na', 'Camp', 'Nou', '(', '4:0', ')', 'strzelił', 'dwie', 'bramki', ',', 'zdobywając', 'tym', 'samym', '100', 'gola', 'dla', 'FC', 'Barcelony', '.']	[0, 0, 0, 0, 0, 0, 3, 0, 5, 6, 0, 0, 0, 0, 0, 0, 0, 0, 0, 0, 0, 0, 0, 3, 4, 0]	pl	Kilka tygodni później w meczu z Sevillą na Camp Nou (4:0) strzelił dwie bramki, zdobywając tym samym 100 gola dla FC Barcelony.
"['""', 'Cazac', '""', '–', 'miejscowość', 'i', 'gmina', 'we', 'Francji', ',', 'w', 'regionie', 'Oksytania', ',', 'w', 'departamencie', 'Górna', 'Garonna', '.']"	[0, 0, 0, 0, 0, 0, 0, 0, 5, 0, 0, 0, 5, 0, 0, 0, 5, 6, 0]	pl	"""Cazac"" – miejscowość i gmina we Francji, w regionie Oksytania, w departamencie Górna Garonna."
"['Według', 'danych', 'na', 'rok', '1990', 'gminę', 'zamieszkiwało', '435', 'osób', ',', 'a', 'gęstość', 'zaludnienia', 'wynosiła', '42', '""', 'osób', '/', 'km', '²', '(', 'wśród', '1549', 'gmin', 'regionu', 'Nord-Pas-de-Calais', 'Coulomby', 'plasuje', 'się', 'na', '830', '.']"	[0, 0, 0, 0, 0, 0, 0, 0, 0, 0, 0, 0, 0, 0, 0, 0, 0, 0, 0, 0, 0, 0, 0, 0, 0, 5, 0, 0, 0, 0, 0, 0]	pl	"Według danych na rok 1990 gminę zamieszkiwało 435 osób, a gęstość zaludnienia wynosiła 42 ""osób / km ² (wśród 1549 gmin regionu Nord-Pas-de-Calais Coulomby plasuje się na 830."
['Pierwotnie', 'organizowany', 'w', 'Puri', 'w', 'Indiach', '.']	[0, 0, 0, 5, 0, 5, 0]	pl	Pierwotnie organizowany w Puri w Indiach.
['W', 'lidze', 'tej', 'zadebiutował', '16', 'sierpnia', '1980', 'roku', 'w', 'przegranym', '1:2', 'spotkaniu', 'z', 'VfB', 'Stuttgart', '.']	[0, 0, 0, 0, 0, 0, 0, 0, 0, 0, 0, 0, 0, 3, 4, 0]	pl	W lidze tej zadebiutował 16 sierpnia 1980 roku w przegranym 1:2 spotkaniu z VfB Stuttgart.
['W', 'ramach', 'komasacji', 'gruntów', 'w', '1934', 'rodzina', 'przeprowadziła', 'się', 'do', 'miejscowości', 'Cieszacin', 'Wielki', '.']	[0, 0, 0, 0, 0, 0, 0, 0, 0, 0, 0, 5, 6, 0]	pl	W ramach komasacji gruntów w 1934 rodzina przeprowadziła się do miejscowości Cieszacin Wielki.
"['W', 'tym', 'samym', 'roku', 'zespół', 'nagrał', 'album', '""', 'Bosonossa', 'and', 'Other', 'Ballads', '""', '.']"	[0, 0, 0, 0, 0, 0, 0, 0, 7, 8, 8, 8, 0, 0]	pl	"W tym samym roku zespół nagrał album ""Bosonossa and Other Ballads""."
['Chorążym', 'ekipy', 'była', 'Christelle', 'Laura', 'Douibi', '.']	[0, 0, 0, 1, 2, 2, 0]	pl	Chorążym ekipy była Christelle Laura Douibi.
['Ich', 'głównym', 'sukcesorem', 'w', 'zakresie', 'fabryki', 'w', 'Starachowicach', 'jest', 'spółka', 'MAN', 'Bus', '.']	[0, 0, 0, 0, 0, 0, 0, 5, 0, 0, 3, 4, 0]	pl	Ich głównym sukcesorem w zakresie fabryki w Starachowicach jest spółka MAN Bus.
['minucie', 'przegranego', '1:3', 'meczu', 'z', 'AC', 'Ajaccio', '.']	[0, 0, 0, 0, 0, 3, 4, 0]	pl	minucie przegranego 1:3 meczu z AC Ajaccio.
['W', 'grudniu', '2019', 'podpisał', 'roczny', 'kontrakt', 'z', 'New', 'York', 'Mets', '.']	[0, 0, 0, 0, 0, 0, 0, 3, 4, 4, 0]	pl	W grudniu 2019 podpisał roczny kontrakt z New York Mets.
['Jego', 'pierwsza', 'obrona', 'tytułu', '16', 'grudnia', '1972', 'w', 'Monterrey', 'miała', 'niecodzienny', 'przebieg', '.']	[0, 0, 0, 0, 0, 0, 0, 0, 5, 0, 0, 0, 0]	pl	Jego pierwsza obrona tytułu 16 grudnia 1972 w Monterrey miała niecodzienny przebieg.
['Po', 'powrocie', 'na', 'tor', 'był', 'czternasty', ',', 'jednak', 'wyprzedził', 'go', 'wkrótce', 'Scott', 'Speed', '.']	[0, 0, 0, 0, 0, 0, 0, 0, 0, 0, 0, 1, 2, 0]	pl	Po powrocie na tor był czternasty, jednak wyprzedził go wkrótce Scott Speed.
['W', 'lipcu', '2011', 'przeszedł', 'do', 'hiszpańskiego', 'Baloncesto', 'Fuenlabrada', '.']	[0, 0, 0, 0, 0, 0, 3, 4, 0]	pl	W lipcu 2011 przeszedł do hiszpańskiego Baloncesto Fuenlabrada.
['Siedziba', 'gminy', 'to', 'Brwinów', '.']	[0, 0, 0, 5, 0]	pl	Siedziba gminy to Brwinów.
"['""', 'Saint-Germain-l', '’', 'Herm', '""', '–', 'miejscowość', 'i', 'gmina', 'we', 'Francji', ',', 'w', 'regionie', 'Owernia-Rodan-Alpy', ',', 'w', 'departamencie', 'Puy-de-Dôme', '.']"	[0, 0, 0, 0, 0, 0, 0, 0, 0, 0, 5, 0, 0, 0, 5, 0, 0, 0, 5, 0]	pl	"""Saint-Germain-l ’ Herm"" – miejscowość i gmina we Francji, w regionie Owernia-Rodan-Alpy, w departamencie Puy-de-Dôme."
['W', 'tym', 'samym', 'roku', 'powrócił', 'do', 'FK', 'Teplice', ',', 'gdzie', 'odzyskał', 'miejsce', 'w', 'podstawowym', 'składzie', '.']	[0, 0, 0, 0, 0, 0, 3, 4, 0, 0, 0, 0, 0, 0, 0, 0]	pl	W tym samym roku powrócił do FK Teplice, gdzie odzyskał miejsce w podstawowym składzie.
['Aktualnie', 'jest', 'dostępna', 'również', 'jego', 'implementacja', 'dla', 'systemu', 'Linux', 'rozwijana', 'przez', 'SGI', 'jako', 'projekt', 'na', 'licencji', 'wolnego', 'oprogramowania', '.']	[0, 0, 0, 0, 0, 0, 0, 0, 7, 0, 0, 3, 0, 0, 0, 0, 0, 0, 0]	pl	Aktualnie jest dostępna również jego implementacja dla systemu Linux rozwijana przez SGI jako projekt na licencji wolnego oprogramowania.
['W', '1900', 'we', 'wsi', 'urodził', 'się', 'porucznik', 'Andrzej', 'Gmerek', '(', '1900', '–', '2004', ')', '.']	[0, 0, 0, 0, 0, 0, 0, 1, 2, 0, 0, 0, 0, 0, 0]	pl	W 1900 we wsi urodził się porucznik Andrzej Gmerek (1900 – 2004).
['Po', 'odejściu', 'z', 'Fates', 'Warning', 'porzucił', 'działalność', 'artystyczną', 'i', 'podjął', 'pracę', 'jako', 'cieśla', '.']	[0, 0, 0, 3, 4, 0, 0, 0, 0, 0, 0, 0, 0, 0]	pl	Po odejściu z Fates Warning porzucił działalność artystyczną i podjął pracę jako cieśla.
"['Obecny', 'prezydent', 'Emomali', 'Rahmon', 'sprawuje', 'urząd', 'od', '16', 'listopada', '1994', 'roku', ',', 'ostatnie', 'wybory', 'prezydenckie', 'odbyły', 'się', '6', '""', 'listopada', '2013', '""', 'roku', 'i', 'zakończyły', 'się', 'zwycięstwem', 'urzędującego', 'prezydenta', 'w', 'pierwszej', 'turze', '.']"	[0, 0, 1, 2, 0, 0, 0, 0, 0, 0, 0, 0, 0, 0, 0, 0, 0, 0, 0, 0, 0, 0, 0, 0, 0, 0, 0, 0, 0, 0, 0, 0, 0]	pl	"Obecny prezydent Emomali Rahmon sprawuje urząd od 16 listopada 1994 roku, ostatnie wybory prezydenckie odbyły się 6 ""listopada 2013"" roku i zakończyły się zwycięstwem urzędującego prezydenta w pierwszej turze."
['Mrugowsky', 'jest', 'związany', 'niemal', 'z', 'wszystkimi', 'pseudoeksperymentami', 'medycznymi', 'przeprowadzanymi', 'na', 'więźniach', 'niemieckich', 'obozów', 'koncentracyjnych', '(', 'wyjątkiem', 'były', 'jedynie', 'eksperymenty', 'przeprowadzane', 'na', 'rzecz', 'Luftwaffe', ',', 'za', 'które', 'nie', 'ponosi', 'on', 'odpowiedzialności', ')', '.']	[0, 0, 0, 0, 0, 0, 0, 0, 0, 0, 0, 0, 0, 0, 0, 0, 0, 0, 0, 0, 0, 0, 3, 0, 0, 0, 0, 0, 0, 0, 0, 0]	pl	Mrugowsky jest związany niemal z wszystkimi pseudoeksperymentami medycznymi przeprowadzanymi na więźniach niemieckich obozów koncentracyjnych (wyjątkiem były jedynie eksperymenty przeprowadzane na rzecz Luftwaffe, za które nie ponosi on odpowiedzialności).
['Główne', 'miasta', ':', 'Manado', ',', 'Bitung', ',', 'Tomohon', ',', 'Kotamobagu', '.']	[0, 0, 0, 5, 0, 5, 0, 5, 0, 5, 0]	pl	Główne miasta: Manado, Bitung, Tomohon, Kotamobagu.
['Stąd', 'też', 'Arturo', 'Merzario', 'postanowił', 'o', 'niedokańczaniu', 'sezonu', ',', 'by', 'skupić', 'się', 'na', 'budowie', 'samochodu', 'na', 'sezon', '1978', '.']	[0, 0, 1, 2, 0, 0, 0, 0, 0, 0, 0, 0, 0, 0, 0, 0, 0, 0, 0]	pl	Stąd też Arturo Merzario postanowił o niedokańczaniu sezonu, by skupić się na budowie samochodu na sezon 1978.
['młodzi', 'oficerowie', 'dokonali', 'przewrotu', 'określonego', 'potem', 'jako', 'rewolucji', ',', 'w', 'rezultacie', 'którego', 'do', 'władzy', 'doszedł', 'Getúlio', 'Vargas', ',', 'wcześniejszy', 'gubernator', 'stanu', 'Rio', 'Grande', 'do', 'Sul', '.']	[0, 0, 0, 0, 0, 0, 0, 0, 0, 0, 0, 0, 0, 0, 0, 1, 2, 0, 0, 0, 0, 5, 6, 6, 6, 0]	pl	młodzi oficerowie dokonali przewrotu określonego potem jako rewolucji, w rezultacie którego do władzy doszedł Getúlio Vargas, wcześniejszy gubernator stanu Rio Grande do Sul.
['Pierwszy', 'mecz', 'w', 'barwach', 'Tampa', 'Bay', 'Lightning', 'Ciccarelli', 'rozegrał', '5', 'października', '1996', 'roku', ',', 'zdobywając', 'bramkę', 'i', 'dwa', 'punkty', 'w', 'zwycięskim', '4', '–', '3', 'meczu', 'z', 'Pittsburgh', 'Penguins', '.']	[0, 0, 0, 0, 3, 4, 4, 0, 0, 0, 0, 0, 0, 0, 0, 0, 0, 0, 0, 0, 0, 0, 0, 0, 0, 0, 3, 4, 0]	pl	Pierwszy mecz w barwach Tampa Bay Lightning Ciccarelli rozegrał 5 października 1996 roku, zdobywając bramkę i dwa punkty w zwycięskim 4 – 3 meczu z Pittsburgh Penguins.
['Ferdynand', 'Ruszczyc', 'był', 'autorem', 'okładek', 'w', 'latach', '1904', '–', '1907', '.']	[1, 2, 0, 0, 0, 0, 0, 0, 0, 0, 0]	pl	Ferdynand Ruszczyc był autorem okładek w latach 1904 – 1907.
['Mieszka', 'w', 'Cleveland', ',', 'w', 'stanie', 'Ohio', '.']	[0, 0, 5, 0, 0, 0, 5, 0]	pl	Mieszka w Cleveland, w stanie Ohio.
['W', 'rolach', 'głównych', 'wystąpili', 'Matthew', 'McConaughey', ',', 'Bill', 'Paxton', ',', 'Harvey', 'Keitel', 'i', 'Jon', 'Bon', 'Jovi', '.']	[0, 0, 0, 0, 1, 2, 0, 1, 2, 0, 1, 2, 0, 1, 2, 2, 0]	pl	W rolach głównych wystąpili Matthew McConaughey, Bill Paxton, Harvey Keitel i Jon Bon Jovi.
['10', 'lipca', '2019', 'został', 'zawodnikiem', 'Oklahoma', 'City', 'Thunder', '.']	[0, 0, 0, 0, 0, 3, 4, 4, 0]	pl	10 lipca 2019 został zawodnikiem Oklahoma City Thunder.
['Od', '1878', 'prowadził', 'agitację', 'wśród', 'rolników', ',', 'podburzając', 'ich', 'przeciwko', 'zdemoralizowanym', ',', 'przez', 'co', 'premier', 'William', 'Ewart', 'Gladstone', 'w', 'maju', '1882', 'wydał', 'nakaz', 'jego', 'uwolnienia', '.']	[0, 0, 0, 0, 0, 0, 0, 0, 0, 0, 0, 0, 0, 0, 0, 1, 2, 2, 0, 0, 0, 0, 0, 0, 0, 0]	pl	Od 1878 prowadził agitację wśród rolników, podburzając ich przeciwko zdemoralizowanym, przez co premier William Ewart Gladstone w maju 1882 wydał nakaz jego uwolnienia.
['Od', 'lipca', '2012', 'roku', 'po', 'raz', 'drugi', 'w', 'karierze', 'zawodnik', 'Detroit', 'Red', 'Wings', ',', 'związany', 'dwuletnim', 'kontraktem', '.']	[0, 0, 0, 0, 0, 0, 0, 0, 0, 0, 3, 4, 4, 0, 0, 0, 0, 0]	pl	Od lipca 2012 roku po raz drugi w karierze zawodnik Detroit Red Wings, związany dwuletnim kontraktem.
['Na', 'terenie', 'gminy', 'znajdują', 'się', 'dwa', 'ujęcia', 'wody', '–', 'dwie', 'stacje', 'uzdatniania', 'wody', 'w', 'miejscowościach', 'Mokrsko', 'i', 'Ożarów', ',', 'które', 'zaopatrują', 'w', 'wodę', 'także', 'gospodarstwa', 'z', 'gmin', 'ościennych', '.']	[0, 0, 0, 0, 0, 0, 0, 0, 0, 0, 0, 0, 0, 0, 0, 5, 0, 5, 0, 0, 0, 0, 0, 0, 0, 0, 0, 0, 0]	pl	Na terenie gminy znajdują się dwa ujęcia wody – dwie stacje uzdatniania wody w miejscowościach Mokrsko i Ożarów, które zaopatrują w wodę także gospodarstwa z gmin ościennych.
['W', '1994', 'roku', 'konstrukcja', 'zaprojektowana', 'przez', 'Lansburgha', 'wpisana', 'została', 'na', 'listę', 'obiektów', 'o', 'wysokim', 'znaczeniu', 'kulturalnym', ',', 'na', 'której', 'znajduje', 'się', '130', 'budynków', 'w', 'obrębie', 'miasta', 'Oakland', '.']	[0, 0, 0, 0, 0, 0, 0, 0, 0, 0, 0, 0, 0, 0, 0, 0, 0, 0, 0, 0, 0, 0, 0, 0, 0, 0, 5, 0]	pl	W 1994 roku konstrukcja zaprojektowana przez Lansburgha wpisana została na listę obiektów o wysokim znaczeniu kulturalnym, na której znajduje się 130 budynków w obrębie miasta Oakland.
['Maximę', 'można', 'również', 'uruchamiać', 'w', 'edytorze', 'tekstu', 'Emacs', 'oraz', 'TeXmacs', '.']	[0, 0, 0, 0, 0, 0, 0, 7, 0, 0, 0]	pl	Maximę można również uruchamiać w edytorze tekstu Emacs oraz TeXmacs.
['Urodził', 'się', 'w', 'Springfield', 'w', 'stanie', 'Massachusetts', '.']	[0, 0, 0, 5, 0, 0, 5, 0]	pl	Urodził się w Springfield w stanie Massachusetts.
['Izrael', 'w', 'latach', '90', '.']	[5, 0, 0, 0, 0]	pl	Izrael w latach 90.
['Na', 'stanowisko', 'basisty', 'został', 'przyjęty', 'Mike', 'Starr', '.']	[0, 0, 0, 0, 0, 1, 2, 0]	pl	Na stanowisko basisty został przyjęty Mike Starr.
"['""', 'Sokół', 'Millennium', '""', 'przemierzał', 'ten', 'rejon', 'uciekając', 'przed', 'Imperium', '.']"	[0, 7, 8, 0, 0, 0, 0, 0, 0, 5, 0]	pl	"""Sokół Millennium"" przemierzał ten rejon uciekając przed Imperium."
['W', 'grudniu', '2008', 'w', 'ramach', 'wymiany', 'zawodników', ',', 'w', 'której', 'udział', 'wzięły', 'trzy', 'zespoły', ',', 'przeszedł', 'do', 'Seattle', 'Mariners', '.']	[0, 0, 0, 0, 0, 0, 0, 0, 0, 0, 0, 0, 0, 0, 0, 0, 0, 3, 4, 0]	pl	W grudniu 2008 w ramach wymiany zawodników, w której udział wzięły trzy zespoły, przeszedł do Seattle Mariners.
['1921', ')', ',', 'Witold', 'Zalewski', '(', 'ur', '.']	[0, 0, 0, 1, 2, 0, 0, 0]	pl	1921), Witold Zalewski (ur.
['Europejska', 'Agencja', 'Leków', 'odradziła', 'jego', 'przepisywanie', 'pacjentom', 'i', 'preparat', 'został', 'wycofany', 'ze', 'sprzedaży', 'z', 'powodu', 'częstych', 'działań', 'niepożądanych', '.']	[3, 4, 4, 0, 0, 0, 0, 0, 0, 0, 0, 0, 0, 0, 0, 0, 0, 0, 0]	pl	Europejska Agencja Leków odradziła jego przepisywanie pacjentom i preparat został wycofany ze sprzedaży z powodu częstych działań niepożądanych.
['W', '2000', 'został', 'wprowadzony', 'jako', 'artysta', 'solowy', 'do', 'Rock', 'and', 'Roll', 'Hall', 'of', 'Fame', '.']	[0, 0, 0, 0, 0, 0, 0, 0, 5, 6, 6, 6, 6, 6, 0]	pl	W 2000 został wprowadzony jako artysta solowy do Rock and Roll Hall of Fame.
['a', 'następnie', 'przekazał', 'do', 'Metropolitan', 'Museum', 'of', 'Art', 'w', '1937', '.']	[0, 0, 0, 0, 5, 6, 6, 6, 0, 0, 0]	pl	a następnie przekazał do Metropolitan Museum of Art w 1937.
"['W', '2010', 'Annabelle', 'wystąpiła', 'w', 'filmie', '""', 'W.E.', '""', 'w', 'reżyserii', 'Madonny', ',', 'a', 'w', '2011', 'roku', 'zagrała', 'niewielką', 'rolę', 'w', 'filmie', '""', 'X-Men', ':', 'Pierwsza', 'klasa', '""', '.']"	[0, 0, 0, 0, 0, 0, 0, 0, 0, 0, 0, 1, 0, 0, 0, 0, 0, 0, 0, 0, 0, 0, 0, 7, 8, 8, 8, 0, 0]	pl	"W 2010 Annabelle wystąpiła w filmie ""W.E."" w reżyserii Madonny, a w 2011 roku zagrała niewielką rolę w filmie ""X-Men: Pierwsza klasa""."
['9', 'stycznia', '1997', 'w', 'Torre-Pacheco', ')', '–', 'hiszpański', 'piłkarz', 'występujący', 'na', 'pozycji', 'obrońcy', 'w', 'Deportivo', 'Alavés', '.']	[0, 0, 0, 0, 5, 0, 0, 0, 0, 0, 0, 0, 0, 0, 3, 4, 0]	pl	9 stycznia 1997 w Torre-Pacheco) – hiszpański piłkarz występujący na pozycji obrońcy w Deportivo Alavés.
['Później', 'Feng', 'Youlan', 'zaczął', 'jednak', 'na', 'oznaczenie', 'tej', 'szkoły', 'filozoficznej', 'używać', 'chińskiego', 'terminu', '„', 'daoxue', '”', '(', '道學', ')', '-', '„', 'badanie', 'dao', '”', '.']	[0, 1, 2, 0, 0, 0, 0, 0, 0, 0, 0, 0, 0, 0, 0, 0, 0, 0, 0, 0, 0, 0, 0, 0, 0]	pl	Później Feng Youlan zaczął jednak na oznaczenie tej szkoły filozoficznej używać chińskiego terminu „daoxue ” (道學) -„ badanie dao ”.
['W', 'historii', 'literatury', 'wysoką', 'pozycję', 'posiadał', 'Czesław', 'Zgorzelski', '.']	[0, 0, 0, 0, 0, 0, 1, 2, 0]	pl	W historii literatury wysoką pozycję posiadał Czesław Zgorzelski.
['Hrabia', 'Władysław', 'Koziebrodzki', '(', 'zm', '.']	[0, 1, 2, 0, 0, 0]	pl	Hrabia Władysław Koziebrodzki (zm.
['Gleby', 'nie', 'są', 'wykorzystywane', 'w', 'żaden', 'sposób', ',', 'ponieważ', 'cały', 'obszar', 'Makau', 'stanowi', 'zabudowa', 'miejska', '.']	[0, 0, 0, 0, 0, 0, 0, 0, 0, 0, 0, 5, 0, 0, 0, 0]	pl	Gleby nie są wykorzystywane w żaden sposób, ponieważ cały obszar Makau stanowi zabudowa miejska.
['Większość', 'dominiów', 'uznała', ',', 'że', 'deklaracja', 'ta', 'ich', 'nie', 'wiąże', ',', 'jedynie', 'rząd', 'australijski', 'uznał', ',', 'że', 'Australia', 'znajduje', 'się', 'tym', 'samym', 'w', 'stanie', 'wojny', '.']	[0, 0, 0, 0, 0, 0, 0, 0, 0, 0, 0, 0, 0, 0, 0, 0, 0, 5, 0, 0, 0, 0, 0, 0, 0, 0]	pl	Większość dominiów uznała, że deklaracja ta ich nie wiąże, jedynie rząd australijski uznał, że Australia znajduje się tym samym w stanie wojny.
['pracował', 'w', 'TVP', 'na', 'stanowisku', 'szefa', 'publicystyki', 'kulturalnej', 'TVP1', '.']	[0, 0, 3, 0, 0, 0, 0, 0, 3, 0]	pl	pracował w TVP na stanowisku szefa publicystyki kulturalnej TVP1.
"['""', 'Alle', 'anderen', '""', ')', '−', 'niemiecki', 'dramat', 'filmowy', 'z', '2009', 'roku', ',', 'wyprodukowany', ',', 'napisany', 'i', 'wyreżyserowany', 'przez', 'Maren', 'Ade', '.']"	[0, 0, 0, 0, 0, 0, 0, 0, 0, 0, 0, 0, 0, 0, 0, 0, 0, 0, 0, 1, 2, 0]	pl	"""Alle anderen"") − niemiecki dramat filmowy z 2009 roku, wyprodukowany, napisany i wyreżyserowany przez Maren Ade."
['27', 'września', '1955', 'w', 'Londonderry', ')', '–', 'północnoirlandzki', 'piłkarz', 'występujący', 'na', 'pozycji', 'pomocnika', '.']	[0, 0, 0, 0, 5, 0, 0, 0, 0, 0, 0, 0, 0, 0]	pl	27 września 1955 w Londonderry) – północnoirlandzki piłkarz występujący na pozycji pomocnika.
['W', 'marcu', '1832', 'roku', 'przybył', 'do', 'Besançon', ',', 'gdzie', 'zajął', 'się', 'studiowaniem', 'dzieł', 'francuskiej', 'myśli', 'polityczno-społecznej', 'i', 'nauką', 'zegarmistrzostwa', '.']	[0, 0, 0, 0, 0, 0, 5, 0, 0, 0, 0, 0, 0, 0, 0, 0, 0, 0, 0, 0]	pl	W marcu 1832 roku przybył do Besançon, gdzie zajął się studiowaniem dzieł francuskiej myśli polityczno-społecznej i nauką zegarmistrzostwa.
['Najniebezpieczniejszą', 'częścią', 'tego', 'szlaku', 'handlowego', 'był', 'jego', 'lądowy', 'odcinek', 'pomiędzy', 'Acapulco', 'a', 'miastem', 'Meksyk', ',', 'na', 'którego', 'przebycie', 'potrzebowano', '12', 'dni', '.']	[0, 0, 0, 0, 0, 0, 0, 0, 0, 0, 5, 0, 0, 5, 0, 0, 0, 0, 0, 0, 0, 0]	pl	Najniebezpieczniejszą częścią tego szlaku handlowego był jego lądowy odcinek pomiędzy Acapulco a miastem Meksyk, na którego przebycie potrzebowano 12 dni.
"['Książka', 'Guigo', 'II', 'zatytułowana', '""', 'Drabina', 'mnichów', '""', ',', 'bardziej', 'znana', 'pod', 'tytułem', '""', 'List', 'o', 'życiu', 'kontemplacyjnym', '""', 'uważana', 'jest', 'za', 'pierwszy', 'opis', 'metodyczny', 'modlitwy', 'w', 'zachodniej', 'tradycji', 'monastycznej', '.']"	[0, 1, 2, 0, 0, 0, 0, 0, 0, 0, 0, 0, 0, 0, 0, 0, 0, 0, 0, 0, 0, 0, 0, 0, 0, 0, 0, 0, 0, 0, 0]	pl	"Książka Guigo II zatytułowana ""Drabina mnichów"", bardziej znana pod tytułem ""List o życiu kontemplacyjnym"" uważana jest za pierwszy opis metodyczny modlitwy w zachodniej tradycji monastycznej."
"['""', 'Castelnau-d', '’', 'Aude', '""', '–', 'miejscowość', 'i', 'gmina', 'we', 'Francji', ',', 'w', 'regionie', 'Oksytania', ',', 'w', 'departamencie', 'Aude', '.']"	[0, 0, 0, 5, 0, 0, 0, 0, 0, 0, 5, 0, 0, 0, 5, 0, 0, 0, 5, 0]	pl	"""Castelnau-d ’ Aude"" – miejscowość i gmina we Francji, w regionie Oksytania, w departamencie Aude."
['W', 'roku', '1993', 'prawa', 'do', 'produkcji', 'w', 'Fort', 'Worth', 'kupił', 'Lockheed', 'Corporation', ',', 'który', 'w', '1995', 'zmienił', 'nazwę', 'na', 'Lockheed', 'Martin', '.']	[0, 0, 0, 0, 0, 0, 0, 5, 6, 0, 3, 4, 0, 0, 0, 0, 0, 0, 0, 3, 4, 0]	pl	W roku 1993 prawa do produkcji w Fort Worth kupił Lockheed Corporation, który w 1995 zmienił nazwę na Lockheed Martin.
['Wzdłuż', 'przecinającej', 'teren', 'gminy', 'drogi', 'krajowej', 'nr', '7', ',', 'prowadzi', 'działalność', 'siedem', 'lokali', 'gastronomicznych', 'w', 'miejscowościach', ':', 'Antolka', ',', 'Książ', 'Wielki', 'i', 'Moczydło', ',', 'z', 'których', 'dwa', '(', 'Antolka', 'i', 'Książ', 'Wielki', ')', 'zapewniają', 'także', 'miejsca', 'noclegowe', '.']	[0, 0, 0, 0, 0, 0, 0, 0, 0, 0, 0, 0, 0, 0, 0, 0, 0, 5, 0, 5, 6, 0, 5, 0, 0, 0, 0, 0, 5, 0, 5, 6, 0, 0, 0, 0, 0, 0]	pl	Wzdłuż przecinającej teren gminy drogi krajowej nr 7, prowadzi działalność siedem lokali gastronomicznych w miejscowościach: Antolka, Książ Wielki i Moczydło, z których dwa (Antolka i Książ Wielki) zapewniają także miejsca noclegowe.
['Francisco', 'Franco', 'w', 'Burgos', '.']	[1, 2, 0, 5, 0]	pl	Francisco Franco w Burgos.
['W', '1998', 'została', 'twarzą', 'firmy', 'kosmetycznej', 'L', '’', 'Oréal', '.']	[0, 0, 0, 0, 0, 0, 3, 4, 4, 0]	pl	W 1998 została twarzą firmy kosmetycznej L ’ Oréal.
['28', 'sierpnia', '1943', 'w', 'Chicago', 'w', 'stanie', 'Illinois', ')', '–', 'amerykański', 'aktor', 'i', 'piosenkarz', '.']	[0, 0, 0, 0, 5, 0, 0, 5, 0, 0, 0, 0, 0, 0, 0]	pl	28 sierpnia 1943 w Chicago w stanie Illinois) – amerykański aktor i piosenkarz.
['Podczas', 'próbnych', 'przejazdów', 'zdarzyło', 'się', 'kilka', 'wypadków', ',', 'Najcięższego', 'z', 'nich', '(', 'kontuzji', 'ramienia', ')', 'doznał', 'mistrz', 'świata', 'jedynek', 'mężczyzn', 'Niemiec', 'Felix', 'Loch', '.']	[0, 0, 0, 0, 0, 0, 0, 0, 0, 0, 0, 0, 0, 0, 0, 0, 0, 0, 0, 0, 5, 1, 2, 0]	pl	Podczas próbnych przejazdów zdarzyło się kilka wypadków, Najcięższego z nich (kontuzji ramienia) doznał mistrz świata jedynek mężczyzn Niemiec Felix Loch.
['Thalberg', 'zmarł', 'na', 'zapalenie', 'płuc', 'w', 'wieku', '37', 'lat', 'w', 'Santa', 'Monica', 'w', 'Kalifornii', '.']	[0, 0, 0, 0, 0, 0, 0, 0, 0, 0, 5, 6, 0, 5, 0]	pl	Thalberg zmarł na zapalenie płuc w wieku 37 lat w Santa Monica w Kalifornii.
['Frank', 'Borzage', ')', ',', 'z', 'których', 'druga', 'produkcja', 'była', 'sukcesem', 'w', 'box', 'offisie', '.']	[1, 2, 0, 0, 0, 0, 0, 0, 0, 0, 0, 0, 0, 0]	pl	Frank Borzage), z których druga produkcja była sukcesem w box offisie.
['6', 'kwietnia', '2014', 'w', 'meczu', 'przeciwko', 'Toronto', 'Blue', 'Jays', 'zaliczył', '3320', '.']	[0, 0, 0, 0, 0, 0, 3, 4, 4, 0, 0, 0]	pl	6 kwietnia 2014 w meczu przeciwko Toronto Blue Jays zaliczył 3320.
['Myszeczka', 'orientalna', 'ma', 'czysto', 'biały', 'spód', 'ciała', ',', 'grzbiet', 'od', 'blado', 'brązowego', '(', 'południowe', 'Indie', ')', 'do', 'rudobrązowego', '(', 'północne', 'Indie', ')', '.']	[0, 0, 0, 0, 0, 0, 0, 0, 0, 0, 0, 0, 0, 0, 5, 0, 0, 0, 0, 0, 5, 0, 0]	pl	Myszeczka orientalna ma czysto biały spód ciała, grzbiet od blado brązowego (południowe Indie) do rudobrązowego (północne Indie).
['Wychowała', 'się', 'w', 'Seattle', 'w', 'stanie', 'Waszyngton', '.']	[0, 0, 0, 5, 0, 0, 5, 0]	pl	Wychowała się w Seattle w stanie Waszyngton.
['W', 'początkach', 'swej', 'kariery', 'mieszkali', 'tu', 'm.in.', 'Bogusław', 'Linda', 'i', 'Krzysztof', 'Globisz', '.']	[0, 0, 0, 0, 0, 0, 0, 1, 2, 0, 1, 2, 0]	pl	W początkach swej kariery mieszkali tu m.in. Bogusław Linda i Krzysztof Globisz.
['Konkurs', 'na', 'budowę', 'katedry', 'wygrał', 'architekt', 'Giles', 'Gilbert', 'Scott', '.']	[0, 0, 0, 0, 0, 0, 1, 2, 2, 0]	pl	Konkurs na budowę katedry wygrał architekt Giles Gilbert Scott.
"['""', 'Condé-sur-Aisne', '""', '–', 'miejscowość', 'i', 'gmina', 'we', 'Francji', ',', 'w', 'regionie', 'Hauts-de-France', ',', 'w', 'departamencie', 'Aisne', '.']"	[0, 0, 0, 0, 0, 0, 0, 0, 5, 0, 0, 0, 5, 0, 0, 0, 5, 0]	pl	"""Condé-sur-Aisne"" – miejscowość i gmina we Francji, w regionie Hauts-de-France, w departamencie Aisne."
['Film', 'przywołuje', 'częściowo', 'historię', 'pamiętnych', 'zamieszek', ',', 'do', 'jakich', 'doszło', 'w', '1969', 'w', 'okolicy', 'gejowskiego', 'pubu', 'w', 'Greenwich', 'Village', '.']	[0, 0, 0, 0, 0, 0, 0, 0, 0, 0, 0, 0, 0, 0, 0, 0, 0, 5, 6, 0]	pl	Film przywołuje częściowo historię pamiętnych zamieszek, do jakich doszło w 1969 w okolicy gejowskiego pubu w Greenwich Village.
['Do', 'oryginalnych', 'krytyków', 'zalicza', 'się', 'wczesny', 'współpracownik', 'szkoły', 'frankfurckiej', 'Walter', 'Benjamin', ',', 'który', 'nie', 'podzielał', 'jednoznacznie', 'pesymizmu', 'prezentowanego', 'przez', 'myślicieli', 'tej', 'szkoły', '.']	[0, 0, 0, 0, 0, 0, 0, 0, 0, 1, 2, 0, 0, 0, 0, 0, 0, 0, 0, 0, 0, 0, 0]	pl	Do oryginalnych krytyków zalicza się wczesny współpracownik szkoły frankfurckiej Walter Benjamin, który nie podzielał jednoznacznie pesymizmu prezentowanego przez myślicieli tej szkoły.
['Stanisław', 'Loria', ')', '.']	[1, 2, 0, 0]	pl	Stanisław Loria).
['Jako', 'młody', 'człowiek', 'wyróżnił', 'się', 'w', 'czasie', 'wojny', 'z', 'Sabaudią', ',', 'w', 'czasie', 'oblężenia', 'twierdzy', 'La', 'Fère', 'i', 'otrzymał', 'awans', 'na', 'pułkownika', 'oraz', 'dowództwo', 'pułku', 'korsykańskiego', '.']	[0, 0, 0, 0, 0, 0, 0, 0, 0, 5, 0, 0, 0, 0, 0, 5, 6, 0, 0, 0, 0, 0, 0, 0, 0, 0, 0]	pl	Jako młody człowiek wyróżnił się w czasie wojny z Sabaudią, w czasie oblężenia twierdzy La Fère i otrzymał awans na pułkownika oraz dowództwo pułku korsykańskiego.
['Aktualnie', 'grę', 'wydaje', 'Wizards', 'of', 'the', 'Coast', ',', 'przedsiębiorstwo', 'zależne', 'od', 'Hasbro', '.']	[0, 0, 0, 3, 4, 4, 4, 0, 0, 0, 0, 3, 0]	pl	Aktualnie grę wydaje Wizards of the Coast, przedsiębiorstwo zależne od Hasbro.
"['""', 'Kalendarz', 'z', 'Gezer', '""', '(', 'proste', 'zestawienie', 'prac', 'rolnych', ')', '.']"	[0, 7, 8, 8, 0, 0, 0, 0, 0, 0, 0, 0]	pl	"""Kalendarz z Gezer"" (proste zestawienie prac rolnych)."
['Arystoteles', 'doszedł', 'do', 'wniosku', ',', 'iż', '„', 'słuszną', 'rzeczą', 'jest', ',', 'by', 'Hellenowie', 'nad', 'barbarzyńcami', 'panowali', ',', 'jako', 'że', 'barbarzyńca', ',', 'a', 'niewolnik', 'to', 'z', 'natury', 'jedno', 'i', 'to', 'samo', '”', '.']	[1, 0, 0, 0, 0, 0, 0, 0, 0, 0, 0, 0, 0, 0, 0, 0, 0, 0, 0, 0, 0, 0, 0, 0, 0, 0, 0, 0, 0, 0, 0, 0]	pl	Arystoteles doszedł do wniosku, iż „słuszną rzeczą jest, by Hellenowie nad barbarzyńcami panowali, jako że barbarzyńca, a niewolnik to z natury jedno i to samo ”.
['1', ')', 'Rozdziały', '1', '–', '12', 'opisują', 'wydarzenia', 'związane', 'z', 'przejęciem', 'przez', 'Izraelitów', 'ziemi', 'obiecanej', 'Kanaan', '.']	[0, 0, 0, 0, 0, 0, 0, 0, 0, 0, 0, 0, 7, 0, 0, 5, 0]	pl	1) Rozdziały 1 – 12 opisują wydarzenia związane z przejęciem przez Izraelitów ziemi obiecanej Kanaan.
['Jego', 'brat', '-', 'Patrick', 'Konchellah', 'oraz', 'syn', '-', 'Youssef', 'Saad', 'Kamel', 'również', 'odnoszą', 'liczne', 'sukcesy', 'na', '800', 'metrów', '.']	[0, 0, 0, 1, 2, 0, 0, 0, 1, 2, 2, 0, 0, 0, 0, 0, 0, 0, 0]	pl	Jego brat - Patrick Konchellah oraz syn - Youssef Saad Kamel również odnoszą liczne sukcesy na 800 metrów.
['Odkrył', 'ją', 'William', 'Herschel', '18', 'grudnia', '1783', 'roku', '.']	[0, 0, 1, 2, 0, 0, 0, 0, 0]	pl	Odkrył ją William Herschel 18 grudnia 1783 roku.
['Obok', 'niego', 'w', 'prozie', 'pojawił', 'się', 'Łewko', 'Borowykowski', ',', 'zasłużony', 'reformator', 'ukraińskiego', 'systemu', 'wersyfikacyjnego', ',', 'poeta-romantyk', 'i', 'bajkopisarz', '.']	[0, 0, 0, 0, 0, 0, 1, 2, 0, 0, 0, 0, 0, 0, 0, 0, 0, 0, 0]	pl	Obok niego w prozie pojawił się Łewko Borowykowski, zasłużony reformator ukraińskiego systemu wersyfikacyjnego, poeta-romantyk i bajkopisarz.
['W', '1775', 'Aleksandra', 'Ogińska', 'odziedziczyła', 'po', 'ojcu', 'Michale', ',', 'pałac', 'wraz', 'z', 'dobrami', 'siedleckimi', '.']	[0, 0, 1, 2, 0, 0, 0, 1, 0, 0, 0, 0, 0, 0, 0]	pl	W 1775 Aleksandra Ogińska odziedziczyła po ojcu Michale, pałac wraz z dobrami siedleckimi.
['Po', 'ukończeniu', 'szkoły', ',', 'przeniósł', 'się', 'do', 'Tulsa', ',', 'w', 'Oklahomie', ',', 'aby', 'kontynuować', 'karierę', 'muzyczną', '.']	[0, 0, 0, 0, 0, 0, 0, 5, 0, 0, 5, 0, 0, 0, 0, 0, 0]	pl	Po ukończeniu szkoły, przeniósł się do Tulsa, w Oklahomie, aby kontynuować karierę muzyczną.
['Bob', 'Dylan', 'swoim', 'słynnym', 'występem', 'z', 'zelektryfikowanym', 'zespołem', 'towarzyszącym', 'podzielił', 'publiczność', 'na', 'połowy', ';', 'jedna', 'biła', 'brawo', ',', 'a', 'druga', 'spetryfikowana', 'regułami', 'buczała', 'protestując', '.']	[1, 2, 0, 0, 0, 0, 0, 0, 0, 0, 0, 0, 0, 0, 0, 0, 0, 0, 0, 0, 0, 0, 0, 0, 0]	pl	Bob Dylan swoim słynnym występem z zelektryfikowanym zespołem towarzyszącym podzielił publiczność na połowy; jedna biła brawo, a druga spetryfikowana regułami buczała protestując.
['Na', 'jego', 'terenie', 'biorą', 'początek', 'takie', 'wielkie', 'rzeki', 'jak', 'Jangcy', ',', 'Brahmaputra', ',', 'Indus', ',', 'Mekong', ',', 'Irawadi', 'oraz', 'mniejsze', '–', 'Saluin', ',', 'Satledź', ',', 'Kali', 'Gandaki', ',', 'Trisuli', ',', 'Manas-czʽu', ',', 'Subansuri', '.']	[0, 0, 0, 0, 0, 0, 0, 0, 0, 5, 0, 5, 0, 5, 0, 5, 0, 5, 0, 0, 0, 5, 0, 5, 0, 5, 6, 0, 5, 0, 5, 0, 5, 0]	pl	Na jego terenie biorą początek takie wielkie rzeki jak Jangcy, Brahmaputra, Indus, Mekong, Irawadi oraz mniejsze – Saluin, Satledź, Kali Gandaki, Trisuli, Manas-czʽu, Subansuri.
"['W', 'piłkę', 'zaczął', 'grać', 'w', 'amatorskim', 'klubie', '""', 'Amat', 'Palermo', '""', '.']"	[0, 0, 0, 0, 0, 0, 0, 0, 0, 5, 0, 0]	pl	"W piłkę zaczął grać w amatorskim klubie ""Amat Palermo""."
['Jego', 'obowiązki', 'przejął', 'dotychczasowy', 'wiceprezydent', ',', 'skarbnik', 'miasta', 'Tadeusz', 'Chmielarski', '.']	[0, 0, 0, 0, 0, 0, 0, 0, 1, 2, 0]	pl	Jego obowiązki przejął dotychczasowy wiceprezydent, skarbnik miasta Tadeusz Chmielarski.
['Dowódca', 'sił', 'podwodnych', 'Kriegsmarine', 'Karl', 'Dönitz', 'rozważał', 'plan', 'ataku', 'Scapa', 'Flow', 'przez', 'okręt', 'podwodny', 'już', 'w', 'pierwszych', 'dniach', 'po', 'wybuchu', 'wojny', '.']	[0, 0, 0, 3, 1, 2, 0, 0, 0, 5, 6, 0, 0, 0, 0, 0, 0, 0, 0, 0, 0, 0]	pl	Dowódca sił podwodnych Kriegsmarine Karl Dönitz rozważał plan ataku Scapa Flow przez okręt podwodny już w pierwszych dniach po wybuchu wojny.
['Jednym', 'z', 'biskupów', ',', 'którym', 'udzielił', 'sakry', 'biskupiej', ',', 'był', 'polski', 'duchowny', 'Albin', 'Dunajewski', ',', 'biskup', 'krakowski', 'i', 'przyszły', 'kardynał', '.']	[0, 0, 0, 0, 0, 0, 0, 0, 0, 0, 0, 0, 1, 2, 0, 0, 0, 0, 0, 0, 0]	pl	Jednym z biskupów, którym udzielił sakry biskupiej, był polski duchowny Albin Dunajewski, biskup krakowski i przyszły kardynał.
['Kierowcą', 'testowym', 'pozostał', 'Valtteri', 'Bottas', ',', 'który', 'otrzymał', 'możliwość', 'jazdy', 'podczas', 'czternastu', 'piątkowych', 'treningów', ',', 'zastępując', 'w', 'sesji', 'brazylijskiego', 'kierowcę', '.']	[0, 0, 0, 1, 2, 0, 0, 0, 0, 0, 0, 0, 0, 0, 0, 0, 0, 0, 0, 0, 0]	pl	Kierowcą testowym pozostał Valtteri Bottas, który otrzymał możliwość jazdy podczas czternastu piątkowych treningów, zastępując w sesji brazylijskiego kierowcę.
['„', 'Bad', '”', 'było', 'przeważnie', 'utworem', 'zamykającym', 'koncerty', 'na', 'Bad', 'World', 'Tour', 'oraz', '(', 'dużo', 'rzadziej', ')', 'na', 'Dangerous', 'World', 'Tour', ',', 'zawsze', 'wykonywanym', 'na', 'żywo', '.']	[0, 7, 0, 0, 0, 0, 0, 0, 0, 7, 8, 8, 0, 0, 0, 0, 0, 0, 7, 8, 8, 0, 0, 0, 0, 0, 0]	pl	„Bad ” było przeważnie utworem zamykającym koncerty na Bad World Tour oraz (dużo rzadziej) na Dangerous World Tour, zawsze wykonywanym na żywo.
['Po', 'upadku', 'Badajoz', ',', 'na', 'rozkaz', 'generała', 'Stapletona', 'Cottona', ',', 'powstrzymywał', 'przeważające', 'siły', 'francuskiej', 'kawalerii', 'Pierre', '’', 'a', 'Soulta', ',', 'uniemożliwiając', 'im', 'dotarcie', 'do', 'ważnej', 'miejscowości', 'Llerena', 'przed', 'Anglikami', '.']	[0, 0, 5, 0, 0, 0, 0, 1, 2, 0, 0, 0, 0, 0, 0, 1, 2, 0, 1, 0, 0, 0, 0, 0, 0, 0, 5, 0, 5, 0]	pl	Po upadku Badajoz, na rozkaz generała Stapletona Cottona, powstrzymywał przeważające siły francuskiej kawalerii Pierre ’ a Soulta, uniemożliwiając im dotarcie do ważnej miejscowości Llerena przed Anglikami.
['Za', 'reżyserię', 'będzie', 'odpowiadał', 'Chris', 'Columbus', '.']	[0, 0, 0, 0, 1, 2, 0]	pl	Za reżyserię będzie odpowiadał Chris Columbus.
['Operatorem', 'połączenia', 'jest', 'firma', 'Great', 'Southern', 'Railway', '.']	[0, 0, 0, 0, 3, 4, 4, 0]	pl	Operatorem połączenia jest firma Great Southern Railway.
['Od', 'południa', 'graniczy', 'z', 'sołectwem', 'Kruszyn', 'Krajeński', ',', 'od', 'wschodu', 'z', 'Lipnikami', ',', 'a', 'od', 'północy', 'z', 'Drzewcami', '.']	[0, 0, 0, 0, 0, 5, 6, 0, 0, 0, 0, 5, 0, 0, 0, 0, 0, 5, 0]	pl	Od południa graniczy z sołectwem Kruszyn Krajeński, od wschodu z Lipnikami, a od północy z Drzewcami.
['Był', 'również', 'współwłaścicielem', 'zespołu', 'hokejowego', 'Calgary', 'Flames', ',', 'wraz', 'z', 'którym', 'świętował', 'pierwszy', 'Puchar', 'Stanleya', '(', 'trofeum', 'w', 'lidze', 'NHL', ')', 'w', '1989', '.']	[0, 0, 0, 0, 0, 3, 4, 0, 0, 0, 0, 0, 0, 7, 8, 0, 0, 0, 0, 3, 0, 0, 0, 0]	pl	Był również współwłaścicielem zespołu hokejowego Calgary Flames, wraz z którym świętował pierwszy Puchar Stanleya (trofeum w lidze NHL) w 1989.
['Mecz', 'ćwierćfinałowy', 'z', 'Anglią', 'zapisał', 'się', 'w', 'historii', 'jako', 'przede', 'wszystkim', 'popis', 'Ronaldinho', ',', 'który', 'strzelił', 'gola', 'z', 'rzutu', 'wolnego', 'z', 'około', '40', 'metrów', '.']	[0, 0, 0, 3, 0, 0, 0, 0, 0, 0, 0, 0, 1, 0, 0, 0, 0, 0, 0, 0, 0, 0, 0, 0, 0]	pl	Mecz ćwierćfinałowy z Anglią zapisał się w historii jako przede wszystkim popis Ronaldinho, który strzelił gola z rzutu wolnego z około 40 metrów.
['W', 'przygotowaniu', 'raportu', 'brało', 'udział', 'czterech', 'naukowców', 'm.in.', 'dr', 'Josef', 'Allen', 'Hynek', '.']	[0, 0, 0, 0, 0, 0, 0, 0, 0, 1, 2, 2, 0]	pl	W przygotowaniu raportu brało udział czterech naukowców m.in. dr Josef Allen Hynek.
['Dowództwo', 'niemieckie', 'działając', 'w', 'przekonaniu', ',', 'że', 'siły', 'polskie', 'w', 'tym', 'rejonie', 'są', 'słabe', 'nakazało', 'swym', 'oddziałom', 'ponowić', 'atak', 'i', 'po', 'przełamaniu', 'polskiej', 'obrony', 'zająć', 'Skaryszew', '.']	[0, 0, 0, 0, 0, 0, 0, 0, 0, 0, 0, 0, 0, 0, 0, 0, 0, 0, 0, 0, 0, 0, 0, 0, 0, 5, 0]	pl	Dowództwo niemieckie działając w przekonaniu, że siły polskie w tym rejonie są słabe nakazało swym oddziałom ponowić atak i po przełamaniu polskiej obrony zająć Skaryszew.
"['Nazwa', 'ta', 'nie', 'była', 'początkowo', 'jednoznacznie', 'używana', 'w', 'stosunku', 'do', 'tych', '6', 'zbiorów', ',', 'chociaż', 'nazwy', 'tej', 'użył', 'Grzegorz', 'XIII', 'w', 'brewe', '""', 'Cum', 'pro', 'munere', '""', 'z', '1', 'lipca', '1580', 'roku', ',', 'którym', 'zatwierdził', 'przygotowany', 'przez', 'korektorów', 'rzymskich', 'tekst', 'tych', 'zbiorów', 'jako', 'urzędowy', '.']"	[0, 0, 0, 0, 0, 0, 0, 0, 0, 0, 0, 0, 0, 0, 0, 0, 0, 0, 1, 2, 0, 0, 0, 0, 0, 0, 0, 0, 0, 0, 0, 0, 0, 0, 0, 0, 0, 0, 0, 0, 0, 0, 0, 0, 0]	pl	"Nazwa ta nie była początkowo jednoznacznie używana w stosunku do tych 6 zbiorów, chociaż nazwy tej użył Grzegorz XIII w brewe ""Cum pro munere"" z 1 lipca 1580 roku, którym zatwierdził przygotowany przez korektorów rzymskich tekst tych zbiorów jako urzędowy."
['1970', ')', '–', 'amerykańska', 'dziennikarka', '.']	[7, 0, 0, 0, 0, 0]	pl	1970) – amerykańska dziennikarka.
['zaczęto', 'w', 'zapisie', 'nutowym', 'podawać', '(', 'początkowo', 'sporadycznie', ',', 'a', 'wcześniej', 'tylko', 'wyjątkowo', ')', 'szybkość', 'wykonania', 'utworu', 'w', 'postaci', 'włoskiej', 'nazwy', 'tempa', 'nad', 'partyturą', 'lub', 'pięciolinią', '(', 'jednak', 'np.', 'już', 'w', 'barokowej', 'muzyce', 'francuskiej', 'używano', 'określeń', 'francuskich', ',', 'zaś', 'jednym', 'z', 'pierwszych', 'kompozytorów', 'niemieckich', ',', 'określających', 'tempo', 'w', 'swoim', 'języku', 'ojczystym', ',', 'był', 'Ludwig', 'van', 'Beethoven', ')', '.']	[0, 0, 0, 0, 0, 0, 0, 0, 0, 0, 0, 0, 0, 0, 0, 0, 0, 0, 0, 0, 0, 0, 0, 0, 0, 0, 0, 0, 0, 0, 0, 0, 0, 0, 0, 0, 0, 0, 0, 0, 0, 0, 0, 0, 0, 0, 0, 0, 0, 0, 0, 0, 0, 1, 2, 2, 0, 0]	pl	zaczęto w zapisie nutowym podawać (początkowo sporadycznie, a wcześniej tylko wyjątkowo) szybkość wykonania utworu w postaci włoskiej nazwy tempa nad partyturą lub pięciolinią (jednak np. już w barokowej muzyce francuskiej używano określeń francuskich, zaś jednym z pierwszych kompozytorów niemieckich, określających tempo w swoim języku ojczystym, był Ludwig van Beethoven).
"['""', 'Polska', '""', '–', 'główny', 'składnik', 'złóż', 'ołowiu', 'rejonu', 'śląsko-krakowskiego', '(', 'Jaworzno', ',', 'Trzebinia', ',', 'Chrzanów', ',', 'Olkusz', ',', 'Bytom', ',', 'Tarnowskie', 'Góry', ')', '.']"	[0, 5, 0, 0, 0, 0, 0, 0, 0, 0, 0, 5, 0, 5, 0, 5, 0, 5, 0, 5, 0, 5, 6, 0, 0]	pl	"""Polska"" – główny składnik złóż ołowiu rejonu śląsko-krakowskiego (Jaworzno, Trzebinia, Chrzanów, Olkusz, Bytom, Tarnowskie Góry)."
['Domowe', 'mecze', 'rozgrywa', 'na', 'stadionie', 'Estadio', 'Benito', 'Villamarín', ',', 'który', 'może', 'pomieścić', '56,5', 'tysięcy', 'widzów', '.']	[0, 0, 0, 0, 0, 5, 6, 6, 0, 0, 0, 0, 0, 0, 0, 0]	pl	Domowe mecze rozgrywa na stadionie Estadio Benito Villamarín, który może pomieścić 56,5 tysięcy widzów.
['Do', '1958', 'trasa', 'wyścigu', 'w', 'Polsce', 'biegła', 'przez', 'Wrocław', ',', 'Katowice', 'i', 'Łódź', '.']	[0, 0, 0, 0, 0, 5, 0, 0, 5, 0, 5, 0, 5, 0]	pl	Do 1958 trasa wyścigu w Polsce biegła przez Wrocław, Katowice i Łódź.
['5', 'marca', 'na', 'skoczni', 'Salpausselkä', 'w', 'Lahti', 'był', 'szósty', '.']	[0, 0, 0, 0, 5, 0, 5, 0, 0, 0]	pl	5 marca na skoczni Salpausselkä w Lahti był szósty.
['5', 'sierpnia', '2006', 'papież', 'Benedykt', 'XVI', 'przyjął', 'jego', 'rezygnację', 'z', 'obowiązków', 'biskupa', 'diecezjalnego', 'diecezji', 'zamojsko-lubaczowskiej', '.']	[0, 0, 0, 0, 1, 2, 0, 0, 0, 0, 0, 0, 0, 0, 0, 0]	pl	5 sierpnia 2006 papież Benedykt XVI przyjął jego rezygnację z obowiązków biskupa diecezjalnego diecezji zamojsko-lubaczowskiej.
['Wśród', '1287', 'gmin', 'regionu', 'Île-de-France', 'Vaucresson', 'plasuje', 'się', 'na', '810', '.']	[0, 0, 0, 0, 5, 0, 0, 0, 0, 0, 0]	pl	Wśród 1287 gmin regionu Île-de-France Vaucresson plasuje się na 810.
['in', ':', 'David', 'Bowie', ',', 'Roger', 'Daltrey', ',', 'Def', 'Leppard', ',', 'U2', ',', 'Extreme', ',', 'Bob', 'Geldof', ',', 'Spinal', 'Tap', ',', 'Guns', 'N', '’', 'Roses', ',', 'Ian', 'Hunter', ',', 'Tony', 'Iommi', ',', 'Elton', 'John', ',', 'Annie', 'Lennox', ',', 'Metallica', ',', 'George', 'Michael', ',', 'Liza', 'Minnelli', ',', 'Robert', 'Plant', ',', 'Mick', 'Ronson', ',', 'Seal', ',', 'Lisa', 'Stansfield', ',', 'Elizabeth', 'Taylor', ',', 'Paul', 'Young', 'i', 'Zucchero', '.']	[0, 0, 1, 2, 0, 1, 2, 0, 3, 4, 0, 3, 0, 3, 0, 1, 2, 0, 3, 4, 0, 3, 4, 4, 4, 0, 1, 2, 0, 1, 2, 0, 1, 2, 0, 1, 2, 0, 3, 0, 1, 2, 0, 1, 2, 0, 1, 2, 0, 1, 2, 0, 1, 0, 1, 2, 0, 1, 2, 0, 1, 2, 0, 1, 0]	pl	in: David Bowie, Roger Daltrey, Def Leppard, U2, Extreme, Bob Geldof, Spinal Tap, Guns N ’ Roses, Ian Hunter, Tony Iommi, Elton John, Annie Lennox, Metallica, George Michael, Liza Minnelli, Robert Plant, Mick Ronson, Seal, Lisa Stansfield, Elizabeth Taylor, Paul Young i Zucchero.
"['Następnie', 'Olga', 'Morawska', 'wydała', 'książkę', '""', 'Od', 'początku', 'do', 'końca', '""', ',', 'która', 'jest', 'historią', 'ich', 'życia', '.']"	[0, 1, 2, 0, 0, 0, 0, 0, 0, 0, 0, 0, 0, 0, 0, 0, 0, 0]	pl	"Następnie Olga Morawska wydała książkę ""Od początku do końca"", która jest historią ich życia."
['W', 'latach', '1868', '–', '1882', 'reprezentował', 'okręg', 'wyborczy', 'Liverpool', '.']	[0, 0, 0, 0, 7, 0, 5, 6, 6, 0]	pl	W latach 1868 – 1882 reprezentował okręg wyborczy Liverpool.
['Wydawnictwo', 'ukazało', 'się', '21', 'września', '2002', 'roku', 'nakładem', 'wytwórni', 'muzycznej', 'Mercury', 'Records', '.']	[0, 0, 0, 0, 0, 0, 0, 0, 0, 0, 3, 4, 0]	pl	Wydawnictwo ukazało się 21 września 2002 roku nakładem wytwórni muzycznej Mercury Records.
['Dzięki', 'przesunięciu', 'granicy', 'daleko', 'za', 'Bug', 'skończył', 'się', 'okres', 'pogranicznego', 'położenia', 'tych', 'ziem', '.']	[0, 0, 0, 0, 0, 5, 0, 0, 0, 0, 0, 0, 0, 0]	pl	Dzięki przesunięciu granicy daleko za Bug skończył się okres pogranicznego położenia tych ziem.
['W', 'takiej', 'sytuacji', 'inni', 'pretendenci', ',', 'jak', 'np.', 'szwedzki', 'król', 'Gustaw', 'II', 'Adolf', ',', 'nie', 'mieli', 'większych', 'szans', '.']	[0, 0, 0, 0, 0, 0, 0, 0, 0, 0, 1, 2, 2, 0, 0, 0, 0, 0, 0]	pl	W takiej sytuacji inni pretendenci, jak np. szwedzki król Gustaw II Adolf, nie mieli większych szans.
"['W', '2015', 'roku', 'ukazała', 'się', 'jego', 'kontynuacja', ',', 'zamykający', 'trylogię', '""', 'Wiedźmin', '3', ':', 'Dziki', 'Gon', '""', '.']"	[0, 0, 0, 0, 0, 0, 0, 0, 0, 0, 0, 7, 8, 8, 8, 8, 0, 0]	pl	"W 2015 roku ukazała się jego kontynuacja, zamykający trylogię ""Wiedźmin 3: Dziki Gon""."
['Bałagan', 'informacyjny', 'i', 'fałszywe', 'pogłoski', 'o', 'marszu', 'jednostek', 'nieprzyjaciela', 'na', 'Orlean', ',', 'doprowadziły', 'w', 'dniu', '24', 'września', '1870', 'do', 'opuszczenia', 'tego', 'miasta', 'przez', 'Francuzów', '.']	[0, 0, 0, 0, 0, 0, 0, 0, 0, 0, 5, 0, 0, 0, 0, 0, 0, 0, 0, 0, 0, 0, 0, 5, 0]	pl	Bałagan informacyjny i fałszywe pogłoski o marszu jednostek nieprzyjaciela na Orlean, doprowadziły w dniu 24 września 1870 do opuszczenia tego miasta przez Francuzów.
['Brabus', 'od', 'samego', 'początku', 'zajmuje', 'się', 'tuningiem', 'głównie', 'aut', 'spod', 'znaku', 'Mercedes-Benz', '.']	[0, 0, 0, 0, 0, 0, 0, 0, 0, 0, 0, 3, 0]	pl	Brabus od samego początku zajmuje się tuningiem głównie aut spod znaku Mercedes-Benz.
['W', 'kolejnych', 'latach', 'coraz', 'częściej', 'przypływały', 'europejskie', 'statki', ',', 'wśród', 'nich', 'm.in.', '„', 'HMS', 'Bounty', '”', '(', '1789', ')', '.']	[0, 0, 0, 0, 0, 0, 0, 0, 0, 0, 0, 0, 0, 7, 8, 0, 0, 0, 0, 0]	pl	W kolejnych latach coraz częściej przypływały europejskie statki, wśród nich m.in. „HMS Bounty ” (1789).
"['Według', 'danych', 'na', 'rok', '1990', 'gminę', 'zamieszkiwało', '7246', 'osób', ',', 'a', 'gęstość', 'zaludnienia', 'wynosiła', '536', '""', 'osób', '/', 'km', '²', '(', 'wśród', '1287', 'gmin', 'regionu', 'Île-de-France', 'Gretz-Armainvilliers', 'plasuje', 'się', 'na', '278', '.']"	[0, 0, 0, 0, 0, 0, 0, 0, 0, 0, 0, 0, 0, 0, 0, 0, 0, 0, 0, 0, 0, 0, 0, 0, 0, 5, 0, 0, 0, 0, 0, 0]	pl	"Według danych na rok 1990 gminę zamieszkiwało 7246 osób, a gęstość zaludnienia wynosiła 536 ""osób / km ² (wśród 1287 gmin regionu Île-de-France Gretz-Armainvilliers plasuje się na 278."
"['""', 'Bois-le-Roi', '""', '(', '""', 'Bois-le-Roy', '""', ')', '–', 'miejscowość', 'i', 'gmina', 'we', 'Francji', ',', 'w', 'regionie', 'Normandia', ',', 'w', 'departamencie', 'Eure', '.']"	[0, 0, 0, 0, 0, 0, 0, 0, 0, 0, 0, 0, 0, 5, 0, 0, 0, 5, 0, 0, 0, 5, 0]	pl	"""Bois-le-Roi"" (""Bois-le-Roy"") – miejscowość i gmina we Francji, w regionie Normandia, w departamencie Eure."
"['Odkrył', 'ją', 'John', 'Herschel', '4', '""', 'października', '1836', 'roku', '.']"	[0, 0, 1, 2, 0, 0, 0, 0, 0, 0]	pl	"Odkrył ją John Herschel 4 ""października 1836 roku."
['Łączna', 'powierzchnia', 'wszystkich', 'jezior', 'na', 'terenie', 'gminy', 'Sieraków', 'wynosi', '1280,56', 'ha', '.']	[0, 0, 0, 0, 0, 0, 5, 5, 0, 0, 0, 0]	pl	Łączna powierzchnia wszystkich jezior na terenie gminy Sieraków wynosi 1280,56 ha.
['6', 'sierpnia', '1980', 'w', 'Swakopmund', ')', '–', 'namibijski', 'bokser', ',', 'były', 'mistrz', 'świata', 'WBO', 'w', 'wadze', 'koguciej', '.']	[0, 0, 0, 0, 5, 0, 0, 0, 0, 0, 0, 0, 0, 3, 0, 0, 0, 0]	pl	6 sierpnia 1980 w Swakopmund) – namibijski bokser, były mistrz świata WBO w wadze koguciej.
['31', 'stycznia', '2018', 'podpisał', 'kontrakt', 'z', 'duńskim', 'FC', 'Midtjylland', '.']	[0, 0, 0, 0, 0, 0, 0, 3, 4, 0]	pl	31 stycznia 2018 podpisał kontrakt z duńskim FC Midtjylland.
['Brat', 'Tamar', 'Zandberg', ',', 'polityk', 'i', 'działaczki', 'społecznej', '.']	[0, 1, 2, 0, 0, 0, 0, 0, 0]	pl	Brat Tamar Zandberg, polityk i działaczki społecznej.
['W', '1993', 'roku', 'po', 'śmierci', 'dotychczasowego', 'przywódcy', ',', 'prezydentem', 'został', 'Henri', 'Konan', 'Bédié', 'również', 'będący', 'członkiem', 'PDCI', '.']	[0, 0, 0, 0, 0, 0, 0, 0, 0, 0, 1, 2, 2, 0, 0, 0, 0, 0]	pl	W 1993 roku po śmierci dotychczasowego przywódcy, prezydentem został Henri Konan Bédié również będący członkiem PDCI.
['W', '1983', 'rozpoczął', 'karierę', 'piłkarską', 'w', 'klubie', 'Torpedo', 'Kutaisi', '.']	[0, 0, 0, 0, 0, 0, 0, 3, 4, 0]	pl	W 1983 rozpoczął karierę piłkarską w klubie Torpedo Kutaisi.
['Z', 'obydwu', 'stanowisk', 'został', 'zwolniony', 'w', '1952', ',', 'jego', 'miejsce', 'na', 'stanowisku', 'szefa', 'wywiadu', 'wojskowego', 'zajął', 'Michaił', 'Szalin', '.']	[0, 0, 0, 0, 0, 0, 0, 0, 0, 0, 0, 0, 0, 0, 0, 0, 1, 2, 0]	pl	Z obydwu stanowisk został zwolniony w 1952, jego miejsce na stanowisku szefa wywiadu wojskowego zajął Michaił Szalin.
['W', '1898', 'roku', 'cesarz', 'Guangxu', 'podjął', 'próbę', 'usamodzielnienia', 'się', '.']	[0, 0, 0, 0, 1, 0, 0, 0, 0, 0]	pl	W 1898 roku cesarz Guangxu podjął próbę usamodzielnienia się.
['Ponadto', 'z', 'zespołem', 'rozstał', 'się', 'Giampaolo', 'Pazzini', ',', 'który', 'przeniósł', 'się', 'do', 'Milanu', '.']	[0, 0, 0, 0, 0, 1, 2, 0, 0, 0, 0, 0, 3, 0]	pl	Ponadto z zespołem rozstał się Giampaolo Pazzini, który przeniósł się do Milanu.
['Tukidydes', 'podobnie', ',', 'jak', 'Herodot', ',', 'uważał', ',', 'że', 'Homer', 'wyolbrzymił', 'znaczenie', 'wojny', 'trojańskiej', '.']	[1, 0, 0, 0, 1, 0, 0, 0, 0, 1, 0, 0, 0, 0, 0]	pl	Tukidydes podobnie, jak Herodot, uważał, że Homer wyolbrzymił znaczenie wojny trojańskiej.
['W', '1442', 'Zhu', 'Qizhen', 'objął', 'osobiste', 'rządy', ',', 'a', 'wkrótce', 'zmarła', 'jego', 'babka', '.']	[0, 0, 1, 2, 0, 0, 0, 0, 0, 0, 0, 0, 0, 0]	pl	W 1442 Zhu Qizhen objął osobiste rządy, a wkrótce zmarła jego babka.
['Odkrył', 'ją', 'John', 'Herschel', '12', 'listopada', '1836', 'roku', ',', 'być', 'może', 'wcześniej', 'zaobserwował', 'ją', 'James', 'Dunlop', '24', 'września', '1826', 'roku', '.']	[0, 0, 1, 2, 0, 0, 0, 0, 0, 0, 0, 0, 0, 0, 1, 2, 0, 0, 0, 0, 0]	pl	Odkrył ją John Herschel 12 listopada 1836 roku, być może wcześniej zaobserwował ją James Dunlop 24 września 1826 roku.
['W', 'grudniu', '2014', 'roku', 'dołączył', 'do', 'greckiego', 'zespołu', 'deathmetalowego', 'Septicflesh', '.']	[0, 0, 0, 0, 0, 0, 0, 0, 0, 3, 0]	pl	W grudniu 2014 roku dołączył do greckiego zespołu deathmetalowego Septicflesh.
['Śledztwo', 'prowadził', 'osobiście', 'płk', 'Józef', 'Różański', ',', 'przy', 'zastosowaniu', 'szeregu', 'wymyślnych', 'szykan', 'i', 'tortur', '.']	[0, 0, 0, 0, 1, 2, 0, 0, 0, 0, 0, 0, 0, 0, 0]	pl	Śledztwo prowadził osobiście płk Józef Różański, przy zastosowaniu szeregu wymyślnych szykan i tortur.
['Na', 'język', 'polski', 'dramat', 'ten', 'przełożył', 'Jan', 'Kasprowicz', '.']	[0, 0, 0, 0, 0, 0, 1, 2, 0]	pl	Na język polski dramat ten przełożył Jan Kasprowicz.
['Wysoka', 'Władza', ',', 'będąca', 'organem', 'zarządzającym', 'EWWiS', 'złożonym', 'z', 'funkcjonariuszy', 'międzynarodowych', ',', 'oraz', 'istniejące', 'od', '1958', 'r', '.']	[3, 4, 0, 0, 0, 0, 3, 0, 0, 0, 0, 0, 0, 0, 0, 0, 0, 0]	pl	Wysoka Władza, będąca organem zarządzającym EWWiS złożonym z funkcjonariuszy międzynarodowych, oraz istniejące od 1958 r.
['Po', 'ukończeniu', 'studiów', 'był', 'wikariuszem', 'generalnym', ',', 'a', 'także', 'dziekanem', 'sądu', 'kościelnego', 'w', 'Canterbury', '.']	[0, 0, 0, 0, 0, 0, 0, 0, 0, 0, 0, 0, 0, 5, 0]	pl	Po ukończeniu studiów był wikariuszem generalnym, a także dziekanem sądu kościelnego w Canterbury.
['Swoje', 'mecze', 'rozgrywa', 'na', 'nim', 'drużyna', 'Dinamo', 'Samarkanda', '.']	[0, 0, 0, 0, 0, 0, 3, 4, 0]	pl	Swoje mecze rozgrywa na nim drużyna Dinamo Samarkanda.
['W', 'Espoo', 'i', 'Vantaa', 'znajduje', 'się', 'kilka', 'kościołów', 'z', 'okresu', 'średniowiecza', ',', 'w', 'mieście', 'funkcjonują', 'również', 'inne', 'świątynie', '.']	[0, 5, 0, 5, 0, 0, 0, 0, 0, 0, 0, 0, 0, 0, 0, 0, 0, 0, 0]	pl	W Espoo i Vantaa znajduje się kilka kościołów z okresu średniowiecza, w mieście funkcjonują również inne świątynie.
['Największym', 'miastem', ',', 'przez', 'które', 'Cisa', 'przepływa', ',', 'jest', 'Segedyn', '.']	[0, 0, 0, 0, 0, 5, 0, 0, 0, 5, 0]	pl	Największym miastem, przez które Cisa przepływa, jest Segedyn.
['Po', 'pewnym', 'czasie', 'jednak', 'trener', ',', 'Remigiusz', 'Trawiński', 'ustawił', 'ją', 'na', 'bramce', '.']	[0, 0, 0, 0, 0, 0, 1, 2, 0, 0, 0, 0, 0]	pl	Po pewnym czasie jednak trener, Remigiusz Trawiński ustawił ją na bramce.
['Wieś', 'połączona', 'jest', 'promem', 'samochodowym', 'z', 'Mallaig', '.']	[0, 0, 0, 0, 0, 0, 5, 0]	pl	Wieś połączona jest promem samochodowym z Mallaig.
['Dwa', 'lata', 'później', 'podpisał', 'opiewającą', 'na', '44', 'miliony', 'dolarów', ',', '4-letnią', 'umowę', 'z', 'klubem', 'Indiana', 'Pacers', '.']	[0, 0, 0, 0, 0, 0, 0, 0, 0, 0, 0, 0, 0, 0, 3, 4, 0]	pl	Dwa lata później podpisał opiewającą na 44 miliony dolarów, 4-letnią umowę z klubem Indiana Pacers.
"['American', 'Film', 'Institute', 'umieścił', 'ją', 'na', 'dwunastym', 'miejscu', 'na', 'liście', 'największych', 'aktorek', 'wszech', 'czasów', '(', '""', 'The', '50', 'Greatest', 'American', 'Screen', 'Legends', '""', ')', '.']"	[3, 4, 4, 0, 0, 0, 0, 0, 0, 0, 0, 0, 0, 0, 0, 0, 8, 8, 8, 8, 8, 8, 0, 0, 0]	pl	"American Film Institute umieścił ją na dwunastym miejscu na liście największych aktorek wszech czasów (""The 50 Greatest American Screen Legends"")."
['Później', 'grał', 'w', 'FC', 'Gütersloh', ',', 'by', 'w', '1997', 'trafić', 'do', 'SpVgg', 'Greuther', 'Fürth', '.']	[0, 0, 0, 3, 4, 0, 0, 0, 0, 0, 0, 3, 4, 4, 0]	pl	Później grał w FC Gütersloh, by w 1997 trafić do SpVgg Greuther Fürth.
['Od', '2018', 'zawodnik', 'FC', 'Nantes', '.']	[0, 0, 0, 3, 4, 0]	pl	Od 2018 zawodnik FC Nantes.
['Ostatecznie', 'zbliżył', 'się', 'do', 'Tours', 'i', 'zaczął', 'przygotowywać', 'się', 'do', 'zaatakowania', 'miasta', '.']	[0, 0, 0, 0, 5, 0, 0, 0, 0, 0, 0, 0, 0]	pl	Ostatecznie zbliżył się do Tours i zaczął przygotowywać się do zaatakowania miasta.
"['""', 'Durdat-Larequille', '""', '–', 'miejscowość', 'i', 'gmina', 'we', 'Francji', ',', 'w', 'regionie', 'Owernia-Rodan-Alpy', ',', 'w', 'departamencie', 'Allier', '.']"	[0, 0, 0, 0, 0, 0, 0, 0, 5, 0, 0, 0, 5, 0, 0, 0, 5, 0]	pl	"""Durdat-Larequille"" – miejscowość i gmina we Francji, w regionie Owernia-Rodan-Alpy, w departamencie Allier."
"['Pozycja', 'doczekała', 'się', 'kontynuacji', '–', '""', 'LittleBigPlanet', '2', '""', '.']"	[0, 0, 0, 0, 0, 0, 7, 8, 0, 0]	pl	"Pozycja doczekała się kontynuacji – ""LittleBigPlanet 2""."
['Na', 'albumie', 'wystąpił', 'również', 'gościnnie', 'basista', 'Krzysztof', 'Ścierański', '–', 'zagrał', 'w', 'utworze', '„', 'Tyle', 'z', 'tego', 'masz', '”', '.']	[0, 0, 0, 0, 0, 0, 1, 2, 0, 0, 0, 0, 0, 0, 0, 0, 0, 0, 0]	pl	Na albumie wystąpił również gościnnie basista Krzysztof Ścierański – zagrał w utworze „Tyle z tego masz ”.
['Klemens', 'XIV', 'w', 'brewe', 'kasacyjnym', 'zastrzegł', 'jego', 'ważność', 'i', 'moc', 'wykonawczą', 'na', 'określonym', 'terenie', 'od', 'decyzji', 'monarchy', 'panującego', 'w', 'danym', 'kraju', '.']	[1, 2, 0, 0, 0, 0, 0, 0, 0, 0, 0, 0, 0, 0, 0, 0, 0, 0, 0, 0, 0, 0]	pl	Klemens XIV w brewe kasacyjnym zastrzegł jego ważność i moc wykonawczą na określonym terenie od decyzji monarchy panującego w danym kraju.
"['Do', 'gry', '""', 'Euro', 'Truck', 'Simulator', '2', '""', 'można', 'dodawać', 'również', 'własne', ',', 'nieoficjalne', 'modyfikacje', 'map', ',', 'własne', 'naczepy', ',', 'ciężarówki', 'itp.', 'Gracz', 'może', 'własnoręcznie', 'stworzyć', 'modyfikacje', 'w', 'specjalnych', 'programach', '.']"	[0, 0, 0, 7, 8, 8, 0, 0, 0, 0, 0, 0, 0, 0, 0, 0, 0, 0, 0, 0, 0, 0, 0, 0, 0, 0, 0, 0, 0, 0, 0]	pl	"Do gry ""Euro Truck Simulator 2"" można dodawać również własne, nieoficjalne modyfikacje map, własne naczepy, ciężarówki itp. Gracz może własnoręcznie stworzyć modyfikacje w specjalnych programach."
['Na', 'koniec', '2013', 'zajęła', 'trzecie', 'miejsce', 'w', 'plebiscycie', 'na', 'europejską', 'lekkoatletkę', 'roku', 'organizowanym', 'przez', 'European', 'Athletics', '.']	[0, 0, 0, 0, 0, 0, 0, 0, 0, 0, 0, 0, 0, 0, 3, 4, 0]	pl	Na koniec 2013 zajęła trzecie miejsce w plebiscycie na europejską lekkoatletkę roku organizowanym przez European Athletics.
['1863', ')', '.']	[7, 0, 0]	pl	1863).
"['""', 'Low', '""', '-', 'jest', 'to', 'trzeci', 'singel', 'zespołu', 'rockowego', 'Foo', 'Fighters', 'z', 'ich', 'czwartej', 'studyjnej', 'płyty', 'One', 'by', 'One', '.']"	[0, 0, 0, 0, 0, 0, 0, 0, 0, 0, 3, 4, 0, 0, 0, 0, 0, 7, 8, 8, 0]	pl	"""Low"" - jest to trzeci singel zespołu rockowego Foo Fighters z ich czwartej studyjnej płyty One by One."
"['""', 'Villastellone', '""', '–', 'miejscowość', 'i', 'gmina', 'we', 'Włoszech', ',', 'w', 'regionie', 'Piemont', ',', 'w', 'prowincji', 'Turyn', '.']"	[0, 0, 0, 0, 0, 0, 0, 0, 5, 0, 0, 0, 5, 0, 0, 0, 5, 0]	pl	"""Villastellone"" – miejscowość i gmina we Włoszech, w regionie Piemont, w prowincji Turyn."
['Mimo', 'to', 'Nintendo', 'nigdy', 'nie', 'wytoczyło', 'procesu', 'dotyczącego', 'naruszenia', 'praw', 'autorskich', ',', 'ograniczyło', 'się', 'jedynie', 'do', 'wywierania', 'oficjalnych', 'nacisków', '.']	[0, 0, 3, 0, 0, 0, 0, 0, 0, 0, 0, 0, 0, 0, 0, 0, 0, 0, 0, 0]	pl	Mimo to Nintendo nigdy nie wytoczyło procesu dotyczącego naruszenia praw autorskich, ograniczyło się jedynie do wywierania oficjalnych nacisków.
['7', 'sierpnia', '1942', 'w', 'Hugo', 'w', 'stanie', 'Oklahoma', ')', '–', 'amerykański', 'piosenkarz', 'muzyki', 'country', 'oraz', 'pop', ',', 'gospel', '/', 'soft', 'rock', '/', 'easy', 'listening', '.']	[0, 0, 0, 0, 5, 0, 0, 5, 0, 0, 0, 0, 0, 0, 0, 0, 0, 0, 0, 0, 0, 0, 0, 0, 0]	pl	7 sierpnia 1942 w Hugo w stanie Oklahoma) – amerykański piosenkarz muzyki country oraz pop, gospel / soft rock / easy listening.
['Najada', 'została', 'odkryta', 'we', 'wrześniu', '1989', 'roku', 'na', 'zdjęciach', 'zrobionych', 'przez', 'sondę', 'Voyager', '2', '.']	[0, 0, 0, 0, 0, 0, 0, 0, 0, 0, 0, 0, 7, 8, 0]	pl	Najada została odkryta we wrześniu 1989 roku na zdjęciach zrobionych przez sondę Voyager 2.
['Z', 'jego', 'inicjatywy', 'w', 'latach', '1950', '–', '1968', 'odbywały', 'się', 'znane', 'festiwale', 'bachowskie', 'w', 'Prades', '(', 'Pireneje', ')', '.']	[0, 0, 0, 0, 0, 0, 0, 0, 0, 0, 0, 0, 0, 0, 5, 0, 5, 0, 0]	pl	Z jego inicjatywy w latach 1950 – 1968 odbywały się znane festiwale bachowskie w Prades (Pireneje).
"['""', 'Pey', '""', '–', 'miejscowość', 'i', 'gmina', 'we', 'Francji', ',', 'w', 'regionie', 'Nowa', 'Akwitania', ',', 'w', 'departamencie', 'Landy', '.']"	[0, 0, 0, 0, 0, 0, 0, 0, 5, 0, 0, 0, 5, 6, 0, 0, 0, 5, 0]	pl	"""Pey"" – miejscowość i gmina we Francji, w regionie Nowa Akwitania, w departamencie Landy."
['W', 'kolejnym', 'dniu', 'walk', '(', '2', 'czerwca', ')', 'tyłów', 'obozu', 'bronił', 'Zygmunt', 'Przyjemski', 'z', 'regimentami', 'cudzoziemskimi', ',', 'zaś', 'czoła', 'hetman', 'Kalinowski', 'z', 'częścią', 'piechoty', 'i', 'jazdą', '.']	[0, 0, 0, 0, 0, 0, 0, 0, 0, 0, 0, 1, 2, 0, 0, 0, 0, 0, 0, 0, 1, 0, 0, 0, 0, 0, 0]	pl	W kolejnym dniu walk (2 czerwca) tyłów obozu bronił Zygmunt Przyjemski z regimentami cudzoziemskimi, zaś czoła hetman Kalinowski z częścią piechoty i jazdą.
['4', 'czerwca', '1996', 'w', 'Leeds', ')', '–', 'szkocki', 'piłkarz', 'występujący', 'na', 'pozycji', 'napastnika', 'w', 'Sheffield', 'United', '.']	[0, 0, 0, 0, 5, 0, 0, 0, 0, 0, 0, 0, 0, 0, 3, 4, 0]	pl	4 czerwca 1996 w Leeds) – szkocki piłkarz występujący na pozycji napastnika w Sheffield United.
"['W', '1903', 'roku', 'Reginald', 'Innes', 'Pocock', 'przeniósł', 'go', 'do', 'rodzaju', '""', 'Brachypelma', '""', '.']"	[0, 0, 0, 1, 2, 2, 0, 0, 0, 0, 0, 0, 0, 0]	pl	"W 1903 roku Reginald Innes Pocock przeniósł go do rodzaju ""Brachypelma""."
['Odmienne', 'W', 'realizacji', 'tego', 'programu', 'wzięło', 'udział', 'wielu', 'wybitnych', 'matematyków', 'jak', 'Bertrand', 'Russell', 'czy', 'Alfred', 'North', 'Whitehead', ',', 'matematycy', 'z', 'grupy', 'Bourbaki', 'i', 'inni', '.']	[0, 0, 0, 0, 0, 0, 0, 0, 0, 0, 0, 1, 2, 0, 1, 2, 2, 0, 0, 0, 0, 1, 0, 0, 0]	pl	Odmienne W realizacji tego programu wzięło udział wielu wybitnych matematyków jak Bertrand Russell czy Alfred North Whitehead, matematycy z grupy Bourbaki i inni.
['Bydgoszcz', 'posiada', 'bogate', 'tradycje', 'w', 'sportach', 'wodnych', '(', 'wioślarstwie', ',', 'kajakarstwie', ')', ',', 'sporcie', 'żużlowym', ',', 'kolarstwie', ',', 'a', 'także', 'lekkiej', 'atletyce', '.']	[5, 0, 0, 0, 0, 0, 0, 0, 0, 0, 0, 0, 0, 0, 0, 0, 0, 0, 0, 0, 0, 0, 0]	pl	Bydgoszcz posiada bogate tradycje w sportach wodnych (wioślarstwie, kajakarstwie), sporcie żużlowym, kolarstwie, a także lekkiej atletyce.
['Jeden', 'z', 'utworów', 'napisał', 'też', 'kanadyjski', 'artysta', 'Bryan', 'Adams', '.']	[0, 0, 0, 0, 0, 0, 0, 1, 2, 0]	pl	Jeden z utworów napisał też kanadyjski artysta Bryan Adams.
['7', 'kwietnia', '1950', 'w', 'Hollywood', ')', 'był', 'aktorem', '.']	[0, 0, 0, 0, 5, 0, 0, 0, 0]	pl	7 kwietnia 1950 w Hollywood) był aktorem.
"['Według', 'danych', 'na', 'rok', '1990', 'gminę', 'zamieszkiwało', '788', 'osób', ',', 'a', 'gęstość', 'zaludnienia', 'wynosiła', '31', '""', 'osób', '/', 'km', '²', '(', 'wśród', '1786', 'gmin', 'Franche-Comté', 'Viry', 'plasuje', 'się', 'na', '210', '.']"	[0, 0, 0, 0, 0, 0, 0, 0, 0, 0, 0, 0, 0, 0, 0, 0, 0, 0, 0, 0, 0, 0, 0, 0, 5, 0, 0, 0, 0, 0, 0]	pl	"Według danych na rok 1990 gminę zamieszkiwało 788 osób, a gęstość zaludnienia wynosiła 31 ""osób / km ² (wśród 1786 gmin Franche-Comté Viry plasuje się na 210."
['14', 'lutego', '2005', 'w', 'Espoo', ')', '–', 'fiński', 'kierowca', 'wyścigowy', 'i', 'rajdowy', '.']	[0, 0, 0, 0, 5, 0, 0, 0, 0, 0, 0, 0, 0]	pl	14 lutego 2005 w Espoo) – fiński kierowca wyścigowy i rajdowy.
['Bogdan', 'Hutten-Czapski', ',', 'rodzina', ')', 'do', 'nazwiska', 'i', 'uznały', 'hrabiowski', 'tytuł', 'nadany', 'rodzinie', '100', 'lat', 'przedtem', 'w', 'Prusach', '.']	[1, 2, 0, 0, 0, 0, 0, 0, 0, 0, 0, 0, 0, 0, 0, 0, 0, 5, 0]	pl	Bogdan Hutten-Czapski, rodzina) do nazwiska i uznały hrabiowski tytuł nadany rodzinie 100 lat przedtem w Prusach.
['Zmarł', 'tego', 'samego', 'dnia', 'w', 'szpitalu', 'w', 'Tampere', '.']	[0, 0, 0, 0, 0, 0, 0, 5, 0]	pl	Zmarł tego samego dnia w szpitalu w Tampere.
['W', '1997', 'Garri', 'Kasparow', ',', 'mistrz', 'świata', 'w', 'szachach', ',', 'został', 'pokonany', 'w', 'tzw', '.']	[0, 0, 1, 2, 0, 0, 0, 0, 0, 0, 0, 0, 0, 0, 0]	pl	W 1997 Garri Kasparow, mistrz świata w szachach, został pokonany w tzw.
['Doświadczenie', 'to', 'wykonali', 'po', 'raz', 'pierwszy', 'w', '1922', 'dwaj', 'fizycy', 'niemieccy', ':', 'Otto', 'Stern', '(', '1888', '-', '1969', ')', 'i', 'Walter', 'Gerlach', '(', '1889', '-', '1979', ')', '.']	[0, 0, 0, 0, 0, 0, 0, 0, 0, 0, 0, 0, 1, 2, 0, 0, 0, 0, 0, 0, 1, 2, 0, 0, 0, 0, 0, 0]	pl	Doświadczenie to wykonali po raz pierwszy w 1922 dwaj fizycy niemieccy: Otto Stern (1888 - 1969) i Walter Gerlach (1889 - 1979).
['W', 'owym', 'czasie', 'mistrzem', 'świata', 'był', 'John', 'L.', 'Sullivan', ',', 'który', 'rzadko', 'wychodził', 'na', 'ring', ',', 'uważając', ',', 'że', 'nie', 'ma', 'godnych', 'siebie', 'rywali', 'bądź', 'zasłaniając', 'się', 'barierą', 'rasową', '.']	[0, 0, 0, 0, 0, 0, 1, 2, 2, 0, 0, 0, 0, 0, 0, 0, 0, 0, 0, 0, 0, 0, 0, 0, 0, 0, 0, 0, 0, 0]	pl	W owym czasie mistrzem świata był John L. Sullivan, który rzadko wychodził na ring, uważając, że nie ma godnych siebie rywali bądź zasłaniając się barierą rasową.
['Jej', 'najważniejszy', 'dopływ', 'do', 'Podkumok', '.']	[0, 0, 0, 0, 5, 0]	pl	Jej najważniejszy dopływ do Podkumok.
"['""', 'Planques', '""', '–', 'miejscowość', 'i', 'gmina', 'we', 'Francji', ',', 'w', 'regionie', 'Hauts-de-France', ',', 'w', 'departamencie', 'Pas-de-Calais', '.']"	[0, 0, 0, 0, 0, 0, 0, 0, 5, 0, 0, 0, 5, 0, 0, 0, 5, 0]	pl	"""Planques"" – miejscowość i gmina we Francji, w regionie Hauts-de-France, w departamencie Pas-de-Calais."
['W', 'roku', '681', 'król', 'Erwig', 'ponowił', 'ten', 'dekret', '.']	[0, 0, 0, 0, 1, 0, 0, 0, 0]	pl	W roku 681 król Erwig ponowił ten dekret.
['Został', 'pochowany', 'w', 'katedrze', 'metropolitalnej', 'w', 'Hanoi', '.']	[0, 0, 0, 0, 0, 0, 5, 0]	pl	Został pochowany w katedrze metropolitalnej w Hanoi.
['GBP', ',', 'była', 'jedną', 'z', 'najdroższych', 'tego', 'typu', 'w', 'filmografii', 'zespołu', 'Queen', '.']	[0, 0, 0, 0, 0, 0, 0, 0, 0, 0, 0, 3, 0]	pl	GBP, była jedną z najdroższych tego typu w filmografii zespołu Queen.
['Kilka', 'miesięcy', 'później', 'wraz', 'z', 'juniorami', 'londyńskiego', 'klubu', 'zdobył', 'FA', 'Youth', 'Cup', '.']	[0, 0, 0, 0, 0, 0, 0, 0, 0, 7, 8, 8, 0]	pl	Kilka miesięcy później wraz z juniorami londyńskiego klubu zdobył FA Youth Cup.
['Tuż', 'za', 'uciekającą', 'dwójką', 'dotarła', 'pierwsza', 'część', 'peletonu', ',', 'z', 'której', 'najszybszy', 'okazał', 'się', 'Johan', 'Museeuw', 'i', 'to', 'on', 'zajął', 'trzecie', 'miejsce', '.']	[0, 0, 0, 0, 0, 0, 0, 0, 0, 0, 0, 0, 0, 0, 1, 2, 0, 0, 0, 0, 0, 0, 0]	pl	Tuż za uciekającą dwójką dotarła pierwsza część peletonu, z której najszybszy okazał się Johan Museeuw i to on zajął trzecie miejsce.
['Następne', 'konkursy', 'rozegrano', 'w', 'Sapporo', '.']	[0, 0, 0, 0, 5, 0]	pl	Następne konkursy rozegrano w Sapporo.
['Kolejnym', 'kandydatem', 'był', 'Robin', 'Williams', ';', 'przesłuchanie', 'jednak', 'zaszokowało', 'reżysera', ',', 'który', 'stwierdził', ',', 'że', 'Williams', 'jest', 'wręcz', 'zbyt', 'psychotyczny', 'jak', 'na', 'Torrance', '’', 'a', '.']	[0, 0, 0, 1, 2, 0, 0, 0, 0, 0, 0, 0, 0, 0, 0, 1, 0, 0, 0, 0, 0, 0, 8, 0, 0, 0]	pl	Kolejnym kandydatem był Robin Williams; przesłuchanie jednak zaszokowało reżysera, który stwierdził, że Williams jest wręcz zbyt psychotyczny jak na Torrance ’ a.
"['""', 'Aniane', '""', '–', 'miejscowość', 'i', 'gmina', 'we', 'Francji', ',', 'w', 'regionie', 'Oksytania', ',', 'w', 'departamencie', 'Hérault', '.']"	[0, 0, 0, 0, 0, 0, 0, 0, 5, 0, 0, 0, 5, 0, 0, 0, 5, 0]	pl	"""Aniane"" – miejscowość i gmina we Francji, w regionie Oksytania, w departamencie Hérault."
"['""', 'Lavoûte-sur-Loire', '""', '–', 'miejscowość', 'i', 'gmina', 'we', 'Francji', ',', 'w', 'regionie', 'Owernia-Rodan-Alpy', ',', 'w', 'departamencie', 'Górna', 'Loara', '.']"	[0, 0, 0, 0, 0, 0, 0, 0, 5, 0, 0, 0, 5, 0, 0, 0, 5, 6, 0]	pl	"""Lavoûte-sur-Loire"" – miejscowość i gmina we Francji, w regionie Owernia-Rodan-Alpy, w departamencie Górna Loara."
['W', '1946', 'i', '1947', 'został', 'wybrany', 'najbardziej', 'wartościowym', 'zawodnikiem', 'zespołu', ',', 'a', 'w', 'sezonie', '1946', 'ustanowił', 'rekord', 'średniej', 'uderzeń', 'w', 'Big', 'Ten', 'Conference', '(', '0,484', ')', '.']	[0, 0, 0, 0, 0, 0, 0, 0, 0, 0, 0, 0, 0, 0, 0, 0, 0, 0, 0, 0, 3, 4, 4, 0, 0, 0, 0]	pl	W 1946 i 1947 został wybrany najbardziej wartościowym zawodnikiem zespołu, a w sezonie 1946 ustanowił rekord średniej uderzeń w Big Ten Conference (0,484).
"['""', 'Maisoncelle-Saint-Pierre', '""', '–', 'miejscowość', 'i', 'gmina', 'we', 'Francji', ',', 'w', 'regionie', 'Hauts-de-France', ',', 'w', 'departamencie', 'Oise', '.']"	[0, 0, 0, 0, 0, 0, 0, 0, 5, 0, 0, 0, 5, 0, 0, 0, 5, 0]	pl	"""Maisoncelle-Saint-Pierre"" – miejscowość i gmina we Francji, w regionie Hauts-de-France, w departamencie Oise."
['Ksantippos', 'przez', 'kilka', 'tygodni', 'wytrwale', 'ćwiczył', 'armię', ',', 'ucząc', 'żołnierzy', 'spartańskiej', 'dyscypliny', 'i', 'taktyki', 'wojennej', '.']	[1, 0, 0, 0, 0, 0, 0, 0, 0, 0, 0, 0, 0, 0, 0, 0]	pl	Ksantippos przez kilka tygodni wytrwale ćwiczył armię, ucząc żołnierzy spartańskiej dyscypliny i taktyki wojennej.
['Przyrządzany', 'jest', 'dzik', 'Sahrimnir', 'w', 'kotle', 'Eldhrimnir', 'przez', 'kucharza', 'o', 'imieniu', 'Andhrimnir', '.']	[0, 0, 0, 1, 0, 0, 5, 0, 0, 0, 0, 1, 0]	pl	Przyrządzany jest dzik Sahrimnir w kotle Eldhrimnir przez kucharza o imieniu Andhrimnir.
"['U', 'schyłku', 'kariery', 'wystąpił', 'w', 'dobrze', 'przyjętej', 'komedii', 'romantycznej', 'z', 'Doris', 'Day', '""', 'Prymus', '""', 'oraz', 'w', 'filmie', 'wojennym', '""', 'Dramat', 'w', 'głębinach', '""', '.']"	[0, 0, 0, 0, 0, 0, 0, 0, 0, 0, 1, 2, 0, 0, 0, 0, 0, 0, 0, 0, 7, 8, 8, 0, 0]	pl	"U schyłku kariery wystąpił w dobrze przyjętej komedii romantycznej z Doris Day ""Prymus"" oraz w filmie wojennym ""Dramat w głębinach""."
"['W', 'grze', 'występował', 'system', 'awansów', ',', 'sklep', 'oraz', 'system', 'dostosowywania', 'rozgrywki', '(', 'zmiana', 'koloru', 'skóry', ',', 'uczesania', 'itp.', ')', 'podobny', 'do', 'tego', ',', 'jaki', 'zastosowano', 'w', 'grze', '""', 'Battlefield', 'Heroes', '""', '.']"	[0, 0, 0, 0, 0, 0, 0, 0, 0, 0, 0, 0, 0, 0, 0, 0, 0, 0, 0, 0, 0, 0, 0, 0, 0, 0, 0, 0, 7, 8, 0, 0]	pl	"W grze występował system awansów, sklep oraz system dostosowywania rozgrywki (zmiana koloru skóry, uczesania itp.) podobny do tego, jaki zastosowano w grze ""Battlefield Heroes""."
"['Siedziba', 'władz', 'gminy', 'to', 'miasto', 'Aleksandrów', 'Łódzki', ',', 'zajmuje', 'ono', 'powierzchnię', '13,5', '""', 'km', '²', ',', 'natomiast', 'tereny', 'wiejskie', '102,1', '""', 'km', '²', ',', 'co', 'łącznie', 'daje', '115,6', '""', 'km', '²', '.']"	[0, 0, 0, 0, 0, 5, 6, 0, 0, 0, 0, 0, 0, 0, 0, 0, 0, 0, 0, 0, 0, 0, 0, 0, 0, 0, 0, 0, 0, 0, 0, 0]	pl	"Siedziba władz gminy to miasto Aleksandrów Łódzki, zajmuje ono powierzchnię 13,5 ""km ², natomiast tereny wiejskie 102,1"" km ², co łącznie daje 115,6 ""km ²."
['Dorastał', 'w', 'Malvern', ',', 'Worcestershire', '.']	[0, 0, 5, 0, 5, 0]	pl	Dorastał w Malvern, Worcestershire.
['2', 'października', '1955', 'w', 'Gödöllő', ')', '–', 'węgierski', 'piłkarz', 'występujący', 'na', 'pozycji', 'obrońcy', '.']	[0, 0, 0, 0, 5, 0, 0, 0, 0, 0, 0, 0, 0, 0]	pl	2 października 1955 w Gödöllő) – węgierski piłkarz występujący na pozycji obrońcy.
['Adam', 'Gruca', '-', 'polski', 'ortopeda', '.']	[1, 2, 0, 0, 0, 0]	pl	Adam Gruca - polski ortopeda.
"['""', 'Saint-Pons-de-Mauchiens', '""', '–', 'miejscowość', 'i', 'gmina', 'we', 'Francji', ',', 'w', 'regionie', 'Oksytania', ',', 'w', 'departamencie', 'Hérault', '.']"	[0, 0, 0, 0, 0, 0, 0, 0, 5, 0, 0, 0, 5, 0, 0, 0, 5, 0]	pl	"""Saint-Pons-de-Mauchiens"" – miejscowość i gmina we Francji, w regionie Oksytania, w departamencie Hérault."
['Na', 'dystansie', '100', 'm', 'stylem', 'motylkowym', 'z', 'czasem', '57,27', 'zajęła', 'czwarte', 'miejsce', ',', 'a', 'na', '50', 'm', 'stylem', 'dowolnym', 'uplasowała', 'się', 'na', 'piątym', 'miejscu', 'ex', 'aequo', 'z', 'Bronte', 'Campbell', '(', '24,66', ')', '.']	[0, 0, 0, 0, 0, 0, 0, 0, 0, 0, 0, 0, 0, 0, 0, 0, 0, 0, 0, 0, 0, 0, 0, 0, 0, 0, 0, 1, 2, 0, 0, 0, 0]	pl	Na dystansie 100 m stylem motylkowym z czasem 57,27 zajęła czwarte miejsce, a na 50 m stylem dowolnym uplasowała się na piątym miejscu ex aequo z Bronte Campbell (24,66).
['Anawrahta', 'okazał', 'się', 'władcą', 'energicznym', '.']	[1, 0, 0, 0, 0, 0]	pl	Anawrahta okazał się władcą energicznym.
['6', 'lipca', '2019', 'został', 'zawodnikiem', 'Brooklyn', 'Nets', '.']	[0, 0, 0, 0, 0, 3, 4, 0]	pl	6 lipca 2019 został zawodnikiem Brooklyn Nets.
['Austria', 'zgodziła', 'się', 'na', 'plany', 'pruskiego', 'zagarnięcia', 'ziem', 'Rzeczypospolitej', ',', 'pod', 'warunkiem', 'oddania', 'zajętych', 'wcześniej', '2', 'grudnia', '1791', 'roku', 'margrabstw', 'Ansbach-Bayreuth', '.']	[5, 0, 0, 0, 0, 0, 0, 0, 5, 0, 0, 0, 0, 0, 0, 0, 0, 0, 0, 0, 5, 0]	pl	Austria zgodziła się na plany pruskiego zagarnięcia ziem Rzeczypospolitej, pod warunkiem oddania zajętych wcześniej 2 grudnia 1791 roku margrabstw Ansbach-Bayreuth.
['Miasto', 'jest', 'trzecim', 'co', 'do', 'wielkości', 'w', 'prowincji', ',', 'po', 'Jerez', 'de', 'la', 'Frontera', 'i', 'Algeciras', '.']	[0, 0, 0, 0, 0, 0, 0, 0, 0, 0, 5, 6, 6, 6, 0, 5, 0]	pl	Miasto jest trzecim co do wielkości w prowincji, po Jerez de la Frontera i Algeciras.
"['Obecnie', '(', '2017', ')', 'Międzynarodowy', 'Komitet', 'Ornitologiczny', 'umieszcza', 'jerzyka', 'zwyczajnego', 'w', 'rodzaju', '""', 'Apus', '""', '.']"	[0, 0, 0, 0, 3, 4, 4, 0, 0, 0, 0, 0, 0, 0, 0, 0]	pl	"Obecnie (2017) Międzynarodowy Komitet Ornitologiczny umieszcza jerzyka zwyczajnego w rodzaju ""Apus""."
"['""', 'Baupte', '""', '–', 'miejscowość', 'i', 'gmina', 'we', 'Francji', ',', 'w', 'regionie', 'Normandia', ',', 'w', 'departamencie', 'Manche', '.']"	[0, 0, 0, 0, 0, 0, 0, 0, 5, 0, 0, 0, 5, 0, 0, 0, 5, 0]	pl	"""Baupte"" – miejscowość i gmina we Francji, w regionie Normandia, w departamencie Manche."
['Planowana', 'była', 'budowa', 'nowej', 'linii', 'kolejowej', 'łączącej', 'Katowice', 'z', 'Pyrzowicami', 'jednak', 'projekt', 'zawieszono', '.']	[0, 0, 0, 0, 0, 0, 0, 5, 0, 5, 0, 0, 0, 0]	pl	Planowana była budowa nowej linii kolejowej łączącej Katowice z Pyrzowicami jednak projekt zawieszono.
['Wolna', 'od', 'walk', 'wewnętrznych', 'Francja', 'przeżywała', 'okres', 'prosperity', '.']	[0, 0, 0, 0, 5, 0, 0, 0, 0]	pl	Wolna od walk wewnętrznych Francja przeżywała okres prosperity.
['Wraz', 'z', 'nią', 'stracone', 'zostały', 'm.in.', 'Gerda', 'Steinhoff', ',', 'Ewa', 'Paradies', ',', 'Elisabeth', 'Becker', 'i', 'Jenny-Wanda', 'Barkmann', '.']	[0, 0, 0, 0, 0, 0, 1, 2, 0, 1, 2, 0, 1, 2, 0, 1, 2, 0]	pl	Wraz z nią stracone zostały m.in. Gerda Steinhoff, Ewa Paradies, Elisabeth Becker i Jenny-Wanda Barkmann.
['Jego', 'żoną', 'była', 'Neferu', 'II', '.']	[0, 0, 0, 1, 2, 0]	pl	Jego żoną była Neferu II.
['W', 'Yazılıkaya', ',', '2', 'km', 'od', 'Boğazkale', '/', 'Hattusa', ',', 'zbadano', 'skalne', 'sanktuarium', 'hetyckie', '.']	[0, 5, 0, 0, 0, 0, 5, 0, 5, 0, 0, 0, 0, 0, 0]	pl	W Yazılıkaya, 2 km od Boğazkale / Hattusa, zbadano skalne sanktuarium hetyckie.
['Nowym', 'sponsorem', 'został', 'Clydesdale', 'Bank', '.']	[0, 0, 0, 3, 4, 0]	pl	Nowym sponsorem został Clydesdale Bank.
['Dzięki', 'temu', 'm.in.', 'w', 'Tōdai-ji', 'zachowały', 'się', 'maski', 'bugaku', '–', 'mniejsze', ',', 'stylizowane', 'i', 'doskonalsze', 'od', 'gigaku', '–', 'wykonywane', 'z', 'drewna', 'lub', 'płótna', 'pokrytego', 'laką', '.']	[0, 0, 0, 0, 5, 0, 0, 0, 0, 0, 0, 0, 0, 0, 0, 0, 0, 0, 0, 0, 0, 0, 0, 0, 0, 0]	pl	Dzięki temu m.in. w Tōdai-ji zachowały się maski bugaku – mniejsze, stylizowane i doskonalsze od gigaku – wykonywane z drewna lub płótna pokrytego laką.
['Ostatecznie', 'dołączył', 'do', 'drużyny', 'Jenifer', 'Bartoli', 'i', 'zakwalifikował', 'się', 'do', 'odcinków', 'na', 'żywo', ',', 'a', 'potem', 'do', 'finału', ',', 'w', 'którym', 'zajął', 'trzecie', 'miejsce', 'z', '18', '%', 'poparcia', 'telewidzów', '.']	[0, 0, 0, 0, 1, 2, 0, 0, 0, 0, 0, 0, 0, 0, 0, 0, 0, 0, 0, 0, 0, 0, 0, 0, 0, 0, 0, 0, 0, 0]	pl	Ostatecznie dołączył do drużyny Jenifer Bartoli i zakwalifikował się do odcinków na żywo, a potem do finału, w którym zajął trzecie miejsce z 18% poparcia telewidzów.
['Zamieszkuje', 'Amazonię', '(', 'Ameryka', 'Południowa', ')', '.']	[0, 5, 0, 5, 6, 0, 0]	pl	Zamieszkuje Amazonię (Ameryka Południowa).
['Siedzibą', 'wspólnoty', 'jest', 'Bruksela', '.']	[0, 0, 0, 5, 0]	pl	Siedzibą wspólnoty jest Bruksela.
['Koło', 'wsi', 'Kysak', 'zmienia', 'kierunek', 'na', 'południowy', '.']	[0, 0, 5, 0, 0, 0, 0, 0]	pl	Koło wsi Kysak zmienia kierunek na południowy.
['Louanne', 'Johnson', ',', 'po', 'zrezygnowaniu', 'z', 'pracy', 'w', 'marines', 'postanawia', 'objąć', 'posadę', 'w', 'jednej', 'ze', 'szkół', 'średnich', 'w', 'Los', 'Angeles', '.']	[1, 2, 0, 0, 0, 0, 0, 0, 0, 0, 0, 0, 0, 0, 0, 0, 0, 0, 5, 6, 0]	pl	Louanne Johnson, po zrezygnowaniu z pracy w marines postanawia objąć posadę w jednej ze szkół średnich w Los Angeles.
['Zanim', 'zajął', 'się', 'inżynierią', ',', 'studiował', 'architekturę', 'wnętrz', 'i', 'projektowanie', 'mebli', 'w', 'Royal', 'College', 'of', 'Art', '.']	[0, 0, 0, 0, 0, 0, 0, 0, 0, 0, 0, 0, 5, 6, 6, 6, 0]	pl	Zanim zajął się inżynierią, studiował architekturę wnętrz i projektowanie mebli w Royal College of Art.
['Na', 'język', 'polski', 'jego', 'poezje', 'tłumaczył', 'm.in.', 'Stanisław', 'Barańczak', '.']	[0, 0, 0, 0, 0, 0, 0, 1, 2, 0]	pl	Na język polski jego poezje tłumaczył m.in. Stanisław Barańczak.
"['Według', 'danych', 'na', 'rok', '1990', 'gminę', 'zamieszkiwały', '463', 'osoby', ',', 'a', 'gęstość', 'zaludnienia', 'wynosiła', '57', '""', 'osób', '/', 'km', '²', '(', 'wśród', '1549', 'gmin', 'regionu', 'Nord-Pas-de-Calais', 'Epinoy', 'plasuje', 'się', 'na', '806', '.']"	[0, 0, 0, 0, 0, 0, 0, 0, 0, 0, 0, 0, 0, 0, 0, 0, 0, 0, 0, 0, 0, 0, 0, 0, 0, 5, 0, 0, 0, 0, 0, 0]	pl	"Według danych na rok 1990 gminę zamieszkiwały 463 osoby, a gęstość zaludnienia wynosiła 57 ""osób / km ² (wśród 1549 gmin regionu Nord-Pas-de-Calais Epinoy plasuje się na 806."
['Była', 'na', 'tym', 'turnieju', 'także', 'wielokrotną', 'ćwierćfinalistką', '(', '1953', ',', '1954', ',', '1956', ',', '1959', ',', '1960', ')', ',', 'a', 'także', 'półfinalistką', 'US', 'Open', 'z', '1961', 'roku', '.']	[0, 0, 0, 0, 0, 0, 0, 0, 0, 0, 0, 0, 0, 0, 0, 0, 0, 0, 0, 0, 0, 0, 7, 8, 0, 0, 0, 0]	pl	Była na tym turnieju także wielokrotną ćwierćfinalistką (1953, 1954, 1956, 1959, 1960), a także półfinalistką US Open z 1961 roku.
"['Mimo', 'to', '""', 'Never', 'Turn', 'Your', 'Back', 'on', 'a', 'Friend', '""', 'sprzedało', 'się', 'w', 'niewiele', 'większej', 'liczbie', 'egzemplarzy', 'niż', 'dwa', 'pierwsze', 'albumy', '.']"	[0, 0, 0, 7, 8, 8, 8, 8, 8, 8, 0, 0, 0, 0, 0, 0, 0, 0, 0, 0, 0, 0, 0]	pl	"Mimo to ""Never Turn Your Back on a Friend"" sprzedało się w niewiele większej liczbie egzemplarzy niż dwa pierwsze albumy."
"['Pochodzi', 'z', 'wydanej', 'w', '1973', 'roku', 'płyty', '""', 'The', 'Dark', 'Side', 'of', 'the', 'Moon', '""', '.']"	[0, 0, 0, 0, 0, 0, 0, 0, 7, 8, 8, 8, 8, 8, 0, 0]	pl	"Pochodzi z wydanej w 1973 roku płyty ""The Dark Side of the Moon""."
['Już', 'w', 'trzecim', 'meczu', 'sezonu', ',', 'rozegranym', '31', 'października', '2009', 'przeciwko', 'Portland', 'Trail', 'Blazers', 'ustanowił', 'nowy', 'rekord', 'kariery', ',', 'rzucając', '33', 'punkty', '.']	[0, 0, 0, 0, 0, 0, 0, 0, 0, 0, 0, 3, 4, 4, 0, 0, 0, 0, 0, 0, 0, 0, 0]	pl	Już w trzecim meczu sezonu, rozegranym 31 października 2009 przeciwko Portland Trail Blazers ustanowił nowy rekord kariery, rzucając 33 punkty.
['W', 'obręb', 'miasta', 'weszło', 'w', 'XVI', 'wieku', 'p.n.e.', ',', 'kiedy', 'to', 'król', 'asyryjski', 'Puzur-Aszur', 'III', 'rozkazał', 'otoczyć', 'je', 'murami', '.']	[0, 0, 0, 0, 0, 0, 0, 0, 0, 0, 0, 0, 0, 1, 2, 0, 0, 0, 0, 0]	pl	W obręb miasta weszło w XVI wieku p.n.e., kiedy to król asyryjski Puzur-Aszur III rozkazał otoczyć je murami.
['W', 'trakcie', 'przygotowań', 'do', 'sezonu', '2003', ',', 'Frank', 'Williams', 'był', 'pewny', ',', 'że', 'samochód', 'FW25', 'będzie', 'w', 'stanie', 'walczyć', 'o', 'tytuł', 'mistrzowski', '.']	[0, 0, 0, 0, 0, 0, 0, 1, 2, 0, 0, 0, 0, 0, 0, 0, 0, 0, 0, 0, 0, 0, 0]	pl	W trakcie przygotowań do sezonu 2003, Frank Williams był pewny, że samochód FW25 będzie w stanie walczyć o tytuł mistrzowski.
['Od', '2016', 'jest', 'zawodnikiem', 'klubu', 'Osmanlıspor', '.']	[0, 0, 0, 0, 0, 3, 0]	pl	Od 2016 jest zawodnikiem klubu Osmanlıspor.
['Rozwinięta', 'turystyka', '–', 'liczne', 'kąpieliska', 'nadmorskie', '(', 'm.in.', 'Carnac', ',', 'Saint-Malo', ',', 'Audierne', ')', '.']	[0, 0, 0, 0, 0, 0, 0, 0, 5, 0, 5, 0, 5, 0, 0]	pl	Rozwinięta turystyka – liczne kąpieliska nadmorskie (m.in. Carnac, Saint-Malo, Audierne).
['W', 'biegu', 'na', '1000', 'm', 'mężczyzn', 'trzecie', 'miejsce', 'ex', 'aequo', 'zajęli', 'Władimir', 'Łobanow', 'i', 'Frode', 'Rønning', ',', 'wobec', 'czego', 'w', 'tej', 'konkurencji', 'przyznano', 'dwa', 'brązowe', 'medale', '.']	[0, 0, 0, 0, 0, 0, 0, 0, 0, 0, 0, 1, 2, 0, 1, 2, 0, 0, 0, 0, 0, 0, 0, 0, 0, 0, 0]	pl	W biegu na 1000 m mężczyzn trzecie miejsce ex aequo zajęli Władimir Łobanow i Frode Rønning, wobec czego w tej konkurencji przyznano dwa brązowe medale.
"['""', 'Flines-lez-Raches', '""', '–', 'miejscowość', 'i', 'gmina', 'we', 'Francji', ',', 'w', 'regionie', 'Hauts-de-France', ',', 'w', 'departamencie', 'Nord', '.']"	[0, 0, 0, 0, 0, 0, 0, 0, 5, 0, 0, 0, 5, 0, 0, 0, 5, 0]	pl	"""Flines-lez-Raches"" – miejscowość i gmina we Francji, w regionie Hauts-de-France, w departamencie Nord."
['26', 'listopada', '1990', 'w', 'Leeds', ')', '–', 'angielski', 'piłkarz', 'występujący', 'na', 'pozycji', 'obrońcy', '.']	[0, 0, 0, 0, 5, 0, 0, 0, 0, 0, 0, 0, 0, 0]	pl	26 listopada 1990 w Leeds) – angielski piłkarz występujący na pozycji obrońcy.
['Irving', 'Cummings', ')', ',', 'z', 'uwagi', 'na', 'niski', 'wzrost', ',', 'aktor', 'zmuszony', 'był', 'do', 'noszenia', 'specjalnych', 'podwyższających', 'butów', ',', 'przez', 'co', 'czuł', 'się', 'jak', '„', 'atrapa', '”', '.']	[1, 2, 0, 0, 0, 0, 0, 0, 0, 0, 0, 0, 0, 0, 0, 0, 0, 0, 0, 0, 0, 0, 0, 0, 0, 0, 0, 0]	pl	Irving Cummings), z uwagi na niski wzrost, aktor zmuszony był do noszenia specjalnych podwyższających butów, przez co czuł się jak „atrapa ”.
['Trzeba', 'też', 'zauważyć', ',', 'że', 'do', 'tego', 'właśnie', 'odłamu', 'należał', 'Bob', 'Marley', '.']	[0, 0, 0, 0, 0, 0, 0, 0, 0, 0, 1, 2, 0]	pl	Trzeba też zauważyć, że do tego właśnie odłamu należał Bob Marley.
['Leży', 'niedaleko', 'Melungtse', 'i', 'ok', '.']	[0, 0, 5, 0, 0, 0]	pl	Leży niedaleko Melungtse i ok.
['Przywódca', 'ugrupowania', 'Horia', 'Sima', 'objął', 'stanowisko', 'ministra', 'sztuki', 'i', 'religii', '.']	[0, 0, 1, 2, 0, 0, 0, 0, 0, 0, 0]	pl	Przywódca ugrupowania Horia Sima objął stanowisko ministra sztuki i religii.
['Wyspy', 'głównie', 'nizinne', ',', 'zbudowane', 'ze', 'skał', 'wapiennych', ',', 'z', 'rozwiniętymi', 'zjawiskami', 'krasowymi', ',', 'jedynie', 'Sint', 'Eustatius', 'i', 'Saba', 'są', 'wyżynne', ',', 'pochodzenia', 'wulkanicznego', '.']	[0, 0, 0, 0, 0, 0, 0, 0, 0, 0, 0, 0, 0, 0, 0, 5, 6, 0, 5, 0, 0, 0, 0, 0, 0]	pl	Wyspy głównie nizinne, zbudowane ze skał wapiennych, z rozwiniętymi zjawiskami krasowymi, jedynie Sint Eustatius i Saba są wyżynne, pochodzenia wulkanicznego.
['W', '2009', 'Newsweek', 'wymienił', 'ją', 'jako', 'jedną', 'ze', '100', 'najlepszych', 'książek', 'literatury', 'światowej', '.']	[0, 0, 7, 0, 0, 0, 0, 0, 0, 0, 0, 0, 0, 0]	pl	W 2009 Newsweek wymienił ją jako jedną ze 100 najlepszych książek literatury światowej.
['–', 'Grodzisk', 'Mazowiecki', ')', '.']	[0, 5, 6, 0, 0]	pl	– Grodzisk Mazowiecki).
['Szeroko', 'lansowani', 'przez', 'władzę', 'byli', 'także', 'Władysław', 'Machejek', 'i', 'Stanisław', 'Ryszard', 'Dobrowolski', '.']	[0, 0, 0, 0, 0, 0, 1, 2, 0, 1, 2, 2, 0]	pl	Szeroko lansowani przez władzę byli także Władysław Machejek i Stanisław Ryszard Dobrowolski.
['Autorem', 'projektu', 'nowego', 'nagrobka', 'był', 'Laurence', 'Bradshaw', '.']	[0, 0, 0, 0, 0, 1, 2, 0]	pl	Autorem projektu nowego nagrobka był Laurence Bradshaw.
['Odbyły', 'się', 'cztery', 'rundy', '–', 'po', 'dwie', 'na', 'torach', 'Yas', 'Marina', 'Circuit', 'oraz', 'Bahrain', 'International', 'Circuit', '.']	[0, 0, 0, 0, 0, 0, 0, 0, 0, 5, 6, 6, 0, 5, 6, 6, 0]	pl	Odbyły się cztery rundy – po dwie na torach Yas Marina Circuit oraz Bahrain International Circuit.
['Przypadkowo', 'przyczynia', 'się', 'do', 'śmierci', 'jednego', 'z', 'więźniów', ',', '„', 'Uszata', '”', '(', 'Władysław', 'Komar', ')', ',', 'który', 'prześladuje', 'innych', 'współwięźniów', ',', 'co', 'jeszcze', 'bardziej', 'zwiększa', 'jego', 'autorytet', 'i', 'utwierdza', 'wszystkich', 'w', 'przekonaniu', 'co', 'do', 'tego', ',', 'że', 'jest', 'prawdziwym', 'zabójcą', '.']	[0, 0, 0, 0, 0, 0, 0, 0, 0, 0, 0, 0, 0, 1, 2, 0, 0, 0, 0, 0, 0, 0, 0, 0, 0, 0, 0, 0, 0, 0, 0, 0, 0, 0, 0, 0, 0, 0, 0, 0, 0, 0]	pl	Przypadkowo przyczynia się do śmierci jednego z więźniów, „Uszata ” (Władysław Komar), który prześladuje innych współwięźniów, co jeszcze bardziej zwiększa jego autorytet i utwierdza wszystkich w przekonaniu co do tego, że jest prawdziwym zabójcą.
['Z', 'rosnącej', 'potęgi', 'Pizy', 'niezadowolona', 'była', 'także', 'Florencja', ',', 'która', 'nie', 'miała', 'dostępu', 'do', 'morza', ',', 'a', 'Pizańczycy', 'nie', 'dopuszczali', 'jej', 'do', 'kontrolowanego', 'przez', 'siebie', 'wybrzeża', 'i', 'portów', '.']	[0, 0, 0, 5, 0, 0, 0, 5, 0, 0, 0, 0, 0, 0, 0, 0, 0, 0, 0, 0, 0, 0, 0, 0, 0, 0, 0, 0, 0]	pl	Z rosnącej potęgi Pizy niezadowolona była także Florencja, która nie miała dostępu do morza, a Pizańczycy nie dopuszczali jej do kontrolowanego przez siebie wybrzeża i portów.
['Po', 'powrocie', 'do', 'Castagnito', 'otworzyła', 'własną', 'pracownię', 'krawiecką', ',', 'nauczała', 'krawiectwa', 'miejscowe', 'dziewczęta', 'oraz', 'pracowała', 'jako', 'katechetka', '.']	[0, 0, 0, 5, 0, 0, 0, 0, 0, 0, 0, 0, 0, 0, 0, 0, 0, 0]	pl	Po powrocie do Castagnito otworzyła własną pracownię krawiecką, nauczała krawiectwa miejscowe dziewczęta oraz pracowała jako katechetka.
['Dzięki', 'doskonalszym', 'instrumentom', ',', 'sonda', 'dostarczyła', 'znacznie', 'więcej', 'danych', 'o', 'planecie', 'niż', 'jej', 'poprzedniczka', 'Mariner', '2', '.']	[0, 0, 0, 0, 0, 0, 0, 0, 0, 0, 0, 0, 0, 0, 7, 8, 0]	pl	Dzięki doskonalszym instrumentom, sonda dostarczyła znacznie więcej danych o planecie niż jej poprzedniczka Mariner 2.
['Dokonał', 'tego', 'Admet', 'z', 'Feraj', 'z', 'pomocą', 'Apollina', ',', 'który', 'też', 'długo', 'służąc', 'u', 'niego', ',', 'odwdzięczył', 'mu', 'się', 'darowaniem', 'długowieczności', ',', 'jeśli', 'znajdzie', 'osobę', 'gotową', 'poświęcić', 'za', 'niego', 'swe', 'życie', '.']	[0, 0, 1, 0, 5, 0, 0, 1, 0, 0, 0, 0, 0, 0, 0, 0, 0, 0, 0, 0, 0, 0, 0, 0, 0, 0, 0, 0, 0, 0, 0, 0]	pl	Dokonał tego Admet z Feraj z pomocą Apollina, który też długo służąc u niego, odwdzięczył mu się darowaniem długowieczności, jeśli znajdzie osobę gotową poświęcić za niego swe życie.
['Koła', 'prawicy', 'oraz', 'po', 'części', 'centrum', 'i', 'lewicy', ',', 'reprezentowane', 'przez', 'działaczy', ',', 'tj.', 'Herbert', 'Wehner', ',', 'Willy', 'Brandt', 'i', 'Helmut', 'Schmidt', ',', 'domagały', 'się', 'reorganizacji', 'organów', 'partii', 'i', 'wzmocnienia', 'głównych', 'ogniw', 'terenowych', '.']	[0, 0, 0, 0, 0, 0, 0, 0, 0, 0, 0, 0, 0, 0, 1, 2, 0, 1, 2, 0, 1, 2, 0, 0, 0, 0, 0, 0, 0, 0, 0, 0, 0, 0]	pl	Koła prawicy oraz po części centrum i lewicy, reprezentowane przez działaczy, tj. Herbert Wehner, Willy Brandt i Helmut Schmidt, domagały się reorganizacji organów partii i wzmocnienia głównych ogniw terenowych.
['a.m.', '”', ',', 'w', 'którym', 'to', 'Eminem', 'przedstawia', 'siebie', 'jako', 'seryjnego', 'mordercę', '.']	[0, 0, 0, 0, 0, 0, 1, 0, 0, 0, 0, 0, 0]	pl	a.m. ”, w którym to Eminem przedstawia siebie jako seryjnego mordercę.
['New', 'Echota', ')', '.']	[5, 6, 0, 0]	pl	New Echota).
['Łask', 'znalazł', 'się', 'w', 'niemieckiej', 'strefie', 'okupacyjnej', '.']	[5, 0, 0, 0, 0, 0, 0, 0]	pl	Łask znalazł się w niemieckiej strefie okupacyjnej.
['35', 'pułk', 'zajął', 'Łuck', ',', 'a', '16', 'września', 'otrzymał', 'zadanie', 'wspólnie', 'z', '15', 'pp', 'zająć', 'Dubno', '.']	[0, 0, 0, 5, 0, 0, 0, 0, 0, 0, 0, 0, 0, 0, 0, 5, 0]	pl	35 pułk zajął Łuck, a 16 września otrzymał zadanie wspólnie z 15 pp zająć Dubno.
['W', '1983', 'został', 'merem', 'miasta', 'Rambouillet', ',', 'funkcję', 'tę', 'pełnił', 'do', '2004', '.']	[0, 0, 0, 0, 0, 5, 0, 0, 0, 0, 0, 0, 0]	pl	W 1983 został merem miasta Rambouillet, funkcję tę pełnił do 2004.
['Dobre', 'Miasto', 'zostało', 'podpalone', 'i', 'porzucone', 'przez', 'mieszkańców', 'i', 'następnie', 'zajęte', 'przez', 'przednie', 'straże', 'wojsk', 'polskich', '.']	[5, 6, 0, 0, 0, 0, 0, 0, 0, 0, 0, 0, 0, 0, 0, 0, 0]	pl	Dobre Miasto zostało podpalone i porzucone przez mieszkańców i następnie zajęte przez przednie straże wojsk polskich.
['Strategia', 'ta', 'poniosła', 'porażkę', 'w', 'latach', '2000', '–', '2002', ',', 'w', 'których', 'AMD', 'często', 'posiadało', 'produkty', 'bardziej', 'wydajne', 'niż', 'Intel', '.']	[0, 0, 0, 0, 0, 0, 0, 0, 0, 0, 0, 0, 3, 0, 0, 0, 0, 0, 0, 3, 0]	pl	Strategia ta poniosła porażkę w latach 2000 – 2002, w których AMD często posiadało produkty bardziej wydajne niż Intel.
['Jan', 'Kochanowski', 'swobodnie', 'stosuje', 'liczbę', 'podwójną', '.']	[1, 2, 0, 0, 0, 0, 0]	pl	Jan Kochanowski swobodnie stosuje liczbę podwójną.
['Działa', 'tylko', 'dla', 'IPv4', ',', 'nie', 'jest', 'kompatybilny', 'z', 'innymi', 'systemami', 'operacyjnymi', '.']	[0, 0, 0, 7, 0, 0, 0, 0, 0, 0, 0, 0, 0]	pl	Działa tylko dla IPv4, nie jest kompatybilny z innymi systemami operacyjnymi.
"['W', 'tym', 'samym', 'roku', 'został', 'wydany', '""', 'Alive', '1997', '""', '–', '45-minutowy', 'zapis', 'z', 'koncertu', 'w', 'Birmingham', '.']"	[0, 0, 0, 0, 0, 0, 0, 7, 8, 0, 0, 0, 0, 0, 0, 0, 5, 0]	pl	"W tym samym roku został wydany ""Alive 1997"" – 45-minutowy zapis z koncertu w Birmingham."
['Nazwa', 'ta', 'jest', 'obecnie', '(', '2015', ')', 'uznawana', 'przez', 'Międzynarodowy', 'Komitet', 'Ornitologiczny', '.']	[0, 0, 0, 0, 0, 0, 0, 0, 0, 3, 4, 4, 0]	pl	Nazwa ta jest obecnie (2015) uznawana przez Międzynarodowy Komitet Ornitologiczny.
['Louis', ',', '12', 'maja', '1951', 'w', 'Kansas', 'City', 'otrzymał', 'święcenia', 'kapłańskie', '.']	[0, 0, 0, 0, 0, 0, 5, 6, 0, 0, 0, 0]	pl	Louis, 12 maja 1951 w Kansas City otrzymał święcenia kapłańskie.
['Z', 'lotniska', 'tego', 'wystartowały', 'tylko', 'dwa', 'samoloty', ':', '10', 'kwietnia', 'Junkers', 'Ju', '52', ',', 'który', 'ewakuował', '22', 'rannych', 'do', 'Sudetenlandu', '.']	[0, 0, 0, 0, 0, 0, 0, 0, 0, 0, 7, 8, 8, 0, 0, 0, 0, 0, 0, 3, 0]	pl	Z lotniska tego wystartowały tylko dwa samoloty: 10 kwietnia Junkers Ju 52, który ewakuował 22 rannych do Sudetenlandu.
['był', 'jednym', 'z', 'kandydatów', 'do', 'zastąpienia', 'Chamberlaina', 'na', 'stanowisku', 'premiera', ',', 'ale', 'ostatecznie', 'na', 'czele', 'rządu', 'stanął', 'Winston', 'Churchill', '.']	[0, 0, 0, 0, 0, 0, 1, 0, 0, 0, 0, 0, 0, 0, 0, 0, 0, 1, 2, 0]	pl	był jednym z kandydatów do zastąpienia Chamberlaina na stanowisku premiera, ale ostatecznie na czele rządu stanął Winston Churchill.
['12', 'grudnia', '2016', 'podpisał', 'kontrakt', 'z', 'amerykańskim', 'klubem', 'New', 'York', 'City', 'FC', '.']	[0, 0, 0, 0, 0, 0, 0, 0, 3, 4, 4, 4, 0]	pl	12 grudnia 2016 podpisał kontrakt z amerykańskim klubem New York City FC.
"['Wydanie', 'pierwotne', 'CD', '(', '1994', ')', 'nie', 'zawierało', 'dwóch', 'utworów', '(', '""', 'Can', 'I', 'Play', 'with', 'Madness', '""', 'i', '""', 'Hallowed', 'Be', 'Thy', 'Name', '""', ')', ',', 'ze', 'względu', 'na', 'ograniczoną', 'pojemność', 'dysku', '.']"	[0, 0, 0, 0, 0, 0, 0, 0, 0, 0, 0, 0, 7, 8, 8, 8, 8, 0, 0, 0, 7, 8, 8, 8, 0, 0, 0, 0, 0, 0, 0, 0, 0, 0]	pl	"Wydanie pierwotne CD (1994) nie zawierało dwóch utworów (""Can I Play with Madness"" i ""Hallowed Be Thy Name""), ze względu na ograniczoną pojemność dysku."
['Z', '„', 'wynikiem', '”', '16', 'lat', 'i', '148', 'dni', 'pomocnik', 'jest', 'jednocześnie', 'szóstym', 'najmłodszym', 'zawodnikiem', ',', 'jaki', 'w', 'ogóle', 'zagrał', 'w', 'Eredivisie', '.']	[0, 0, 0, 0, 0, 0, 0, 0, 0, 0, 0, 0, 0, 0, 0, 0, 0, 0, 0, 0, 0, 3, 0]	pl	Z „wynikiem ” 16 lat i 148 dni pomocnik jest jednocześnie szóstym najmłodszym zawodnikiem, jaki w ogóle zagrał w Eredivisie.
['13', 'lipca', '2013', 'r.', ',', 'zmarł', 'przez', 'toksyczne', 'połączenie', 'heroiny', 'i', 'alkoholu', 'w', 'pokoju', 'hotelowym', 'w', 'Vancouver', '.']	[0, 0, 0, 0, 0, 0, 0, 0, 0, 0, 0, 0, 0, 0, 0, 0, 5, 0]	pl	13 lipca 2013 r., zmarł przez toksyczne połączenie heroiny i alkoholu w pokoju hotelowym w Vancouver.
['Władysław', 'Anders', '.']	[1, 2, 0]	pl	Władysław Anders.
['W', 'następnym', 'sezonie', 'jeździł', 'we', 'francuskim', 'teamie', 'Ligier', ',', 'który', 'wówczas', 'dysponował', 'mocnymi', 'i', 'niezawodnymi', 'silnikami', 'Renault', '.']	[0, 0, 0, 0, 0, 0, 0, 3, 0, 0, 0, 0, 0, 0, 0, 0, 3, 0]	pl	W następnym sezonie jeździł we francuskim teamie Ligier, który wówczas dysponował mocnymi i niezawodnymi silnikami Renault.
['Współpracuje', '(', 'tworząc', 'przede', 'wszystkim', 'z', 'bratem', 'bliźniakiem', '–', 'Bartłomiej', 'Brat', 'Oleś', ')', 'z', 'muzykami', 'z', 'całego', 'świata', 'i', 'z', 'czołówką', 'polskiego', 'jazzu', ',', 'm', '.']	[0, 0, 0, 0, 0, 0, 0, 0, 0, 1, 2, 2, 0, 0, 0, 0, 0, 0, 0, 0, 0, 0, 0, 0, 0, 0]	pl	Współpracuje (tworząc przede wszystkim z bratem bliźniakiem – Bartłomiej Brat Oleś) z muzykami z całego świata i z czołówką polskiego jazzu, m.
['Dwa', 'tygodnie', 'później', 'zwyciężył', 'także', 'w', 'Chicago', '.']	[0, 0, 0, 0, 0, 0, 5, 0]	pl	Dwa tygodnie później zwyciężył także w Chicago.
['Ogłoszona', 'w', '2007', 'roku', 'kolejna', 'gra', 'FPS', 'w', 'uniwersum', 'Quake', '.']	[0, 0, 0, 0, 0, 0, 0, 0, 0, 7, 0]	pl	Ogłoszona w 2007 roku kolejna gra FPS w uniwersum Quake.
['27', 'sierpnia', '1710', 'w', 'Bolzano', ',', 'zm', '.']	[0, 0, 0, 0, 5, 0, 0, 0]	pl	27 sierpnia 1710 w Bolzano, zm.
"['Została', 'jednym', 'z', 'trojga', 'jurorów', 'w', 'amerykańskim', 'reality', 'show', '""', 'America', '’', 's', 'Got', 'Talent', '""', '.']"	[0, 0, 0, 0, 0, 0, 0, 0, 0, 0, 7, 8, 8, 8, 8, 0, 0]	pl	"Została jednym z trojga jurorów w amerykańskim reality show ""America ’ s Got Talent""."
"['Richard', 'Dedekind', 'podał', 'formalną', 'definicję', 'ciała', 'pod', 'nazwą', '""', 'dziedzina', 'wymierności', '""', '.']"	[1, 2, 0, 0, 0, 0, 0, 0, 0, 0, 0, 0, 0]	pl	"Richard Dedekind podał formalną definicję ciała pod nazwą ""dziedzina wymierności""."
['Na', 'podstawie', 'powieści', 'powstał', 'miniserial', 'telewizyjny', ',', 'w', 'którym', 'główną', 'rolę', 'zagrał', 'Pierce', 'Brosnan', '.']	[0, 0, 0, 0, 0, 0, 0, 0, 0, 0, 0, 0, 1, 2, 0]	pl	Na podstawie powieści powstał miniserial telewizyjny, w którym główną rolę zagrał Pierce Brosnan.
"['Do', 'pierwszych', '500', 'tysięcy', 'egzemplarzy', 'gry', 'została', 'dołączona', 'płyta', 'z', 'demem', '""', 'Dino', 'Crisis', '""', '.']"	[0, 0, 0, 0, 0, 0, 0, 0, 0, 0, 0, 0, 7, 8, 0, 0]	pl	"Do pierwszych 500 tysięcy egzemplarzy gry została dołączona płyta z demem ""Dino Crisis""."
['Jest', 'jedyną', 'wsią', 'gminy', 'Rewal', ',', 'która', 'zachowała', 'swój', 'rolniczy', 'charakter', 'i', 'nie', 'leży', 'bezpośrednio', 'nad', 'Bałtykiem', '.']	[0, 0, 0, 5, 5, 0, 0, 0, 0, 0, 0, 0, 0, 0, 0, 0, 5, 0]	pl	Jest jedyną wsią gminy Rewal, która zachowała swój rolniczy charakter i nie leży bezpośrednio nad Bałtykiem.
"['Piszący', 'po', 'czesku', 'słowacki', 'poeta', 'Ján', 'Kollár', 'stworzył', 'cykl', '""', 'Córa', 'sławy', '""', ',', 'który', 'w', 'ostatniej', 'redakcji', 'składa', 'się', 'z', '645', 'sonetów', '.']"	[0, 0, 0, 0, 0, 1, 2, 0, 0, 0, 0, 0, 0, 0, 0, 0, 0, 0, 0, 0, 0, 0, 0, 0]	pl	"Piszący po czesku słowacki poeta Ján Kollár stworzył cykl ""Córa sławy"", który w ostatniej redakcji składa się z 645 sonetów."
"['Laureat', 'dwóch', 'Oscarów', 'za', 'film', '""', 'Łowca', 'jeleni', '""', '(', 'w', 'kategorii', 'najlepszy', 'film', '-', 'jako', 'producent', 'oraz', 'w', 'kategorii', 'najlepsza', 'reżyseria', ')', '.']"	[0, 0, 7, 0, 0, 0, 7, 8, 0, 0, 0, 0, 0, 0, 0, 0, 0, 0, 0, 0, 0, 0, 0, 0]	pl	"Laureat dwóch Oscarów za film ""Łowca jeleni"" (w kategorii najlepszy film - jako producent oraz w kategorii najlepsza reżyseria)."
['Był', 'pierwszym', 'wiceprezydentem', 'zmarłym', 'w', 'trakcie', 'kadencji', '(', 'jako', 'wiceprezydent', 'zmarł', 'także', 'jego', 'następca', ',', 'Elbridge', 'Gerry', ')', '.']	[0, 0, 0, 0, 0, 0, 0, 0, 0, 0, 0, 0, 0, 0, 0, 1, 2, 0, 0]	pl	Był pierwszym wiceprezydentem zmarłym w trakcie kadencji (jako wiceprezydent zmarł także jego następca, Elbridge Gerry).
['Najwyższym', 'szczytem', 'pasma', 'jest', 'Mont', 'Agou', '(', '986', 'm', 'n.p.m.', ')', ',', 'będący', 'jednocześnie', 'najwyższym', 'szczytem', 'w', 'Togo', '.']	[0, 0, 0, 0, 5, 6, 0, 0, 0, 0, 0, 0, 0, 0, 0, 0, 0, 5, 0]	pl	Najwyższym szczytem pasma jest Mont Agou (986 m n.p.m.), będący jednocześnie najwyższym szczytem w Togo.
['Siedziba', 'gminy', 'to', 'Kurzętnik', '.']	[0, 0, 0, 5, 0]	pl	Siedziba gminy to Kurzętnik.
['7', 'czerwca', '1976', 'w', 'Chicago', ')', '–', 'amerykański', 'bokser', ',', 'były', 'zawodowy', 'mistrz', 'świata', 'organizacji', 'WBC', 'w', 'kategorii', 'lekkiej', '(', 'do', '135', 'funtów', ')', '.']	[0, 0, 0, 0, 5, 0, 0, 0, 0, 0, 0, 0, 0, 0, 0, 3, 0, 0, 0, 0, 0, 0, 0, 0, 0]	pl	7 czerwca 1976 w Chicago) – amerykański bokser, były zawodowy mistrz świata organizacji WBC w kategorii lekkiej (do 135 funtów).
"['""', 'Coghja', '""', ')', '–', 'miejscowość', 'i', 'gmina', 'we', 'Francji', ',', 'w', 'regionie', 'Korsyka', ',', 'w', 'departamencie', 'Korsyka', 'Południowa', '.']"	[0, 0, 0, 0, 0, 0, 0, 0, 0, 5, 0, 0, 0, 5, 0, 0, 0, 5, 6, 0]	pl	"""Coghja"") – miejscowość i gmina we Francji, w regionie Korsyka, w departamencie Korsyka Południowa."
['15', 'września', '1991', 'w', 'Medellín', ')', '–', 'kolumbijski', 'piłkarz', 'występujący', 'na', 'pozycji', 'ofensywnego', 'pomocnika', ',', 'obecnie', 'zawodnik', 'Deportes', 'Tolima', '.']	[0, 0, 0, 0, 5, 0, 0, 0, 0, 0, 0, 0, 0, 0, 0, 0, 0, 3, 4, 0]	pl	15 września 1991 w Medellín) – kolumbijski piłkarz występujący na pozycji ofensywnego pomocnika, obecnie zawodnik Deportes Tolima.
['Gliniadakis', 'został', 'wybrany', 'z', '58', 'numerem', 'draftu', 'do', 'Detroit', 'Pistons', '.']	[0, 0, 0, 0, 0, 0, 0, 0, 3, 4, 0]	pl	Gliniadakis został wybrany z 58 numerem draftu do Detroit Pistons.
['Andrzeja', 'w', 'Northamptonshire', '.']	[0, 0, 5, 0]	pl	Andrzeja w Northamptonshire.
['W', 'finałowym', 'meczu', 'z', 'Royal', 'Antwerp', 'FC', 'zagrał', 'od', 'pierwszej', 'minuty', 'i', 'zaliczył', 'asystę', '.']	[0, 0, 0, 0, 3, 4, 4, 0, 0, 0, 0, 0, 0, 0, 0]	pl	W finałowym meczu z Royal Antwerp FC zagrał od pierwszej minuty i zaliczył asystę.
['W', '2014', 'pomagał', 'szkolić', 'MFK', 'Mikołajów', '.']	[0, 0, 0, 0, 3, 4, 0]	pl	W 2014 pomagał szkolić MFK Mikołajów.
['Znamy', 'opis', 'jednego', 'z', 'takich', 'spektakli', 'na', 'dworze', 'księcia', 'Urbino', '.']	[0, 0, 0, 0, 0, 0, 0, 0, 0, 5, 0]	pl	Znamy opis jednego z takich spektakli na dworze księcia Urbino.
['Obecnie', 'jest', 'zawodnikiem', 'Sporting', 'Kansas', 'City', '.']	[0, 0, 0, 3, 4, 4, 0]	pl	Obecnie jest zawodnikiem Sporting Kansas City.
['Muzeum', 'posiada', 'dużą', 'kolekcję', 'malarstwa', ',', 'grafiki', 'i', 'rzeźby', 'artystów', 'żydowskich', ',', 'takich', 'jak', 'Roman', 'Kramsztyk', ',', 'Maurycy', 'Gottlieb', ',', 'Henryk', 'Kuna', ',', 'Erno', 'Erb', 'czy', 'Alina', 'Szapocznikow', '.']	[0, 0, 0, 0, 0, 0, 0, 0, 0, 0, 0, 0, 0, 0, 1, 2, 0, 1, 2, 0, 1, 2, 0, 1, 2, 0, 1, 2, 0]	pl	Muzeum posiada dużą kolekcję malarstwa, grafiki i rzeźby artystów żydowskich, takich jak Roman Kramsztyk, Maurycy Gottlieb, Henryk Kuna, Erno Erb czy Alina Szapocznikow.
"['""', 'Moncaup', '""', '–', 'miejscowość', 'i', 'gmina', 'we', 'Francji', ',', 'w', 'regionie', 'Nowa', 'Akwitania', ',', 'w', 'departamencie', 'Pireneje', 'Atlantyckie', '.']"	[0, 0, 0, 0, 0, 0, 0, 0, 5, 0, 0, 0, 5, 6, 0, 0, 0, 5, 6, 0]	pl	"""Moncaup"" – miejscowość i gmina we Francji, w regionie Nowa Akwitania, w departamencie Pireneje Atlantyckie."
['Ośrodek', 'hutnictwa', 'żelaza', 'i', 'metali', 'nieżelaznych', '(', 'głównie', 'cynku', ')', ',', 'produkcja', 'ciężkich', 'ciągników', 'i', 'ciężarówek', ',', 'przemysł', 'materiałów', 'budowlanych', ',', 'spożywczy', ',', 'odzieżowy', ';', 'gazociąg', 'biegnący', 'z', 'Gazli', ',', 'duża', 'elektrownia', 'cieplna', '.']	[0, 0, 0, 0, 0, 0, 0, 0, 0, 0, 0, 0, 0, 0, 0, 0, 0, 0, 0, 0, 0, 0, 0, 0, 0, 0, 0, 0, 5, 0, 0, 0, 0, 0]	pl	Ośrodek hutnictwa żelaza i metali nieżelaznych (głównie cynku), produkcja ciężkich ciągników i ciężarówek, przemysł materiałów budowlanych, spożywczy, odzieżowy; gazociąg biegnący z Gazli, duża elektrownia cieplna.
['Twarzą', 'okładki', 'jest', 'Mike', 'Dirnt', ',', 'lider', 'i', 'basista', 'zespołu', '.']	[0, 0, 0, 1, 2, 0, 0, 0, 0, 0, 0]	pl	Twarzą okładki jest Mike Dirnt, lider i basista zespołu.
"['""', 'Arise', '(', 'singel', ')', '""', '–', 'singel', 'zespołu', 'Sepultura', 'z', 'albumu', 'Arise', 'wydany', 'przez', 'Roadrunner', 'Records', 'w', '1991', 'roku', '.']"	[0, 7, 0, 0, 0, 0, 0, 0, 0, 3, 0, 0, 7, 0, 0, 3, 4, 0, 0, 0, 0]	pl	"""Arise (singel)"" – singel zespołu Sepultura z albumu Arise wydany przez Roadrunner Records w 1991 roku."
"['Została', 'częściowo', 'zainspirowany', 'filmem', '""', 'Truman', 'Show', '""', '.']"	[0, 0, 0, 0, 0, 7, 8, 0, 0]	pl	"Została częściowo zainspirowany filmem ""Truman Show""."
['W', 'XX', 'wieku', 'zmienia', 'się', 'nieco', 'stylistyka', 'foteli', 'na', 'korzyść', 'wysmakowanej', 'formy', '(', 'twórcy', ':', 'Ludwig', 'Mies', 'van', 'der', 'Rohe', ',', 'Charles', 'Eames', ')', ',', 'dochodzą', 'też', 'nowe', 'materiały', '–', 'tworzywa', 'sztuczne', '.']	[0, 0, 0, 0, 0, 0, 0, 0, 0, 0, 0, 0, 0, 0, 0, 1, 2, 2, 2, 2, 0, 1, 2, 0, 0, 0, 0, 0, 0, 0, 0, 0, 0]	pl	W XX wieku zmienia się nieco stylistyka foteli na korzyść wysmakowanej formy (twórcy: Ludwig Mies van der Rohe, Charles Eames), dochodzą też nowe materiały – tworzywa sztuczne.
['Tam', 'zostawił', 'część', 'swej', 'grupy', 'myśliwych', 'i', 'ruszył', 'na', 'wschód', ',', 'by', 'znaleźć', 'przejście', 'przez', 'pasmo', 'Sierra', 'Nevada', '.']	[0, 0, 0, 0, 0, 0, 0, 0, 0, 0, 0, 0, 0, 0, 0, 0, 5, 5, 0]	pl	Tam zostawił część swej grupy myśliwych i ruszył na wschód, by znaleźć przejście przez pasmo Sierra Nevada.
['Największą', 'francuską', 'wyspę', '–', 'Korsykę', ',', 'oblewa', 'także', 'Morze', 'Tyrreńskie', '.']	[0, 0, 0, 0, 5, 0, 0, 0, 5, 6, 0]	pl	Największą francuską wyspę – Korsykę, oblewa także Morze Tyrreńskie.
['21', 'lipca', '1971', 'Jane', 'Birkin', 'urodziła', 'córkę', 'Charlotte', '.']	[0, 0, 0, 1, 2, 0, 0, 1, 0]	pl	21 lipca 1971 Jane Birkin urodziła córkę Charlotte.
['Wiktor', 'Thommée', 'wysłał', 'do', 'Łodzi', 'oficera', 'swojego', 'sztabu', ',', 'mjr', '.']	[1, 2, 0, 0, 5, 0, 0, 0, 0, 0, 0]	pl	Wiktor Thommée wysłał do Łodzi oficera swojego sztabu, mjr.
['W', 'zasadzie', 'legalna', ',', 'gdyż', 'nie', 'ma', 'odnośnych', 'przepisów', 'prawnych', ',', 'w', 'takich', 'krajach', 'jak', ':', 'Lesotho', ',', 'Gwinea', 'Bissau', 'i', 'Mozambik', '.']	[0, 0, 0, 0, 0, 0, 0, 0, 0, 0, 0, 0, 0, 0, 0, 0, 5, 0, 5, 6, 0, 5, 0]	pl	W zasadzie legalna, gdyż nie ma odnośnych przepisów prawnych, w takich krajach jak: Lesotho, Gwinea Bissau i Mozambik.
['W', 'tym', 'samym', 'roku', 'został', 'wybrany', 'w', 'czwartym', 'okręgu', 'wyborczym', 'w', 'Maryland', 'do', '100', '.']	[0, 0, 0, 0, 0, 0, 0, 0, 0, 0, 0, 5, 0, 0, 0]	pl	W tym samym roku został wybrany w czwartym okręgu wyborczym w Maryland do 100.
"['Leży', '13,1', '""', 'km', 'od', 'miasta', 'Truro', ',', '34', '""', 'km', 'od', 'miasta', 'Penzance', 'i', '382,9', '""', 'km', 'od', 'Londynu', '.']"	[0, 0, 0, 0, 0, 0, 5, 0, 0, 0, 0, 0, 0, 5, 0, 0, 0, 0, 0, 5, 0]	pl	"Leży 13,1 ""km od miasta Truro, 34"" km od miasta Penzance i 382,9 ""km od Londynu."
['Są', 'to', 'Cieśnina', 'Gaspar', ',', 'Cieśnina', 'Karimata', ',', 'Cieśnina', 'Makasarska', ',', 'Cieśnina', 'Malakka', ',', 'Cieśnina', 'Ombai', ',', 'Cieśnina', 'Sumba', ',', 'Cieśnina', 'Sundajska', ',', 'Cieśnina', 'Wetar', '.']	[0, 0, 5, 6, 0, 5, 6, 0, 5, 6, 0, 5, 6, 0, 5, 6, 0, 5, 6, 0, 5, 6, 0, 5, 6, 0]	pl	Są to Cieśnina Gaspar, Cieśnina Karimata, Cieśnina Makasarska, Cieśnina Malakka, Cieśnina Ombai, Cieśnina Sumba, Cieśnina Sundajska, Cieśnina Wetar.
['4', 'marca', '2016', 'wziął', 'ślub', 'z', 'Jerry', 'Hall', ',', 'amerykańską', 'aktorką', 'i', 'modelką', ',', 'z', 'którą', 'wcześniej', 'przez', '22', 'lata', 'związany', 'był', 'Mick', 'Jagger', '.']	[0, 0, 0, 0, 0, 0, 1, 2, 0, 0, 0, 0, 0, 0, 0, 0, 0, 0, 0, 0, 0, 0, 1, 2, 0]	pl	4 marca 2016 wziął ślub z Jerry Hall, amerykańską aktorką i modelką, z którą wcześniej przez 22 lata związany był Mick Jagger.
['W', 'Corpus', 'Aristotelicum', 'obejmuje', 'strony', 'od', '1252a', 'do', '1343a', '.']	[0, 7, 8, 0, 0, 0, 0, 0, 0, 0]	pl	W Corpus Aristotelicum obejmuje strony od 1252a do 1343a.
['W', 'roku', '1996', 'podjął', 'pracę', 'w', 'korporacji', 'Scaled', 'Composites', '.']	[0, 0, 0, 0, 0, 0, 0, 3, 4, 0]	pl	W roku 1996 podjął pracę w korporacji Scaled Composites.
['Jest', 'możliwe', ',', 'że', 'Biuro', 'Polityczne', 'KC', 'PZPR', 'postanowiło', ',', 'że', 'wobec', 'mobilizacji', 'społeczeństwa', 'i', 'groźby', 'strajku', 'generalnego', 'wprowadzenie', 'w', 'tamtym', 'momencie', 'stanu', 'wojennego', 'może', 'doprowadzić', 'do', 'eskalacji', 'napięcia', 'i', 'otwartej', 'konfrontacji', 'ze', 'społeczeństwem', ',', 'co', 'mogło', 'spowodować', 'niekontrolowany', 'rozwój', 'wypadków', '.']	[0, 0, 0, 0, 3, 4, 4, 4, 0, 0, 0, 0, 0, 0, 0, 0, 0, 0, 0, 0, 0, 0, 0, 0, 0, 0, 0, 0, 0, 0, 0, 0, 0, 0, 0, 0, 0, 0, 0, 0, 0, 0]	pl	Jest możliwe, że Biuro Polityczne KC PZPR postanowiło, że wobec mobilizacji społeczeństwa i groźby strajku generalnego wprowadzenie w tamtym momencie stanu wojennego może doprowadzić do eskalacji napięcia i otwartej konfrontacji ze społeczeństwem, co mogło spowodować niekontrolowany rozwój wypadków.
['W', 'morderstwie', 'uczestniczył', 'również', 'Ryszard', 'Niemczyk', ',', 'ps', '.']	[0, 0, 0, 0, 1, 2, 0, 0, 0]	pl	W morderstwie uczestniczył również Ryszard Niemczyk, ps.
['W', 'listopadzie', '2015', 'powrócił', 'do', 'Atlanta', 'Braves', ',', 'wiążąc', 'się', 'roczną', 'umową', '.']	[0, 0, 0, 0, 0, 3, 4, 0, 0, 0, 0, 0, 0]	pl	W listopadzie 2015 powrócił do Atlanta Braves, wiążąc się roczną umową.
['Zgłaszała', 'też', 'sprzeciw', 'wobec', 'osobnego', 'sztabu', 'sił', 'NATO', 'i', 'UZE', '.']	[0, 0, 0, 0, 0, 0, 0, 3, 0, 3, 0]	pl	Zgłaszała też sprzeciw wobec osobnego sztabu sił NATO i UZE.
['Dr', 'Krzysztof', 'Kondratowicz', 'został', 'głównym', 'opiekunem', 'rady', '.']	[0, 1, 2, 0, 0, 0, 0, 0]	pl	Dr Krzysztof Kondratowicz został głównym opiekunem rady.
['Ewakuowana', 'stamtąd', 'podczas', 'powstania', 'w', 'getcie', ',', 'w', 'którym', 'zginął', 'jej', 'ojciec', ',', 'działacz', 'Bundu', ',', 'Michał', 'Klepfisz', ',', 'wraz', 'z', 'matką', 'trafiła', 'na', 'wieś', ',', 'gdzie', 'ukrywały', 'się', 'do', 'końca', 'wojny', '.']	[0, 0, 0, 0, 0, 0, 0, 0, 0, 0, 0, 0, 0, 0, 3, 0, 1, 2, 0, 0, 0, 0, 0, 0, 0, 0, 0, 0, 0, 0, 0, 0, 0]	pl	Ewakuowana stamtąd podczas powstania w getcie, w którym zginął jej ojciec, działacz Bundu, Michał Klepfisz, wraz z matką trafiła na wieś, gdzie ukrywały się do końca wojny.
"['Najczęściej', 'z', 'polskich', 'kierowców', 'w', 'pierwszej', '""', '10', '""', 'rajdów', 'meldował', 'się', '""', 'Robert', 'Kubica', '""', '.']"	[0, 0, 0, 0, 0, 0, 0, 0, 0, 0, 0, 0, 0, 1, 2, 0, 0]	pl	"Najczęściej z polskich kierowców w pierwszej ""10"" rajdów meldował się ""Robert Kubica""."
['Burza', 'ukryła', 'okręty', 'Karola', 'przed', 'patrolującą', 'Morze', 'Liguryjskie', 'eskadrą', 'sycylijską', 'i', 'pretendent', 'do', 'korony', 'stanął', 'na', 'kotwicy', 'w', 'Ostii', '20', 'maja', '.']	[0, 0, 0, 1, 0, 0, 5, 6, 0, 0, 0, 0, 0, 0, 0, 0, 0, 0, 5, 0, 0, 0]	pl	Burza ukryła okręty Karola przed patrolującą Morze Liguryjskie eskadrą sycylijską i pretendent do korony stanął na kotwicy w Ostii 20 maja.
"['Według', 'danych', 'na', 'rok', '1990', 'gminę', 'zamieszkiwało', '461', 'osób', ',', 'a', 'gęstość', 'zaludnienia', 'wynosiła', '29', '""', 'osób', '/', 'km', '²', '(', 'wśród', '1467', 'gmin', 'regionu', 'Poitou-Charentes', 'Saint-Léger', 'plasuje', 'się', 'na', '581', '.']"	[0, 0, 0, 0, 0, 0, 0, 0, 0, 0, 0, 0, 0, 0, 0, 0, 0, 0, 0, 0, 0, 0, 0, 0, 0, 5, 0, 0, 0, 0, 0, 0]	pl	"Według danych na rok 1990 gminę zamieszkiwało 461 osób, a gęstość zaludnienia wynosiła 29 ""osób / km ² (wśród 1467 gmin regionu Poitou-Charentes Saint-Léger plasuje się na 581."
['Swój', 'wówczas', 'rekord', 'asyst', 'wyrównał', 'na', 'początku', '2009', 'w', 'meczu', 'z', 'Milwaukee', 'Bucks', '.']	[0, 0, 0, 0, 0, 0, 0, 0, 0, 0, 0, 3, 4, 0]	pl	Swój wówczas rekord asyst wyrównał na początku 2009 w meczu z Milwaukee Bucks.
"['""', 'Saint-Éloi-de-Fourques', '""', '–', 'miejscowość', 'i', 'gmina', 'we', 'Francji', ',', 'w', 'regionie', 'Normandia', ',', 'w', 'departamencie', 'Eure', '.']"	[0, 0, 0, 0, 0, 0, 0, 0, 5, 0, 0, 0, 5, 0, 0, 0, 5, 0]	pl	"""Saint-Éloi-de-Fourques"" – miejscowość i gmina we Francji, w regionie Normandia, w departamencie Eure."
"['""', 'Neublans-Abergement', '""', '–', 'miejscowość', 'i', 'gmina', 'we', 'Francji', ',', 'w', 'regionie', 'Burgundia-Franche-Comté', ',', 'w', 'departamencie', 'Jura', '.']"	[0, 0, 0, 0, 0, 0, 0, 0, 5, 0, 0, 0, 5, 0, 0, 0, 5, 0]	pl	"""Neublans-Abergement"" – miejscowość i gmina we Francji, w regionie Burgundia-Franche-Comté, w departamencie Jura."
['W', 'rozegranym', '26', 'października', '1908', 'roku', 'na', 'White', 'City', 'Stadium', 'spotkaniu', 'Brytyjczycy', 'ulegli', 'Australijczykom', '3', '–', '32', '.']	[0, 0, 0, 0, 0, 0, 0, 5, 6, 6, 0, 5, 0, 5, 0, 0, 0, 0]	pl	W rozegranym 26 października 1908 roku na White City Stadium spotkaniu Brytyjczycy ulegli Australijczykom 3 – 32.
['John', 'Keats', 'napisał', 'utwór', 'La', 'belle', 'dame', 'sans', 'merci', ',', 'a', 'Samuel', 'Taylor', 'Coleridge', 'rozbudował', 'balladę', 'do', 'rozmiarów', 'poematu', 'tworząc', 'Rymy', 'o', 'starym', 'marynarzu', '.']	[1, 2, 0, 0, 0, 0, 0, 0, 0, 0, 0, 1, 2, 2, 0, 0, 0, 0, 0, 0, 0, 0, 0, 0, 0]	pl	John Keats napisał utwór La belle dame sans merci, a Samuel Taylor Coleridge rozbudował balladę do rozmiarów poematu tworząc Rymy o starym marynarzu.
['W', 'swojej', 'karierze', 'pokonał', 'wielu', 'utytułowanych', 'bokserów', ',', 'takich', 'jak', 'Wilfred', 'Benítez', ',', 'Thomas', 'Hearns', ',', 'Roberto', 'Durán', 'i', 'Marvin', 'Hagler', '.']	[0, 0, 0, 0, 0, 0, 0, 0, 0, 0, 1, 2, 0, 1, 2, 0, 1, 2, 0, 1, 2, 0]	pl	W swojej karierze pokonał wielu utytułowanych bokserów, takich jak Wilfred Benítez, Thomas Hearns, Roberto Durán i Marvin Hagler.
['miejscu', 'na', 'liście', 'stu', 'najwybitniejszych', 'filmów', 'XXI', 'wieku', 'według', 'plebiscytu', 'krytyków', 'BBC', '.']	[0, 0, 0, 0, 0, 0, 0, 0, 0, 0, 0, 3, 0]	pl	miejscu na liście stu najwybitniejszych filmów XXI wieku według plebiscytu krytyków BBC.
"['Pojawia', 'się', 'też', 'w', '""', 'Mass', 'Effect', '3', '""', 'jako', 'członek', 'drużyny', 'Sheparda', 'i', 'postać', 'kluczowa', 'dla', 'głównego', 'wątku', 'fabularnego', '.']"	[0, 0, 0, 0, 0, 7, 8, 8, 0, 0, 0, 0, 1, 0, 0, 0, 0, 0, 0, 0, 0]	pl	"Pojawia się też w ""Mass Effect 3"" jako członek drużyny Sheparda i postać kluczowa dla głównego wątku fabularnego."
['w', 'otwartym', 'turnieju', 'w', 'Montpellier', '(', 'Montpellier', '(', '2006', ',', 'dz', '.']	[0, 0, 0, 0, 5, 0, 5, 0, 0, 0, 0, 0]	pl	w otwartym turnieju w Montpellier (Montpellier (2006, dz.
"['""', 'Feissons-sur-Salins', '""', '–', 'miejscowość', 'i', 'gmina', 'we', 'Francji', ',', 'w', 'regionie', 'Owernia-Rodan-Alpy', ',', 'w', 'departamencie', 'Sabaudia', '.']"	[0, 0, 0, 0, 0, 0, 0, 0, 5, 0, 0, 0, 5, 0, 0, 0, 5, 0]	pl	"""Feissons-sur-Salins"" – miejscowość i gmina we Francji, w regionie Owernia-Rodan-Alpy, w departamencie Sabaudia."
['Należała', 'do', 'organizacji', 'NIE', '.']	[0, 0, 0, 3, 0]	pl	Należała do organizacji NIE.
"['Postacie', 'i', 'obiekty', 'w', '""', 'Quake', '""', 'były', 'bardziej', 'złożone', 'i', 'lepiej', 'animowane', 'niż', 'w', 'jakiejkolwiek', 'grze', 'komputerowej', 'wcześniej', '.']"	[0, 0, 0, 0, 0, 7, 0, 0, 0, 0, 0, 0, 0, 0, 0, 0, 0, 0, 0, 0]	pl	"Postacie i obiekty w ""Quake"" były bardziej złożone i lepiej animowane niż w jakiejkolwiek grze komputerowej wcześniej."
['Szczyt', 'otaczają', 'lodowce', 'Findelgletscher', 'i', 'Adlergletscher', '.']	[0, 0, 0, 5, 0, 5, 0]	pl	Szczyt otaczają lodowce Findelgletscher i Adlergletscher.
['Na', 'samym', 'turnieju', 'jego', 'podopieczni', ',', 'wśród', 'których', 'znajdowali', 'się', 'm.in.', 'Cristiano', 'Ronaldo', ',', 'Deco', ',', 'Paulo', 'Ferreira', 'i', 'Ricardo', 'Carvalho', ',', 'doszli', 'do', 'drugiej', 'rundy', ',', 'gdzie', 'przegrali', '0:1', 'z', 'przyszłymi', 'mistrzami', 'świata', 'Hiszpanami', '.']	[0, 0, 0, 0, 0, 0, 0, 0, 0, 0, 0, 1, 2, 0, 1, 0, 1, 2, 0, 1, 2, 0, 0, 0, 0, 0, 0, 0, 0, 0, 0, 0, 0, 0, 3, 0]	pl	Na samym turnieju jego podopieczni, wśród których znajdowali się m.in. Cristiano Ronaldo, Deco, Paulo Ferreira i Ricardo Carvalho, doszli do drugiej rundy, gdzie przegrali 0:1 z przyszłymi mistrzami świata Hiszpanami.
['Ostatecznie', 'Earl', 'uderzył', 'w', 'Bahamy', 'oraz', 'Portoryko', 'z', 'największą', 'siłą', ',', 'osiągając', 'wówczas', 'nawet', '5', 'kategorię', '.']	[0, 0, 0, 0, 5, 0, 5, 0, 0, 0, 0, 0, 0, 0, 0, 0, 0]	pl	Ostatecznie Earl uderzył w Bahamy oraz Portoryko z największą siłą, osiągając wówczas nawet 5 kategorię.
['Jaroslav', 'Heyrovský', '.']	[1, 2, 0]	pl	Jaroslav Heyrovský.
['W', '1885', 'przeszedł', 'na', 'emeryturę', ',', 'a', 'w', '1894', 'papież', 'Leon', 'XIII', 'uczynił', 'go', 'papieskim', 'prałatem', '.']	[0, 0, 0, 0, 0, 0, 0, 0, 0, 0, 1, 2, 0, 0, 0, 0, 0]	pl	W 1885 przeszedł na emeryturę, a w 1894 papież Leon XIII uczynił go papieskim prałatem.
['Jego', 'syn', 'Rudolf', 'na', 'początku', 'powstania', 'styczniowego', 'zorganizował', 'w', 'swoim', 'dworze', 'spotkanie', 'ziemian', ',', 'w', 'którym', 'uczestniczył', 'płk', 'Bronisław', 'Rudzki', '.']	[0, 0, 1, 0, 0, 0, 0, 0, 0, 0, 0, 0, 0, 0, 0, 0, 0, 0, 1, 2, 0]	pl	Jego syn Rudolf na początku powstania styczniowego zorganizował w swoim dworze spotkanie ziemian, w którym uczestniczył płk Bronisław Rudzki.
['NNP', ')', 'zaś', 'Marthinus', 'van', 'Schalkwyk', 'został', 'nowym', 'przewodniczącym', '.']	[0, 0, 0, 1, 2, 2, 0, 0, 0, 0]	pl	NNP) zaś Marthinus van Schalkwyk został nowym przewodniczącym.
['Należą', 'one', 'do', 'trzech', 'gmin', ',', 'spośród', 'których', 'tylko', 'gmina', 'Łapsze', 'Niżne', 'ma', 'charakter', 'wyłącznie', 'spiski', '.']	[0, 0, 0, 0, 0, 0, 0, 0, 0, 5, 5, 6, 0, 0, 0, 0, 0]	pl	Należą one do trzech gmin, spośród których tylko gmina Łapsze Niżne ma charakter wyłącznie spiski.
['Ten', 'projekt', 'również', 'się', 'nie', 'powiódł', ':', 'Polska', 'miała', 'napięte', 'stosunki', 'z', 'Litwą', 'i', 'Czechosłowacją', '.']	[0, 0, 0, 0, 0, 0, 0, 5, 0, 0, 0, 0, 5, 0, 5, 0]	pl	Ten projekt również się nie powiódł: Polska miała napięte stosunki z Litwą i Czechosłowacją.
['Największe', 'skupisko', 'głazów', 'narzutowych', 'uznanych', 'za', 'pomniki', 'przyrody', 'w', 'Wielkopolsce', 'znajduje', 'się', 'w', 'gminie', 'Dolsk', '.']	[0, 0, 0, 0, 0, 0, 0, 0, 0, 5, 0, 0, 0, 5, 5, 0]	pl	Największe skupisko głazów narzutowych uznanych za pomniki przyrody w Wielkopolsce znajduje się w gminie Dolsk.
"['Stopień', 'wojskowy', '""', 'starszego', 'bosmana', '""', 'jest', 'zaszeregowany', 'dla', 'grupy', 'uposażenia', 'nr', '6', ',', 'a', 'w', 'kodzie', 'NATO', 'określony', 'jest', 'jako', 'OR-06', '.']"	[0, 0, 0, 0, 0, 0, 0, 0, 0, 0, 0, 0, 0, 0, 0, 0, 0, 3, 0, 0, 0, 0, 0]	pl	"Stopień wojskowy ""starszego bosmana"" jest zaszeregowany dla grupy uposażenia nr 6, a w kodzie NATO określony jest jako OR-06."
"['""', 'Saint-Jean-de-Touslas', '""', '–', 'miejscowość', 'i', 'gmina', 'we', 'Francji', ',', 'w', 'regionie', 'Owernia-Rodan-Alpy', ',', 'w', 'departamencie', 'Rodan', '.']"	[0, 0, 0, 0, 0, 0, 0, 0, 5, 0, 0, 0, 5, 0, 0, 0, 5, 0]	pl	"""Saint-Jean-de-Touslas"" – miejscowość i gmina we Francji, w regionie Owernia-Rodan-Alpy, w departamencie Rodan."
['W', '2013', 'pomagał', 'trenować', 'Amkar', 'Perm', '.']	[0, 0, 0, 0, 3, 4, 0]	pl	W 2013 pomagał trenować Amkar Perm.
['minucie', 'meczu', 'z', 'CS', 'Sedan', 'zdobył', 'swojego', 'pierwszego', 'gola', 'na', 'francuskich', 'boiskach', '.']	[0, 0, 0, 3, 4, 0, 0, 0, 0, 0, 0, 0, 0]	pl	minucie meczu z CS Sedan zdobył swojego pierwszego gola na francuskich boiskach.
['Leży', 'około', '12', 'km', 'na', 'północny', 'wschód', 'od', 'Bad', 'Tölz', ',', 'przy', 'drodze', 'B13', '.']	[0, 0, 0, 0, 0, 0, 0, 0, 5, 6, 0, 0, 0, 0, 0]	pl	Leży około 12 km na północny wschód od Bad Tölz, przy drodze B13.
['Jako', 'nastolatka', 'przeprowadziła', 'się', 'do', 'Tokio', '.']	[0, 0, 0, 0, 0, 5, 0]	pl	Jako nastolatka przeprowadziła się do Tokio.
['Trzon', 'grupy', 'kolonistów', 'składał', 'się', 'z', '35', 'członków', 'gminy', 'kalwińskiej', 'z', 'miejscowości', 'Scrooby', 'w', 'Nottinghamshire', '.']	[0, 0, 0, 0, 0, 0, 0, 0, 0, 0, 0, 0, 5, 0, 5, 0]	pl	Trzon grupy kolonistów składał się z 35 członków gminy kalwińskiej z miejscowości Scrooby w Nottinghamshire.
['Według', 'danych', 'oficjalnych', 'pochodzących', 'z', '2010', 'roku', 'Senegal', 'posiadał', 'ponad', '50', 'miast', 'o', 'ludności', 'przekraczającej', '10', 'tys', '.']	[0, 0, 0, 0, 0, 0, 0, 5, 0, 0, 0, 0, 0, 0, 0, 0, 0, 0]	pl	Według danych oficjalnych pochodzących z 2010 roku Senegal posiadał ponad 50 miast o ludności przekraczającej 10 tys.
['W', 'maju', '2014', 'podpisał', 'niegwarantowany', 'kontrakt', 'z', 'Miami', 'Marlins', '.']	[0, 0, 0, 0, 0, 0, 0, 3, 4, 0]	pl	W maju 2014 podpisał niegwarantowany kontrakt z Miami Marlins.
['Miasto', 'to', 'znajduje', 'się', 'u', 'podnóży', 'gór', 'Sierra', 'Morena', '.']	[0, 0, 0, 0, 0, 0, 0, 5, 6, 0]	pl	Miasto to znajduje się u podnóży gór Sierra Morena.
"['""', 'Chazelles-sur-Lavieu', '""', '–', 'miejscowość', 'i', 'gmina', 'we', 'Francji', ',', 'w', 'regionie', 'Owernia-Rodan-Alpy', ',', 'w', 'departamencie', 'Loara', '.']"	[0, 0, 0, 0, 0, 0, 0, 0, 5, 0, 0, 0, 5, 0, 0, 0, 5, 0]	pl	"""Chazelles-sur-Lavieu"" – miejscowość i gmina we Francji, w regionie Owernia-Rodan-Alpy, w departamencie Loara."
['W', '1985', 'roku', 'sekretarzem', 'generalnym', 'KPZR', 'został', 'Michaił', 'Gorbaczow', '.']	[0, 0, 0, 0, 0, 3, 0, 1, 2, 0]	pl	W 1985 roku sekretarzem generalnym KPZR został Michaił Gorbaczow.
['9', 'października', '1975', 'w', 'Melbourne', ')', '–', 'były', 'australijski', 'piłkarz', 'chorwackiego', 'i', 'ukraińskiego', 'pochodzenia', ',', 'występujący', 'na', 'pozycji', 'napastnika', ',', 'reprezentant', 'kraju', '.']	[0, 0, 0, 0, 5, 0, 0, 0, 0, 0, 0, 0, 0, 0, 0, 0, 0, 0, 0, 0, 0, 0, 0]	pl	9 października 1975 w Melbourne) – były australijski piłkarz chorwackiego i ukraińskiego pochodzenia, występujący na pozycji napastnika, reprezentant kraju.
['Dyrygował', 'Nikola', 'Kołodziejczyk', ',', 'który', 'również', 'zaaranżował', 'wszystkie', 'utwory', '.']	[0, 1, 2, 0, 0, 0, 0, 0, 0, 0]	pl	Dyrygował Nikola Kołodziejczyk, który również zaaranżował wszystkie utwory.
['W', '1896', 'w', 'sieć', 'włączono', 'dzisiejsze', 'miasta', 'Katowice', 'i', 'Siemianowice', 'Śląskie', '.']	[0, 0, 0, 0, 0, 0, 0, 5, 0, 5, 6, 0]	pl	W 1896 w sieć włączono dzisiejsze miasta Katowice i Siemianowice Śląskie.
['Po', 'zakończeniu', 'studiów', 'nauczał', 'matematyki', 'w', 'kolegium', 'w', 'Ingolstadt', '.']	[0, 0, 0, 0, 0, 0, 0, 0, 5, 0]	pl	Po zakończeniu studiów nauczał matematyki w kolegium w Ingolstadt.
['28', 'stycznia', '1980', 'w', 'Jamestown', ')', '–', 'amerykański', 'muzyk', 'i', 'wokalista', 'muzyki', 'pop', ',', 'jeden', 'z', 'członków', 'zespołu', 'Backstreet', 'Boys', ',', 'aktor', ',', 'tancerz', ',', 'producent', 'muzyczny', ',', 'autor', ',', 'reżyser', ',', 'scenarzysta', 'i', 'model', '.']	[0, 0, 0, 0, 5, 0, 0, 0, 0, 0, 0, 0, 0, 0, 0, 0, 0, 0, 3, 4, 0, 0, 0, 0, 0, 0, 0, 0, 0, 0, 0, 0, 0, 0, 0, 0]	pl	28 stycznia 1980 w Jamestown) – amerykański muzyk i wokalista muzyki pop, jeden z członków zespołu Backstreet Boys, aktor, tancerz, producent muzyczny, autor, reżyser, scenarzysta i model.
['Wieś', 'graniczy', 'z', 'miejscowością', 'Trzemeśnia', '.']	[0, 0, 0, 0, 5, 0]	pl	Wieś graniczy z miejscowością Trzemeśnia.
['Teofil', 'z', 'Antiochii', '(', 'ok', '.']	[1, 2, 2, 0, 0, 0]	pl	Teofil z Antiochii (ok.
['Opóźnienie', 'mobilizacji', 'spowodowało', 'trudny', 'do', 'opanowania', 'chaos', ':', '1', 'września', 'oddziały', 'osiągnęły', 'zaledwie', '70', '%', 'gotowości', 'bojowej', ',', 'gdyż', 'wiele', 'oddziałów', 'kompletowanych', 'w', 'trybie', 'mobilizacji', 'powszechnej', 'nie', 'dotarło', 'w', 'ogóle', 'do', 'miejsca', 'zgrupowań', ',', 'przede', 'wszystkim', 'z', 'powodu', 'zmasowanych', 'nalotów', 'Luftwaffe', 'na', 'linie', 'kolejowe', 'i', 'zmiany', 'linii', 'frontu', 'wskutek', 'działań', 'niemieckich', 'jednostek', 'pancernych', ',', 'zmotoryzowanych', 'i', 'lekkich', '.']	[0, 0, 0, 0, 0, 0, 0, 0, 0, 0, 0, 0, 0, 0, 0, 0, 0, 0, 0, 0, 0, 0, 0, 0, 0, 0, 0, 0, 0, 0, 0, 0, 0, 0, 0, 0, 0, 0, 0, 0, 3, 0, 0, 0, 0, 0, 0, 0, 0, 0, 0, 0, 0, 0, 0, 0, 0, 0]	pl	Opóźnienie mobilizacji spowodowało trudny do opanowania chaos: 1 września oddziały osiągnęły zaledwie 70% gotowości bojowej, gdyż wiele oddziałów kompletowanych w trybie mobilizacji powszechnej nie dotarło w ogóle do miejsca zgrupowań, przede wszystkim z powodu zmasowanych nalotów Luftwaffe na linie kolejowe i zmiany linii frontu wskutek działań niemieckich jednostek pancernych, zmotoryzowanych i lekkich.
"['""', 'Port', 'lotniczy', 'Skyros', '""', '(', 'IATA', ':', '""', 'SKU', '""', ',', 'ICAO', ':', '""', 'LGSY', '""', ')', '–', 'port', 'lotniczy', 'położony', 'na', 'wyspie', 'Skyros', ',', 'w', 'prekefturze', 'Eubea', ',', 'w', 'Grecji', '.']"	[0, 0, 0, 5, 0, 0, 0, 0, 0, 0, 0, 0, 0, 0, 0, 0, 0, 0, 0, 0, 0, 0, 0, 0, 5, 0, 0, 0, 5, 0, 0, 5, 0]	pl	"""Port lotniczy Skyros"" (IATA: ""SKU"", ICAO: ""LGSY"") – port lotniczy położony na wyspie Skyros, w prekefturze Eubea, w Grecji."
[';', 'zamieszkują', 'oni', 'głównie', 'Czukocki', 'Okręg', 'Autonomiczny', '.']	[0, 0, 0, 0, 5, 6, 6, 0]	pl	; zamieszkują oni głównie Czukocki Okręg Autonomiczny.
"['Samochód', 'powstał', 'na', 'platformie', '""', 'B-body', '""', 'koncernu', 'General', 'Motors', ',', 'wyróżniając', 'się', 'zabudowanym', 'tylnym', 'nadkolem', 'i', 'kanciastą', 'sylwetką', '.']"	[0, 0, 0, 0, 0, 0, 0, 0, 3, 4, 0, 0, 0, 0, 0, 0, 0, 0, 0, 0]	pl	"Samochód powstał na platformie ""B-body"" koncernu General Motors, wyróżniając się zabudowanym tylnym nadkolem i kanciastą sylwetką."
"['Według', 'danych', 'na', 'rok', '1990', 'gminę', 'zamieszkiwało', '957', 'osób', ',', 'a', 'gęstość', 'zaludnienia', 'wynosiła', '59', '""', 'osób', '/', 'km', '²', '(', 'wśród', '1549', 'gmin', 'regionu', 'Nord-Pas-de-Calais', 'Taisnières-sur-Hon', 'plasuje', 'się', 'na', '572', '.']"	[0, 0, 0, 0, 0, 0, 0, 0, 0, 0, 0, 0, 0, 0, 0, 0, 0, 0, 0, 0, 0, 0, 0, 0, 0, 5, 0, 0, 0, 0, 0, 0]	pl	"Według danych na rok 1990 gminę zamieszkiwało 957 osób, a gęstość zaludnienia wynosiła 59 ""osób / km ² (wśród 1549 gmin regionu Nord-Pas-de-Calais Taisnières-sur-Hon plasuje się na 572."
"['""', 'Nawiedzony', 'dom', '""', '(', 'ang.', '""', 'Beyond', '""', ')', '–', 'jeden', 'z', 'dziewięciu', 'filmów', 'krótkometrażowych', 'składających', 'się', 'na', 'serię', 'Animatrix', '.']"	[0, 0, 0, 0, 0, 0, 0, 0, 0, 0, 0, 0, 0, 0, 0, 0, 0, 0, 0, 0, 7, 0]	pl	"""Nawiedzony dom"" (ang. ""Beyond"") – jeden z dziewięciu filmów krótkometrażowych składających się na serię Animatrix."
['Pierwszym', 'biegiem', 'po', 'przerwie', 'był', 'sprint', 'stylem', 'klasycznym', 'w', 'norweskim', 'Drammen', '.']	[0, 0, 0, 0, 0, 0, 0, 0, 0, 0, 5, 0]	pl	Pierwszym biegiem po przerwie był sprint stylem klasycznym w norweskim Drammen.
['6', 'lutego', '2018', 'roku', 'nowym', 'selekcjonerem', 'Holendrów', 'został', 'Ronald', 'Koeman', '.']	[0, 0, 0, 0, 0, 0, 3, 0, 1, 2, 0]	pl	6 lutego 2018 roku nowym selekcjonerem Holendrów został Ronald Koeman.
['Ten', 'spektakularny', 'sukces', 'doprowadził', 'także', 'do', 'włączenia', 'grupy', 'w', '1997', 'w', 'poczet', 'członków', 'muzeum', 'Rock', 'and', 'Roll', 'Hall', 'of', 'Fame', '.']	[0, 0, 0, 0, 0, 0, 0, 0, 0, 0, 0, 0, 0, 0, 5, 6, 6, 6, 6, 6, 0]	pl	Ten spektakularny sukces doprowadził także do włączenia grupy w 1997 w poczet członków muzeum Rock and Roll Hall of Fame.
['Obraz', 'wyprodukowany', 'został', 'przez', 'wytwórnię', 'WWE', 'Studios', '.']	[0, 0, 0, 0, 0, 3, 4, 0]	pl	Obraz wyprodukowany został przez wytwórnię WWE Studios.
['XX', 'wieku', 'Chevrolet', 'nie', 'był', 'zainteresowany', 'rynkiem', 'europejskim', ',', 'gdyż', 'dostęp', 'do', 'tego', 'regionu', 'zapewniały', 'należące', 'wówczas', 'do', 'General', 'Motors', 'marki', 'Opel', 'i', 'Vauxhall', '.']	[0, 0, 3, 0, 0, 0, 0, 0, 0, 0, 0, 0, 0, 0, 0, 0, 0, 0, 3, 4, 0, 3, 0, 3, 0]	pl	XX wieku Chevrolet nie był zainteresowany rynkiem europejskim, gdyż dostęp do tego regionu zapewniały należące wówczas do General Motors marki Opel i Vauxhall.
['Najbardziej', 'utytułowanym', 'zawodnikiem', 'został', 'Mark', 'Kirchner', ',', 'który', 'zdobył', 'dwa', 'złote', 'i', 'jeden', 'srebrny', 'medal', '.']	[0, 0, 0, 0, 1, 2, 0, 0, 0, 0, 0, 0, 0, 0, 0, 0]	pl	Najbardziej utytułowanym zawodnikiem został Mark Kirchner, który zdobył dwa złote i jeden srebrny medal.
['Od', 'średniowiecza', 'do', 'XX', 'wieku', 'dysonans', 'stopniowo', '„', 'awansował', '”', 'z', 'rangi', 'współbrzmienia', 'całkowicie', 'zabronionego', ',', 'poprzez', 'współbrzmienie', 'dopuszczalne', 'jako', 'przejściowe', ',', 'następnie', 'ważny', 'element', 'harmonii', 'tonalnej', '(', 'rozwiązanie', ')', ',', 'aż', 'po', 'totalną', 'autonomizację', 'i', 'równouprawnienie', ',', 'a', 'nawet', 'w', 'pewnych', 'kierunkach', 'muzycznych', '(', 'dodekafonia', ',', 'Arnold', 'Schönberg', ')', '–', 'interwał', 'preferowany', '.']	[0, 0, 0, 0, 0, 0, 0, 0, 0, 0, 0, 0, 0, 0, 0, 0, 0, 0, 0, 0, 0, 0, 0, 0, 0, 0, 0, 0, 0, 0, 0, 0, 0, 0, 0, 0, 0, 0, 0, 0, 0, 0, 0, 0, 0, 0, 0, 1, 2, 0, 0, 0, 0, 0]	pl	Od średniowiecza do XX wieku dysonans stopniowo „awansował ” z rangi współbrzmienia całkowicie zabronionego, poprzez współbrzmienie dopuszczalne jako przejściowe, następnie ważny element harmonii tonalnej (rozwiązanie), aż po totalną autonomizację i równouprawnienie, a nawet w pewnych kierunkach muzycznych (dodekafonia, Arnold Schönberg) – interwał preferowany.
['Na', 'płycie', 'znajdują', 'się', 'utwory', 'nagrane', 'wzespół', 'z', 'takimi', 'wykonawcami', ',', 'jak', 'Miles', 'Davis', ',', 'Luciano', 'Pavarotti', 'i', 'Andrea', 'Bocelli', ',', 'John', 'Lee', 'Hooker', ',', 'B.B.', 'King', ',', 'Dolores', 'O', '’', 'Riordan', ',', 'czy', 'Brian', 'May', '.']	[0, 0, 0, 0, 0, 0, 0, 0, 0, 0, 0, 0, 1, 2, 0, 1, 2, 0, 1, 2, 0, 1, 2, 2, 0, 1, 2, 0, 1, 2, 2, 2, 0, 0, 1, 2, 0]	pl	Na płycie znajdują się utwory nagrane wzespół z takimi wykonawcami, jak Miles Davis, Luciano Pavarotti i Andrea Bocelli, John Lee Hooker, B.B. King, Dolores O ’ Riordan, czy Brian May.
"['Najwyższym', 'szczytem', 'jest', 'Dombaj-Ulgen', '(', '4046', '""', 'm', 'n.p.m.', ')', '.']"	[0, 0, 0, 5, 0, 0, 0, 0, 0, 0, 0]	pl	"Najwyższym szczytem jest Dombaj-Ulgen (4046 ""m n.p.m.)."
"['""', 'Lettomanoppello', '""', '–', 'miejscowość', 'i', 'gmina', 'we', 'Włoszech', ',', 'w', 'regionie', 'Abruzja', ',', 'w', 'prowincji', 'Pescara', '.']"	[0, 0, 0, 0, 0, 0, 0, 0, 5, 0, 0, 0, 5, 0, 0, 0, 5, 0]	pl	"""Lettomanoppello"" – miejscowość i gmina we Włoszech, w regionie Abruzja, w prowincji Pescara."
['Siedziba', 'gminy', 'to', 'Dopiewo', '.']	[0, 0, 0, 5, 0]	pl	Siedziba gminy to Dopiewo.
['Bartłomieja', 'Capitanio', '.']	[1, 2, 0]	pl	Bartłomieja Capitanio.
['1', 'maja', '1986', 'w', 'Lanús', ')', '–', 'argentyński', 'piłkarz', 'występujący', 'na', 'pozycji', 'pomocnika', '.']	[0, 0, 0, 0, 5, 0, 0, 0, 0, 0, 0, 0, 0, 0]	pl	1 maja 1986 w Lanús) – argentyński piłkarz występujący na pozycji pomocnika.
"['Następnie', 'zostały', 'wydane', 'gry', 'z', 'własną', 'fabułą', '–', '""', 'Indiana', 'Jones', 'and', 'the', 'Fate', 'of', 'Atlantis', '""', '(', '1992', ')', ',', '""', 'Indiana', 'Jones', 'and', 'the', 'Infernal', 'Machine', '""', '(', '1999', ')', 'oraz', '""', 'Indiana', 'Jones', 'and', 'the', 'Emperor', '’', 's', 'Tomb', '""', '(', '2003', ')', '.']"	[0, 0, 0, 0, 0, 0, 0, 0, 0, 7, 8, 8, 8, 8, 8, 8, 0, 0, 0, 0, 0, 0, 7, 8, 8, 8, 8, 8, 0, 0, 0, 0, 0, 0, 7, 8, 8, 8, 8, 8, 8, 8, 0, 0, 0, 0, 0]	pl	"Następnie zostały wydane gry z własną fabułą – ""Indiana Jones and the Fate of Atlantis"" (1992), ""Indiana Jones and the Infernal Machine"" (1999) oraz ""Indiana Jones and the Emperor ’ s Tomb"" (2003)."
"['""', 'Bengtsfors', 'kommun', '""', ')', '–', 'szwedzka', 'gmina', 'położona', 'w', 'regionie', 'Västra', 'Götaland', ',', 'z', 'siedzibą', 'Bengtsfors', '.']"	[0, 5, 0, 0, 0, 0, 0, 0, 0, 0, 0, 5, 6, 0, 0, 0, 5, 0]	pl	"""Bengtsfors kommun"") – szwedzka gmina położona w regionie Västra Götaland, z siedzibą Bengtsfors."
['Projekt', 'ten', 'popierał', 'ambasador', 'rosyjski', 'Otto', 'Magnus', 'von', 'Stackelberg', ',', 'któremu', 'zależało', 'na', 'przeprowadzeniu', 'przez', 'sejm', 'polsko-rosyjskiego', 'sojuszu', 'zaczepno-odpornego', '.']	[0, 0, 0, 0, 0, 1, 2, 2, 2, 0, 0, 0, 0, 0, 0, 0, 0, 0, 0, 0]	pl	Projekt ten popierał ambasador rosyjski Otto Magnus von Stackelberg, któremu zależało na przeprowadzeniu przez sejm polsko-rosyjskiego sojuszu zaczepno-odpornego.
['Do', 'konkursu', 'w', 'Kuopio', 'zakwalifikował', 'się', 'skokiem', 'na', '111.0', 'm', '.']	[0, 0, 0, 5, 0, 0, 0, 0, 0, 0, 0]	pl	Do konkursu w Kuopio zakwalifikował się skokiem na 111.0 m.
['Był', 'najmłodszym', 'mistrzem', 'świata', 'z', 'dotychczasowych', ',', 'dopiero', 'Garri', 'Kasparow', 'pobił', 'jego', 'rekord', ',', 'sięgając', 'po', 'tytuł', 'mając', '22', 'lata', '.']	[0, 0, 0, 0, 0, 0, 0, 0, 1, 2, 0, 0, 0, 0, 0, 0, 0, 0, 0, 0, 0]	pl	Był najmłodszym mistrzem świata z dotychczasowych, dopiero Garri Kasparow pobił jego rekord, sięgając po tytuł mając 22 lata.
"['Według', 'danych', 'na', 'rok', '1990', 'gminę', 'zamieszkiwały', '732', 'osoby', ',', 'a', 'gęstość', 'zaludnienia', 'wynosiła', '29', '""', 'osób', '/', 'km', '²', '(', 'wśród', '1467', 'gmin', 'regionu', 'Poitou-Charentes', 'Berneuil', 'plasuje', 'się', 'na', '415', '.']"	[0, 0, 0, 0, 0, 0, 0, 0, 0, 0, 0, 0, 0, 0, 0, 0, 0, 0, 0, 0, 0, 0, 0, 0, 0, 5, 0, 0, 0, 0, 0, 0]	pl	"Według danych na rok 1990 gminę zamieszkiwały 732 osoby, a gęstość zaludnienia wynosiła 29 ""osób / km ² (wśród 1467 gmin regionu Poitou-Charentes Berneuil plasuje się na 415."
['menadżer', 'w', 'klubie', 'Bayern', 'Monachium', '.']	[0, 0, 0, 3, 4, 0]	pl	menadżer w klubie Bayern Monachium.
['Po', 'rocznym', 'pobycie', 'w', 'Ruse', 'podjął', 'praktykę', 'sądową', 'w', 'miejscowości', 'Berkowica', ',', 'został', 'tam', 'nawet', 'przewodniczącym', 'sądu', 'okręgowego', '(', 'funkcję', 'tę', 'pełnił', 'między', 'marcem', '1879', 'a', 'wrześniem', '1880', 'r', '.', ')', '.']	[0, 0, 0, 0, 5, 0, 0, 0, 0, 0, 5, 0, 0, 0, 0, 0, 0, 0, 0, 0, 0, 0, 0, 0, 0, 0, 0, 0, 0, 0, 0, 0]	pl	Po rocznym pobycie w Ruse podjął praktykę sądową w miejscowości Berkowica, został tam nawet przewodniczącym sądu okręgowego (funkcję tę pełnił między marcem 1879 a wrześniem 1880 r.).
['Po', 'wyborach', 'Guy', 'Verhofstadt', 'sformował', 'pierwszy', 'od', '1958', 'belgijski', 'rząd', ',', 'w', 'którym', 'nie', 'znaleźli', 'się', 'chrześcijańscy', 'demokraci', '.']	[0, 0, 1, 2, 0, 0, 0, 0, 0, 0, 0, 0, 0, 0, 0, 0, 0, 0, 0]	pl	Po wyborach Guy Verhofstadt sformował pierwszy od 1958 belgijski rząd, w którym nie znaleźli się chrześcijańscy demokraci.
['Dwa', 'lata', 'później', 'podpisał', 'kontrakt', 'z', 'CD', 'Trofense', ',', 'skąd', 'po', 'roku', 'przeszedł', 'do', 'Bragi', '.']	[0, 0, 0, 0, 0, 0, 3, 4, 0, 0, 0, 0, 0, 0, 5, 0]	pl	Dwa lata później podpisał kontrakt z CD Trofense, skąd po roku przeszedł do Bragi.
['Alexis', 'de', 'Tocqueville', ',', 'opisując', 'społeczeństwo', 'amerykańskie', ',', 'wskazywał', ',', 'że', 'indywidualizm', 'prowadzi', 'do', 'izolacji', 'jednostek', 'i', 'w', 'istocie', 'nie', 'ma', 'nic', 'wspólnego', 'z', 'wolnością', '.']	[1, 2, 2, 0, 0, 0, 0, 0, 0, 0, 0, 0, 0, 0, 0, 0, 0, 0, 0, 0, 0, 0, 0, 0, 0, 0]	pl	Alexis de Tocqueville, opisując społeczeństwo amerykańskie, wskazywał, że indywidualizm prowadzi do izolacji jednostek i w istocie nie ma nic wspólnego z wolnością.
['To', 'drugie', 'założenie', 'przyjął', 'jeden', 'z', 'odkrywców', 'procesu', 'spreadingu', ',', 'Samuel', 'Warren', 'Carey', '.']	[0, 0, 0, 0, 0, 0, 0, 0, 0, 0, 1, 2, 2, 0]	pl	To drugie założenie przyjął jeden z odkrywców procesu spreadingu, Samuel Warren Carey.
['Microsoft', 'wydał', 'jeszcze', 'WindowsCE', '1.01', '(', 'znany', 'także', 'jako', '1.0', 'a', ')', ',', 'który', 'wprowadził', 'obsługę', 'języka', 'japońskiego', '.']	[3, 0, 0, 0, 0, 0, 0, 0, 0, 0, 0, 0, 0, 0, 0, 0, 0, 0, 0]	pl	Microsoft wydał jeszcze WindowsCE 1.01 (znany także jako 1.0 a), który wprowadził obsługę języka japońskiego.
"['""', 'Casevechje', '""', ')', '–', 'miejscowość', 'i', 'gmina', 'we', 'Francji', ',', 'w', 'regionie', 'Korsyka', ',', 'w', 'departamencie', 'Górna', 'Korsyka', '.']"	[0, 0, 0, 0, 0, 0, 0, 0, 0, 5, 0, 0, 0, 5, 0, 0, 0, 5, 6, 0]	pl	"""Casevechje"") – miejscowość i gmina we Francji, w regionie Korsyka, w departamencie Górna Korsyka."
['innymi', 'Richard', 'Rogers', ',', 'Arata', 'Isozaki', ')', '.']	[0, 1, 2, 0, 1, 2, 0, 0]	pl	innymi Richard Rogers, Arata Isozaki).
"['""', 'Boncourt', '""', '–', 'miejscowość', 'i', 'gmina', 'we', 'Francji', ',', 'w', 'regionie', 'Hauts-de-France', ',', 'w', 'departamencie', 'Aisne', '.']"	[0, 0, 0, 0, 0, 0, 0, 0, 5, 0, 0, 0, 5, 0, 0, 0, 5, 0]	pl	"""Boncourt"" – miejscowość i gmina we Francji, w regionie Hauts-de-France, w departamencie Aisne."
['Również', 'od', '1985', 'obejmował', 'funkcje', 'rządowe', 'w', 'kolejnych', 'gabinetach', ',', 'którymi', 'kierował', 'Aníbal', 'Cavaco', 'Silva', '.']	[0, 0, 0, 0, 0, 0, 0, 0, 0, 0, 0, 0, 1, 2, 2, 0]	pl	Również od 1985 obejmował funkcje rządowe w kolejnych gabinetach, którymi kierował Aníbal Cavaco Silva.
['Dnia', '28', 'lutego', '2017', 'ogłoszono', ',', 'że', 'powstanie', 'drugi', 'sezon', 'serialu', ',', 'którego', 'premiera', 'nastąpiła', 'w', '2019', 'na', 'antenie', 'Disney', 'Channel', '.']	[0, 0, 0, 0, 0, 0, 0, 0, 0, 0, 0, 0, 0, 0, 0, 0, 0, 0, 0, 3, 4, 0]	pl	Dnia 28 lutego 2017 ogłoszono, że powstanie drugi sezon serialu, którego premiera nastąpiła w 2019 na antenie Disney Channel.
"['Stankara', 'poparł', 'natomiast', 'Andrzej', 'Frycz', 'Modrzewski', ',', 'który', 'napisał', 'Stadnickiemu', ',', 'że', 'przeciwnicy', 'myśliciela', '""', 'kłócą', 'się', 'z', 'nim', 'o', 'słowa', ',', 'a', 'nie', 'o', 'istotę', 'rzeczy', '""', '.']"	[0, 0, 0, 1, 2, 2, 0, 0, 0, 0, 0, 0, 0, 0, 0, 0, 0, 0, 0, 0, 0, 0, 0, 0, 0, 0, 0, 0, 0]	pl	"Stankara poparł natomiast Andrzej Frycz Modrzewski, który napisał Stadnickiemu, że przeciwnicy myśliciela ""kłócą się z nim o słowa, a nie o istotę rzeczy""."
['Ponadto', 'w', 'miejscowości', 'znajdują', 'się', 'dwa', 'przystanki', 'najdłuższej', 'polskiej', 'linii', 'tramwajowej', 'łączącej', 'Łódź', 'z', 'Ozorkowem', ',', 'którą', 'do', '4', 'lutego', '2019', 'roku', 'obsługiwało', 'MPK', 'Łódź', '.']	[0, 0, 0, 0, 0, 0, 0, 0, 0, 0, 0, 0, 5, 0, 5, 0, 0, 0, 0, 0, 0, 0, 0, 5, 5, 0]	pl	Ponadto w miejscowości znajdują się dwa przystanki najdłuższej polskiej linii tramwajowej łączącej Łódź z Ozorkowem, którą do 4 lutego 2019 roku obsługiwało MPK Łódź.
['Lokalna', 'droga', 'prowadzi', 'na', 'północ', 'do', 'moszawu', 'Kefar', 'Hess', 'oraz', 'wioski', 'Kefar', 'Awoda', '.']	[0, 0, 0, 0, 0, 0, 5, 5, 6, 0, 0, 5, 6, 0]	pl	Lokalna droga prowadzi na północ do moszawu Kefar Hess oraz wioski Kefar Awoda.
['Podzielenie', 'gatunku', 'na', 'podgatunki', 'jest', 'pożyteczne', 'dla', 'gatunków', 'zasiedlających', 'archipelagi', 'wysp', '(', 'np.', 'żółwie', 'słoniowe', 'z', 'Galapagos', ')', 'lub', 'łańcuchy', 'górskie', ',', 'gdzie', 'różnice', 'między', 'poszczególnymi', 'podgatunkami', 'są', 'skokowe', '.']	[0, 0, 0, 0, 0, 0, 0, 0, 0, 0, 0, 0, 0, 0, 0, 0, 5, 0, 0, 0, 0, 0, 0, 0, 0, 0, 0, 0, 0, 0]	pl	Podzielenie gatunku na podgatunki jest pożyteczne dla gatunków zasiedlających archipelagi wysp (np. żółwie słoniowe z Galapagos) lub łańcuchy górskie, gdzie różnice między poszczególnymi podgatunkami są skokowe.
"['""', 'Mikstat', '""', '–', 'gmina', 'miejsko-wiejska', 'w', 'województwie', 'wielkopolskim', ',', 'w', 'powiecie', 'ostrzeszowskim', '.']"	[0, 5, 0, 0, 0, 0, 0, 0, 0, 0, 0, 0, 0, 0]	pl	"""Mikstat"" – gmina miejsko-wiejska w województwie wielkopolskim, w powiecie ostrzeszowskim."
['W', 'ostatnich', 'latach', 'życia', 'walczył', 'z', 'białaczką', ',', 'zmarł', 'w', 'wieku', '59', 'lat', 'na', 'atak', 'serca', ';', 'w', 'chwili', 'jego', 'śmierci', 'toczyła', 'się', 'kolejna', 'edycja', 'Wimbledonu', '–', 'Pete', 'Sampras', 'wyrównał', 'wówczas', 'jego', 'osiągnięcie', ',', 'wygrywając', 'ten', 'turniej', 'po', 'raz', 'drugi', '(', 'później', 'dołożył', 'jeszcze', 'pięć', 'tytułów', ')', '.']	[0, 0, 0, 0, 0, 0, 0, 0, 0, 0, 0, 0, 0, 0, 0, 0, 0, 0, 0, 0, 0, 0, 0, 0, 0, 5, 0, 1, 2, 0, 0, 0, 0, 0, 0, 0, 0, 0, 0, 0, 0, 0, 0, 0, 0, 0, 0, 0]	pl	W ostatnich latach życia walczył z białaczką, zmarł w wieku 59 lat na atak serca; w chwili jego śmierci toczyła się kolejna edycja Wimbledonu – Pete Sampras wyrównał wówczas jego osiągnięcie, wygrywając ten turniej po raz drugi (później dołożył jeszcze pięć tytułów).
['Jej', 'rywalkami', 'były', 'kolejno', ':', 'Gisela', 'Dulko', ',', 'Jamie', 'Hampton', ',', 'oraz', 'Angelique', 'Kerber', '.']	[0, 0, 0, 0, 0, 1, 2, 0, 1, 2, 0, 0, 1, 2, 0]	pl	Jej rywalkami były kolejno: Gisela Dulko, Jamie Hampton, oraz Angelique Kerber.
['W', 'roku', '1815', 'Fryderyk', 'I', 'Wirtemberski', ',', 'który', 'pod', 'zwierzchnią', 'władzą', 'Napoleona', 'przyjął', 'tytuł', 'króla', ',', 'zwołał', 'powszechne', 'zgromadzenie', 'stanów', ',', 'aby', 'przedstawić', 'projekt', 'nowej', 'konstytucji', 'wirtemberskiej', '.']	[0, 0, 0, 1, 2, 2, 0, 0, 0, 0, 0, 1, 0, 0, 0, 0, 0, 0, 0, 0, 0, 0, 0, 0, 0, 0, 0, 0]	pl	W roku 1815 Fryderyk I Wirtemberski, który pod zwierzchnią władzą Napoleona przyjął tytuł króla, zwołał powszechne zgromadzenie stanów, aby przedstawić projekt nowej konstytucji wirtemberskiej.
"['""', 'Yaren', '""', 'jest', 'jednym', 'z', 'ośmiu', 'okręgów', 'wyborczych', 'Nauru', '.']"	[0, 5, 0, 0, 0, 0, 0, 0, 0, 5, 0]	pl	"""Yaren"" jest jednym z ośmiu okręgów wyborczych Nauru."
['17', 'września', '1968', 'w', 'Senaki', ')', '–', 'gruziński', 'piłkarz', 'występujący', 'na', 'pozycji', 'pomocnika', '.']	[0, 0, 0, 0, 5, 0, 0, 0, 0, 0, 0, 0, 0, 0]	pl	17 września 1968 w Senaki) – gruziński piłkarz występujący na pozycji pomocnika.
['Zwycięzcą', 'konkursu', 'był', 'Kamil', 'Stoch', '.']	[0, 0, 0, 1, 2, 0]	pl	Zwycięzcą konkursu był Kamil Stoch.
['Powstało', 'tam', 'kwitnące', 'miasto', 'Synopa', ',', 'założone', 'przez', 'Milet', '(', 'według', 'tradycji', 'przed', 'r', '.']	[0, 0, 0, 0, 5, 0, 0, 0, 5, 0, 0, 0, 0, 0, 0]	pl	Powstało tam kwitnące miasto Synopa, założone przez Milet (według tradycji przed r.
['Rozpoczął', 'się', 'on', '7', 'marca', 'w', 'Melbourne', ',', 'a', 'zakończył', '31', 'października', '1999', 'roku', 'na', 'torze', 'Suzuka', ',', 'po', 'rozegraniu', '16', 'wyścigów', '.']	[0, 0, 0, 0, 0, 0, 5, 0, 0, 0, 0, 0, 0, 0, 0, 0, 5, 0, 0, 0, 0, 0, 0]	pl	Rozpoczął się on 7 marca w Melbourne, a zakończył 31 października 1999 roku na torze Suzuka, po rozegraniu 16 wyścigów.
['W', 'Muzeum', 'Uniwersytetu', 'Jagiellońskiego', 'znajduje', 'się', 'najstarszy', 'mundur', 'polski', '.']	[0, 5, 6, 6, 0, 0, 0, 0, 0, 0]	pl	W Muzeum Uniwersytetu Jagiellońskiego znajduje się najstarszy mundur polski.
"['Bristol', 'jest', 'wspomniany', 'w', 'Domesday', 'Book', '(', '1086', ')', 'jako', '""', 'Bristou', '""', '.']"	[5, 0, 0, 0, 7, 8, 0, 0, 0, 0, 0, 0, 0, 0]	pl	"Bristol jest wspomniany w Domesday Book (1086) jako ""Bristou""."
['W', '1286', 'roku', 'zmarł', 'bezpotomnie', 'książę', 'lwówecki', 'Bernard', 'Zwinny', '.']	[0, 0, 0, 0, 0, 0, 0, 1, 2, 0]	pl	W 1286 roku zmarł bezpotomnie książę lwówecki Bernard Zwinny.
['Tytuł', 'wydała', 'firma', 'Electronic', 'Arts', 'w', 'grudniu', '1992', 'roku', '.']	[0, 0, 0, 3, 4, 0, 0, 0, 0, 0]	pl	Tytuł wydała firma Electronic Arts w grudniu 1992 roku.
"['""', 'Miramont-Latour', '""', '–', 'miejscowość', 'i', 'gmina', 'we', 'Francji', ',', 'w', 'regionie', 'Oksytania', ',', 'w', 'departamencie', 'Gers', '.']"	[0, 0, 0, 0, 0, 0, 0, 0, 5, 0, 0, 0, 5, 0, 0, 0, 5, 0]	pl	"""Miramont-Latour"" – miejscowość i gmina we Francji, w regionie Oksytania, w departamencie Gers."
['Powiat', 'graniczył', 'od', 'północy', 'z', 'powiatami', 'janowskim', 'i', 'zamojskim', ',', 'od', 'wschodu', 'z', 'powiatem', 'tomaszowskim', 'a', 'od', 'zachodu', 'i', 'południa', 'z', 'Galicją', '(', 'Austro-Węgry', ')', '.']	[0, 0, 0, 0, 0, 0, 0, 0, 0, 0, 0, 0, 0, 0, 0, 0, 0, 0, 0, 0, 0, 5, 0, 5, 0, 0]	pl	Powiat graniczył od północy z powiatami janowskim i zamojskim, od wschodu z powiatem tomaszowskim a od zachodu i południa z Galicją (Austro-Węgry).
['Aleksandria', 'już', 'od', 'starożytności', ',', 'na', 'długo', 'przed', 'zniszczeniem', 'świątyni', 'jerozolimskiej', 'w', '70', 'n.e.', ',', 'była', 'jednym', 'z', 'największych', 'ośrodków', 'żydowskiej', 'diaspory', '.']	[5, 0, 0, 0, 0, 0, 0, 0, 0, 0, 0, 0, 0, 0, 0, 0, 0, 0, 0, 0, 0, 0, 0]	pl	Aleksandria już od starożytności, na długo przed zniszczeniem świątyni jerozolimskiej w 70 n.e., była jednym z największych ośrodków żydowskiej diaspory.
['Współpracuje', 'z', 'amerykańską', 'wytwórnią', 'Epitaph', 'Records', '.']	[0, 0, 0, 0, 3, 4, 0]	pl	Współpracuje z amerykańską wytwórnią Epitaph Records.
['Oparta', 'była', 'na', 'kapitale', 'francuskim', ',', 'a', 'jej', 'siedziba', 'mieściła', 'się', 'w', 'Roubaix', '.']	[0, 0, 0, 0, 0, 0, 0, 0, 0, 0, 0, 0, 5, 0]	pl	Oparta była na kapitale francuskim, a jej siedziba mieściła się w Roubaix.
['Niektórzy', 'magicy', 'wykorzystują', 'regurgitację', 'jako', 'element', 'ich', 'występów', '(', 'np.', 'Harry', 'Houdini', ')', ',', 'ale', 'jedynie', 'profesjonalni', 'regurgitatorzy', 'korzystają', 'z', 'niej', 'w', 'pełni', 'podczas', 'przedstawień', ',', 'jak', 'znany', 'ze', 'swoich', 'sztuczek', 'z', 'wodą', 'Hadji', 'Ali', '.']	[0, 0, 0, 0, 0, 0, 0, 0, 0, 0, 1, 2, 0, 0, 0, 0, 0, 0, 0, 0, 0, 0, 0, 0, 0, 0, 0, 0, 0, 0, 0, 0, 0, 1, 2, 0]	pl	Niektórzy magicy wykorzystują regurgitację jako element ich występów (np. Harry Houdini), ale jedynie profesjonalni regurgitatorzy korzystają z niej w pełni podczas przedstawień, jak znany ze swoich sztuczek z wodą Hadji Ali.
['Biograf', 'Joseph', 'G.', 'Rosa', 'nie', 'znalazł', 'żadnej', 'jednoznacznej', 'przyczyny', 'jego', 'decyzji', 'o', 'ślubie', '.']	[0, 1, 2, 2, 0, 0, 0, 0, 0, 0, 0, 0, 0, 0]	pl	Biograf Joseph G. Rosa nie znalazł żadnej jednoznacznej przyczyny jego decyzji o ślubie.
['W', 'systemach', 'Linux', 'często', 'spotyka', 'się', 'preinstalowany', 'program', '.']	[0, 0, 7, 0, 0, 0, 0, 0, 0]	pl	W systemach Linux często spotyka się preinstalowany program.
"['""', 'Trept', '""', '–', 'miejscowość', 'i', 'gmina', 'we', 'Francji', ',', 'w', 'regionie', 'Owernia-Rodan-Alpy', ',', 'w', 'departamencie', 'Isère', '.']"	[0, 0, 0, 0, 0, 0, 0, 0, 5, 0, 0, 0, 5, 0, 0, 0, 5, 0]	pl	"""Trept"" – miejscowość i gmina we Francji, w regionie Owernia-Rodan-Alpy, w departamencie Isère."
['Stał', 'się', 'grywalny', 'w', 'domowych', 'wersjach', 'gry', 'Ultimate', 'Mortal', 'Kombat', '3', 'oraz', 'Mortal', 'Kombat', 'Trilogy', '.']	[0, 0, 0, 0, 0, 0, 0, 7, 8, 8, 8, 0, 7, 8, 8, 0]	pl	Stał się grywalny w domowych wersjach gry Ultimate Mortal Kombat 3 oraz Mortal Kombat Trilogy.
"['Jakub', 'Gieysztor', 'opisywał', 'Topora', 'w', 'swych', 'pamiętnikach', 'jako', 'człowieka', '""', 'ambitnego', ',', 'trochę', 'może', 'intryganta', ',', 'zazdrosnego', ',', 'lecz', 'wielkiego', 'patriotyzmu', '""', '.']"	[1, 2, 0, 0, 0, 0, 0, 0, 0, 0, 0, 0, 0, 0, 0, 0, 0, 0, 0, 0, 0, 0, 0]	pl	"Jakub Gieysztor opisywał Topora w swych pamiętnikach jako człowieka ""ambitnego, trochę może intryganta, zazdrosnego, lecz wielkiego patriotyzmu""."
['Gra', 'go', 'Tim', 'Russ', '.']	[0, 0, 1, 2, 0]	pl	Gra go Tim Russ.
['8', 'marca', '1990', 'w', 'Ajaccio', ')', '–', 'francuski', 'piłkarz', 'występujący', 'na', 'pozycji', 'pomocnika', 'w', 'rosyjskim', 'klubie', 'FK', 'Krasnodar', '.']	[0, 0, 0, 0, 5, 0, 0, 0, 0, 0, 0, 0, 0, 0, 0, 0, 3, 4, 0]	pl	8 marca 1990 w Ajaccio) – francuski piłkarz występujący na pozycji pomocnika w rosyjskim klubie FK Krasnodar.
"['Według', 'danych', 'na', 'rok', '1990', 'gminę', 'zamieszkiwało', '5775', 'osób', ',', 'a', 'gęstość', 'zaludnienia', 'wynosiła', '402', '""', 'osób', '/', 'km', '²', '(', 'wśród', '1549', 'gmin', 'regionu', 'Nord-Pas-de-Calais', 'Quesnoy-sur-Deûle', 'plasuje', 'się', 'na', '150', '.']"	[0, 0, 0, 0, 0, 0, 0, 0, 0, 0, 0, 0, 0, 0, 0, 0, 0, 0, 0, 0, 0, 0, 0, 0, 0, 5, 0, 0, 0, 0, 0, 0]	pl	"Według danych na rok 1990 gminę zamieszkiwało 5775 osób, a gęstość zaludnienia wynosiła 402 ""osób / km ² (wśród 1549 gmin regionu Nord-Pas-de-Calais Quesnoy-sur-Deûle plasuje się na 150."
['Stolicami', 'województw', 'na', 'ogół', 'były', 'miasta', 'duże', '(', 'Warszawa', ',', 'Kraków', ',', 'Poznań', ')', ',', 'choć', 'w', 'kilku', 'przypadkach', 'były', 'to', 'miasta', 'średnie', '(', 'Łuck', ',', 'Kielce', ')', ',', 'wręcz', 'małe', '(', 'Nowogródek', ')', '.']	[0, 0, 0, 0, 0, 0, 0, 0, 5, 0, 5, 0, 5, 0, 0, 0, 0, 0, 0, 0, 0, 0, 0, 0, 5, 0, 5, 0, 0, 0, 0, 0, 5, 0, 0]	pl	Stolicami województw na ogół były miasta duże (Warszawa, Kraków, Poznań), choć w kilku przypadkach były to miasta średnie (Łuck, Kielce), wręcz małe (Nowogródek).
['Poświęcenia', 'dokonał', 'ówczesny', 'biskup', 'katowicki', 'Herbert', 'Bednorz', '19', 'maja', '1977', '.']	[0, 0, 0, 0, 0, 1, 2, 0, 0, 0, 0]	pl	Poświęcenia dokonał ówczesny biskup katowicki Herbert Bednorz 19 maja 1977.
"['Budowę', 'metra', 'zachodniego', '(', '""', 'Länsimetro', '""', ')', ',', 'mającego', 'połączyć', 'stolicę', 'z', 'Espoo', ',', 'planowano', 'od', '2006', 'roku', '.']"	[0, 0, 0, 0, 0, 0, 0, 0, 0, 0, 0, 0, 0, 5, 0, 0, 0, 0, 0, 0]	pl	"Budowę metra zachodniego (""Länsimetro""), mającego połączyć stolicę z Espoo, planowano od 2006 roku."
"['Według', 'danych', 'na', 'rok', '1990', 'gminę', 'zamieszkiwały', '603', 'osoby', ',', 'a', 'gęstość', 'zaludnienia', 'wynosiła', '76', '""', 'osób', '/', 'km', '²', '(', 'wśród', '1786', 'gmin', 'Franche-Comté', 'Houtaud', 'plasuje', 'się', 'na', '264', '.']"	[0, 0, 0, 0, 0, 0, 0, 0, 0, 0, 0, 0, 0, 0, 0, 0, 0, 0, 0, 0, 0, 0, 0, 0, 5, 0, 0, 0, 0, 0, 0]	pl	"Według danych na rok 1990 gminę zamieszkiwały 603 osoby, a gęstość zaludnienia wynosiła 76 ""osób / km ² (wśród 1786 gmin Franche-Comté Houtaud plasuje się na 264."
['Od', '2019', 'roku', 'jest', 'zawodnikiem', 'Club', 'Brugge', '.']	[0, 0, 0, 0, 0, 3, 4, 0]	pl	Od 2019 roku jest zawodnikiem Club Brugge.
"['""', 'Caumont', '""', '–', 'miejscowość', 'i', 'gmina', 'we', 'Francji', ',', 'w', 'regionie', 'Hauts-de-France', ',', 'w', 'departamencie', 'Pas-de-Calais', '.']"	[0, 0, 0, 0, 0, 0, 0, 0, 5, 0, 0, 0, 5, 0, 0, 0, 5, 0]	pl	"""Caumont"" – miejscowość i gmina we Francji, w regionie Hauts-de-France, w departamencie Pas-de-Calais."
['Od', '2013', 'zawodnik', 'VfL', 'Bochum', '.']	[0, 0, 0, 3, 4, 0]	pl	Od 2013 zawodnik VfL Bochum.
"['Na', 'koncertach', 'zespół', 'premierowo', 'wykonywał', 'nowy', 'utwór', '""', 'Gotta', 'Be', 'Somebody', '""', ',', 'który', '29', 'września', 'został', 'wydany', 'w', 'Stanach', 'jako', 'singel', '.']"	[0, 0, 0, 0, 0, 0, 0, 0, 7, 8, 8, 0, 0, 0, 0, 0, 0, 0, 0, 5, 0, 0, 0]	pl	"Na koncertach zespół premierowo wykonywał nowy utwór ""Gotta Be Somebody"", który 29 września został wydany w Stanach jako singel."
['Początkowo', 'z', 'trudnościami', 'posługiwał', 'się', 'angielskim', ',', 'jednak', 'uczył', 'się', 'języka', 'tak', 'szybko', ',', 'że', 'otrzymał', 'nagrodę', 'za', 'wybitne', 'osiągnięcia', 'od', 'hawajskiego', 'króla', 'Kalākaua', '.']	[0, 0, 0, 0, 0, 0, 0, 0, 0, 0, 0, 0, 0, 0, 0, 0, 0, 0, 0, 0, 0, 0, 0, 1, 0]	pl	Początkowo z trudnościami posługiwał się angielskim, jednak uczył się języka tak szybko, że otrzymał nagrodę za wybitne osiągnięcia od hawajskiego króla Kalākaua.
['W', 'spotkaniu', 'tym', 'z', 'powodu', 'otrzymania', 'dwóch', 'żółtych', 'kartek', 'nie', 'mógł', 'wystąpić', 'Zbigniew', 'Boniek', '.']	[0, 0, 0, 0, 0, 0, 0, 0, 0, 0, 0, 0, 1, 2, 0]	pl	W spotkaniu tym z powodu otrzymania dwóch żółtych kartek nie mógł wystąpić Zbigniew Boniek.
['Nowy', 'premier', ',', 'Gordon', 'Brown', ',', 'powierzył', 'mu', 'stanowisko', 'ministra', 'stanu', 'ds', '.']	[0, 0, 0, 1, 2, 0, 0, 0, 0, 0, 0, 0, 0]	pl	Nowy premier, Gordon Brown, powierzył mu stanowisko ministra stanu ds.
['13', 'stycznia', '2019', 'został', 'mianowany', 'na', 'stanowisko', 'głównego', 'trenera', 'klubu', 'Karpaty', 'Lwów', '.']	[0, 0, 0, 0, 0, 0, 0, 0, 0, 0, 3, 4, 0]	pl	13 stycznia 2019 został mianowany na stanowisko głównego trenera klubu Karpaty Lwów.
['protokolarzu', 'miasta', 'Pszczyna', ',', 'w', 'którym', 'zapisywano', 'między', 'innymi', 'informację', 'o', 'wydatkach', 'pszczyńskiej', 'rady', 'miejskiej', '.']	[0, 0, 5, 0, 0, 0, 0, 0, 0, 0, 0, 0, 0, 0, 0, 0]	pl	protokolarzu miasta Pszczyna, w którym zapisywano między innymi informację o wydatkach pszczyńskiej rady miejskiej.
['24', 'marca', '1969', 'roku', 'w', 'São', 'Luís', 'w', 'Brazylii', ')', '–', 'belgijski', 'piłkarz', 'występujący', 'na', 'pozycji', 'napastnika', '.']	[0, 0, 0, 0, 0, 5, 6, 0, 5, 0, 0, 0, 0, 0, 0, 0, 0, 0]	pl	24 marca 1969 roku w São Luís w Brazylii) – belgijski piłkarz występujący na pozycji napastnika.
['Nieco', 'mniejszą', ',', 'ale', 'równie', 'liczną', ',', 'sceną', 'dysponują', 'Hamburg', ',', 'Monachium', 'oraz', 'każda', 'aglomeracja', '.']	[0, 0, 0, 0, 0, 0, 0, 0, 0, 5, 0, 5, 0, 0, 0, 0]	pl	Nieco mniejszą, ale równie liczną, sceną dysponują Hamburg, Monachium oraz każda aglomeracja.
['W', 'kwietniu', 'i', 'maju', '1940', 'NKWD', 'zamordowało', 'w', 'swojej', 'siedzibie', 'przy', 'pl', '.']	[0, 0, 0, 0, 0, 3, 0, 0, 0, 0, 0, 0, 0]	pl	W kwietniu i maju 1940 NKWD zamordowało w swojej siedzibie przy pl.
['„', 'Beautiful', ',', 'Dirty', ',', 'Rich', '”', 'wydano', 'jako', 'singiel', 'promocyjny', '.']	[0, 7, 8, 8, 8, 8, 0, 0, 0, 0, 0, 0]	pl	„Beautiful, Dirty, Rich ” wydano jako singiel promocyjny.
['Maciej', 'Prus', ',', '1977', ')', '.']	[1, 2, 0, 0, 0, 0]	pl	Maciej Prus, 1977).
['Spośród', 'nich', 'te', 'pomiędzy', 'Edéa', 'i', 'Kribi', 'oraz', 'między', 'Ebolowa', 'i', 'Sangmélima', 'są', 'utwardzone', '.']	[0, 0, 0, 0, 5, 0, 5, 0, 0, 5, 0, 5, 0, 0, 0]	pl	Spośród nich te pomiędzy Edéa i Kribi oraz między Ebolowa i Sangmélima są utwardzone.
['Początkowo', 'płynie', 'w', 'kierunku', 'południowo-wschodnim', ',', 'następnie', 'południowym', ',', 'po', 'czym', 'szerokim', 'łukiem', 'skręca', 'o', '90', 'stopni', 'w', 'prawo', 'i', 'płynąc', 'na', 'zachód', 'wpada', 'do', 'Bodvy', 'w', 'okolicach', 'wsi', 'Žarnov', 'i', 'Peder', ',', 'w', 'obrębie', 'Kotliny', 'Koszyckiej', '.']	[0, 0, 0, 0, 0, 0, 0, 0, 0, 0, 0, 0, 0, 0, 0, 0, 0, 0, 0, 0, 0, 0, 0, 0, 0, 5, 0, 0, 0, 5, 0, 5, 0, 0, 0, 5, 6, 0]	pl	Początkowo płynie w kierunku południowo-wschodnim, następnie południowym, po czym szerokim łukiem skręca o 90 stopni w prawo i płynąc na zachód wpada do Bodvy w okolicach wsi Žarnov i Peder, w obrębie Kotliny Koszyckiej.
['Okrąg', 'Anna', 'Nelken', '(', 'ur', '.']	[0, 1, 2, 0, 0, 0]	pl	Okrąg Anna Nelken (ur.
['Są', 'one', 'niezamieszkane', ',', 'jedynie', 'na', 'głównej', 'wyspie', 'Raoul', 'znajduje', 'się', 'stacja', 'meteorologiczna', 'i', 'sejsmologiczna', 'z', 'dziesięcioosobową', 'załogą', '.']	[0, 0, 0, 0, 0, 0, 0, 0, 5, 0, 0, 0, 0, 0, 0, 0, 0, 0, 0]	pl	Są one niezamieszkane, jedynie na głównej wyspie Raoul znajduje się stacja meteorologiczna i sejsmologiczna z dziesięcioosobową załogą.
['Parlamentarzyści', 'kilku', 'krajów', 'z', 'większością', 'muzułmańską', 'potępili', 'ten', 'akt', ',', 'a', 'Iran', 'i', 'Pakistan', 'złożyły', 'formalny', 'protest', 'na', 'ręce', 'brytyjskich', 'dyplomatów', '.']	[0, 0, 0, 0, 0, 0, 0, 0, 0, 0, 0, 5, 0, 5, 0, 0, 0, 0, 0, 0, 0, 0]	pl	Parlamentarzyści kilku krajów z większością muzułmańską potępili ten akt, a Iran i Pakistan złożyły formalny protest na ręce brytyjskich dyplomatów.
['Większa', 'miejscowość', 'nad', 'jeziorem', 'to', 'Interlaken', '.']	[0, 0, 0, 0, 0, 5, 0]	pl	Większa miejscowość nad jeziorem to Interlaken.
['Nosi', 'tytuł', 'i', 'została', 'wydana', 'na', 'PlayStation', 'Portable', '.']	[0, 0, 0, 0, 0, 0, 7, 8, 0]	pl	Nosi tytuł i została wydana na PlayStation Portable.
['i', 'funkcjonowała', 'w', 'miejscowości', 'Mûrs-Erigné', 'położonej', '11', 'km', 'na', 'południe', 'od', 'Angers', '.']	[0, 0, 0, 0, 5, 0, 0, 0, 0, 0, 0, 5, 0]	pl	i funkcjonowała w miejscowości Mûrs-Erigné położonej 11 km na południe od Angers.
['W', 'roku', '2017', 'Parlament', 'Europejski', 'przyjął', 'tzw', '.']	[0, 0, 0, 3, 4, 0, 0, 0]	pl	W roku 2017 Parlament Europejski przyjął tzw.
['W', 'klubie', 'z', 'miasta', 'Vila', 'Nova', 'de', 'Gaia', 'zagrał', 'w', '22', 'meczach', 'sezonu', '2002', '/', '2003', '.']	[0, 0, 0, 0, 5, 6, 6, 6, 0, 0, 0, 0, 0, 0, 0, 0, 0]	pl	W klubie z miasta Vila Nova de Gaia zagrał w 22 meczach sezonu 2002 / 2003.
['Stwierdzono', ',', 'że', 'na', 'produkcję', 'samolotów', 'Pe-2', 'jest', 'za', 'mało', 'miejsca', '.']	[0, 0, 0, 0, 0, 0, 7, 0, 0, 0, 0, 0]	pl	Stwierdzono, że na produkcję samolotów Pe-2 jest za mało miejsca.
['Wychował', 'się', 'w', 'Filadelfii', 'w', 'stanie', 'Pensylwania', '.']	[0, 0, 0, 5, 0, 0, 5, 0]	pl	Wychował się w Filadelfii w stanie Pensylwania.
['Swój', 'rekord', 'życiowy', '(', '79,13', 'm', ')', 'ustanowił', 'w', 'maju', '2008', 'w', 'Lethbridge', '.']	[0, 0, 0, 0, 0, 0, 0, 0, 0, 0, 0, 0, 5, 0]	pl	Swój rekord życiowy (79,13 m) ustanowił w maju 2008 w Lethbridge.
['Utwór', 'zostanie', 'wydany', 'jako', 'czwarty', 'singel', 'z', 'albumu', 'Rihanny', 'Talk', 'That', 'Talk', '.']	[0, 0, 0, 0, 0, 0, 0, 0, 0, 7, 8, 8, 0]	pl	Utwór zostanie wydany jako czwarty singel z albumu Rihanny Talk That Talk.
['W', '2005', 'roku', 'był', 'opiekunem', 'piłkarzy', 'Molde', 'FK', '.']	[0, 0, 0, 0, 0, 0, 3, 4, 0]	pl	W 2005 roku był opiekunem piłkarzy Molde FK.
['Zawody', 'skoków', 'rozgrywano', 'w', 'Pragelato', '.']	[0, 0, 0, 0, 5, 0]	pl	Zawody skoków rozgrywano w Pragelato.
['W', 'rolach', 'głównych', 'Vivek', 'Oberoi', ',', 'Ayesha', 'Takia', ',', 'Mahima', 'Chaudhry', 'i', 'Boman', 'Irani', '.']	[0, 0, 0, 1, 2, 0, 1, 2, 0, 1, 2, 0, 1, 2, 0]	pl	W rolach głównych Vivek Oberoi, Ayesha Takia, Mahima Chaudhry i Boman Irani.
"['""', 'Mamoré', '""', '–', 'rzeka', 'w', 'Boliwii', ',', 'na', 'częściowym', 'odcinku', 'płynie', 'wzdłuż', 'granicy', 'z', 'brazylijskim', 'stanem', 'Rondônia', '.']"	[0, 0, 0, 0, 0, 0, 5, 0, 0, 0, 0, 0, 0, 0, 0, 0, 0, 5, 0]	pl	"""Mamoré"" – rzeka w Boliwii, na częściowym odcinku płynie wzdłuż granicy z brazylijskim stanem Rondônia."
['Do', 'wykonania', 'jest', '12', 'misji', 'w', 'trzech', 'kampaniach', '(', 'Stalingrad', ',', 'Europa', 'Środkowa', 'i', 'Normandia', ')', 'oraz', 'dwie', 'misje', 'w', 'samouczku', '.']	[0, 0, 0, 0, 0, 0, 0, 0, 0, 5, 0, 5, 6, 0, 5, 0, 0, 0, 0, 0, 0, 0]	pl	Do wykonania jest 12 misji w trzech kampaniach (Stalingrad, Europa Środkowa i Normandia) oraz dwie misje w samouczku.
['Leży', 'on', 'w', 'środkowej', 'części', 'masywu', 'Picos', 'de', 'Europa', '.']	[0, 0, 0, 0, 0, 0, 5, 6, 6, 0]	pl	Leży on w środkowej części masywu Picos de Europa.
['10', 'sierpnia', '2016', 'zawarł', 'umowę', 'z', 'Golden', 'State', 'Warriors', '.']	[0, 0, 0, 0, 0, 0, 3, 4, 4, 0]	pl	10 sierpnia 2016 zawarł umowę z Golden State Warriors.
['5', 'sierpnia', '1961', 'w', 'San', 'Zeno', 'Naviglio', ')', '–', 'piłkarz', 'włoski', 'grający', 'na', 'pozycji', 'środkowego', 'obrońcy', '.']	[0, 0, 0, 0, 5, 6, 6, 0, 0, 0, 0, 0, 0, 0, 0, 0, 0]	pl	5 sierpnia 1961 w San Zeno Naviglio) – piłkarz włoski grający na pozycji środkowego obrońcy.
['Najszybciej', ',', 'bo', 'już', 'w', 'listopadzie', '1940', 'roku', ',', 'dołączyli', 'do', 'niej', 'Marjorie', 'Rambeau', 'i', 'Gene', 'Tierney', '.']	[0, 0, 0, 0, 0, 0, 0, 0, 0, 0, 0, 0, 1, 2, 0, 1, 2, 0]	pl	Najszybciej, bo już w listopadzie 1940 roku, dołączyli do niej Marjorie Rambeau i Gene Tierney.
['Wyspy', 'są', 'często', 'odwiedzane', 'przez', 'rybaków', ',', 'zarówno', 'z', 'San', 'Andrés', 'jak', 'i', 'z', 'kontynentalnej', 'Kolumbii', '.']	[0, 0, 0, 0, 0, 0, 0, 0, 0, 5, 6, 0, 0, 0, 0, 5, 0]	pl	Wyspy są często odwiedzane przez rybaków, zarówno z San Andrés jak i z kontynentalnej Kolumbii.
['Następnie', 'wszystkie', 'trzy', 'armie', 'szwedzkie', ',', 'przy', 'współudziale', 'floty', 'wojennej', ',', 'miały', 'dokonać', 'koncentrycznego', 'uderzenia', 'na', 'Prusy', 'Królewskie', '.']	[0, 0, 0, 0, 0, 0, 0, 0, 0, 0, 0, 0, 0, 0, 0, 0, 5, 6, 0]	pl	Następnie wszystkie trzy armie szwedzkie, przy współudziale floty wojennej, miały dokonać koncentrycznego uderzenia na Prusy Królewskie.
['W', 'tę', 'postać', 'wcielił', 'się', 'Matt', 'Craven', '.']	[0, 0, 0, 0, 0, 1, 2, 0]	pl	W tę postać wcielił się Matt Craven.
['Jego', 'ciągłe', 'doskonalenie', 'bezpośrednio', 'doprowadziło', 'do', 'produkcji', 'późniejszych', 'T-44', ',', 'T-54', 'i', 'T-55', ',', 'montowanych', 'do', '1981', 'i', 'używanych', 'do', 'dziś', '.']	[0, 0, 0, 0, 0, 0, 0, 0, 7, 0, 7, 0, 7, 0, 0, 0, 0, 0, 0, 0, 0, 0]	pl	Jego ciągłe doskonalenie bezpośrednio doprowadziło do produkcji późniejszych T-44, T-54 i T-55, montowanych do 1981 i używanych do dziś.
"['Wewnątrz', 'świątyni', 'znajdowała', 'się', 'Arka', 'Przymierza', '(', 'hebr.', ',', '""', 'aron', 'ha-brit', '""', ')', ',', 'czyli', 'obficie', 'pozłacana', 'skrzynia', 'drewniana', ',', 'na', 'której', 'wierzchu', 'znajdowały', 'się', 'złote', 'Cheruby', '(', 'aniołowie', ')', ',', 'zakrywający', 'arkę', 'skrzydłami', '.']"	[0, 0, 0, 0, 7, 8, 0, 0, 0, 0, 0, 0, 0, 0, 0, 0, 0, 0, 0, 0, 0, 0, 0, 0, 0, 0, 0, 0, 0, 0, 0, 0, 0, 0, 0, 0]	pl	"Wewnątrz świątyni znajdowała się Arka Przymierza (hebr., ""aron ha-brit""), czyli obficie pozłacana skrzynia drewniana, na której wierzchu znajdowały się złote Cheruby (aniołowie), zakrywający arkę skrzydłami."
['Dwa', 'dni', 'później', 'w', 'Predazzo', 'był', '21', '.']	[0, 0, 0, 0, 5, 0, 0, 0]	pl	Dwa dni później w Predazzo był 21.
['W', 'grudniu', '2004', 'przeszedł', 'do', 'San', 'Francisco', 'Giants', ',', 'w', 'którym', 'zakończył', 'karierę', 'w', 'po', 'zakończeniu', 'sezonu', '2006', '.']	[0, 0, 0, 0, 0, 3, 4, 4, 0, 0, 0, 0, 0, 0, 0, 0, 0, 0, 0]	pl	W grudniu 2004 przeszedł do San Francisco Giants, w którym zakończył karierę w po zakończeniu sezonu 2006.
['Ornette', 'Coleman', 'stworzył', 'free', 'jazz', ',', 'który', 'wraz', 'z', 'jazz-rockiem', '(', 'fusion', ')', '(', 'Jaco', 'Pastorius', ',', 'Michael', 'Brecker', ',', 'Frank', 'Zappa', ',', 'Herbie', 'Hancock', '(', 'Chick', 'Corea', ')', ',', 'modalny', '(', 'John', 'Coltrane', ',', 'Don', 'Cherry', ')', ',', 'eksperymentalny', ',', 'Sun', 'Ra', ')', ',', 'oraz', 'współczesny', 'swing', '(', 'Joshua', 'Redman', ')', '.']	[1, 2, 0, 0, 0, 0, 0, 0, 0, 0, 0, 0, 0, 0, 1, 2, 0, 1, 2, 0, 1, 2, 0, 1, 2, 0, 1, 2, 0, 0, 0, 0, 1, 2, 0, 1, 2, 0, 0, 0, 0, 1, 2, 0, 0, 0, 0, 0, 0, 1, 2, 0, 0]	pl	Ornette Coleman stworzył free jazz, który wraz z jazz-rockiem (fusion) (Jaco Pastorius, Michael Brecker, Frank Zappa, Herbie Hancock (Chick Corea), modalny (John Coltrane, Don Cherry), eksperymentalny, Sun Ra), oraz współczesny swing (Joshua Redman).
['Most', 'został', 'oddany', 'do', 'użytku', 'w', '1910', 'łącząc', 'miasta', 'Saint', 'Louis', 'i', 'Venice', ',', 'leżące', 'w', 'dwóch', 'amerykańskich', 'stanach', 'Missouri', 'oraz', 'Illinois', '.']	[0, 0, 0, 0, 0, 0, 0, 0, 0, 5, 6, 0, 5, 0, 0, 0, 0, 0, 0, 5, 0, 5, 0]	pl	Most został oddany do użytku w 1910 łącząc miasta Saint Louis i Venice, leżące w dwóch amerykańskich stanach Missouri oraz Illinois.
['27', 'listopada', '2017', 'Międzynarodowy', 'Komitet', 'Olimpijski', 'pozbawił', 'je', 'medali', 'z', 'tychże', 'igrzysk', 'oraz', 'nałożył', 'karę', 'dyskwalifikacji', 'za', 'stosowanie', 'niedozwolonych', 'środków', '.']	[0, 0, 0, 3, 4, 4, 0, 0, 0, 0, 0, 0, 0, 0, 0, 0, 0, 0, 0, 0, 0]	pl	27 listopada 2017 Międzynarodowy Komitet Olimpijski pozbawił je medali z tychże igrzysk oraz nałożył karę dyskwalifikacji za stosowanie niedozwolonych środków.
"['Tytuł', 'filmu', 'został', 'wykorzystany', 'przez', 'grupę', 'Queen', 'jako', 'tytuł', 'ich', 'albumu', '""', 'A', 'Day', 'at', 'the', 'Races', '""', '(', '1976', ')', '.']"	[0, 0, 0, 0, 0, 0, 3, 0, 0, 0, 0, 0, 7, 8, 8, 8, 8, 0, 0, 0, 0, 0]	pl	"Tytuł filmu został wykorzystany przez grupę Queen jako tytuł ich albumu ""A Day at the Races"" (1976)."
['Jego', 'idolem', 'był', 'Steve', 'Yzerman', '.']	[0, 0, 0, 1, 2, 0]	pl	Jego idolem był Steve Yzerman.
['Od', '12', 'maja', '2013', 'reprezentuje', 'Izrael', '.']	[0, 0, 0, 0, 0, 5, 0]	pl	Od 12 maja 2013 reprezentuje Izrael.
"['Najbliższe', 'duże', 'miasta', 'to', ':', 'Szczecin', '(', '144', '""', 'km', ')', ',', 'Bydgoszcz', '(', '113', '""', 'km', ')', ',', 'Piła', '(', '28', '""', 'km', ')', ',', 'Poznań', '(', '132', '""', 'km', ')', ',', 'Gorzów', 'Wielkopolski', '(', '107', '""', 'km', ')', ',', 'Koszalin', '(', '137', '""', 'km', ')', '.']"	[0, 0, 0, 0, 0, 5, 0, 0, 0, 0, 0, 0, 5, 0, 0, 0, 0, 0, 0, 5, 0, 0, 0, 0, 0, 0, 5, 0, 0, 0, 0, 0, 0, 5, 6, 0, 0, 0, 0, 0, 0, 5, 0, 0, 0, 0, 0, 0]	pl	"Najbliższe duże miasta to: Szczecin (144 ""km), Bydgoszcz (113"" km), Piła (28 ""km), Poznań (132"" km), Gorzów Wielkopolski (107 ""km), Koszalin (137"" km)."
['Czasopismo', 'było', 'związane', 'tematyką', 'z', 'wydarzeniami', 'dotyczącymi', 'młodzieży', 'na', 'obszarach', 'konfliktów', ',', 'takich', 'jak', 'Izrael', ',', 'Palestyna', ',', 'Afganistan', ',', 'Indie', 'czy', 'Pakistan', '.']	[0, 0, 0, 0, 0, 0, 0, 0, 0, 0, 0, 0, 0, 0, 5, 0, 5, 0, 5, 0, 5, 0, 5, 0]	pl	Czasopismo było związane tematyką z wydarzeniami dotyczącymi młodzieży na obszarach konfliktów, takich jak Izrael, Palestyna, Afganistan, Indie czy Pakistan.
['4', 'lipca', '2015', 'podpisał', 'kontrakt', 'z', 'hiszpańskim', 'klubem', 'Real', 'Sociedad', ',', 'skąd', '9', 'marca', '2019', 'został', 'wypożyczony', 'do', 'japońskiego', 'klubu', 'Gamba', 'Osaka', '(', 'umowa', 'do', '1', 'stycznia', '2020', ')', '.']	[0, 0, 0, 0, 0, 0, 0, 0, 3, 4, 0, 0, 0, 0, 0, 0, 0, 0, 0, 0, 3, 4, 0, 0, 0, 0, 0, 0, 0, 0]	pl	4 lipca 2015 podpisał kontrakt z hiszpańskim klubem Real Sociedad, skąd 9 marca 2019 został wypożyczony do japońskiego klubu Gamba Osaka (umowa do 1 stycznia 2020).
['w', 'Sydney', ',', 'policjantka', 'w', 'stopniu', 'sierżanta', '.']	[0, 5, 0, 0, 0, 0, 0, 0]	pl	w Sydney, policjantka w stopniu sierżanta.
['29', 'marca', '2016', 'został', 'zawodnikiem', 'Rio', 'Grande', 'Valley', 'Vipers', '.']	[0, 0, 0, 0, 0, 3, 4, 4, 4, 0]	pl	29 marca 2016 został zawodnikiem Rio Grande Valley Vipers.
"['""', 'Guitrancourt', '""', '–', 'miejscowość', 'i', 'gmina', 'we', 'Francji', ',', 'w', 'regionie', 'Île-de-France', ',', 'w', 'departamencie', 'Yvelines', '.']"	[0, 0, 0, 0, 0, 0, 0, 0, 5, 0, 0, 0, 5, 0, 0, 0, 5, 0]	pl	"""Guitrancourt"" – miejscowość i gmina we Francji, w regionie Île-de-France, w departamencie Yvelines."
"['""', 'Anaconda', '""', 'jest', 'oprogramowaniem', 'ułatwiającym', 'instalację', 'niektórych', 'z', 'dystrybucji', 'systemu', 'operacyjnego', 'Linux', '.']"	[0, 0, 0, 0, 0, 0, 0, 0, 0, 0, 0, 0, 7, 0]	pl	"""Anaconda"" jest oprogramowaniem ułatwiającym instalację niektórych z dystrybucji systemu operacyjnego Linux."
['13', 'sierpnia', '1932', 'roku', 'w', 'Mannheim', ',', 'zm', '.']	[0, 0, 0, 0, 0, 5, 0, 0, 0]	pl	13 sierpnia 1932 roku w Mannheim, zm.
"['Nowy', 'rok', '""', 'Czarno-niebiescy', '""', 'zaczęli', 'remisem', 'z', 'S.S.', 'Lazio', 'w', 'którym', 'padł', 'bezbramkowy', 'remis', '.']"	[0, 0, 0, 0, 0, 0, 0, 0, 3, 4, 0, 0, 0, 0, 0, 0]	pl	"Nowy rok ""Czarno-niebiescy"" zaczęli remisem z S.S. Lazio w którym padł bezbramkowy remis."
['Wychowała', 'się', 'w', 'Sins', 'w', 'kantonie', 'Argowia', 'razem', 'z', 'dwoma', 'braćmi', 'i', 'siostrą', '.']	[0, 0, 0, 5, 0, 0, 5, 0, 0, 0, 0, 0, 0, 0]	pl	Wychowała się w Sins w kantonie Argowia razem z dwoma braćmi i siostrą.
['11', 'lutego', '1972', 'roku', 'w', 'Bootle', 'koło', 'Liverpoolu', ')', '–', 'były', 'angielski', 'piłkarz', 'występujący', 'na', 'pozycji', 'pomocnika', '.']	[0, 0, 0, 0, 0, 5, 0, 5, 0, 0, 0, 0, 0, 0, 0, 0, 0, 0]	pl	11 lutego 1972 roku w Bootle koło Liverpoolu) – były angielski piłkarz występujący na pozycji pomocnika.
['W', 'kolejnym', 'sezonie', '1922', '/', '23', 'trenował', 'Eintracht', 'Frankfurt', '.']	[0, 0, 0, 0, 0, 0, 0, 3, 4, 0]	pl	W kolejnym sezonie 1922 / 23 trenował Eintracht Frankfurt.
['1', 'lutego', '2017', 'podpisał', 'kontrakt', 'z', 'japońskim', 'klubem', 'Cerezo', 'Osaka', ',', 'umowa', 'do', '31', 'stycznia', '2020', ';', 'kwota', 'odstępnego', '5,10', 'mln', 'euro', '.']	[0, 0, 0, 0, 0, 0, 0, 0, 3, 4, 0, 0, 0, 0, 0, 0, 0, 0, 0, 0, 0, 0, 0]	pl	1 lutego 2017 podpisał kontrakt z japońskim klubem Cerezo Osaka, umowa do 31 stycznia 2020; kwota odstępnego 5,10 mln euro.
['Gdy', 'zespół', 'zawiesił', 'działalność', 'przeniósł', 'się', 'do', 'zespołu', 'Foo', 'Fighters', '.']	[0, 0, 0, 0, 0, 0, 0, 0, 3, 4, 0]	pl	Gdy zespół zawiesił działalność przeniósł się do zespołu Foo Fighters.
['Piosenka', 'została', 'napisana', 'w', '1962', 'roku', 'i', 'wydana', 'na', 'albumie', 'The', 'Freewheelin', '’', 'Bob', 'Dylan', 'w', 'maju', '1963', '.']	[0, 0, 0, 0, 0, 0, 0, 0, 0, 0, 7, 8, 8, 8, 8, 0, 0, 0, 0]	pl	Piosenka została napisana w 1962 roku i wydana na albumie The Freewheelin ’ Bob Dylan w maju 1963.
['Tereny', 'występowania', 'sięgają', 'aż', 'po', 'Zimbabwe', ',', 'Kenię', 'i', 'Kongo', '.']	[0, 0, 0, 0, 0, 5, 0, 5, 0, 5, 0]	pl	Tereny występowania sięgają aż po Zimbabwe, Kenię i Kongo.
['Wśród', 'swoich', 'muzycznych', 'inspiracji', 'wymienia', 'takich', 'artystów', ',', 'jak', ':', 'The', 'Beatles', ',', 'The', 'Rolling', 'Stones', ',', 'Led', 'Zeppelin', ',', 'Neil', 'Young', ',', 'Bruce', 'Springsteen', ',', 'Elton', 'John', ',', 'Billy', 'Joel', ',', 'Blink-182', ',', 'Green', 'Day', ',', 'Taking', 'Back', 'Sunday', ',', 'Brand', 'New', 'i', 'Fall', 'Out', 'Boy', '.']	[0, 0, 0, 0, 0, 0, 0, 0, 0, 0, 3, 4, 0, 3, 4, 4, 0, 3, 4, 0, 1, 2, 0, 1, 2, 0, 1, 2, 0, 1, 2, 0, 3, 0, 3, 4, 0, 3, 4, 4, 0, 3, 4, 0, 3, 4, 4, 0]	pl	Wśród swoich muzycznych inspiracji wymienia takich artystów, jak: The Beatles, The Rolling Stones, Led Zeppelin, Neil Young, Bruce Springsteen, Elton John, Billy Joel, Blink-182, Green Day, Taking Back Sunday, Brand New i Fall Out Boy.
['Gdy', 'zbudowano', 'Mur', 'Berliński', ',', 'pociągi', 'przejeżdżały', 'przez', 'stację', 'bez', 'zatrzymania', '.']	[0, 0, 5, 6, 0, 0, 0, 0, 0, 0, 0, 0]	pl	Gdy zbudowano Mur Berliński, pociągi przejeżdżały przez stację bez zatrzymania.
"['""', 'Saint-Yzan-de-Soudiac', '""', '–', 'miejscowość', 'i', 'gmina', 'we', 'Francji', ',', 'w', 'regionie', 'Nowa', 'Akwitania', ',', 'w', 'departamencie', 'Żyronda', '.']"	[0, 0, 0, 0, 0, 0, 0, 0, 5, 0, 0, 0, 5, 6, 0, 0, 0, 5, 0]	pl	"""Saint-Yzan-de-Soudiac"" – miejscowość i gmina we Francji, w regionie Nowa Akwitania, w departamencie Żyronda."
"['""', 'Hamblain-les-Prés', '""', '–', 'miejscowość', 'i', 'gmina', 'we', 'Francji', ',', 'w', 'regionie', 'Hauts-de-France', ',', 'w', 'departamencie', 'Pas-de-Calais', '.']"	[0, 0, 0, 0, 0, 0, 0, 0, 5, 0, 0, 0, 5, 0, 0, 0, 5, 0]	pl	"""Hamblain-les-Prés"" – miejscowość i gmina we Francji, w regionie Hauts-de-France, w departamencie Pas-de-Calais."
['Kaesŏng', ')', '.']	[5, 0, 0]	pl	Kaesŏng).
"['dążył', 'do', 'powiększenia', 'parku', 'i', 'na', 'skutek', 'jego', 'starań', 'prezydent', 'Franklin', 'Delano', 'Roosevelt', 'ustanowił', '15', 'marca', '1943', 'roku', 'pomnik', 'narodowy', 'Jackson', 'Hole', 'National', 'Monument', 'o', 'powierzchni', '894', '""', 'km', '²', '.']"	[0, 0, 0, 0, 0, 0, 0, 0, 0, 0, 1, 2, 2, 0, 0, 0, 0, 0, 0, 0, 5, 6, 6, 6, 0, 0, 0, 0, 0, 0, 0]	pl	"dążył do powiększenia parku i na skutek jego starań prezydent Franklin Delano Roosevelt ustanowił 15 marca 1943 roku pomnik narodowy Jackson Hole National Monument o powierzchni 894 ""km ²."
['Skatalogował', 'ją', 'Lawrence', 'Parsons', '1', 'stycznia', '1876', 'roku', 'jako', 'obiekt', 'typu', 'mgławicowego', '.']	[0, 0, 1, 2, 0, 0, 0, 0, 0, 0, 0, 0, 0]	pl	Skatalogował ją Lawrence Parsons 1 stycznia 1876 roku jako obiekt typu mgławicowego.
['Do', 'czasu', 'swej', 'rezygnacji', 'z', 'funkcji', 'prezesa', 'zarządu', 'w', '1989', 'roku', 'przekształcił', 'firmę', 'Heineken', 'z', 'marki', 'znanej', 'głównie', 'w', 'Niderlandach', 'w', 'markę', 'rozpoznawaną', 'na', 'całym', 'świecie', '.']	[0, 0, 0, 0, 0, 0, 0, 0, 0, 0, 0, 0, 0, 3, 0, 0, 0, 0, 0, 5, 0, 0, 0, 0, 0, 0, 0]	pl	Do czasu swej rezygnacji z funkcji prezesa zarządu w 1989 roku przekształcił firmę Heineken z marki znanej głównie w Niderlandach w markę rozpoznawaną na całym świecie.
['W', 'ten', 'sposób', 'powstała', 'Europejska', 'Wspólnota', 'Węgla', 'i', 'Stali', ',', 'której', 'następcą', 'stała', 'się', 'Wspólnota', 'Europejska', ',', 'a', 'od', '2009', 'r', '.']	[0, 0, 0, 0, 3, 4, 4, 4, 4, 0, 0, 0, 0, 0, 3, 4, 0, 0, 0, 0, 0, 0]	pl	W ten sposób powstała Europejska Wspólnota Węgla i Stali, której następcą stała się Wspólnota Europejska, a od 2009 r.
['Nagrał', 'z', 'Manowar', 'nowy', 'album', 'Thunder', 'In', 'The', 'Sky', '2009', '.']	[0, 0, 3, 0, 0, 7, 8, 8, 8, 0, 0]	pl	Nagrał z Manowar nowy album Thunder In The Sky 2009.
"['Według', 'danych', 'na', 'rok', '1990', 'gminę', 'zamieszkiwały', '232', 'osoby', ',', 'a', 'gęstość', 'zaludnienia', 'wynosiła', '27', '""', 'osób', '/', 'km', '²', '(', 'wśród', '1467', 'gmin', 'regionu', 'Poitou-Charentes', 'Thaims', 'plasuje', 'się', 'na', '769', '.']"	[0, 0, 0, 0, 0, 0, 0, 0, 0, 0, 0, 0, 0, 0, 0, 0, 0, 0, 0, 0, 0, 0, 0, 0, 0, 5, 0, 0, 0, 0, 0, 0]	pl	"Według danych na rok 1990 gminę zamieszkiwały 232 osoby, a gęstość zaludnienia wynosiła 27 ""osób / km ² (wśród 1467 gmin regionu Poitou-Charentes Thaims plasuje się na 769."
['Pod', 'jej', 'szyldem', 'w', 'tym', 'samym', 'roku', 'wziął', 'udział', 'w', 'wyborach', 'na', 'burmistrza', 'Buenos', 'Aires', '.']	[0, 0, 0, 0, 0, 0, 0, 0, 0, 0, 0, 0, 0, 5, 6, 0]	pl	Pod jej szyldem w tym samym roku wziął udział w wyborach na burmistrza Buenos Aires.
"['Pierwsza', 'CD', 'zawiera', 'piosenki', 'od', 'albumu', '""', 'Black', 'Celebration', '""', '(', '1986', ')', 'do', '""', 'Playing', 'the', 'Angel', '""', '(', '2005', ')', '.']"	[0, 0, 0, 0, 0, 0, 0, 7, 8, 0, 0, 0, 0, 0, 0, 7, 8, 8, 0, 0, 0, 0, 0]	pl	"Pierwsza CD zawiera piosenki od albumu ""Black Celebration"" (1986) do ""Playing the Angel"" (2005)."
['Wielu', 'producentów', 'samochodów', 'planuje', 'jednak', 'w', 'swoich', 'pojazdach', 'użyć', 'ogniw', 'wielkoformatowych', ',', 'o', 'dużych', 'pojemnościach', 'np.', 'Nissan', 'Leaf', '.']	[0, 0, 0, 0, 0, 0, 0, 0, 0, 0, 0, 0, 0, 0, 0, 0, 7, 8, 0]	pl	Wielu producentów samochodów planuje jednak w swoich pojazdach użyć ogniw wielkoformatowych, o dużych pojemnościach np. Nissan Leaf.
['Prawdopodobnie', 'po', 'raz', 'pierwszy', 'okręt', 'zatonął', 'z', 'powodu', 'złej', 'pogody', 'w', 'Zatoce', 'Mobile', 'w', 'drodze', 'po', 'odbiór', 'jego', 'pierwszej', 'załogi', '.']	[0, 0, 0, 0, 0, 0, 0, 0, 0, 0, 0, 5, 5, 0, 0, 0, 0, 0, 0, 0, 0]	pl	Prawdopodobnie po raz pierwszy okręt zatonął z powodu złej pogody w Zatoce Mobile w drodze po odbiór jego pierwszej załogi.
['W', 'ostatniej', 'scenie', ',', 'rozgrywającej', 'się', 'w', 'przyczepie', ',', 'bohaterka', 'spożywa', 'kolorowe', 'płatki', 'śniadaniowe', ',', 'oglądając', 'kreskówki', 'i', 'serial', 'z', 'Lucille', 'Ball', 'w', 'roli', 'głównej', '.']	[0, 0, 0, 0, 0, 0, 0, 0, 0, 0, 0, 0, 0, 0, 0, 0, 0, 0, 0, 0, 1, 2, 0, 0, 0, 0]	pl	W ostatniej scenie, rozgrywającej się w przyczepie, bohaterka spożywa kolorowe płatki śniadaniowe, oglądając kreskówki i serial z Lucille Ball w roli głównej.
['Do', 'sterowania', 'postacią', 'wymagany', 'jest', 'Wii', 'Remote', 'oraz', 'Nunchuk', '.']	[0, 0, 0, 0, 0, 7, 8, 0, 7, 0]	pl	Do sterowania postacią wymagany jest Wii Remote oraz Nunchuk.
['W', 'rundzie', 'jesiennej', 'sezonu', '1998', '/', '99', 'bronił', 'barw', 'amatorskiego', 'zespołu', 'Arsenał', 'Charków', ',', 'ale', 'przez', 'poważną', 'kontuzję', 'był', 'zmuszony', 'zakończyć', 'karierę', 'piłkarską', '.']	[0, 0, 0, 0, 0, 0, 0, 0, 0, 0, 0, 3, 4, 0, 0, 0, 0, 0, 0, 0, 0, 0, 0, 0]	pl	W rundzie jesiennej sezonu 1998 / 99 bronił barw amatorskiego zespołu Arsenał Charków, ale przez poważną kontuzję był zmuszony zakończyć karierę piłkarską.
['Roman', 'Grodecki', 'określił', 'go', 'jako', '„', 'postać', 'cichą', 'i', 'skromną', ',', 'nie', 'wysuwającą', 'się', 'nigdy', 'na', 'czoło', '”', '.']	[1, 2, 0, 0, 0, 0, 0, 0, 0, 0, 0, 0, 0, 0, 0, 0, 0, 0, 0]	pl	Roman Grodecki określił go jako „postać cichą i skromną, nie wysuwającą się nigdy na czoło ”.
['Znanymi', 'przykładami', 'są', 'Panthalassa', ',', 'której', 'wody', 'oblewały', 'Pangeę', 'i', 'dawniejsza', 'Mirowia', ',', 'otaczająca', 'Rodinię', '.']	[0, 0, 0, 5, 0, 0, 0, 0, 5, 0, 0, 5, 0, 0, 5, 0]	pl	Znanymi przykładami są Panthalassa, której wody oblewały Pangeę i dawniejsza Mirowia, otaczająca Rodinię.
"['Promowany', 'również', 'był', 'przez', '2', 'single', ';', 'Bringing', 'Down', 'the', 'Moon', 'oraz', 'If', 'It', ""'"", 's', 'Too', 'Late', '.']"	[0, 0, 0, 0, 0, 0, 0, 7, 8, 8, 8, 0, 7, 8, 8, 8, 8, 8, 0]	pl	Promowany również był przez 2 single; Bringing Down the Moon oraz If It 's Too Late.
['Został', 'odkryty', '20', 'stycznia', '1986', 'roku', 'na', 'zdjęciach', 'przesłanych', 'przez', 'sondę', 'Voyager', '2', '.']	[0, 0, 0, 0, 0, 0, 0, 0, 0, 0, 0, 7, 8, 0]	pl	Został odkryty 20 stycznia 1986 roku na zdjęciach przesłanych przez sondę Voyager 2.
['Od', 'stycznia', '1999', 'roku', 'trwają', 'zamieszki', ',', 'momentami', 'o', 'skali', 'wojny', 'domowej', ',', 'między', 'muzułmanami', 'a', 'chrześcijanami', ',', 'które', 'pochłonęły', 'setki', 'ofiar', 'śmiertelnych', 'i', 'spowodowały', 'duże', 'zniszczenia', 'i', 'masowe', 'ucieczki', 'chrześcijańskiej', 'ludności', ',', 'głównie', 'do', 'prowincji', 'Małe', 'Wyspy', 'Sundajskie', 'Wschodnie', '.']	[0, 0, 0, 0, 0, 0, 0, 0, 0, 0, 0, 0, 0, 0, 0, 0, 0, 0, 0, 0, 0, 0, 0, 0, 0, 0, 0, 0, 0, 0, 0, 0, 0, 0, 0, 0, 5, 6, 6, 6, 0]	pl	Od stycznia 1999 roku trwają zamieszki, momentami o skali wojny domowej, między muzułmanami a chrześcijanami, które pochłonęły setki ofiar śmiertelnych i spowodowały duże zniszczenia i masowe ucieczki chrześcijańskiej ludności, głównie do prowincji Małe Wyspy Sundajskie Wschodnie.
['Wywiad', 'amerykański', 'podejrzewał', 'z', 'początku', 'Mosad', ',', 'który', 'z', 'kolei', 'uznał', 'sprawę', 'Pollarda', 'za', 'przejaw', 'dyletanctwa', ',', 'naruszającego', 'dobre', 'imię', 'i', 'zasłużoną', 'opinię', 'o', 'profesjonalizmie', 'agencji', '.']	[0, 0, 0, 0, 0, 3, 0, 0, 0, 0, 0, 0, 0, 0, 0, 0, 0, 0, 0, 0, 0, 0, 0, 0, 0, 0, 0]	pl	Wywiad amerykański podejrzewał z początku Mosad, który z kolei uznał sprawę Pollarda za przejaw dyletanctwa, naruszającego dobre imię i zasłużoną opinię o profesjonalizmie agencji.
"['Charakteryzujący', 'się', 'mniej', 'wygładzonym', 'studyjnie', 'dźwiękiem', 'i', 'większą', 'liczbą', 'wolnych', 'utworów', 'od', 'poprzednich', 'płyt', ',', '""', 'Both', 'Sides', '""', 'był', 'znaczącym', 'odejściem', 'piosenkarza', 'od', 'poprzedniego', 'stylu', '.']"	[0, 0, 0, 0, 0, 0, 0, 0, 0, 0, 0, 0, 0, 0, 0, 0, 7, 8, 0, 0, 0, 0, 0, 0, 0, 0, 0]	pl	"Charakteryzujący się mniej wygładzonym studyjnie dźwiękiem i większą liczbą wolnych utworów od poprzednich płyt, ""Both Sides"" był znaczącym odejściem piosenkarza od poprzedniego stylu."
['Miastami', 'rozgrywek', 'były', 'Berlin', ',', 'Halle', ',', 'Drezno', ',', 'Schwerin', 'i', 'Zurych', '.']	[0, 0, 0, 5, 0, 5, 0, 5, 0, 5, 0, 5, 0]	pl	Miastami rozgrywek były Berlin, Halle, Drezno, Schwerin i Zurych.
['Kluczowym', 'czynnikiem', 'dla', 'zwycięstwa', 'Renault', 'w', '1906', 'roku', 'były', 'zdejmowalne', 'obręcze', 'kół', ',', 'co', 'pozwoliło', 'na', 'zmianę', 'opon', 'bez', 'podnoszenia', 'kół', '.']	[0, 0, 0, 0, 3, 0, 0, 0, 0, 0, 0, 0, 0, 0, 0, 0, 0, 0, 0, 0, 0, 0]	pl	Kluczowym czynnikiem dla zwycięstwa Renault w 1906 roku były zdejmowalne obręcze kół, co pozwoliło na zmianę opon bez podnoszenia kół.
"['""', 'Bondeno', '""', '–', 'miejscowość', 'i', 'gmina', 'we', 'Włoszech', ',', 'w', 'regionie', 'Emilia-Romania', ',', 'w', 'prowincji', 'Ferrara', ',', 'położona', 'nad', 'rzeką', 'Panaro', '.']"	[0, 0, 0, 0, 0, 0, 0, 0, 5, 0, 0, 0, 5, 0, 0, 0, 5, 0, 0, 0, 0, 5, 0]	pl	"""Bondeno"" – miejscowość i gmina we Włoszech, w regionie Emilia-Romania, w prowincji Ferrara, położona nad rzeką Panaro."
['W', '2013', 'roku', 'zwodowano', 'kolejny', 'największy', 'i', 'najdłuższy', 'kontenerowiec', 'na', 'świecie', ',', 'MS', 'Mærsk', 'Mc-Kinney', 'Møller', 'z', 'serii', 'Triple-E-Klasse', '.']	[0, 0, 0, 0, 0, 0, 0, 0, 0, 0, 0, 0, 7, 8, 8, 8, 0, 0, 0, 0]	pl	W 2013 roku zwodowano kolejny największy i najdłuższy kontenerowiec na świecie, MS Mærsk Mc-Kinney Møller z serii Triple-E-Klasse.
['W', 'rolach', 'głównych', '-', 'Shreyas', 'Talpade', 'i', 'Amrita', 'Rao', '.']	[0, 0, 0, 0, 1, 2, 0, 1, 2, 0]	pl	W rolach głównych - Shreyas Talpade i Amrita Rao.
"['W', 'roku', '1241', ',', 'na', 'polecenie', 'cesarza', 'Lizonga', ',', '""', 'Czteroksiąg', '""', 'zredagowany', 'przez', 'Zhu', 'Xi', 'i', 'jego', 'komentarze', 'stały', 'się', 'podstawą', 'dla', 'studentów', 'chcących', 'zdawać', 'cesarskie', 'egzaminy', 'urzędnicze', '.']"	[0, 0, 0, 0, 0, 0, 0, 1, 0, 0, 0, 0, 0, 0, 1, 2, 0, 0, 0, 0, 0, 0, 0, 0, 0, 0, 0, 0, 0, 0]	pl	"W roku 1241, na polecenie cesarza Lizonga, ""Czteroksiąg"" zredagowany przez Zhu Xi i jego komentarze stały się podstawą dla studentów chcących zdawać cesarskie egzaminy urzędnicze."
['Douglas', 'Haig', 'konsekwentnie', 'dążył', 'do', 'dokonania', 'wyłomu', 'w', 'pozycjach', 'przeciwnika', ',', 'przez', 'który', 'jego', 'zdaniem', 'mogłyby', 'wyjść', 'na', 'tyły', 'oddziały', 'kawalerii', ',', 'była', 'to', 'oczywiście', 'koncepcja', 'kompletnie', 'niepasująca', 'do', 'XX-wiecznej', 'doktryny', 'wojennej', '.']	[1, 2, 0, 0, 0, 0, 0, 0, 0, 0, 0, 0, 0, 0, 0, 0, 0, 0, 0, 0, 0, 0, 0, 0, 0, 0, 0, 0, 0, 0, 0, 0, 0]	pl	Douglas Haig konsekwentnie dążył do dokonania wyłomu w pozycjach przeciwnika, przez który jego zdaniem mogłyby wyjść na tyły oddziały kawalerii, była to oczywiście koncepcja kompletnie niepasująca do XX-wiecznej doktryny wojennej.
['Występował', 'm.in.', 'w', 'Monako', ',', 'parlamencie', 'duńskim', 'w', 'Kopenhadze', ',', 'Niemczech', ',', 'Hiszpanii', ',', 'we', 'Włoszech', ',', 'Francji', 'i', 'na', 'Litwie', '.']	[0, 0, 0, 5, 0, 0, 0, 0, 5, 0, 5, 0, 5, 0, 0, 5, 0, 5, 0, 0, 5, 0]	pl	Występował m.in. w Monako, parlamencie duńskim w Kopenhadze, Niemczech, Hiszpanii, we Włoszech, Francji i na Litwie.
['W', 'hrabstwie', 'znajduje', 'się', 'płaskowyż', 'Burren', ',', 'unikatowy', 'obszar', 'pełen', 'wapiennych', 'wzgórz', 'i', 'pól', ',', 'Bunratty', '–', 'zamek', '.']	[0, 0, 0, 0, 0, 5, 0, 0, 0, 0, 0, 0, 0, 0, 0, 5, 0, 0, 0]	pl	W hrabstwie znajduje się płaskowyż Burren, unikatowy obszar pełen wapiennych wzgórz i pól, Bunratty – zamek.
"['""', 'Barbentane', '""', '–', 'miejscowość', 'i', 'gmina', 'we', 'Francji', ',', 'w', 'regionie', 'Prowansja-Alpy-Lazurowe', 'Wybrzeże', ',', 'w', 'departamencie', 'Delta', 'Rodanu', '.']"	[0, 0, 0, 0, 0, 0, 0, 0, 5, 0, 0, 0, 5, 6, 0, 0, 0, 5, 6, 0]	pl	"""Barbentane"" – miejscowość i gmina we Francji, w regionie Prowansja-Alpy-Lazurowe Wybrzeże, w departamencie Delta Rodanu."
"['""', 'Grainville-la-Teinturière', '""', '–', 'miejscowość', 'i', 'gmina', 'we', 'Francji', ',', 'w', 'regionie', 'Normandia', ',', 'w', 'departamencie', 'Sekwana', 'Nadmorska', '.']"	[0, 0, 0, 0, 0, 0, 0, 0, 5, 0, 0, 0, 5, 0, 0, 0, 5, 6, 0]	pl	"""Grainville-la-Teinturière"" – miejscowość i gmina we Francji, w regionie Normandia, w departamencie Sekwana Nadmorska."
['W', 'sąsiedniej', 'wsi', 'Blizna', 'Niemcy', 'dokonywali', 'prób', 'z', 'bronią', 'rakietową', 'V-1', 'i', 'V-2', '.']	[0, 0, 0, 5, 5, 0, 0, 0, 0, 0, 7, 0, 7, 0]	pl	W sąsiedniej wsi Blizna Niemcy dokonywali prób z bronią rakietową V-1 i V-2.
['w', 'Europie', ',', 'a', 'także', 'jednym', 'z', 'trzech', 'węzłów', 'Scandinavian', 'Airlines', 'System', '(', 'pozostałe', 'dwa', 'to', 'Kopenhaga-Kastrup', 'i', 'Oslo-Gardermoen', ')', '.']	[0, 5, 0, 0, 0, 0, 0, 0, 0, 3, 4, 4, 0, 0, 0, 0, 5, 0, 5, 0, 0]	pl	w Europie, a także jednym z trzech węzłów Scandinavian Airlines System (pozostałe dwa to Kopenhaga-Kastrup i Oslo-Gardermoen).
['17', 'maja', '1930', 'w', 'Newtownabbey', ',', 'zm', '.']	[0, 0, 0, 0, 5, 0, 0, 0]	pl	17 maja 1930 w Newtownabbey, zm.
['W', '1967', 'w', 'wyniku', 'wojny', 'sześciodniowej', 'Samaria', 'znalazła', 'się', 'pod', 'kontrolą', 'izraelską', '.']	[0, 0, 0, 0, 0, 0, 5, 0, 0, 0, 0, 0, 0]	pl	W 1967 w wyniku wojny sześciodniowej Samaria znalazła się pod kontrolą izraelską.
"['""', 'Neuville-au-Bois', '""', '–', 'miejscowość', 'i', 'gmina', 'we', 'Francji', ',', 'w', 'regionie', 'Hauts-de-France', ',', 'w', 'departamencie', 'Somma', '.']"	[0, 0, 0, 0, 0, 0, 0, 0, 5, 0, 0, 0, 5, 0, 0, 0, 5, 0]	pl	"""Neuville-au-Bois"" – miejscowość i gmina we Francji, w regionie Hauts-de-France, w departamencie Somma."
"['""', 'Airon-Notre-Dame', '""', '–', 'miejscowość', 'i', 'gmina', 'we', 'Francji', ',', 'w', 'regionie', 'Hauts-de-France', ',', 'w', 'departamencie', 'Pas-de-Calais', '.']"	[0, 0, 0, 0, 0, 0, 0, 0, 5, 0, 0, 0, 5, 0, 0, 0, 5, 0]	pl	"""Airon-Notre-Dame"" – miejscowość i gmina we Francji, w regionie Hauts-de-France, w departamencie Pas-de-Calais."
['p.n.e.', 'filozof', 'Yang', 'Xiong', 'opisał', 'wynalazek', 'przekładni', 'pasowej', 'dla', 'cewiarki', ',', 'co', 'miało', 'ogromne', 'znaczenie', 'dla', 'dawnego', 'przemysłu', 'tekstylnego', '.']	[0, 0, 1, 2, 0, 0, 0, 0, 0, 0, 0, 0, 0, 0, 0, 0, 0, 0, 0, 0]	pl	p.n.e. filozof Yang Xiong opisał wynalazek przekładni pasowej dla cewiarki, co miało ogromne znaczenie dla dawnego przemysłu tekstylnego.
['Później', 'był', 'zawodnikiem', 'IFK', 'Mariehamn', ',', 'gdzie', 'mimo', 'młodego', 'wieku', 'rozegrał', '27', 'spotkań', 'w', 'lidze', '.']	[0, 0, 0, 3, 4, 0, 0, 0, 0, 0, 0, 0, 0, 0, 0, 0]	pl	Później był zawodnikiem IFK Mariehamn, gdzie mimo młodego wieku rozegrał 27 spotkań w lidze.
['Dla', 'Maroka', 'srebrny', 'medal', 'w', 'biegu', 'maratońskim', 'zdobył', 'Rhadi', 'Ben', 'Abdesselam', '.']	[0, 5, 0, 0, 0, 0, 0, 0, 1, 2, 2, 0]	pl	Dla Maroka srebrny medal w biegu maratońskim zdobył Rhadi Ben Abdesselam.
['25', 'września', '1987', 'w', 'Lohr', 'am', 'Main', ')', '–', 'niemiecki', 'piłkarz', 'występujący', 'na', 'pozycji', 'pomocnika', 'lub', 'napastnika', '.']	[0, 0, 0, 0, 5, 6, 6, 0, 0, 0, 0, 0, 0, 0, 0, 0, 0, 0]	pl	25 września 1987 w Lohr am Main) – niemiecki piłkarz występujący na pozycji pomocnika lub napastnika.
['W', 'wieku', 'pięciu', 'lat', 'przeniósł', 'się', 'wraz', 'z', 'rodzicami', 'i', 'z', 'młodszym', 'bratem', 'do', 'Los', 'Angeles', '.']	[0, 0, 0, 0, 0, 0, 0, 0, 0, 0, 0, 0, 0, 0, 5, 6, 0]	pl	W wieku pięciu lat przeniósł się wraz z rodzicami i z młodszym bratem do Los Angeles.
['Ostatecznie', 'okręt', 'ukończono', 'po', 'przeprojektowaniu', 'jako', 'lotniskowiec', '„', 'Shinano', '”', '.']	[0, 0, 0, 0, 0, 0, 0, 0, 7, 0, 0]	pl	Ostatecznie okręt ukończono po przeprojektowaniu jako lotniskowiec „Shinano ”.
['Chociaż', 'film', 'nie', 'ma', 'charakteru', 'pornograficznego', ',', 'występuje', 'w', 'nim', 'wielu', 'autentycznych', 'aktorów', 'porno', ',', 'm.in.', 'Ron', 'Jeremy', 'i', 'Chasey', 'Lain', '.']	[0, 0, 0, 0, 0, 0, 0, 0, 0, 0, 0, 0, 0, 0, 0, 0, 1, 2, 0, 1, 2, 0]	pl	Chociaż film nie ma charakteru pornograficznego, występuje w nim wielu autentycznych aktorów porno, m.in. Ron Jeremy i Chasey Lain.
"['""', 'Moczyłki', '""', '(', 'niem.', '""', 'Springkrug', '""', ')', '–', 'wieś', 'sołecka', 'w', 'Polsce', 'położona', 'w', 'województwie', 'zachodniopomorskim', ',', 'w', 'powiecie', 'białogardzkim', ',', 'w', 'gminie', 'Białogard', '.']"	[0, 0, 0, 0, 0, 0, 0, 0, 0, 0, 0, 0, 0, 5, 0, 0, 0, 0, 0, 0, 0, 0, 0, 0, 5, 5, 0]	pl	"""Moczyłki"" (niem. ""Springkrug"") – wieś sołecka w Polsce położona w województwie zachodniopomorskim, w powiecie białogardzkim, w gminie Białogard."
['Od', 'kwietnia', '1929', 'roku', 'do', 'września', '1930', 'liczba', 'więźniów', 'obozów', 'OGPU', 'wzrosła', 'z', '20', 'tys', '.']	[0, 0, 0, 0, 0, 0, 0, 0, 0, 0, 3, 0, 0, 0, 0, 0]	pl	Od kwietnia 1929 roku do września 1930 liczba więźniów obozów OGPU wzrosła z 20 tys.
['Miejscowość', 'jest', 'częścią', 'sołectwa', 'Pogrodzie', '.']	[0, 0, 0, 0, 5, 0]	pl	Miejscowość jest częścią sołectwa Pogrodzie.
['oraz', 'z', 'gminą', 'i', 'miastem', 'Police', 'na', 'północy', '.']	[0, 0, 0, 0, 0, 5, 0, 0, 0]	pl	oraz z gminą i miastem Police na północy.
"['""', 'Branne', '""', '–', 'miejscowość', 'i', 'gmina', 'we', 'Francji', ',', 'w', 'regionie', 'Burgundia-Franche-Comté', ',', 'w', 'departamencie', 'Doubs', '.']"	[0, 0, 0, 0, 0, 0, 0, 0, 5, 0, 0, 0, 5, 0, 0, 0, 5, 0]	pl	"""Branne"" – miejscowość i gmina we Francji, w regionie Burgundia-Franche-Comté, w departamencie Doubs."
"['""', 'Huszlew', '""', '–', 'gmina', 'wiejska', 'w', 'województwie', 'mazowieckim', ',', 'w', 'powiecie', 'łosickim', '.']"	[0, 5, 0, 0, 0, 0, 0, 0, 0, 0, 0, 0, 0, 0]	pl	"""Huszlew"" – gmina wiejska w województwie mazowieckim, w powiecie łosickim."
['W', 'latach', '1992', '–', '1994', 'oraz', '1999', '–', '2001', 'był', 'głównym', 'trenerem', 'swojej', 'byłej', 'drużyny', '-', 'Denver', 'Nuggets', '.']	[0, 0, 0, 0, 0, 0, 0, 0, 0, 0, 0, 0, 0, 0, 0, 0, 3, 4, 0]	pl	W latach 1992 – 1994 oraz 1999 – 2001 był głównym trenerem swojej byłej drużyny - Denver Nuggets.
['Wulkan', 'na', 'wyspie', 'Savaiʻi', 'jest', 'czynny', '.']	[0, 0, 0, 5, 0, 0, 0]	pl	Wulkan na wyspie Savaiʻi jest czynny.
"['W', '1933', 'zwrócił', 'na', 'siebie', 'uwagę', 'krytyków', 'występami', 'w', 'komediach', 'romantycznych', '""', 'Lady', 'Lou', '""', '(', 'reż', '.']"	[0, 0, 0, 0, 0, 0, 0, 0, 0, 0, 0, 0, 7, 8, 0, 0, 0, 0]	pl	"W 1933 zwrócił na siebie uwagę krytyków występami w komediach romantycznych ""Lady Lou"" (reż."
['10', 'lipca', '2016', 'podpisał', 'umowę', 'z', 'Miami', 'Heat', '.']	[0, 0, 0, 0, 0, 0, 3, 4, 0]	pl	10 lipca 2016 podpisał umowę z Miami Heat.
['Wspólnicy', 'byli', 'zmuszeni', 'do', 'zmiany', 'nazwy', 'oraz', 'loga', 'wytwórni', ',', 'ponieważ', 'firma', 'Rolex', 'wygrała', 'złożony', 'pozew', 'zawierający', 'roszczenia', '.']	[0, 0, 0, 0, 0, 0, 0, 0, 0, 0, 0, 0, 3, 0, 0, 0, 0, 0, 0]	pl	Wspólnicy byli zmuszeni do zmiany nazwy oraz loga wytwórni, ponieważ firma Rolex wygrała złożony pozew zawierający roszczenia.
['Styl', 'tańca', ',', 'który', 'powstał', 'około', '1900', 'w', 'Montevideo', 'i', 'Buenos', 'Aires', 'nosi', 'nazwę', 'tango', 'argentyńskie', '.']	[0, 0, 0, 0, 0, 0, 0, 0, 5, 0, 5, 6, 0, 0, 0, 0, 0]	pl	Styl tańca, który powstał około 1900 w Montevideo i Buenos Aires nosi nazwę tango argentyńskie.
['Zawodnik', 'klubu', 'Hannover', '96', '.']	[0, 0, 3, 4, 0]	pl	Zawodnik klubu Hannover 96.
['Po', 'spędzeniu', 'czterech', 'sezonów', 'w', 'Los', 'Angeles', 'został', 'wolnym', 'graczem', 'i', 'podpisał', 'kontrakt', 'z', 'Phoenix', 'Suns', '.']	[0, 0, 0, 0, 0, 5, 6, 0, 0, 0, 0, 0, 0, 0, 3, 4, 0]	pl	Po spędzeniu czterech sezonów w Los Angeles został wolnym graczem i podpisał kontrakt z Phoenix Suns.
['Płytę', 'promował', 'singiel', '„', 'Good', 'Dog', ',', 'Bad', 'Dog', '”', '.']	[0, 0, 0, 0, 7, 8, 8, 8, 8, 0, 0]	pl	Płytę promował singiel „Good Dog, Bad Dog ”.
['Jest', 'przyznawany', 'osobom', 'świeckim', ',', 'niekoniecznie', 'katolikom', '(', 'a', 'nawet', 'niechrześcijanom', ',', 'jak', 'np.', 'żydowski', 'rabin', 'Arthur', 'Schneier', ')', ',', 'aktywnym', 'w', 'dziele', 'apostolskim', ',', 'za', 'wybitne', 'zasługi', 'w', 'pracy', 'zawodowej', 'lub', 'wybitne', 'osiągnięcia', 'w', 'różnych', 'dziedzinach', 'sztuki', '.']	[0, 0, 0, 0, 0, 0, 0, 0, 0, 0, 0, 0, 0, 0, 0, 0, 1, 2, 0, 0, 0, 0, 0, 0, 0, 0, 0, 0, 0, 0, 0, 0, 0, 0, 0, 0, 0, 0, 0]	pl	Jest przyznawany osobom świeckim, niekoniecznie katolikom (a nawet niechrześcijanom, jak np. żydowski rabin Arthur Schneier), aktywnym w dziele apostolskim, za wybitne zasługi w pracy zawodowej lub wybitne osiągnięcia w różnych dziedzinach sztuki.
['W', '2006', 'ponownie', 'przystąpił', 'do', 'draftu', ',', 'w', 'którym', 'został', 'wybrany', 'w', 'pierwszej', 'rundzie', 'z', 'numerem', 'jedenastym', 'przez', 'Arizona', 'Diamondbacks', '.']	[0, 0, 0, 0, 0, 0, 0, 0, 0, 0, 0, 0, 0, 0, 0, 0, 0, 0, 3, 4, 0]	pl	W 2006 ponownie przystąpił do draftu, w którym został wybrany w pierwszej rundzie z numerem jedenastym przez Arizona Diamondbacks.
['Zreformował', 'Akty', 'Nawigacyjne', ',', 'nadając', 'większe', 'prawa', 'statkom', 'obcych', 'bander', '.']	[0, 7, 8, 0, 0, 0, 0, 0, 0, 0, 0]	pl	Zreformował Akty Nawigacyjne, nadając większe prawa statkom obcych bander.
['Od', 'momentu', 'przyjazdu', 'do', 'Anglii', 'starała', 'się', 'o', 'przyjęcie', 'do', 'Air', 'Transport', 'Auxiliary', ',', 'jednak', 'ze', 'względu', 'na', 'młody', 'wiek', 'uzyskiwała', 'odmowne', 'odpowiedzi', '.']	[0, 0, 0, 0, 5, 0, 0, 0, 0, 0, 3, 4, 4, 0, 0, 0, 0, 0, 0, 0, 0, 0, 0, 0]	pl	Od momentu przyjazdu do Anglii starała się o przyjęcie do Air Transport Auxiliary, jednak ze względu na młody wiek uzyskiwała odmowne odpowiedzi.
"['Ta', 'wersja', 'pojawiła', 'się', 'w', '2009', 'roku', 'wraz', 'z', 'grą', '""', 'Battlefield', '1943', '""', '.']"	[0, 0, 0, 0, 0, 0, 0, 0, 0, 0, 0, 7, 8, 0, 0]	pl	"Ta wersja pojawiła się w 2009 roku wraz z grą ""Battlefield 1943""."
['–', 'Bronisław', 'Kaminski', '.']	[0, 1, 2, 0]	pl	– Bronisław Kaminski.
['Przykładem', 'może', 'być', 'tutaj', 'sonda', 'WMAP', ',', 'która', 'obserwuje', 'niejednorodności', 'promieniowania', 'tła', '.']	[0, 0, 0, 0, 0, 7, 0, 0, 0, 0, 0, 0, 0]	pl	Przykładem może być tutaj sonda WMAP, która obserwuje niejednorodności promieniowania tła.
"['""', 'Thiancourt', '""', '–', 'miejscowość', 'i', 'gmina', 'we', 'Francji', ',', 'w', 'regionie', 'Burgundia-Franche-Comté', ',', 'w', 'departamencie', 'Territoire-de-Belfort', '.']"	[0, 0, 0, 0, 0, 0, 0, 0, 5, 0, 0, 0, 5, 0, 0, 0, 5, 0]	pl	"""Thiancourt"" – miejscowość i gmina we Francji, w regionie Burgundia-Franche-Comté, w departamencie Territoire-de-Belfort."
['W', 'grudniu', '1990', 'jako', 'wolny', 'agent', 'podpisał', 'kontrakt', 'z', 'Atlanta', 'Braves', '.']	[0, 0, 0, 0, 0, 0, 0, 0, 0, 3, 4, 0]	pl	W grudniu 1990 jako wolny agent podpisał kontrakt z Atlanta Braves.
['Obecnie', 'gra', 'w', 'Toronto', 'FC', '.']	[0, 0, 0, 3, 4, 0]	pl	Obecnie gra w Toronto FC.
['Przepływa', 'przez', 'miasto', 'Bayreuth', ',', 'potem', 'przez', 'Heinersreuth', 'i', 'Neudrossenfeld', '.']	[0, 0, 0, 5, 0, 0, 0, 5, 0, 5, 0]	pl	Przepływa przez miasto Bayreuth, potem przez Heinersreuth i Neudrossenfeld.
['Jego', 'następcą', 'został', 'jego', 'kuzyn', ',', 'Karol', 'Otyły', '.']	[0, 0, 0, 0, 0, 0, 1, 2, 0]	pl	Jego następcą został jego kuzyn, Karol Otyły.
['Jednakże', 'Iran', 'za', 'każdym', 'razem', 'zaprzeczał', 'wszelkim', 'oskarżeniom', '.']	[0, 5, 0, 0, 0, 0, 0, 0, 0]	pl	Jednakże Iran za każdym razem zaprzeczał wszelkim oskarżeniom.
['Najdłuższą', 'rzeką', 'na', 'obszarach', 'bezodpływowych', 'jest', 'Tarym', '.']	[0, 0, 0, 0, 0, 0, 5, 0]	pl	Najdłuższą rzeką na obszarach bezodpływowych jest Tarym.
['25', 'czerwca', '1976', 'w', 'Hollywood', ')', '–', 'amerykański', 'autor', 'tekstów', ',', 'piosenkarz', 'i', 'kompozytor', '.']	[0, 0, 0, 0, 5, 0, 0, 0, 0, 0, 0, 0, 0, 0, 0]	pl	25 czerwca 1976 w Hollywood) – amerykański autor tekstów, piosenkarz i kompozytor.
['W', '1988', 'ponownie', 'wydane', 'zostało', 'zezwolenie', 'na', 'przyjmowanie', 'do', 'wspólnoty', 'młodych', 'posłuszników', 'a', 'niekanonicznymi', 'prawosławnymi', 'Kościołami', 'narodowymi', '(', 'Ukraiński', 'Autokefaliczny', 'Kościół', 'Prawosławny', 'i', 'Ukraiński', 'Kościół', 'Prawosławny', 'Patriarchatu', 'Kijowskiego', ')', '.']	[0, 0, 0, 0, 0, 0, 0, 0, 0, 0, 0, 0, 0, 0, 0, 0, 0, 0, 3, 4, 4, 4, 0, 3, 4, 4, 4, 4, 0, 0]	pl	W 1988 ponownie wydane zostało zezwolenie na przyjmowanie do wspólnoty młodych posłuszników a niekanonicznymi prawosławnymi Kościołami narodowymi (Ukraiński Autokefaliczny Kościół Prawosławny i Ukraiński Kościół Prawosławny Patriarchatu Kijowskiego).
['10', 'kwietnia', 'rozegrano', 'strzelanie', 'z', 'pistoletu', 'wojskowego', 'z', '25', 'metrów', ',', 'w', 'którym', 'zdecydowanie', 'najlepsi', 'okazali', 'się', 'amerykańscy', 'bracia', 'John', 'i', 'Sumner', 'Paine', '.']	[0, 0, 0, 0, 0, 0, 0, 0, 0, 0, 0, 0, 0, 0, 0, 0, 0, 0, 0, 1, 0, 1, 2, 0]	pl	10 kwietnia rozegrano strzelanie z pistoletu wojskowego z 25 metrów, w którym zdecydowanie najlepsi okazali się amerykańscy bracia John i Sumner Paine.
"['""', 'Briffons', '""', '–', 'miejscowość', 'i', 'gmina', 'we', 'Francji', ',', 'w', 'regionie', 'Owernia-Rodan-Alpy', ',', 'w', 'departamencie', 'Puy-de-Dôme', '.']"	[0, 0, 0, 0, 0, 0, 0, 0, 5, 0, 0, 0, 5, 0, 0, 0, 5, 0]	pl	"""Briffons"" – miejscowość i gmina we Francji, w regionie Owernia-Rodan-Alpy, w departamencie Puy-de-Dôme."
['W', 'Termez', 'wieje', 'przez', '40', 'do', '70', 'dni', 'w', 'roku', '.']	[0, 5, 0, 0, 0, 0, 0, 0, 0, 0, 0]	pl	W Termez wieje przez 40 do 70 dni w roku.
['Tym', 'tunelem', 'podczas', 'akcji', 'wysiedleńczych', 'do', 'getta', 'miał', 'dostać', 'się', 'Jan', 'Karski', '.']	[0, 0, 0, 0, 0, 0, 0, 0, 0, 0, 1, 2, 0]	pl	Tym tunelem podczas akcji wysiedleńczych do getta miał dostać się Jan Karski.
['Napster', 'wymagał', 'serwerów', 'centralnych', ',', 'był', 'jednak', 'dość', 'dobrze', 'skalowalny', 'i', 'umożliwiał', 'każdemu', 'nie', 'tylko', 'ściąganie', 'plików', ',', 'ale', 'również', 'udostępnianie', 'ich', '.']	[7, 0, 0, 0, 0, 0, 0, 0, 0, 0, 0, 0, 0, 0, 0, 0, 0, 0, 0, 0, 0, 0, 0]	pl	Napster wymagał serwerów centralnych, był jednak dość dobrze skalowalny i umożliwiał każdemu nie tylko ściąganie plików, ale również udostępnianie ich.
"['""', 'Dublińczycy', '""', 'stali', 'się', 'mistrzowską', 'pozycją', 'w', 'gatunku', 'opowiadań', '.']"	[0, 7, 0, 0, 0, 0, 0, 0, 0, 0, 0]	pl	"""Dublińczycy"" stali się mistrzowską pozycją w gatunku opowiadań."
['Tam', 'od', 'razu', 'zwerbował', 'go', 'zespół', 'New', 'Zealand', 'Knights', 'FC', ',', 'pierwsza', 'nowozelandzka', 'drużyna', ',', 'która', 'grała', 'w', 'lidze', 'Australii', '.']	[0, 0, 0, 0, 0, 0, 3, 4, 4, 4, 0, 0, 0, 0, 0, 0, 0, 0, 0, 5, 0]	pl	Tam od razu zwerbował go zespół New Zealand Knights FC, pierwsza nowozelandzka drużyna, która grała w lidze Australii.
['Album', 'został', 'wydany', 'w', 'przedsprzedaży', 'na', 'iTunes', 'Store', 'dnia', '10', 'września', '2015', 'roku', '.']	[0, 0, 0, 0, 0, 0, 7, 8, 0, 0, 0, 0, 0, 0]	pl	Album został wydany w przedsprzedaży na iTunes Store dnia 10 września 2015 roku.
['15', 'lutego', '1964', 'w', 'Madison', ',', 'zm', '.']	[0, 0, 0, 0, 5, 0, 0, 0]	pl	15 lutego 1964 w Madison, zm.
['Od', 'lipca', '2019', 'zawodnik', 'hiszpańskiego', 'zespołu', 'Granada', 'CF', '.']	[0, 0, 0, 0, 0, 0, 3, 4, 0]	pl	Od lipca 2019 zawodnik hiszpańskiego zespołu Granada CF.
['W', 'związku', 'z', 'tym', 'wiele', 'języków', 'programowania', '(', 'np.', 'Java', ',', 'Python', ')', 'wprowadza', 'tzw', '.']	[0, 0, 0, 0, 0, 0, 0, 0, 0, 7, 0, 7, 0, 0, 0, 0]	pl	W związku z tym wiele języków programowania (np. Java, Python) wprowadza tzw.
['Typowym', 'przykładem', 'neku', 'jest', 'Hvannadalshnúkur', '.']	[0, 0, 0, 0, 5, 0]	pl	Typowym przykładem neku jest Hvannadalshnúkur.
['Vicky', 'z', 'Delhi', '.']	[0, 0, 5, 0]	pl	Vicky z Delhi.
['Główne', 'role', 'zagrali', 'Jane', 'Fonda', 'i', 'Michael', 'Caine', '.']	[0, 0, 0, 1, 2, 0, 1, 2, 0]	pl	Główne role zagrali Jane Fonda i Michael Caine.
['W', '1836', 'Christian', 'Thomsen', 'wprowadził', 'do', 'nauki', 'system', 'trzech', 'epok', ':', 'kamienia', ',', 'brązu', 'i', 'żelaza', ',', 'który', 'stał', 'się', 'podstawowym', 'systemem', 'chronologicznym', 'w', 'archeologii', '.']	[0, 0, 1, 2, 0, 0, 0, 0, 0, 0, 0, 0, 0, 0, 0, 0, 0, 0, 0, 0, 0, 0, 0, 0, 0, 0]	pl	W 1836 Christian Thomsen wprowadził do nauki system trzech epok: kamienia, brązu i żelaza, który stał się podstawowym systemem chronologicznym w archeologii.
['W', '1932', ',', 'w', 'wieku', 'piętnastu', 'lat', 'wstąpił', 'do', 'żydowskiej', 'organizacji', 'paramilitarnej', 'Hagana', '.']	[0, 0, 0, 0, 0, 0, 0, 0, 0, 0, 0, 0, 3, 0]	pl	W 1932, w wieku piętnastu lat wstąpił do żydowskiej organizacji paramilitarnej Hagana.
['Początkowo', 'miał', 'być', 'kierowcą', 'zespołu', 'ByKolles', 'rywalizującego', 'w', 'World', 'Endurance', 'Championship', 'w', 'klasie', 'LMP1', '.']	[0, 0, 0, 0, 0, 3, 0, 0, 7, 8, 8, 0, 0, 0, 0]	pl	Początkowo miał być kierowcą zespołu ByKolles rywalizującego w World Endurance Championship w klasie LMP1.
['Utwór', 'ten', 'przedstawili', 'DTH', 'niemieckiej', 'publiczności', 'podczas', 'nielegalnego', 'koncertu', ',', 'zorganizowanego', 'w', 'Ahaus', ',', 'przeciwko', 'transportom', 'odpadów', 'radioaktywnych', '.']	[0, 0, 0, 0, 0, 0, 0, 0, 0, 0, 0, 0, 5, 0, 0, 0, 0, 0, 0]	pl	Utwór ten przedstawili DTH niemieckiej publiczności podczas nielegalnego koncertu, zorganizowanego w Ahaus, przeciwko transportom odpadów radioaktywnych.
['-', 'dzielnica', 'kanadyjskiego', 'miasta', 'Toronto', ',', 'będąca', 'jedną', 'z', 'dzielnic', 'mniejszości', 'narodowych', ',', 'zamieszkana', 'głównie', 'przez', 'Polonię', '.']	[0, 0, 0, 0, 5, 0, 0, 0, 0, 0, 0, 0, 0, 0, 0, 0, 3, 0]	pl	- dzielnica kanadyjskiego miasta Toronto, będąca jedną z dzielnic mniejszości narodowych, zamieszkana głównie przez Polonię.
"['""', 'Lucy-le-Bois', '""', '–', 'miejscowość', 'i', 'gmina', 'we', 'Francji', ',', 'w', 'regionie', 'Burgundia-Franche-Comté', ',', 'w', 'departamencie', 'Yonne', '.']"	[0, 0, 0, 0, 0, 0, 0, 0, 5, 0, 0, 0, 5, 0, 0, 0, 5, 0]	pl	"""Lucy-le-Bois"" – miejscowość i gmina we Francji, w regionie Burgundia-Franche-Comté, w departamencie Yonne."
"['""', 'Achy', '""', '–', 'miejscowość', 'i', 'gmina', 'we', 'Francji', ',', 'w', 'regionie', 'Hauts-de-France', ',', 'w', 'departamencie', 'Oise', '.']"	[0, 0, 0, 0, 0, 0, 0, 0, 5, 0, 0, 0, 5, 0, 0, 0, 5, 0]	pl	"""Achy"" – miejscowość i gmina we Francji, w regionie Hauts-de-France, w departamencie Oise."
['p.n.e.', ',', 'kanclerz', 'na', 'dworze', 'drugiego', 'cesarza', ',', 'Qin', 'Er', 'Shi', '.']	[0, 0, 0, 0, 0, 0, 0, 0, 1, 2, 2, 0]	pl	p.n.e., kanclerz na dworze drugiego cesarza, Qin Er Shi.
['Miała', 'miejsce', 'pryszczyca', ',', 'chłodne', 'zimy', 'oraz', 'II', 'wojna', 'światowa', '.']	[0, 0, 0, 0, 0, 0, 0, 7, 8, 8, 0]	pl	Miała miejsce pryszczyca, chłodne zimy oraz II wojna światowa.
"['""', 'Flower', '""', 'został', 'zapowiedziany', 'w', '2007', 'roku', 'na', 'Tokyo', 'Game', 'Show', ',', 'a', 'premierę', 'miał', 'w', '2009', 'roku', 'na', 'konsoli', 'PlayStation', '3', 'poprzez', 'PlayStation', 'Network', '.']"	[0, 7, 0, 0, 0, 0, 0, 0, 0, 7, 8, 8, 0, 0, 0, 0, 0, 0, 0, 0, 0, 7, 8, 0, 7, 8, 0]	pl	"""Flower"" został zapowiedziany w 2007 roku na Tokyo Game Show, a premierę miał w 2009 roku na konsoli PlayStation 3 poprzez PlayStation Network."
['Od', 'grudnia', '1917', 'pracował', 'w', 'aparacie', 'NKWD', '.']	[0, 0, 0, 0, 0, 0, 3, 0]	pl	Od grudnia 1917 pracował w aparacie NKWD.
['W', 'czasie', 'służby', 'w', 'Auschwitz-Birkenau', 'własnoręcznie', 'podpisała', 'rozkazy', 'posyłające', 'na', 'śmierć', 'w', 'komorach', 'gazowych', 'około', '500', 'tysięcy', 'kobiet', 'i', 'dzieci', ':', 'Żydów', ',', 'Cyganów', ',', 'Polaków', 'oraz', 'więźniów', 'politycznych', 'wielu', 'narodowości', '.']	[0, 0, 0, 0, 5, 0, 0, 0, 0, 0, 0, 0, 0, 0, 0, 0, 0, 0, 0, 0, 0, 7, 0, 5, 0, 5, 0, 0, 0, 0, 0, 0]	pl	W czasie służby w Auschwitz-Birkenau własnoręcznie podpisała rozkazy posyłające na śmierć w komorach gazowych około 500 tysięcy kobiet i dzieci: Żydów, Cyganów, Polaków oraz więźniów politycznych wielu narodowości.
['Amerykańskie', 'Towarzystwo', 'Psychologiczne', 'pod', 'wpływem', 'fali', 'krytyki', 'i', 'oburzenia', 'wydało', 'oświadczenie', ',', 'że', 'wykorzystywanie', 'seksualne', 'dzieci', 'jest', 'zawsze', 'szkodliwe', 'i', 'nieakceptowalne', '.']	[3, 4, 4, 0, 0, 0, 0, 0, 0, 0, 0, 0, 0, 0, 0, 0, 0, 0, 0, 0, 0, 0]	pl	Amerykańskie Towarzystwo Psychologiczne pod wpływem fali krytyki i oburzenia wydało oświadczenie, że wykorzystywanie seksualne dzieci jest zawsze szkodliwe i nieakceptowalne.
['W', 'latach', '2000', '–', '2008', 'był', 'związany', 'z', 'modelką', 'Angie', 'Everhart', '.']	[0, 0, 0, 0, 0, 0, 0, 0, 0, 1, 2, 0]	pl	W latach 2000 – 2008 był związany z modelką Angie Everhart.
['Tam', 'nawiązał', 'kontakt', 'ze', 'znaczącymi', 'artystami', 'jak', 'Pablo', 'Picasso', 'i', 'Constantin', 'Brâncuși', '.']	[0, 0, 0, 0, 0, 0, 0, 1, 2, 0, 1, 2, 0]	pl	Tam nawiązał kontakt ze znaczącymi artystami jak Pablo Picasso i Constantin Brâncuși.
['W', 'lipcu', '2009', 'nowym', 'wokalistą', 'zespołu', 'został', 'Tomasz', 'Kłaptocz', 'współtwórca', 'i', 'wokalista', 'grupy', 'Akurat', '.']	[0, 0, 0, 0, 0, 0, 0, 1, 2, 0, 0, 0, 0, 3, 0]	pl	W lipcu 2009 nowym wokalistą zespołu został Tomasz Kłaptocz współtwórca i wokalista grupy Akurat.
['Jego', 'młodszy', 'brat', 'Marc', 'jest', 'koszykarzem', 'Toronto', 'Raptors', '.']	[0, 0, 0, 1, 0, 0, 3, 4, 0]	pl	Jego młodszy brat Marc jest koszykarzem Toronto Raptors.
['W', 'niewielkiej', 'odległości', 'znajduje', 'się', 'Jezioro', 'Rożnowskie', '.']	[0, 0, 0, 0, 0, 5, 6, 0]	pl	W niewielkiej odległości znajduje się Jezioro Rożnowskie.
['Od', '2016', 'występujący', 'w', 'klubie', 'Deportivo', 'Cali', '.']	[0, 0, 0, 0, 0, 3, 4, 0]	pl	Od 2016 występujący w klubie Deportivo Cali.
['Potem', 'wypożyczony', 'do', 'klubu', 'Krystał', 'Czortków', '.']	[0, 0, 0, 0, 3, 4, 0]	pl	Potem wypożyczony do klubu Krystał Czortków.
['Po', 'raz', 'pierwszy', 'poparcie', 'dla', 'tego', 'standardu', 'wyraził', 'Intel', ',', 'który', 'wdrożył', 'jego', 'obsługę', 'w', 'płytach', 'głównych', 'z', 'chipsetami', 'H97', 'i', 'Z97', ',', 'przeznaczonych', 'dla', '4', '.']	[0, 0, 0, 0, 0, 0, 0, 0, 3, 0, 0, 0, 0, 0, 0, 0, 0, 0, 0, 0, 0, 0, 0, 0, 0, 0, 0]	pl	Po raz pierwszy poparcie dla tego standardu wyraził Intel, który wdrożył jego obsługę w płytach głównych z chipsetami H97 i Z97, przeznaczonych dla 4.
['draftu', '2015', 'przez', 'Los', 'Angeles', 'Lakers', '.']	[0, 0, 0, 3, 4, 4, 0]	pl	draftu 2015 przez Los Angeles Lakers.
"['Po', 'nagraniu', 'przez', 'As', 'I', 'Lay', 'Dying', 'albumu', '""', 'An', 'Ocean', 'Between', 'Us', '""', ',', 'muzyk', 'postanowił', 'w', 'wolnych', 'chwilach', 'komponować', 'na', 'rzecz', 'swojego', 'całkowicie', 'autorskiego', 'projektu', 'w', 'stylistyce', 'thrash', 'metalowej', 'pod', 'nazwą', 'Austrian', 'Death', 'Machine', ',', 'który', 'istnieje', 'od', '2008', '.']"	[0, 0, 0, 3, 4, 4, 4, 0, 0, 7, 8, 8, 8, 0, 0, 0, 0, 0, 0, 0, 0, 0, 0, 0, 0, 0, 0, 0, 0, 0, 0, 0, 0, 3, 4, 4, 0, 0, 0, 0, 0, 0]	pl	"Po nagraniu przez As I Lay Dying albumu ""An Ocean Between Us"", muzyk postanowił w wolnych chwilach komponować na rzecz swojego całkowicie autorskiego projektu w stylistyce thrash metalowej pod nazwą Austrian Death Machine, który istnieje od 2008."
['Stanisław', 'Szeptycki', '.']	[1, 2, 0]	pl	Stanisław Szeptycki.
['15', 'listopada', '1940', 'roku', 'w', 'Cambridge', ',', 'w', 'stanie', 'Massachusetts', ')', '-', 'amerykański', 'aktor', ',', 'reżyser', ',', 'producent', 'filmowy', 'i', 'telewizyjny', 'szkockiego', 'pochodzenia', '.']	[0, 0, 0, 0, 0, 5, 0, 0, 0, 5, 0, 0, 0, 0, 0, 0, 0, 0, 0, 0, 0, 0, 0, 0]	pl	15 listopada 1940 roku w Cambridge, w stanie Massachusetts) - amerykański aktor, reżyser, producent filmowy i telewizyjny szkockiego pochodzenia.
"['""', 'Biella', '""', '–', 'miasto', 'i', 'gmina', 'we', 'Włoszech', ',', 'w', 'regionie', 'Piemont', ',', 'w', 'prowincji', 'Biella', '.']"	[0, 5, 0, 0, 0, 0, 0, 0, 5, 0, 0, 0, 5, 0, 0, 0, 5, 0]	pl	"""Biella"" – miasto i gmina we Włoszech, w regionie Piemont, w prowincji Biella."
['25', 'grudnia', '1987', 'w', 'Kawadarci', ')', '–', 'macedoński', 'piłkarz', 'występujący', 'na', 'pozycji', 'obrońcy', ',', 'reprezentant', 'kraju', '.']	[0, 0, 0, 0, 5, 0, 0, 0, 0, 0, 0, 0, 0, 0, 0, 0, 0]	pl	25 grudnia 1987 w Kawadarci) – macedoński piłkarz występujący na pozycji obrońcy, reprezentant kraju.
"['""', 'Bunifaziu', '""', ')', '–', 'miejscowość', 'i', 'gmina', 'we', 'Francji', ',', 'w', 'regionie', 'Korsyka', ',', 'w', 'departamencie', 'Korsyka', 'Południowa', '.']"	[0, 0, 0, 0, 0, 0, 0, 0, 0, 5, 0, 0, 0, 5, 0, 0, 0, 5, 6, 0]	pl	"""Bunifaziu"") – miejscowość i gmina we Francji, w regionie Korsyka, w departamencie Korsyka Południowa."
['Jan', 'Mikrut', 'i', 'o', '.']	[1, 2, 0, 0, 0]	pl	Jan Mikrut i o.
['Alagnon', 'przepływa', 'przez', 'departamenty', 'Cantal', ',', 'Górna', 'Loara', 'oraz', 'Puy-de-Dôme', '.']	[0, 0, 0, 0, 5, 0, 5, 6, 0, 5, 0]	pl	Alagnon przepływa przez departamenty Cantal, Górna Loara oraz Puy-de-Dôme.
['występował', 'w', 'zespole', 'Manfred', 'Mann', '.']	[0, 0, 0, 3, 4, 0]	pl	występował w zespole Manfred Mann.
['10', 'sierpnia', 'dołączył', 'do', 'Toronto', 'Raptors', '.']	[0, 0, 0, 0, 3, 4, 0]	pl	10 sierpnia dołączył do Toronto Raptors.
['Na', 'rynek', 'chiński', 'od', 'roku', '2007', 'produkowany', 'jest', 'siostrzany', 'Buick', 'Park', 'Avenue', '.']	[0, 0, 0, 0, 0, 0, 0, 0, 0, 7, 8, 8, 0]	pl	Na rynek chiński od roku 2007 produkowany jest siostrzany Buick Park Avenue.
['Według', 'greckiej', 'mitologii', 'smyczek', 'wynalazła', 'Safona', 'biorąc', 'go', 'z', 'końskiego', 'włosia', '.']	[0, 0, 0, 0, 0, 1, 0, 0, 0, 0, 0, 0]	pl	Według greckiej mitologii smyczek wynalazła Safona biorąc go z końskiego włosia.
['W', 'ZSRR', 'znalazła', 'się', 'parafia', 'Tyrawa', 'Wołoska', ',', 'część', 'parafii', 'Sanok', '(', 'Bykowce', ',', 'Międzybrodzie', ',', 'Olchowce', ',', 'Wujskie', 'i', 'Załuż', ')', '.']	[0, 3, 0, 0, 0, 5, 6, 0, 0, 0, 5, 0, 5, 0, 5, 0, 5, 0, 5, 0, 5, 0, 0]	pl	W ZSRR znalazła się parafia Tyrawa Wołoska, część parafii Sanok (Bykowce, Międzybrodzie, Olchowce, Wujskie i Załuż).
['Od', 'zachodu', 'graniczy', 'ze', 'stanem', 'Piauí', ',', 'od', 'południa', 'ze', 'stanami', 'Bahia', 'i', 'Alagoas', ',', 'od', 'północy', 'ze', 'stanami', 'Paraíba', 'i', 'Ceara', ',', 'wschodnią', 'granicą', 'jest', 'Ocean', 'Atlantycki', '.']	[0, 0, 0, 0, 0, 5, 0, 0, 0, 0, 0, 5, 0, 5, 0, 0, 0, 0, 0, 5, 0, 5, 0, 0, 0, 0, 5, 6, 0]	pl	Od zachodu graniczy ze stanem Piauí, od południa ze stanami Bahia i Alagoas, od północy ze stanami Paraíba i Ceara, wschodnią granicą jest Ocean Atlantycki.
"['Obecnie', 'w', 'budowie', 'jest', 'kolej', 'obwodowa', '""', 'Kehärata', '""', 'o', 'długości', '18', '""', 'km', ',', 'przebiegająca', 'częściowo', 'pod', 'ziemią', 'a', 'mająca', 'połączyć', 'centrum', 'miasta', 'm.in.', 'z', 'Vantaa', 'i', 'portem', 'lotniczym', '.']"	[0, 0, 0, 0, 0, 0, 0, 0, 0, 0, 0, 0, 0, 0, 0, 0, 0, 0, 0, 0, 0, 0, 0, 0, 0, 0, 5, 0, 0, 0, 0]	pl	"Obecnie w budowie jest kolej obwodowa ""Kehärata"" o długości 18 ""km, przebiegająca częściowo pod ziemią a mająca połączyć centrum miasta m.in. z Vantaa i portem lotniczym."
['Joseph', 'Addison', 'uważał', ',', 'że', 'pod', 'względem', 'rzemiosła', 'prześcignął', 'on', 'wszystkich', 'innych', ',', 'największym', 'jego', 'atutem', 'zaś', 'był', 'jego', 'geniusz', '.']	[1, 2, 0, 0, 0, 0, 0, 0, 0, 0, 0, 0, 0, 0, 0, 0, 0, 0, 0, 0, 0]	pl	Joseph Addison uważał, że pod względem rzemiosła prześcignął on wszystkich innych, największym jego atutem zaś był jego geniusz.
['w', 'Sydney', ',', 'w', '2004', 'r', '.']	[0, 5, 0, 0, 0, 0, 0]	pl	w Sydney, w 2004 r.
['Zajęli', 'teren', 'od', 'rzeki', 'Prut', 'aż', 'po', 'Doniec', ',', 'by', 'w', 'VI', 'i', 'V', 'w', '.']	[0, 0, 0, 0, 5, 0, 0, 5, 0, 0, 0, 0, 0, 0, 0, 0]	pl	Zajęli teren od rzeki Prut aż po Doniec, by w VI i V w.
['Zawodnik', 'klubu', 'SV', 'Mattersburg', ',', 'którego', 'jest', 'wychowankiem', 'i', 'do', 'którego', 'powrócił', 'w', '2010', '.']	[0, 0, 3, 4, 0, 0, 0, 0, 0, 0, 0, 0, 0, 0, 0]	pl	Zawodnik klubu SV Mattersburg, którego jest wychowankiem i do którego powrócił w 2010.
['Gościnnie', 'głosu', 'użyczył', 'Dan', 'Swanö', '.']	[0, 0, 0, 1, 2, 0]	pl	Gościnnie głosu użyczył Dan Swanö.
['W', 'Major', 'League', 'Baseball', 'zadebiutował', '18', 'kwietnia', '2012', 'meczu', 'przeciwko', 'Pittsburgh', 'Pirates', '.']	[0, 3, 4, 4, 0, 0, 0, 0, 0, 0, 3, 4, 0]	pl	W Major League Baseball zadebiutował 18 kwietnia 2012 meczu przeciwko Pittsburgh Pirates.
['To', 'swego', 'rodzaju', 'historia', 'alternatywna', ',', 'w', 'której', 'oparty', 'na', 'postaci', 'Jing', 'Ke', 'skrytobójca', 'rezygnuje', 'z', 'zabicia', 'władcy', ',', 'wierząc', ',', 'że', 'wymuszone', 'siłą', 'zjednoczenie', 'przyniesie', 'więcej', 'korzyści', 'niż', 'szkód', '.']	[0, 0, 0, 0, 0, 0, 0, 0, 0, 0, 0, 1, 2, 0, 0, 0, 0, 0, 0, 0, 0, 0, 0, 0, 0, 0, 0, 0, 0, 0, 0]	pl	To swego rodzaju historia alternatywna, w której oparty na postaci Jing Ke skrytobójca rezygnuje z zabicia władcy, wierząc, że wymuszone siłą zjednoczenie przyniesie więcej korzyści niż szkód.
['Najczęściej', 'spotykane', 'są', 'na', 'nizinach', ',', 'ale', 'stwierdzane', 'były', 'do', '1100', 'm', 'n.p.m.', ',', 'na', 'Borneo', 'i', 'Sumatrze', 'lokalnie', 'do', '1600', 'm', 'n.p.m.', 'Prowadzą', 'osiadły', 'tryb', 'życia', ',', 'przeważnie', 'przebywają', 'w', 'parach', 'lub', 'małych', 'grupach', 'rodzinnych', '.']	[0, 0, 0, 0, 0, 0, 0, 0, 0, 0, 0, 0, 0, 0, 0, 5, 0, 5, 0, 0, 0, 0, 0, 0, 0, 0, 0, 0, 0, 0, 0, 0, 0, 0, 0, 0, 0]	pl	Najczęściej spotykane są na nizinach, ale stwierdzane były do 1100 m n.p.m., na Borneo i Sumatrze lokalnie do 1600 m n.p.m. Prowadzą osiadły tryb życia, przeważnie przebywają w parach lub małych grupach rodzinnych.
"['Po', 'raz', 'ostatni', 'ten', 'zwrot', 'pojawił', 'się', 'w', 'muzyce', 'tytułowej', '""', 'Power', 'Rangers', 'Zeo', '""', '.']"	[0, 0, 0, 0, 0, 0, 0, 0, 0, 0, 0, 7, 8, 8, 0, 0]	pl	"Po raz ostatni ten zwrot pojawił się w muzyce tytułowej ""Power Rangers Zeo""."
"['""', 'Graincourt-lès-Havrincourt', '""', '–', 'miejscowość', 'i', 'gmina', 'we', 'Francji', ',', 'w', 'regionie', 'Hauts-de-France', ',', 'w', 'departamencie', 'Pas-de-Calais', '.']"	[0, 0, 0, 0, 0, 0, 0, 0, 5, 0, 0, 0, 5, 0, 0, 0, 5, 0]	pl	"""Graincourt-lès-Havrincourt"" – miejscowość i gmina we Francji, w regionie Hauts-de-France, w departamencie Pas-de-Calais."
"['Według', 'danych', 'na', 'rok', '1990', 'gminę', 'zamieszkiwało', '111', 'osób', ',', 'a', 'gęstość', 'zaludnienia', 'wynosiła', '46', '""', 'osób', '/', 'km', '²', '(', 'wśród', '3020', 'gmin', 'regionu', 'Midi-Pireneje', 'Antist', 'plasuje', 'się', 'na', '952', '.']"	[0, 0, 0, 0, 0, 0, 0, 0, 0, 0, 0, 0, 0, 0, 0, 0, 0, 0, 0, 0, 0, 0, 0, 0, 0, 5, 0, 0, 0, 0, 0, 0]	pl	"Według danych na rok 1990 gminę zamieszkiwało 111 osób, a gęstość zaludnienia wynosiła 46 ""osób / km ² (wśród 3020 gmin regionu Midi-Pireneje Antist plasuje się na 952."
"['""', 'Saint-Didier-d', '’', 'Aussiat', '""', '–', 'miejscowość', 'i', 'gmina', 'we', 'Francji', ',', 'w', 'regionie', 'Owernia-Rodan-Alpy', ',', 'w', 'departamencie', 'Ain', '.']"	[0, 0, 0, 0, 0, 0, 0, 0, 0, 0, 5, 0, 0, 0, 5, 0, 0, 0, 5, 0]	pl	"""Saint-Didier-d ’ Aussiat"" – miejscowość i gmina we Francji, w regionie Owernia-Rodan-Alpy, w departamencie Ain."
"['Właściwym', 'twórcą', 'socjologii', 'religii', 'był', '""', 'Herbert', 'Spencer', '""', ',', 'który', 'zaczął', 'uprawiać', 'ją', 'jako', 'oddzielną', 'subdyscyplinę', 'socjologii', '.']"	[0, 0, 0, 0, 0, 0, 1, 2, 0, 0, 0, 0, 0, 0, 0, 0, 0, 0, 0]	pl	"Właściwym twórcą socjologii religii był ""Herbert Spencer"", który zaczął uprawiać ją jako oddzielną subdyscyplinę socjologii."
['Grover', 'Cleveland', 'wygrał', 'wybory', 'prezydenckie', 'dwa', 'razy', ',', 'w', '1884', 'i', '1892', 'roku', '.']	[1, 2, 0, 0, 0, 0, 0, 0, 0, 0, 0, 0, 0, 0]	pl	Grover Cleveland wygrał wybory prezydenckie dwa razy, w 1884 i 1892 roku.
"['""', 'Gez-ez-Angles', '""', '–', 'miejscowość', 'i', 'gmina', 'we', 'Francji', ',', 'w', 'regionie', 'Oksytania', ',', 'w', 'departamencie', 'Pireneje', 'Wysokie', '.']"	[0, 0, 0, 0, 0, 0, 0, 0, 5, 0, 0, 0, 5, 0, 0, 0, 5, 6, 0]	pl	"""Gez-ez-Angles"" – miejscowość i gmina we Francji, w regionie Oksytania, w departamencie Pireneje Wysokie."
['31', 'sierpnia', '2011', 'opuścił', 'bursztyński', 'klub', ',', 'a', 'w', 'październiku', '2011', 'podpisał', 'nowy', 'kontrakt', 'z', 'FK', 'Lwów', '.']	[0, 0, 0, 0, 0, 0, 0, 0, 0, 0, 0, 0, 0, 0, 0, 3, 4, 0]	pl	31 sierpnia 2011 opuścił bursztyński klub, a w październiku 2011 podpisał nowy kontrakt z FK Lwów.
['W', '2005', 'roku', 'Than', 'Shwe', 'przeniósł', 'stolicę', 'kraju', 'do', 'nowo', 'wybudowanego', 'Naypyidaw', '.']	[0, 0, 0, 1, 2, 0, 0, 0, 0, 0, 0, 5, 0]	pl	W 2005 roku Than Shwe przeniósł stolicę kraju do nowo wybudowanego Naypyidaw.
['Na', 'niektórych', 'obrazach', 'stojący', 'przed', 'Poncjuszem', 'Piłatem', 'Jezus', 'Chrystus', 'w', 'ręce', 'trzyma', 'kwiatostan', 'pałki', '.']	[0, 0, 0, 0, 0, 0, 0, 1, 2, 0, 0, 0, 0, 0, 0]	pl	Na niektórych obrazach stojący przed Poncjuszem Piłatem Jezus Chrystus w ręce trzyma kwiatostan pałki.
['W', 'odpowiedzi', 'Sztokholm', 'zlecił', 'Rickertowi', 'interwencję', 'dyplomatyczną', '.']	[0, 0, 5, 0, 0, 0, 0, 0]	pl	W odpowiedzi Sztokholm zlecił Rickertowi interwencję dyplomatyczną.
['W', 'drodze', 'powrotnej', 'stan', 'jego', 'zdrowie', 'znacznie', 'się', 'pogorszył', 'i', '26', 'lipca', 'trafił', 'do', 'szpitala', 'w', 'Vancouver', '.']	[0, 0, 0, 0, 0, 0, 0, 0, 0, 0, 0, 0, 0, 0, 0, 0, 5, 0]	pl	W drodze powrotnej stan jego zdrowie znacznie się pogorszył i 26 lipca trafił do szpitala w Vancouver.
['11', 'listopada', '1973', 'izraelscy', 'i', 'egipscy', 'dowódcy', 'wojskowi', 'podpisali', 'porozumienie', 'na', '101', 'kilometrze', 'szosy', 'Kair', '–', 'Suez', '(', 'w', 'Egipcie', ')', '.']	[0, 0, 0, 0, 0, 0, 0, 0, 0, 0, 0, 0, 0, 0, 5, 0, 5, 0, 0, 5, 0, 0]	pl	11 listopada 1973 izraelscy i egipscy dowódcy wojskowi podpisali porozumienie na 101 kilometrze szosy Kair – Suez (w Egipcie).
"['Leży', '7', '""', 'km', 'na', 'północny', 'zachód', 'od', 'miasta', 'Shrewsbury', 'i', '231', '""', 'km', 'na', 'północny', 'zachód', 'od', 'Londynu', '.']"	[0, 0, 0, 0, 0, 0, 0, 0, 0, 5, 0, 0, 0, 0, 0, 0, 0, 0, 5, 0]	pl	"Leży 7 ""km na północny zachód od miasta Shrewsbury i 231"" km na północny zachód od Londynu."
['Przeciwnikiem', 'była', 'czarnogórska', 'FK', 'Zeta', ',', 'którą', 'Rangers', 'dwukrotnie', 'pokonali', '.']	[0, 0, 0, 3, 4, 0, 0, 3, 0, 0, 0]	pl	Przeciwnikiem była czarnogórska FK Zeta, którą Rangers dwukrotnie pokonali.
['Wyrok', 'wykonano', 'w', 'grudniu', 'tego', 'roku', 'w', 'więzieniu', 'w', 'Hameln', '.']	[0, 0, 0, 0, 0, 0, 0, 0, 0, 5, 0]	pl	Wyrok wykonano w grudniu tego roku w więzieniu w Hameln.
['w', 'takich', 'krajach', 'jak', 'Burkina', 'Faso', ',', 'Gambia', ',', 'Gwinea', ',', 'Mali', 'i', 'Senegal', '.']	[0, 0, 0, 0, 5, 6, 0, 5, 0, 5, 0, 5, 0, 5, 0]	pl	w takich krajach jak Burkina Faso, Gambia, Gwinea, Mali i Senegal.
['W', 'dniach', '27', '–', '28', 'maja', 'prawie', 'bez', 'walki', 'zajęto', 'położone', 'w', 'tym', 'rejonie', 'wsie', 'arabskie', 'Bajt', 'Dżiz', 'i', 'Bajt', 'Susin', '.']	[0, 0, 0, 0, 0, 0, 0, 0, 0, 0, 0, 0, 0, 0, 0, 0, 5, 6, 0, 5, 6, 0]	pl	W dniach 27 – 28 maja prawie bez walki zajęto położone w tym rejonie wsie arabskie Bajt Dżiz i Bajt Susin.
['Nadrenia', 'Północna-Westfalia', ')', ',', 'zm', '.']	[5, 6, 0, 0, 0, 0]	pl	Nadrenia Północna-Westfalia), zm.
['Zrehabilitowała', 'się', 'jednak', 'następnego', 'dnia', 'i', 'pokonała', 'nastoletnią', 'Tamaryn', 'Hendler', ',', 'mimo', 'że', 'przegrywała', 'już', '4:6', ',', '0:4', '.']	[0, 0, 0, 0, 0, 0, 0, 0, 1, 2, 0, 0, 0, 0, 0, 0, 0, 0, 0]	pl	Zrehabilitowała się jednak następnego dnia i pokonała nastoletnią Tamaryn Hendler, mimo że przegrywała już 4:6, 0:4.
['Starania', 'biskupów', 'aragońskich', 'doprowadziły', 'jednak', 'do', 'przyłączenia', 'wszystkich', 'parafii', 'leżących', 'w', 'Aragonii', 'do', 'diecezji', 'Saragossa', 'i', 'Barbastro-Monzón', ',', 'zwykle', 'przy', 'sprzeciwie', 'wiernych', '.']	[0, 0, 0, 0, 0, 0, 0, 0, 0, 0, 0, 5, 0, 0, 5, 0, 5, 0, 0, 0, 0, 0, 0]	pl	Starania biskupów aragońskich doprowadziły jednak do przyłączenia wszystkich parafii leżących w Aragonii do diecezji Saragossa i Barbastro-Monzón, zwykle przy sprzeciwie wiernych.
['Z', 'wykształcenia', 'lekarz', 'onkolog', ',', 'pełnił', 'm.in.', 'funkcję', 'burmistrza', 'Montevideo', 'w', 'latach', '1990', '–', '1994', '.']	[0, 0, 0, 0, 0, 0, 0, 0, 0, 5, 0, 0, 0, 0, 0, 0]	pl	Z wykształcenia lekarz onkolog, pełnił m.in. funkcję burmistrza Montevideo w latach 1990 – 1994.
['Od', '2013', 'jest', 'zawodnikiem', 'Adelaide', 'United', '.']	[0, 0, 0, 0, 3, 4, 0]	pl	Od 2013 jest zawodnikiem Adelaide United.
['27', 'stycznia', '2001', 'na', 'skoczni', 'w', 'Sapporo', 'był', '14', '.']	[0, 0, 0, 0, 0, 0, 5, 0, 0, 0]	pl	27 stycznia 2001 na skoczni w Sapporo był 14.
"['Następnie', 'artystka', 'wypowiedziała', 'się', 'na', 'temat', 'swojej', 'kariery', 'filmowej', ',', 'głównie', 'o', 'roli', 'w', 'filmie', '""', 'Austin', 'Powers', 'i', 'Złoty', 'Członek', '""', ',', 'którego', 'muzyka', 'tytułowa', 'grana', 'była', 'w', 'tle', '.']"	[0, 0, 0, 0, 0, 0, 0, 0, 0, 0, 0, 0, 0, 0, 0, 0, 7, 8, 8, 8, 8, 0, 0, 0, 0, 0, 0, 0, 0, 0, 0]	pl	"Następnie artystka wypowiedziała się na temat swojej kariery filmowej, głównie o roli w filmie ""Austin Powers i Złoty Członek"", którego muzyka tytułowa grana była w tle."
['Recenzenci', 'określają', 'utwory', 'Lunatic', 'Soul', 'jako', '„', 'bardzo', 'orientalne', ',', 'transowe', ',', 'eklektyczne', ',', 'wręcz', 'ponadgatunkowe', 'wariacje', 'na', 'temat', 'ogółu', 'muzyki', 'rockowej', ',', 'elektronicznej', 'i', 'folkowej', '”', '.']	[0, 0, 0, 3, 4, 0, 0, 0, 0, 0, 0, 0, 0, 0, 0, 0, 0, 0, 0, 0, 0, 0, 0, 0, 0, 0, 0, 0]	pl	Recenzenci określają utwory Lunatic Soul jako „bardzo orientalne, transowe, eklektyczne, wręcz ponadgatunkowe wariacje na temat ogółu muzyki rockowej, elektronicznej i folkowej ”.
['29', 'września', '2013', 'zadebiutował', 'w', 'niebiesko-czarnych', 'barwach', 'w', 'ligowym', 'spotkaniu', 'z', 'Cagliari', 'Calcio', '(', '1:1', ')', ',', 'w', 'którym', 'nieszczęśliwie', 'odbita', 'od', 'jego', 'goleni', 'piłka', 'zmyliła', 'Handanovicia', 'i', 'wpadła', 'do', 'siatki', '.']	[0, 0, 0, 0, 0, 0, 0, 0, 0, 0, 0, 3, 4, 0, 0, 0, 0, 0, 0, 0, 0, 0, 0, 0, 0, 0, 0, 0, 0, 0, 0, 0]	pl	29 września 2013 zadebiutował w niebiesko-czarnych barwach w ligowym spotkaniu z Cagliari Calcio (1:1), w którym nieszczęśliwie odbita od jego goleni piłka zmyliła Handanovicia i wpadła do siatki.
['Po', 'śmierci', 'pisali', 'o', 'nim', 'Marcin', 'Kromer', ',', 'Mikołaj', 'Rej', ',', 'Marcin', 'Bielski', ',', 'Szymon', 'Starowolski', '.']	[0, 0, 0, 0, 0, 1, 2, 0, 1, 2, 0, 1, 2, 0, 1, 2, 0]	pl	Po śmierci pisali o nim Marcin Kromer, Mikołaj Rej, Marcin Bielski, Szymon Starowolski.
['Gladio', 'była', 'też', 'częścią', 'struktury', 'Stay-behind', 'działającej', 'w', 'wielu', 'krajach', 'NATO', '.']	[0, 0, 0, 0, 0, 0, 0, 0, 0, 0, 3, 0]	pl	Gladio była też częścią struktury Stay-behind działającej w wielu krajach NATO.
['W', '1950', 'roku', 'szwedzki', 'Saab', 'rozpoczął', 'seryjną', 'produkcję', 'modelu', 'Saab', '92', 'z', 'napędem', 'przednim', '.']	[0, 0, 0, 0, 3, 0, 0, 0, 0, 7, 8, 0, 0, 0, 0]	pl	W 1950 roku szwedzki Saab rozpoczął seryjną produkcję modelu Saab 92 z napędem przednim.
['Na', 'bazie', 'wielu', 'z', 'nich', 'powstawały', 'potem', 'inne', 'pojazdy', 'wojskowe', '(', 'm.in.', 'samobieżne', 'działa', 'przeciwpancerne', 'Panzerjäger', 'I', ')', '.']	[0, 0, 0, 0, 0, 0, 0, 0, 0, 0, 0, 0, 0, 0, 0, 7, 8, 0, 0]	pl	Na bazie wielu z nich powstawały potem inne pojazdy wojskowe (m.in. samobieżne działa przeciwpancerne Panzerjäger I).
['oraz', 'na', 'PlayStation', '4', 'i', 'Xbox', 'One', 'od', '2016', 'r', '.']	[0, 0, 7, 8, 0, 7, 8, 0, 0, 0, 0]	pl	oraz na PlayStation 4 i Xbox One od 2016 r.
['W', 'kolejnym', 'tygodniu', 'w', 'Sydney', 'doszedł', 'do', 'swojego', 'pierwszego', 'finału', 'od', 'października', '2014', 'roku', '.']	[0, 0, 0, 0, 5, 0, 0, 0, 0, 0, 0, 0, 0, 0, 0]	pl	W kolejnym tygodniu w Sydney doszedł do swojego pierwszego finału od października 2014 roku.
['Zgodnie', 'z', 'praktyką', 'Vodafone', ',', 'można', 'przypuszczać', ',', 'że', 'firma', 'zostanie', 'poddana', 'rebrandingowi', 'po', 'zakończeniu', 'transakcji', '.']	[0, 0, 0, 3, 0, 0, 0, 0, 0, 0, 0, 0, 0, 0, 0, 0, 0]	pl	Zgodnie z praktyką Vodafone, można przypuszczać, że firma zostanie poddana rebrandingowi po zakończeniu transakcji.
['Beznadziejne', 'rezultaty', 'osiągane', 'na', 'początku', 'nowego', 'sezonu', 'skłoniły', 'działaczy', 'z', 'Estadio', 'Anoeta', 'do', 'zwolnienia', 'menedżera', '.']	[0, 0, 0, 0, 0, 0, 0, 0, 0, 0, 5, 6, 0, 0, 0, 0]	pl	Beznadziejne rezultaty osiągane na początku nowego sezonu skłoniły działaczy z Estadio Anoeta do zwolnienia menedżera.
['Fakt', 'ten', 'w', 'okresie', 'późniejszym', 'określił', 'Jakub', 'Berman', 'jako', '„', 'pewną', 'słabość', '”', 'bez', 'wielkiego', 'znaczenia', ',', 'a', '„', 'dającą', 'gwarancję', 'jego', 'lojalności', 'jako', 'ministra', 'bezpieczeństwa', '”', '.']	[0, 0, 0, 0, 0, 0, 1, 2, 0, 0, 0, 0, 0, 0, 0, 0, 0, 0, 0, 0, 0, 0, 0, 0, 0, 0, 0, 0]	pl	Fakt ten w okresie późniejszym określił Jakub Berman jako „pewną słabość ” bez wielkiego znaczenia, a„ dającą gwarancję jego lojalności jako ministra bezpieczeństwa ”.
['23', 'czerwca', 'przestała', 'istnieć', 'Republika', 'Partenopejska', ',', 'zlikwidowana', 'przez', 'desant', 'rosyjsko-turecki', 'i', 'rojalistyczne', 'powstanie', '.']	[0, 0, 0, 0, 5, 6, 0, 0, 0, 0, 0, 0, 0, 0, 0]	pl	23 czerwca przestała istnieć Republika Partenopejska, zlikwidowana przez desant rosyjsko-turecki i rojalistyczne powstanie.
['Singlami', 'promującymi', 'krążek', 'były', ':', '„', 'Bad', 'Romance', '”', ',', '„', 'Telephone', '”', 'i', '„', 'Alejandro', '”', ',', 'a', 'w', 'niektórych', 'miejscach', 'także', '„', 'Dance', 'in', 'the', 'Dark', '”', '.']	[0, 0, 0, 0, 0, 0, 7, 8, 0, 0, 0, 7, 0, 0, 0, 7, 0, 0, 0, 0, 0, 0, 0, 0, 7, 8, 8, 8, 0, 0]	pl	Singlami promującymi krążek były: „Bad Romance ”,„ Telephone ” i „Alejandro ”, a w niektórych miejscach także„ Dance in the Dark ”.
['Przyjmuje', 'się', ',', 'że', 'miasto', 'przyjęło', 'ich', 'więcej', 'niż', 'Stany', 'Zjednoczone', 'i', 'Kanada', 'łącznie', '.']	[0, 0, 0, 0, 0, 0, 0, 0, 0, 5, 6, 0, 5, 0, 0]	pl	Przyjmuje się, że miasto przyjęło ich więcej niż Stany Zjednoczone i Kanada łącznie.
"['""', 'Turawa', '""', '(', ')', '–', 'gmina', 'wiejska', 'w', 'województwie', 'opolskim', ',', 'w', 'powiecie', 'opolskim', '.']"	[0, 5, 0, 0, 0, 0, 0, 0, 0, 0, 0, 0, 0, 0, 0, 0]	pl	"""Turawa"" () – gmina wiejska w województwie opolskim, w powiecie opolskim."
['Oświadczył', 'także', ',', 'że', 'powoła', 'nowy', 'rząd', ',', 'w', 'którym', 'znajdzie', 'się', 'Józef', 'Piłsudski', '.']	[0, 0, 0, 0, 0, 0, 0, 0, 0, 0, 0, 0, 1, 2, 0]	pl	Oświadczył także, że powoła nowy rząd, w którym znajdzie się Józef Piłsudski.
['Najeźdzcy', 'zniszczyli', 'także', 'potężne', 'miasta', 'syryjskiego', 'wybrzeża', ':', 'Ugarit', ',', 'Byblos', ',', 'Tyr', ',', 'Sydon', 'oraz', 'liczne', 'ośrodki', 'w', 'głębi', 'lądu', ',', 'takie', 'jak', 'Karkemisz', 'i', 'amoryckie', 'Amurru', '.']	[0, 0, 0, 0, 0, 0, 0, 0, 5, 0, 5, 0, 5, 0, 5, 0, 0, 0, 0, 0, 0, 0, 0, 0, 5, 0, 0, 5, 0]	pl	Najeźdzcy zniszczyli także potężne miasta syryjskiego wybrzeża: Ugarit, Byblos, Tyr, Sydon oraz liczne ośrodki w głębi lądu, takie jak Karkemisz i amoryckie Amurru.
"['W', 'filmie', 'Kac', 'Vegas', 'piosenka', 'jest', 'wykorzystana', 'w', 'zabawnej', 'scenie', ',', 'gdy', 'Mike', 'Tyson', 'słucha', 'jej', ',', 'podśpiewuje', ',', 'imituje', 'w', 'powietrzu', 'wejście', 'perkusji', 'i', 'przy', 'słowach', '""', 'I', ""'"", 've', 'been', 'waiting', 'for', 'this', 'moment', 'for', 'all', 'my', 'life', '""', 'nokautuje', 'jednego', 'z', 'bohaterów', 'filmu', 'potężnym', 'ciosem', '.']"	[0, 0, 7, 8, 0, 0, 0, 0, 0, 0, 0, 0, 1, 2, 0, 0, 0, 0, 0, 0, 0, 0, 0, 0, 0, 0, 0, 0, 0, 0, 0, 0, 0, 0, 0, 0, 0, 0, 0, 0, 0, 0, 0, 0, 0, 0, 0, 0, 0]	pl	"W filmie Kac Vegas piosenka jest wykorzystana w zabawnej scenie, gdy Mike Tyson słucha jej, podśpiewuje, imituje w powietrzu wejście perkusji i przy słowach ""I 've been waiting for this moment for all my life"" nokautuje jednego z bohaterów filmu potężnym ciosem."
['Bernard', 'Czapliński', '.']	[1, 2, 0]	pl	Bernard Czapliński.
['Cenne', 'metale', 'i', 'brąz', 'zostały', 'zabrane', 'z', 'posągów', ',', 'a', 'nawet', 'ze', 'świątyni', 'Hagia', 'Sophia', '.']	[0, 0, 0, 0, 0, 0, 0, 0, 0, 0, 0, 0, 0, 5, 6, 0]	pl	Cenne metale i brąz zostały zabrane z posągów, a nawet ze świątyni Hagia Sophia.
['Był', 'burmistrzem', 'miasta', 'Kirjat', 'Gat', ',', 'w', 'którym', 'mieszkał', '.']	[0, 0, 0, 5, 6, 0, 0, 0, 0, 0]	pl	Był burmistrzem miasta Kirjat Gat, w którym mieszkał.
['Ewangelia', 'Łukasza', '1:26', '–', '31', ')', 'jako', 'imię', 'przeznaczone', 'dla', 'przyszłego', 'Mesjasza', '.']	[7, 8, 0, 0, 0, 0, 0, 0, 0, 0, 0, 1, 0]	pl	Ewangelia Łukasza 1:26 – 31) jako imię przeznaczone dla przyszłego Mesjasza.
['Następnie', 'skierowały', 'się', 'na', 'Carcassonne', 'niszcząc', 'i', 'rabując', 'po', 'drodze', '.']	[0, 0, 0, 0, 5, 0, 0, 0, 0, 0, 0]	pl	Następnie skierowały się na Carcassonne niszcząc i rabując po drodze.
['Urodził', 'się', 'w', 'Lares', 'w', 'Portoryko', 'jako', 'jedno', 'z', 'jedenaściorga', 'dzieci', '.']	[0, 0, 0, 5, 0, 5, 0, 0, 0, 0, 0, 0]	pl	Urodził się w Lares w Portoryko jako jedno z jedenaściorga dzieci.
['Jego', 'siedzibą', 'jest', 'miasto', 'Słubice', '.']	[0, 0, 0, 0, 5, 0]	pl	Jego siedzibą jest miasto Słubice.
"['Słowa', '""', 'walkman', '""', ',', '""', 'pressman', '""', ',', '""', 'watchman', '""', 'są', 'znakami', 'towarowymi', 'firmy', 'Sony', ',', 'choć', 'popularność', 'tych', 'urządzeń', 'powoduje', ',', 'że', 'nazwy', 'te', 'stały', 'się', 'praktycznie', 'synonimami', 'wszystkich', 'tego', 'rodzaju', 'urządzeń', ',', 'nawet', 'jeśli', 'nie', 'są', 'wyprodukowane', 'przez', 'Sony', '.']"	[0, 0, 0, 0, 0, 0, 0, 0, 0, 0, 0, 0, 0, 0, 0, 0, 3, 0, 0, 0, 0, 0, 0, 0, 0, 0, 0, 0, 0, 0, 0, 0, 0, 0, 0, 0, 0, 0, 0, 0, 0, 0, 3, 0]	pl	"Słowa ""walkman"", ""pressman"", ""watchman"" są znakami towarowymi firmy Sony, choć popularność tych urządzeń powoduje, że nazwy te stały się praktycznie synonimami wszystkich tego rodzaju urządzeń, nawet jeśli nie są wyprodukowane przez Sony."
['Pokonywał', 'już', 'bardziej', 'znanych', 'zawodników', ',', 'takich', 'jak', 'Guillermo', 'Cañas', ',', 'Sébastien', 'Grosjean', ',', 'Lu', 'Yen-hsun', ',', 'Juan', 'Ignacio', 'Chela', ',', 'Dudi', 'Sela', '.']	[0, 0, 0, 0, 0, 0, 0, 0, 1, 2, 0, 1, 2, 0, 1, 2, 0, 1, 2, 2, 0, 1, 2, 0]	pl	Pokonywał już bardziej znanych zawodników, takich jak Guillermo Cañas, Sébastien Grosjean, Lu Yen-hsun, Juan Ignacio Chela, Dudi Sela.
['W', 'mieście', 'funkcjonuje', 'klub', 'piłkarski', 'Real', 'Valladolid', '.']	[0, 0, 0, 0, 0, 3, 4, 0]	pl	W mieście funkcjonuje klub piłkarski Real Valladolid.
"['""', 'Bourg-et-Comin', '""', '–', 'miejscowość', 'i', 'gmina', 'we', 'Francji', ',', 'w', 'regionie', 'Hauts-de-France', ',', 'w', 'departamencie', 'Aisne', '.']"	[0, 0, 0, 0, 0, 0, 0, 0, 5, 0, 0, 0, 5, 0, 0, 0, 5, 0]	pl	"""Bourg-et-Comin"" – miejscowość i gmina we Francji, w regionie Hauts-de-France, w departamencie Aisne."
['W', '1911', 'roku', 'jako', 'pierwszy', 'wylądował', 'samolotem', 'w', 'Cambridge', '.']	[0, 0, 0, 0, 0, 0, 0, 0, 5, 0]	pl	W 1911 roku jako pierwszy wylądował samolotem w Cambridge.
['Obecnie', 'zamieszkują', 'głównie', 'Hokkaido', '.']	[0, 0, 0, 5, 0]	pl	Obecnie zamieszkują głównie Hokkaido.
['Swoje', 'domowe', 'mecze', 'rozgrywa', 'na', 'stadionie', 'Estadio', 'Mestalla', 'w', 'Walencji', 'o', 'pojemności', '55', 'tys', '.']	[0, 0, 0, 0, 0, 0, 5, 6, 0, 5, 0, 0, 0, 0, 0]	pl	Swoje domowe mecze rozgrywa na stadionie Estadio Mestalla w Walencji o pojemności 55 tys.
['w', 'Kuusamo', ')', '–', 'fińska', 'biegaczka', 'narciarska', ',', 'dwukrotna', 'medalistka', 'olimpijska', 'i', 'trzykrotna', 'medalistka', 'mistrzostw', 'świata', '.']	[0, 5, 0, 0, 0, 0, 0, 0, 0, 0, 0, 0, 0, 0, 0, 0, 0]	pl	w Kuusamo) – fińska biegaczka narciarska, dwukrotna medalistka olimpijska i trzykrotna medalistka mistrzostw świata.
['Wobec', 'jej', 'ciężkiej', 'choroby', 'w', '1931', 'adoptował', 'je', 'i', 'wychowywał', 'Klimient', 'Woroszyłow', '.']	[0, 0, 0, 0, 0, 0, 0, 0, 0, 0, 1, 2, 0]	pl	Wobec jej ciężkiej choroby w 1931 adoptował je i wychowywał Klimient Woroszyłow.
['W', 'porcie', 'działa', 'rafineria', 'ropy', 'naftowej', '(', 'własność', 'koncernu', 'ExxonMobil', ')', 'o', 'mocy', 'przerobowej', '22', 'tys', '.']	[0, 0, 0, 0, 0, 0, 0, 0, 0, 3, 0, 0, 0, 0, 0, 0, 0]	pl	W porcie działa rafineria ropy naftowej (własność koncernu ExxonMobil) o mocy przerobowej 22 tys.
['W', 'styczniu', '2011', 'jako', 'wolny', 'agent', 'przeszedł', 'do', 'FK', 'Witebsk', '.']	[0, 0, 0, 0, 0, 0, 0, 0, 3, 4, 0]	pl	W styczniu 2011 jako wolny agent przeszedł do FK Witebsk.
"['Dillon', 'szybko', 'okazał', 'się', 'niezwykle', 'wszechstronnym', 'aktorem', ',', 'który', 'równie', 'dobrze', 'sprawdził', 'się', 'w', 'repertuarze', 'dramatycznym', '(', '""', 'Miasto', 'gniewu', '""', ')', 'jak', 'i', 'komediowym', '(', '""', 'Sposób', 'na', 'blondynkę', '""', ',', '""', 'O', 'czym', 'marzą', 'faceci', '""', ')', '.']"	[0, 0, 0, 0, 0, 0, 0, 0, 0, 0, 0, 0, 0, 0, 0, 0, 0, 0, 7, 8, 0, 0, 0, 0, 0, 0, 0, 7, 8, 8, 0, 0, 0, 7, 8, 8, 8, 0, 0, 0]	pl	"Dillon szybko okazał się niezwykle wszechstronnym aktorem, który równie dobrze sprawdził się w repertuarze dramatycznym (""Miasto gniewu"") jak i komediowym (""Sposób na blondynkę"", ""O czym marzą faceci"")."
['W', 'rolach', 'głównych', 'wystąpili', 'Tōri', 'Matsuzaka', 'i', 'Emi', 'Takei', '.']	[0, 0, 0, 0, 1, 2, 0, 1, 2, 0]	pl	W rolach głównych wystąpili Tōri Matsuzaka i Emi Takei.
['5', 'lutego', '1997', 'w', 'Kingston', 'upon', 'Thames', ')', '–', 'angielski', 'piłkarz', 'występujący', 'na', 'pozycji', 'pomocnika', 'w', 'angielskim', 'klubie', 'Manchester', 'City', 'oraz', 'w', 'reprezentacji', 'Anglii', 'do', 'lat', '21', '.']	[0, 0, 0, 0, 5, 6, 6, 0, 0, 0, 0, 0, 0, 0, 0, 0, 0, 0, 3, 4, 0, 0, 3, 4, 0, 0, 0, 0]	pl	5 lutego 1997 w Kingston upon Thames) – angielski piłkarz występujący na pozycji pomocnika w angielskim klubie Manchester City oraz w reprezentacji Anglii do lat 21.
['Największa', 'miejscowość', 'na', 'półwyspie', 'to', 'Uig', '.']	[0, 0, 0, 0, 0, 5, 0]	pl	Największa miejscowość na półwyspie to Uig.
['Adam', 'Kowalczyk', '.']	[1, 2, 0]	pl	Adam Kowalczyk.
[',', 'a', 'producententami', 'Aditya', 'Chopra', 'i', 'Yash', 'Chopra', '.']	[0, 0, 0, 1, 2, 0, 1, 2, 0]	pl	, a producententami Aditya Chopra i Yash Chopra.
['Kochał', 'polowania', 'i', 'mówiło', 'się', ',', 'że', 'to', 'on', 'przyczynił', 'się', 'do', 'wyginięcia', 'populacji', 'wilków', 'w', 'Île-de-France', '.']	[0, 0, 0, 0, 0, 0, 0, 0, 0, 0, 0, 0, 0, 0, 0, 0, 5, 0]	pl	Kochał polowania i mówiło się, że to on przyczynił się do wyginięcia populacji wilków w Île-de-France.
"['""', 'Lashkar-i-Toiba', '""', '(', '""', 'Laszkar-e-Tajjaba', '""', ';', 'urdu', ':', '""', 'لشكرِ', 'طيبه', '""', ')', ',', '""', 'LiT', '""', '–', 'organizacja', 'militarno-terrorystyczna', 'z', 'siedzibą', 'w', 'mieście', 'Muzaffarabad', 'w', 'pakistańskiej', 'części', 'Kaszmiru', '.']"	[0, 0, 0, 0, 0, 0, 0, 0, 0, 0, 0, 0, 0, 0, 0, 0, 0, 0, 0, 0, 0, 0, 0, 0, 0, 0, 5, 0, 0, 0, 5, 0]	pl	"""Lashkar-i-Toiba"" (""Laszkar-e-Tajjaba""; urdu: ""لشكرِ طيبه""), ""LiT"" – organizacja militarno-terrorystyczna z siedzibą w mieście Muzaffarabad w pakistańskiej części Kaszmiru."
['formacja', 'otrzymała', 'także', 'transportery', 'BTR-60', 'z', 'ZSRR', 'oraz', 'transportery', 'opancerzone', 'BTR-152', 'z', 'NRD', ',', 'armatki', 'wodne', 'Tatra', 'z', 'CSRS', ',', 'duże', 'partie', 'metalowych', 'granatów', 'gazowych', 'RWK', 'z', 'NRD', '.']	[0, 0, 0, 0, 7, 0, 3, 0, 0, 0, 7, 0, 5, 0, 0, 0, 7, 0, 5, 0, 0, 0, 0, 0, 0, 0, 0, 5, 0]	pl	formacja otrzymała także transportery BTR-60 z ZSRR oraz transportery opancerzone BTR-152 z NRD, armatki wodne Tatra z CSRS, duże partie metalowych granatów gazowych RWK z NRD.
"['Dopiero', 'w', '1998', 'roku', 'zagrała', 'jedną', 'z', 'głównych', 'ról', 'w', 'filmie', '""', 'Rozmawiając', ',', 'obmawiając', '""', ',', 'gdzie', 'wcieliła', 'się', 'w', 'przyjaciółkę', 'Catherine', 'Keener', '.']"	[0, 0, 0, 0, 0, 0, 0, 0, 0, 0, 0, 0, 0, 0, 0, 0, 0, 0, 0, 0, 0, 0, 1, 2, 0]	pl	"Dopiero w 1998 roku zagrała jedną z głównych ról w filmie ""Rozmawiając, obmawiając"", gdzie wcieliła się w przyjaciółkę Catherine Keener."
['W', 'związku', 'z', 'tym', 'był', 'wypożyczany', '–', 'najpierw', 'do', 'FC', 'Volendam', ',', 'a', 'następnie', 'do', 'FC', 'Groningen', '.']	[0, 0, 0, 0, 0, 0, 0, 0, 0, 3, 4, 0, 0, 0, 0, 3, 4, 0]	pl	W związku z tym był wypożyczany – najpierw do FC Volendam, a następnie do FC Groningen.
['Redaktorem', 'odpowiedzialnym', 'był', 'Emil', 'Morgiewicz', ',', 'za', 'powielanie', 'i', 'kolportaż', 'odpowiadał', 'Andrzej', 'Czuma', '(', 'także', 'autor', 'niektórych', 'tekstów', ')', '.']	[0, 0, 0, 1, 2, 0, 0, 0, 0, 0, 0, 1, 2, 0, 0, 0, 0, 0, 0, 0]	pl	Redaktorem odpowiedzialnym był Emil Morgiewicz, za powielanie i kolportaż odpowiadał Andrzej Czuma (także autor niektórych tekstów).
['Innym', 'słynnym', 'mistrzem', 'szkoły', 'jest', 'Domenico', 'Cimarosa', ',', 'stanowiący', 'podwaliny', 'opery', 'komicznej', '(', 'opera', 'buffa', ')', ',', 'a', 'później', 'pokolenie', 'innowatorów', 'recytatywu', 'akompaniowanego', 'Niccolò', 'Jommelli', 'i', 'Tommaso', 'Traetta', '.']	[0, 0, 0, 0, 0, 1, 2, 0, 0, 0, 0, 0, 0, 0, 0, 0, 0, 0, 0, 0, 0, 0, 0, 1, 2, 0, 1, 2, 0]	pl	Innym słynnym mistrzem szkoły jest Domenico Cimarosa, stanowiący podwaliny opery komicznej (opera buffa), a później pokolenie innowatorów recytatywu akompaniowanego Niccolò Jommelli i Tommaso Traetta.
['Przez', 'kolejnych', 'kilka', 'stuleci', 'zwierzchność', 'nad', 'tym', 'rejonem', 'wielokrotnie', 'się', 'zmieniała', '-', 'władali', 'nim', 'Gepidowie', ',', 'Bizantyjczycy', ',', 'Frankowie', ',', 'Bułgarzy', ',', 'ponownie', 'Bizantyjczycy', '.']	[0, 0, 0, 0, 0, 0, 0, 0, 0, 0, 0, 0, 0, 0, 7, 0, 7, 0, 7, 0, 7, 0, 0, 7, 0]	pl	Przez kolejnych kilka stuleci zwierzchność nad tym rejonem wielokrotnie się zmieniała - władali nim Gepidowie, Bizantyjczycy, Frankowie, Bułgarzy, ponownie Bizantyjczycy.
['W', 'połowie', 'kwietnia', 'niemal', 'wszyscy', 'zostali', 'wysłani', 'do', 'obozu', 'Auschwitz-Birkenau', ',', 'gdzie', 'zabito', 'ich', 'w', 'komorze', 'gazowej', '.']	[0, 0, 0, 0, 0, 0, 0, 0, 0, 5, 0, 0, 0, 0, 0, 0, 0, 0]	pl	W połowie kwietnia niemal wszyscy zostali wysłani do obozu Auschwitz-Birkenau, gdzie zabito ich w komorze gazowej.
['W', 'latach', '1997', '-', '98', 'spotykał', 'się', 'z', 'Brooke', 'Langton', '.']	[0, 0, 0, 0, 0, 0, 0, 0, 1, 2, 0]	pl	W latach 1997 - 98 spotykał się z Brooke Langton.
['Punktów', 'nie', 'zdobył', 'ale', 'pokazał', 'się', 'z', 'dobrej', 'strony', 'co', 'zaowocowało', 'kontraktem', 'na', 'następny', 'sezon', 'z', 'zespołem', 'Chip', 'Ganassi', 'Racing', '.']	[0, 0, 0, 0, 0, 0, 0, 0, 0, 0, 0, 0, 0, 0, 0, 0, 0, 3, 4, 4, 0]	pl	Punktów nie zdobył ale pokazał się z dobrej strony co zaowocowało kontraktem na następny sezon z zespołem Chip Ganassi Racing.
"['W', 'całej', 'karierze', 'zaliczył', '390', 'save', ""'"", 'ów', 'co', 'jest', 'szóstym', 'wynikiem', 'w', 'tej', 'klasyfikacji', 'w', 'historii', 'Major', 'League', 'Baseball', '.']"	[0, 0, 0, 0, 0, 0, 0, 0, 0, 0, 0, 0, 0, 0, 0, 0, 0, 3, 4, 4, 0]	pl	W całej karierze zaliczył 390 save 'ów co jest szóstym wynikiem w tej klasyfikacji w historii Major League Baseball.
['Zamek', 'nie', 'był', 'użytkowany', 'długo', 'jako', 'rezydencja', ',', 'ponieważ', 'w', 'latach', '1683', '–', '1693', 'na', 'wzgórzu', ',', 'na', 'północ', 'od', 'zamku', 'Michał', 'Lubomirski', 'zbudował', 'nowy', 'barokowy', 'pałac', ',', 'a', 'stary', 'zamek', 'bastionowy', 'zamieniono', 'na', 'browar', '.']	[0, 0, 0, 0, 0, 0, 0, 0, 0, 0, 0, 0, 0, 0, 0, 0, 0, 0, 0, 0, 0, 1, 2, 0, 0, 0, 0, 0, 0, 0, 0, 0, 0, 0, 0, 0]	pl	Zamek nie był użytkowany długo jako rezydencja, ponieważ w latach 1683 – 1693 na wzgórzu, na północ od zamku Michał Lubomirski zbudował nowy barokowy pałac, a stary zamek bastionowy zamieniono na browar.
['Pomocy', 'Mitanni', 'nie', 'udzielił', 'faraon', 'egipski', 'Echnaton', ',', 'który', 'był', 'jego', 'sojusznikiem', '.']	[0, 5, 0, 0, 0, 0, 1, 0, 0, 0, 0, 0, 0]	pl	Pomocy Mitanni nie udzielił faraon egipski Echnaton, który był jego sojusznikiem.
['Większość', 'producentów', 'stosuje', 'się', 'do', 'norm', 'narzuconych', 'przez', 'firmę', 'Shimano', ',', 'ale', 'część', 'producentów', 'chińskich', 'i', 'tajwańskich', 'stosuje', 'swoje', 'własne', 'normy', ',', 'dlatego', 'najlepiej', 'jest', 'kupować', 'korby', 'producenta', ',', 'który', 'wyprodukował', 'stosowany', 'przez', 'nas', 'wkład', 'suportowy', '.']	[0, 0, 0, 0, 0, 0, 0, 0, 0, 3, 0, 0, 0, 0, 0, 0, 0, 0, 0, 0, 0, 0, 0, 0, 0, 0, 0, 0, 0, 0, 0, 0, 0, 0, 0, 0, 0]	pl	Większość producentów stosuje się do norm narzuconych przez firmę Shimano, ale część producentów chińskich i tajwańskich stosuje swoje własne normy, dlatego najlepiej jest kupować korby producenta, który wyprodukował stosowany przez nas wkład suportowy.
['Zawodnik', 'przeniósł', 'się', 'do', 'jednego', 'z', 'najstarszych', 'klubów', 'świata', '–', 'Recreativo', 'Huelva', '(', '1889', ')', '.']	[0, 0, 0, 0, 0, 0, 0, 0, 0, 0, 3, 4, 0, 0, 0, 0]	pl	Zawodnik przeniósł się do jednego z najstarszych klubów świata – Recreativo Huelva (1889).
['Umiejętności', 'te', 'zapewniły', 'mu', 'liczne', 'sukcesy', 'w', 'najbardziej', 'prestiżowych', 'wyścigach', 'kolarskich', 'świata', '–', 'Tour', 'de', 'France', 'i', 'Giro', 'd', '’', 'Italia', '.']	[0, 0, 0, 0, 0, 0, 0, 0, 0, 0, 0, 0, 0, 7, 8, 8, 0, 7, 8, 8, 8, 0]	pl	Umiejętności te zapewniły mu liczne sukcesy w najbardziej prestiżowych wyścigach kolarskich świata – Tour de France i Giro d ’ Italia.
['Jest', 'to', 'pierwszy', 'franczyzowy', 'tytuł', 'zrobiony', 'ekskluzywnie', 'na', 'urządzenia', 'mobilne', ',', 'nie', 'tak', 'jak', 'inne', 'mobilne', 'gry', 'z', 'serii', 'które', 'były', 'prostą', 'adaptacją', 'innych', 'gier', 'Need', 'for', 'Speed', '.']	[0, 0, 0, 0, 0, 0, 0, 0, 0, 0, 0, 0, 0, 0, 0, 0, 0, 0, 0, 0, 0, 0, 0, 0, 0, 7, 8, 8, 0]	pl	Jest to pierwszy franczyzowy tytuł zrobiony ekskluzywnie na urządzenia mobilne, nie tak jak inne mobilne gry z serii które były prostą adaptacją innych gier Need for Speed.
"['""', 'Milicz', '""', '–', 'gmina', 'miejsko-wiejska', 'w', 'województwie', 'dolnośląskim', ',', 'w', 'powiecie', 'milickim', '.']"	[0, 5, 0, 0, 0, 0, 0, 0, 0, 0, 0, 0, 0, 0]	pl	"""Milicz"" – gmina miejsko-wiejska w województwie dolnośląskim, w powiecie milickim."
"['Mimo', 'tradycyjnej', 'niemożności', 'rekonstruowania', 'języków', 'starszych', 'niż', '10', 'tysięcy', 'lat', 'tradycyjną', 'metodą', 'porównawczą', 'amerykański', 'językoznawca', 'Merritt', 'Ruhlen', 'opracował', '„', 'globalną', 'etymologię', '”', 'i', 'komputerową', 'rekonstrukcję', 'pierwszego', 'ludzkiego', 'języka', ',', 'określonego', 'jako', '""', 'Proto-Sapiens', '""', '.']"	[0, 0, 0, 0, 0, 0, 0, 0, 0, 0, 0, 0, 0, 0, 0, 1, 2, 0, 0, 0, 0, 0, 0, 0, 0, 0, 0, 0, 0, 0, 0, 0, 0, 0, 0]	pl	"Mimo tradycyjnej niemożności rekonstruowania języków starszych niż 10 tysięcy lat tradycyjną metodą porównawczą amerykański językoznawca Merritt Ruhlen opracował „globalną etymologię ” i komputerową rekonstrukcję pierwszego ludzkiego języka, określonego jako"" Proto-Sapiens ""."
['Ku', 'zaskoczeniu', 'wielu', 'środowisk', ',', 'w', 'tym', 'm.in.', 'sejmowej', 'lewicy', 'w', 'składzie', 'jego', 'gabinetu', 'pojawili', 'się', 'przedstawiciele', 'obozu', 'konserwatywnego', ':', 'Aleksander', 'Meysztowicz', '(', 'resort', 'sprawiedliwości', ')', 'i', 'Karol', 'Niezabytowski', '(', 'ministerstwo', 'rolnictwa', ')', '.']	[0, 0, 0, 0, 0, 0, 0, 0, 0, 0, 0, 0, 0, 0, 0, 0, 0, 0, 0, 0, 1, 2, 0, 0, 0, 0, 0, 1, 2, 0, 0, 0, 0, 0]	pl	Ku zaskoczeniu wielu środowisk, w tym m.in. sejmowej lewicy w składzie jego gabinetu pojawili się przedstawiciele obozu konserwatywnego: Aleksander Meysztowicz (resort sprawiedliwości) i Karol Niezabytowski (ministerstwo rolnictwa).
['Był', 'to', 'okrąg', 'zamieszczony', 'nad', 'trzecim', 'stopniem', 'skonstruowany', 'przez', 'IBM', '.']	[0, 0, 0, 0, 0, 0, 0, 0, 0, 3, 0]	pl	Był to okrąg zamieszczony nad trzecim stopniem skonstruowany przez IBM.
['Według', 'danych', 'na', 'rok', '2016', 'osiedle', 'zamieszkuje', '8259', 'osób', ',', 'co', 'czyni', 'je', 'największym', 'osiedlem', 'pod', 'względem', 'liczby', 'ludności', 'w', 'Monako', '.']	[0, 0, 0, 0, 0, 0, 0, 0, 0, 0, 0, 0, 0, 0, 0, 0, 0, 0, 0, 0, 5, 0]	pl	Według danych na rok 2016 osiedle zamieszkuje 8259 osób, co czyni je największym osiedlem pod względem liczby ludności w Monako.
['5', 'lutego', '2005', 'nad', 'Tunezją', ')', '–', 'wojskowy', 'i', 'polityk', 'Togo', ',', 'prezydent', 'kraju', 'w', 'latach', '1967', '-', '2005', '.']	[0, 0, 0, 0, 5, 0, 0, 0, 0, 0, 5, 0, 0, 0, 0, 0, 0, 0, 0, 0]	pl	5 lutego 2005 nad Tunezją) – wojskowy i polityk Togo, prezydent kraju w latach 1967 - 2005.
['Rozpoczął', 'karierę', 'piłkarską', 'w', 'trzeciej', ',', 'a', 'potem', 'grał', 'w', 'drugiej', 'drużynie', 'Karpaty', 'Lwów', '.']	[0, 0, 0, 0, 0, 0, 0, 0, 0, 0, 0, 0, 3, 4, 0]	pl	Rozpoczął karierę piłkarską w trzeciej, a potem grał w drugiej drużynie Karpaty Lwów.
['We', 'wszystkich', 'w', 'rolę', 'tytułową', 'wcielił', 'się', 'aktor', 'Ireneusz', 'Czop', '.']	[0, 0, 0, 0, 0, 0, 0, 0, 1, 2, 0]	pl	We wszystkich w rolę tytułową wcielił się aktor Ireneusz Czop.
['Jak', 'twierdzi', 'Andrzej', 'Garlicki', ':', '.']	[0, 0, 1, 2, 0, 0]	pl	Jak twierdzi Andrzej Garlicki:.
['Jego', 'sekretarzem', 'osobistym', 'był', 'abp', 'Loris', 'Capovilla', '.']	[0, 0, 0, 0, 0, 1, 2, 0]	pl	Jego sekretarzem osobistym był abp Loris Capovilla.
['Edmund', 'Goulding', ')', '.']	[1, 2, 0, 0]	pl	Edmund Goulding).
['Drugie', 'miejsce', 'w', 'sumarycznej', 'tabeli', 'sezonu', 'dało', 'klubowi', 'możliwość', 'udziału', 'w', 'turnieju', 'Copa', 'Sudamericana', '2008', '.']	[0, 0, 0, 0, 0, 0, 0, 0, 0, 0, 0, 0, 7, 8, 8, 0]	pl	Drugie miejsce w sumarycznej tabeli sezonu dało klubowi możliwość udziału w turnieju Copa Sudamericana 2008.
['Obecnie', 'patriarchą', 'jest', 'Louis', 'Raphaël', 'I', 'Sako', '.']	[0, 0, 0, 1, 2, 2, 2, 0]	pl	Obecnie patriarchą jest Louis Raphaël I Sako.
['W', 'rundzie', 'wiosennej', 'sezonu', '2007', '/', '08', 'występował', 'na', 'wypożyczeniu', 'w', 'CSKA', 'Kijów', '.']	[0, 0, 0, 0, 0, 0, 0, 0, 0, 0, 0, 3, 4, 0]	pl	W rundzie wiosennej sezonu 2007 / 08 występował na wypożyczeniu w CSKA Kijów.
['Kierownikiem', 'wyprawy', 'był', 'Krzysztof', 'Wielicki', '.']	[0, 0, 0, 1, 2, 0]	pl	Kierownikiem wyprawy był Krzysztof Wielicki.
['Jest', 'jednym', 'z', 'oblatywaczy', 'SpaceShipOne', ',', 'samolotu', 'kosmicznego', 'wyprodukowanego', 'przez', 'Scaled', 'Composites', '.']	[0, 0, 0, 0, 7, 0, 0, 0, 0, 0, 3, 4, 0]	pl	Jest jednym z oblatywaczy SpaceShipOne, samolotu kosmicznego wyprodukowanego przez Scaled Composites.
['Gatunek', 'wschodniopacyficzny', ',', 'zamieszkuje', 'strefy', 'przybrzeżne', 'Ameryk', 'od', 'Gwatemali', 'na', 'północy', 'po', 'Valparaíso', 'w', 'Chile', 'na', 'południu', '.']	[0, 0, 0, 0, 0, 0, 5, 0, 5, 0, 0, 0, 5, 0, 5, 0, 0, 0]	pl	Gatunek wschodniopacyficzny, zamieszkuje strefy przybrzeżne Ameryk od Gwatemali na północy po Valparaíso w Chile na południu.
['Był', 'objęty', 'opieką', 'Amnesty', 'International', 'jako', 'więzień', 'sumienia', '.']	[0, 0, 0, 3, 4, 0, 0, 0, 0]	pl	Był objęty opieką Amnesty International jako więzień sumienia.
['Z', 'założenia', 'piosenka', 'miała', 'zostać', 'wydana', 'jako', 'ostatni', 'singel', 'promujący', 'album', ',', 'a', 'zarazem', 'zamykający', 'trasę', 'koncertową', 'Daydream', 'World', 'Tour', '.']	[0, 0, 0, 0, 0, 0, 0, 0, 0, 0, 0, 0, 0, 0, 0, 0, 0, 7, 8, 8, 0]	pl	Z założenia piosenka miała zostać wydana jako ostatni singel promujący album, a zarazem zamykający trasę koncertową Daydream World Tour.
['Ostatnim', ',', 'pożegnalnym', 'dla', 'klubu', 'koncertem', 'był', 'występ', 'Patti', 'Smith', ',', 'który', 'odbył', 'się', '15', 'października', '.']	[0, 0, 0, 0, 0, 0, 0, 0, 1, 2, 0, 0, 0, 0, 0, 0, 0]	pl	Ostatnim, pożegnalnym dla klubu koncertem był występ Patti Smith, który odbył się 15 października.
['Jego', 'tekst', 'napisał', 'Karl', 'Renner', ',', 'a', 'melodię', 'ułożył', 'Wilhelm', 'Kienzl', '.']	[0, 0, 0, 1, 2, 0, 0, 0, 0, 1, 2, 0]	pl	Jego tekst napisał Karl Renner, a melodię ułożył Wilhelm Kienzl.
['Mieszka', 'w', 'Hollywood', '.']	[0, 0, 5, 0]	pl	Mieszka w Hollywood.
['Gregory', 'La', 'Cava', ')', '.']	[1, 2, 2, 0, 0]	pl	Gregory La Cava).
['W', 'mieście', 'swoją', 'siedzibę', 'ma', 'Clemson', 'University', '.']	[0, 0, 0, 0, 0, 5, 6, 0]	pl	W mieście swoją siedzibę ma Clemson University.
['Na', 'Wimbledonie', 'pokonana', 'przez', 'sensacyjną', 'wicemistrzynię', ',', 'Belgijkę', 'Justine', 'Henin', '.']	[0, 5, 0, 0, 0, 0, 0, 5, 1, 2, 0]	pl	Na Wimbledonie pokonana przez sensacyjną wicemistrzynię, Belgijkę Justine Henin.
['Sycylia', 'była', 'teatrem', 'zmagań', 'między', 'najpotężniejszą', 'polis', 'wyspy', 'Syrakuzami', 'i', 'Kartaginą', '(', 'z', 'sukcesami', 'walczyli', 'przeciw', 'niej', 'm.in.', 'Agatokles', ',', 'a', 'także', 'Pyrrus', ')', '.']	[5, 0, 0, 0, 0, 0, 0, 0, 5, 0, 5, 0, 0, 0, 0, 0, 0, 0, 1, 0, 0, 0, 1, 0, 0]	pl	Sycylia była teatrem zmagań między najpotężniejszą polis wyspy Syrakuzami i Kartaginą (z sukcesami walczyli przeciw niej m.in. Agatokles, a także Pyrrus).
['Prace', 'wykonali', 'budowniczowie', 'znad', 'jeziora', 'Titicaca', '.']	[0, 0, 0, 0, 0, 5, 0]	pl	Prace wykonali budowniczowie znad jeziora Titicaca.
['26', 'lipca', '2007', 'taoiseach', 'Bertie', 'Ahern', 'poinformował', ',', 'że', 'jego', 'rząd', 'przygotowuje', 'ustawę', 'umożliwiającą', 'zawieranie', 'osobom', 'tej', 'samej', 'płci', 'związków', 'partnerskich', '.']	[0, 0, 0, 0, 1, 2, 0, 0, 0, 0, 0, 0, 0, 0, 0, 0, 0, 0, 0, 0, 0, 0]	pl	26 lipca 2007 taoiseach Bertie Ahern poinformował, że jego rząd przygotowuje ustawę umożliwiającą zawieranie osobom tej samej płci związków partnerskich.
['Tego', 'samego', 'dnia', 'do', 'dymisji', 'podał', 'się', 'premier', 'Nadżib', 'Mikati', '.']	[0, 0, 0, 0, 0, 0, 0, 0, 1, 2, 0]	pl	Tego samego dnia do dymisji podał się premier Nadżib Mikati.
['I-15', 'i', 'I-16', ',', 'które', 'przyniosły', 'mu', 'przydomek', '„', 'króla', 'myśliwców', '”', '.']	[7, 0, 7, 0, 0, 0, 0, 0, 0, 0, 0, 0, 0]	pl	I-15 i I-16, które przyniosły mu przydomek „króla myśliwców ”.
['W', 'barwach', 'dwóch', 'ostatnich', 'rozegrał', 'w', 'sumie', '60', 'spotkań', 'w', 'Serie', 'B', 'i', 'strzelił', '2', 'bramki', '.']	[0, 0, 0, 0, 0, 0, 0, 0, 0, 0, 3, 4, 0, 0, 0, 0, 0]	pl	W barwach dwóch ostatnich rozegrał w sumie 60 spotkań w Serie B i strzelił 2 bramki.
"['""', 'Saint-Martin-de-Lixy', '""', '–', 'miejscowość', 'i', 'gmina', 'we', 'Francji', ',', 'w', 'regionie', 'Burgundia-Franche-Comté', ',', 'w', 'departamencie', 'Saona', 'i', 'Loara', '.']"	[0, 0, 0, 0, 0, 0, 0, 0, 5, 0, 0, 0, 5, 0, 0, 0, 5, 6, 6, 0]	pl	"""Saint-Martin-de-Lixy"" – miejscowość i gmina we Francji, w regionie Burgundia-Franche-Comté, w departamencie Saona i Loara."
['Atari', 'Teenage', 'Riot', 'również', 'miał', 'swój', 'wkład', 'w', 'rozwój', 'muzyki', 'w', 'tych', 'klimatach', '.']	[3, 4, 4, 0, 0, 0, 0, 0, 0, 0, 0, 0, 0, 0]	pl	Atari Teenage Riot również miał swój wkład w rozwój muzyki w tych klimatach.
['Belizariusz', 'tryumfował', ',', 'a', 'wojska', 'wandalskie', 'rzuciły', 'się', 'do', 'bezładnej', 'ucieczki', 'na', 'wieść', 'o', 'ucieczce', 'swego', 'króla', '.']	[1, 0, 0, 0, 0, 0, 0, 0, 0, 0, 0, 0, 0, 0, 0, 0, 0, 0]	pl	Belizariusz tryumfował, a wojska wandalskie rzuciły się do bezładnej ucieczki na wieść o ucieczce swego króla.
['Jej', 'założycielem', 'był', 'Moritz', 'Schlick', ',', 'głównymi', 'jej', 'przedstawicielami', 'byli', 'Rudolf', 'Carnap', ',', 'Otto', 'Neurath', ',', 'którzy', 'budowali', 'swe', 'poglądy', 'pod', 'silnym', 'wpływem', 'Wittgensteina', ',', 'którego', 'poglądy', 'z', 'tak', 'zwanego', 'I', 'okresu', 'działalności', 'filozoficznej', 'były', 'niezwykle', 'silną', 'inspiracją', 'dla', 'jej', 'członków', '.']	[0, 0, 0, 1, 2, 0, 0, 0, 0, 0, 1, 2, 0, 1, 2, 0, 0, 0, 0, 0, 0, 0, 0, 1, 0, 0, 0, 0, 0, 0, 0, 0, 0, 0, 0, 0, 0, 0, 0, 0, 0, 0]	pl	Jej założycielem był Moritz Schlick, głównymi jej przedstawicielami byli Rudolf Carnap, Otto Neurath, którzy budowali swe poglądy pod silnym wpływem Wittgensteina, którego poglądy z tak zwanego I okresu działalności filozoficznej były niezwykle silną inspiracją dla jej członków.
['Stanowi', 'on', 'uogólnienie', 'semantyki', 'języka', 'Befunge', ',', 'który', 'posiada', 'dwuwymiarową', ',', 'toroidalną', 'topologię', '.']	[0, 0, 0, 0, 0, 7, 0, 0, 0, 0, 0, 0, 0, 0]	pl	Stanowi on uogólnienie semantyki języka Befunge, który posiada dwuwymiarową, toroidalną topologię.
['Wręczenia', 'sztandaru', 'dokonał', 'naczelnik', 'państwa', 'Józef', 'Piłsudski', '.']	[0, 0, 0, 0, 0, 1, 2, 0]	pl	Wręczenia sztandaru dokonał naczelnik państwa Józef Piłsudski.
"['""', 'Noc', 'długich', 'noży', '""', '.']"	[0, 3, 4, 4, 0, 0]	pl	"""Noc długich noży""."
['31', 'października', '2015', 'został', 'wybrany', 'w', 'drafcie', 'do', 'D-League', 'przez', 'Westchester', 'Knicks', 'z', 'numerem', '2', '.']	[0, 0, 0, 0, 0, 0, 0, 0, 0, 0, 3, 4, 0, 0, 0, 0]	pl	31 października 2015 został wybrany w drafcie do D-League przez Westchester Knicks z numerem 2.
['Znajduje', 'się', 'około', '3', 'km', 'od', 'anatolijskiego', 'miasta', 'Kaş', ',', 'mniej', 'więcej', 'w', 'połowie', 'drogi', 'pomiędzy', 'Rodos', 'a', 'Antalya', '.']	[0, 0, 0, 0, 0, 0, 0, 0, 5, 0, 0, 0, 0, 0, 0, 0, 5, 0, 5, 0]	pl	Znajduje się około 3 km od anatolijskiego miasta Kaş, mniej więcej w połowie drogi pomiędzy Rodos a Antalya.
['Podczas', 'studiów', 'na', 'Harvardzie', 'ogromny', 'wpływ', 'wywarł', 'na', 'niego', 'biolog', 'William', 'Morton', 'Wheeler', '.']	[0, 0, 0, 5, 0, 0, 0, 0, 0, 0, 1, 2, 2, 0]	pl	Podczas studiów na Harvardzie ogromny wpływ wywarł na niego biolog William Morton Wheeler.
['18', 'lipca', '2015', 'w', 'Los', 'Angeles', ')', '–', 'amerykański', 'aktor', 'filmowy', 'i', 'telewizyjny', '.']	[0, 0, 0, 0, 5, 6, 0, 0, 0, 0, 0, 0, 0, 0]	pl	18 lipca 2015 w Los Angeles) – amerykański aktor filmowy i telewizyjny.
['przeprowadził', 'się', 'do', 'Londynu', ',', 'gdzie', 'miał', 'zamiar', 'rozpocząć', 'karierę', 'prawnika', ',', 'jednak', 'zły', 'stan', 'zdrowia', 'zmusił', 'go', 'do', 'wyjazdu', 'do', 'Sydney', ',', 'gdzie', 'rozpoczął', 'pracę', 'w', 'tamtejszym', 'sądzie', '.']	[0, 0, 0, 5, 0, 0, 0, 0, 0, 0, 0, 0, 0, 0, 0, 0, 0, 0, 0, 0, 0, 5, 0, 0, 0, 0, 0, 0, 0, 0]	pl	przeprowadził się do Londynu, gdzie miał zamiar rozpocząć karierę prawnika, jednak zły stan zdrowia zmusił go do wyjazdu do Sydney, gdzie rozpoczął pracę w tamtejszym sądzie.
"[',', 'w', 'kwietniu', 'koncertowe', 'wydawnictwo', '""', 'Rude', 'Awakening', '""', '.']"	[0, 0, 0, 0, 0, 0, 7, 8, 0, 0]	pl	", w kwietniu koncertowe wydawnictwo ""Rude Awakening""."
['Nastąpiła', 'intensyfikacja', 'prześladowań', 'działaczy', 'NLD', ',', 'szczególnie', 'Aung', 'San', 'Suu', 'Kyi', ',', 'którą', 'wielokrotnie', 'zamykano', 'w', 'areszcie', 'domowym', '.']	[0, 0, 0, 0, 0, 0, 0, 1, 2, 2, 2, 0, 0, 0, 0, 0, 0, 0, 0]	pl	Nastąpiła intensyfikacja prześladowań działaczy NLD, szczególnie Aung San Suu Kyi, którą wielokrotnie zamykano w areszcie domowym.
['Rok', 'później', 'ponownie', 'został', 'zawodnikiem', 'VfB', 'Stuttgart', '.']	[0, 0, 0, 0, 0, 3, 4, 0]	pl	Rok później ponownie został zawodnikiem VfB Stuttgart.
"['kręcono', 'film', '""', 'Tajemnica', 'dzikiego', 'szybu', '""', 'z', 'braćmi', 'Damięckimi', 'w', 'rolach', 'głównych', 'powstałej', 'w', '1943', 'roku', ',', 'biblioteka', 'gminna', 'i', 'Szkoła', 'Podstawowa', 'im', '.']"	[0, 0, 0, 7, 8, 8, 0, 0, 0, 0, 0, 0, 0, 0, 0, 0, 0, 0, 0, 0, 0, 0, 0, 0, 0]	pl	"kręcono film ""Tajemnica dzikiego szybu"" z braćmi Damięckimi w rolach głównych powstałej w 1943 roku, biblioteka gminna i Szkoła Podstawowa im."
['Aby', 'ostrzec', 'przelatujących', 'w', 'pobliżu', 'pilotów', '(', 'niedaleko', 'znajduje', 'się', 'Lotnisko', 'Warszawa-Babice', ')', ',', 'na', 'słupie', 'umieszczono', 'czerwone', 'światła', '.']	[0, 0, 0, 0, 0, 0, 0, 0, 0, 0, 5, 6, 0, 0, 0, 0, 0, 0, 0, 0]	pl	Aby ostrzec przelatujących w pobliżu pilotów (niedaleko znajduje się Lotnisko Warszawa-Babice), na słupie umieszczono czerwone światła.
['W', '2007', 'rozpoczął', 'karierę', 'piłkarską', 'w', 'JFK', 'Olimps', '.']	[0, 0, 0, 0, 0, 0, 3, 4, 0]	pl	W 2007 rozpoczął karierę piłkarską w JFK Olimps.
['Dobre', 'występy', 'w', 'europejskich', 'rozgrywkach', 'zaowocowały', 'transferem', 'do', 'UD', 'Salamanca', '.']	[0, 0, 0, 0, 0, 0, 0, 0, 3, 4, 0]	pl	Dobre występy w europejskich rozgrywkach zaowocowały transferem do UD Salamanca.
"['Akcja', 'eksperymentalnej', 'gry', 'komputerowej', '""', 'Dear', 'Esther', '""', 'toczy', 'się', 'na', 'jednej', 'z', 'hebrydzkich', 'wysp', '.']"	[0, 0, 0, 0, 0, 7, 8, 0, 0, 0, 0, 0, 0, 0, 0, 0]	pl	"Akcja eksperymentalnej gry komputerowej ""Dear Esther"" toczy się na jednej z hebrydzkich wysp."
['Silnik', 'jest', 'aktualizowany', 'za', 'pomocą', 'platformy', 'Steam', ',', 'którą', 'trzeba', 'uruchamiać', 'każdorazowo', 'przy', 'ładowaniu', 'którejś', 'z', 'gier', 'opartych', 'na', 'Source', '.']	[0, 0, 0, 0, 0, 0, 7, 0, 0, 0, 0, 0, 0, 0, 0, 0, 0, 0, 0, 7, 0]	pl	Silnik jest aktualizowany za pomocą platformy Steam, którą trzeba uruchamiać każdorazowo przy ładowaniu którejś z gier opartych na Source.
"['""', 'Gibel', '""', '–', 'miejscowość', 'i', 'gmina', 'we', 'Francji', ',', 'w', 'regionie', 'Oksytania', ',', 'w', 'departamencie', 'Górna', 'Garonna', '.']"	[0, 0, 0, 0, 0, 0, 0, 0, 5, 0, 0, 0, 5, 0, 0, 0, 5, 6, 0]	pl	"""Gibel"" – miejscowość i gmina we Francji, w regionie Oksytania, w departamencie Górna Garonna."
['W', '2016', 'został', 'wprowadzony', 'do', 'Rock', 'and', 'Roll', 'Hall', 'of', 'Fame', '.']	[0, 0, 0, 0, 0, 5, 6, 6, 6, 6, 6, 0]	pl	W 2016 został wprowadzony do Rock and Roll Hall of Fame.
['Na', 'ścieżce', 'dźwiękowej', ',', 'utwór', 'znalazł', 'się', 'obok', 'takich', 'wykonawców', 'jak', 'm.in.', 'Kings', 'of', 'Leon', '.']	[0, 0, 0, 0, 0, 0, 0, 0, 0, 0, 0, 0, 3, 4, 4, 0]	pl	Na ścieżce dźwiękowej, utwór znalazł się obok takich wykonawców jak m.in. Kings of Leon.
['w', 'Mzab', ')', ',', 'Libii', '(', 'gł', '.']	[0, 5, 0, 0, 5, 0, 0, 0]	pl	w Mzab), Libii (gł.
['Tego', 'samego', 'dnia', 'odbyła', 'się', 'również', 'oficjalna', 'prezentacja', 'w', 'białych', 'barwach', '„', 'Galaktycznych', '”', 'Cristiano', 'Ronaldo', '.']	[0, 0, 0, 0, 0, 0, 0, 0, 0, 0, 0, 0, 0, 0, 1, 2, 0]	pl	Tego samego dnia odbyła się również oficjalna prezentacja w białych barwach „Galaktycznych ” Cristiano Ronaldo.
['W', 'wiekach', 'XVII', 'i', 'XVIII', 'w', 'polskich', 'szkołach', 'dominowała', 'łacina', ',', 'a', 'za', 'mistrza', 'epopei', 'uważany', 'był', 'Wergiliusz', '.']	[0, 0, 0, 0, 0, 0, 0, 0, 0, 0, 0, 0, 0, 0, 0, 0, 0, 1, 0]	pl	W wiekach XVII i XVIII w polskich szkołach dominowała łacina, a za mistrza epopei uważany był Wergiliusz.
['zwyciężył', 'w', 'otwartym', 'turnieju', 'w', 'Groningen', '.']	[0, 0, 0, 0, 0, 5, 0]	pl	zwyciężył w otwartym turnieju w Groningen.
['W', 'obecnej', 'formule', 'aktywny', 'od', '2019', 'roku', 'jako', 'kontynuacja', 'zespołu', 'Sauber', '.']	[0, 0, 0, 0, 0, 0, 0, 0, 0, 0, 3, 0]	pl	W obecnej formule aktywny od 2019 roku jako kontynuacja zespołu Sauber.
['Hrabstwo', 'to', ',', 'samo', 'w', 'sobie', 'jest', 'większe', 'niż', 'New', 'Jersey', 'i', 'Connecticut', ',', 'a', 'także', 'ma', 'większą', 'populację', 'niż', 'Vermont', 'i', 'Delaware', '.']	[0, 0, 0, 0, 0, 0, 0, 0, 0, 5, 6, 0, 5, 0, 0, 0, 0, 0, 0, 0, 5, 0, 5, 0]	pl	Hrabstwo to, samo w sobie jest większe niż New Jersey i Connecticut, a także ma większą populację niż Vermont i Delaware.
['Sceny', 'plenerowe', 'do', 'serialu', 'realizowane', 'są', 'w', 'autentycznym', 'Sparkhill', ',', 'zaś', 'napisy', 'końcowe', 'każdego', 'odcinka', 'zawierają', 'podziękowania', 'dla', 'mieszkańców', 'tej', 'dzielnicy', '.']	[0, 0, 0, 0, 0, 0, 0, 0, 5, 0, 0, 0, 0, 0, 0, 0, 0, 0, 0, 0, 0, 0]	pl	Sceny plenerowe do serialu realizowane są w autentycznym Sparkhill, zaś napisy końcowe każdego odcinka zawierają podziękowania dla mieszkańców tej dzielnicy.
['W', 'serwisie', 'Rotten', 'Tomatoes', ',', '44', '%', 'z', 'pięćdziesięciu', 'recenzji', 'filmu', 'są', 'mieszane', '(', 'średnia', 'ocen', 'wyniosła', '5,3', 'na', '10', ')', '.']	[0, 0, 7, 8, 0, 0, 0, 0, 0, 0, 0, 0, 0, 0, 0, 0, 0, 0, 0, 0, 0, 0]	pl	W serwisie Rotten Tomatoes, 44% z pięćdziesięciu recenzji filmu są mieszane (średnia ocen wyniosła 5,3 na 10).
['W', '2005', 'roku', 'odszedł', 'do', 'klubu', 'Dalian', 'Shide', '.']	[0, 0, 0, 0, 0, 0, 3, 4, 0]	pl	W 2005 roku odszedł do klubu Dalian Shide.
['Wszystkie', 'krytyczne', 'spostrzeżenia', 'doprowadziły', 'wkrótce', 'do', 'powstania', 'nowych', 'konstrukcji', ':', 'dział', 'Wirbelwind', 'i', 'Ostwind', 'I.']	[0, 0, 0, 0, 0, 0, 0, 0, 0, 0, 0, 7, 0, 7, 0]	pl	Wszystkie krytyczne spostrzeżenia doprowadziły wkrótce do powstania nowych konstrukcji: dział Wirbelwind i Ostwind I.
['David', 'Hemmings', 'wówczas', 'zedytował', 'go', 'ponownie', 'przed', 'brytyjską', 'premierą', 'w', 'lutym', '1979', '.']	[1, 2, 0, 0, 0, 0, 0, 0, 0, 0, 0, 0, 0]	pl	David Hemmings wówczas zedytował go ponownie przed brytyjską premierą w lutym 1979.
"['Według', 'danych', 'na', 'rok', '1990', 'gminę', 'zamieszkiwało', '739', 'osób', ',', 'a', 'gęstość', 'zaludnienia', 'wynosiła', '275', '""', 'osób', '/', 'km', '²', '(', 'wśród', '1786', 'gmin', 'Franche-Comté', 'Messia-sur-Sorne', 'plasuje', 'się', 'na', '221', '.']"	[0, 0, 0, 0, 0, 0, 0, 0, 0, 0, 0, 0, 0, 0, 0, 0, 0, 0, 0, 0, 0, 0, 0, 0, 5, 0, 0, 0, 0, 0, 0]	pl	"Według danych na rok 1990 gminę zamieszkiwało 739 osób, a gęstość zaludnienia wynosiła 275 ""osób / km ² (wśród 1786 gmin Franche-Comté Messia-sur-Sorne plasuje się na 221."
"['Według', 'danych', 'na', 'rok', '1990', 'gminę', 'zamieszkiwało', '300', 'osób', ',', 'a', 'gęstość', 'zaludnienia', 'wynosiła', '53', '""', 'osób', '/', 'km', '²', '(', 'wśród', '1467', 'gmin', 'regionu', 'Poitou-Charentes', 'Fontclaireau', 'plasuje', 'się', 'na', '716', '.']"	[0, 0, 0, 0, 0, 0, 0, 0, 0, 0, 0, 0, 0, 0, 0, 0, 0, 0, 0, 0, 0, 0, 0, 0, 0, 5, 0, 0, 0, 0, 0, 0]	pl	"Według danych na rok 1990 gminę zamieszkiwało 300 osób, a gęstość zaludnienia wynosiła 53 ""osób / km ² (wśród 1467 gmin regionu Poitou-Charentes Fontclaireau plasuje się na 716."
['Alianci', 'nie', 'posiadali', 'także', 'dostatecznej', 'liczby', 'transporterów', 'Universal', 'Carrier', 'i', 'ciężarówek', ',', 'które', 'mogłyby', 'zapewnić', 'dodatkową', 'mobilność', 'oraz', 'wsparcie', 'strzeleckie', 'dla', 'piechoty', 'atakującej', 'spadochroniarzy', '.']	[0, 0, 0, 0, 0, 0, 0, 7, 8, 0, 0, 0, 0, 0, 0, 0, 0, 0, 0, 0, 0, 0, 0, 0, 0]	pl	Alianci nie posiadali także dostatecznej liczby transporterów Universal Carrier i ciężarówek, które mogłyby zapewnić dodatkową mobilność oraz wsparcie strzeleckie dla piechoty atakującej spadochroniarzy.
"['Nazwę', 'wprowadził', 'René-Just', 'Haüy', 'od', 'słów', 'greckich', '""', 'pyr', '""', '=', '""', 'ogień', '""', 'i', '""', 'xenos', '""', '=', '""', 'obcy', '""', '.']"	[0, 0, 1, 2, 0, 0, 0, 0, 0, 0, 0, 0, 0, 0, 0, 0, 0, 0, 0, 0, 0, 0, 0]	pl	"Nazwę wprowadził René-Just Haüy od słów greckich ""pyr"" = ""ogień"" i ""xenos"" = ""obcy""."
['Jan', 'Paweł', 'II', 'kontynuował', 'to', 'podejście', ',', 'twierdząc', ',', 'że', 'postępy', 'nauki', 'wskazują', 'na', 'to', ',', 'że', 'ewolucjonizm', 'jest', 'czymś', 'więcej', 'niż', 'hipotezą', '.']	[1, 2, 2, 0, 0, 0, 0, 0, 0, 0, 0, 0, 0, 0, 0, 0, 0, 0, 0, 0, 0, 0, 0, 0]	pl	Jan Paweł II kontynuował to podejście, twierdząc, że postępy nauki wskazują na to, że ewolucjonizm jest czymś więcej niż hipotezą.
['Trzy', 'grupy', 'bombowe', 'skierowane', 'na', 'Drezno', 'zgubiły', 'się', 'w', 'chmurach', 'i', 'omyłkowo', 'zbombardowały', 'Pragę', '.']	[0, 0, 0, 0, 0, 5, 0, 0, 0, 0, 0, 0, 0, 5, 0]	pl	Trzy grupy bombowe skierowane na Drezno zgubiły się w chmurach i omyłkowo zbombardowały Pragę.
"['Po', 'przeprowadzce', 'do', 'Wiltshire', 'w', '1993', 'wydał', 'kolejny', 'album', 'pt.', '""', 'Ten', 'Summoner', '’', 's', 'Tales', '""', ',', 'którego', 'tytuł', 'stanowi', 'grę', 'słów', 'opartą', 'na', 'prawdziwym', 'nazwisku', 'muzyka', '(', 'Sumner', ')', '.']"	[0, 0, 0, 5, 0, 0, 0, 0, 0, 0, 0, 7, 8, 8, 8, 8, 0, 0, 0, 0, 0, 0, 0, 0, 0, 0, 0, 0, 0, 1, 0, 0]	pl	"Po przeprowadzce do Wiltshire w 1993 wydał kolejny album pt. ""Ten Summoner ’ s Tales"", którego tytuł stanowi grę słów opartą na prawdziwym nazwisku muzyka (Sumner)."
['W', '1939', 'kapłan', 'Tomasz', 'Czernohorski-Fehérváry', 'założył', 'misję', 'mariawicką', 'na', 'Węgrzech', '.']	[0, 0, 0, 1, 2, 0, 0, 0, 0, 5, 0]	pl	W 1939 kapłan Tomasz Czernohorski-Fehérváry założył misję mariawicką na Węgrzech.
['7', 'maja', '2011', 'w', 'wyjazdowym', 'meczu', 'z', 'SM', 'Caen', 'zdobył', 'swojego', 'pierwszego', 'gola', 'w', 'lidze', '.']	[0, 0, 0, 0, 0, 0, 0, 3, 4, 0, 0, 0, 0, 0, 0, 0]	pl	7 maja 2011 w wyjazdowym meczu z SM Caen zdobył swojego pierwszego gola w lidze.
"['""', 'Nur', '""', '–', 'gmina', 'wiejska', 'w', 'województwie', 'mazowieckim', ',', 'w', 'powiecie', 'ostrowskim', '.']"	[0, 5, 0, 0, 0, 0, 0, 0, 0, 0, 0, 0, 0, 0]	pl	"""Nur"" – gmina wiejska w województwie mazowieckim, w powiecie ostrowskim."
"['Cyceron', 'nazwał', 'ją', '""', 'Mutina', 'splendidissima', '""', '(', 'Mutina', 'najpiękniejsza', ')', '.']"	[1, 0, 0, 0, 0, 0, 0, 0, 0, 0, 0, 0]	pl	"Cyceron nazwał ją ""Mutina splendidissima"" (Mutina najpiękniejsza)."
['Wersja', 'albumowa', 'utworu', 'trwa', '6:07', ',', 'wersja', 'radiowa', '4:08', ',', 'zaś', 'remiks', 'Daft', 'Punk', '10:32', '.']	[0, 0, 0, 0, 0, 0, 0, 0, 0, 0, 0, 0, 7, 8, 0, 0]	pl	Wersja albumowa utworu trwa 6:07, wersja radiowa 4:08, zaś remiks Daft Punk 10:32.
['Z', 'kolei', 'Karol', 'Linneusz', '(', '1707', '–', '1778', ')', 'trafił', 'do', 'literatury', 'dzięki', 'swoim', 'spisanym', 'po', 'szwedzku', 'raportom', 'z', 'podróży', 'w', 'różne', 'części', 'Szwecji', '(', 'Dalarna', ',', 'Västergötland', ',', 'Skania', ',', 'Smalandia', ',', 'Laponia', ',', 'Olandia', 'i', 'Gotlandia', ')', '.']	[0, 0, 1, 2, 0, 0, 0, 0, 0, 0, 0, 0, 0, 0, 0, 0, 0, 0, 0, 0, 0, 0, 0, 5, 0, 5, 0, 5, 0, 5, 0, 5, 0, 5, 0, 5, 0, 5, 0, 0]	pl	Z kolei Karol Linneusz (1707 – 1778) trafił do literatury dzięki swoim spisanym po szwedzku raportom z podróży w różne części Szwecji (Dalarna, Västergötland, Skania, Smalandia, Laponia, Olandia i Gotlandia).
['Znajduje', 'się', 'na', 'trasach', 'linii', 'Circle', 'i', 'District', ',', 'pomiędzy', 'stacjami', 'Embankment', 'i', 'Blackfriars', ',', 'w', 'pierwszej', 'strefie', 'biletowej', '.']	[0, 0, 0, 0, 0, 5, 0, 5, 0, 0, 0, 5, 0, 5, 0, 0, 0, 0, 0, 0]	pl	Znajduje się na trasach linii Circle i District, pomiędzy stacjami Embankment i Blackfriars, w pierwszej strefie biletowej.
['Po', 'Grand', 'Prix', 'Włoch', '2006', 'zespół', 'sprzedano', 'holenderskiej', 'firmie', 'Spyker', 'Cars', ',', 'która', 'stała', 'się', 'sponsorem', 'tytularnym', 'teamu', '.']	[0, 7, 8, 8, 8, 0, 0, 0, 0, 3, 4, 0, 0, 0, 0, 0, 0, 0, 0]	pl	Po Grand Prix Włoch 2006 zespół sprzedano holenderskiej firmie Spyker Cars, która stała się sponsorem tytularnym teamu.
['Odtwórcą', 'jego', 'roli', 'jest', 'Jonathan', 'Frakes', '.']	[0, 0, 0, 0, 1, 2, 0]	pl	Odtwórcą jego roli jest Jonathan Frakes.
"['pm', '""', '–', 'domena', 'internetowa', 'przypisana', 'do', 'Saint-Pierre', 'i', 'Miquelon', '.']"	[0, 0, 0, 0, 0, 0, 0, 5, 6, 6, 0]	pl	"pm ""– domena internetowa przypisana do Saint-Pierre i Miquelon."
['W', 'latach', '1771', '-', '1785', 'Charles', 'Coulomb', 'sformułował', 'na', 'podstawie', 'swoich', 'badań', 'prawa', 'elektrostatyki', '.']	[0, 0, 0, 0, 0, 1, 2, 0, 0, 0, 0, 0, 0, 0, 0]	pl	W latach 1771 - 1785 Charles Coulomb sformułował na podstawie swoich badań prawa elektrostatyki.
['Kimi', 'Räikkönen', 'przyhamował', ',', 'by', 'nie', 'uderzyć', 'Villeneuva', '.']	[1, 2, 0, 0, 0, 0, 0, 5, 0]	pl	Kimi Räikkönen przyhamował, by nie uderzyć Villeneuva.
"['""', 'Pachydactylus', 'rangei', '""', '–', 'gatunek', 'gada', 'z', 'rodziny', 'gekonowatych', 'występujący', 'na', 'pustyni', 'Namib', '.']"	[0, 0, 0, 0, 0, 0, 0, 0, 0, 0, 0, 0, 0, 5, 0]	pl	"""Pachydactylus rangei"" – gatunek gada z rodziny gekonowatych występujący na pustyni Namib."
['Film', 'został', 'wyprodukowany', 'przez', 'brytyjską', 'telewizję', 'BBC', ',', 'niemiecką', 'telewizję', 'ZDF', ',', 'francuską', 'telewizję', 'France2', ',', 'włoską', 'telewizję', 'RAI', ',', 'rosyjską', 'telewizję', 'Rossija', ',', 'hiszpańską', 'telewizję', 'TVE', 'i', 'polską', 'telewizję', 'Polsat', ',', 'która', 'również', 'otrzymała', 'prawa', 'emisji', 'na', 'terenie', 'Węgier', ',', 'Litwy', ',', 'Łotwy', 'i', 'Estonii', '.']	[0, 0, 0, 0, 0, 0, 3, 0, 0, 0, 3, 0, 0, 0, 3, 0, 0, 0, 3, 0, 0, 0, 3, 0, 0, 0, 3, 0, 0, 0, 3, 0, 0, 0, 0, 0, 0, 0, 0, 5, 0, 5, 0, 5, 0, 5, 0]	pl	Film został wyprodukowany przez brytyjską telewizję BBC, niemiecką telewizję ZDF, francuską telewizję France2, włoską telewizję RAI, rosyjską telewizję Rossija, hiszpańską telewizję TVE i polską telewizję Polsat, która również otrzymała prawa emisji na terenie Węgier, Litwy, Łotwy i Estonii.
['26', 'czerwca', '1989', 'w', 'Darmstadt', ')', '–', 'włoski', 'piłkarz', 'grający', 'na', 'pozycji', 'napastnika', 'w', 'holenderskim', 'klubie', 'VVV', 'Venlo', '.']	[0, 0, 0, 0, 5, 0, 0, 0, 0, 0, 0, 0, 0, 0, 0, 0, 3, 4, 0]	pl	26 czerwca 1989 w Darmstadt) – włoski piłkarz grający na pozycji napastnika w holenderskim klubie VVV Venlo.
"['Według', 'danych', 'na', 'rok', '1990', 'gminę', 'zamieszkiwało', '335', 'osób', ',', 'a', 'gęstość', 'zaludnienia', 'wynosiła', '77', '""', 'osób', '/', 'km', '²', '(', 'wśród', '1786', 'gmin', 'Franche-Comté', 'Breuchotte', 'plasuje', 'się', 'na', '428', '.']"	[0, 0, 0, 0, 0, 0, 0, 0, 0, 0, 0, 0, 0, 0, 0, 0, 0, 0, 0, 0, 0, 0, 0, 0, 5, 0, 0, 0, 0, 0, 0]	pl	"Według danych na rok 1990 gminę zamieszkiwało 335 osób, a gęstość zaludnienia wynosiła 77 ""osób / km ² (wśród 1786 gmin Franche-Comté Breuchotte plasuje się na 428."
['Swoje', 'pierwsze', 'walki', 'stoczył', 'w', 'Boise', '.']	[0, 0, 0, 0, 0, 5, 0]	pl	Swoje pierwsze walki stoczył w Boise.
['W', '1995', 'roku', 'budynek', 'synagogi', 'zakupiła', 'Galeria', 'Starmach', ',', 'gdzie', 'od', '1997', 'po', 'jego', 'gruntownym', 'odnowieniu', 'i', 'adaptacji', 'mieści', 'się', 'jej', 'główna', 'siedziba', '.']	[0, 0, 0, 0, 0, 0, 5, 6, 0, 0, 0, 0, 0, 0, 0, 0, 0, 0, 0, 0, 0, 0, 0, 0]	pl	W 1995 roku budynek synagogi zakupiła Galeria Starmach, gdzie od 1997 po jego gruntownym odnowieniu i adaptacji mieści się jej główna siedziba.
"['Nazwę', '""', 'purpura', 'wzrokowa', '""', 'nadał', 'mu', 'w', 'roku', '1877', 'Wilhelm', 'Kühne', '.']"	[0, 0, 0, 0, 0, 0, 0, 0, 0, 0, 1, 2, 0]	pl	"Nazwę ""purpura wzrokowa"" nadał mu w roku 1877 Wilhelm Kühne."
['8', 'lipca', '2016', 'podpisał', 'umowę', 'z', 'Brooklyn', 'Nets', '.']	[0, 0, 0, 0, 0, 0, 3, 4, 0]	pl	8 lipca 2016 podpisał umowę z Brooklyn Nets.
['Promowany', 'został', 'za', 'pracę', ':', '„', 'Die', 'Immunität', 'der', 'Mitglieder', 'des', 'Reichstages', 'und', 'der', 'Landtage', '”', 'w', 'Gießen', '.']	[0, 0, 0, 0, 0, 0, 0, 0, 0, 0, 0, 0, 0, 0, 0, 0, 0, 5, 0]	pl	Promowany został za pracę: „Die Immunität der Mitglieder des Reichstages und der Landtage ” w Gießen.
['W', 'związku', 'z', 'tym', 'Ron', 'Tauranac', 'opuścił', 'zespół', '.']	[0, 0, 0, 0, 1, 2, 0, 0, 0]	pl	W związku z tym Ron Tauranac opuścił zespół.
['W', 'rywalizacji', 'o', 'oficjalną', 'kandydaturę', 'pozostał', 'Nowy', 'Jork', 'i', 'San', 'Francisco', '.']	[0, 0, 0, 0, 0, 0, 5, 6, 0, 5, 6, 0]	pl	W rywalizacji o oficjalną kandydaturę pozostał Nowy Jork i San Francisco.
['W', 'sezonie', '1966', '/', '67', 'w', 'składzie', 'pojawili', 'się', 'tacy', 'piłkarze', 'jak', 'Jan', 'Rudnow', 'czy', 'Bronisław', 'Bula', ',', 'a', 'klub', 'znalazł', 'się', 'po', 'raz', '16', '.']	[0, 0, 0, 0, 0, 0, 0, 0, 0, 0, 0, 0, 1, 2, 0, 1, 2, 0, 0, 0, 0, 0, 0, 0, 0, 0]	pl	W sezonie 1966 / 67 w składzie pojawili się tacy piłkarze jak Jan Rudnow czy Bronisław Bula, a klub znalazł się po raz 16.
['W', '1863', 'udał', 'się', 'do', 'kurortu', 'Vichy', ',', 'ale', 'jego', 'stan', 'zdrowia', 'nadal', 'się', 'pogarszał', '.']	[0, 0, 0, 0, 0, 0, 5, 0, 0, 0, 0, 0, 0, 0, 0, 0]	pl	W 1863 udał się do kurortu Vichy, ale jego stan zdrowia nadal się pogarszał.
"['Według', 'danych', 'na', 'rok', '1990', 'gminę', 'zamieszkiwało', '466', 'osób', ',', 'a', 'gęstość', 'zaludnienia', 'wynosiła', '73', '""', 'osoby', '/', 'km', '²', '(', 'wśród', '1786', 'gmin', 'Franche-Comté', 'Dommartin', 'plasuje', 'się', 'na', '334', '.']"	[0, 0, 0, 0, 0, 0, 0, 0, 0, 0, 0, 0, 0, 0, 0, 0, 0, 0, 0, 0, 0, 0, 0, 0, 5, 0, 0, 0, 0, 0, 0]	pl	"Według danych na rok 1990 gminę zamieszkiwało 466 osób, a gęstość zaludnienia wynosiła 73 ""osoby / km ² (wśród 1786 gmin Franche-Comté Dommartin plasuje się na 334."
['Podobny', 'los', 'spotkał', 'angielski', 'okręt', '„', 'Mary', 'Rose', '”', '–', 'zatonął', 'on', '19', 'lipca', '1545', 'roku', ',', 'płynąc', 'do', 'akcji', 'bojowej', 'przeciw', 'flocie', 'francuskiej', '.']	[0, 0, 0, 0, 0, 0, 7, 8, 0, 0, 0, 0, 0, 0, 0, 0, 0, 0, 0, 0, 0, 0, 0, 0, 0]	pl	Podobny los spotkał angielski okręt „Mary Rose ” – zatonął on 19 lipca 1545 roku, płynąc do akcji bojowej przeciw flocie francuskiej.
['Film', 'został', 'nakręcony', 'w', 'Rio', 'de', 'Janeiro', 'w', 'Brazylii', '.']	[0, 0, 0, 0, 5, 6, 6, 0, 5, 0]	pl	Film został nakręcony w Rio de Janeiro w Brazylii.
['W', '1995', 'Bertie', 'Ahern', ',', 'nowy', 'lider', 'partii', 'i', 'nowy', 'lider', 'opozycji', ',', 'powołał', 'swój', 'gabinet', 'cieni', ',', 'w', 'którym', 'była', 'odpowiedzialna', 'za', 'reformę', 'edukacji', '.']	[0, 0, 1, 2, 0, 0, 0, 0, 0, 0, 0, 0, 0, 0, 0, 0, 0, 0, 0, 0, 0, 0, 0, 0, 0, 0]	pl	W 1995 Bertie Ahern, nowy lider partii i nowy lider opozycji, powołał swój gabinet cieni, w którym była odpowiedzialna za reformę edukacji.
['Na', 'południu', 'i', 'wschodzie', 'jedynie', 'nieliczne', 'rzeki', 'okresowe', '(', 'najdłuższa', 'Wadi', 'Dara', ')', ',', 'które', 'płyną', 'wąwozami', 'po', 'czym', 'giną', 'w', 'piaskach', 'Sahary', '.']	[0, 0, 0, 0, 0, 0, 0, 0, 0, 0, 5, 6, 0, 0, 0, 0, 0, 0, 0, 0, 0, 0, 5, 0]	pl	Na południu i wschodzie jedynie nieliczne rzeki okresowe (najdłuższa Wadi Dara), które płyną wąwozami po czym giną w piaskach Sahary.
['Turniej', 'zakończyła', 'porażką', 'w', 'trzeciej', 'rundzie', 'z', 'Alizé', 'Cornet', '2:6', ',', '1:6', '.']	[0, 0, 0, 0, 0, 0, 0, 1, 2, 0, 0, 0, 0]	pl	Turniej zakończyła porażką w trzeciej rundzie z Alizé Cornet 2:6, 1:6.
['Siedziba', 'gminy', 'to', 'Budry', '.']	[0, 0, 0, 5, 0]	pl	Siedziba gminy to Budry.
['Wydarzeniem', ',', 'które', 'wywarło', 'duży', 'wpływ', 'na', 'ówczesnych', 'nacjonalistów', ',', 'było', 'przejęcie', 'miasta', 'Fiume', 'przez', 'poetę', 'Gabriele', 'D', '’', 'Annunzio', '.']	[0, 0, 0, 0, 0, 0, 0, 0, 0, 0, 0, 0, 0, 5, 0, 0, 1, 2, 2, 2, 0]	pl	Wydarzeniem, które wywarło duży wpływ na ówczesnych nacjonalistów, było przejęcie miasta Fiume przez poetę Gabriele D ’ Annunzio.
"['""', 'Beyrie-sur-Joyeuse', '""', '–', 'miejscowość', 'i', 'gmina', 'we', 'Francji', ',', 'w', 'regionie', 'Nowa', 'Akwitania', ',', 'w', 'departamencie', 'Pireneje', 'Atlantyckie', '.']"	[0, 0, 0, 0, 0, 0, 0, 0, 5, 0, 0, 0, 5, 6, 0, 0, 0, 5, 6, 0]	pl	"""Beyrie-sur-Joyeuse"" – miejscowość i gmina we Francji, w regionie Nowa Akwitania, w departamencie Pireneje Atlantyckie."
['Związkowi', 'przewodniczy', 'największe', 'miasto', '–', 'Wejherowo', '.']	[0, 0, 0, 0, 0, 5, 0]	pl	Związkowi przewodniczy największe miasto – Wejherowo.
"[',', 'jednak', 'są', 'tu', 'również', 'utwory', '(', 'np.', '„', '213', '”', ',', 'albo', 'utwór', 'tytułowy', ')', ',', 'które', 'bardziej', 'przypominają', 'dokonania', 'z', 'chociażby', '""', 'South', 'of', 'Heaven', '""', 'czy', 'też', '""', 'Seasons', 'in', 'the', 'Abyss', '""', '.']"	[0, 0, 0, 0, 0, 0, 0, 0, 0, 0, 0, 0, 0, 0, 0, 0, 0, 0, 0, 0, 0, 0, 0, 0, 7, 8, 8, 0, 0, 0, 0, 7, 8, 8, 8, 0, 0]	pl	", jednak są tu również utwory (np. „213 ”, albo utwór tytułowy), które bardziej przypominają dokonania z chociażby"" South of Heaven ""czy też"" Seasons in the Abyss ""."
['Konserwatywny', 'prezydent', 'Gustavo', 'Díaz', 'Ordaz', 'nie', 'zamierzał', 'przystawać', 'na', 'żądania', 'protestujących', ',', 'rozpoczynając', 'represje', 'środowisk', 'uniwersyteckich', '.']	[0, 0, 1, 2, 2, 0, 0, 0, 0, 0, 0, 0, 0, 0, 0, 0, 0]	pl	Konserwatywny prezydent Gustavo Díaz Ordaz nie zamierzał przystawać na żądania protestujących, rozpoczynając represje środowisk uniwersyteckich.
['Dodatkowo', 'producent', 'nawiązał', 'romans', 'z', 'odtwórczynią', 'głównej', 'roli', 'Jennifer', 'Jones', ',', 'co', 'przyczyniło', 'się', 'do', 'rozpadu', 'jego', 'małżeństwa', '.']	[0, 0, 0, 0, 0, 0, 0, 0, 1, 2, 0, 0, 0, 0, 0, 0, 0, 0, 0]	pl	Dodatkowo producent nawiązał romans z odtwórczynią głównej roli Jennifer Jones, co przyczyniło się do rozpadu jego małżeństwa.
"['Ufundował', 'obserwatorium', 'astronomiczne', '""', 'Lowell', 'Observatory', '""', 'w', 'Flagstaff', 'w', 'stanie', 'Arizona', 'i', 'zapoczątkował', 'starania', ',', 'które', 'doprowadziły', 'do', 'odkrycia', 'Plutona', '14', 'lat', 'po', 'jego', 'śmierci', '.']"	[0, 0, 0, 0, 5, 6, 0, 0, 5, 0, 0, 5, 0, 0, 0, 0, 0, 0, 0, 0, 5, 0, 0, 0, 0, 0, 0]	pl	"Ufundował obserwatorium astronomiczne ""Lowell Observatory"" w Flagstaff w stanie Arizona i zapoczątkował starania, które doprowadziły do odkrycia Plutona 14 lat po jego śmierci."
['W', 'dolnej', 'części', 'znajduje', 'się', 'przystanek', 'kolejowy', 'Szczecin', 'Żelechowo', ',', 'obecnie', 'nie', 'wykorzystywany', 'do', 'przewozów', 'pasażerskich', '.']	[0, 0, 0, 0, 0, 0, 0, 5, 6, 0, 0, 0, 0, 0, 0, 0, 0]	pl	W dolnej części znajduje się przystanek kolejowy Szczecin Żelechowo, obecnie nie wykorzystywany do przewozów pasażerskich.
"['Znana', 'amerykańskiej', 'publiczności', 'po', 'roli', 'w', '""', 'Podejrzanym', '""', '(', '2000', ')', ',', 'gwiazdą', 'światowego', 'formatu', 'i', 'współczesnym', 'symbolem', 'seksu', 'stała', 'się', 'po', 'występie', 'w', '""', 'Malenie', '""', 'Giuseppe', 'Tornatore', '(', '2000', ')', '.']"	[0, 0, 0, 0, 0, 0, 0, 7, 0, 0, 0, 0, 0, 0, 0, 0, 0, 0, 0, 0, 0, 0, 0, 0, 0, 0, 7, 0, 1, 2, 0, 0, 0, 0]	pl	"Znana amerykańskiej publiczności po roli w ""Podejrzanym"" (2000), gwiazdą światowego formatu i współczesnym symbolem seksu stała się po występie w ""Malenie"" Giuseppe Tornatore (2000)."
"['""', 'Kowale', 'Oleckie', '""', '–', 'gmina', 'wiejska', 'w', 'województwie', 'warmińsko-mazurskim', ',', 'w', 'powiecie', 'oleckim', '.']"	[0, 5, 6, 0, 0, 0, 0, 0, 0, 0, 0, 0, 0, 0, 0]	pl	"""Kowale Oleckie"" – gmina wiejska w województwie warmińsko-mazurskim, w powiecie oleckim."
['1,1', 'km', 'na', 'północny', 'wschód', 'znajdują', 'się', 'źródła', 'rzeki', 'Mała', 'Panew', '.']	[0, 0, 0, 0, 0, 0, 0, 0, 0, 5, 6, 0]	pl	1,1 km na północny wschód znajdują się źródła rzeki Mała Panew.
"['""', 'Larressingle', '""', '–', 'miejscowość', 'i', 'gmina', 'we', 'Francji', ',', 'w', 'regionie', 'Oksytania', ',', 'w', 'departamencie', 'Gers', '.']"	[0, 0, 0, 0, 0, 0, 0, 0, 5, 0, 0, 0, 5, 0, 0, 0, 5, 0]	pl	"""Larressingle"" – miejscowość i gmina we Francji, w regionie Oksytania, w departamencie Gers."
['w', 'Calais', ')', '–', 'francuski', 'piłkarz', 'i', 'trener', ',', 'reprezentant', 'kraju', '.']	[0, 5, 0, 0, 0, 0, 0, 0, 0, 0, 0, 0]	pl	w Calais) – francuski piłkarz i trener, reprezentant kraju.
['Wieś', 'lokował', 'Bolesław', 'IV', 'warszawski', 'w', '1447', 'na', 'prawie', 'chełmińskim', '.']	[0, 0, 1, 2, 2, 0, 0, 0, 0, 0, 0]	pl	Wieś lokował Bolesław IV warszawski w 1447 na prawie chełmińskim.
['Jego', 'pierwszym', 'klubem', 'był', 'Eintracht', 'Frankfurt', ',', 'który', 'trenował', 'w', 'sezonie', '1993', '/', '1994', '.']	[0, 0, 0, 0, 3, 4, 0, 0, 0, 0, 0, 0, 0, 0, 0]	pl	Jego pierwszym klubem był Eintracht Frankfurt, który trenował w sezonie 1993 / 1994.
['Szafuza', 'jest', 'też', 'drugim', 'co', 'do', 'wielkości', 'producentem', 'wina', 'w', 'niemieckojęzycznej', 'części', 'Szwajcarii', '.']	[5, 0, 0, 0, 0, 0, 0, 0, 0, 0, 0, 0, 5, 0]	pl	Szafuza jest też drugim co do wielkości producentem wina w niemieckojęzycznej części Szwajcarii.
['powierzchnia', 'gminy', 'wynosi', '159,75', 'km', '²', ',', 'z', 'czego', 'miasto', 'Bodzentyn', 'zajmuje', '8,65', 'km', '²', ',', 'zaś', 'obszary', 'wiejskie', '–', '151,10', 'km', '²', '.']	[0, 0, 0, 0, 0, 0, 0, 0, 0, 0, 5, 0, 0, 0, 0, 0, 0, 0, 0, 0, 0, 0, 0, 0]	pl	powierzchnia gminy wynosi 159,75 km ², z czego miasto Bodzentyn zajmuje 8,65 km ², zaś obszary wiejskie – 151,10 km ².
['x', 'do', 'najnowszych', '(', 'minimalna', 'wymagana', 'do', 'działania', 'wersja', 'PHP', '5.2.10', 'nie', 'jest', 'zalecana', 'ze', 'względów', 'bezpieczeństwa', 'środowiska', 'serwera', 'i', 'zwiększonej', 'podatności', 'na', 'ataki', 'zewnętrzne', ')', '.']	[0, 0, 0, 0, 0, 0, 0, 0, 0, 7, 0, 0, 0, 0, 0, 0, 0, 0, 0, 0, 0, 0, 0, 0, 0, 0, 0]	pl	x do najnowszych (minimalna wymagana do działania wersja PHP 5.2.10 nie jest zalecana ze względów bezpieczeństwa środowiska serwera i zwiększonej podatności na ataki zewnętrzne).
"['""', 'Rennes-sur-Loue', '""', '–', 'miejscowość', 'i', 'gmina', 'we', 'Francji', ',', 'w', 'regionie', 'Burgundia-Franche-Comté', ',', 'w', 'departamencie', 'Doubs', '.']"	[0, 0, 0, 0, 0, 0, 0, 0, 5, 0, 0, 0, 5, 0, 0, 0, 5, 0]	pl	"""Rennes-sur-Loue"" – miejscowość i gmina we Francji, w regionie Burgundia-Franche-Comté, w departamencie Doubs."
['Górzysta', 'strefa', 'rozciągająca', 'się', 'pomiędzy', 'Zhengzhou', 'a', 'Luoyang', 'składa', 'się', 'z', 'dwóch', 'głównych', 'pasm', 'górskich', 'i', 'łącznie', 'liczy', 'ponad', '70', 'szczytów', '.']	[0, 0, 0, 0, 0, 5, 0, 5, 0, 0, 0, 0, 0, 0, 0, 0, 0, 0, 0, 0, 0, 0]	pl	Górzysta strefa rozciągająca się pomiędzy Zhengzhou a Luoyang składa się z dwóch głównych pasm górskich i łącznie liczy ponad 70 szczytów.
['Kawiarnię', 'chętnie', 'odwiedzał', 'miłośnik', 'szachów', 'Benjamin', 'Franklin', ',', 'który', 'był', 'wówczas', 'ambasadorem', 'Stanów', 'Zjednoczonych', 'w', 'Paryżu', ',', 'a', 'także', 'muzyk', ',', 'pisarz', ',', 'wynalazca', 'i', 'polityk', '–', 'Pierre', 'de', 'Beaumarchais', '.']	[0, 0, 0, 0, 0, 1, 2, 0, 0, 0, 0, 0, 5, 6, 0, 5, 0, 0, 0, 0, 0, 0, 0, 0, 0, 0, 0, 1, 2, 2, 0]	pl	Kawiarnię chętnie odwiedzał miłośnik szachów Benjamin Franklin, który był wówczas ambasadorem Stanów Zjednoczonych w Paryżu, a także muzyk, pisarz, wynalazca i polityk – Pierre de Beaumarchais.
['W', 'latach', '1967', '-', '1987', 'był', 'żonaty', 'z', 'brytyjską', 'wiolonczelistką', ',', 'Jacqueline', 'du', 'Pré', '.']	[0, 0, 0, 0, 0, 0, 0, 0, 0, 0, 0, 1, 2, 2, 0]	pl	W latach 1967 - 1987 był żonaty z brytyjską wiolonczelistką, Jacqueline du Pré.
['Stolicą', 'jest', 'Sant', 'Feliu', 'de', 'Llobregat', ',', 'a', 'największym', 'miastem', '–', 'Cornellà', 'de', 'Llobregat', '.']	[0, 0, 5, 6, 6, 6, 0, 0, 0, 0, 0, 5, 6, 6, 0]	pl	Stolicą jest Sant Feliu de Llobregat, a największym miastem – Cornellà de Llobregat.
['Następnie', 'fabrykę', 'kupiła', 'spółka', 'Intrall', '.']	[0, 0, 0, 0, 3, 0]	pl	Następnie fabrykę kupiła spółka Intrall.
['W', 'wyniku', 'przeprowadzonych', 'badań', 'całej', 'populacji', 'Whickham', 'w', 'brytyjskim', 'hrabstwie', 'Tyne', 'and', 'Wear', 'stwierdzono', ',', 'że', '1,9', '–', '2,7', '%', 'kobiet', 'miało', 'nadczynność', 'tarczycy', '(', 'w', 'przeszłości', 'lub', 'w', 'okresie', 'przeprowadzanych', 'testów', ')', ',', 'a', '1,9', '%', 'kobiet', 'miało', 'jawną', 'niedoczynność', 'tarczycy', '.']	[0, 0, 0, 0, 0, 0, 5, 0, 0, 0, 5, 6, 6, 0, 0, 0, 0, 0, 0, 0, 0, 0, 0, 0, 0, 0, 0, 0, 0, 0, 0, 0, 0, 0, 0, 0, 0, 0, 0, 0, 0, 0, 0]	pl	W wyniku przeprowadzonych badań całej populacji Whickham w brytyjskim hrabstwie Tyne and Wear stwierdzono, że 1,9 – 2,7% kobiet miało nadczynność tarczycy (w przeszłości lub w okresie przeprowadzanych testów), a 1,9% kobiet miało jawną niedoczynność tarczycy.
"['W', 'tym', 'samym', 'roku', 'papież', 'Grzegorz', 'IX', 'w', 'konstytucji', '""', 'Excommunicamus', '&', 'anathemicus', '""', 'oficjalnie', 'zaaprobował', 'cesarskie', 'ustawy', ',', 'akceptując', 'tym', 'samym', 'wymierzanie', 'heretykom', 'kary', 'śmierci', '.']"	[0, 0, 0, 0, 0, 1, 2, 0, 0, 0, 0, 0, 0, 0, 0, 0, 0, 0, 0, 0, 0, 0, 0, 0, 0, 0, 0]	pl	"W tym samym roku papież Grzegorz IX w konstytucji ""Excommunicamus & anathemicus"" oficjalnie zaaprobował cesarskie ustawy, akceptując tym samym wymierzanie heretykom kary śmierci."
['Najwięcej', 'medali', '–', 'trzy', '–', 'zdobył', 'reprezentant', 'Francji', 'w', 'narciarstwie', 'alpejskim', ',', 'Henri', 'Oreiller', '.']	[0, 0, 0, 0, 0, 0, 0, 5, 0, 0, 0, 0, 1, 2, 0]	pl	Najwięcej medali – trzy – zdobył reprezentant Francji w narciarstwie alpejskim, Henri Oreiller.
['Większość', 'pozostałych', 'wysp', 'została', 'przyłączona', 'do', 'Queensland', 'w', 'roku', '1879', '.']	[0, 0, 0, 0, 0, 0, 5, 0, 0, 0, 0]	pl	Większość pozostałych wysp została przyłączona do Queensland w roku 1879.
"['""', 'Saint-Bonnet-près-Orcival', '""', '–', 'miejscowość', 'i', 'gmina', 'we', 'Francji', ',', 'w', 'regionie', 'Owernia-Rodan-Alpy', ',', 'w', 'departamencie', 'Puy-de-Dôme', '.']"	[0, 0, 0, 0, 0, 0, 0, 0, 5, 0, 0, 0, 5, 0, 0, 0, 5, 0]	pl	"""Saint-Bonnet-près-Orcival"" – miejscowość i gmina we Francji, w regionie Owernia-Rodan-Alpy, w departamencie Puy-de-Dôme."
['Wykupił', 'prawa', 'do', 'drukowania', 'logo', 'firmy', 'Harley-Davidson', '.']	[0, 0, 0, 0, 0, 0, 3, 0]	pl	Wykupił prawa do drukowania logo firmy Harley-Davidson.
"['Język', 'TypeScript', 'wspiera', 'pliki', 'nagłówkowe', 'dodające', 'informacje', 'o', 'typach', 'do', 'istniejących', 'bibliotek', 'JavaScript', '(', '""', 'Ambients', '""', ')', '.']"	[0, 0, 0, 0, 0, 0, 0, 0, 0, 0, 0, 0, 7, 0, 0, 0, 0, 0, 0]	pl	"Język TypeScript wspiera pliki nagłówkowe dodające informacje o typach do istniejących bibliotek JavaScript (""Ambients"")."
"['W', 'Hollywood', 'trwało', 'wówczas', 'szeroko', 'komentowane', 'i', 'nagłaśniane', 'w', 'mediach', 'poszukiwanie', 'odpowiedniej', 'aktorki', 'do', 'roli', 'Scarlett', 'O', '’', 'Hary', 'w', 'produkowanym', 'przez', 'Davida', 'O.', 'Selznicka', 'dziele', '""', 'Przeminęło', 'z', 'wiatrem', '""', '(', '1939', ')', '.']"	[0, 5, 0, 0, 0, 0, 0, 0, 0, 0, 0, 0, 0, 0, 0, 8, 8, 8, 8, 0, 0, 0, 1, 2, 2, 0, 0, 8, 8, 8, 0, 0, 0, 0, 0]	pl	"W Hollywood trwało wówczas szeroko komentowane i nagłaśniane w mediach poszukiwanie odpowiedniej aktorki do roli Scarlett O ’ Hary w produkowanym przez Davida O. Selznicka dziele ""Przeminęło z wiatrem"" (1939)."
['24', 'lutego', '2016', 'przeszedł', 'do', 'białoruskiego', 'klubu', 'Tarpieda-BiełAZ', 'Żodzino', ',', 'w', 'którym', 'grał', 'do', '26', 'czerwca', '2016', '.']	[0, 0, 0, 0, 0, 0, 0, 3, 4, 0, 0, 0, 0, 0, 0, 0, 0, 0]	pl	24 lutego 2016 przeszedł do białoruskiego klubu Tarpieda-BiełAZ Żodzino, w którym grał do 26 czerwca 2016.
['Złoty', 'medal', 'zdobył', 'włoski', 'łyżwiarz', 'Enrico', 'Fabris', '.']	[0, 0, 0, 0, 0, 1, 2, 0]	pl	Złoty medal zdobył włoski łyżwiarz Enrico Fabris.
['W', 'rolach', 'głównych', 'wystąpili', 'w', 'nim', 'Sean', 'Connery', 'i', 'Catherine', 'Zeta-Jones', '.']	[0, 0, 0, 0, 0, 0, 1, 2, 0, 1, 2, 0]	pl	W rolach głównych wystąpili w nim Sean Connery i Catherine Zeta-Jones.
['Na', 'północnym', 'zachodzie', 'graniczy', 'z', 'Dżibuti', ',', 'na', 'zachodzie', 'z', 'Etiopią', ',', 'zaś', 'na', 'południowym', 'zachodzie', 'z', 'Kenią', '.']	[0, 0, 0, 0, 0, 5, 0, 0, 0, 0, 5, 0, 0, 0, 0, 0, 0, 5, 0]	pl	Na północnym zachodzie graniczy z Dżibuti, na zachodzie z Etiopią, zaś na południowym zachodzie z Kenią.
['W', 'przeciwieństwie', 'do', 'większości', 'niemieckojęzycznych', 'kanałów', 'z', 'tej', 'grupy', ',', 'nie', 'jest', 'nadawany', 'z', 'Kolonii', ',', 'lecz', 'z', 'Grünwaldu', 'pod', 'Monachium', '.']	[0, 0, 0, 0, 0, 0, 0, 0, 0, 0, 0, 0, 0, 0, 5, 0, 0, 0, 5, 0, 5, 0]	pl	W przeciwieństwie do większości niemieckojęzycznych kanałów z tej grupy, nie jest nadawany z Kolonii, lecz z Grünwaldu pod Monachium.
['Rosyjski', 'Kościół', 'Prawosławny', 'jednakże', 'do', 'dnia', 'dzisiejszego', 'nie', 'uznał', 'prawdziwości', 'odnalezionych', 'szczątków', '.']	[3, 4, 4, 0, 0, 0, 0, 0, 0, 0, 0, 0, 0]	pl	Rosyjski Kościół Prawosławny jednakże do dnia dzisiejszego nie uznał prawdziwości odnalezionych szczątków.
"['Tekst', 'ten', 'nie', 'wzbudzał', 'emocji', 'wśród', 'badaczy', 'do', '1837', 'roku', ',', 'kiedy', 'to', 'Michał', 'Wiszniewski', 'opublikował', 'jego', 'treść', 'w', 'swych', '""', 'Pomnikach', 'historii', 'i', 'literatury', 'polskiej', '""', ',', 'znacznie', 'ułatwiając', 'doń', 'dostęp', 'i', 'dając', 'tym', 'samym', 'początek', 'naukowej', 'dyskusji', 'nad', 'tym', 'aktem', '.']"	[0, 0, 0, 0, 0, 0, 0, 0, 0, 0, 0, 0, 0, 1, 2, 0, 0, 0, 0, 0, 0, 0, 0, 0, 0, 0, 0, 0, 0, 0, 0, 0, 0, 0, 0, 0, 0, 0, 0, 0, 0, 0, 0]	pl	"Tekst ten nie wzbudzał emocji wśród badaczy do 1837 roku, kiedy to Michał Wiszniewski opublikował jego treść w swych ""Pomnikach historii i literatury polskiej"", znacznie ułatwiając doń dostęp i dając tym samym początek naukowej dyskusji nad tym aktem."
['Jakuba', ',', 'udających', 'się', 'do', 'Santiago', 'de', 'Compostela', '.']	[0, 0, 0, 0, 0, 5, 6, 6, 0]	pl	Jakuba, udających się do Santiago de Compostela.
['Na', 'odcinku', 'odrzańskim', 'granica', 'dzieli', 'na', 'część', 'niemiecką', 'i', 'polską', 'miasta', 'Frankfurt', 'nad', 'Odrą', '/', 'Słubice', '.']	[0, 0, 0, 0, 0, 0, 0, 0, 0, 0, 0, 5, 6, 6, 0, 5, 0]	pl	Na odcinku odrzańskim granica dzieli na część niemiecką i polską miasta Frankfurt nad Odrą / Słubice.
"['""', 'Raucourt-au-Bois', '""', '–', 'miejscowość', 'i', 'gmina', 'we', 'Francji', ',', 'w', 'regionie', 'Hauts-de-France', ',', 'w', 'departamencie', 'Nord', '.']"	[0, 0, 0, 0, 0, 0, 0, 0, 5, 0, 0, 0, 5, 0, 0, 0, 5, 0]	pl	"""Raucourt-au-Bois"" – miejscowość i gmina we Francji, w regionie Hauts-de-France, w departamencie Nord."
['14', 'lipca', '1978', 'roku', 'United', 'Airlines', 'złożyły', 'zamówienie', 'na', '30', 'samolotów', '.']	[0, 0, 0, 0, 3, 4, 0, 0, 0, 0, 0, 0]	pl	14 lipca 1978 roku United Airlines złożyły zamówienie na 30 samolotów.
['Jego', 'dorobek', 'to', '12', 'meczów', 'i', '1', 'gol', '(', 'w', 'przegranym', '1:2', 'meczu', 'z', 'FK', 'Moskwa', ')', '.']	[0, 0, 0, 0, 0, 0, 0, 0, 0, 0, 0, 0, 0, 0, 3, 4, 0, 0]	pl	Jego dorobek to 12 meczów i 1 gol (w przegranym 1:2 meczu z FK Moskwa).
"['""', 'Sudety', 'Środkowe', '""', 'to', 'makroregion', 'w', 'Sudetach', '.']"	[0, 5, 6, 0, 0, 0, 0, 5, 0]	pl	"""Sudety Środkowe"" to makroregion w Sudetach."
['„', 'Scharnhorst', '”', 'dwa', 'razy', 'został', 'uszkodzony', 'bliskim', 'wybuchem', 'miny', 'i', 'udał', 'się', 'do', 'Wilhelmshaven', 'na', 'naprawę', ',', 'gdzie', 'pozostał', 'przez', 'następne', '8', 'miesięcy', '.']	[0, 5, 0, 0, 0, 0, 0, 0, 0, 0, 0, 0, 0, 0, 5, 0, 0, 0, 0, 0, 0, 0, 0, 0, 0]	pl	„Scharnhorst ” dwa razy został uszkodzony bliskim wybuchem miny i udał się do Wilhelmshaven na naprawę, gdzie pozostał przez następne 8 miesięcy.
['Został', 'również', 'wprowadzony', 'na', 'obszary', 'stanów', ':', 'Waszyngton', ',', 'Utah', ',', 'Arizona', ',', 'Nowy', 'Meksyk', ',', 'gdzie', 'dobrze', 'się', 'zaaklimatyzował', '.']	[0, 0, 0, 0, 0, 0, 0, 5, 0, 5, 0, 5, 0, 5, 6, 0, 0, 0, 0, 0, 0]	pl	Został również wprowadzony na obszary stanów: Waszyngton, Utah, Arizona, Nowy Meksyk, gdzie dobrze się zaaklimatyzował.
"['Według', 'danych', 'na', 'rok', '1990', 'gminę', 'zamieszkiwało', '676', 'osób', ',', 'a', 'gęstość', 'zaludnienia', 'wynosiła', '38', '""', 'osób', '/', 'km', '²', '(', 'wśród', '1467', 'gmin', 'regionu', 'Poitou-Charentes', 'Saint-Martin-de-Bernegoue', 'plasuje', 'się', 'na', '447', '.']"	[0, 0, 0, 0, 0, 0, 0, 0, 0, 0, 0, 0, 0, 0, 0, 0, 0, 0, 0, 0, 0, 0, 0, 0, 0, 5, 0, 0, 0, 0, 0, 0]	pl	"Według danych na rok 1990 gminę zamieszkiwało 676 osób, a gęstość zaludnienia wynosiła 38 ""osób / km ² (wśród 1467 gmin regionu Poitou-Charentes Saint-Martin-de-Bernegoue plasuje się na 447."
['15', 'sierpnia', '2016', 'roku', 'na', 'igrzyskach', 'olimpijskich', 'w', 'Rio', 'de', 'Janeiro', 'ponownie', 'pobiła', 'rekord', 'świata', 'w', 'rzucie', 'młotem', 'z', 'wynikiem', '82,29', 'm', ',', 'który', 'przetrwał', 'jedynie', 'przez', '13', 'dni', '.']	[0, 0, 0, 0, 0, 0, 0, 0, 5, 6, 6, 0, 0, 0, 0, 0, 0, 0, 0, 0, 0, 0, 0, 0, 0, 0, 0, 0, 0, 0]	pl	15 sierpnia 2016 roku na igrzyskach olimpijskich w Rio de Janeiro ponownie pobiła rekord świata w rzucie młotem z wynikiem 82,29 m, który przetrwał jedynie przez 13 dni.
['Ostatni', 'właściciel', ',', 'Paweł', 'Tyszkowski', 'na', 'pocz', '.']	[0, 0, 0, 1, 2, 0, 0, 0]	pl	Ostatni właściciel, Paweł Tyszkowski na pocz.
['Ataku', 'w', 'Bengazi', 'nie', 'można', 'wiązać', 'jedynie', 'z', 'antyamerykańskimi', 'nastrojami', 'wywołanymi', 'emisją', 'filmu', '.']	[0, 0, 5, 0, 0, 0, 0, 0, 0, 0, 0, 0, 0, 0]	pl	Ataku w Bengazi nie można wiązać jedynie z antyamerykańskimi nastrojami wywołanymi emisją filmu.
"['""', 'Bois-de-Céné', '""', '–', 'miejscowość', 'i', 'gmina', 'we', 'Francji', ',', 'w', 'regionie', 'Kraj', 'Loary', ',', 'w', 'departamencie', 'Wandea', '.']"	[0, 0, 0, 0, 0, 0, 0, 0, 5, 0, 0, 0, 5, 6, 0, 0, 0, 5, 0]	pl	"""Bois-de-Céné"" – miejscowość i gmina we Francji, w regionie Kraj Loary, w departamencie Wandea."
['Korzystając', 'z', 'tego', 'ataku', 'i', 'z', 'ogólnego', 'osłabienia', 'ówczesnej', 'Danii', ',', 'do', 'ataku', 'przyłączył', 'się', 'król', 'norweski', 'Haakon', 'IV', 'Stary', '.']	[0, 0, 0, 0, 0, 0, 0, 0, 0, 5, 0, 0, 0, 0, 0, 0, 0, 1, 2, 2, 0]	pl	Korzystając z tego ataku i z ogólnego osłabienia ówczesnej Danii, do ataku przyłączył się król norweski Haakon IV Stary.
['Teodoryk', 'z', 'Chartres', 'uważał', ',', 'że', 'całe', 'niezbędne', 'wykształcenie', 'można', 'zawrzeć', 'w', 'sztukach', 'wyzwolonych', '.']	[1, 2, 2, 0, 0, 0, 0, 0, 0, 0, 0, 0, 0, 0, 0]	pl	Teodoryk z Chartres uważał, że całe niezbędne wykształcenie można zawrzeć w sztukach wyzwolonych.
"['Pierwsza', 'edycja', '""', 'Maga', '""', 'powstała', 'już', 'po', 'sukcesie', 'gry', 'Wampir', ':', 'Maskarada', ',', 'która', 'przyniosła', 'sławę', 'wydawnictwu', 'White', 'Wolf', '.']"	[0, 0, 0, 0, 0, 0, 0, 0, 0, 0, 7, 8, 8, 0, 0, 0, 0, 0, 3, 4, 0]	pl	"Pierwsza edycja ""Maga"" powstała już po sukcesie gry Wampir: Maskarada, która przyniosła sławę wydawnictwu White Wolf."
"['""', 'Desingy', '""', '–', 'miejscowość', 'i', 'gmina', 'we', 'Francji', ',', 'w', 'regionie', 'Owernia-Rodan-Alpy', ',', 'w', 'departamencie', 'Górna', 'Sabaudia', '.']"	[0, 0, 0, 0, 0, 0, 0, 0, 5, 0, 0, 0, 5, 0, 0, 0, 5, 6, 0]	pl	"""Desingy"" – miejscowość i gmina we Francji, w regionie Owernia-Rodan-Alpy, w departamencie Górna Sabaudia."
['W', 'sierpniu', '2015', 'roku', 'Interpol', 'wydał', 'nakaz', 'jego', 'aresztowania', '.']	[0, 0, 0, 0, 3, 0, 0, 0, 0, 0]	pl	W sierpniu 2015 roku Interpol wydał nakaz jego aresztowania.
['Mormi', 'borneański', 'występuje', 'endemicznie', 'na', 'Borneo', '.']	[0, 0, 0, 0, 0, 5, 0]	pl	Mormi borneański występuje endemicznie na Borneo.
"['Według', 'danych', 'na', 'rok', '1990', 'gminę', 'zamieszkiwały', '172', 'osoby', ',', 'a', 'gęstość', 'zaludnienia', 'wynosiła', '34', '""', 'osób', '/', 'km', '²', '(', 'wśród', '1549', 'gmin', 'regionu', 'Nord-Pas-de-Calais', 'Roussent', 'plasuje', 'się', 'na', '1037', '.']"	[0, 0, 0, 0, 0, 0, 0, 0, 0, 0, 0, 0, 0, 0, 0, 0, 0, 0, 0, 0, 0, 0, 0, 0, 0, 5, 0, 0, 0, 0, 0, 0]	pl	"Według danych na rok 1990 gminę zamieszkiwały 172 osoby, a gęstość zaludnienia wynosiła 34 ""osób / km ² (wśród 1549 gmin regionu Nord-Pas-de-Calais Roussent plasuje się na 1037."
['odcinek', 'Sławno', '-', 'Darłowo', 'ponownie', 'otwarty', '.']	[0, 5, 0, 5, 0, 0, 0]	pl	odcinek Sławno - Darłowo ponownie otwarty.
['Jego', 'promotorem', 'był', 'noblista', ',', 'etolog', 'Nikolaas', 'Tinbergen', '.']	[0, 0, 0, 0, 0, 0, 1, 2, 0]	pl	Jego promotorem był noblista, etolog Nikolaas Tinbergen.
['Popierali', 'jednak', 'politykę', 'osób', 'zgadzających', 'się', 'z', 'nimi', '(', 'np.', 'George', 'Wallace', ')', '.']	[0, 0, 0, 0, 0, 0, 0, 0, 0, 0, 1, 2, 0, 0]	pl	Popierali jednak politykę osób zgadzających się z nimi (np. George Wallace).
['Stało', 'się', 'to', 'motywacją', 'do', 'solowej', 'kariery', 'i', 'utworzenia', 'zespołu', 'Dio', 'jeszcze', 'w', 'roku', '1982', '.']	[0, 0, 0, 0, 0, 0, 0, 0, 0, 0, 3, 0, 0, 0, 0, 0]	pl	Stało się to motywacją do solowej kariery i utworzenia zespołu Dio jeszcze w roku 1982.
"['Halemaʻumaʻu', '""', 'po', 'hawajsku', 'oznacza', '""', 'dom', 'paproci', '""', '.']"	[5, 0, 0, 0, 0, 0, 0, 0, 0, 0]	pl	"Halemaʻumaʻu ""po hawajsku oznacza"" dom paproci ""."
['W', 'listopadzie', '1999', 'wojsko', 'zniszczyło', 'miasto', 'Odi', 'w', 'stanie', 'Bayelsa', 'i', 'zabiło', 'wielu', 'cywilów', 'w', 'odwecie', 'za', 'zamordowanie', 'przez', 'lokalny', 'gang', '12', 'policjantów', '.']	[0, 0, 0, 0, 0, 0, 5, 0, 0, 5, 0, 0, 0, 0, 0, 0, 0, 0, 0, 0, 0, 0, 0, 0]	pl	W listopadzie 1999 wojsko zniszczyło miasto Odi w stanie Bayelsa i zabiło wielu cywilów w odwecie za zamordowanie przez lokalny gang 12 policjantów.
"['W', '2017', 'roku', 'nowy', 'gatunek', 'ryb', ',', '""', 'Leporinus', 'enyae', '""', ',', 'znaleziony', 'w', 'obszarze', 'rzeki', 'Orinoko', ',', 'został', 'nazwany', 'na', 'cześć', 'Enyi', '.']"	[0, 0, 0, 0, 0, 0, 0, 0, 0, 0, 0, 0, 0, 0, 0, 0, 5, 0, 0, 0, 0, 0, 1, 0]	pl	"W 2017 roku nowy gatunek ryb, ""Leporinus enyae"", znaleziony w obszarze rzeki Orinoko, został nazwany na cześć Enyi."
['Podczas', 'koncertu', 'wystąpiły', 'takie', 'grupy', 'jak', 'Exodus', ',', 'Overkill', 'oraz', 'Soulfly', '.']	[0, 0, 0, 0, 0, 0, 3, 0, 3, 0, 3, 0]	pl	Podczas koncertu wystąpiły takie grupy jak Exodus, Overkill oraz Soulfly.
['Siedziba', 'gminy', 'to', 'Klembów', '.']	[0, 0, 0, 5, 0]	pl	Siedziba gminy to Klembów.
['Miał', 'im', 'nadać', 'miejscowość', 'Opatów', 'oraz', '16', 'przyległych', 'wsi', 'na', 'ziemi', 'sandomierskiej', '.']	[0, 0, 0, 0, 5, 0, 0, 0, 0, 0, 0, 0, 0]	pl	Miał im nadać miejscowość Opatów oraz 16 przyległych wsi na ziemi sandomierskiej.
['Nowe', 'terytorium', 'zajmowało', 'większość', 'dzisiejszych', 'stanów', 'Idaho', ',', 'Montana', 'i', 'Wyoming', '.']	[0, 0, 0, 0, 0, 0, 5, 0, 5, 0, 5, 0]	pl	Nowe terytorium zajmowało większość dzisiejszych stanów Idaho, Montana i Wyoming.
['Po', 'niemal', 'roku', 'zaczął', 'grać', 'w', 'różnych', 'klubach', ',', 'akompaniował', 'wokalistkom', ':', 'Dee', 'Dee', 'Bridgewater', 'i', 'Abbey', 'Lincoln', '.']	[0, 0, 0, 0, 0, 0, 0, 0, 0, 0, 0, 0, 1, 2, 2, 0, 1, 2, 0]	pl	Po niemal roku zaczął grać w różnych klubach, akompaniował wokalistkom: Dee Dee Bridgewater i Abbey Lincoln.
['Zostaje', 'poinformowany', ',', 'iż', 'Sowieci', 'wznoszą', 'Mur', 'Berliński', '.']	[0, 0, 0, 0, 3, 0, 5, 6, 0]	pl	Zostaje poinformowany, iż Sowieci wznoszą Mur Berliński.
"['Według', 'danych', 'na', 'rok', '1990', 'gminę', 'zamieszkiwały', '292', 'osoby', ',', 'a', 'gęstość', 'zaludnienia', 'wynosiła', '33', '""', 'osób', '/', 'km', '²', '(', 'wśród', '1549', 'gmin', 'regionu', 'Nord-Pas-de-Calais', 'Hendecourt-lès-Cagnicourt', 'plasuje', 'się', 'na', '937', '.']"	[0, 0, 0, 0, 0, 0, 0, 0, 0, 0, 0, 0, 0, 0, 0, 0, 0, 0, 0, 0, 0, 0, 0, 0, 0, 5, 0, 0, 0, 0, 0, 0]	pl	"Według danych na rok 1990 gminę zamieszkiwały 292 osoby, a gęstość zaludnienia wynosiła 33 ""osób / km ² (wśród 1549 gmin regionu Nord-Pas-de-Calais Hendecourt-lès-Cagnicourt plasuje się na 937."
"['Według', 'danych', 'na', 'rok', '1990', 'gminę', 'zamieszkiwało', '286', 'osób', ',', 'a', 'gęstość', 'zaludnienia', 'wynosiła', '53', '""', 'osoby', '/', 'km', '²', '(', 'wśród', '1545', 'gmin', 'Langwedocji-Roussillon', 'Saint-Couat-d', '’', 'Aude', 'plasuje', 'się', 'na', '635', '.']"	[0, 0, 0, 0, 0, 0, 0, 0, 0, 0, 0, 0, 0, 0, 0, 0, 0, 0, 0, 0, 0, 0, 0, 0, 5, 0, 0, 5, 0, 0, 0, 0, 0]	pl	"Według danych na rok 1990 gminę zamieszkiwało 286 osób, a gęstość zaludnienia wynosiła 53 ""osoby / km ² (wśród 1545 gmin Langwedocji-Roussillon Saint-Couat-d ’ Aude plasuje się na 635."
['Wraz', 'z', 'innymi', 'okrętami', ',', 'ostrzeliwał', 'on', 'forty', 'i', 'pozycje', 'wojsk', 'tureckich', 'w', 'Trypolitanii', 'i', 'Cyrenajce', ',', 'wspierając', 'szturmy', 'na', 'Trypolis', 'i', 'Tobruk', '.']	[0, 0, 0, 0, 0, 0, 0, 0, 0, 0, 0, 0, 0, 5, 0, 5, 0, 0, 0, 0, 5, 0, 5, 0]	pl	Wraz z innymi okrętami, ostrzeliwał on forty i pozycje wojsk tureckich w Trypolitanii i Cyrenajce, wspierając szturmy na Trypolis i Tobruk.
['Na', 'południowo-zachodnim', 'wybrzeżu', 'wyspy', 'znajduje', 'się', 'osada', 'Sachs', 'Harbour', '.']	[0, 0, 0, 0, 0, 0, 0, 5, 6, 0]	pl	Na południowo-zachodnim wybrzeżu wyspy znajduje się osada Sachs Harbour.
['Swoją', 'społeczno-polityczną', 'działalność', 'prowadził', 'głównie', 'na', 'terenie', 'Oakland', ',', 'gdzie', 'wraz', 'z', 'pozostałymi', 'członkami', 'partii', 'prowadził', 'programy', 'socjalne', '.']	[0, 0, 0, 0, 0, 0, 0, 5, 0, 0, 0, 0, 0, 0, 0, 0, 0, 0, 0]	pl	Swoją społeczno-polityczną działalność prowadził głównie na terenie Oakland, gdzie wraz z pozostałymi członkami partii prowadził programy socjalne.
['Obok', 'aktualnej', 'wystawy', '(', 'od', 'roku', '2001', 'pod', 'tytułem', '„', 'Berlin', ',', '13', 'sierpnia', '1961', '”', ')', 'udostępnione', 'są', 'różne', 'informacje', 'o', 'historii', 'muru', '.']	[0, 0, 0, 0, 0, 0, 0, 0, 0, 0, 5, 0, 0, 0, 0, 0, 0, 0, 0, 0, 0, 0, 0, 0, 0]	pl	Obok aktualnej wystawy (od roku 2001 pod tytułem „Berlin, 13 sierpnia 1961 ”) udostępnione są różne informacje o historii muru.
['Od', 'czasów', 'wprowadzenia', 'na', 'rynek', 'charakterystycznej', 'wizualnie', 'serii', 'komputerów', 'iMac', 'wygląd', 'jednostki', 'systemowej', 'stał', 'się', 'przedmiotem', 'zainteresowania', 'producentów', 'i', 'użytkowników', 'popularnych', 'komputerów', 'osobistych', '.']	[0, 0, 0, 0, 0, 0, 0, 0, 0, 7, 0, 0, 0, 0, 0, 0, 0, 0, 0, 0, 0, 0, 0, 0]	pl	Od czasów wprowadzenia na rynek charakterystycznej wizualnie serii komputerów iMac wygląd jednostki systemowej stał się przedmiotem zainteresowania producentów i użytkowników popularnych komputerów osobistych.
"['Według', 'danych', 'na', 'rok', '1990', 'gminę', 'zamieszkiwało', '320', 'osób', ',', 'a', 'gęstość', 'zaludnienia', 'wynosiła', '61', '""', 'osób', '/', 'km', '²', '(', 'wśród', '1467', 'gmin', 'regionu', 'Poitou-Charentes', 'Xambes', 'plasuje', 'się', 'na', '697', '.']"	[0, 0, 0, 0, 0, 0, 0, 0, 0, 0, 0, 0, 0, 0, 0, 0, 0, 0, 0, 0, 0, 0, 0, 0, 0, 5, 0, 0, 0, 0, 0, 0]	pl	"Według danych na rok 1990 gminę zamieszkiwało 320 osób, a gęstość zaludnienia wynosiła 61 ""osób / km ² (wśród 1467 gmin regionu Poitou-Charentes Xambes plasuje się na 697."
['Siedzibą', 'okręgowej', 'komisji', 'wyborczej', 'są', 'Katowice', '.']	[0, 0, 0, 0, 0, 5, 0]	pl	Siedzibą okręgowej komisji wyborczej są Katowice.
"['W', 'tym', 'samym', 'roku', 'zespół', 'wziął', 'udział', 'w', 'filmie', 'muzycznym', '""', 'Czuję', 'się', 'świetnie', '""', ',', 'a', 'rok', 'później', 'została', 'wydana', 'kaseta', 'magnetofonowa', 'z', 'utworami', 'z', 'tego', 'filmu', 'pod', 'tym', 'samym', 'tytułem', '.']"	[0, 0, 0, 0, 0, 0, 0, 0, 0, 0, 0, 7, 8, 8, 0, 0, 0, 0, 0, 0, 0, 0, 0, 0, 0, 0, 0, 0, 0, 0, 0, 0, 0]	pl	"W tym samym roku zespół wziął udział w filmie muzycznym ""Czuję się świetnie"", a rok później została wydana kaseta magnetofonowa z utworami z tego filmu pod tym samym tytułem."
"['Bangladesz', 'miał', 'tam', '5', ""'"", '800', 'żołnierzy', 'z', 'ponad', 'szesnastu', 'tysięcy', 'stacjonujących', '.']"	[5, 0, 0, 0, 0, 0, 0, 0, 0, 0, 0, 0, 0]	pl	Bangladesz miał tam 5 '800 żołnierzy z ponad szesnastu tysięcy stacjonujących.
"['""', 'Liancourt-Fosse', '""', '–', 'miejscowość', 'i', 'gmina', 'we', 'Francji', ',', 'w', 'regionie', 'Hauts-de-France', ',', 'w', 'departamencie', 'Somma', '.']"	[0, 0, 0, 0, 0, 0, 0, 0, 5, 0, 0, 0, 5, 0, 0, 0, 5, 0]	pl	"""Liancourt-Fosse"" – miejscowość i gmina we Francji, w regionie Hauts-de-France, w departamencie Somma."
['W', 'dniu', '26', 'października', '1939', 'został', 'mianowany', 'generalnym', 'gubernatorem', 'na', 'okupowanych', 'terenach', 'Polski', ',', 'a', 'swoją', 'rezydencją', 'uczynił', 'krakowski', 'Wawel', 'gdzie', 'zamieszkał', 'w', 'dniu', '7', 'listopada', '1939', '(', 'z', 'pomieszczeń', 'komnat', 'wawelskich', 'został', 'usunięty', 'proboszcz', 'bazyliki', 'archikatedralnej', 'św', '.']	[0, 0, 0, 0, 0, 0, 0, 0, 0, 0, 0, 0, 5, 0, 0, 0, 0, 0, 0, 5, 0, 0, 0, 0, 0, 0, 0, 0, 0, 0, 0, 0, 0, 0, 0, 0, 0, 0, 0]	pl	W dniu 26 października 1939 został mianowany generalnym gubernatorem na okupowanych terenach Polski, a swoją rezydencją uczynił krakowski Wawel gdzie zamieszkał w dniu 7 listopada 1939 (z pomieszczeń komnat wawelskich został usunięty proboszcz bazyliki archikatedralnej św.
['W', 'tym', 'czasie', 'rozwinął', 'swoją', 'twórczość', 'noblista', 'John', 'Galsworthy', '.']	[0, 0, 0, 0, 0, 0, 0, 1, 2, 0]	pl	W tym czasie rozwinął swoją twórczość noblista John Galsworthy.
['BRT', 'docierają', 'aż', 'do', 'Manaus', ',', 'o', 'pojemności', 'do', '3', 'tys', '.']	[0, 0, 0, 0, 5, 0, 0, 0, 0, 0, 0, 0]	pl	BRT docierają aż do Manaus, o pojemności do 3 tys.
['Zaraz', 'potem', 'podpisał', 'umowę', 'z', 'innym', 'czołowym', 'w', 'kraju', 'klubem', '–', 'stołecznym', 'Cruz', 'Azul', '.']	[0, 0, 0, 0, 0, 0, 0, 0, 0, 0, 0, 0, 3, 4, 0]	pl	Zaraz potem podpisał umowę z innym czołowym w kraju klubem – stołecznym Cruz Azul.
['Jego', 'popularność', 'w', 'Austin', 'gwałtownie', 'rosła', ',', 'ponieważ', 'był', 'gitarzystą', 'we', 'własnym', 'już', 'zespole', '.']	[0, 0, 0, 5, 0, 0, 0, 0, 0, 0, 0, 0, 0, 0, 0]	pl	Jego popularność w Austin gwałtownie rosła, ponieważ był gitarzystą we własnym już zespole.
['Jednym', 'z', 'istotnych', 'elementów', 'prezentacji', 'polsko-ukraińskiej', 'kandydatury', ',', 'przedstawionej', 'na', 'zamkniętej', 'dla', 'mediów', 'prezentacji', 'w', 'Cardiff', ',', 'obok', 'wystąpień', 'prezesów', 'piłkarskich', 'federacji', 'piłkarskich', '–', 'Michała', 'Listkiewicza', '(', 'PZPN', ')', 'i', 'Hrihorija', 'Surkisa', '(', 'FFU', ')', ',', 'trenerów', 'reprezentacji', 'narodowych', '–', 'Leo', 'Beenhakkera', 'i', 'Ołeha', 'Błochina', ',', 'było', 'wspólne', 'wystąpienie', 'prezydentów', 'Polski', 'i', 'Ukrainy', '–', 'Lecha', 'Kaczyńskiego', 'i', 'Wiktora', 'Juszczenki', ',', 'dających', 'gwarancje', 'państwowe', '.']	[0, 0, 0, 0, 0, 0, 0, 0, 0, 0, 0, 0, 0, 0, 0, 5, 0, 0, 0, 0, 0, 0, 0, 0, 1, 2, 0, 3, 0, 0, 1, 2, 0, 0, 0, 0, 0, 0, 0, 0, 1, 2, 0, 1, 2, 0, 0, 0, 0, 0, 5, 0, 5, 0, 1, 2, 0, 1, 2, 0, 0, 0, 0, 0]	pl	Jednym z istotnych elementów prezentacji polsko-ukraińskiej kandydatury, przedstawionej na zamkniętej dla mediów prezentacji w Cardiff, obok wystąpień prezesów piłkarskich federacji piłkarskich – Michała Listkiewicza (PZPN) i Hrihorija Surkisa (FFU), trenerów reprezentacji narodowych – Leo Beenhakkera i Ołeha Błochina, było wspólne wystąpienie prezydentów Polski i Ukrainy – Lecha Kaczyńskiego i Wiktora Juszczenki, dających gwarancje państwowe.
['Stolicą', 'jest', 'Krasnojarsk', '(', '1', 'mln', 'mieszkańców', ')', '.']	[0, 0, 5, 0, 0, 0, 0, 0, 0]	pl	Stolicą jest Krasnojarsk (1 mln mieszkańców).
['Do', 'wykonania', 'fotografii', 'o', 'rozdzielczości', '5000', '×', '5000', 'pikseli', 'muzealnicy', 'użyli', 'aparatów', 'Leica', 'S1Pro', ';', 'kompletny', 'obraz', 'jednej', 'tapiserii', 'składa', 'się', 'z', 'nawet', '24', 'takich', 'fotografii', '.']	[0, 0, 0, 0, 0, 0, 0, 0, 0, 0, 0, 0, 3, 0, 0, 0, 0, 0, 0, 0, 0, 0, 0, 0, 0, 0, 0]	pl	Do wykonania fotografii o rozdzielczości 5000 × 5000 pikseli muzealnicy użyli aparatów Leica S1Pro; kompletny obraz jednej tapiserii składa się z nawet 24 takich fotografii.
['W', 'tych', 'latach', 'borykał', 'się', 'również', 'z', 'ciągnącym', 'się', 'od', 'roku', '1975', 'sporem', 'z', 'zakładami', 'Renault', '.']	[0, 0, 0, 0, 0, 0, 0, 0, 0, 0, 0, 0, 0, 0, 0, 3, 0]	pl	W tych latach borykał się również z ciągnącym się od roku 1975 sporem z zakładami Renault.
"['""', 'Fleury-la-Forêt', '""', '–', 'miejscowość', 'i', 'gmina', 'we', 'Francji', ',', 'w', 'regionie', 'Normandia', ',', 'w', 'departamencie', 'Eure', '.']"	[0, 0, 0, 0, 0, 0, 0, 0, 5, 0, 0, 0, 5, 0, 0, 0, 5, 0]	pl	"""Fleury-la-Forêt"" – miejscowość i gmina we Francji, w regionie Normandia, w departamencie Eure."
['Dopiero', ',', 'kiedy', 'selekcjonerem', 'kadry', 'został', 'Brazylijczyk', 'Luiz', 'Felipe', 'Scolari', ',', 'otrzymał', 'miejsce', 'w', 'pierwszej', 'jedenastce', '.']	[0, 0, 0, 0, 0, 0, 5, 1, 2, 2, 0, 0, 0, 0, 0, 0, 0]	pl	Dopiero, kiedy selekcjonerem kadry został Brazylijczyk Luiz Felipe Scolari, otrzymał miejsce w pierwszej jedenastce.
['W', '1879', 'roku', 'przez', 'miasto', 'poprowadzono', 'linię', 'kolejową', 'Poznań', '–', 'Piła', '.']	[0, 0, 0, 0, 0, 0, 0, 0, 5, 0, 5, 0]	pl	W 1879 roku przez miasto poprowadzono linię kolejową Poznań – Piła.
"['""', 'Souligné-sous-Ballon', '""', '–', 'miejscowość', 'i', 'gmina', 'we', 'Francji', ',', 'w', 'regionie', 'Kraj', 'Loary', ',', 'w', 'departamencie', 'Sarthe', '.']"	[0, 0, 0, 0, 0, 0, 0, 0, 5, 0, 0, 0, 5, 6, 0, 0, 0, 5, 0]	pl	"""Souligné-sous-Ballon"" – miejscowość i gmina we Francji, w regionie Kraj Loary, w departamencie Sarthe."
['1932', ')', 'i', 'lubiący', 'eksperymenty', 'literackie', 'Arno', 'Schmidt', '(', '1914', '–', '1979', ')', '.']	[0, 0, 0, 0, 0, 0, 1, 2, 0, 0, 0, 0, 0, 0]	pl	1932) i lubiący eksperymenty literackie Arno Schmidt (1914 – 1979).
['Vicksburg', 'miał', 'być', 'zdobyty', 'przez', 'uderzenie', 'armii', 'gen', '.']	[5, 0, 0, 0, 0, 0, 0, 0, 0]	pl	Vicksburg miał być zdobyty przez uderzenie armii gen.
['Mimo', 'tych', 'incydentów', ',', 'zespół', 'z', 'Seattle', 'zyskał', 'sobie', 'sympatię', 'wielu', 'fanów', 'muzyki', 'metalowej', 'podczas', 'trasy', '.']	[0, 0, 0, 0, 0, 0, 5, 0, 0, 0, 0, 0, 0, 0, 0, 0, 0]	pl	Mimo tych incydentów, zespół z Seattle zyskał sobie sympatię wielu fanów muzyki metalowej podczas trasy.
"['""', 'Buzon', '""', '–', 'miejscowość', 'i', 'gmina', 'we', 'Francji', ',', 'w', 'regionie', 'Oksytania', ',', 'w', 'departamencie', 'Pireneje', 'Wysokie', '.']"	[0, 0, 0, 0, 0, 0, 0, 0, 5, 0, 0, 0, 5, 0, 0, 0, 5, 6, 0]	pl	"""Buzon"" – miejscowość i gmina we Francji, w regionie Oksytania, w departamencie Pireneje Wysokie."
['Intel', 'podążył', 'inną', 'ścieżką', ',', 'nie', 'próbował', 'on', 'naśladować', 'minikomputerów', '.']	[3, 0, 0, 0, 0, 0, 0, 0, 0, 0, 0]	pl	Intel podążył inną ścieżką, nie próbował on naśladować minikomputerów.
['Podczas', 'modernizacji', 'pojazdów', 'wysyłanych', 'na', 'front', 'europejski', 'wprowadzono', 'zmiany', 'w', 'układzie', 'jezdnym', '(', 'z', 'wykorzystaniem', 'elementów', 'czołgu', 'M4', 'Sherman', ')', ',', 'nowe', 'lemiesze', 'oraz', 'drobne', 'zmiany', 'w', 'organizacji', 'przedziałów', 'kierowców', 'i', 'załogowego', '.']	[0, 0, 0, 0, 0, 0, 0, 0, 0, 0, 0, 0, 0, 0, 0, 0, 0, 7, 8, 0, 0, 0, 0, 0, 0, 0, 0, 0, 0, 0, 0, 0, 0]	pl	Podczas modernizacji pojazdów wysyłanych na front europejski wprowadzono zmiany w układzie jezdnym (z wykorzystaniem elementów czołgu M4 Sherman), nowe lemiesze oraz drobne zmiany w organizacji przedziałów kierowców i załogowego.
"['Samochód', 'użyty', 'w', 'wideoklipie', 'został', 'wyremontowany', 'i', 'zaprojektowany', 'przez', 'autorów', 'emitowanego', 'na', 'antenie', 'stacji', 'MTV', 'programu', '""', 'Pimp', 'my', 'ride', '""', '.']"	[0, 0, 0, 0, 0, 0, 0, 0, 0, 0, 0, 0, 0, 0, 3, 0, 0, 0, 0, 0, 0, 0]	pl	"Samochód użyty w wideoklipie został wyremontowany i zaprojektowany przez autorów emitowanego na antenie stacji MTV programu ""Pimp my ride""."
['Do', 'najwyższej', 'kategorii', 'powrócił', 'w', 'sezonie', '1998', ',', 'podpisując', 'kontrakt', 'z', 'zespołem', 'WCM', 'Yamaha', '.']	[0, 0, 0, 0, 0, 0, 0, 0, 0, 0, 0, 0, 0, 3, 0]	pl	Do najwyższej kategorii powrócił w sezonie 1998, podpisując kontrakt z zespołem WCM Yamaha.
['5', 'października', '1988', 'w', 'Gironie', ')', '–', 'hiszpański', 'piłkarz', 'występujący', 'na', 'pozycji', 'pomocnika', 'w', 'AD', 'Alcorcón', '.']	[0, 0, 0, 0, 5, 0, 0, 0, 0, 0, 0, 0, 0, 0, 3, 4, 0]	pl	5 października 1988 w Gironie) – hiszpański piłkarz występujący na pozycji pomocnika w AD Alcorcón.
['W', '1852', 'roku', ',', 'wraz', 'z', 'Susan', 'B.', 'Anthony', ',', 'przystąpiła', 'do', 'ruchu', 'na', 'rzecz', 'praw', 'kobiet', '.']	[0, 0, 0, 0, 0, 0, 1, 2, 2, 0, 0, 0, 0, 0, 0, 0, 0, 0]	pl	W 1852 roku, wraz z Susan B. Anthony, przystąpiła do ruchu na rzecz praw kobiet.
['Józef', 'Gawlina', '.']	[1, 2, 0]	pl	Józef Gawlina.
['czołgami', '(', 'francuskie', 'AMX-13', ',', 'brytyjskie', 'Centurion', ',', 'amerykańskie', 'M4', 'Sherman', 'i', 'M48', 'Patton', ')', ',', '160', 'działami', 'samobieżnymi', 'i', '800', 'działami', 'artylerii', '.']	[0, 0, 0, 7, 0, 0, 7, 0, 0, 7, 8, 0, 7, 8, 0, 0, 0, 0, 0, 0, 0, 0, 0, 0]	pl	czołgami (francuskie AMX-13, brytyjskie Centurion, amerykańskie M4 Sherman i M48 Patton), 160 działami samobieżnymi i 800 działami artylerii.
['Po', 'przejściu', 'operacji', 'powróciła', 'w', 'Miami', ',', 'odpadła', 'w', 'pierwszej', 'rundzie', '.']	[0, 0, 0, 0, 0, 5, 0, 0, 0, 0, 0, 0]	pl	Po przejściu operacji powróciła w Miami, odpadła w pierwszej rundzie.
"['25', 'sierpnia', '2008', 'ukazała', 'się', 'czwarta', 'studyjna', 'płyta', 'grupy', '""', 'All', 'Hope', 'Is', 'Gone', '""', '.']"	[0, 0, 0, 0, 0, 0, 0, 0, 0, 0, 7, 8, 8, 8, 0, 0]	pl	"25 sierpnia 2008 ukazała się czwarta studyjna płyta grupy ""All Hope Is Gone""."
['z', 'o.o.', ',', 'której', 'głównym', 'odbiorcą', 'są', 'Siły', 'Zbrojne', 'Rzeczypospolitej', 'Polskiej', '.']	[0, 0, 0, 0, 0, 0, 0, 3, 4, 4, 4, 0]	pl	z o.o., której głównym odbiorcą są Siły Zbrojne Rzeczypospolitej Polskiej.
"['Według', 'danych', 'na', 'rok', '1990', 'gminę', 'zamieszkiwały', '2474', 'osoby', ',', 'a', 'gęstość', 'zaludnienia', 'wynosiła', '561', '""', 'osób', '/', 'km', '²', '(', 'wśród', '1549', 'gmin', 'regionu', 'Nord-Pas-de-Calais', 'Prouvy', 'plasuje', 'się', 'na', '319', '.']"	[0, 0, 0, 0, 0, 0, 0, 0, 0, 0, 0, 0, 0, 0, 0, 0, 0, 0, 0, 0, 0, 0, 0, 0, 0, 5, 0, 0, 0, 0, 0, 0]	pl	"Według danych na rok 1990 gminę zamieszkiwały 2474 osoby, a gęstość zaludnienia wynosiła 561 ""osób / km ² (wśród 1549 gmin regionu Nord-Pas-de-Calais Prouvy plasuje się na 319."
['Na', 'tak', 'uzyskanym', 'miejscu', 'zamontowano', 'standardową', 'lekką', 'haubicę', '10,5', 'cm', 'leFH', '18', 'chronioną', 'otwartą', 'od', 'góry', 'pancerną', 'nadbudową', '.']	[0, 0, 0, 0, 0, 0, 0, 0, 7, 8, 8, 8, 0, 0, 0, 0, 0, 0, 0]	pl	Na tak uzyskanym miejscu zamontowano standardową lekką haubicę 10,5 cm leFH 18 chronioną otwartą od góry pancerną nadbudową.
['Został', 'wybrany', '(', 'obok', 'takich', 'zawodników', 'jak', 'Lionel', 'Messi', ',', 'Lukas', 'Podolski', 'i', 'Muntari', ')', 'przez', 'eurosport', '.']	[0, 0, 0, 0, 0, 0, 0, 1, 2, 0, 1, 2, 0, 1, 0, 0, 0, 0]	pl	Został wybrany (obok takich zawodników jak Lionel Messi, Lukas Podolski i Muntari) przez eurosport.
['Występuje', 'tu', 'przenośnia', '–', 'góry', 'Parnas', 'znaczą', 'Alpy', '.']	[0, 0, 0, 0, 0, 5, 0, 5, 0]	pl	Występuje tu przenośnia – góry Parnas znaczą Alpy.
['Za', 'reżyserię', 'odpowiadali', 'Zack', 'Snyder', 'i', 'Joss', 'Whedon', ',', 'a', 'za', 'scenariusz', 'Chris', 'Terrio', '.']	[0, 0, 0, 1, 2, 0, 1, 2, 0, 0, 0, 0, 1, 2, 0]	pl	Za reżyserię odpowiadali Zack Snyder i Joss Whedon, a za scenariusz Chris Terrio.
['Jednostki', 'ED70', 'zakupiono', 'w', 'celu', 'obsługi', 'szybkich', 'połączeń', 'Warszawa', '–', 'Katowice', 'z', 'prędkością', '135', 'km/h', ',', 'jednak', 'po', 'przeprowadzeniu', 'próbnej', 'eksploatacji', 'okazało', 'się', ',', 'że', 'posiadają', 'one', 'wady', 'i', 'ostatecznie', 'zrezygnowano', 'z', 'dalszego', 'ich', 'importu', 'po', 'zakupie', 'dwóch', 'sztuk', 'z', 'planowanych', 'dziesięciu', '.']	[0, 0, 0, 0, 0, 0, 0, 0, 5, 0, 5, 0, 0, 0, 0, 0, 0, 0, 0, 0, 0, 0, 0, 0, 0, 0, 0, 0, 0, 0, 0, 0, 0, 0, 0, 0, 0, 0, 0, 0, 0, 0, 0]	pl	Jednostki ED70 zakupiono w celu obsługi szybkich połączeń Warszawa – Katowice z prędkością 135 km/h, jednak po przeprowadzeniu próbnej eksploatacji okazało się, że posiadają one wady i ostatecznie zrezygnowano z dalszego ich importu po zakupie dwóch sztuk z planowanych dziesięciu.
['W', 'zimie', 'pierwsi', 'byli', 'tu', 'Józef', 'Lesiecki', 'i', 'Józef', 'Oppenheim', '14', 'kwietnia', '1914', 'r', '.']	[0, 0, 0, 0, 0, 1, 2, 0, 1, 2, 0, 0, 0, 0, 0]	pl	W zimie pierwsi byli tu Józef Lesiecki i Józef Oppenheim 14 kwietnia 1914 r.
['W', 'nagraniu', 'singla', 'uczestniczył', 'Fat', 'Joe', '.']	[0, 0, 0, 0, 1, 2, 0]	pl	W nagraniu singla uczestniczył Fat Joe.
['Widać', ':', 'Gorc', ',', 'Turbacz', ',', 'Jasień', ',', 'Krzystonów', ',', 'pobliską', 'Mogielicę', 'i', 'Łopień', ',', 'a', 'z', 'tyłu', 'za', 'nimi', 'Śnieżnicę', '.']	[0, 0, 5, 0, 5, 0, 5, 0, 5, 0, 0, 5, 0, 5, 0, 0, 0, 0, 0, 0, 5, 0]	pl	Widać: Gorc, Turbacz, Jasień, Krzystonów, pobliską Mogielicę i Łopień, a z tyłu za nimi Śnieżnicę.
['Rzeka', 'przepływa', 'przez', 'Liptowski', 'Mikułasz', 'i', 'zaraz', 'za', 'nim', 'wpada', 'do', 'zbiornika', 'wodnego', 'Liptovská', 'Mara', '.']	[0, 0, 0, 5, 6, 0, 0, 0, 0, 0, 0, 0, 0, 5, 6, 0]	pl	Rzeka przepływa przez Liptowski Mikułasz i zaraz za nim wpada do zbiornika wodnego Liptovská Mara.
['W', '2016', 'zespół', 'został', 'wprowadzony', 'do', 'Rock', 'and', 'Roll', 'Hall', 'of', 'Fame', '.']	[0, 0, 0, 0, 0, 0, 5, 6, 6, 6, 6, 6, 0]	pl	W 2016 zespół został wprowadzony do Rock and Roll Hall of Fame.
['Przyjmuje', 'się', ',', 'że', 'właśnie', 'wtedy', 'został', 'agentem', 'NKWD', '.']	[0, 0, 0, 0, 0, 0, 0, 0, 3, 0]	pl	Przyjmuje się, że właśnie wtedy został agentem NKWD.
"['""', 'Paradëz', '""', ')', '–', 'kolonia', 'kaszubska', 'w', 'Polsce', 'położona', 'w', 'województwie', 'pomorskim', ',', 'w', 'powiecie', 'wejherowskim', ',', 'w', 'gminie', 'Wejherowo', '.']"	[0, 0, 0, 0, 0, 0, 0, 0, 5, 0, 0, 0, 0, 0, 0, 0, 0, 0, 0, 5, 5, 0]	pl	"""Paradëz"") – kolonia kaszubska w Polsce położona w województwie pomorskim, w powiecie wejherowskim, w gminie Wejherowo."
['Później', 'jednak', 'ten', 'rekord', 'pobił', 'show', 'American', 'Idol', ',', 'pozostając', 'na', 'szczycie', 'przez', 'sześć', 'sezonów', '.']	[0, 0, 0, 0, 0, 0, 7, 8, 0, 0, 0, 0, 0, 0, 0, 0]	pl	Później jednak ten rekord pobił show American Idol, pozostając na szczycie przez sześć sezonów.
['Zmarł', 'na', 'udar', 'mózgu', 'niedaleko', 'Viterbo', '.']	[0, 0, 0, 0, 0, 5, 0]	pl	Zmarł na udar mózgu niedaleko Viterbo.
['Hinrich', 'przez', 'siedem', 'sezonów', 'od', 'draftu', 'w', '2003', 'roku', 'występował', 'w', 'Chicago', 'Bulls', '.']	[0, 0, 0, 0, 0, 0, 0, 0, 0, 0, 0, 3, 4, 0]	pl	Hinrich przez siedem sezonów od draftu w 2003 roku występował w Chicago Bulls.
['zwyciężył', 'w', 'Wijk', 'aan', 'Zee', '.']	[0, 0, 5, 6, 6, 0]	pl	zwyciężył w Wijk aan Zee.
"['W', '1999', 'magazyn', '„', 'Entertainment', 'Weekly', '”', 'sklasyfikował', '""', 'Osławioną', '""', 'na', '66', '.']"	[0, 0, 0, 0, 7, 8, 0, 0, 0, 0, 0, 0, 0, 0]	pl	"W 1999 magazyn „Entertainment Weekly ” sklasyfikował"" Osławioną ""na 66."
['lecz', 'wytwórnia', 'RCA', 'Records', 'zmieniła', 'tę', 'decyzję', 'po', 'odroczeniu', 'premiery', 'płyty', '.']	[0, 0, 3, 4, 0, 0, 0, 0, 0, 0, 0, 0]	pl	lecz wytwórnia RCA Records zmieniła tę decyzję po odroczeniu premiery płyty.
['Śpiewaka', 'żegnali', 'tutaj', 'między', 'innymi', 'Romano', 'Prodi', 'i', 'Kofi', 'Annan', '.']	[0, 0, 0, 0, 0, 1, 2, 0, 1, 2, 0]	pl	Śpiewaka żegnali tutaj między innymi Romano Prodi i Kofi Annan.
['W', 'latach', '1999', '–', '2000', 'był', 'selekcjonerem', 'reprezentacji', 'Haiti', '.']	[0, 0, 0, 0, 0, 0, 0, 0, 5, 0]	pl	W latach 1999 – 2000 był selekcjonerem reprezentacji Haiti.
['W', '1972', 'dołączył', 'do', 'Soft', 'Machine', ',', 'zespołu', 'z', 'Canterbury', 'grającego', 'rock', 'progresywny', '.']	[0, 0, 0, 0, 3, 4, 0, 0, 0, 5, 0, 0, 0, 0]	pl	W 1972 dołączył do Soft Machine, zespołu z Canterbury grającego rock progresywny.
['Ponadto', 'w', 'dobrej', 'formie', 'był', 'młody', 'wówczas', 'Jamie', 'Ashdown', '.']	[0, 0, 0, 0, 0, 0, 0, 1, 2, 0]	pl	Ponadto w dobrej formie był młody wówczas Jamie Ashdown.
['24', 'czerwca', '2017', 'podpisał', 'kontrakt', 'z', 'cyprujskim', 'klubem', 'Ermis', 'Aradipu', '.']	[0, 0, 0, 0, 0, 0, 0, 0, 3, 4, 0]	pl	24 czerwca 2017 podpisał kontrakt z cyprujskim klubem Ermis Aradipu.
['1000', 'r', '.']	[7, 0, 0]	pl	1000 r.
['16', 'lipca', '2019', 'trafił', 'w', 'wyniku', 'wymiany', 'do', 'Oklahoma', 'City', 'Thunder', '.']	[0, 0, 0, 0, 0, 0, 0, 0, 3, 4, 4, 0]	pl	16 lipca 2019 trafił w wyniku wymiany do Oklahoma City Thunder.
['Urodziła', 'się', 'w', 'mieszanej', 'rodzinie', 'jako', 'jedyna', 'córka', 'i', 'starsze', 'dziecko', 'aktorki', 'Blythe', 'Danner', '(', 'ur', '.']	[0, 0, 0, 0, 0, 0, 0, 0, 0, 0, 0, 0, 1, 2, 0, 0, 0]	pl	Urodziła się w mieszanej rodzinie jako jedyna córka i starsze dziecko aktorki Blythe Danner (ur.
['8', 'lutego', '1976', 'w', 'Santiago', ')', '–', 'chilijski', 'piłkarz', 'występujący', 'na', 'pozycji', 'obrońcy', '.']	[0, 0, 0, 0, 5, 0, 0, 0, 0, 0, 0, 0, 0, 0]	pl	8 lutego 1976 w Santiago) – chilijski piłkarz występujący na pozycji obrońcy.
['26', 'czerwca', '2015', 'przeszedł', 'do', 'Milsami', 'Orgiejów', ',', 'w', 'którym', 'grał', 'do', 'czerwca', '2016', '.']	[0, 0, 0, 0, 0, 3, 4, 0, 0, 0, 0, 0, 0, 0, 0]	pl	26 czerwca 2015 przeszedł do Milsami Orgiejów, w którym grał do czerwca 2016.
"['Śpiewał', 'także', 'w', 'niektórych', 'utworach', 'grupy', '-', 'jego', 'charakterystyczny', ',', 'wysoki', ',', 'łamiący', 'się', 'głos', 'jest', 'zwłaszcza', 'pamiętany', 'z', 'przeboju', 'Canned', 'Heat', ',', 'coveru', '""', 'On', 'the', 'Road', 'Again', '""', 'z', '1968', 'r', '.']"	[0, 0, 0, 0, 0, 0, 0, 0, 0, 0, 0, 0, 0, 0, 0, 0, 0, 0, 0, 0, 3, 4, 0, 0, 0, 8, 8, 8, 8, 0, 0, 0, 0, 0]	pl	"Śpiewał także w niektórych utworach grupy - jego charakterystyczny, wysoki, łamiący się głos jest zwłaszcza pamiętany z przeboju Canned Heat, coveru ""On the Road Again"" z 1968 r."
['Na', 'początku', '1992', 'roku', 'wyjechał', 'ze', 'swoimi', 'znajomymi', 'z', 'zespołu', 'do', 'Tokio', '.']	[0, 0, 0, 0, 0, 0, 0, 0, 0, 0, 0, 5, 0]	pl	Na początku 1992 roku wyjechał ze swoimi znajomymi z zespołu do Tokio.
['Miał', 'się', 'w', 'nią', 'również', 'wcielić', 'John', 'Hurt', ',', 'jednak', 'nie', 'przyjął', 'propozycji', 'z', 'powodu', 'choroby', '.']	[0, 0, 0, 0, 0, 0, 1, 2, 0, 0, 0, 0, 0, 0, 0, 0, 0]	pl	Miał się w nią również wcielić John Hurt, jednak nie przyjął propozycji z powodu choroby.
['Największą', 'była', 'Francuska', 'Afryka', 'Równikowa', '.']	[0, 0, 5, 6, 6, 0]	pl	Największą była Francuska Afryka Równikowa.
['Około', '32', 'kilometrów', 'na', 'południe', 'leży', 'największe', 'naturalne', 'jezioro', 'w', 'Ghanie', ',', 'Bosumtwi', '.']	[0, 0, 0, 0, 0, 0, 0, 0, 0, 0, 5, 0, 5, 0]	pl	Około 32 kilometrów na południe leży największe naturalne jezioro w Ghanie, Bosumtwi.
['Odebrał', 'staranne', 'wykształcenie', '(', 'doskonale', 'władał', 'językiem', 'francuskim', ')', ',', 'w', '1713', 'został', 'wysłany', 'ze', 'starszym', 'bratem', 'do', 'Niemiec', ',', 'Francji', 'i', 'Włochy', 'osiadł', 'na', 'koniec', 'na', 'Malcie', 'w', 'zakonie', 'joannitów', '.']	[0, 0, 0, 0, 0, 0, 0, 0, 0, 0, 0, 0, 0, 0, 0, 0, 0, 0, 5, 0, 5, 0, 5, 0, 0, 0, 0, 5, 0, 0, 0, 0]	pl	Odebrał staranne wykształcenie (doskonale władał językiem francuskim), w 1713 został wysłany ze starszym bratem do Niemiec, Francji i Włochy osiadł na koniec na Malcie w zakonie joannitów.
['Znajduje', 'się', 'na', 'południowym', 'wybrzeżu', 'wyspy', 'i', 'obejmuje', 'stolicę', 'Kingston', '(', 'ale', 'nie', 'w', 'całości', ')', '.']	[0, 0, 0, 0, 0, 0, 0, 0, 0, 5, 0, 0, 0, 0, 0, 0, 0]	pl	Znajduje się na południowym wybrzeżu wyspy i obejmuje stolicę Kingston (ale nie w całości).
['trwał', 'aż', 'do', '1932', 'r.', ',', 'kiedy', 'to', 'budując', 'sztuczne', 'zapory', ',', 'ponownie', 'odcięto', 'zatokę', 'Zuiderzee', 'od', 'morza', ',', 'wskutek', 'czego', 'powstało', 'jezioro', 'IJsselmeer', ')', '.']	[0, 0, 0, 0, 0, 0, 0, 0, 0, 0, 0, 0, 0, 0, 0, 5, 0, 0, 0, 0, 0, 0, 5, 5, 0, 0]	pl	trwał aż do 1932 r., kiedy to budując sztuczne zapory, ponownie odcięto zatokę Zuiderzee od morza, wskutek czego powstało jezioro IJsselmeer).
['po', 'tym', ',', 'jak', 'poprzedni', 'jej', 'posiadacz', ',', 'Manuel', 'Almunia', ',', 'otrzymał', 'numer', '1', '.']	[0, 0, 0, 0, 0, 0, 0, 0, 1, 2, 0, 0, 0, 0, 0]	pl	po tym, jak poprzedni jej posiadacz, Manuel Almunia, otrzymał numer 1.
"['""', 'Prades-sur-Vernazobre', '""', '–', 'miejscowość', 'i', 'gmina', 'we', 'Francji', ',', 'w', 'regionie', 'Oksytania', ',', 'w', 'departamencie', 'Hérault', '.']"	[0, 0, 0, 0, 0, 0, 0, 0, 5, 0, 0, 0, 5, 0, 0, 0, 5, 0]	pl	"""Prades-sur-Vernazobre"" – miejscowość i gmina we Francji, w regionie Oksytania, w departamencie Hérault."
['Jedynym', 'prezydentem', 'republiki', 'był', 'Mate', 'Boban', '.']	[0, 0, 0, 0, 1, 2, 0]	pl	Jedynym prezydentem republiki był Mate Boban.
['Po', 'dwóch', 'latach', 'przeniósł', 'się', 'na', 'Uniwersytet', 'Nowojorski', ',', 'gdzie', 'postanowił', 'kontynuować', 'karierę', 'filmową', ',', 'choć', 'decyzja', 'ta', 'nie', 'została', 'dobrze', 'przyjęta', 'przez', 'jego', 'rodziców', '.']	[0, 0, 0, 0, 0, 0, 5, 6, 0, 0, 0, 0, 0, 0, 0, 0, 0, 0, 0, 0, 0, 0, 0, 0, 0, 0]	pl	Po dwóch latach przeniósł się na Uniwersytet Nowojorski, gdzie postanowił kontynuować karierę filmową, choć decyzja ta nie została dobrze przyjęta przez jego rodziców.
"['""', 'Mont-lès-Seurre', '""', '–', 'miejscowość', 'i', 'gmina', 'we', 'Francji', ',', 'w', 'regionie', 'Burgundia-Franche-Comté', ',', 'w', 'departamencie', 'Saona', 'i', 'Loara', '.']"	[0, 0, 0, 0, 0, 0, 0, 0, 5, 0, 0, 0, 5, 0, 0, 0, 5, 6, 6, 0]	pl	"""Mont-lès-Seurre"" – miejscowość i gmina we Francji, w regionie Burgundia-Franche-Comté, w departamencie Saona i Loara."
"['W', '1997', 'dołączyła', 'do', 'obsady', 'serialu', '""', 'Baza', 'Pensacola', '""', '.']"	[0, 0, 0, 0, 0, 0, 0, 7, 8, 0, 0]	pl	"W 1997 dołączyła do obsady serialu ""Baza Pensacola""."
['Styczeń', '1945', 'roku', ',', 'wojna', 'na', 'Pacyfiku', '.']	[0, 0, 0, 0, 7, 8, 8, 0]	pl	Styczeń 1945 roku, wojna na Pacyfiku.
['14', 'km', 'na', 'południe', 'od', 'Esslingen', 'am', 'Neckar', ',', 'przy', 'drogach', 'krajowych', 'B297', 'i', 'B313', '.']	[0, 0, 0, 0, 0, 5, 6, 6, 0, 0, 0, 0, 5, 0, 5, 0]	pl	14 km na południe od Esslingen am Neckar, przy drogach krajowych B297 i B313.
['Później', 'przeniósł', 'się', 'do', 'Rangeley', 'w', 'stanie', 'Maine', '.']	[0, 0, 0, 0, 5, 0, 0, 5, 0]	pl	Później przeniósł się do Rangeley w stanie Maine.
['Z', 'poetów', 'tego', 'pokolenia', 'wyróżniali', 'się', 'również', ':', 'Stanisław', 'Grochowiak', ',', 'Tadeusz', 'Różewicz', ',', 'Wisława', 'Szymborska', ',', 'Tadeusz', 'Kubiak', ',', 'Ernest', 'Bryll', ',', 'Urszula', 'Kozioł', 'i', 'inni', '.']	[0, 0, 0, 0, 0, 0, 0, 0, 1, 2, 0, 1, 2, 0, 1, 2, 0, 1, 2, 0, 1, 2, 0, 1, 2, 0, 0, 0]	pl	Z poetów tego pokolenia wyróżniali się również: Stanisław Grochowiak, Tadeusz Różewicz, Wisława Szymborska, Tadeusz Kubiak, Ernest Bryll, Urszula Kozioł i inni.
['Urodzony', 'i', 'wykształcony', 'w', 'Melbourne', '.']	[0, 0, 0, 0, 5, 0]	pl	Urodzony i wykształcony w Melbourne.
['Wybrany', 'został', 'dotychczasowy', 'minister', 'spraw', 'zagranicznych', 'Walter', 'Scheel', '(', 'FDP', ')', ',', 'który', 'wystartował', 'jako', 'kandydat', 'koalicji', 'socjalno-liberalnej', '.']	[0, 0, 0, 0, 0, 0, 1, 2, 0, 3, 0, 0, 0, 0, 0, 0, 0, 0, 0]	pl	Wybrany został dotychczasowy minister spraw zagranicznych Walter Scheel (FDP), który wystartował jako kandydat koalicji socjalno-liberalnej.
['Wielką', 'nagrodę', 'zgarnął', 'Amerykanin', 'Billy', 'Hamill', '.']	[0, 0, 0, 5, 1, 2, 0]	pl	Wielką nagrodę zgarnął Amerykanin Billy Hamill.
"['Odkrył', 'ją', '14', '""', 'listopada', '1884', 'roku', 'Guillaume', 'Bigourdan', '.']"	[0, 0, 0, 0, 0, 0, 0, 1, 2, 0]	pl	"Odkrył ją 14 ""listopada 1884 roku Guillaume Bigourdan."
['Na', 'południe', 'od', 'miasta', 'leży', 'Park', 'Narodowy', 'Karula', '.']	[0, 0, 0, 0, 0, 5, 6, 6, 0]	pl	Na południe od miasta leży Park Narodowy Karula.
['Powodzie', 'schodzą', 'w', 'dół', 'rzek', 'formując', 'płaską', 'równinę', 'z', 'piasków', 'niesionych', 'z', 'pustyni', 'Kalahari', 'na', 'odległość', 'ok', '.']	[0, 0, 0, 0, 0, 0, 0, 0, 0, 0, 0, 0, 0, 5, 0, 0, 0, 0]	pl	Powodzie schodzą w dół rzek formując płaską równinę z piasków niesionych z pustyni Kalahari na odległość ok.
['Na', 'terenie', 'gminy', 'znajduje', 'się', 'węzeł', 'kolejowy', 'o', 'znaczeniu', 'strategicznym', 'ze', 'stacjami', 'Herby', 'Nowe', 'i', 'Herby', 'Stare', '.']	[0, 0, 0, 0, 0, 0, 0, 0, 0, 0, 0, 0, 5, 6, 0, 5, 6, 0]	pl	Na terenie gminy znajduje się węzeł kolejowy o znaczeniu strategicznym ze stacjami Herby Nowe i Herby Stare.
"['Odkrył', 'ją', 'James', 'Dunlop', '2', '""', 'września', '1826', 'roku', '.']"	[0, 0, 1, 2, 0, 0, 0, 0, 0, 0]	pl	"Odkrył ją James Dunlop 2 ""września 1826 roku."
['1', 'maja', '305', 'Dioklecjan', 'ogłosił', 'swoją', 'rezygnację', 'z', 'tytułu', 'cesarza', ',', 'podobnie', 'postąpił', 'Maksymian', '.']	[0, 0, 0, 1, 0, 0, 0, 0, 0, 0, 0, 0, 0, 1, 0]	pl	1 maja 305 Dioklecjan ogłosił swoją rezygnację z tytułu cesarza, podobnie postąpił Maksymian.
['W', 'Dżibuti', 'miejscami', 'jest', 'dość', 'pospolity', ',', 'występuje', 'nawet', 'do', '76', 'osobników', 'na', 'hektar', '.']	[0, 5, 0, 0, 0, 0, 0, 0, 0, 0, 0, 0, 0, 0, 0]	pl	W Dżibuti miejscami jest dość pospolity, występuje nawet do 76 osobników na hektar.
"['John', 'Stuart', 'Mill', 'i', 'Alexis', 'de', 'Tocqueville', 'ostrzegali', 'przed', '""', 'tyranią', 'większości', '""', ',', 'pisząc', ',', 'że', 'demokratyczna', 'większość', 'może', 'naruszać', 'prawa', 'jednostek', 'i', 'mniejszości', '.']"	[1, 2, 2, 0, 1, 2, 2, 0, 0, 0, 0, 0, 0, 0, 0, 0, 0, 0, 0, 0, 0, 0, 0, 0, 0, 0]	pl	"John Stuart Mill i Alexis de Tocqueville ostrzegali przed ""tyranią większości"", pisząc, że demokratyczna większość może naruszać prawa jednostek i mniejszości."
"['W', '1967', 'wystąpił', 'na', 'hippisowskim', 'happeningu', 'Human', 'Be-In', 'w', 'San', 'Francisco', ',', 'gdzie', 'po', 'raz', 'pierwszy', 'użył', 'słynnej', 'frazy', '""', 'Turn', 'on', ',', 'tune', 'in', ',', 'drop', 'out', '""', '.']"	[0, 0, 0, 0, 0, 0, 7, 8, 0, 5, 6, 0, 0, 0, 0, 0, 0, 0, 0, 0, 0, 0, 0, 0, 0, 0, 0, 0, 0, 0]	pl	"W 1967 wystąpił na hippisowskim happeningu Human Be-In w San Francisco, gdzie po raz pierwszy użył słynnej frazy ""Turn on, tune in, drop out""."
"['Twórcami', 'muzyki', 'jest', 'duet', 'Shiv-Hari', ',', 'autorzy', 'muzyki', 'do', '""', 'Silsila', '""', '(', '1981', ')', ',', '""', 'Lamhe', '""', '(', '1991', ')', ',', '""', 'Parampara', '""', '(', '1993', ')', 'i', '""', 'Darr', '""', '.']"	[0, 0, 0, 0, 1, 0, 0, 0, 0, 0, 0, 0, 0, 0, 0, 0, 0, 7, 0, 0, 0, 0, 0, 0, 7, 0, 0, 0, 0, 0, 0, 7, 0, 0]	pl	"Twórcami muzyki jest duet Shiv-Hari, autorzy muzyki do ""Silsila"" (1981), ""Lamhe"" (1991), ""Parampara"" (1993) i ""Darr""."
"['pierwszy', ',', 'to', 'wczesna', 'wersja', 'utworu', '""', 'Another', 'Part', 'of', 'Me', '""', ',', 'który', 'został', 'później', 'ponownie', 'zmiksowany', 'i', 'wydany', 'na', 'albumie', '""', 'Bad', '""', 'oraz', 'jako', 'singel', 'w', '1988', '.']"	[0, 0, 0, 0, 0, 0, 0, 7, 8, 8, 8, 0, 0, 0, 0, 0, 0, 0, 0, 0, 0, 0, 0, 7, 0, 0, 0, 0, 0, 0, 0]	pl	"pierwszy, to wczesna wersja utworu ""Another Part of Me"", który został później ponownie zmiksowany i wydany na albumie ""Bad"" oraz jako singel w 1988."
['Jednocześnie', 'prymas', 'Jan', 'Wężyk', 'wydał', 'uniwersał', 'ostrzegający', 'mieszkańców', 'województwa', 'smoleńskiego', 'przed', 'wojną', '.']	[0, 0, 1, 2, 0, 0, 0, 0, 0, 0, 0, 0, 0]	pl	Jednocześnie prymas Jan Wężyk wydał uniwersał ostrzegający mieszkańców województwa smoleńskiego przed wojną.
['W', 'meczu', 'z', 'Peru', 'w', '61', 'minucie', 'zastąpił', 'na', 'boisku', 'Roberto', 'Cherro', ',', 'natomiast', 'w', 'spotkaniu', 'z', 'Urugwajem', 'grał', 'od', 'początku', ',', 'ale', 'w', 'drugiej', 'połowie', 'zastąpił', 'go', 'Alberto', 'Zozaya', '.']	[0, 0, 0, 5, 0, 0, 0, 0, 0, 0, 1, 2, 0, 0, 0, 0, 0, 3, 0, 0, 0, 0, 0, 0, 0, 0, 0, 0, 1, 2, 0]	pl	W meczu z Peru w 61 minucie zastąpił na boisku Roberto Cherro, natomiast w spotkaniu z Urugwajem grał od początku, ale w drugiej połowie zastąpił go Alberto Zozaya.
['Treść', 'odpowiedzi', 'serwera', 'najczęściej', 'przekazywana', 'jest', 'w', 'formatach', 'XML', ',', 'JSON', 'lub', 'czystym', 'tekstem', '.']	[0, 0, 0, 0, 0, 0, 0, 0, 7, 0, 0, 0, 0, 0, 0]	pl	Treść odpowiedzi serwera najczęściej przekazywana jest w formatach XML, JSON lub czystym tekstem.
['Jedną', 'z', 'ważniejszych', 'implementacji', 'była', 'wersja', 'opracowana', 'przez', 'firmę', 'Intel', 'dla', 'procesorów', 'serii', '8080', '/', '8085', ',', 'stosowana', 'm.in.', 'w', 'systemie', 'ISIS-II', 'oraz', 'PL', '/', 'M-86', 'opracowana', 'głównie', 'dla', 'potrzeb', 'programowania', 'procesów', 'w', 'systemach', 'czasu', 'rzeczywistego', 'iRMX', '.']	[0, 0, 0, 0, 0, 0, 0, 0, 0, 3, 0, 0, 0, 0, 0, 0, 0, 0, 0, 0, 0, 0, 0, 0, 0, 0, 0, 0, 0, 0, 0, 0, 0, 0, 0, 0, 0, 0]	pl	Jedną z ważniejszych implementacji była wersja opracowana przez firmę Intel dla procesorów serii 8080 / 8085, stosowana m.in. w systemie ISIS-II oraz PL / M-86 opracowana głównie dla potrzeb programowania procesów w systemach czasu rzeczywistego iRMX.
"['Jej', 'bezpośrednim', 'konkurentem', 'był', '""', 'Quake', 'III', ':', 'Arena', '""', ',', 'który', 'został', 'wydany', 'nieco', 'później', '(', '7', 'grudnia', ')', '.']"	[0, 0, 0, 0, 0, 7, 8, 8, 8, 0, 0, 0, 0, 0, 0, 0, 0, 0, 0, 0, 0]	pl	"Jej bezpośrednim konkurentem był ""Quake III: Arena"", który został wydany nieco później (7 grudnia)."
['Obie', 'w', '1976', 'założyły', 'grupę', 'The', 'Slits', '.']	[0, 0, 0, 0, 0, 3, 4, 0]	pl	Obie w 1976 założyły grupę The Slits.
['Debiut', 'w', 'lidze', 'zaliczył', 'w', 'wieku', 'szesnastu', 'lat', 'w', 'spotkaniu', 'z', 'NAC', 'Breda', '.']	[0, 0, 0, 0, 0, 0, 0, 0, 0, 0, 0, 3, 4, 0]	pl	Debiut w lidze zaliczył w wieku szesnastu lat w spotkaniu z NAC Breda.
['28', 'marca', '2002', 'papież', 'Jan', 'Paweł', 'II', 'mianował', 'go', 'biskupem', 'diecezjalnym', 'diecezji', 'radomskiej', '.']	[0, 0, 0, 0, 1, 2, 2, 0, 0, 0, 0, 0, 0, 0]	pl	28 marca 2002 papież Jan Paweł II mianował go biskupem diecezjalnym diecezji radomskiej.
['Montowane', 'są', 'one', 'we', 'wszystkich', 'seriach', 'modeli', ',', 'z', 'wyjątkiem', 'Audi', 'R8', '.']	[0, 0, 0, 0, 0, 0, 0, 0, 0, 0, 7, 8, 0]	pl	Montowane są one we wszystkich seriach modeli, z wyjątkiem Audi R8.
"['""', 'Barbie', '""', '–', 'lalka', 'produkowana', 'przez', 'przedsiębiorstwo', 'Mattel', ',', 'jedna', 'z', 'najlepiej', 'sprzedających', 'się', 'zabawek', 'i', 'jednocześnie', 'najbardziej', 'znanych', 'ikon', 'kultury', 'masowej', '.']"	[0, 0, 0, 0, 0, 0, 0, 0, 3, 0, 0, 0, 0, 0, 0, 0, 0, 0, 0, 0, 0, 0, 0, 0]	pl	"""Barbie"" – lalka produkowana przez przedsiębiorstwo Mattel, jedna z najlepiej sprzedających się zabawek i jednocześnie najbardziej znanych ikon kultury masowej."
['W', '2007', 'został', 'zatrudniony', 'w', 'strukturze', 'klubu', 'Kubań', 'Krasnodar', '.']	[0, 0, 0, 0, 0, 0, 0, 3, 4, 0]	pl	W 2007 został zatrudniony w strukturze klubu Kubań Krasnodar.
['Jest', 'wychowankiem', 'klubu', 'Piunik', 'Erywań', '.']	[0, 0, 0, 3, 4, 0]	pl	Jest wychowankiem klubu Piunik Erywań.
['Oprócz', 'My', 'Chemical', 'Romance', 'grał', 'również', 'w', 'zespole', 'Leathermouth', 'gdzie', 'był', 'także', 'wokalistą', '.']	[0, 3, 4, 4, 0, 0, 0, 0, 3, 0, 0, 0, 0, 0]	pl	Oprócz My Chemical Romance grał również w zespole Leathermouth gdzie był także wokalistą.
"['Według', 'danych', 'na', 'rok', '1990', 'gminę', 'zamieszkiwało', '15', 'osób', ',', 'a', 'gęstość', 'zaludnienia', 'wynosiła', '5', '""', 'osób', '/', 'km', '²', '(', 'wśród', '1786', 'gmin', 'Franche-Comté', 'Châtillon-sur-Lison', 'plasuje', 'się', 'na', '725', '.']"	[0, 0, 0, 0, 0, 0, 0, 0, 0, 0, 0, 0, 0, 0, 0, 0, 0, 0, 0, 0, 0, 0, 0, 0, 5, 0, 0, 0, 0, 0, 0]	pl	"Według danych na rok 1990 gminę zamieszkiwało 15 osób, a gęstość zaludnienia wynosiła 5 ""osób / km ² (wśród 1786 gmin Franche-Comté Châtillon-sur-Lison plasuje się na 725."
['W', 'stanie', 'Itatiaia', 'znajduje', 'się', 'wąska', 'strefa', 'hybrydyzacji', 'przedstawicieli', 'obu', 'podgatunków', '.']	[0, 0, 5, 0, 0, 0, 0, 0, 0, 0, 0, 0]	pl	W stanie Itatiaia znajduje się wąska strefa hybrydyzacji przedstawicieli obu podgatunków.
['obszar', 'ten', 'podlegał', 'miastu', 'Goleniów', '.']	[0, 0, 0, 0, 5, 0]	pl	obszar ten podlegał miastu Goleniów.
['Kandydaci', 'na', 'prezydenta', 'Władysław', 'Kosiniak-Kamysz', 'oraz', 'Małgorzata', 'Kidawa-Błońska', 'zaproponowali', 'referenda', 'w', 'kwestii', 'związków', 'osób', 'tej', 'samej', 'płci', ',', 'jednak', 'Robert', 'Biedroń', 'zwrócił', 'uwagę', 'na', 'to', ',', 'że', 'w', 'kwestiach', 'praw', 'człowieka', 'nie', 'powinno', 'robić', 'się', 'referendum', '.']	[0, 0, 0, 1, 2, 0, 1, 2, 0, 0, 0, 0, 0, 0, 0, 0, 0, 0, 0, 1, 2, 0, 0, 0, 0, 0, 0, 0, 0, 0, 0, 0, 0, 0, 0, 0, 0]	pl	Kandydaci na prezydenta Władysław Kosiniak-Kamysz oraz Małgorzata Kidawa-Błońska zaproponowali referenda w kwestii związków osób tej samej płci, jednak Robert Biedroń zwrócił uwagę na to, że w kwestiach praw człowieka nie powinno robić się referendum.
['Zdjęcia', 'do', 'filmu', ',', 'które', 'realizowano', 'w', 'różnych', 'miastach', 'stanu', 'Massachusetts', ',', 'rozpoczęto', 'w', 'czerwcu', '2013', 'roku', '.']	[0, 0, 0, 0, 0, 0, 0, 0, 0, 0, 5, 0, 0, 0, 0, 0, 0, 0]	pl	Zdjęcia do filmu, które realizowano w różnych miastach stanu Massachusetts, rozpoczęto w czerwcu 2013 roku.
"['Według', 'danych', 'na', 'rok', '1990', 'gminę', 'zamieszkiwało', '347', 'osób', ',', 'a', 'gęstość', 'zaludnienia', 'wynosiła', '28', '""', 'osób', '/', 'km', '²', '(', 'wśród', '1467', 'gmin', 'regionu', 'Poitou-Charentes', 'Saint-Martin-de-Mâcon', 'plasuje', 'się', 'na', '674', '.']"	[0, 0, 0, 0, 0, 0, 0, 0, 0, 0, 0, 0, 0, 0, 0, 0, 0, 0, 0, 0, 0, 0, 0, 0, 0, 5, 0, 0, 0, 0, 0, 0]	pl	"Według danych na rok 1990 gminę zamieszkiwało 347 osób, a gęstość zaludnienia wynosiła 28 ""osób / km ² (wśród 1467 gmin regionu Poitou-Charentes Saint-Martin-de-Mâcon plasuje się na 674."
['25', 'stycznia', '1979', 'w', 'Cambre', ')', '–', 'hiszpański', 'piłkarz', 'występujący', 'na', 'pozycji', 'bramkarza', 'w', 'Albacete', 'Balompié', '.']	[0, 0, 0, 0, 5, 0, 0, 0, 0, 0, 0, 0, 0, 0, 3, 4, 0]	pl	25 stycznia 1979 w Cambre) – hiszpański piłkarz występujący na pozycji bramkarza w Albacete Balompié.
"['""', 'Saint-Père', '""', '(', 'bret.', '""', 'Sant-Pêr-Poualed', '""', ')', '–', 'miejscowość', 'i', 'gmina', 'we', 'Francji', ',', 'w', 'regionie', 'Bretania', ',', 'w', 'departamencie', 'Ille-et-Vilaine', '.']"	[0, 0, 0, 0, 0, 0, 0, 0, 0, 0, 0, 0, 0, 0, 5, 0, 0, 0, 5, 0, 0, 0, 5, 0]	pl	"""Saint-Père"" (bret. ""Sant-Pêr-Poualed"") – miejscowość i gmina we Francji, w regionie Bretania, w departamencie Ille-et-Vilaine."
"['""', 'Ayguemorte-les-Graves', '""', '–', 'miejscowość', 'i', 'gmina', 'we', 'Francji', ',', 'w', 'regionie', 'Nowa', 'Akwitania', ',', 'w', 'departamencie', 'Żyronda', '.']"	[0, 0, 0, 0, 0, 0, 0, 0, 5, 0, 0, 0, 5, 6, 0, 0, 0, 5, 0]	pl	"""Ayguemorte-les-Graves"" – miejscowość i gmina we Francji, w regionie Nowa Akwitania, w departamencie Żyronda."
['Inne', 'formy', 'pochodne', ':', 'Anita', ',', 'Aneta', ',', 'Anika', '.']	[0, 0, 0, 0, 1, 0, 0, 0, 1, 0]	pl	Inne formy pochodne: Anita, Aneta, Anika.
['Status', 'obserwatorów', 'posiadają', ':', 'Gwinea', 'Równikowa', ',', 'Mauritius', 'i', 'Senegal', '.']	[0, 0, 0, 0, 5, 6, 0, 5, 0, 5, 0]	pl	Status obserwatorów posiadają: Gwinea Równikowa, Mauritius i Senegal.
['W', 'wyścigu', 'dojechał', 'przedostatni', 'na', 'dwunastym', 'miejscu', 'ze', 'stratą', 'dwóch', 'okrążeń', 'do', 'zwycięzcy', 'wyścigu', 'Fernando', 'Alonso', ',', 'przed', 'zespołowym', 'partnerem', 'Tiago', 'Monteiro', '.']	[0, 0, 0, 0, 0, 0, 0, 0, 0, 0, 0, 0, 0, 0, 1, 2, 0, 0, 0, 0, 1, 2, 0]	pl	W wyścigu dojechał przedostatni na dwunastym miejscu ze stratą dwóch okrążeń do zwycięzcy wyścigu Fernando Alonso, przed zespołowym partnerem Tiago Monteiro.
['Podejrzewając', 'prawdziwe', 'intencje', 'Lucipinusa', ',', 'a', 'może', 'przez', 'kogoś', 'ostrzeżony', ',', 'Fritigern', 'stawił', 'się', 'w', 'pełnym', 'uzbrojeniu', ',', 'w', 'towarzystwie', 'świty', 'swoich', 'najlepszych', 'ludzi', 'i', 'to', 'on', 'zabił', 'na', 'miejscu', 'Lucipiusa', 'i', 'innych', 'swoich', 'niedoszłych', 'zabójców', '.']	[0, 0, 0, 0, 0, 0, 0, 0, 0, 0, 0, 1, 0, 0, 0, 0, 0, 0, 0, 0, 0, 0, 0, 0, 0, 0, 0, 0, 0, 0, 0, 0, 0, 0, 0, 0, 0]	pl	Podejrzewając prawdziwe intencje Lucipinusa, a może przez kogoś ostrzeżony, Fritigern stawił się w pełnym uzbrojeniu, w towarzystwie świty swoich najlepszych ludzi i to on zabił na miejscu Lucipiusa i innych swoich niedoszłych zabójców.
['Stosowany', 'jest', 'przede', 'wszystkim', 'do', 'zapisu', ',', 'wyszukiwania', 'i', 'wizualizacji', 'dużych', 'dokumentów', 'i', 'kolekcji', 'XML', '.']	[0, 0, 0, 0, 0, 0, 0, 0, 0, 0, 0, 0, 0, 0, 7, 0]	pl	Stosowany jest przede wszystkim do zapisu, wyszukiwania i wizualizacji dużych dokumentów i kolekcji XML.
"['Dwaj', 'pozostali', ',', 'Anghel', 'Iordănescu', 'i', 'Mircea', 'Lucescu', ',', 'zajęli', '""', 'ex', 'aequo', '""', '46', '.']"	[0, 0, 0, 1, 2, 0, 1, 2, 0, 0, 0, 0, 0, 0, 0, 0]	pl	"Dwaj pozostali, Anghel Iordănescu i Mircea Lucescu, zajęli ""ex aequo"" 46."
['Z', 'jego', 'polecenia', 'dowódcą', 'został', 'jego', 'przyjaciel', ',', 'Bask', 'Miguel', 'López', 'de', 'Legazpi', '.']	[0, 0, 0, 0, 0, 0, 0, 0, 0, 1, 2, 2, 2, 0]	pl	Z jego polecenia dowódcą został jego przyjaciel, Bask Miguel López de Legazpi.
"['Na', 'szczegółową', 'lokalizację', 'zdaje', 'się', 'miał', 'wpływ', 'dr', 'Fritz', 'Todt', ',', 'bywalec', '""', '„', 'Kurhausu', '”', '""', '–', 'domu', 'wypoczynkowego', 'w', 'lesie', 'gierłoskim', '.']"	[0, 0, 0, 0, 0, 0, 0, 0, 1, 2, 0, 0, 0, 0, 0, 0, 0, 0, 0, 0, 0, 0, 0, 0]	pl	"Na szczegółową lokalizację zdaje się miał wpływ dr Fritz Todt, bywalec ""„ Kurhausu ” ""– domu wypoczynkowego w lesie gierłoskim."
['W', '2019', 'otrzymał', 'nominację', 'na', 'funkcję', 'burmistrza', 'Leeuwarden', '.']	[0, 0, 0, 0, 0, 0, 0, 5, 0]	pl	W 2019 otrzymał nominację na funkcję burmistrza Leeuwarden.
['Latem', '1977', 'został', 'zaproszony', 'do', 'FC', 'Den', 'Bosch', ',', 'w', 'którym', 'zakończył', 'karierę', 'piłkarza', 'w', 'roku', '1978', '.']	[0, 0, 0, 0, 0, 3, 4, 4, 0, 0, 0, 0, 0, 0, 0, 0, 0, 0]	pl	Latem 1977 został zaproszony do FC Den Bosch, w którym zakończył karierę piłkarza w roku 1978.
['miejscu', 'za', 'FC', 'Barceloną', 'i', 'Atlético', 'Madryt', '.']	[0, 0, 3, 4, 0, 3, 4, 0]	pl	miejscu za FC Barceloną i Atlético Madryt.
['Wesley', 'Ruggles', ')', '.']	[1, 2, 0, 0]	pl	Wesley Ruggles).
['Odbiorcą', 'paliwa', 'był', 'Blackburn', 'Buccaneer', '.']	[0, 0, 0, 7, 8, 0]	pl	Odbiorcą paliwa był Blackburn Buccaneer.
"['Na', 'podstawie', 'powieści', 'stworzono', 'grę', 'edukacyjną', 'o', 'stanie', 'wojennym', ',', 'a', 'Kazik', 'Staszewski', 'stworzył', 'do', 'niej', 'piosenki', ':', '""', 'Piosenkę', 'członka', '""', 'i', '""', 'Piosenkę', 'milipantów', '""', '.']"	[0, 0, 0, 0, 0, 0, 0, 0, 0, 0, 0, 1, 2, 0, 0, 0, 0, 0, 0, 0, 0, 0, 0, 0, 0, 0, 0, 0]	pl	"Na podstawie powieści stworzono grę edukacyjną o stanie wojennym, a Kazik Staszewski stworzył do niej piosenki: ""Piosenkę członka"" i ""Piosenkę milipantów""."
['Następnie', 'wyjechał', 'do', 'Japonii', 'do', 'klubów', 'Urawa', 'Red', 'Diamonds', 'i', 'Oita', 'Trinita', '.']	[0, 0, 0, 5, 0, 0, 3, 4, 4, 0, 3, 4, 0]	pl	Następnie wyjechał do Japonii do klubów Urawa Red Diamonds i Oita Trinita.
['Zauważyć', 'należy', ',', 'że', 'pierwszej', 'części', 'zdania', 'łatwo', 'nadać', 'wydźwięk', 'inny', 'niż', 'ma', 'zdanie', 'pełne', ',', 'zwłaszcza', ',', 'jeśli', 'nie', 'wiadomo', 'nic', 'o', 'sensie', ',', 'jaki', 'nadawał', 'mu', 'Protagoras', '.']	[0, 0, 0, 0, 0, 0, 0, 0, 0, 0, 0, 0, 0, 0, 0, 0, 0, 0, 0, 0, 0, 0, 0, 0, 0, 0, 0, 0, 1, 0]	pl	Zauważyć należy, że pierwszej części zdania łatwo nadać wydźwięk inny niż ma zdanie pełne, zwłaszcza, jeśli nie wiadomo nic o sensie, jaki nadawał mu Protagoras.
['W', 'latach', '2015', '–', '2017', 'był', 'zawodnikiem', 'fińskiego', 'klubu', 'HJK', 'Helsinki', '.']	[0, 0, 0, 0, 0, 0, 0, 0, 0, 3, 4, 0]	pl	W latach 2015 – 2017 był zawodnikiem fińskiego klubu HJK Helsinki.
"['""', 'Sahune', '""', '–', 'miejscowość', 'i', 'gmina', 'we', 'Francji', ',', 'w', 'regionie', 'Owernia-Rodan-Alpy', ',', 'w', 'departamencie', 'Drôme', '.']"	[0, 0, 0, 0, 0, 0, 0, 0, 5, 0, 0, 0, 5, 0, 0, 0, 5, 0]	pl	"""Sahune"" – miejscowość i gmina we Francji, w regionie Owernia-Rodan-Alpy, w departamencie Drôme."
['Zakończył', 'karierę', 'piłkarską', 'w', 'drugoligowym', 'Chamois', 'Niortais', 'FC', '.']	[0, 0, 0, 0, 0, 3, 4, 4, 0]	pl	Zakończył karierę piłkarską w drugoligowym Chamois Niortais FC.
['Grupa', 'przejeżdża', 'tranzytem', 'przez', 'znajdujący', 'się', 'na', 'terenie', 'NRD', 'dworzec', 'Berlin', 'Friedrichstraße', '.']	[0, 0, 0, 0, 0, 0, 0, 0, 5, 0, 5, 6, 0]	pl	Grupa przejeżdża tranzytem przez znajdujący się na terenie NRD dworzec Berlin Friedrichstraße.
['System', 'Smarty', 'cechuje', 'się', 'wysoką', 'wydajnością', 'dzięki', 'kompilowaniu', 'szablonów', 'do', 'postaci', 'skryptów', 'PHP', ',', 'a', 'także', 'wbudowanemu', 'systemowi', 'buforowania', '.']	[0, 0, 0, 0, 0, 0, 0, 0, 0, 0, 0, 0, 7, 0, 0, 0, 0, 0, 0, 0]	pl	System Smarty cechuje się wysoką wydajnością dzięki kompilowaniu szablonów do postaci skryptów PHP, a także wbudowanemu systemowi buforowania.
['Gra', 'na', 'gitarze', 'basowej', 'firmy', 'Ibanez', 'sygnowanej', 'jego', 'nazwiskiem', '.']	[0, 0, 0, 0, 0, 3, 0, 0, 0, 0]	pl	Gra na gitarze basowej firmy Ibanez sygnowanej jego nazwiskiem.
['Następnie', 'z', 'tą', 'propozycją', 'wystąpił', 'w', '1949', 'arcybiskup', 'krakowski', 'Adam', 'Stefan', 'Sapieha', ',', 'który', 'rozpoczął', 'proces', 'informacyjny', 'na', 'szczeblu', 'diecezjalnym', '.']	[0, 0, 0, 0, 0, 0, 0, 0, 0, 1, 2, 2, 0, 0, 0, 0, 0, 0, 0, 0, 0]	pl	Następnie z tą propozycją wystąpił w 1949 arcybiskup krakowski Adam Stefan Sapieha, który rozpoczął proces informacyjny na szczeblu diecezjalnym.
['W', 'dużej', 'części', 'zgodny', 'ze', 'standardem', 'POSIX', '.']	[0, 0, 0, 0, 0, 0, 7, 0]	pl	W dużej części zgodny ze standardem POSIX.
['Obfita', 'w', 'żwiry', 'jest', 'również', 'rzeka', 'Wisła', '.']	[0, 0, 0, 0, 0, 0, 5, 0]	pl	Obfita w żwiry jest również rzeka Wisła.
['Władysław', 'Sikorski', ',', 'który', 'odpowiedział', 'na', 'niego', '4', 'listopada', '.']	[1, 2, 0, 0, 0, 0, 0, 0, 0, 0]	pl	Władysław Sikorski, który odpowiedział na niego 4 listopada.
['Chciano', 'przenieść', 'go', 'do', 'miejscowości', 'Kluż-Napoka', '.']	[0, 0, 0, 0, 0, 5, 0]	pl	Chciano przenieść go do miejscowości Kluż-Napoka.
['Po', 'upadku', 'cesarstwa', 'rzymskiego', ',', 'Armoryka', 'została', 'w', 'V-VI', 'wieku', 'zasiedlona', 'przez', 'celtyckie', 'plemię', 'Brytów', ',', 'wypierane', 'z', 'brytyjskiej', 'Kornwalii', 'przez', 'germańskich', 'Anglów', 'i', 'Sasów', '.']	[0, 0, 0, 0, 0, 5, 0, 0, 0, 0, 0, 0, 0, 0, 7, 0, 0, 0, 0, 5, 0, 0, 7, 0, 7, 0]	pl	Po upadku cesarstwa rzymskiego, Armoryka została w V-VI wieku zasiedlona przez celtyckie plemię Brytów, wypierane z brytyjskiej Kornwalii przez germańskich Anglów i Sasów.
"['Dwie', 'solówki', 'grane', 'przez', 'Davida', 'Gilmoura', 'należą', 'do', 'ulubionych', 'przez', 'fanów', 'Pink', 'Floyd', 'i', 'uznawane', 'są', 'za', 'przykład', '""', 'archetypicznego', '""', 'rocka', '.']"	[0, 0, 0, 0, 1, 2, 0, 0, 0, 0, 0, 3, 4, 0, 0, 0, 0, 0, 0, 0, 0, 0, 0]	pl	"Dwie solówki grane przez Davida Gilmoura należą do ulubionych przez fanów Pink Floyd i uznawane są za przykład ""archetypicznego"" rocka."
['Producentem', 'został', 'Bob', 'Rock', '.']	[0, 0, 1, 2, 0]	pl	Producentem został Bob Rock.
['Obecnie', 'gra', 'w', 'Calcio', 'Padova', '.']	[0, 0, 0, 3, 4, 0]	pl	Obecnie gra w Calcio Padova.
['Początkowo', 'dostępna', 'w', 'styczniu', '1992', 'roku', 'na', 'konsole', 'SNES', 'gra', 'została', 'przeniesiona', 'na', 'przenośną', 'konsole', 'WonderSwan', 'Color', 'w', 'grudniu', '2002', 'roku', '.']	[0, 0, 0, 0, 0, 0, 0, 0, 7, 0, 0, 0, 0, 0, 0, 7, 8, 0, 0, 0, 0, 0]	pl	Początkowo dostępna w styczniu 1992 roku na konsole SNES gra została przeniesiona na przenośną konsole WonderSwan Color w grudniu 2002 roku.
['Na', 'terenie', 'miasta', 'funkcjonował', 'obóz', 'specjalny', 'NKWD', '.']	[0, 0, 0, 0, 0, 0, 3, 0]	pl	Na terenie miasta funkcjonował obóz specjalny NKWD.
['Alfred', 'E.', 'Green', ')', '.']	[1, 2, 2, 0, 0]	pl	Alfred E. Green).
['Trasa', 'marszu', 'prowadziła', 'przez', 'Śląsk', ',', 'Morawy', 'i', 'Czechy', '.']	[0, 0, 0, 0, 5, 0, 5, 0, 5, 0]	pl	Trasa marszu prowadziła przez Śląsk, Morawy i Czechy.
['Zwycięzcą', 'zawodów', 'został', 'Simon', 'Slåttvik', ',', 'który', 'tym', 'samym', 'zdobył', 'piąty', 'złoty', 'medal', 'olimpijski', 'dla', 'swojego', 'kraju', 'w', 'tej', 'dyscyplinie', '.']	[0, 0, 0, 1, 2, 0, 0, 0, 0, 0, 0, 0, 0, 0, 0, 0, 0, 0, 0, 0, 0]	pl	Zwycięzcą zawodów został Simon Slåttvik, który tym samym zdobył piąty złoty medal olimpijski dla swojego kraju w tej dyscyplinie.
['W', '2001', 'należał', 'do', 'założycieli', 'partii', 'Nowa', 'Era', '.']	[0, 0, 0, 0, 0, 0, 3, 4, 0]	pl	W 2001 należał do założycieli partii Nowa Era.
['Nawet', 'na', 'obszarach', 'dobrze', 'nawodnionych', '(', 'między', '900', 'a', '200', 'mm', 'odpływu', 'rocznego', ')', ',', 'do', 'których', 'należy', 'Syczuan', ',', 'istnieje', 'zagrożenie', 'niedoborem', 'wody', 'w', 'zimie', 'a', 'powodziami', 'w', 'lecie', '.']	[0, 0, 0, 0, 0, 0, 0, 0, 0, 0, 0, 0, 0, 0, 0, 0, 0, 0, 5, 0, 0, 0, 0, 0, 0, 0, 0, 0, 0, 0, 0]	pl	Nawet na obszarach dobrze nawodnionych (między 900 a 200 mm odpływu rocznego), do których należy Syczuan, istnieje zagrożenie niedoborem wody w zimie a powodziami w lecie.
"['Według', 'danych', 'na', 'rok', '1990', 'gminę', 'zamieszkiwało', '138', 'osób', ',', 'a', 'gęstość', 'zaludnienia', 'wynosiła', '21', '""', 'osób', '/', 'km', '²', '(', 'wśród', '1786', 'gmin', 'Franche-Comté', 'Luxiol', 'plasuje', 'się', 'na', '605', '.']"	[0, 0, 0, 0, 0, 0, 0, 0, 0, 0, 0, 0, 0, 0, 0, 0, 0, 0, 0, 0, 0, 0, 0, 0, 5, 0, 0, 0, 0, 0, 0]	pl	"Według danych na rok 1990 gminę zamieszkiwało 138 osób, a gęstość zaludnienia wynosiła 21 ""osób / km ² (wśród 1786 gmin Franche-Comté Luxiol plasuje się na 605."
['Swoje', 'zainteresowania', 'teatralne', 'traktował', 'bardzo', 'poważnie', ',', 'a', 'na', 'kształtowanie', 'jego', 'osobowości', 'jako', 'artysty', 'miał', 'największy', 'wpływ', 'jego', 'mistrz', ',', 'reżyser', 'teatralny', 'Mieczysław', 'Kotlarczyk', '.']	[0, 0, 0, 0, 0, 0, 0, 0, 0, 0, 0, 0, 0, 0, 0, 0, 0, 0, 0, 0, 0, 0, 1, 2, 0]	pl	Swoje zainteresowania teatralne traktował bardzo poważnie, a na kształtowanie jego osobowości jako artysty miał największy wpływ jego mistrz, reżyser teatralny Mieczysław Kotlarczyk.
['Odmiana', 'żyjąca', 'w', 'okolicach', 'Ngaoundéré', 'i', 'Banyo', 'zwie', 'się', 'Peul', 'zebu', '–', 'są', 'to', 'duże', ',', 'mięsne', 'krowy', 'o', 'ciemnobrązowych', 'bokach', 'z', 'białymi', 'kropkami', '.']	[0, 0, 0, 0, 5, 0, 5, 0, 0, 0, 0, 0, 0, 0, 0, 0, 0, 0, 0, 0, 0, 0, 0, 0, 0]	pl	Odmiana żyjąca w okolicach Ngaoundéré i Banyo zwie się Peul zebu – są to duże, mięsne krowy o ciemnobrązowych bokach z białymi kropkami.
['Jego', 'oficjalne', 'otwarcie', 'nastąpiło', '28', 'stycznia', '1998', 'podczas', 'uroczystości', 'zorganizowanej', 'przed', 'towarzyskim', 'meczem', 'Francja', '–', 'Hiszpania', '1:0', '(', 'premierowego', 'gola', 'zdobył', 'Zinédine', 'Zidane', 'w', '20', 'minucie', 'pojedynku', ')', '.']	[0, 0, 0, 0, 0, 0, 0, 0, 0, 0, 0, 0, 0, 5, 0, 3, 0, 0, 0, 0, 0, 1, 2, 0, 0, 0, 0, 0, 0]	pl	Jego oficjalne otwarcie nastąpiło 28 stycznia 1998 podczas uroczystości zorganizowanej przed towarzyskim meczem Francja – Hiszpania 1:0 (premierowego gola zdobył Zinédine Zidane w 20 minucie pojedynku).
['Od', 'razu', 'został', 'podstawowym', 'piłkarzem', 'zespołu', 'i', 'już', 'w', 'drugim', 'meczu', 'sezonu', ',', '18', 'stycznia', '2015', 'z', 'Pumas', 'UNAM', '(', '2:1', ')', ',', 'strzelił', 'spektakularnego', 'gola', ',', 'wybranego', 'na', 'bramkę', 'kolejki', 'przez', 'serwis', 'MedioTiempo', '.']	[0, 0, 0, 0, 0, 0, 0, 0, 0, 0, 0, 0, 0, 0, 0, 0, 0, 3, 4, 0, 0, 0, 0, 0, 0, 0, 0, 0, 0, 0, 0, 0, 0, 0, 0]	pl	Od razu został podstawowym piłkarzem zespołu i już w drugim meczu sezonu, 18 stycznia 2015 z Pumas UNAM (2:1), strzelił spektakularnego gola, wybranego na bramkę kolejki przez serwis MedioTiempo.
['Na', 'krótko', 'przeniósł', 'się', 'wraz', 'z', 'żoną', 'i', 'siostrami', 'do', 'niewielkiej', 'miejscowości', 'Bombon', 'w', 'departamencie', 'Sekwana', 'i', 'Marna', '.']	[0, 0, 0, 0, 0, 0, 0, 0, 0, 0, 0, 0, 5, 0, 0, 5, 6, 6, 0]	pl	Na krótko przeniósł się wraz z żoną i siostrami do niewielkiej miejscowości Bombon w departamencie Sekwana i Marna.
['Odrestaurowane', 'po', 'wojnie', ',', 'poza', 'sześcioma', 'działami', ',', 'prezentuje', 'również', 'doskonale', 'zachowany', 'bunkier', 'dowodzenia', 'oraz', 'wystawę', 'poświęconą', 'niemieckiemu', 'pancernikowi', 'Tirpitz', '.']	[0, 0, 0, 0, 0, 0, 0, 0, 0, 0, 0, 0, 0, 0, 0, 0, 0, 0, 0, 7, 0]	pl	Odrestaurowane po wojnie, poza sześcioma działami, prezentuje również doskonale zachowany bunkier dowodzenia oraz wystawę poświęconą niemieckiemu pancernikowi Tirpitz.
"['""', 'Croix-en-Ternois', '""', '–', 'miejscowość', 'i', 'gmina', 'we', 'Francji', ',', 'w', 'regionie', 'Hauts-de-France', ',', 'w', 'departamencie', 'Pas-de-Calais', '.']"	[0, 0, 0, 0, 0, 0, 0, 0, 5, 0, 0, 0, 5, 0, 0, 0, 5, 0]	pl	"""Croix-en-Ternois"" – miejscowość i gmina we Francji, w regionie Hauts-de-France, w departamencie Pas-de-Calais."
['29', 'kwietnia', '2015', 'roku', 'naukowcy', 'NASA', 'zasugerowali', 'istnienie', 'czap', 'polarnych', 'na', 'podstawie', 'obserwacji', 'ciemnych', 'i', 'jasnych', 'regionów', 'powierzchni', 'Plutona', 'widocznych', 'na', 'zdjęciach', 'zrobionych', 'przez', 'sondę', 'New', 'Horizons', 'w', 'połowie', 'kwietnia', '2015', 'r', '.']	[0, 0, 0, 0, 0, 3, 0, 0, 0, 0, 0, 0, 0, 0, 0, 0, 0, 0, 5, 0, 0, 0, 0, 0, 0, 7, 8, 0, 0, 0, 0, 0, 0]	pl	29 kwietnia 2015 roku naukowcy NASA zasugerowali istnienie czap polarnych na podstawie obserwacji ciemnych i jasnych regionów powierzchni Plutona widocznych na zdjęciach zrobionych przez sondę New Horizons w połowie kwietnia 2015 r.
"['""', 'Échillais', '""', '–', 'miejscowość', 'i', 'gmina', 'we', 'Francji', ',', 'w', 'regionie', 'Nowa', 'Akwitania', ',', 'w', 'departamencie', 'Charente-Maritime', '.']"	[0, 0, 0, 0, 0, 0, 0, 0, 5, 0, 0, 0, 5, 6, 0, 0, 0, 5, 0]	pl	"""Échillais"" – miejscowość i gmina we Francji, w regionie Nowa Akwitania, w departamencie Charente-Maritime."
['W', 'mieście', 'znajduje', 'się', 'stacja', 'kolejowa', 'Tampa', 'Union', 'Station', '.']	[0, 0, 0, 0, 0, 0, 5, 6, 6, 0]	pl	W mieście znajduje się stacja kolejowa Tampa Union Station.
['Nazwa', 'potoku', 'jest', 'nazwą', 'odmiejscową', '–', 'pochodzi', 'od', 'wsi', 'Targanice', '.']	[0, 0, 0, 0, 0, 0, 0, 0, 0, 5, 0]	pl	Nazwa potoku jest nazwą odmiejscową – pochodzi od wsi Targanice.
['W', 'zasięgu', 'stacji', 'zapewniających', 'łączną', 'zagregowaną', 'przepustowość', 'ponad', '200', 'Mbit', '/', 's', 'znajdują', 'się', ':', 'miasto', 'Biała', 'Podlaska', 'oraz', 'Gmina', 'Biała', 'Podlaska', '.']	[0, 0, 0, 0, 0, 0, 0, 0, 0, 0, 0, 0, 0, 0, 0, 0, 5, 6, 0, 5, 5, 6, 0]	pl	W zasięgu stacji zapewniających łączną zagregowaną przepustowość ponad 200 Mbit / s znajdują się: miasto Biała Podlaska oraz Gmina Biała Podlaska.
['Na', 'zachodzie', 'Wiltshire', 'graniczy', 'z', 'hrabstwem', 'Somerset', ',', 'na', 'północy', 'z', 'Gloucestershire', ',', 'na', 'północnym', 'wschodzie', 'z', 'Oxfordshire', ',', 'na', 'wschodzie', 'z', 'Berkshire', ',', 'na', 'południowym', 'wschodzie', 'z', 'Hampshire', ',', 'a', 'na', 'południowym', 'zachodzie', 'z', 'hrabstwem', 'Dorset', '.']	[0, 0, 5, 0, 0, 0, 5, 0, 0, 0, 0, 5, 0, 0, 0, 0, 0, 5, 0, 0, 0, 0, 5, 0, 0, 0, 0, 0, 5, 0, 0, 0, 0, 0, 0, 0, 5, 0]	pl	Na zachodzie Wiltshire graniczy z hrabstwem Somerset, na północy z Gloucestershire, na północnym wschodzie z Oxfordshire, na wschodzie z Berkshire, na południowym wschodzie z Hampshire, a na południowym zachodzie z hrabstwem Dorset.
['Pojawiła', 'się', 'hipoteza', ',', 'że', 'wnukiem', 'Spytimira', 'mógł', 'być', 'Sławnik', '.']	[0, 0, 0, 0, 0, 0, 0, 0, 0, 1, 0]	pl	Pojawiła się hipoteza, że wnukiem Spytimira mógł być Sławnik.
"['Według', 'danych', 'na', 'rok', '1990', 'gminę', 'zamieszkiwało', '1140', 'osób', ',', 'a', 'gęstość', 'zaludnienia', 'wynosiła', '132', '""', 'osób', '/', 'km', '²', '(', 'wśród', '1287', 'gmin', 'regionu', 'Île-de-France', 'Tigery', 'plasuje', 'się', 'na', '600', '.']"	[0, 0, 0, 0, 0, 0, 0, 0, 0, 0, 0, 0, 0, 0, 0, 0, 0, 0, 0, 0, 0, 0, 0, 0, 0, 5, 0, 0, 0, 0, 0, 0]	pl	"Według danych na rok 1990 gminę zamieszkiwało 1140 osób, a gęstość zaludnienia wynosiła 132 ""osób / km ² (wśród 1287 gmin regionu Île-de-France Tigery plasuje się na 600."
['W', 'roli', 'tytułowej', 'wystąpił', 'Stephen', 'Fry', '.']	[0, 0, 0, 0, 1, 2, 0]	pl	W roli tytułowej wystąpił Stephen Fry.
['Album', 'jest', 'kontynuacją', 'drugiego', 'albumu', 'artystki', 'My', 'Everything', '(', '2014', ')', '.']	[0, 0, 0, 0, 0, 0, 7, 8, 0, 0, 0, 0]	pl	Album jest kontynuacją drugiego albumu artystki My Everything (2014).
"['Według', 'danych', 'na', 'rok', '1990', 'gminę', 'zamieszkiwało', '187', 'osób', ',', 'a', 'gęstość', 'zaludnienia', 'wynosiła', '22', '""', 'osób', '/', 'km', '²', '(', 'wśród', '1287', 'gmin', 'regionu', 'Île-de-France', 'Congerville-Thionville', 'plasuje', 'się', 'na', '1002', '.']"	[0, 0, 0, 0, 0, 0, 0, 0, 0, 0, 0, 0, 0, 0, 0, 0, 0, 0, 0, 0, 0, 0, 0, 0, 0, 5, 0, 0, 0, 0, 0, 0]	pl	"Według danych na rok 1990 gminę zamieszkiwało 187 osób, a gęstość zaludnienia wynosiła 22 ""osób / km ² (wśród 1287 gmin regionu Île-de-France Congerville-Thionville plasuje się na 1002."
['W', 'jego', 'ślady', 'poszedł', 'później', 'm.in.', 'Johann', 'Adolf', 'Hasse', '.']	[0, 0, 0, 0, 0, 0, 1, 2, 2, 0]	pl	W jego ślady poszedł później m.in. Johann Adolf Hasse.
['Gra', 'powstała', 'przy', 'współpracy', 'motoryzacyjnego', 'programu', 'telewizyjnego', 'Top', 'Gear', ',', 'dzięki', 'temu', 'm.in.', 'Jeremy', 'Clarkson', 'komentuje', 'rozgrywkę', '.']	[0, 0, 0, 0, 0, 0, 0, 7, 8, 0, 0, 0, 0, 1, 2, 0, 0, 0]	pl	Gra powstała przy współpracy motoryzacyjnego programu telewizyjnego Top Gear, dzięki temu m.in. Jeremy Clarkson komentuje rozgrywkę.
['W', 'Major', 'League', 'Baseball', 'zadebiutował', '6', 'czerwca', '2011', 'w', 'meczu', 'przeciwko', 'Philadelphia', 'Phillies', 'jako', 'pinch', 'runner', '.']	[0, 3, 4, 4, 0, 0, 0, 0, 0, 0, 0, 3, 4, 0, 0, 0, 0]	pl	W Major League Baseball zadebiutował 6 czerwca 2011 w meczu przeciwko Philadelphia Phillies jako pinch runner.
['Pozostałe', 'większe', 'kompleksy', 'leśne', 'znajdują', 'się', 'w', 'gminach', 'Młodzieszyn', 'i', 'Iłów', '.']	[0, 0, 0, 0, 0, 0, 0, 0, 5, 0, 5, 0]	pl	Pozostałe większe kompleksy leśne znajdują się w gminach Młodzieszyn i Iłów.
"['Przewaga', '""', 'Hibees', '""', 'stopniowo', 'malała', ',', 'co', 'pozwoliło', 'na', 'strzelenie', 'przez', 'FC', 'Barcelona', 'dwóch', 'bramek', 'przed', 'przerwą', '.']"	[0, 0, 0, 0, 0, 0, 0, 0, 0, 0, 0, 0, 3, 4, 0, 0, 0, 0, 0]	pl	"Przewaga ""Hibees"" stopniowo malała, co pozwoliło na strzelenie przez FC Barcelona dwóch bramek przed przerwą."
['Jajo', 'został', 'zebrane', 'na', 'wyspie', 'Fuerteventura', '.']	[0, 0, 0, 0, 0, 5, 0]	pl	Jajo został zebrane na wyspie Fuerteventura.
['Dziś', 'przystanek', 'nosi', 'nazwę', 'Gdańsk', 'Żabianka-AWFiS', '.']	[0, 0, 0, 0, 5, 6, 0]	pl	Dziś przystanek nosi nazwę Gdańsk Żabianka-AWFiS.
['W', '2011', 'przez', 'kilka', 'miesięcy', 'grał', 'w', 'Al-Zawraa', '.']	[0, 0, 0, 0, 0, 0, 0, 3, 0]	pl	W 2011 przez kilka miesięcy grał w Al-Zawraa.
"['""', 'Chapelle-Huon', '""', '–', 'miejscowość', 'i', 'gmina', 'we', 'Francji', ',', 'w', 'regionie', 'Kraj', 'Loary', ',', 'w', 'departamencie', 'Sarthe', '.']"	[0, 0, 0, 0, 0, 0, 0, 0, 5, 0, 0, 0, 5, 6, 0, 0, 0, 5, 0]	pl	"""Chapelle-Huon"" – miejscowość i gmina we Francji, w regionie Kraj Loary, w departamencie Sarthe."
"['""', 'Monchy-Humières', '""', '–', 'miejscowość', 'i', 'gmina', 'we', 'Francji', ',', 'w', 'regionie', 'Hauts-de-France', ',', 'w', 'departamencie', 'Oise', '.']"	[0, 0, 0, 0, 0, 0, 0, 0, 5, 0, 0, 0, 5, 0, 0, 0, 5, 0]	pl	"""Monchy-Humières"" – miejscowość i gmina we Francji, w regionie Hauts-de-France, w departamencie Oise."
['Opoczno', 'padło', '12', 'września', 'po', 'krótkim', 'oblężeniu', '.']	[5, 0, 0, 0, 0, 0, 0, 0]	pl	Opoczno padło 12 września po krótkim oblężeniu.
['Na', 'inaugurację', 'wygrała', 'z', 'Misaki', 'Doi', '1:6', ',', '6:2', ',', '6:0', '.']	[0, 0, 0, 0, 1, 2, 0, 0, 0, 0, 0, 0]	pl	Na inaugurację wygrała z Misaki Doi 1:6, 6:2, 6:0.
['Joseph', 'Hooker', '.']	[1, 2, 0]	pl	Joseph Hooker.
['5', 'maja', '1811', 'w', 'St', 'Helens', ',', 'zm', '.']	[0, 0, 0, 0, 5, 6, 0, 0, 0]	pl	5 maja 1811 w St Helens, zm.
['Główne', 'role', 'w', 'filmie', 'zagrali', 'Al', 'Pacino', ',', 'Michael', 'Madsen', 'i', 'Johnny', 'Depp', '.']	[0, 0, 0, 0, 0, 1, 2, 0, 1, 2, 0, 1, 2, 0]	pl	Główne role w filmie zagrali Al Pacino, Michael Madsen i Johnny Depp.
['W', 'czasie', 'Consumer', 'Electronics', 'Show', '2006', ',', 'AGEIA', 'zademonstrowała', 'działającą', 'kartę', 'PPU', '.']	[0, 0, 7, 8, 8, 7, 0, 0, 0, 0, 0, 0, 0]	pl	W czasie Consumer Electronics Show 2006, AGEIA zademonstrowała działającą kartę PPU.
['W', 'ramach', 'kompromisu', 'rząd', 'Malty', 'kontynuował', 'umożliwianie', 'siłom', 'NATO', 'dostępu', 'do', 'wyspy', 'pod', 'warunkiem', ',', 'że', 'sojusz', 'nie', 'użyje', 'Malty', 'jako', 'bazy', 'do', 'ataku', 'na', 'terytoria', 'arabskie', '.']	[0, 0, 0, 0, 5, 0, 0, 0, 3, 0, 0, 0, 0, 0, 0, 0, 0, 0, 0, 5, 0, 0, 0, 0, 0, 0, 0, 0]	pl	W ramach kompromisu rząd Malty kontynuował umożliwianie siłom NATO dostępu do wyspy pod warunkiem, że sojusz nie użyje Malty jako bazy do ataku na terytoria arabskie.
['Max', 'Planck', 'badając', 'zjawisko', 'promieniowania', 'ciała', 'doskonale', 'czarnego', 'sformułował', 'pierwsze', 'przesłanki', 'teorii', 'kwantów', '.']	[1, 2, 0, 0, 0, 0, 0, 0, 0, 0, 0, 0, 0, 0]	pl	Max Planck badając zjawisko promieniowania ciała doskonale czarnego sformułował pierwsze przesłanki teorii kwantów.
['Po', 'złożeniu', 'przez', 'Bużeńskiego', 'funkcji', 'król', 'Stefan', 'Batory', 'wynagrodził', 'jego', 'służbę', 'roczną', 'pensją', 'z', 'żup', 'w', 'wysokości', '1500', 'zł', 'i', 'w', 'dowód', 'uznania', 'nadał', 'w', '1579', 'kasztelanię', 'sieradzką', '.']	[0, 0, 0, 0, 0, 0, 1, 2, 0, 0, 0, 0, 0, 0, 0, 0, 0, 0, 0, 0, 0, 0, 0, 0, 0, 0, 0, 0, 0]	pl	Po złożeniu przez Bużeńskiego funkcji król Stefan Batory wynagrodził jego służbę roczną pensją z żup w wysokości 1500 zł i w dowód uznania nadał w 1579 kasztelanię sieradzką.
['Swoje', 'siedziby', 'otworzyły', 'tutaj', 'także', 'korporacje', 'IBM', ',', 'Cisco', 'i', 'Motorola', '.']	[0, 0, 0, 0, 0, 0, 3, 0, 3, 0, 3, 0]	pl	Swoje siedziby otworzyły tutaj także korporacje IBM, Cisco i Motorola.
"['""', 'Lattainville', '""', '–', 'miejscowość', 'i', 'gmina', 'we', 'Francji', ',', 'w', 'regionie', 'Hauts-de-France', ',', 'w', 'departamencie', 'Oise', '.']"	[0, 0, 0, 0, 0, 0, 0, 0, 5, 0, 0, 0, 5, 0, 0, 0, 5, 0]	pl	"""Lattainville"" – miejscowość i gmina we Francji, w regionie Hauts-de-France, w departamencie Oise."
['John', 'Huston', ',', '1962', ')', '.']	[1, 2, 0, 0, 0, 0]	pl	John Huston, 1962).
['W', 'uroczystościach', 'kanonizacyjnych', 'uczestniczył', 'm.in.', 'Jan', 'z', 'Brienne', ',', 'król', 'Jerozolimy', ',', 'który', 'u', 'kresu', 'swego', 'życia', 'wstąpił', 'do', 'franciszkanów', '.']	[0, 0, 0, 0, 0, 1, 2, 2, 0, 0, 5, 0, 0, 0, 0, 0, 0, 0, 0, 0, 0]	pl	W uroczystościach kanonizacyjnych uczestniczył m.in. Jan z Brienne, król Jerozolimy, który u kresu swego życia wstąpił do franciszkanów.
['Projektantem', 'świątyni', 'był', 'Augustus', 'Welby', 'Northmore', 'Pugin', '.']	[0, 0, 0, 1, 2, 2, 2, 0]	pl	Projektantem świątyni był Augustus Welby Northmore Pugin.
"['Pisze', ':', '""', 'Widok', 'stąd', 'na', 'Tatry', '–', 'jeden', 'z', 'najpiękniejszych', '""', '.']"	[0, 0, 0, 0, 0, 0, 5, 0, 0, 0, 0, 0, 0]	pl	"Pisze: ""Widok stąd na Tatry – jeden z najpiękniejszych""."
['9', 'lipca', '2013', 'za', 'kwotę', '5,5', 'mln', 'euro', 'opuścił', 'Juventus', 'F.C.', 'i', 'dołączył', 'do', 'Sampdorii', '.']	[0, 0, 0, 0, 0, 0, 0, 0, 0, 3, 4, 0, 0, 0, 3, 0]	pl	9 lipca 2013 za kwotę 5,5 mln euro opuścił Juventus F.C. i dołączył do Sampdorii.
"['""', 'Jaulzy', '""', '-', 'miejscowość', 'i', 'gmina', 'we', 'Francji', ',', 'w', 'regionie', 'Hauts-de-France', ',', 'w', 'departamencie', 'Oise', '.']"	[0, 0, 0, 0, 0, 0, 0, 0, 5, 0, 0, 0, 5, 0, 0, 0, 5, 0]	pl	"""Jaulzy"" - miejscowość i gmina we Francji, w regionie Hauts-de-France, w departamencie Oise."
['W', 'dziedzinie', 'poezji', 'nastąpił', 'powrót', 'autorów', 'skazywanych', 'w', 'latach', 'stalinowskich', 'na', 'milczenie', ',', 'takich', 'jak', 'Kazimiera', 'Iłłakowiczówna', '.']	[0, 0, 0, 0, 0, 0, 0, 0, 0, 0, 0, 0, 0, 0, 0, 1, 2, 0]	pl	W dziedzinie poezji nastąpił powrót autorów skazywanych w latach stalinowskich na milczenie, takich jak Kazimiera Iłłakowiczówna.
"['""', 'Aucey-la-Plaine', '""', '–', 'miejscowość', 'i', 'gmina', 'we', 'Francji', ',', 'w', 'regionie', 'Normandia', ',', 'w', 'departamencie', 'Manche', '.']"	[0, 0, 0, 0, 0, 0, 0, 0, 5, 0, 0, 0, 5, 0, 0, 0, 5, 0]	pl	"""Aucey-la-Plaine"" – miejscowość i gmina we Francji, w regionie Normandia, w departamencie Manche."
['Przeprowadził', 'ją', 'w', 'latach', '1884', '-', '1891', 'Karl', 'Lüdecke', ',', 'który', 'wzniósł', 'w', 'miejscu', 'mieszkania', 'kanclerza', 'nową', 'paradną', 'klatkę', 'schodową', 'i', 'zrekonstruował', 'sterczyny', 'w', 'elewacji', 'wschodniej', '.']	[0, 0, 0, 0, 0, 0, 0, 1, 2, 0, 0, 0, 0, 0, 0, 0, 0, 0, 0, 0, 0, 0, 0, 0, 0, 0, 0]	pl	Przeprowadził ją w latach 1884 - 1891 Karl Lüdecke, który wzniósł w miejscu mieszkania kanclerza nową paradną klatkę schodową i zrekonstruował sterczyny w elewacji wschodniej.
['W', 'kolejnych', 'kilku', 'dniach', 'w', 'Lomé', 'doszło', 'do', 'protestów', ',', 'tłumionych', 'siłą', 'przez', 'służby', 'bezpieczeństwa', '.']	[0, 0, 0, 0, 0, 5, 0, 0, 0, 0, 0, 0, 0, 0, 0, 0]	pl	W kolejnych kilku dniach w Lomé doszło do protestów, tłumionych siłą przez służby bezpieczeństwa.
['W', 'rundzie', 'wiosennej', 'drużynę', 'prowadził', 'już', 'Bogumił', 'Gozdur', '.']	[0, 0, 0, 0, 0, 0, 1, 2, 0]	pl	W rundzie wiosennej drużynę prowadził już Bogumił Gozdur.
"['Niemniej', 'jednak', '""', 'Gorzkie', 'żniwa', '""', 'znalazły', 'się', 'w', 'ścisłej', 'czołówce', 'filmów', 'nominowanych', 'do', 'Oscara', 'dla', 'filmu', 'zagranicznego', ',', 'a', 'odgrywający', 'rolę', 'chłopa', 'Armin', 'Mueller-Stahl', 'został', 'nagrodzony', 'na', 'Międzynarodowym', 'Festiwalu', 'Filmowym', 'w', 'Montrealu', '.']"	[0, 0, 0, 7, 8, 0, 0, 0, 0, 0, 0, 0, 0, 0, 8, 0, 0, 0, 0, 0, 0, 0, 0, 1, 2, 0, 0, 0, 5, 6, 6, 6, 6, 0]	pl	"Niemniej jednak ""Gorzkie żniwa"" znalazły się w ścisłej czołówce filmów nominowanych do Oscara dla filmu zagranicznego, a odgrywający rolę chłopa Armin Mueller-Stahl został nagrodzony na Międzynarodowym Festiwalu Filmowym w Montrealu."
['W', 'okolicznych', 'wsiach', 'Ruský', 'Potok', ',', 'Uličské', 'Krivé', ',', 'Topoľa', 'i', 'Hrabová', 'Roztoka', 'znajdują', 'się', 'drewniane', 'rusińskie', 'cerkiewki', '.']	[0, 0, 0, 5, 6, 0, 5, 6, 0, 5, 0, 5, 6, 0, 0, 0, 0, 0, 0]	pl	W okolicznych wsiach Ruský Potok, Uličské Krivé, Topoľa i Hrabová Roztoka znajdują się drewniane rusińskie cerkiewki.
['W', 'skład', 'obwodu', 'wchodzą', 'także', 'arktyczne', 'archipelagi', 'Ziemia', 'Franciszka', 'Józefa', 'oraz', 'Nowa', 'Ziemia', '.']	[0, 0, 0, 0, 0, 0, 0, 5, 6, 6, 0, 5, 6, 0]	pl	W skład obwodu wchodzą także arktyczne archipelagi Ziemia Franciszka Józefa oraz Nowa Ziemia.
['Przez', 'wiele', 'lat', 'był', 'kapitanem', 'drużyny', 'narodowej', ',', 'później', 'opaskę', 'kapitańską', 'przejął', 'Didier', 'Drogba', '.']	[0, 0, 0, 0, 0, 0, 0, 0, 0, 0, 0, 0, 1, 2, 0]	pl	Przez wiele lat był kapitanem drużyny narodowej, później opaskę kapitańską przejął Didier Drogba.
['W', 'kolejnej', 'turze', 'odpadł', 'socjalistyczny', 'kandydat', 'Ignacy', 'Daszyński', ',', 'ale', 'również', 'następne', 'nie', 'przyniosły', 'rozwiązania', '.']	[0, 0, 0, 0, 0, 0, 1, 2, 0, 0, 0, 0, 0, 0, 0, 0]	pl	W kolejnej turze odpadł socjalistyczny kandydat Ignacy Daszyński, ale również następne nie przyniosły rozwiązania.
['Wersja', 'na', 'PlayStation', '2', 'była', 'krytykowana', 'za', 'oprawę', 'graficzną', ',', 'ze', 'względu', 'na', 'rozmycie', 'obrazu', 'występujące', 'na', 'telewizorach', 'i', 'niewyraźny', 'interfejs', '.']	[0, 0, 7, 8, 0, 0, 0, 0, 0, 0, 0, 0, 0, 0, 0, 0, 0, 0, 0, 0, 0, 0]	pl	Wersja na PlayStation 2 była krytykowana za oprawę graficzną, ze względu na rozmycie obrazu występujące na telewizorach i niewyraźny interfejs.
['W', '1874', 'roku', 'Georg', 'Cantor', '(', '1845', '–', '1919', ')', 'stworzył', 'podstawy', 'teorii', 'mnogości', ',', 'która', 'stała', 'się', 'wspólnym', 'językiem', 'różnych', 'gałęzi', 'matematyki', '.']	[0, 0, 0, 1, 2, 0, 0, 0, 0, 0, 0, 0, 0, 0, 0, 0, 0, 0, 0, 0, 0, 0, 0, 0]	pl	W 1874 roku Georg Cantor (1845 – 1919) stworzył podstawy teorii mnogości, która stała się wspólnym językiem różnych gałęzi matematyki.
['Przez', 'dziesięć', 'lat', 'był', 'zawodnikiem', 'PSV', 'Eindhoven', '.']	[0, 0, 0, 0, 0, 3, 4, 0]	pl	Przez dziesięć lat był zawodnikiem PSV Eindhoven.
['miejsce', 'w', 'lidze', 'i', 'spadł', 'do', 'Serie', 'C1', '.']	[0, 0, 0, 0, 0, 0, 7, 8, 0]	pl	miejsce w lidze i spadł do Serie C1.
['W', '2002', 'wobec', 'wygaśnięcia', '50-letniej', 'ważności', 'traktatu', 'paryskiego', 'organizacja', 'przestała', 'istnieć', ',', 'a', 'jej', 'kompetencje', 'przejęła', 'Wspólnota', 'Europejska', '.']	[0, 0, 0, 0, 0, 0, 0, 0, 0, 0, 0, 0, 0, 0, 0, 0, 3, 4, 0]	pl	W 2002 wobec wygaśnięcia 50-letniej ważności traktatu paryskiego organizacja przestała istnieć, a jej kompetencje przejęła Wspólnota Europejska.
"['""', 'Longpré-les-Corps-Saints', '""', '–', 'miejscowość', 'i', 'gmina', 'we', 'Francji', ',', 'w', 'regionie', 'Hauts-de-France', ',', 'w', 'departamencie', 'Somma', '.']"	[0, 0, 0, 0, 0, 0, 0, 0, 5, 0, 0, 0, 5, 0, 0, 0, 5, 0]	pl	"""Longpré-les-Corps-Saints"" – miejscowość i gmina we Francji, w regionie Hauts-de-France, w departamencie Somma."
['W', 'latach', '1946', '-', '1949', 'trenował', 'A.C.', 'Milan', ',', 'a', 'w', 'latach', '1958', '-', '1959', '-', 'Inter', 'Mediolan', '.']	[0, 0, 0, 0, 0, 0, 3, 4, 0, 0, 0, 0, 0, 0, 0, 0, 3, 4, 0]	pl	W latach 1946 - 1949 trenował A.C. Milan, a w latach 1958 - 1959 - Inter Mediolan.
['Pod', 'koniec', 'II', 'wieku', 'p.n.e.', 'Gajusz', 'Mariusz', 'przeprowadził', 'reformę', 'wojskową', ',', 'tworząc', 'armię', 'zawodową', 'i', 'dopuszczając', 'do', 'służby', 'najbiedniejszych', '.']	[0, 0, 0, 0, 0, 1, 2, 0, 0, 0, 0, 0, 0, 0, 0, 0, 0, 0, 0, 0]	pl	Pod koniec II wieku p.n.e. Gajusz Mariusz przeprowadził reformę wojskową, tworząc armię zawodową i dopuszczając do służby najbiedniejszych.
['Muzykę', 'do', 'filmu', 'skomponował', 'Himesh', 'Reshammiya', '.']	[0, 0, 0, 0, 1, 2, 0]	pl	Muzykę do filmu skomponował Himesh Reshammiya.
['Stąd', 'Yan', 'Yuan', 'postulował', 'powrót', 'do', 'instytucji', 'i', 'praktyk', 'mędrców', '.']	[0, 1, 2, 0, 0, 0, 0, 0, 0, 0, 0]	pl	Stąd Yan Yuan postulował powrót do instytucji i praktyk mędrców.
['Pochodzenie', ':', 'Moluki', 'i', 'Nowa', 'Gwinea', '.']	[0, 0, 5, 0, 5, 6, 0]	pl	Pochodzenie: Moluki i Nowa Gwinea.
['Po', 'roku', 'przeniósł', 'się', 'do', 'Levante', 'UD', '.']	[0, 0, 0, 0, 0, 3, 4, 0]	pl	Po roku przeniósł się do Levante UD.
['W', '2005', 'roku', 'objął', 'hiszpański', 'Getafe', 'CF', '.']	[0, 0, 0, 0, 0, 3, 4, 0]	pl	W 2005 roku objął hiszpański Getafe CF.
"['Władysław', 'IV', 'Waza', 'kazał', 'odpowiedzieć', ',', 'iż', '„', '""', 'leges', '""', '(', 'ustawy', ')', 'otrzymują', '""', 'robur', 'ex', 'usu', 'et', 'observantia', '""', '(', 'siłę', 'z', 'używania', 'i', 'przestrzegania', ')', 'i', 'tracą', '""', 'propter', 'non', 'usum', '""', '(', 'z', 'powodu', 'nieużywania', ')', '”', '.']"	[1, 2, 2, 0, 0, 0, 0, 0, 0, 0, 0, 0, 0, 0, 0, 0, 0, 0, 0, 0, 0, 0, 0, 0, 0, 0, 0, 0, 0, 0, 0, 0, 0, 0, 0, 0, 0, 0, 0, 0, 0, 0, 0]	pl	"Władysław IV Waza kazał odpowiedzieć, iż „"" leges ""(ustawy) otrzymują"" robur ex usu et observantia ""(siłę z używania i przestrzegania) i tracą"" propter non usum ""(z powodu nieużywania) ”."
['Przez', 'krótki', 'okres', 'zespół', 'prowadził', 'rumuński', 'szkoleniowiec', 'Gheorghe', 'Hagi', '.']	[0, 0, 0, 0, 0, 0, 0, 1, 2, 0]	pl	Przez krótki okres zespół prowadził rumuński szkoleniowiec Gheorghe Hagi.
['Najbliżej', 'położonymi', 'miastami', 'są', ':', 'Mannheim', ',', 'Heidelberg', '(', 'ok', '.']	[0, 0, 0, 0, 0, 5, 0, 5, 0, 0, 0]	pl	Najbliżej położonymi miastami są: Mannheim, Heidelberg (ok.
['Dźwiękowiec', 'Nikodem', 'Wołk-Łaniewski', 'za', 'pracę', 'nad', 'tym', 'samym', 'obrazem', ',', 'otrzymał', 'trzecią', 'statuetkę', '.']	[0, 1, 2, 0, 0, 0, 0, 0, 0, 0, 0, 0, 0, 0]	pl	Dźwiękowiec Nikodem Wołk-Łaniewski za pracę nad tym samym obrazem, otrzymał trzecią statuetkę.
['Swój', 'debiut', 'w', 'nim', 'zaliczył', '3', 'kwietnia', '2011', 'w', 'przegranym', '0:2', 'domowym', 'meczu', 'z', 'Beijing', 'Guo', '’', 'an', '.']	[0, 0, 0, 0, 0, 0, 0, 0, 0, 0, 0, 0, 0, 0, 3, 4, 4, 4, 0]	pl	Swój debiut w nim zaliczył 3 kwietnia 2011 w przegranym 0:2 domowym meczu z Beijing Guo ’ an.
['Dzieło', 'obu', 'podróżników', 'kontynuował', 'Henry', 'Morton', 'Stanley', '.']	[0, 0, 0, 0, 1, 2, 2, 0]	pl	Dzieło obu podróżników kontynuował Henry Morton Stanley.
"['""', 'Alleyrat', '""', '–', 'miejscowość', 'i', 'gmina', 'we', 'Francji', ',', 'w', 'regionie', 'Nowa', 'Akwitania', ',', 'w', 'departamencie', 'Creuse', '.']"	[0, 0, 0, 0, 0, 0, 0, 0, 5, 0, 0, 0, 5, 6, 0, 0, 0, 5, 0]	pl	"""Alleyrat"" – miejscowość i gmina we Francji, w regionie Nowa Akwitania, w departamencie Creuse."
"['W', 'roku', '1960', 'Wacław', 'Sierpiński', 'wykazał', ',', 'że', 'istnieje', 'nieskończenie', 'wiele', 'liczb', 'całkowitych', '""', 'k', '""', 'spełniających', 'powyższy', 'warunek', '.']"	[0, 0, 0, 1, 2, 0, 0, 0, 0, 0, 0, 0, 0, 0, 0, 0, 0, 0, 0, 0]	pl	"W roku 1960 Wacław Sierpiński wykazał, że istnieje nieskończenie wiele liczb całkowitych ""k"" spełniających powyższy warunek."
['W', 'czarno-białym', 'teledysku', 'do', 'tej', 'piosenki', 'Billie', 'Joe', 'Armstrong', 'spaceruje', 'po', 'mieście', '.']	[0, 0, 0, 0, 0, 0, 1, 2, 2, 0, 0, 0, 0]	pl	W czarno-białym teledysku do tej piosenki Billie Joe Armstrong spaceruje po mieście.
['W', 'latach', '1974', '–', '1990', 'był', 'mężem', 'aktorki', 'Peggy', 'Lipton', '.']	[0, 0, 0, 0, 0, 0, 0, 0, 1, 2, 0]	pl	W latach 1974 – 1990 był mężem aktorki Peggy Lipton.
['Siedziba', 'gminy', 'to', 'Toszek', '.']	[0, 0, 0, 5, 0]	pl	Siedziba gminy to Toszek.
"['""', 'Saint-Martin-de-Seignanx', '""', '–', 'miejscowość', 'i', 'gmina', 'we', 'Francji', ',', 'w', 'regionie', 'Nowa', 'Akwitania', ',', 'w', 'departamencie', 'Landy', '.']"	[0, 0, 0, 0, 0, 0, 0, 0, 5, 0, 0, 0, 5, 6, 0, 0, 0, 5, 0]	pl	"""Saint-Martin-de-Seignanx"" – miejscowość i gmina we Francji, w regionie Nowa Akwitania, w departamencie Landy."
['W', 'pobliżu', 'miejscowości', 'przepływa', 'rzeka', 'Radew', '.']	[0, 0, 0, 0, 0, 5, 0]	pl	W pobliżu miejscowości przepływa rzeka Radew.
['31', 'maja', '1838', 'w', 'Skipton', ',', 'zm', '.']	[0, 0, 0, 0, 5, 0, 0, 0]	pl	31 maja 1838 w Skipton, zm.
['Na', 'igrzyskach', 'panamerykańskich', 'w', '1971', 'w', 'Cali', 'zdobył', 'srebrny', 'medal', 'w', 'sztafecie', '4', 'x', '100', 'm', ',', 'a', 'w', 'biegu', 'na', '100', 'm', 'był', 'czwarty', '.']	[0, 0, 0, 0, 0, 0, 5, 0, 0, 0, 0, 0, 0, 0, 0, 0, 0, 0, 0, 0, 0, 0, 0, 0, 0, 0]	pl	Na igrzyskach panamerykańskich w 1971 w Cali zdobył srebrny medal w sztafecie 4 x 100 m, a w biegu na 100 m był czwarty.
['Poniższa', 'seria', 'zdjęć', 'przedstawia', 'wybuch', 'islandzkiego', 'gejzeru', 'Strokkur', '.']	[0, 0, 0, 0, 0, 0, 0, 5, 0]	pl	Poniższa seria zdjęć przedstawia wybuch islandzkiego gejzeru Strokkur.
['Wówczas', 'jego', 'klubem', 'było', 'FK', 'Moskwa', ',', 'które', 'mierzyło', 'się', 'ze', 'znacznie', 'bardziej', 'renomowanym', 'Lokomotiwem', '.']	[0, 0, 0, 0, 3, 4, 0, 0, 0, 0, 0, 0, 0, 0, 3, 0]	pl	Wówczas jego klubem było FK Moskwa, które mierzyło się ze znacznie bardziej renomowanym Lokomotiwem.
['Swoje', 'fabryki', 'mają', 'tu', 'też', 'Toyota', 'i', 'Mitsubishi', '.']	[0, 0, 0, 0, 0, 3, 0, 3, 0]	pl	Swoje fabryki mają tu też Toyota i Mitsubishi.
['Tamtejszy', 'premier', 'Émile', 'Combes', 'rozwiązał', 'konkordat', 'z', '1801', ',', 'rozdał', 'posiadłości', 'kościelne', 'instytucjom', 'świeckim', 'i', 'w', '1905', 'wprowadził', 'Rozdział', 'Kościoła', 'od', 'państwa', '.']	[0, 0, 1, 2, 0, 0, 0, 0, 0, 0, 0, 0, 0, 0, 0, 0, 0, 0, 0, 3, 0, 0, 0]	pl	Tamtejszy premier Émile Combes rozwiązał konkordat z 1801, rozdał posiadłości kościelne instytucjom świeckim i w 1905 wprowadził Rozdział Kościoła od państwa.
['miejsce', 'na', '400', 'm', 'stylem', 'dowolnym', ',', 'z', 'czasem', '3:53', ',', '97', '(', 'czwarte', 'miejsce', 'zajął', 'Artur', 'Wojdat', ')', 'i', '5', '.']	[0, 0, 0, 0, 0, 0, 0, 0, 0, 0, 0, 0, 0, 0, 0, 0, 1, 2, 0, 0, 0, 0]	pl	miejsce na 400 m stylem dowolnym, z czasem 3:53, 97 (czwarte miejsce zajął Artur Wojdat) i 5.
['W', '1454', 'udało', 'mu', 'się', 'zebrać', 'dużą', 'armię', 'i', 'wyruszył', 'z', 'nią', 'na', 'Belgrad', '.']	[0, 0, 0, 0, 0, 0, 0, 0, 0, 0, 0, 0, 0, 5, 0]	pl	W 1454 udało mu się zebrać dużą armię i wyruszył z nią na Belgrad.
['W', 'nagraniu', 'wzięły', 'również', 'takie', 'sławy', 'jak', 'Shakira', ',', 'Madonna', ',', 'Céline', 'Dion', ',', 'Fergie', ',', 'Pink', 'czy', 'Joss', 'Stone', '.']	[0, 0, 0, 0, 0, 0, 0, 1, 0, 1, 0, 1, 2, 0, 1, 0, 1, 0, 1, 2, 0]	pl	W nagraniu wzięły również takie sławy jak Shakira, Madonna, Céline Dion, Fergie, Pink czy Joss Stone.
['W', 'kwietniu', '1941', 'dowództwo', 'United', 'States', 'Army', 'Air', 'Corps', 'ogłosiło', 'konkurs', 'na', 'ciężki', 'bombowiec', 'strategiczny', 'o', 'zasięgu', 'wynoszącym', 'przynajmniej', '10', '000', 'mil', ',', 'zdolnym', 'przenieść', 'ładunek', 'bomb', 'o', 'masie', '10', '000', 'funtów', 'z', 'prędkością', 'przelotową', '300', 'mil', 'na', 'godzinę', 'na', 'pułapie', '40', '000', 'stóp', '(', 'odpowiednio', '16', '093', 'km', ',', '4353', 'kg', ',', '482', 'km/h', 'i', '12', '192', 'm', ')', '.']	[0, 0, 0, 0, 3, 4, 4, 4, 4, 0, 0, 0, 0, 0, 0, 0, 0, 0, 0, 0, 0, 0, 0, 0, 0, 0, 0, 0, 0, 0, 0, 0, 0, 0, 0, 0, 0, 0, 0, 0, 0, 0, 0, 0, 0, 0, 0, 0, 0, 0, 0, 0, 0, 0, 0, 0, 0, 0, 0, 0, 0]	pl	W kwietniu 1941 dowództwo United States Army Air Corps ogłosiło konkurs na ciężki bombowiec strategiczny o zasięgu wynoszącym przynajmniej 10 000 mil, zdolnym przenieść ładunek bomb o masie 10 000 funtów z prędkością przelotową 300 mil na godzinę na pułapie 40 000 stóp (odpowiednio 16 093 km, 4353 kg, 482 km/h i 12 192 m).
['Teraz', 'przerwano', 'tamy', 'i', 'otworzono', 'śluzy', ',', 'a', 'Amsterdam', 'został', 'zatopiony', ',', 'wobec', 'czego', 'najeźdźcy', 'byli', 'bezsilni', '.']	[0, 0, 0, 0, 0, 0, 0, 0, 5, 0, 0, 0, 0, 0, 0, 0, 0, 0]	pl	Teraz przerwano tamy i otworzono śluzy, a Amsterdam został zatopiony, wobec czego najeźdźcy byli bezsilni.
['W', 'okresie', 'międzywojennym', 'zgromadzenie', 'rozwijało', 'się', 'bardzo', 'prężnie', ',', 'lecz', 'II', 'wojna', 'światowa', 'zatrzymała', 'jego', 'rozwój', '.']	[0, 0, 0, 0, 0, 0, 0, 0, 0, 0, 7, 8, 8, 0, 0, 0, 0]	pl	W okresie międzywojennym zgromadzenie rozwijało się bardzo prężnie, lecz II wojna światowa zatrzymała jego rozwój.
['Możliwość', 'uruchamiania', 'gier', 'ze', 'starszych', 'konsoli', '(', 'PlayStation', 'i', 'PS2', ')', 'jest', 'zależna', 'od', 'modelu', '.']	[0, 0, 0, 0, 0, 0, 0, 7, 0, 7, 0, 0, 0, 0, 0, 0]	pl	Możliwość uruchamiania gier ze starszych konsoli (PlayStation i PS2) jest zależna od modelu.
['Bramkarz', 'Marcos', '(', '28', ')', ',', 'który', 'przed', 'turniejem', 'typowany', 'był', 'na', 'zmiennika', 'Didy', ',', 'zdaniem', 'wielu', 'komentatorów', ',', 'nie', 'zawiódł', '.']	[0, 1, 0, 0, 0, 0, 0, 0, 0, 0, 0, 0, 0, 0, 0, 0, 0, 0, 0, 0, 0, 0]	pl	Bramkarz Marcos (28), który przed turniejem typowany był na zmiennika Didy, zdaniem wielu komentatorów, nie zawiódł.
['Przez', 'większość', 'swojej', 'piłkarskiej', 'przygody', 'związany', 'był', 'z', 'Girondins', 'Bordeaux', ',', 'którego', 'jest', 'wychowankiem', '.']	[0, 0, 0, 0, 0, 0, 0, 0, 3, 4, 0, 0, 0, 0, 0]	pl	Przez większość swojej piłkarskiej przygody związany był z Girondins Bordeaux, którego jest wychowankiem.
['30', 'sierpnia', '2016', 'stał', 'objął', 'stanowisko', 'głównego', 'trenera', 'litewskiego', 'FK', 'Trakai', ',', 'z', 'którym', 'pracował', 'do', 'końca', 'roku', '.']	[0, 0, 0, 0, 0, 0, 0, 0, 0, 3, 4, 0, 0, 0, 0, 0, 0, 0, 0]	pl	30 sierpnia 2016 stał objął stanowisko głównego trenera litewskiego FK Trakai, z którym pracował do końca roku.
['Jej', 'główną', 'siedzibą', 'jest', 'Bruksela', '.']	[0, 0, 0, 0, 5, 0]	pl	Jej główną siedzibą jest Bruksela.
['Swoją', 'karierę', 'zaczynał', 'w', 'Canon', 'Jaunde', '.']	[0, 0, 0, 0, 3, 4, 0]	pl	Swoją karierę zaczynał w Canon Jaunde.
['W', 'tym', 'samym', 'miesiącu', 'została', 'przewodniczącą', 'organizacji', 'Save', 'the', 'Children', '.']	[0, 0, 0, 0, 0, 0, 0, 3, 4, 4, 0]	pl	W tym samym miesiącu została przewodniczącą organizacji Save the Children.
['80', 'm', 'wyżej', 'od', 'stacji', 'Zakopane', '.']	[0, 0, 0, 0, 0, 5, 0]	pl	80 m wyżej od stacji Zakopane.
['Główna', 'stacja', 'kolejowa', 'w', 'mieście', 'to', 'Salzburg', 'Hauptbahnhof', '.']	[0, 0, 0, 0, 0, 0, 5, 6, 0]	pl	Główna stacja kolejowa w mieście to Salzburg Hauptbahnhof.
['Szczególnie', 'rzuca', 'się', 'w', 'oczy', 'także', 'fakt', ',', 'iż', 'za', 'głównym', 'bohaterem', 'podąża', 'mówiący', 'Pikachu', '.']	[0, 0, 0, 0, 0, 0, 0, 0, 0, 0, 0, 0, 0, 0, 7, 0]	pl	Szczególnie rzuca się w oczy także fakt, iż za głównym bohaterem podąża mówiący Pikachu.
['Na', 'początku', 'listopada', 'poinformowano', ',', 'że', 'Jamie', 'Foxx', 'prowadzi', 'rozmowy', 'ze', 'studiem', 'dotyczące', 'roli', 'Electro', '.']	[0, 0, 0, 0, 0, 0, 1, 2, 0, 0, 0, 0, 0, 0, 0, 0]	pl	Na początku listopada poinformowano, że Jamie Foxx prowadzi rozmowy ze studiem dotyczące roli Electro.
['19', 'sierpnia', '2011', 'przeniósł', 'się', 'do', 'ukraińskiego', 'pierwszoligowego', 'zespołu', 'Wołyń', 'Łuck', ',', 'w', 'którym', 'grał', 'do', 'końca', '2011', 'roku', '.']	[0, 0, 0, 0, 0, 0, 0, 0, 0, 3, 4, 0, 0, 0, 0, 0, 0, 0, 0, 0]	pl	19 sierpnia 2011 przeniósł się do ukraińskiego pierwszoligowego zespołu Wołyń Łuck, w którym grał do końca 2011 roku.
['miejsce', 'w', 'notowaniu', 'VH1', '„', '100', 'najlepszych', 'utworów', 'muzycznych', 'lat', '90', '.']	[0, 0, 0, 3, 0, 0, 0, 0, 0, 0, 0, 0]	pl	miejsce w notowaniu VH1 „100 najlepszych utworów muzycznych lat 90.
['27', 'stycznia', '2005', 'w', 'wypadku', 'samochodowym', 'zginął', 'Paweł', 'Berger', ',', 'klawiszowiec', 'zespołu', '.']	[0, 0, 0, 0, 0, 0, 0, 1, 2, 0, 0, 0, 0]	pl	27 stycznia 2005 w wypadku samochodowym zginął Paweł Berger, klawiszowiec zespołu.
['Trasa', 'z', 'Hanoi', 'Rocks', 'szybkimi', 'krokami', 'wprowadziła', 'zespół', 'na', 'szczyty', 'polskiego', 'rocka', '.']	[0, 0, 3, 4, 0, 0, 0, 0, 0, 0, 0, 0, 0]	pl	Trasa z Hanoi Rocks szybkimi krokami wprowadziła zespół na szczyty polskiego rocka.
"['""', 'Grong', '""', '–', 'norweskie', 'miasto', 'i', 'gmina', 'leżąca', 'w', 'regionie', 'Trøndelag', '.']"	[0, 0, 0, 0, 0, 0, 0, 0, 0, 0, 0, 5, 0]	pl	"""Grong"" – norweskie miasto i gmina leżąca w regionie Trøndelag."
['Jest', 'daleką', 'kuzynką', 'Brooke', 'Shields', '.']	[0, 0, 0, 1, 2, 0]	pl	Jest daleką kuzynką Brooke Shields.
"['Potem', 'nagrała', 'płytę', '""', 'Hotel', 'Paper', '""', '.']"	[0, 0, 0, 0, 7, 8, 0, 0]	pl	"Potem nagrała płytę ""Hotel Paper""."
['W', 'sierpniu', '2008', 'Sky', 'Sports', 'podało', 'do', 'wiadomości', 'publicznej', ',', 'że', 'Kilmarnock', 'ostatecznie', 'zaakceptowało', 'ofertę', 'Rangersów', 'wynoszącą', '1,9', 'mln', '£', '.']	[0, 0, 0, 3, 4, 0, 0, 0, 0, 0, 0, 1, 0, 0, 0, 3, 0, 0, 0, 0, 0]	pl	W sierpniu 2008 Sky Sports podało do wiadomości publicznej, że Kilmarnock ostatecznie zaakceptowało ofertę Rangersów wynoszącą 1,9 mln £.
"['""', 'Śrem', '""', '(', ')', '–', 'miasto', 'w', 'woj', '.']"	[0, 5, 0, 0, 0, 0, 0, 0, 0, 0]	pl	"""Śrem"" () – miasto w woj."
['Szczególny', 'okres', 'liberalizacji', 'przypadł', 'na', 'czas', ',', 'gdy', 'premierem', 'kraju', 'był', 'Jenő', 'Fock', '.']	[0, 0, 0, 0, 0, 0, 0, 0, 0, 0, 0, 1, 2, 0]	pl	Szczególny okres liberalizacji przypadł na czas, gdy premierem kraju był Jenő Fock.
['Polskojęzyczna', 'wersja', 'ukazywała', 'się', ',', 'na', 'licencji', ',', 'jako', 'dodatek', 'The', 'Wall', 'Street', 'Journal', 'Polska', 'do', 'gazety', 'Dziennik', 'Polska-Europa-Świat', 'wydawanej', 'przez', 'koncern', 'Axel', 'Springer', 'do', 'roku', '2009', '.']	[0, 0, 0, 0, 0, 0, 0, 0, 0, 0, 7, 8, 8, 8, 8, 0, 0, 8, 8, 0, 0, 0, 3, 4, 0, 0, 0, 0]	pl	Polskojęzyczna wersja ukazywała się, na licencji, jako dodatek The Wall Street Journal Polska do gazety Dziennik Polska-Europa-Świat wydawanej przez koncern Axel Springer do roku 2009.
['Konsekwencją', 'tych', 'posunięć', 'była', 'bitwa', 'pod', 'Gazalą', 'stoczona', 'pod', 'koniec', 'maja', '1942', 'r', '.']	[0, 0, 0, 0, 7, 8, 8, 0, 0, 0, 0, 0, 0, 0]	pl	Konsekwencją tych posunięć była bitwa pod Gazalą stoczona pod koniec maja 1942 r.
"['Według', 'danych', 'na', 'rok', '1990', 'gminę', 'zamieszkiwało', '97', 'osób', ',', 'a', 'gęstość', 'zaludnienia', 'wynosiła', '11', '""', 'osób', '/', 'km', '²', '(', 'wśród', '1786', 'gmin', 'Franche-Comté', 'Bougey', 'plasuje', 'się', 'na', '646', '.']"	[0, 0, 0, 0, 0, 0, 0, 0, 0, 0, 0, 0, 0, 0, 0, 0, 0, 0, 0, 0, 0, 0, 0, 0, 5, 0, 0, 0, 0, 0, 0]	pl	"Według danych na rok 1990 gminę zamieszkiwało 97 osób, a gęstość zaludnienia wynosiła 11 ""osób / km ² (wśród 1786 gmin Franche-Comté Bougey plasuje się na 646."
['Na', 'kresach', 'były', 'jeszcze', 'wojska', ',', 'które', 'mogły', 'przeważyć', 'szalę', 'zwycięstwa', ':', 'przede', 'wszystkim', 'Jeremi', 'Wiśniowiecki', 'ze', 'swoją', ',', 'teraz', 'już', 'ok', '.']	[0, 0, 0, 0, 0, 0, 0, 0, 0, 0, 0, 0, 0, 0, 1, 2, 0, 0, 0, 0, 0, 0, 0]	pl	Na kresach były jeszcze wojska, które mogły przeważyć szalę zwycięstwa: przede wszystkim Jeremi Wiśniowiecki ze swoją, teraz już ok.
['Do', 'swoich', 'muzycznych', 'inspiracji', 'zalicza', 'artystów', ',', 'takich', 'jak', 'm.in.', ':', 'Philip', 'Glass', '.']	[0, 0, 0, 0, 0, 0, 0, 0, 0, 0, 0, 1, 2, 0]	pl	Do swoich muzycznych inspiracji zalicza artystów, takich jak m.in.: Philip Glass.
['Okoliczne', 'miejscowości', ':', 'Strzelewo', ',', 'Czermnica', ',', 'Bodzęcin', ',', 'Redostowo', ',', 'Kikorze', ',', 'Kościuszki', '.']	[0, 0, 0, 5, 0, 5, 0, 5, 0, 5, 0, 5, 0, 5, 0]	pl	Okoliczne miejscowości: Strzelewo, Czermnica, Bodzęcin, Redostowo, Kikorze, Kościuszki.
['kolejki', 'Bundesligi', 'z', 'TSG', '1899', 'Hoffenheim', '.']	[0, 7, 0, 3, 4, 4, 0]	pl	kolejki Bundesligi z TSG 1899 Hoffenheim.
"['Do', '„', 'człowieka', 'z', 'Piltdown', '”', 'nawiązał', 'również', 'muzyk', ',', 'Mike', 'Oldfield', ',', 'na', 'swojej', 'płycie', 'pt.', '""', 'Tubular', 'Bells', '""', '(', '1973', ')', '.']"	[0, 0, 0, 0, 3, 0, 0, 0, 0, 0, 1, 2, 0, 0, 0, 0, 0, 0, 7, 8, 0, 0, 0, 0, 0]	pl	"Do „człowieka z Piltdown ” nawiązał również muzyk, Mike Oldfield, na swojej płycie pt."" Tubular Bells ""(1973)."
['Dalsze', 'podboje', 'powstrzymał', 'Teodor', 'I', 'Laskarys', '.']	[0, 0, 0, 1, 2, 2, 0]	pl	Dalsze podboje powstrzymał Teodor I Laskarys.
['7', 'lipca', '2018', 'w', 'Astanie', 'wrócił', 'po', 'ponad', 'dwuletniej', 'przerwie', ',', 'zdobył', 'pas', 'WBA', 'Regular', 'kategorii', 'junior', 'ciężkie', ',', 'pokonując', 'w', 'dziewiątym', 'starciu', 'Turka', 'Hizni', 'Altunkaya', '(', '30', '-', '2', ',', '17', 'KO', ')', '.']	[0, 0, 0, 0, 5, 0, 0, 0, 0, 0, 0, 0, 0, 3, 0, 0, 0, 0, 0, 0, 0, 0, 0, 0, 1, 2, 0, 0, 0, 0, 0, 0, 0, 0, 0]	pl	7 lipca 2018 w Astanie wrócił po ponad dwuletniej przerwie, zdobył pas WBA Regular kategorii junior ciężkie, pokonując w dziewiątym starciu Turka Hizni Altunkaya (30 - 2, 17 KO).
['Rzeka', 'Warta', 'stanowi', 'południową', 'granicę', 'gminy', '.']	[0, 5, 0, 0, 0, 0, 0]	pl	Rzeka Warta stanowi południową granicę gminy.
['Wielki', 'pisarz', 'chrześcijański', 'Tertulian', '(', 'zm', '.']	[0, 0, 0, 1, 0, 0, 0]	pl	Wielki pisarz chrześcijański Tertulian (zm.
['Siedziba', 'gminy', 'to', 'Lesko', '.']	[0, 0, 0, 5, 0]	pl	Siedziba gminy to Lesko.
['Najbardziej', 'znani', 'na', 'świecie', 'ultramaratończycy', 'to', ':', 'Grek', 'Janis', 'Kuros', 'i', 'Amerykanin', 'Scott', 'Jurek', '.']	[0, 0, 0, 0, 0, 0, 0, 5, 1, 2, 0, 5, 1, 2, 0]	pl	Najbardziej znani na świecie ultramaratończycy to: Grek Janis Kuros i Amerykanin Scott Jurek.
['Grześkowiak', 'mawiał', ',', 'że', 'do', 'śpiewania', 'zainspirował', 'go', 'Jędrzej', 'Wowro', ',', 'świątkarz', 'beskidzki', '.']	[0, 0, 0, 0, 0, 0, 0, 0, 1, 2, 0, 0, 0, 0]	pl	Grześkowiak mawiał, że do śpiewania zainspirował go Jędrzej Wowro, świątkarz beskidzki.
"['Dwa', 'lata', 'później', ',', 'w', 'roku', '1997', ',', 'w', 'wieku', '30', 'lat', 'zaproponowano', 'mu', 'jedną', 'z', 'głównych', 'ról', 'w', 'serialu', '""', 'Oz', '""', 'produkowanym', 'dla', 'stacji', 'HBO', '.']"	[0, 0, 0, 0, 0, 0, 0, 0, 0, 0, 0, 0, 0, 0, 0, 0, 0, 0, 0, 0, 0, 7, 0, 0, 0, 0, 3, 0]	pl	"Dwa lata później, w roku 1997, w wieku 30 lat zaproponowano mu jedną z głównych ról w serialu ""Oz"" produkowanym dla stacji HBO."
['1500', 'r', '.']	[7, 0, 0]	pl	1500 r.
"['W', 'tym', 'samym', 'roku', 'ukazał', 'się', 'kolejny', 'krążek', 'formacji', 'zatytułowany', '""', 'Wicked', '!', '""']"	[0, 0, 0, 0, 0, 0, 0, 0, 0, 0, 0, 7, 8, 0]	pl	"W tym samym roku ukazał się kolejny krążek formacji zatytułowany ""Wicked!"""
['Namiestnikiem', 'spacyfikowanej', 'prowincji', 'mianował', 'Kandalanu', '.']	[0, 0, 0, 0, 1, 0]	pl	Namiestnikiem spacyfikowanej prowincji mianował Kandalanu.
"['4', 'czerwca', '2002', 'roku', 'wydała', 'swój', 'pierwszy', 'album', '–', '""', 'Let', 'Go', '""', '.']"	[0, 0, 0, 0, 0, 0, 0, 0, 0, 0, 7, 8, 0, 0]	pl	"4 czerwca 2002 roku wydała swój pierwszy album – ""Let Go""."
['Polska', 'i', 'Saksonia', ',', 'pozostające', 'w', 'unii', 'personalnej', ',', 'miały', 'wspólnego', 'przeciwnika', '–', 'rosnące', 'w', 'siłę', 'Prusy', '.']	[5, 0, 5, 0, 0, 0, 0, 0, 0, 0, 0, 0, 0, 0, 0, 0, 5, 0]	pl	Polska i Saksonia, pozostające w unii personalnej, miały wspólnego przeciwnika – rosnące w siłę Prusy.
['miejscu', 'listy', '100', 'najlepszych', 'wokalistów', 'wszech', 'czasów', 'Hit', 'Parader', '.']	[0, 0, 0, 0, 0, 0, 0, 7, 8, 0]	pl	miejscu listy 100 najlepszych wokalistów wszech czasów Hit Parader.
['Obecnie', 'jest', 'trenerem', 'jednej', 'z', 'juniorskich', 'drużyn', 'A.C.', 'Milan', '.']	[0, 0, 0, 0, 0, 0, 0, 3, 4, 0]	pl	Obecnie jest trenerem jednej z juniorskich drużyn A.C. Milan.
['13', 'marca', '1965', 'w', 'Fort', 'Lauderdale', ')', '–', 'albański', 'polityk', ',', 'prawosławny', 'biskup', ',', 'działacz', 'niepodległościowy', ',', 'tłumacz', ',', 'dziennikarz', ',', 'kompozytor', '.']	[0, 0, 0, 0, 5, 6, 0, 0, 0, 0, 0, 0, 0, 0, 0, 0, 0, 0, 0, 0, 0, 0, 0]	pl	13 marca 1965 w Fort Lauderdale) – albański polityk, prawosławny biskup, działacz niepodległościowy, tłumacz, dziennikarz, kompozytor.
['Wraz', 'z', 'nim', 'w', 'plutonie', 'służyli', 'm.in.', 'Adam', 'Stanowski', 'i', 'Jerzy', 'Kłoczowski', '(', 'późniejszy', 'dowódca', 'plutonu', ')', '.']	[0, 0, 0, 0, 0, 0, 0, 1, 2, 0, 1, 2, 0, 0, 0, 0, 0, 0]	pl	Wraz z nim w plutonie służyli m.in. Adam Stanowski i Jerzy Kłoczowski (późniejszy dowódca plutonu).
['25', 'marca', '1992', 'papież', 'Jan', 'Paweł', 'II', 'mianował', 'go', 'biskupem', 'pomocniczym', 'diecezji', 'drohiczyńskiej', 'ze', 'stolicą', 'tytularną', 'Cataquas', '.']	[0, 0, 0, 0, 1, 2, 2, 0, 0, 0, 0, 0, 0, 0, 0, 0, 5, 0]	pl	25 marca 1992 papież Jan Paweł II mianował go biskupem pomocniczym diecezji drohiczyńskiej ze stolicą tytularną Cataquas.
['Występy', 'te', 'w', 'mediach', 'były', 'anonsowane', 'jako', 'koncerty', 'zespołu', 'Kaliber', '44', ',', 'jednakże', 'według', 'młodszego', 'brata', 'rapera', 'Abradaba', 'nie', 'stanowiły', 'jednak', 'o', 'jego', 'reaktywacji', '.']	[0, 0, 0, 0, 0, 0, 0, 0, 0, 3, 4, 0, 0, 0, 0, 0, 0, 1, 0, 0, 0, 0, 0, 0, 0]	pl	Występy te w mediach były anonsowane jako koncerty zespołu Kaliber 44, jednakże według młodszego brata rapera Abradaba nie stanowiły jednak o jego reaktywacji.
['Początki', 'prasy', 'sięgają', 'I', 'wieku', 'p.n.e.', '(', 'Acta', 'Diurna', ')', '.']	[0, 0, 0, 0, 0, 0, 0, 7, 8, 0, 0]	pl	Początki prasy sięgają I wieku p.n.e. (Acta Diurna).
['Zadebiutował', 'tam', '13', 'kwietnia', '2003', 'w', 'zremisowanym', '1:1', 'pojedynku', 'z', 'Chicago', 'Fire', '.']	[0, 0, 0, 0, 0, 0, 0, 0, 0, 0, 3, 4, 0]	pl	Zadebiutował tam 13 kwietnia 2003 w zremisowanym 1:1 pojedynku z Chicago Fire.
"['""', 'Oupia', '""', '–', 'miejscowość', 'i', 'gmina', 'we', 'Francji', ',', 'w', 'regionie', 'Oksytania', ',', 'w', 'departamencie', 'Hérault', '.']"	[0, 0, 0, 0, 0, 0, 0, 0, 5, 0, 0, 0, 5, 0, 0, 0, 5, 0]	pl	"""Oupia"" – miejscowość i gmina we Francji, w regionie Oksytania, w departamencie Hérault."
['Zimą', '1920', 'uczestniczył', 'w', 'walkach', 'o', 'Dyneburg', '.']	[0, 0, 0, 0, 0, 0, 5, 0]	pl	Zimą 1920 uczestniczył w walkach o Dyneburg.
['Już', 'w', 'czasach', 'starożytnych', 'Hipokrates', 'doradzał', 'spożycie', 'gotowanego', 'psa', 'jako', '„', 'lekarstwo', '”', 'na', 'kobiecą', 'niepłodność', '.']	[0, 0, 0, 0, 1, 0, 0, 0, 0, 0, 0, 0, 0, 0, 0, 0, 0]	pl	Już w czasach starożytnych Hipokrates doradzał spożycie gotowanego psa jako „lekarstwo ” na kobiecą niepłodność.
['Franciszka', 'Rzymianka', '.']	[1, 2, 0]	pl	Franciszka Rzymianka.
"['""', 'Fransu', '""', '–', 'miejscowość', 'i', 'gmina', 'we', 'Francji', ',', 'w', 'regionie', 'Hauts-de-France', ',', 'w', 'departamencie', 'Somma', '.']"	[0, 0, 0, 0, 0, 0, 0, 0, 5, 0, 0, 0, 5, 0, 0, 0, 5, 0]	pl	"""Fransu"" – miejscowość i gmina we Francji, w regionie Hauts-de-France, w departamencie Somma."
"['W', 'firmie', 'De', 'Havilland', 'Canada', 'budowano', 'wersję', 'samolotu', '""', 'Dragon', 'Rapide', '""', 'z', 'podwoziem', 'pływakowym', 'i', 'długim', 'dodatkowym', 'statecznikiem', 'pionowym', 'pod', 'kadłubem', '.']"	[0, 0, 3, 4, 4, 0, 0, 0, 0, 8, 8, 0, 0, 0, 0, 0, 0, 0, 0, 0, 0, 0, 0]	pl	"W firmie De Havilland Canada budowano wersję samolotu ""Dragon Rapide"" z podwoziem pływakowym i długim dodatkowym statecznikiem pionowym pod kadłubem."
"['sezonem', 'większej', 'serii', 'o', 'nazwie', '""', 'The', 'Real', 'World', '""', '.']"	[0, 0, 0, 0, 0, 0, 7, 8, 8, 0, 0]	pl	"sezonem większej serii o nazwie ""The Real World""."
['Gra', 'została', 'wydana', 'na', 'konsole', 'nowej', 'generacji', ':', 'PlayStation', '3', ',', 'PlayStation', 'Portable', 'oraz', 'Xbox', '360', 'i', 'wykorzystuje', 'silnik', 'graficzny', 'RAGE', '.']	[0, 0, 0, 0, 0, 0, 0, 0, 7, 8, 0, 7, 8, 0, 7, 8, 0, 0, 0, 0, 0, 0]	pl	Gra została wydana na konsole nowej generacji: PlayStation 3, PlayStation Portable oraz Xbox 360 i wykorzystuje silnik graficzny RAGE.
['Kordoba', ')', ',', 'ekwita', ',', 'autor', 'antologii', 'cytatów', 'z', 'mów', '(', 'z', '10', 'ksiąg', 'zachowało', 'się', '5', ')', '.']	[5, 0, 0, 0, 0, 0, 0, 0, 0, 0, 0, 0, 0, 0, 0, 0, 0, 0, 0]	pl	Kordoba), ekwita, autor antologii cytatów z mów (z 10 ksiąg zachowało się 5).
['w', 'Bath', ')', '–', 'brytyjski', 'matematyk', '.']	[0, 5, 0, 0, 0, 0, 0]	pl	w Bath) – brytyjski matematyk.
"['Początkowo', 'urzędujący', 'od', 'roku', '1989', 'republikański', 'prezydent', 'i', 'przez', 'dwie', 'poprzednie', 'kadencje', 'wiceprezydent', 'George', 'H.W.', 'Bush', 'uchodził', 'za', 'niemalże', '""', 'niezwyciężonego', '""', '.']"	[0, 0, 0, 0, 0, 0, 0, 0, 0, 0, 0, 0, 0, 1, 2, 2, 0, 0, 0, 0, 0, 0, 0]	pl	"Początkowo urzędujący od roku 1989 republikański prezydent i przez dwie poprzednie kadencje wiceprezydent George H.W. Bush uchodził za niemalże ""niezwyciężonego""."
['Kreml', 'moskiewski', 'został', 'w', 'latach', '1485', '–', '1495', 'rozbudowany', 'według', 'projektu', 'włoskich', 'architektów', 'renesansowych', 'Pietra', 'Solariego', 'i', 'Marco', 'Ruffo', ',', 'którzy', 'nadali', 'mu', 'dzisiejszy', 'wygląd', '.']	[5, 6, 0, 0, 0, 0, 0, 0, 0, 0, 0, 0, 0, 0, 1, 2, 0, 1, 2, 0, 0, 0, 0, 0, 0, 0]	pl	Kreml moskiewski został w latach 1485 – 1495 rozbudowany według projektu włoskich architektów renesansowych Pietra Solariego i Marco Ruffo, którzy nadali mu dzisiejszy wygląd.
['Numerocentryzm', 'Ksenokratesa', 'antycypował', 'już', 'Speuzyp', ',', 'którego', 'Arystoteles', 'oskarżał', 'wręcz', 'o', 'odrzucanie', 'idei', 'na', 'rzecz', 'liczb', '.']	[0, 1, 0, 0, 1, 0, 0, 1, 0, 0, 0, 0, 0, 0, 0, 0, 0]	pl	Numerocentryzm Ksenokratesa antycypował już Speuzyp, którego Arystoteles oskarżał wręcz o odrzucanie idei na rzecz liczb.
['Podczas', 'walk', 'o', 'miasto', ',', 'Stefan', 'Starzyński', 'ogłosił', 'apel', 'do', 'mieszkańców', 'o', 'potrzebie', 'zorganizowania', 'formacji', 'obrony', 'cywilnej', ',', 'której', 'zadanie', 'polegało', 'na', 'likwidacji', 'niemieckich', 'gniazd', 'karabinów', 'maszynowych', '.']	[0, 0, 0, 0, 0, 1, 2, 0, 0, 0, 0, 0, 0, 0, 0, 0, 0, 0, 0, 0, 0, 0, 0, 0, 0, 0, 0, 0]	pl	Podczas walk o miasto, Stefan Starzyński ogłosił apel do mieszkańców o potrzebie zorganizowania formacji obrony cywilnej, której zadanie polegało na likwidacji niemieckich gniazd karabinów maszynowych.
['Następne', 'w', 'kolejności', 'miały', 'być', 'europejskie', 'tanie', 'linie', 'Norwegian', 'Air', 'Shuttle', '.']	[0, 0, 0, 0, 0, 0, 0, 0, 3, 4, 4, 0]	pl	Następne w kolejności miały być europejskie tanie linie Norwegian Air Shuttle.
['Siedziba', 'gminy', 'to', 'Orońsko', '.']	[0, 0, 0, 5, 0]	pl	Siedziba gminy to Orońsko.
['Obecnie', 'w', 'Indiach', 'jest', '626', 'dystryktów', '-', 'w', 'poszczególnych', 'stanach', 'znajduje', 'się', 'ich', 'od', '2', '(', 'stan', 'Goa', ')', 'do', '70', '(', 'stan', 'Uttar', 'Pradesh', ')', ',', 'a', 'w', 'terytoriach', 'od', 'jednego', 'do', '9', '.']	[0, 0, 5, 0, 0, 0, 0, 0, 0, 0, 0, 0, 0, 0, 0, 0, 0, 5, 0, 0, 0, 0, 0, 5, 6, 0, 0, 0, 0, 0, 0, 0, 0, 0, 0]	pl	Obecnie w Indiach jest 626 dystryktów - w poszczególnych stanach znajduje się ich od 2 (stan Goa) do 70 (stan Uttar Pradesh), a w terytoriach od jednego do 9.
['22', 'maja', '1882', 'w', 'Biberach', 'an', 'der', 'Riß', ',', 'zm', '.']	[0, 0, 0, 0, 5, 6, 6, 6, 0, 0, 0]	pl	22 maja 1882 w Biberach an der Riß, zm.
['Inną', 'ważną', 'kwestią', 'jest', 'rozprzestrzenianie', 'broni', 'jądrowej', 'związane', 'z', 'rozwojem', 'energetyki', 'jądrowej', '(', 'np.', 'Iran', ',', 'Korea', 'Północna', ')', 'oraz', 'zamachy', 'terrorystyczne', ',', 'stanowiące', 'nowy', 'wymiar', 'zagrożenia', 'dla', 'instalacji', 'jądrowych', '.']	[0, 0, 0, 0, 0, 0, 0, 0, 0, 0, 0, 0, 0, 0, 5, 0, 5, 6, 0, 0, 0, 0, 0, 0, 0, 0, 0, 0, 0, 0, 0]	pl	Inną ważną kwestią jest rozprzestrzenianie broni jądrowej związane z rozwojem energetyki jądrowej (np. Iran, Korea Północna) oraz zamachy terrorystyczne, stanowiące nowy wymiar zagrożenia dla instalacji jądrowych.
"['""', 'Chambly', '""', '–', 'miejscowość', 'i', 'gmina', 'we', 'Francji', ',', 'w', 'regionie', 'Hauts-de-France', ',', 'w', 'departamencie', 'Oise', '.']"	[0, 0, 0, 0, 0, 0, 0, 0, 5, 0, 0, 0, 5, 0, 0, 0, 5, 0]	pl	"""Chambly"" – miejscowość i gmina we Francji, w regionie Hauts-de-France, w departamencie Oise."
['Najgłębszymi', 'jeziorami', 'są', ':', 'Tazawa', '(', '423,4', 'm', ')', 'na', 'północy', 'Honsiu', ',', 'Shikotsu', '(', '360,1', 'm', ')', 'na', 'Hokkaido', ',', 'Towada', '(', '326,8', 'm', ')', 'na', 'północy', 'Honsiu', 'i', 'Mashū', '(', '211,4', 'm', ')', 'na', 'Hokkaido', '.']	[0, 0, 0, 0, 5, 0, 0, 0, 0, 0, 0, 5, 0, 5, 0, 0, 0, 0, 0, 5, 0, 5, 0, 0, 0, 0, 0, 0, 5, 0, 5, 0, 0, 0, 0, 0, 5, 0]	pl	Najgłębszymi jeziorami są: Tazawa (423,4 m) na północy Honsiu, Shikotsu (360,1 m) na Hokkaido, Towada (326,8 m) na północy Honsiu i Mashū (211,4 m) na Hokkaido.
['trójwsi', ',', 'na', 'którą', 'składają', 'się', 'jeszcze', 'Krzyżkowice', 'oraz', 'Skrzypiec', '.']	[0, 0, 0, 0, 0, 0, 0, 5, 0, 5, 0]	pl	trójwsi, na którą składają się jeszcze Krzyżkowice oraz Skrzypiec.
['Kiedy', 'w', 'styczniu', '2006', 'Condoleezza', 'Rice', 'skrytykowała', 'rosyjską', 'politykę', 'gazową', 'względem', 'Ukrainy', ',', 'Żyrinowski', 'stwierdził', ',', 'że', 'komentarze', 'pani', 'Sekretarz', 'Stanu', 'są', 'odbiciem', 'jej', 'niezamężnego', 'i', 'bezdzietnego', 'stanu', '.']	[0, 0, 0, 0, 1, 2, 0, 0, 0, 0, 0, 5, 0, 0, 0, 0, 0, 0, 0, 1, 2, 0, 0, 0, 0, 0, 0, 0, 0]	pl	Kiedy w styczniu 2006 Condoleezza Rice skrytykowała rosyjską politykę gazową względem Ukrainy, Żyrinowski stwierdził, że komentarze pani Sekretarz Stanu są odbiciem jej niezamężnego i bezdzietnego stanu.
"['Debiutowała', 'na', 'torze', 'w', 'Charlotte', ',', 'gdzie', 'została', 'pierwszą', 'kobietą', 'w', 'historii', 'cyklu', ',', 'która', 'wystartowała', 'na', 'owalu', 'typu', '""', 'super', 'speedway', '""', '.']"	[0, 0, 0, 0, 5, 0, 0, 0, 0, 0, 0, 0, 0, 0, 0, 0, 0, 0, 0, 0, 0, 0, 0, 0]	pl	"Debiutowała na torze w Charlotte, gdzie została pierwszą kobietą w historii cyklu, która wystartowała na owalu typu ""super speedway""."
['Multimedalistami', 'igrzysk', 'olimpijskich', 'w', 'Albertville', 'zostało', '38', 'sportowców', ',', 'spośród', 'których', '25', 'zdobyło', 'co', 'najmniej', 'jedno', 'złoto', '.']	[0, 0, 0, 0, 5, 0, 0, 0, 0, 0, 0, 0, 0, 0, 0, 0, 0, 0]	pl	Multimedalistami igrzysk olimpijskich w Albertville zostało 38 sportowców, spośród których 25 zdobyło co najmniej jedno złoto.
['Ponownie', 'znalazł', 'się', 'także', 'w', 'czołówce', 'Clásica', 'de', 'San', 'Sebastián', '.']	[0, 0, 0, 0, 0, 0, 7, 8, 8, 8, 0]	pl	Ponownie znalazł się także w czołówce Clásica de San Sebastián.
['Jemen', ',', 'zm', '.']	[5, 0, 0, 0]	pl	Jemen, zm.
['W', 'sierpniu', '2006', 'wstąpiła', 'do', 'irlandzkiego', 'zespołu', 'Celtic', 'Woman', '.']	[0, 0, 0, 0, 0, 0, 0, 3, 4, 0]	pl	W sierpniu 2006 wstąpiła do irlandzkiego zespołu Celtic Woman.
"['W', 'notowaniach', 'list', 'przebojów', 'nie', 'przebił', 'się', 'jednak', 'do', 'pierwszej', '20', 'więc', 'został', 'pominięty', 'na', 'rzecz', 'pięciu', 'innych', 'utworów', 'z', 'albumu', '""', 'So', '""', '.']"	[0, 0, 0, 0, 0, 0, 0, 0, 0, 0, 0, 0, 0, 0, 0, 0, 0, 0, 0, 0, 0, 0, 7, 0, 0]	pl	"W notowaniach list przebojów nie przebił się jednak do pierwszej 20 więc został pominięty na rzecz pięciu innych utworów z albumu ""So""."
['Zmarł', 'w', 'Thunder', 'Bay', ',', 'w', 'domu', 'swojej', 'siostry', '.']	[0, 0, 5, 6, 0, 0, 0, 0, 0, 0]	pl	Zmarł w Thunder Bay, w domu swojej siostry.
['Zwycięskie', 'państwa', 'nie', 'doszły', 'do', 'porozumienia', 'i', 'rok', 'później', 'Grecja', ',', 'Serbia', ',', 'Czarnogóra', ',', 'Rumunia', 'oraz', 'Turcja', 'zaatakowały', 'i', 'pokonały', 'Bułgarię', '(', 'II', 'wojna', 'bałkańska', ')', '.']	[0, 0, 0, 0, 0, 0, 0, 0, 0, 5, 0, 5, 0, 5, 0, 5, 0, 5, 0, 0, 0, 5, 0, 7, 8, 8, 0, 0]	pl	Zwycięskie państwa nie doszły do porozumienia i rok później Grecja, Serbia, Czarnogóra, Rumunia oraz Turcja zaatakowały i pokonały Bułgarię (II wojna bałkańska).
['16', 'kwietnia', '1933', 'w', 'Oslo', ',', 'zm', '.']	[0, 0, 0, 0, 5, 0, 0, 0]	pl	16 kwietnia 1933 w Oslo, zm.
['Phil', 'Collins', ',', 'R.E.M.', ',', 'Scorpions', ',', 'Simple', 'Minds', ',', 'Simply', 'Red', ',', 'Snoop', 'Dogg', ',', 'Sting', ',', 'Thomas', 'Anders', ',', 'Toto', 'Cutugno', '.']	[1, 2, 0, 3, 0, 3, 0, 3, 4, 0, 3, 4, 0, 1, 2, 0, 1, 0, 1, 2, 0, 1, 2, 0]	pl	Phil Collins, R.E.M., Scorpions, Simple Minds, Simply Red, Snoop Dogg, Sting, Thomas Anders, Toto Cutugno.
"['""', 'Monbrun', '""', '–', 'miejscowość', 'i', 'gmina', 'we', 'Francji', ',', 'w', 'regionie', 'Oksytania', ',', 'w', 'departamencie', 'Gers', '.']"	[0, 0, 0, 0, 0, 0, 0, 0, 5, 0, 0, 0, 0, 0, 0, 0, 5, 0]	pl	"""Monbrun"" – miejscowość i gmina we Francji, w regionie Oksytania, w departamencie Gers."
"['Na', 'przykład', 'w', 'języku', 'PHP', 'łańcuchy', '""', '1000', '""', 'i', '""', '1e3', '""', 'dają', 'przy', 'porównaniu', 'równość', ',', 'ponieważ', 'są', 'niejawnie', 'konwertowane', 'do', 'liczb', 'zmiennopozycyjnych', '-', 'mimo', 'że', 'jako', 'łańcuchy', 'znaków', 'są', 'różne', '.']"	[0, 0, 0, 0, 7, 0, 0, 0, 0, 0, 0, 0, 0, 0, 0, 0, 0, 0, 0, 0, 0, 0, 0, 0, 0, 0, 0, 0, 0, 0, 0, 0, 0, 0]	pl	"Na przykład w języku PHP łańcuchy ""1000"" i ""1e3"" dają przy porównaniu równość, ponieważ są niejawnie konwertowane do liczb zmiennopozycyjnych - mimo że jako łańcuchy znaków są różne."
"['Wiele', 'czasu', 'też', 'spędził', 'jako', 'skuteczny', 'prawnik', 'procesowy', '(', 'ang.', '""', 'trial', 'lawyer', '""', ')', 'i', 'jest', 'uznawany', 'za', 'jednego', 'z', 'najlepszych', 'prawników', 'w', 'Idaho', '.']"	[0, 0, 0, 0, 0, 0, 0, 0, 0, 0, 0, 0, 0, 0, 0, 0, 0, 0, 0, 0, 0, 0, 0, 0, 5, 0]	pl	"Wiele czasu też spędził jako skuteczny prawnik procesowy (ang. ""trial lawyer"") i jest uznawany za jednego z najlepszych prawników w Idaho."
['W', 'latach', '1909', '-', '1913', 'sprawował', 'funkcję', 'gubernatora', 'stanu', 'Indiana', '.']	[0, 0, 0, 0, 0, 0, 0, 0, 0, 5, 0]	pl	W latach 1909 - 1913 sprawował funkcję gubernatora stanu Indiana.
['Tytułową', 'rolę', 'zagrał', 'Andrew', 'Garfield', ',', 'a', 'obok', 'niego', 'w', 'głównych', 'rolach', 'wystąpili', ':', 'Emma', 'Stone', ',', 'Rhys', 'Ifans', ',', 'Denis', 'Leary', ',', 'Campbell', 'Scott', ',', 'Irrfan', 'Khan', ',', 'Martin', 'Sheen', 'i', 'Sally', 'Field', '.']	[0, 0, 0, 1, 2, 0, 0, 0, 0, 0, 0, 0, 0, 0, 1, 2, 0, 1, 2, 0, 1, 2, 0, 1, 2, 0, 1, 2, 0, 1, 2, 0, 1, 2, 0]	pl	Tytułową rolę zagrał Andrew Garfield, a obok niego w głównych rolach wystąpili: Emma Stone, Rhys Ifans, Denis Leary, Campbell Scott, Irrfan Khan, Martin Sheen i Sally Field.
['Prezydent', 'Barack', 'Obama', '23', 'czerwca', '2010', 'mianował', 'go', 'dowódcą', 'wojsk', 'amerykańskich', 'w', 'Afganistanie', 'w', 'miejsce', 'zdymisjonowanego', 'gen', '.']	[0, 1, 2, 0, 0, 0, 0, 0, 0, 0, 0, 0, 5, 0, 0, 0, 0, 0]	pl	Prezydent Barack Obama 23 czerwca 2010 mianował go dowódcą wojsk amerykańskich w Afganistanie w miejsce zdymisjonowanego gen.
['Pierwotnie', 'lokowane', 'było', 'w', '1325', 'roku', 'w', 'miejscu', ',', 'gdzie', 'obecnie', 'jest', 'miejscowość', 'Barczewko', '.']	[0, 0, 0, 0, 0, 0, 0, 0, 0, 0, 0, 0, 0, 5, 0]	pl	Pierwotnie lokowane było w 1325 roku w miejscu, gdzie obecnie jest miejscowość Barczewko.
['Jego', 'idolem', ',', 'a', 'później', 'także', 'mentorem', ',', 'jest', 'Renaud', 'Lavillenie', '.']	[0, 0, 0, 0, 0, 0, 0, 0, 0, 1, 2, 0]	pl	Jego idolem, a później także mentorem, jest Renaud Lavillenie.
"['Ów', 'fragment', 'znajdował', 'się', 'w', 'kodeksie', 'łacińskim', '""', 'J101', '""', ',', 'pochodzącym', 'z', 'VIII', 'w.', ',', 'z', 'klasztoru', 'w', 'Bobbio', ',', 'niedaleko', 'miasta', 'Piacenza', 'na', 'północy', 'Włoch', ',', 'a', 'na', 'początku', 'XVII', 'wieku', 'trafił', 'do', 'Biblioteki', 'Ambrozjańskiej', '.']"	[0, 0, 0, 0, 0, 0, 0, 0, 0, 0, 0, 0, 0, 0, 0, 0, 0, 0, 0, 5, 0, 0, 0, 5, 0, 0, 5, 0, 0, 0, 0, 0, 0, 0, 0, 5, 6, 0]	pl	"Ów fragment znajdował się w kodeksie łacińskim ""J101"", pochodzącym z VIII w., z klasztoru w Bobbio, niedaleko miasta Piacenza na północy Włoch, a na początku XVII wieku trafił do Biblioteki Ambrozjańskiej."
['Na', 'początku', '1930', 'roku', 'Anglia', 'znalazła', 'się', 'pod', 'wpływem', 'światowego', 'kryzysu', ',', 'który', 'szczególnie', 'odbił', 'się', 'na', 'produkcji', 'i', 'handlu', '.']	[0, 0, 0, 0, 5, 0, 0, 0, 0, 0, 0, 0, 0, 0, 0, 0, 0, 0, 0, 0, 0]	pl	Na początku 1930 roku Anglia znalazła się pod wpływem światowego kryzysu, który szczególnie odbił się na produkcji i handlu.
"['""', 'Lucyfer', '""', 'to', 'amerykańska', 'seria', 'komiksowa', ',', 'której', 'twórcami', 'są', 'Neil', 'Gaiman', ',', 'Sam', 'Keith', 'i', 'Mark', 'Dringenberg', '.']"	[0, 1, 0, 0, 0, 0, 0, 0, 0, 0, 0, 1, 2, 0, 1, 2, 0, 1, 2, 0]	pl	"""Lucyfer"" to amerykańska seria komiksowa, której twórcami są Neil Gaiman, Sam Keith i Mark Dringenberg."
['W', 'trakcie', 'play-off', 'zanotował', 'bardzo', 'dobry', 'występ', 'w', 'czwartym', 'meczu', 'półfinału', 'konferencji', 'z', 'Brooklyn', 'Nets', '.']	[0, 0, 0, 0, 0, 0, 0, 0, 0, 0, 0, 0, 0, 3, 4, 0]	pl	W trakcie play-off zanotował bardzo dobry występ w czwartym meczu półfinału konferencji z Brooklyn Nets.
['Nazwy', 'kodowe', 'NATO', 'umożliwiły', 'skatalogowanie', 'wiedzy', 'o', 'uzbrojeniu', 'produkowanym', 'przez', 'potencjalnych', 'przeciwników', 'NATO', ',', 'mając', 'na', 'uwadze', 'to', ',', 'że', 'oryginalne', 'nazwy', 'uzbrojenia', ',', 'określone', 'przez', 'producentów', 'lub', 'użytkowników', ',', 'pozostawały', 'często', 'nieujawnione', 'lub', 'tajne', ',', 'zwłaszcza', 'w', 'odniesieniu', 'do', 'kolejnych', 'wersji', 'danego', 'uzbrojenia', '.']	[0, 0, 3, 0, 0, 0, 0, 0, 0, 0, 0, 0, 3, 0, 0, 0, 0, 0, 0, 0, 0, 0, 0, 0, 0, 0, 0, 0, 0, 0, 0, 0, 0, 0, 0, 0, 0, 0, 0, 0, 0, 0, 0, 0, 0]	pl	Nazwy kodowe NATO umożliwiły skatalogowanie wiedzy o uzbrojeniu produkowanym przez potencjalnych przeciwników NATO, mając na uwadze to, że oryginalne nazwy uzbrojenia, określone przez producentów lub użytkowników, pozostawały często nieujawnione lub tajne, zwłaszcza w odniesieniu do kolejnych wersji danego uzbrojenia.
"['Utwór', 'zyskał', 'również', 'sukces', 'w', 'pozostałych', 'krajach', 'świata', ',', 'gdzie', 'w', 'Australii', 'i', 'Kanadzie', 'singel', 'zajmował', 'szczyty', 'tamtejszych', 'oficjalnych', 'zestawień', 'detronizując', 'pierwszy', 'singel', 'promujący', 'krążek', '""', 'The', 'E.N.', 'D', '""', '.']"	[0, 0, 0, 0, 0, 0, 0, 0, 0, 0, 0, 5, 0, 5, 0, 0, 0, 0, 0, 0, 0, 0, 0, 0, 0, 0, 7, 8, 8, 0, 0]	pl	"Utwór zyskał również sukces w pozostałych krajach świata, gdzie w Australii i Kanadzie singel zajmował szczyty tamtejszych oficjalnych zestawień detronizując pierwszy singel promujący krążek ""The E.N. D""."
['wytwórnia', 'Summit', 'Entertainment', 'poinformowała', ',', 'że', 'zmieniła', 'datę', 'premiery', 'z', '2', 'sierpnia', 'na', '19', 'lipca', '2013', 'roku', '.']	[0, 3, 4, 0, 0, 0, 0, 0, 0, 0, 0, 0, 0, 0, 0, 0, 0, 0]	pl	wytwórnia Summit Entertainment poinformowała, że zmieniła datę premiery z 2 sierpnia na 19 lipca 2013 roku.
['Interwencja', 'zakończyła', 'się', 'sukcesem', 'wojsk', 'wietnamskich', 'i', 'sojuszniczych', 'wobec', 'nich', 'grup', 'Pathet', 'Lao', 'które', 'zdołały', 'przejąć', 'kontrolę', 'nad', 'sporymi', 'północnymi', 'obszarami', 'państwa', '.']	[0, 0, 0, 0, 0, 0, 0, 0, 0, 0, 0, 3, 4, 0, 0, 0, 0, 0, 0, 0, 0, 0, 0]	pl	Interwencja zakończyła się sukcesem wojsk wietnamskich i sojuszniczych wobec nich grup Pathet Lao które zdołały przejąć kontrolę nad sporymi północnymi obszarami państwa.
['1515', ')', ',', 'która', 'zasłynęła', 'jako', 'pierwsza', 'znana', 'z', 'nazwiska', 'turystka', 'jaka', 'odbyła', 'wycieczkę', 'w', 'Tatry', 'w', '1565', '.']	[0, 0, 0, 0, 0, 0, 0, 0, 0, 0, 0, 0, 0, 0, 0, 5, 0, 0, 0]	pl	1515), która zasłynęła jako pierwsza znana z nazwiska turystka jaka odbyła wycieczkę w Tatry w 1565.
['Tycho', 'Brahe', 'zauważył', 'jej', 'zdolności', 'do', 'nauki', ',', 'gdy', 'miała', '9', 'lat', 'i', 'sam', 'ją', 'kształcił', '.']	[1, 2, 0, 0, 0, 0, 0, 0, 0, 0, 0, 0, 0, 0, 0, 0, 0]	pl	Tycho Brahe zauważył jej zdolności do nauki, gdy miała 9 lat i sam ją kształcił.
['Siedziba', 'gminy', 'to', 'Bojanowo', '.']	[0, 0, 0, 5, 0]	pl	Siedziba gminy to Bojanowo.
['Każda', 'gra', 'kosztowała', '1200', 'Microsoft', 'Points', ',', 'a', 'prócz', 'tego', 'należało', 'zainstalować', 'darmowy', 'emulator', ',', 'który', 'był', 'pobierany', 'podczas', 'pierwszego', 'uruchomienia', 'gry', '.']	[0, 0, 0, 0, 3, 0, 0, 0, 0, 0, 0, 0, 0, 0, 0, 0, 0, 0, 0, 0, 0, 0, 0]	pl	Każda gra kosztowała 1200 Microsoft Points, a prócz tego należało zainstalować darmowy emulator, który był pobierany podczas pierwszego uruchomienia gry.
['W', 'rozgrywkach', 'akademickich', 'NCAA', 'występował', 'w', 'drużynie', 'USC', 'Trojans', '.']	[0, 0, 0, 3, 0, 0, 0, 3, 4, 0]	pl	W rozgrywkach akademickich NCAA występował w drużynie USC Trojans.
['W', 'styczniu', '2006', 'podpisał', 'swój', 'pierwszy', 'profesjonalny', 'kontrakt', 'z', 'szwajcarskim', 'BSC', 'Young', 'Boys', '.']	[0, 0, 0, 0, 0, 0, 0, 0, 0, 0, 3, 4, 4, 0]	pl	W styczniu 2006 podpisał swój pierwszy profesjonalny kontrakt z szwajcarskim BSC Young Boys.
['W', '1940', 'aresztowało', 'go', 'NKWD', '.']	[0, 0, 0, 0, 3, 0]	pl	W 1940 aresztowało go NKWD.
['Uczęszczał', 'do', 'tej', 'samej', 'szkoły', 'podstawowej', ',', 'co', 'Marcel', 'Łoziński', '.']	[0, 0, 0, 0, 0, 0, 0, 0, 1, 2, 0]	pl	Uczęszczał do tej samej szkoły podstawowej, co Marcel Łoziński.
['Piosenkę', 'wykonują', 'Mariah', 'Carey', 'i', 'Miguel', '.']	[0, 0, 1, 2, 0, 1, 0]	pl	Piosenkę wykonują Mariah Carey i Miguel.
['Po', 'przewrocie', 'bolszewickim', '(', 'rewolucji', 'październikowej', ')', 'wyjechał', 'na', 'Ural', 'do', 'Tiumeni', '.']	[0, 0, 0, 0, 0, 0, 0, 0, 0, 5, 0, 5, 0]	pl	Po przewrocie bolszewickim (rewolucji październikowej) wyjechał na Ural do Tiumeni.
"['Początkowo', 'film', 'miał', 'być', 'remakiem', 'thrillera', '""', 'Terror', 'w', 'pociągu', '""', '(', '1980', ')', 'z', 'Jamie', 'Lee', 'Curtis', 'w', 'roli', 'głównej', ',', 'lecz', 'reżyser', 'zrezygnował', 'z', 'tego', 'pomysłu', ',', 'tworząc', 'horror', 'gore', '.']"	[0, 0, 0, 0, 0, 0, 0, 7, 8, 8, 0, 0, 0, 0, 0, 1, 2, 2, 0, 0, 0, 0, 0, 0, 0, 0, 0, 0, 0, 0, 0, 0, 0]	pl	"Początkowo film miał być remakiem thrillera ""Terror w pociągu"" (1980) z Jamie Lee Curtis w roli głównej, lecz reżyser zrezygnował z tego pomysłu, tworząc horror gore."
['Najbardziej', 'utytułowanymi', 'zawodniczkami', ',', 'z', 'dwoma', 'złotymi', 'i', 'jednym', 'srebrnym', 'medalem', ',', 'zostały', 'alpejka', 'Rosi', 'Mittermaier', 'i', 'biegaczka', 'Raisa', 'Smietanina', '.']	[0, 0, 0, 0, 0, 0, 0, 0, 0, 0, 0, 0, 0, 0, 1, 2, 0, 0, 1, 2, 0]	pl	Najbardziej utytułowanymi zawodniczkami, z dwoma złotymi i jednym srebrnym medalem, zostały alpejka Rosi Mittermaier i biegaczka Raisa Smietanina.
"['W', '2011', 'premierę', 'miał', 'film', '""', 'Gdy', 'budzą', 'się', 'demony', '""', '.']"	[0, 0, 0, 0, 0, 0, 7, 8, 8, 8, 0, 0]	pl	"W 2011 premierę miał film ""Gdy budzą się demony""."
"['Następnie', ',', 'bardziej', 'na', 'wschód', ',', 'obszar', 'występowania', '""', 'T.', 'phoenicopterus', '""', 'obejmuje', 'także', 'Bangladesz', 'i', 'Mjanmę', '(', 'do', 'północnego', 'stanu', 'Taninthayi', 'jako', 'południowej', 'granicy', 'zasięgu', ')', ',', 'skrajnie', 'południowo-zachodnią', 'część', 'Chin', '(', 'prowincja', 'Junnan', ')', ',', 'Kambodżę', ',', 'południowy', 'i', 'centralny', 'Laos', '(', 'według', 'autorów', 'HBW', 'tylko', 'południowy', ')', ',', 'zachodnią', ',', 'północno-zachodnią', 'oraz', 'południowo-wschodnią', 'Tajlandię', 'oraz', 'południowy', 'Wietnam', '(', 'dawne', 'prowincje', 'Kochinchina', 'i', 'Annam', ')', '.']"	[0, 0, 0, 0, 0, 0, 0, 0, 0, 0, 0, 0, 0, 0, 5, 0, 5, 0, 0, 0, 0, 5, 0, 0, 0, 0, 0, 0, 0, 0, 0, 5, 0, 0, 5, 0, 0, 5, 0, 0, 0, 0, 5, 0, 0, 0, 0, 0, 0, 0, 0, 0, 0, 0, 0, 0, 5, 0, 0, 5, 0, 0, 0, 5, 0, 5, 0, 0]	pl	"Następnie, bardziej na wschód, obszar występowania ""T. phoenicopterus"" obejmuje także Bangladesz i Mjanmę (do północnego stanu Taninthayi jako południowej granicy zasięgu), skrajnie południowo-zachodnią część Chin (prowincja Junnan), Kambodżę, południowy i centralny Laos (według autorów HBW tylko południowy), zachodnią, północno-zachodnią oraz południowo-wschodnią Tajlandię oraz południowy Wietnam (dawne prowincje Kochinchina i Annam)."
['Do', 'utworu', 'nakręcono', 'także', 'teledysk', ',', 'a', 'jego', 'reżyserią', 'zajął', 'się', 'Jonas', 'Åkerlund', '.']	[0, 0, 0, 0, 0, 0, 0, 0, 0, 0, 0, 1, 2, 0]	pl	Do utworu nakręcono także teledysk, a jego reżyserią zajął się Jonas Åkerlund.
['W', '1959', 'Socjaldemokratyczna', 'Partia', 'Niemiec', 'przyjęła', 'nowy', 'program', 'odrzucający', 'walkę', 'klas', 'i', 'marksizm', '.']	[0, 0, 3, 4, 4, 0, 0, 0, 0, 0, 0, 0, 0, 0]	pl	W 1959 Socjaldemokratyczna Partia Niemiec przyjęła nowy program odrzucający walkę klas i marksizm.
['O', 'wielkości', 'talentu', 'świadczyć', 'może', 'udział', 'malarki', 'w', 'wielu', 'światowych', 'wystawach', '(', 'Moskwa', ',', 'Odessa', ',', 'Petersburg', ',', 'Paryż', ')', ',', 'gdzie', 'jej', 'prace', 'wystawiane', 'były', 'wraz', 'z', 'najznamienitszymi', 'malarzami', 'europejskimi', '.']	[0, 0, 0, 0, 0, 0, 0, 0, 0, 0, 0, 0, 5, 0, 5, 0, 5, 0, 5, 0, 0, 0, 0, 0, 0, 0, 0, 0, 0, 0, 0, 0]	pl	O wielkości talentu świadczyć może udział malarki w wielu światowych wystawach (Moskwa, Odessa, Petersburg, Paryż), gdzie jej prace wystawiane były wraz z najznamienitszymi malarzami europejskimi.
"['Według', 'danych', 'na', 'rok', '1990', 'gminę', 'zamieszkiwało', '305', 'osób', ',', 'a', 'gęstość', 'zaludnienia', 'wynosiła', '50', '""', 'osób', '/', 'km', '²', '(', 'wśród', '1786', 'gmin', 'Franche-Comté', 'Bussières', 'plasuje', 'się', 'na', '450', '.']"	[0, 0, 0, 0, 0, 0, 0, 0, 0, 0, 0, 0, 0, 0, 0, 0, 0, 0, 0, 0, 0, 0, 0, 0, 5, 0, 0, 0, 0, 0, 0]	pl	"Według danych na rok 1990 gminę zamieszkiwało 305 osób, a gęstość zaludnienia wynosiła 50 ""osób / km ² (wśród 1786 gmin Franche-Comté Bussières plasuje się na 450."
['Ale', 'to', 'nie', 'było', 'w', 'stanie', 'nas', 'zatrzymać', '”', '–', 'relacjonował', 'w', 'jednym', 'z', 'późniejszych', 'wywiadów', 'gitarzysta', 'Jerry', 'Cantrell', '.']	[0, 0, 0, 0, 0, 0, 0, 0, 0, 0, 0, 0, 0, 0, 0, 0, 0, 1, 2, 0]	pl	Ale to nie było w stanie nas zatrzymać ” – relacjonował w jednym z późniejszych wywiadów gitarzysta Jerry Cantrell.
['Zdjęcia', 'zostały', 'opublikowane', 'staraniem', 'Muzeum', 'Warszawy', 'w', 'albumie', '„', 'Fotografie', 'ruin', '.']	[0, 0, 0, 0, 5, 6, 0, 0, 0, 0, 0, 0]	pl	Zdjęcia zostały opublikowane staraniem Muzeum Warszawy w albumie „Fotografie ruin.
"['""', 'Sens-sur-Seille', '""', '–', 'miejscowość', 'i', 'gmina', 'we', 'Francji', ',', 'w', 'regionie', 'Burgundia-Franche-Comté', ',', 'w', 'departamencie', 'Saona', 'i', 'Loara', '.']"	[0, 0, 0, 0, 0, 0, 0, 0, 5, 0, 0, 0, 5, 0, 0, 0, 5, 6, 6, 0]	pl	"""Sens-sur-Seille"" – miejscowość i gmina we Francji, w regionie Burgundia-Franche-Comté, w departamencie Saona i Loara."
['23', 'grudnia', '1971', 'w', 'Toronto', ',', 'zm', '.']	[0, 0, 0, 0, 5, 0, 0, 0]	pl	23 grudnia 1971 w Toronto, zm.
['Dopiero', '1', 'sierpnia', 'NATO', 'zagroziło', 'nalotami', ',', 'jeśli', 'zaatakowane', 'zostaną', 'kolejne', 'enklawy', '.']	[0, 0, 0, 3, 0, 0, 0, 0, 0, 0, 0, 0, 0]	pl	Dopiero 1 sierpnia NATO zagroziło nalotami, jeśli zaatakowane zostaną kolejne enklawy.
['Od', '19', 'grudnia', '2015', 'na', 'stacji', 'zatrzymują', 'się', 'pociągi', 'TLK', 'relacji', 'Zagórz', '-', 'Warszawa', 'Zachodnia', 'oraz', 'Zagórz', '-', 'Gdynia', 'Główna', '.']	[0, 0, 0, 0, 0, 0, 0, 0, 0, 0, 0, 5, 0, 5, 6, 0, 5, 0, 5, 6, 0]	pl	Od 19 grudnia 2015 na stacji zatrzymują się pociągi TLK relacji Zagórz - Warszawa Zachodnia oraz Zagórz - Gdynia Główna.
['Parowóz', 'posiadał', 'kocioł', 'na', 'parę', 'nasyconą', 'i', 'silnik', 'bliźniaczy', 'i', 'był', 'podobną', 'konstrukcją', 'do', 'stosowanego', 'równolegle', 'OKi2', '.']	[0, 0, 0, 0, 0, 0, 0, 0, 0, 0, 0, 0, 0, 0, 0, 0, 7, 0]	pl	Parowóz posiadał kocioł na parę nasyconą i silnik bliźniaczy i był podobną konstrukcją do stosowanego równolegle OKi2.
['Występuje', 'na', 'północy', 'USA', 'i', 'na', 'południu', 'Ontario', '.']	[0, 0, 0, 5, 0, 0, 0, 5, 0]	pl	Występuje na północy USA i na południu Ontario.
['Na', 'początku', '1929', 'Polskie', 'Radio', 'zdecydowało', 'się', 'na', 'budowę', 'nadajnika', 'wielkiej', 'mocy', '.']	[0, 0, 0, 3, 4, 0, 0, 0, 0, 0, 0, 0, 0]	pl	Na początku 1929 Polskie Radio zdecydowało się na budowę nadajnika wielkiej mocy.
"['Był', 'także', 'gospodarzem', 'programu', '""', 'High', 'Stakes', 'Poker', '""', '.']"	[0, 0, 0, 0, 0, 7, 8, 8, 0, 0]	pl	"Był także gospodarzem programu ""High Stakes Poker""."
"['W', '1976', 'zadebiutował', 'przed', 'kamerami', 'rolą', 'milicjanta', 'w', 'pierwszym', 'odcinku', 'serialu', '""', '07', 'zgłoś', 'się', '""', '.']"	[0, 0, 0, 0, 0, 0, 0, 0, 0, 0, 0, 0, 7, 8, 8, 0, 0]	pl	"W 1976 zadebiutował przed kamerami rolą milicjanta w pierwszym odcinku serialu ""07 zgłoś się""."
['Została', 'nadana', 'w', 'celu', 'upamiętnienia', 'współczucia', 'okazywanego', 'przez', 'ludzi', 'na', 'całym', 'świecie', 'przyjaciołom', 'i', 'rodzinom', 'ofiar', 'ataków', 'terrorystycznych', 'na', 'Nowy', 'Jork', '11', 'września', '2001', 'roku', '.']	[0, 0, 0, 0, 0, 0, 0, 0, 0, 0, 0, 0, 0, 0, 0, 0, 0, 0, 0, 5, 6, 0, 0, 0, 0, 0]	pl	Została nadana w celu upamiętnienia współczucia okazywanego przez ludzi na całym świecie przyjaciołom i rodzinom ofiar ataków terrorystycznych na Nowy Jork 11 września 2001 roku.
['Rodzina', 'cesarska', 'datuje', 'swoje', 'początki', 'na', '660', 'rok', 'p.n.e.', ',', 'gdy', 'na', 'tronie', 'zasiadł', 'cesarz', 'Jimmu', '.']	[0, 0, 0, 0, 0, 0, 0, 0, 0, 0, 0, 0, 0, 0, 0, 1, 0]	pl	Rodzina cesarska datuje swoje początki na 660 rok p.n.e., gdy na tronie zasiadł cesarz Jimmu.
['Znajduje', 'się', 'tu', 'również', 'wodospad', 'Vettisfossen', 'o', 'wysokości', '275', 'm', '.']	[0, 0, 0, 0, 5, 5, 0, 0, 0, 0, 0]	pl	Znajduje się tu również wodospad Vettisfossen o wysokości 275 m.
['31', 'października', '1963', 'w', 'San', 'Francisco', ')', '–', 'amerykański', 'aktor', ',', 'scenarzysta', 'i', 'producent', 'filmowy', '.']	[0, 0, 0, 0, 5, 6, 0, 0, 0, 0, 0, 0, 0, 0, 0, 0]	pl	31 października 1963 w San Francisco) – amerykański aktor, scenarzysta i producent filmowy.
['W', 'marcu', '1941', 'przeniesiono', 'go', 'do', 'RSHA', ',', 'a', 'następnie', 'wysłano', 'do', 'Japonii', 'jako', 'attaché', 'policyjnego', 'w', 'Tokio', '.']	[0, 0, 0, 0, 0, 0, 3, 0, 0, 0, 0, 0, 5, 0, 0, 0, 0, 5, 0]	pl	W marcu 1941 przeniesiono go do RSHA, a następnie wysłano do Japonii jako attaché policyjnego w Tokio.
['Nazwę', 'temu', 'pierwiastkowi', 'w', '1810', 'roku', 'nadał', 'Humphry', 'Davy', ',', 'który', 'stwierdził', ',', 'że', 'substancja', 'otrzymana', 'przez', 'Sheelego', 'jest', 'pierwiastkiem', '.']	[0, 0, 0, 0, 0, 0, 0, 1, 2, 0, 0, 0, 0, 0, 0, 0, 0, 0, 0, 0, 0]	pl	Nazwę temu pierwiastkowi w 1810 roku nadał Humphry Davy, który stwierdził, że substancja otrzymana przez Sheelego jest pierwiastkiem.
"['Arystofanes', 'miał', 'raz', 'wykrzyknąć', ':', '""', 'Menandrze', '!']"	[1, 0, 0, 0, 0, 0, 0, 0]	pl	"Arystofanes miał raz wykrzyknąć: ""Menandrze!"
['John', 'Huston', ')', '.']	[1, 2, 0, 0]	pl	John Huston).
['Na', 'początku', '1918', 'roku', 'grupa', 'przeniosła', 'się', 'do', 'Los', 'Angeles', ',', 'podobnie', 'jak', 'większość', 'liczących', 'się', 'wytwórni', 'i', 'studiów', '.']	[0, 0, 0, 0, 0, 0, 0, 0, 5, 6, 0, 0, 0, 0, 0, 0, 0, 0, 0, 0]	pl	Na początku 1918 roku grupa przeniosła się do Los Angeles, podobnie jak większość liczących się wytwórni i studiów.
['Następnie', 'związał', 'się', 'z', 'blackmetalową', 'grupą', 'Emperor', '.']	[0, 0, 0, 0, 0, 0, 3, 0]	pl	Następnie związał się z blackmetalową grupą Emperor.
['Przepraw', 'przez', 'San', 'broniły', 'chorągwie', 'Lubomirskiego', ',', 'które', 'rozpędziła', 'szwedzka', 'straż', 'przednia', ',', 'która', 'następnie', 'zajęła', 'miasto', '.']	[0, 0, 5, 0, 0, 1, 0, 0, 0, 0, 0, 0, 0, 0, 0, 0, 0, 0]	pl	Przepraw przez San broniły chorągwie Lubomirskiego, które rozpędziła szwedzka straż przednia, która następnie zajęła miasto.
['W', 'tym', 'okresie', 'nagrał', 'jako', 'leader', 'dwa', 'albumy', 'dla', 'Columbia', 'Records', ';', 'wśród', 'muzyków', 'grających', 'jako', 'sidemani', 'byli', ':', 'Herbie', 'Hancock', ',', 'Ron', 'Carter', 'i', 'Tony', 'Williams', '.']	[0, 0, 0, 0, 0, 0, 0, 0, 0, 3, 4, 0, 0, 0, 0, 0, 0, 0, 0, 1, 2, 0, 1, 2, 0, 1, 2, 0]	pl	W tym okresie nagrał jako leader dwa albumy dla Columbia Records; wśród muzyków grających jako sidemani byli: Herbie Hancock, Ron Carter i Tony Williams.
['Tradycyjnie', 'za', 'drugą', 'ważną', 'postać', 'neokonfucjanizmu', 'uważany', 'jest', 'Zhang', 'Zai', '(', '1020', '-', '1077', ')', '.']	[0, 0, 0, 0, 0, 0, 0, 0, 1, 2, 0, 0, 0, 0, 0, 0]	pl	Tradycyjnie za drugą ważną postać neokonfucjanizmu uważany jest Zhang Zai (1020 - 1077).
['W', 'czerwcu', '2011', 'dołączył', 'do', 'kazachskiego', 'FK', 'Atyrau', '.']	[0, 0, 0, 0, 0, 0, 3, 4, 0]	pl	W czerwcu 2011 dołączył do kazachskiego FK Atyrau.
['Są', 'to', 'trzecie', 'w', 'historii', 'zamieszki', 'o', 'takiej', 'skali', 'w', 'Belize', '.']	[0, 0, 0, 0, 0, 0, 0, 0, 0, 0, 5, 0]	pl	Są to trzecie w historii zamieszki o takiej skali w Belize.
['Christijan', 'Albers', 'był', '18', '.']	[1, 2, 0, 0, 0]	pl	Christijan Albers był 18.
['W', 'kierunku', 'południowym', 'wychodzi', 'droga', 'nr', '4622', ',', 'którą', 'można', 'dojechać', 'do', 'miasta', 'Or', 'Jehuda', '.']	[0, 0, 0, 0, 0, 0, 0, 0, 0, 0, 0, 0, 0, 5, 6, 0]	pl	W kierunku południowym wychodzi droga nr 4622, którą można dojechać do miasta Or Jehuda.
"['""', 'Coudekerque-Branche', '""', '–', 'miejscowość', 'i', 'gmina', 'we', 'Francji', ',', 'w', 'regionie', 'Hauts-de-France', ',', 'w', 'departamencie', 'Nord', '.']"	[0, 0, 0, 0, 0, 0, 0, 0, 5, 0, 0, 0, 5, 0, 0, 0, 5, 0]	pl	"""Coudekerque-Branche"" – miejscowość i gmina we Francji, w regionie Hauts-de-France, w departamencie Nord."
['Sekretarzem', 'tego', 'komitetu', 'przez', 'rok', 'był', 'Józef', 'Grajnert', ',', 'a', 'po', 'nim', 'Cezary', 'Biernacki', '.']	[0, 0, 0, 0, 0, 0, 1, 2, 0, 0, 0, 0, 1, 2, 0]	pl	Sekretarzem tego komitetu przez rok był Józef Grajnert, a po nim Cezary Biernacki.
['Autor', 'przyjął', 'pseudonim', 'Lewis', 'Carroll', '.']	[0, 0, 0, 1, 2, 0]	pl	Autor przyjął pseudonim Lewis Carroll.
['Podczas', 'przeglądu', 'zespołów', 'w', 'opolskim', 'domu', 'kultury', 'jej', 'talent', 'dostrzegła', 'Elżbieta', 'Zapendowska', ',', 'która', 'prowadziła', 'tam', 'zajęcia', 'wokalistyki', 'i', 'zaproponowała', 'piosenkarce', 'lekcje', 'wokalne', '.']	[0, 0, 0, 0, 0, 0, 0, 0, 0, 0, 1, 2, 0, 0, 0, 0, 0, 0, 0, 0, 0, 0, 0, 0]	pl	Podczas przeglądu zespołów w opolskim domu kultury jej talent dostrzegła Elżbieta Zapendowska, która prowadziła tam zajęcia wokalistyki i zaproponowała piosenkarce lekcje wokalne.
['Terri', 'wysyła', 'zgłoszenie', 'na', 'letni', 'kurs', 'do', 'szkoły', 'muzycznej', 'w', 'Los', 'Angeles', '.']	[0, 0, 0, 0, 0, 0, 0, 0, 0, 0, 5, 6, 0]	pl	Terri wysyła zgłoszenie na letni kurs do szkoły muzycznej w Los Angeles.
"['1', '""', ',', '""', 'Mujhse', 'Shaadi', 'Karogi', '""', ',', 'i', '""', 'Maine', 'Pyaar', 'Kyun', 'Kiya', '?', '""', '.']"	[0, 0, 0, 0, 7, 8, 8, 0, 0, 0, 0, 7, 8, 8, 8, 8, 0, 0]	pl	"1 "","" Mujhse Shaadi Karogi "", i"" Maine Pyaar Kyun Kiya? ""."
['W', 'grudniu', '1938', 'roku', 'jednostka', 'została', 'przezbrojona', 'w', 'samoloty', 'Bristol', 'Blenheim', 'i', 'ulokowano', 'w', 'Church', 'Fenton', 'w', 'North', 'Yorkshire', '.']	[0, 0, 0, 0, 0, 0, 0, 0, 0, 7, 8, 0, 0, 0, 5, 6, 0, 5, 6, 0]	pl	W grudniu 1938 roku jednostka została przezbrojona w samoloty Bristol Blenheim i ulokowano w Church Fenton w North Yorkshire.
['U', 'wschodnich', 'wybrzeży', 'półwyspu', 'na', 'północ', 'od', 'Nawazibu', 'znajduje', 'się', 'też', 'największe', 'na', 'świecie', 'cmentarzysko', 'statków', '.']	[0, 0, 0, 0, 0, 0, 0, 5, 0, 0, 0, 0, 0, 0, 0, 0, 0]	pl	U wschodnich wybrzeży półwyspu na północ od Nawazibu znajduje się też największe na świecie cmentarzysko statków.
"['""', 'Mouffy', '""', '–', 'miejscowość', 'i', 'gmina', 'we', 'Francji', ',', 'w', 'regionie', 'Burgundia-Franche-Comté', ',', 'w', 'departamencie', 'Yonne', '.']"	[0, 0, 0, 0, 0, 0, 0, 0, 5, 0, 0, 0, 5, 0, 0, 0, 5, 0]	pl	"""Mouffy"" – miejscowość i gmina we Francji, w regionie Burgundia-Franche-Comté, w departamencie Yonne."
['W', 'przeszłości', 'jedynym', 'krajem', ',', 'na', 'obszarze', 'którego', 'traszka', 'karpacka', 'podlegała', 'ochronie', 'prawnej', ',', 'była', 'Polska', '(', 'prawodawstwo', 'krajowe', 'gwarantowało', 'i', 'gwarantuje', 'ochronę', 'całkowitą', 'tego', 'gatunku', ')', '.']	[0, 0, 0, 0, 0, 0, 0, 0, 0, 0, 0, 0, 0, 0, 0, 5, 0, 0, 0, 0, 0, 0, 0, 0, 0, 0, 0, 0]	pl	W przeszłości jedynym krajem, na obszarze którego traszka karpacka podlegała ochronie prawnej, była Polska (prawodawstwo krajowe gwarantowało i gwarantuje ochronę całkowitą tego gatunku).
"['""', 'Saint-Étienne-sur-Chalaronne', '""', '–', 'miejscowość', 'i', 'gmina', 'we', 'Francji', ',', 'w', 'regionie', 'Owernia-Rodan-Alpy', ',', 'w', 'departamencie', 'Ain', '.']"	[0, 0, 0, 0, 0, 0, 0, 0, 5, 0, 0, 0, 5, 0, 0, 0, 5, 0]	pl	"""Saint-Étienne-sur-Chalaronne"" – miejscowość i gmina we Francji, w regionie Owernia-Rodan-Alpy, w departamencie Ain."
['W', '1996', 'wyjechał', 'za', 'ocean', ',', 'gdzie', 'podpisał', 'kontrakt', 'z', 'portugalskim', 'União', 'Leiria', '.']	[0, 0, 0, 0, 0, 0, 0, 0, 0, 0, 0, 3, 4, 0]	pl	W 1996 wyjechał za ocean, gdzie podpisał kontrakt z portugalskim União Leiria.
['we', 'wsi', 'Głuchy', ',', 'w', 'którym', 'urodził', 'się', 'Cyprian', 'Kamil', 'Norwid', ',', 'drewniany', 'dom', 'z', 'poł', '.']	[0, 0, 0, 0, 0, 0, 0, 0, 1, 2, 2, 0, 0, 0, 0, 0, 0]	pl	we wsi Głuchy, w którym urodził się Cyprian Kamil Norwid, drewniany dom z poł.
['W', 'ramach', 'aktualizacji', 'dodano', 'również', 'wbudowaną', 'przeglądarkę', 'publikacji', 'DjVu', '.']	[0, 0, 0, 0, 0, 0, 0, 0, 7, 0]	pl	W ramach aktualizacji dodano również wbudowaną przeglądarkę publikacji DjVu.
['W', 'najbardziej', 'wysuniętym', 'na', 'wschód', 'miejscu', 'tego', 'łuku', 'przecina', 'miasto', 'Rożniawa', '.']	[0, 0, 0, 0, 0, 0, 0, 0, 0, 0, 5, 0]	pl	W najbardziej wysuniętym na wschód miejscu tego łuku przecina miasto Rożniawa.
['Od', '2017', 'jest', 'zawodnikiem', 'klubu', 'Lyngby', 'BK', '.']	[0, 0, 0, 0, 0, 3, 4, 0]	pl	Od 2017 jest zawodnikiem klubu Lyngby BK.
['Kompania', 'Zatoki', 'Hudsona', 'rozpoczęła', 'ograniczenie', 'działalności', ',', 'wycofując', 'się', 'z', 'terytoriów', ',', 'porzucając', 'te', 'wysunięte', 'najdalej', 'na', 'północ', 'i', 'zachód', '.']	[3, 4, 4, 0, 0, 0, 0, 0, 0, 0, 0, 0, 0, 0, 0, 0, 0, 0, 0, 0, 0]	pl	Kompania Zatoki Hudsona rozpoczęła ograniczenie działalności, wycofując się z terytoriów, porzucając te wysunięte najdalej na północ i zachód.
['Bazuje', 'na', 'samochodzie', 'Porsche', 'Cayman', '.']	[0, 0, 0, 7, 8, 0]	pl	Bazuje na samochodzie Porsche Cayman.
['Rodzina', 'osiedliła', 'się', 'w', 'miejscowości', 'Leforest', '.']	[0, 0, 0, 0, 0, 5, 0]	pl	Rodzina osiedliła się w miejscowości Leforest.
['Ofertę', 'organizacji', 'zgłosił', 'również', 'Amsterdam', 'oraz', 'pięć', 'miast', 'amerykańskich', '.']	[0, 0, 0, 0, 5, 0, 0, 0, 0, 0]	pl	Ofertę organizacji zgłosił również Amsterdam oraz pięć miast amerykańskich.
['Występujące', 'na', 'rynku', 'karty', 'z', 'logo', 'Nokia', 'są', 'na', 'zlecenie', 'fińskiej', 'korporacji', 'produkowane', 'przez', 'podwykonawców', 'w', 'Chinach', 'albo', 'na', 'Tajwanie', '.']	[0, 0, 0, 0, 0, 0, 3, 0, 0, 0, 0, 0, 0, 0, 0, 0, 5, 0, 0, 5, 0]	pl	Występujące na rynku karty z logo Nokia są na zlecenie fińskiej korporacji produkowane przez podwykonawców w Chinach albo na Tajwanie.
['Urban', 'IV', 'miał', 'zalecić', 'złożenie', 'korporału', ',', 'jako', 'relikwii', ',', 'w', 'nowym', 'kościele', 'w', 'pobliskim', 'Orvieto', '.']	[1, 2, 0, 0, 0, 0, 0, 0, 0, 0, 0, 0, 0, 0, 0, 5, 0]	pl	Urban IV miał zalecić złożenie korporału, jako relikwii, w nowym kościele w pobliskim Orvieto.
['Niemiecki', 'pisarz', 'Paul', 'Heyse', 'określił', 'ów', 'motyw', 'mianem', '„', 'sokoła', '”', '.']	[0, 0, 1, 2, 0, 0, 0, 0, 0, 0, 0, 0]	pl	Niemiecki pisarz Paul Heyse określił ów motyw mianem „sokoła ”.
['Zmarł', 'w', '1876', 'w', 'Santiago', '.']	[0, 0, 0, 0, 5, 0]	pl	Zmarł w 1876 w Santiago.
['Stolicą', 'autonomii', 'jest', 'Komrat', '.']	[0, 0, 0, 5, 0]	pl	Stolicą autonomii jest Komrat.
['Wschodni', 'Ocean', 'Atlantycki', '.']	[0, 5, 6, 0]	pl	Wschodni Ocean Atlantycki.
['Liu', 'Bei', 'zachorował', 'i', 'umarł', 'w', 'Baidicheng', 'wkrótce', 'po', 'klęsce', '.']	[1, 2, 0, 0, 0, 0, 5, 0, 0, 0, 0]	pl	Liu Bei zachorował i umarł w Baidicheng wkrótce po klęsce.
['Drugim', 'znanym', 'targiem', 'w', 'Toronto', 'jest', 'Kensington', 'Market', 'obok', 'Chinatown', '.']	[0, 0, 0, 0, 5, 0, 5, 6, 0, 5, 0]	pl	Drugim znanym targiem w Toronto jest Kensington Market obok Chinatown.
['W', 'późniejszych', 'latach', 'obserwacje', 'CME', 'prowadzone', 'były', 'między', 'innymi', 'przez', 'instrumenty', 'umieszczone', 'na', 'pokładzie', 'stacji', 'kosmicznej', 'Skylab', ',', 'obserwatorium', 'kosmiczne', 'Solar', 'Maximum', 'Mission', ',', 'satelitę', 'P78', '-', '1', 'oraz', 'obecnie', 'przez', 'zespół', 'koronografów', '(', 'instrument', 'LASCO', ')', 'umieszczonych', 'na', 'satelicie', 'SOHO', '.']	[0, 0, 0, 0, 0, 0, 0, 0, 0, 0, 0, 0, 0, 0, 0, 0, 7, 0, 0, 0, 7, 8, 8, 0, 0, 0, 0, 0, 0, 0, 0, 0, 0, 0, 0, 0, 0, 0, 0, 0, 7, 0]	pl	W późniejszych latach obserwacje CME prowadzone były między innymi przez instrumenty umieszczone na pokładzie stacji kosmicznej Skylab, obserwatorium kosmiczne Solar Maximum Mission, satelitę P78 - 1 oraz obecnie przez zespół koronografów (instrument LASCO) umieszczonych na satelicie SOHO.
['Powodem', 'zamachu', 'był', 'sprzeciw', 'wobec', 'porozumienia', 'wielkopiątkowego', ',', 'a', 'celem', 'był', 'sąd', 'w', 'Omagh', '.']	[0, 0, 0, 0, 0, 0, 0, 0, 0, 0, 0, 0, 0, 5, 0]	pl	Powodem zamachu był sprzeciw wobec porozumienia wielkopiątkowego, a celem był sąd w Omagh.
['W', '1656', ',', 'Ludwik', 'XIV', 'stworzył', 'publiczny', 'system', 'opieki', 'nad', 'osobami', 'dotkniętymi', 'zaburzeniami', 'psychicznymi', ',', 'jednak', 'miał', 'on', 'jedynie', 'na', 'celu', 'zapewnienie', 'cierpiącym', 'dachu', 'nad', 'głową', 'i', 'odseparowanie', 'ich', 'od', 'społeczeństwa', ',', 'nie', 'oferując', 'żadnego', 'leczenia', '.']	[0, 0, 0, 1, 2, 0, 0, 0, 0, 0, 0, 0, 0, 0, 0, 0, 0, 0, 0, 0, 0, 0, 0, 0, 0, 0, 0, 0, 0, 0, 0, 0, 0, 0, 0, 0, 0]	pl	W 1656, Ludwik XIV stworzył publiczny system opieki nad osobami dotkniętymi zaburzeniami psychicznymi, jednak miał on jedynie na celu zapewnienie cierpiącym dachu nad głową i odseparowanie ich od społeczeństwa, nie oferując żadnego leczenia.
['Wszelkie', 'przejawy', 'niemieckiej', 'kultury', 'starał', 'się', 'podporządkować', 'ideologii', 'nazistowskiej', ',', 'czemu', 'służyła', 'utworzona', 'przez', 'niego', 'w', '1933', 'roku', 'Izba', 'Kultury', 'Rzeszy', '.']	[0, 0, 0, 0, 0, 0, 0, 0, 0, 0, 0, 0, 0, 0, 0, 0, 0, 0, 3, 4, 4, 0]	pl	Wszelkie przejawy niemieckiej kultury starał się podporządkować ideologii nazistowskiej, czemu służyła utworzona przez niego w 1933 roku Izba Kultury Rzeszy.
['18', 'lipca', '2017', 'w', 'ramach', 'wymiany', 'przeszedł', 'do', 'New', 'York', 'Yankees', '.']	[0, 0, 0, 0, 0, 0, 0, 0, 3, 4, 4, 0]	pl	18 lipca 2017 w ramach wymiany przeszedł do New York Yankees.
['ppłk', 'Erwin', 'Lahousen', ',', 'następnie', 'płk', 'Wessel', 'Freytag', 'von', 'Loringhoven', '.']	[0, 1, 2, 0, 0, 0, 1, 2, 2, 2, 0]	pl	ppłk Erwin Lahousen, następnie płk Wessel Freytag von Loringhoven.
['Obecnie', 'występuje', 'w', 'baskijskim', 'zespole', 'Athletic', 'Bilbao', ',', 'z', 'którym', 'związany', 'jest', 'od', '1999', 'roku', '(', 'w', 'pierwszym', 'zespole', 'od', '2001', 'roku', ')', '.']	[0, 0, 0, 0, 0, 3, 4, 0, 0, 0, 0, 0, 0, 0, 0, 0, 0, 0, 0, 0, 0, 0, 0, 0]	pl	Obecnie występuje w baskijskim zespole Athletic Bilbao, z którym związany jest od 1999 roku (w pierwszym zespole od 2001 roku).
['18', 'lutego', '1983', 'w', 'Nottingham', ')', '–', 'angielski', 'piłkarz', 'występujący', 'na', 'pozycji', 'pomocnika', '.']	[0, 0, 0, 0, 5, 0, 0, 0, 0, 0, 0, 0, 0, 0]	pl	18 lutego 1983 w Nottingham) – angielski piłkarz występujący na pozycji pomocnika.
['W', '2009', ',', 'pojawiła', 'się', 'na', 'składance', 'CD', 'pt.', '„', 'Classics', '”', 'z', 'takimi', 'muzykami', 'jak', 'The', 'Rolling', 'Stones', 'i', 'The', 'Killers', ',', 'ale', 'również', 'muzykami', 'pochodzącymi', 'z', 'Kuby', ',', 'którą', 'wydano', 'celem', 'zwrócenia', 'uwagi', 'na', 'problem', 'ocieplenia', 'klimatu', '.']	[0, 0, 0, 0, 0, 0, 0, 0, 0, 0, 0, 0, 0, 0, 0, 0, 3, 4, 4, 0, 3, 4, 0, 0, 0, 0, 0, 0, 5, 0, 0, 0, 0, 0, 0, 0, 0, 0, 0, 0]	pl	W 2009, pojawiła się na składance CD pt. „Classics ” z takimi muzykami jak The Rolling Stones i The Killers, ale również muzykami pochodzącymi z Kuby, którą wydano celem zwrócenia uwagi na problem ocieplenia klimatu.
"['""', 'Elbląg', '""', '–', 'gmina', 'wiejska', 'w', 'województwie', 'warmińsko-mazurskim', ',', 'w', 'powiecie', 'elbląskim', '.']"	[0, 5, 0, 0, 0, 0, 0, 0, 0, 0, 0, 0, 0, 0]	pl	"""Elbląg"" – gmina wiejska w województwie warmińsko-mazurskim, w powiecie elbląskim."
['Praktykował', 'prawo', 'w', 'Toronto', '.']	[0, 0, 0, 5, 0]	pl	Praktykował prawo w Toronto.
['22', 'lutego', '2014', 'podpisał', '10-dniowy', 'kontrakt', 'z', 'Atlanta', 'Hawks', ',', 'jednak', 'został', 'przez', 'nich', 'zwolniony', 'pięć', 'dni', 'później', ',', '27', 'lutego', '.']	[0, 0, 0, 0, 0, 0, 0, 3, 4, 0, 0, 0, 0, 0, 0, 0, 0, 0, 0, 0, 0, 0]	pl	22 lutego 2014 podpisał 10-dniowy kontrakt z Atlanta Hawks, jednak został przez nich zwolniony pięć dni później, 27 lutego.
"['""', 'Condom', '""', '–', 'miejscowość', 'i', 'gmina', 'we', 'Francji', ',', 'w', 'regionie', 'Oksytania', ',', 'w', 'departamencie', 'Gers', '.']"	[0, 0, 0, 0, 0, 0, 0, 0, 5, 0, 0, 0, 5, 0, 0, 0, 5, 0]	pl	"""Condom"" – miejscowość i gmina we Francji, w regionie Oksytania, w departamencie Gers."
['Wii', 'Remote', 'i', 'wewnętrzny', 'głośnik', '.']	[7, 8, 0, 0, 0, 0]	pl	Wii Remote i wewnętrzny głośnik.
['Anhui', ',', 'zm', '.']	[5, 0, 0, 0]	pl	Anhui, zm.
['Nie', 'kontynuował', 'jednak', 'kariery', 'akademickiej', 'rozpoczynając', 'pracę', 'jako', 'makler', 'giełdowy', 'w', 'sektorze', 'finansowym', 'w', 'Chicago', '.']	[0, 0, 0, 0, 0, 0, 0, 0, 0, 0, 0, 0, 0, 0, 5, 0]	pl	Nie kontynuował jednak kariery akademickiej rozpoczynając pracę jako makler giełdowy w sektorze finansowym w Chicago.
['Jednak', '4', 'minuty', 'później', 'wyrównał', 'Coutinho', ',', 'a', 'w', '82', 'minucie', 'decydującą', 'bramkę', 'zdobył', 'Pelé', '.']	[0, 0, 0, 0, 0, 1, 0, 0, 0, 0, 0, 0, 0, 0, 1, 0]	pl	Jednak 4 minuty później wyrównał Coutinho, a w 82 minucie decydującą bramkę zdobył Pelé.
['Wydany', 'został', '2', 'września', '2014', 'roku', 'przez', 'wytwórnię', 'płytową', 'Interscope', 'Records', '.']	[0, 0, 0, 0, 0, 0, 0, 0, 0, 3, 4, 0]	pl	Wydany został 2 września 2014 roku przez wytwórnię płytową Interscope Records.
"['""', 'Saint-Christoly-de-Blaye', '""', '–', 'miejscowość', 'i', 'gmina', 'we', 'Francji', ',', 'w', 'regionie', 'Nowa', 'Akwitania', ',', 'w', 'departamencie', 'Żyronda', '.']"	[0, 0, 0, 0, 0, 0, 0, 0, 5, 0, 0, 0, 5, 6, 0, 0, 0, 5, 0]	pl	"""Saint-Christoly-de-Blaye"" – miejscowość i gmina we Francji, w regionie Nowa Akwitania, w departamencie Żyronda."
['Stało', 'się', 'to', 'powodem', 'wielu', 'nadużyć', '(', 'np.', 'wojewoda', 'krakowski', 'Piotr', 'Kmita', 'Sobieński', 'brał', 'od', 'Żydów', 'krakowskich', 'podarki', 'w', 'srebrze', ',', 'złocie', 'i', 'innych', 'kosztownościach', ',', 'otrzymując', 'jednocześnie', 'jurgielt', 'od', 'ich', 'konkurentów', 'kupców', 'i', 'rzemieślników', 'krakowskich', ')', '.']	[0, 0, 0, 0, 0, 0, 0, 0, 0, 0, 1, 2, 2, 0, 0, 0, 0, 0, 0, 0, 0, 0, 0, 0, 0, 0, 0, 0, 0, 0, 0, 0, 0, 0, 0, 0, 0, 0]	pl	Stało się to powodem wielu nadużyć (np. wojewoda krakowski Piotr Kmita Sobieński brał od Żydów krakowskich podarki w srebrze, złocie i innych kosztownościach, otrzymując jednocześnie jurgielt od ich konkurentów kupców i rzemieślników krakowskich).
['Jego', 'następca', ',', 'Honoriusz', 'III', ',', 'w', '1216', 'oficjalnie', 'zatwierdził', 'nowy', 'zakon', 'dominikanów', ',', 'którego', 'głównym', 'zadaniem', 'była', 'walka', 'z', 'herezjami', '.']	[0, 0, 0, 1, 2, 0, 0, 0, 0, 0, 0, 0, 0, 0, 0, 0, 0, 0, 0, 0, 0, 0]	pl	Jego następca, Honoriusz III, w 1216 oficjalnie zatwierdził nowy zakon dominikanów, którego głównym zadaniem była walka z herezjami.
['Na', 'jego', 'podstawie', 'zbudowano', 'samoloty', 'Boeing', '707', 'oraz', 'Boeing', 'C-135', 'Stratolifter', '.']	[0, 0, 0, 0, 0, 7, 8, 0, 7, 8, 8, 0]	pl	Na jego podstawie zbudowano samoloty Boeing 707 oraz Boeing C-135 Stratolifter.
['6', 'kwietnia', '1984', 'w', 'Salamance', ')', '–', 'hiszpański', 'piłkarz', 'występujący', 'na', 'pozycji', 'obrońcy', 'w', 'Cádiz', 'CF', '.']	[0, 0, 0, 0, 5, 0, 0, 0, 0, 0, 0, 0, 0, 0, 3, 4, 0]	pl	6 kwietnia 1984 w Salamance) – hiszpański piłkarz występujący na pozycji obrońcy w Cádiz CF.
"['Do', 'gry', 'został', 'wydany', 'dodatek', '""', 'Dungeon', 'Siege', ':', 'Legends', 'of', 'Aranna', '""', '.']"	[0, 0, 0, 0, 0, 0, 7, 8, 8, 8, 8, 8, 0, 0]	pl	"Do gry został wydany dodatek ""Dungeon Siege: Legends of Aranna""."
['Pozostałe', 'większe', 'miejscowości', 'w', 'obrębie', 'regionu', 'to', 'Aleksandrów', ',', 'Jarocin', ',', 'Sól', ',', 'Harasiuki', 'i', 'Dąbrowica', '.']	[0, 0, 0, 0, 0, 0, 0, 5, 0, 5, 0, 5, 0, 5, 0, 5, 0]	pl	Pozostałe większe miejscowości w obrębie regionu to Aleksandrów, Jarocin, Sól, Harasiuki i Dąbrowica.
['Przez', 'jezioro', 'przepływa', 'Czarna', 'Hańcza', '.']	[0, 0, 0, 5, 6, 0]	pl	Przez jezioro przepływa Czarna Hańcza.
['Od', '1995', 'roku', 'gra', 'na', 'obecnym', 'obiekcie', ',', 'Riverside', 'Stadium', '.']	[0, 0, 0, 0, 0, 0, 0, 0, 5, 6, 0]	pl	Od 1995 roku gra na obecnym obiekcie, Riverside Stadium.
"['W', '1857', 'Gustav', 'Hartlaub', 'wydzielił', 'remiziaka', 'do', 'odrębnego', 'rodzaju', '""', 'Pholidornis', '""', ';', 'Międzynarodowy', 'Komitet', 'Ornitologiczny', '(', '2017', ')', 'podtrzymuje', 'nazwę', '""', 'Pholidornis', 'rushiae', '""', '.']"	[0, 0, 1, 2, 0, 0, 0, 0, 0, 0, 0, 0, 0, 3, 4, 4, 0, 0, 0, 0, 0, 0, 0, 0, 0, 0]	pl	"W 1857 Gustav Hartlaub wydzielił remiziaka do odrębnego rodzaju ""Pholidornis""; Międzynarodowy Komitet Ornitologiczny (2017) podtrzymuje nazwę ""Pholidornis rushiae""."
['rocznicę', 'miasta', 'Chiang', 'Mai', ',', 'którą', 'obchodzono', 'rok', 'po', 'oddaniu', 'go', 'do', 'użytku', '.']	[0, 0, 5, 6, 0, 0, 0, 0, 0, 0, 0, 0, 0, 0]	pl	rocznicę miasta Chiang Mai, którą obchodzono rok po oddaniu go do użytku.
['W', 'dolnym', 'biegu', 'znajduje', 'się', 'Zbiornik', 'Mingeczaurski', '.']	[0, 0, 0, 0, 0, 5, 6, 0]	pl	W dolnym biegu znajduje się Zbiornik Mingeczaurski.
['Wszystkie', 'samochody', 'w', 'serii', 'dostarcza', 'Tatuus', '.']	[0, 0, 0, 0, 0, 3, 0]	pl	Wszystkie samochody w serii dostarcza Tatuus.
['W', '1542', 'i', 'ponownie', 'w', '1543', 'Franciszek', 'I', 'Walezjusz', 'zdobył', 'miasto', 'i', 'zburzył', 'stary', 'zamek', 'hrabiów', 'luksemburskich', ',', 'jednak', 'jego', 'rządy', 'nie', 'trwały', 'długo', '.']	[0, 0, 0, 0, 0, 0, 1, 2, 2, 0, 0, 0, 0, 0, 0, 0, 0, 0, 0, 0, 0, 0, 0, 0, 0]	pl	W 1542 i ponownie w 1543 Franciszek I Walezjusz zdobył miasto i zburzył stary zamek hrabiów luksemburskich, jednak jego rządy nie trwały długo.
['W', 'międzyczasie', 'wokalistka', 'pracowała', 'nad', 'innymi', 'propozycjami', ',', 'w', 'tym', '„', 'To', 'nie', 'ja', '!']	[0, 0, 0, 0, 0, 0, 0, 0, 0, 0, 0, 7, 8, 8, 8]	pl	W międzyczasie wokalistka pracowała nad innymi propozycjami, w tym „To nie ja!
['minucie', 'spotkania', 'kontuzji', 'lewego', 'uda', 'doznał', 'Pelé', '.']	[0, 0, 0, 0, 0, 0, 1, 0]	pl	minucie spotkania kontuzji lewego uda doznał Pelé.
['W', 'początkach', 'swojej', 'kariery', 'występował', 'jako', 'gitarzysta', 'w', 'zespole', 'Steve', 'Miller', 'Band', '.']	[0, 0, 0, 0, 0, 0, 0, 0, 0, 3, 4, 4, 0]	pl	W początkach swojej kariery występował jako gitarzysta w zespole Steve Miller Band.
['Punktem', 'początkowym', 'była', 'przeważnie', 'miejscowość', 'Independence', 'lub', 'Kansas', 'City', 'w', 'Missouri', '.']	[0, 0, 0, 0, 0, 5, 0, 5, 6, 0, 5, 0]	pl	Punktem początkowym była przeważnie miejscowość Independence lub Kansas City w Missouri.
['List', 'intencyjny', 'podpisał', 'prezydent', 'Raciborza', 'Jan', 'Osuchowski', 'oraz', 'prezydent', 'Kędzierzyna-Koźla', 'Wiesław', 'Fąfara', '.']	[0, 0, 0, 0, 5, 1, 2, 0, 0, 5, 1, 2, 0]	pl	List intencyjny podpisał prezydent Raciborza Jan Osuchowski oraz prezydent Kędzierzyna-Koźla Wiesław Fąfara.
['9', 'lipca', '2008', 'został', 'wymieniony', 'do', 'Toronto', 'Raptors', '.']	[0, 0, 0, 0, 0, 0, 3, 4, 0]	pl	9 lipca 2008 został wymieniony do Toronto Raptors.
['Pod', 'jego', 'okiem', 'karierę', 'na', 'dużym', 'torze', 'zaczynał', 'm.in.', 'Krzysztof', 'Cegielski', '.']	[0, 0, 0, 0, 0, 0, 0, 0, 0, 1, 2, 0]	pl	Pod jego okiem karierę na dużym torze zaczynał m.in. Krzysztof Cegielski.
['Dzięki', 'pomocy', 'Titu', 'Maiorescu', 'w', '1874', 'odzyskał', 'posadę', 'nauczycielską', '.']	[0, 0, 1, 2, 0, 0, 0, 0, 0, 0]	pl	Dzięki pomocy Titu Maiorescu w 1874 odzyskał posadę nauczycielską.
['Parmenides', 'za', 'doskonały', 'uważał', 'kosmos', '.']	[1, 0, 0, 0, 0, 0]	pl	Parmenides za doskonały uważał kosmos.
['30', 'maja', '1909', 'w', 'Grimsby', ',', 'zm', '.']	[0, 0, 0, 0, 5, 0, 0, 0]	pl	30 maja 1909 w Grimsby, zm.
['Przeniósł', 'się', 'jednak', 'do', 'brytyjskiej', 'ekipy', 'Arden', 'International', '.']	[0, 0, 0, 0, 0, 0, 3, 4, 0]	pl	Przeniósł się jednak do brytyjskiej ekipy Arden International.
['Głównym', 'singlem', 'promującym', 'album', 'został', 'utwór', '„', 'Living', 'for', 'Love', '”', ',', 'wydany', '20', 'grudnia', '2014', '.']	[0, 0, 0, 0, 0, 0, 0, 7, 8, 8, 0, 0, 0, 0, 0, 0, 0]	pl	Głównym singlem promującym album został utwór „Living for Love ”, wydany 20 grudnia 2014.
"['Według', 'danych', 'na', 'rok', '1990', 'gminę', 'zamieszkiwało', '279', 'osób', ',', 'a', 'gęstość', 'zaludnienia', 'wynosiła', '54', '""', 'osób', '/', 'km', '²', '(', 'wśród', '1287', 'gmin', 'regionu', 'Île-de-France', 'Prunay-sur-Essonne', 'plasuje', 'się', 'na', '938', '.']"	[0, 0, 0, 0, 0, 0, 0, 0, 0, 0, 0, 0, 0, 0, 0, 0, 0, 0, 0, 0, 0, 0, 0, 0, 0, 5, 0, 0, 0, 0, 0, 0]	pl	"Według danych na rok 1990 gminę zamieszkiwało 279 osób, a gęstość zaludnienia wynosiła 54 ""osób / km ² (wśród 1287 gmin regionu Île-de-France Prunay-sur-Essonne plasuje się na 938."
['Witryna', 'ustawiająca', 'cookie', 'może', 'dodatkowo', 'określić', 'opcje', 'cookie', ',', 'm.in.', 'kiedy', 'ono', 'wygaśnie', '(', 'np.', 'po', 'zamknięciu', 'przeglądarki', 'lub', 'o', 'określonej', 'godzinie', ',', 'określonego', 'dnia', ')', ',', 'czy', 'jest', 'dostępne', 'tylko', 'poprzez', 'zabezpieczony', 'protokół', '(', 'HTTPS', ')', 'oraz', 'czy', 'ma', 'być', 'dostępne', 'dla', 'skryptów', 'uruchamianych', 'w', 'przeglądarce', '(', 'typowo', 'JavaScript', ')', '.']	[0, 0, 0, 0, 0, 0, 0, 0, 0, 0, 0, 0, 0, 0, 0, 0, 0, 0, 0, 0, 0, 0, 0, 0, 0, 0, 0, 0, 0, 0, 0, 0, 0, 0, 0, 0, 0, 0, 0, 0, 0, 0, 0, 0, 0, 0, 0, 0, 0, 7, 0, 0]	pl	Witryna ustawiająca cookie może dodatkowo określić opcje cookie, m.in. kiedy ono wygaśnie (np. po zamknięciu przeglądarki lub o określonej godzinie, określonego dnia), czy jest dostępne tylko poprzez zabezpieczony protokół (HTTPS) oraz czy ma być dostępne dla skryptów uruchamianych w przeglądarce (typowo JavaScript).
['w', 'biegu', 'na', '10', 'km', 'techniką', 'klasyczną', 'w', 'norweskim', 'Drammen', '.']	[0, 0, 0, 0, 0, 0, 0, 0, 0, 5, 0]	pl	w biegu na 10 km techniką klasyczną w norweskim Drammen.
['Pierwszy', 'car', 'rosyjski', 'Iwan', 'IV', 'Groźny', 'używał', 'jako', 'atrybutów', 'władzy', ':', 'krzyża', ',', 'złotego', 'łańcucha', ',', 'barmasu', 'i', 'czapki', 'Monomacha', '.']	[0, 0, 0, 1, 2, 2, 0, 0, 0, 0, 0, 0, 0, 0, 0, 0, 0, 0, 0, 1, 0]	pl	Pierwszy car rosyjski Iwan IV Groźny używał jako atrybutów władzy: krzyża, złotego łańcucha, barmasu i czapki Monomacha.
"['pt.', '""', '21', 'Jump', 'Street', '""', '.']"	[0, 0, 7, 8, 8, 0, 0]	pl	"pt. ""21 Jump Street""."
['22', 'marca', '1993', 'w', 'Sarcelles', ')', '–', 'francuski', 'piłkarz', 'pochodzenia', 'martynikańskiego', 'występujący', 'na', 'pozycji', 'obrońcy', '.']	[0, 0, 0, 0, 5, 0, 0, 0, 0, 0, 0, 0, 0, 0, 0, 0]	pl	22 marca 1993 w Sarcelles) – francuski piłkarz pochodzenia martynikańskiego występujący na pozycji obrońcy.
['Byli', 'to', ':', 'Emese', 'Hunyady', '(', 'złoty', 'i', 'srebrny', ')', ',', 'Claudia', 'Pechstein', '(', 'złoty', 'i', 'brązowy', ')', ',', 'Kjell', 'Storelid', '(', 'dwa', 'srebrne', ')', 'oraz', 'Siergiej', 'Klewczenia', ',', 'Rintje', 'Ritsma', 'i', 'Gunda', 'Niemann-Stirnemann', '(', 'wszyscy', 'po', 'srebrnym', 'i', 'brązowym', ')', '.']	[0, 0, 0, 1, 2, 0, 0, 0, 0, 0, 0, 1, 2, 0, 0, 0, 0, 0, 0, 1, 2, 0, 0, 0, 0, 0, 1, 2, 0, 1, 2, 0, 1, 2, 0, 0, 0, 0, 0, 0, 0, 0]	pl	Byli to: Emese Hunyady (złoty i srebrny), Claudia Pechstein (złoty i brązowy), Kjell Storelid (dwa srebrne) oraz Siergiej Klewczenia, Rintje Ritsma i Gunda Niemann-Stirnemann (wszyscy po srebrnym i brązowym).
['W', 'czerwcu', '1963', 'roku', 'Berlin', 'odwiedził', 'prezydent', 'USA', 'John', 'F.', 'Kennedy', '.']	[0, 0, 0, 0, 5, 0, 0, 5, 1, 2, 2, 0]	pl	W czerwcu 1963 roku Berlin odwiedził prezydent USA John F. Kennedy.
"['""', 'Pieczęć', 'stanowa', 'Wisconsin', '""', 'przedstawia', 'tarczę', 'herbową', ',', 'na', 'której', 'widnieją', 'symbole', 'rolnictwa', ',', 'górnictwa', ',', 'przemysłu', 'i', 'żeglugi', '.']"	[0, 0, 0, 5, 0, 0, 0, 0, 0, 0, 0, 0, 0, 0, 0, 0, 0, 0, 0, 0, 0]	pl	"""Pieczęć stanowa Wisconsin"" przedstawia tarczę herbową, na której widnieją symbole rolnictwa, górnictwa, przemysłu i żeglugi."
['Jeden', 'z', 'ważniejszych', 'lekarzy', 'końca', 'XVIII', 'wieku', ',', 'Benjamin', 'Rush', ',', 'twierdził', 'w', '1784', 'roku', ',', 'że', 'nadmierne', 'używanie', 'alkoholu', 'jest', 'szkodliwe', 'dla', 'zdrowia', 'fizycznego', ',', 'jak', 'i', 'psychicznego', '(', 'wierzył', 'jednak', 'bardziej', 'w', 'ograniczenie', 'spożycia', ',', 'niż', 'w', 'jego', 'zakaz', ')', '.']	[0, 0, 0, 0, 0, 0, 0, 0, 1, 2, 0, 0, 0, 0, 0, 0, 0, 0, 0, 0, 0, 0, 0, 0, 0, 0, 0, 0, 0, 0, 0, 0, 0, 0, 0, 0, 0, 0, 0, 0, 0, 0, 0]	pl	Jeden z ważniejszych lekarzy końca XVIII wieku, Benjamin Rush, twierdził w 1784 roku, że nadmierne używanie alkoholu jest szkodliwe dla zdrowia fizycznego, jak i psychicznego (wierzył jednak bardziej w ograniczenie spożycia, niż w jego zakaz).
['21', 'lipca', '2017', 'ogłoszono', ',', 'że', 'na', 'okładce', 'gry', 'znajdzie', 'się', 'Cristiano', 'Ronaldo', '.']	[0, 0, 0, 0, 0, 0, 0, 0, 0, 0, 0, 1, 2, 0]	pl	21 lipca 2017 ogłoszono, że na okładce gry znajdzie się Cristiano Ronaldo.
['Wiadomo', ',', 'że', 'na', 'przykład', ':', 'Charles', 'Manson', 'i', 'Ted', 'Bundy', 'mieli', 'wiele', 'hybristofilicznych', 'zwolenniczek', '.']	[0, 0, 0, 0, 0, 0, 1, 2, 0, 1, 2, 0, 0, 0, 0, 0]	pl	Wiadomo, że na przykład: Charles Manson i Ted Bundy mieli wiele hybristofilicznych zwolenniczek.
['Przełęcz', 'jest', 'położona', 'w', 'kontynentalnym', 'dziale', 'wodnym', 'około', '70', 'km', 'na', 'zachód', 'od', 'Denver', '.']	[0, 0, 0, 0, 0, 0, 0, 0, 0, 0, 0, 0, 0, 5, 0]	pl	Przełęcz jest położona w kontynentalnym dziale wodnym około 70 km na zachód od Denver.
['Najbliższy', 'port', 'lotniczy', ',', 'MPL', 'Katowice', 'znajduje', 'się', 'w', 'odległości', 'ok', '.']	[0, 0, 0, 0, 5, 5, 0, 0, 0, 0, 0, 0]	pl	Najbliższy port lotniczy, MPL Katowice znajduje się w odległości ok.
['Na', 'czele', 'demonstracji', 'stał', 'Albert', 'Parsons', '–', 'związkowiec', ',', 'anarchokomunista', ';', 'opowiadający', 'się', 'także', 'm.in.', 'za', 'równouprawnieniem', 'Afroamerykanów', '.']	[0, 0, 0, 0, 1, 2, 0, 0, 0, 0, 0, 0, 0, 0, 0, 0, 0, 0, 0]	pl	Na czele demonstracji stał Albert Parsons – związkowiec, anarchokomunista; opowiadający się także m.in. za równouprawnieniem Afroamerykanów.
['Do', '1962', 'roku', 'latał', 'na', 'pokazach', 'lotniczych', ',', 'po', 'czym', 'został', 'uziemiony', 'i', 'trafił', 'ostatecznie', 'do', 'muzeum', 'FAA', 'w', 'Yeovilton', ',', 'jako', 'jedyny', 'zachowany', 'Fulmar', '.']	[0, 0, 0, 0, 0, 0, 0, 0, 0, 0, 0, 0, 0, 0, 0, 0, 0, 0, 0, 5, 0, 0, 0, 0, 0, 0]	pl	Do 1962 roku latał na pokazach lotniczych, po czym został uziemiony i trafił ostatecznie do muzeum FAA w Yeovilton, jako jedyny zachowany Fulmar.
"['W', '2003', 'roku', 'na', 'potrzeby', 'stacji', 'telewizyjnej', 'VH1', ',', 'odbył', 'się', 'koncert', 'zespołu', 'w', 'oryginalnym', 'składzie', 'zatytułowany', '""', 'Bands', 'Reunited', '""', '.']"	[0, 0, 0, 0, 0, 0, 0, 3, 0, 0, 0, 0, 0, 0, 0, 0, 0, 0, 0, 0, 0, 0]	pl	"W 2003 roku na potrzeby stacji telewizyjnej VH1, odbył się koncert zespołu w oryginalnym składzie zatytułowany ""Bands Reunited""."
['W', 'filmach', 'w', 'jej', 'rolę', 'wcieliła', 'się', 'Carrie', 'Fisher', '.']	[0, 0, 0, 0, 0, 0, 0, 1, 2, 0]	pl	W filmach w jej rolę wcieliła się Carrie Fisher.
['Jednakże', 'byli', 'też', 'tacy', 'filozofowie', 'chrześcijańscy', '(', 'np.', 'Klemens', 'Aleksandryjski', ',', 'Tertulian', ',', 'Laktancjusz', ')', ',', 'którzy', 'w', 'myśl', 'słów', 'św', '.']	[0, 0, 0, 0, 0, 0, 0, 0, 1, 2, 0, 1, 0, 1, 0, 0, 0, 0, 0, 0, 0, 0]	pl	Jednakże byli też tacy filozofowie chrześcijańscy (np. Klemens Aleksandryjski, Tertulian, Laktancjusz), którzy w myśl słów św.
['Północny', 'Ocean', 'Atlantycki', 'po', 'region', 'arktyczny', 'oraz', 'Morze', 'Śródziemne', '.']	[0, 5, 6, 0, 0, 0, 0, 5, 6, 0]	pl	Północny Ocean Atlantycki po region arktyczny oraz Morze Śródziemne.
['W', 'styczniu', '2015', 'został', 'członkiem', 'sztabu', 'szkoleniowego', 'AFC', 'Tubize', '.']	[0, 0, 0, 0, 0, 0, 0, 3, 4, 0]	pl	W styczniu 2015 został członkiem sztabu szkoleniowego AFC Tubize.
"['""', 'Villy-le-Bouveret', '""', '–', 'miejscowość', 'i', 'gmina', 'we', 'Francji', ',', 'w', 'regionie', 'Owernia-Rodan-Alpy', ',', 'w', 'departamencie', 'Górna', 'Sabaudia', '.']"	[0, 0, 0, 0, 0, 0, 0, 0, 5, 0, 0, 0, 5, 0, 0, 0, 5, 6, 0]	pl	"""Villy-le-Bouveret"" – miejscowość i gmina we Francji, w regionie Owernia-Rodan-Alpy, w departamencie Górna Sabaudia."
['Najpierw', 'szukał', 'talenty', 'dla', 'klubu', 'Szachtar', 'Donieck', '.']	[0, 0, 0, 0, 0, 3, 4, 0]	pl	Najpierw szukał talenty dla klubu Szachtar Donieck.
['Tytuł', 'ten', 'straciła', 'w', 'czerwcu', 'po', 'raz', 'kolejny', 'na', 'rzecz', 'Trish', 'Stratus', '.']	[0, 0, 0, 0, 0, 0, 0, 0, 0, 0, 1, 2, 0]	pl	Tytuł ten straciła w czerwcu po raz kolejny na rzecz Trish Stratus.
['Powstało', 'w', '1931', 'jako', 'osada', 'leżąca', 'na', 'szlaku', 'karawan', 'Pekin', '-', 'Irkuck', '.']	[0, 0, 0, 0, 0, 0, 0, 0, 0, 5, 0, 5, 0]	pl	Powstało w 1931 jako osada leżąca na szlaku karawan Pekin - Irkuck.
['Roger', 'Waters', ',', 'bo', 'jest', 'to', 'już', 'praktycznie', 'jego', 'solowy', 'album', ',', 'skupia', 'się', 'na', 'wątku', 'autobiograficznym', 'bólu', 'po', 'utracie', 'ojca', 'na', 'wojnie', '.']	[1, 2, 0, 0, 0, 0, 0, 0, 0, 0, 0, 0, 0, 0, 0, 0, 0, 0, 0, 0, 0, 0, 0, 0]	pl	Roger Waters, bo jest to już praktycznie jego solowy album, skupia się na wątku autobiograficznym bólu po utracie ojca na wojnie.
['Przez', 'wiele', 'następnych', 'lat', 'Wałbrzych', 'uważany', 'był', 'za', 'uzdrowisko', '.']	[0, 0, 0, 0, 5, 0, 0, 0, 0, 0]	pl	Przez wiele następnych lat Wałbrzych uważany był za uzdrowisko.
['Lon', 'Nol', 'za', 'zgodą', 'monarchy', 'rozpoczął', 'rozprawę', 'z', 'dotychczasowymi', 'lewicowymi', 'sojusznikami', 'z', 'partii', 'Pracheachon', '.']	[1, 2, 0, 0, 0, 0, 0, 0, 0, 0, 0, 0, 0, 0, 0]	pl	Lon Nol za zgodą monarchy rozpoczął rozprawę z dotychczasowymi lewicowymi sojusznikami z partii Pracheachon.
['Przez', 'ten', 'czas', 'Chevrolet', 'zdecydował', 'się', 'jednak', 'tylko', 'na', 'jedną', 'dużą', 'restylizację', ',', 'poprzedzoną', 'mniejszą', 'w', '1980', 'roku', ',', 'która', 'przyniosła', 'głównie', 'jednolite', ',', 'zespolone', 'reflektory', 'i', 'lampy', ',', 'a', 'także', 'zmodyfikowane', 'zderzaki', 'i', 'atrapę', 'chłodnicy', '.']	[0, 0, 0, 3, 0, 0, 0, 0, 0, 0, 0, 0, 0, 0, 0, 0, 0, 0, 0, 0, 0, 0, 0, 0, 0, 0, 0, 0, 0, 0, 0, 0, 0, 0, 0, 0, 0]	pl	Przez ten czas Chevrolet zdecydował się jednak tylko na jedną dużą restylizację, poprzedzoną mniejszą w 1980 roku, która przyniosła głównie jednolite, zespolone reflektory i lampy, a także zmodyfikowane zderzaki i atrapę chłodnicy.
['Luoyang', 'zawierał', 'też', 'mniej', 'ośrodków', 'kultu', ',', 'ale', 'wiele', 'wspaniałych', 'budowli', 'zdradzało', 'zamiłowanie', 'cesarza', 'do', 'przepychu', 'i', 'rozmachu', '.']	[5, 0, 0, 0, 0, 0, 0, 0, 0, 0, 0, 0, 0, 0, 0, 0, 0, 0, 0]	pl	Luoyang zawierał też mniej ośrodków kultu, ale wiele wspaniałych budowli zdradzało zamiłowanie cesarza do przepychu i rozmachu.
"['""', 'Zgorzelec', '""', '–', '""', 'Krzyżowa', '""', '.']"	[0, 5, 0, 0, 0, 5, 0, 0]	pl	"""Zgorzelec"" – ""Krzyżowa""."
['Aktualnie', 'jest', 'głównym', 'skautem', 'w', 'AS', 'Monaco', 'FC', '.']	[0, 0, 0, 0, 0, 3, 4, 4, 0]	pl	Aktualnie jest głównym skautem w AS Monaco FC.
['16', 'stycznia', '2015', 'przeszedł', 'do', 'FK', 'Qəbələ', '.']	[0, 0, 0, 0, 0, 3, 4, 0]	pl	16 stycznia 2015 przeszedł do FK Qəbələ.
['w', 'garnizonie', 'Ceuta', 'oraz', '2', '.']	[0, 0, 5, 0, 0, 0]	pl	w garnizonie Ceuta oraz 2.
['W', 'kraju', 'stał', 'się', 'znany', 'dzięki', 'udziałowi', 'w', 'programach', 'satyrycznych', 'BBC', '.']	[0, 0, 0, 0, 0, 0, 0, 0, 0, 0, 3, 0]	pl	W kraju stał się znany dzięki udziałowi w programach satyrycznych BBC.
['Z', 'inicjatywy', 'Leonida', 'Breżniewa', 'w', 'miejscowości', 'Czerna', 'nad', 'Cisą', 'odbyły', 'się', 'rozmowy', 'radziecko-czechosłowackie', ',', 'zaraz', 'potem', '3', 'sierpnia', 'w', 'Bratysławie', 'doszło', 'do', 'krótkiego', 'spotkania', ',', 'na', 'którym', 'dołączyli', 'pozostali', 'członkowie', '„', 'warszawskiej', 'piątki', '”', ':', 'Bułgarii', ',', 'NRD', ',', 'Polski', 'i', 'Węgier', '.']	[0, 0, 1, 2, 0, 0, 5, 6, 6, 0, 0, 0, 0, 0, 0, 0, 0, 0, 0, 5, 0, 0, 0, 0, 0, 0, 0, 0, 0, 0, 0, 0, 0, 0, 0, 5, 0, 5, 0, 5, 0, 5, 0]	pl	Z inicjatywy Leonida Breżniewa w miejscowości Czerna nad Cisą odbyły się rozmowy radziecko-czechosłowackie, zaraz potem 3 sierpnia w Bratysławie doszło do krótkiego spotkania, na którym dołączyli pozostali członkowie „warszawskiej piątki ”: Bułgarii, NRD, Polski i Węgier.
"['""', 'Dompierre-les-Ormes', '""', '–', 'miejscowość', 'i', 'gmina', 'we', 'Francji', ',', 'w', 'regionie', 'Burgundia-Franche-Comté', ',', 'w', 'departamencie', 'Saona', 'i', 'Loara', '.']"	[0, 0, 0, 0, 0, 0, 0, 0, 5, 0, 0, 0, 5, 0, 0, 0, 5, 6, 6, 0]	pl	"""Dompierre-les-Ormes"" – miejscowość i gmina we Francji, w regionie Burgundia-Franche-Comté, w departamencie Saona i Loara."
['UTFO', ',', 'LL', 'Cool', 'J', 'vs', '.']	[0, 0, 1, 2, 2, 0, 0]	pl	UTFO, LL Cool J vs.
['Jej', 'przewodniczącym', 'został', 'Dmytro', 'Jarosz', '.']	[0, 0, 0, 1, 2, 0]	pl	Jej przewodniczącym został Dmytro Jarosz.
['Od', 'tej', 'fryzury', 'i', 'sukienek', 'Coco', 'Chanel', 'zaczęła', 'się', 'nowa', 'moda', 'lat', 'międzywojennych', '.']	[0, 0, 0, 0, 0, 1, 2, 0, 0, 0, 0, 0, 0, 0]	pl	Od tej fryzury i sukienek Coco Chanel zaczęła się nowa moda lat międzywojennych.
['Pochowany', 'na', 'cmentarzu', 'Highgate', 'Cemetery', 'w', 'Londynie', '.']	[0, 0, 0, 5, 6, 0, 5, 0]	pl	Pochowany na cmentarzu Highgate Cemetery w Londynie.
['Słynne', 'cykle', 'rysunków', 'białą', 'kredką', 'tworzył', 'Artur', 'Grottger', '.']	[0, 0, 0, 0, 0, 0, 1, 2, 0]	pl	Słynne cykle rysunków białą kredką tworzył Artur Grottger.
['Zamieszkał', 'w', 'Milwaukee', ',', 'gdzie', 'po', 'pewnym', 'czasie', 'został', 'radnym', 'miejskim', '(', 'w', '1904', ')', '.']	[0, 0, 5, 0, 0, 0, 0, 0, 0, 0, 0, 0, 0, 0, 0, 0]	pl	Zamieszkał w Milwaukee, gdzie po pewnym czasie został radnym miejskim (w 1904).
"['W', '1949', 'roku', 'Józef', 'Mackiewicz', 'opublikował', 'w', 'Szwajcarii', ',', 'w', 'tłumaczeniu', 'na', 'niemiecki', 'swoją', 'książkę', '""', 'Katyń', '.']"	[0, 0, 0, 1, 2, 0, 0, 5, 0, 0, 0, 0, 0, 0, 0, 0, 5, 0]	pl	"W 1949 roku Józef Mackiewicz opublikował w Szwajcarii, w tłumaczeniu na niemiecki swoją książkę ""Katyń."
['Po', 'kilku', 'miesiącach', 'wysłano', 'go', 'z', 'powrotem', 'do', 'ojczyzny', 'do', 'Fort', 'Lewis', ',', 'gdzie', 'oczekiwał', 'przerzutu', 'na', 'Pacyfik', '.']	[0, 0, 0, 0, 0, 0, 0, 0, 0, 0, 5, 6, 0, 0, 0, 0, 0, 5, 0]	pl	Po kilku miesiącach wysłano go z powrotem do ojczyzny do Fort Lewis, gdzie oczekiwał przerzutu na Pacyfik.
['Osiągał', 'prędkość', '497', 'km/h', 'na', 'wysokości', '4572', 'm', ',', 'chociaż', 'oczekiwano', 'że', 'będzie', 'ona', 'wynosiła', '540', 'km/h', ',', 'czyli', 'dorówna', 'prędkości', 'Hawker', 'Hurricane', '.']	[0, 0, 0, 0, 0, 0, 0, 0, 0, 0, 0, 0, 0, 0, 0, 0, 0, 0, 0, 0, 0, 7, 8, 0]	pl	Osiągał prędkość 497 km/h na wysokości 4572 m, chociaż oczekiwano że będzie ona wynosiła 540 km/h, czyli dorówna prędkości Hawker Hurricane.
['To', 'jednoworcze', 'osiedle', 'młyńskie', 'w', 'następnych', 'latach', 'rozrosło', 'się', 'w', 'osadę', 'Puzdrowski', 'Młyn', '.']	[0, 0, 0, 0, 0, 0, 0, 0, 0, 0, 0, 5, 6, 0]	pl	To jednoworcze osiedle młyńskie w następnych latach rozrosło się w osadę Puzdrowski Młyn.
['Załoga', 'wzniesionego', 'fortu', ',', 'nazwanego', 'La', 'Navidad', 'przetrwała', 'tam', 'zaledwie', 'rok', '–', 'gdy', 'Kolumb', 'ponownie', 'przypłynął', 'na', 'wyspę', 'z', 'większymi', 'siłami', ',', 'zastał', 'jedynie', 'zgliszcza', '.']	[0, 0, 0, 0, 0, 5, 6, 0, 0, 0, 0, 0, 0, 1, 0, 0, 0, 0, 0, 0, 0, 0, 0, 0, 0, 0]	pl	Załoga wzniesionego fortu, nazwanego La Navidad przetrwała tam zaledwie rok – gdy Kolumb ponownie przypłynął na wyspę z większymi siłami, zastał jedynie zgliszcza.
['Potem', 'zaś', 'dostał', 'się', 'do', 'USA', ',', 'dokładnie', '–', 'do', 'Baltimore', '.']	[0, 0, 0, 0, 0, 5, 0, 0, 0, 0, 5, 0]	pl	Potem zaś dostał się do USA, dokładnie – do Baltimore.
['W', 'latach', '1977', '–', '1985', 'grał', 'w', 'Los', 'Angeles', 'Lakers', 'i', 'był', 'częścią', 'zespołu', 'trzykrotnych', 'zwycięzców', 'ligi', '(', '1980', ',', '1982', ',', '1985', '-', 'bez', 'gry', 'w', 'rozgrywkach', 'posezonowych', ')', '.']	[0, 0, 0, 0, 0, 0, 0, 3, 4, 4, 0, 0, 0, 0, 0, 0, 0, 0, 0, 0, 0, 0, 0, 0, 0, 0, 0, 0, 0, 0, 0]	pl	W latach 1977 – 1985 grał w Los Angeles Lakers i był częścią zespołu trzykrotnych zwycięzców ligi (1980, 1982, 1985 - bez gry w rozgrywkach posezonowych).
['29', 'listopada', '1969', 'w', 'Cuneo', ')', '–', 'włoski', 'polityk', 'i', 'prawnik', ',', 'parlamentarzysta', ',', 'od', '2016', 'do', '2017', 'minister', 'bez', 'teki', 'ds', '.']	[0, 0, 0, 0, 5, 0, 0, 0, 0, 0, 0, 0, 0, 0, 0, 0, 0, 0, 0, 0, 0, 0, 0]	pl	29 listopada 1969 w Cuneo) – włoski polityk i prawnik, parlamentarzysta, od 2016 do 2017 minister bez teki ds.
"['""', 'Stare', 'Bogaczowice', '""', '–', 'gmina', 'wiejska', 'w', 'województwie', 'dolnośląskim', ',', 'w', 'powiecie', 'wałbrzyskim', '.']"	[0, 5, 6, 0, 0, 0, 0, 0, 0, 0, 0, 0, 0, 0, 0]	pl	"""Stare Bogaczowice"" – gmina wiejska w województwie dolnośląskim, w powiecie wałbrzyskim."
"['""', 'Snusmumriken', '""', ')', '–', 'bohater', 'serii', 'książek', 'Tove', 'Jansson', 'opowiadających', 'o', 'Muminkach', 'i', 'serialu', 'animowanego', 'z', 'cyklu', '""', 'Muminki', '""', '.']"	[0, 0, 0, 0, 0, 0, 0, 0, 1, 2, 0, 0, 7, 0, 0, 0, 0, 0, 0, 7, 0, 0]	pl	"""Snusmumriken"") – bohater serii książek Tove Jansson opowiadających o Muminkach i serialu animowanego z cyklu ""Muminki""."
['Ruch', 'pociągów', 'pasażerskich', 'odbywa', 'się', 'wedle', 'opracowanej', 'przez', 'Deutsche', 'Bahn', 'koncepcji', 'tzw', '.']	[0, 0, 0, 0, 0, 0, 0, 0, 3, 4, 0, 0, 0]	pl	Ruch pociągów pasażerskich odbywa się wedle opracowanej przez Deutsche Bahn koncepcji tzw.
['Pierwszy', 'z', 'konkursów', 'odbył', 'się', '9', 'marca', '1997', 'roku', 'w', 'Lahti', ',', 'a', 'zwyciężył', 'Andreas', 'Widhölzl', '.']	[0, 0, 0, 0, 0, 0, 0, 0, 0, 0, 5, 0, 0, 0, 1, 2, 0]	pl	Pierwszy z konkursów odbył się 9 marca 1997 roku w Lahti, a zwyciężył Andreas Widhölzl.
['Latali', 'na', 'nim', 'm.in.', 'Max', 'Immelmann', 'i', 'Oswald', 'Boelcke', ',', 'należący', 'do', 'grupy', 'najlepszych', 'i', 'najbardziej', 'znanych', 'niemieckich', 'asów', '.']	[0, 0, 0, 0, 1, 2, 0, 1, 2, 0, 0, 0, 0, 0, 0, 0, 0, 0, 0, 0]	pl	Latali na nim m.in. Max Immelmann i Oswald Boelcke, należący do grupy najlepszych i najbardziej znanych niemieckich asów.
['W', 'obozie', 'Auschwitz-Birkenau', 'zastąpiła', 'ją', 'Elisabeth', 'Volkenrath', '.']	[0, 0, 5, 0, 0, 1, 2, 0]	pl	W obozie Auschwitz-Birkenau zastąpiła ją Elisabeth Volkenrath.
"['Odkrył', 'ją', 'Pierre', 'Méchain', '22', '""', 'marca', '1781', 'roku', '.']"	[0, 0, 1, 2, 0, 0, 0, 0, 0, 0]	pl	"Odkrył ją Pierre Méchain 22 ""marca 1781 roku."
['15', 'czerwca', '1981', 'w', 'Sangolquí', ')', '–', 'ekwadorski', 'piłkarz', 'występujący', 'na', 'pozycji', 'napastnika', '.']	[0, 0, 0, 0, 5, 0, 0, 0, 0, 0, 0, 0, 0, 0]	pl	15 czerwca 1981 w Sangolquí) – ekwadorski piłkarz występujący na pozycji napastnika.
['Nazwę', 'plemienia', 'nadano', 'hrabstwom', 'i', 'osadom', 'w', 'stanach', 'Alabama', ',', 'Missisipi', 'i', 'Oklahoma', '.']	[0, 0, 0, 0, 0, 0, 0, 0, 5, 0, 5, 0, 5, 0]	pl	Nazwę plemienia nadano hrabstwom i osadom w stanach Alabama, Missisipi i Oklahoma.
['Okres', 'zdjęciowy', 'trwał', 'zaledwie', 'dziesięć', 'dni', ',', 'lokacje', 'atelierowe', 'obejmowała', 'zaś', 'miejscowość', 'Tucson', 'w', 'stanie', 'Arizona', '.']	[0, 0, 0, 0, 0, 0, 0, 0, 0, 0, 0, 0, 5, 0, 0, 5, 0]	pl	Okres zdjęciowy trwał zaledwie dziesięć dni, lokacje atelierowe obejmowała zaś miejscowość Tucson w stanie Arizona.
['W', 'interwencji', 'wykorzystane', 'mogą', 'być', 'także', 'bombowce', 'Northrop', 'B-2', 'Spirit', '.']	[0, 0, 0, 0, 0, 0, 0, 7, 8, 8, 0]	pl	W interwencji wykorzystane mogą być także bombowce Northrop B-2 Spirit.
['Stanisław', 'Barańczak', ')', '.']	[1, 2, 0, 0]	pl	Stanisław Barańczak).
['Od', '1984', 'jest', 'mężem', 'tancerki', ',', 'reżyserki', ',', 'aktorki', 'i', 'producentki', 'filmowej', '–', 'Debbie', 'Allen', ',', 'z', 'którą', 'ma', 'dwójkę', 'dzieci', '.']	[0, 0, 0, 0, 0, 0, 0, 0, 0, 0, 0, 0, 0, 1, 2, 0, 0, 0, 0, 0, 0, 0]	pl	Od 1984 jest mężem tancerki, reżyserki, aktorki i producentki filmowej – Debbie Allen, z którą ma dwójkę dzieci.
['Na', 'północ', 'od', 'jeziora', 'leżała', 'Samotna', 'Góra', ',', 'a', 'u', 'jej', 'podnóży', 'miasto', 'Dale', '.']	[0, 0, 0, 0, 0, 5, 6, 0, 0, 0, 0, 0, 0, 5, 0]	pl	Na północ od jeziora leżała Samotna Góra, a u jej podnóży miasto Dale.
['Ceramika', 'attycka', 'dość', 'szybko', 'podbiła', 'rynki', 'i', 'wyparła', 'tym', 'samym', 'dominujący', 'Korynt', '.']	[0, 0, 0, 0, 0, 0, 0, 0, 0, 0, 0, 5, 0]	pl	Ceramika attycka dość szybko podbiła rynki i wyparła tym samym dominujący Korynt.
"['To', 'zaprowadziło', 'do', 'poważnej', 'decyzji', 'po', 'nagraniu', 'trzeciej', 'płyty', ',', '""', 'Dreamspace', '""', ',', 'którą', 'było', 'przyjęcie', 'doświadczonego', 'i', 'wyszkolonego', 'wokalistę', ',', 'Timo', 'Kotipelto', ',', 'w', '1994', '.']"	[0, 0, 0, 0, 0, 0, 0, 0, 0, 0, 0, 7, 0, 0, 0, 0, 0, 0, 0, 0, 0, 0, 1, 2, 0, 0, 0, 0]	pl	"To zaprowadziło do poważnej decyzji po nagraniu trzeciej płyty, ""Dreamspace"", którą było przyjęcie doświadczonego i wyszkolonego wokalistę, Timo Kotipelto, w 1994."
['25', 'sierpnia', '2009', 'roku', 'został', 'wypożyczony', 'na', 'okres', 'jednego', 'sezonu', 'do', 'Albacete', 'Balompié', 'grającego', 'w', 'drugiej', 'lidze', 'hiszpańskiej', '.']	[0, 0, 0, 0, 0, 0, 0, 0, 0, 0, 0, 3, 4, 0, 0, 0, 0, 0, 0]	pl	25 sierpnia 2009 roku został wypożyczony na okres jednego sezonu do Albacete Balompié grającego w drugiej lidze hiszpańskiej.
['Dzięki', 'popularności', 'swojej', 'reguły', ',', 'klasztor', 'w', 'Cluny', 'zaczął', 'wkrótce', 'zakładać', 'zgromadzenia', 'podległe', 'i', 'przyciągać', 'do', 'siebie', 'inne', 'klasztory', 'benedyktyńskie', '.']	[0, 0, 0, 0, 0, 0, 0, 5, 0, 0, 0, 0, 0, 0, 0, 0, 0, 0, 0, 0, 0]	pl	Dzięki popularności swojej reguły, klasztor w Cluny zaczął wkrótce zakładać zgromadzenia podległe i przyciągać do siebie inne klasztory benedyktyńskie.
['Szef', 'sztabu', '(', 'generał', 'Dawid', 'Elazar', ')', 'zwrócił', 'się', 'do', 'rządu', 'o', 'zgodę', 'na', 'przeprowadzenie', 'wyprzedzających', 'uderzeń', 'lotniczych', '.']	[0, 0, 0, 0, 1, 2, 0, 0, 0, 0, 0, 0, 0, 0, 0, 0, 0, 0, 0]	pl	Szef sztabu (generał Dawid Elazar) zwrócił się do rządu o zgodę na przeprowadzenie wyprzedzających uderzeń lotniczych.
['W', '1771', 'roku', 'rozpoczął', 'naukę', 'w', 'Royal', 'Academy', 'of', 'Arts', '.']	[0, 0, 0, 0, 0, 0, 3, 4, 4, 4, 0]	pl	W 1771 roku rozpoczął naukę w Royal Academy of Arts.
['W', '2007', 'roku', 'wykazano', ',', 'że', 'zawleczona', 'w', 'XIX', 'wieku', 'na', 'atlantycką', 'wyspę', 'Gough', 'mysz', 'domowa', 'stała', 'się', 'zagrożeniem', 'dla', 'występujących', 'tam', 'ptaków', 'morskich', '.']	[0, 0, 0, 0, 0, 0, 0, 0, 0, 0, 0, 0, 0, 5, 0, 0, 0, 0, 0, 0, 0, 0, 0, 0, 0]	pl	W 2007 roku wykazano, że zawleczona w XIX wieku na atlantycką wyspę Gough mysz domowa stała się zagrożeniem dla występujących tam ptaków morskich.
['Na', 'początku', 'XX', 'wieku', 'Alfred', 'Wegener', 'pierwszą', 'w', 'historii', 'teorię', 'wędrówki', 'kontynentów', '.']	[0, 0, 0, 0, 1, 2, 0, 0, 0, 0, 0, 0, 0]	pl	Na początku XX wieku Alfred Wegener pierwszą w historii teorię wędrówki kontynentów.
['Tradycję', 'romantycznego', 'stylu', 'z', 'powodzeniem', 'kontynuował', 'u', 'schyłku', 'XIX', 'i', 'na', 'początku', 'XX', 'wieku', 'Richard', 'Strauss', '.']	[0, 0, 0, 0, 0, 0, 0, 0, 0, 0, 0, 0, 0, 0, 1, 2, 0]	pl	Tradycję romantycznego stylu z powodzeniem kontynuował u schyłku XIX i na początku XX wieku Richard Strauss.
['Podczas', 'nagrywania', 'materiału', 'partie', 'instrumentów', 'klawiszowych', 'wykonał', 'gościnnie', 'Cezary', 'Augustynowicz', 'z', 'grupy', 'Christ', 'Agony', '.']	[0, 0, 0, 0, 0, 0, 0, 0, 1, 2, 0, 0, 3, 4, 0]	pl	Podczas nagrywania materiału partie instrumentów klawiszowych wykonał gościnnie Cezary Augustynowicz z grupy Christ Agony.
['Prezydent', 'Ukrainy', 'Petro', 'Poroszenko', 'wyznaczył', 'priorytet', ',', 'według', 'którego', 'należy', 'zrobić', 'wszystko', ',', 'aby', 'zminimalizować', 'zagrożenia', 'i', 'uniknąć', 'ofiar', 'wśród', 'lokalnej', 'ludności', '.']	[0, 5, 1, 2, 0, 0, 0, 0, 0, 0, 0, 0, 0, 0, 0, 0, 0, 0, 0, 0, 0, 0, 0]	pl	Prezydent Ukrainy Petro Poroszenko wyznaczył priorytet, według którego należy zrobić wszystko, aby zminimalizować zagrożenia i uniknąć ofiar wśród lokalnej ludności.
['W', 'celu', 'ratowania', 'sytuacji', ',', 'Chevrolet', 'przeprowadził', 'w', '1984', 'roku', 'gruntowną', 'modernizację', 'modelu', ',', 'zmieniając', 'w', 'istotnym', 'stopniu', 'wygląd', 'pasa', 'przednieto', ',', 'a', 'także', 'przestylizowując', 'tył', '.']	[0, 0, 0, 0, 0, 3, 0, 0, 0, 0, 0, 0, 0, 0, 0, 0, 0, 0, 0, 0, 0, 0, 0, 0, 0, 0, 0]	pl	W celu ratowania sytuacji, Chevrolet przeprowadził w 1984 roku gruntowną modernizację modelu, zmieniając w istotnym stopniu wygląd pasa przednieto, a także przestylizowując tył.
['Ostatnim', 'na', 'liście', 'systemem', '32-bitowym', 'jest', 'Windows', 'CE', ',', 'zaprojektowany', 'dla', 'rozwiązań', 'przenośnych', 'i', 'aplikacji', 'zagnieżdżonych', 'i', 'oferujący', 'szereg', 'usług', 'dla', 'działających', 'w', 'jego', 'środowisku', 'stanowisk', 'roboczych', '.']	[0, 0, 0, 0, 0, 0, 7, 8, 0, 0, 0, 0, 0, 0, 0, 0, 0, 0, 0, 0, 0, 0, 0, 0, 0, 0, 0, 0]	pl	Ostatnim na liście systemem 32-bitowym jest Windows CE, zaprojektowany dla rozwiązań przenośnych i aplikacji zagnieżdżonych i oferujący szereg usług dla działających w jego środowisku stanowisk roboczych.
"['""', 'Étang-sur-Arroux', '""', '–', 'miejscowość', 'i', 'gmina', 'we', 'Francji', ',', 'w', 'regionie', 'Burgundia-Franche-Comté', ',', 'w', 'departamencie', 'Saona', 'i', 'Loara', '.']"	[0, 0, 0, 0, 0, 0, 0, 0, 5, 0, 0, 0, 5, 0, 0, 0, 5, 6, 6, 0]	pl	"""Étang-sur-Arroux"" – miejscowość i gmina we Francji, w regionie Burgundia-Franche-Comté, w departamencie Saona i Loara."
"['Według', 'danych', 'na', 'rok', '1990', 'gminę', 'zamieszkiwały', '532', 'osoby', ',', 'a', 'gęstość', 'zaludnienia', 'wynosiła', '70', '""', 'osób', '/', 'km', '²', '(', 'wśród', '1786', 'gmin', 'Franche-Comté', 'Baudoncourt', 'plasuje', 'się', 'na', '295', '.']"	[0, 0, 0, 0, 0, 0, 0, 0, 0, 0, 0, 0, 0, 0, 0, 0, 0, 0, 0, 0, 0, 0, 0, 0, 5, 0, 0, 0, 0, 0, 0]	pl	"Według danych na rok 1990 gminę zamieszkiwały 532 osoby, a gęstość zaludnienia wynosiła 70 ""osób / km ² (wśród 1786 gmin Franche-Comté Baudoncourt plasuje się na 295."
['Na', 'jego', 'dworze', 'w', '1254', 'przebywał', 'franciszkański', 'podróżnik', 'Wilhelm', 'z', 'Rubruk', ',', 'który', 'pozostawił', 'opis', 'z', 'podróży', '.']	[0, 0, 0, 0, 0, 0, 0, 0, 1, 2, 2, 0, 0, 0, 0, 0, 0, 0]	pl	Na jego dworze w 1254 przebywał franciszkański podróżnik Wilhelm z Rubruk, który pozostawił opis z podróży.
['W', 'szczytowym', 'okresie', 'produkcji', 'w', 'Dessau', '–', 'siedzibie', 'koncernu', 'i', 'największym', 'zakładzie', 'produkcyjnym', 'zatrudniano', 'do', '40', 'tys', '.']	[0, 0, 0, 0, 0, 5, 0, 0, 0, 0, 0, 0, 0, 0, 0, 0, 0, 0]	pl	W szczytowym okresie produkcji w Dessau – siedzibie koncernu i największym zakładzie produkcyjnym zatrudniano do 40 tys.
['Od', 'jego', 'wydania', 'jest', 'ulubioną', 'piosenką', 'fanów', 'i', 'Bone', 'Thugs-n-Harmony', '.']	[0, 0, 0, 0, 0, 0, 0, 0, 3, 4, 0]	pl	Od jego wydania jest ulubioną piosenką fanów i Bone Thugs-n-Harmony.
"['Po', 'powstaniu', 'w', '1968', 'roku', 'ligi', 'NASL', '""', 'Toros', '""', 'zostało', 'przeniesione', 'do', 'San', 'Diego', '.']"	[0, 0, 0, 0, 0, 0, 0, 0, 0, 0, 0, 0, 0, 5, 6, 0]	pl	"Po powstaniu w 1968 roku ligi NASL ""Toros"" zostało przeniesione do San Diego."
"['""', 'Cernusson', '""', '–', 'miejscowość', 'i', 'gmina', 'we', 'Francji', ',', 'w', 'regionie', 'Kraj', 'Loary', ',', 'w', 'departamencie', 'Maine', 'i', 'Loara', '.']"	[0, 0, 0, 0, 0, 0, 0, 0, 5, 0, 0, 0, 5, 6, 0, 0, 0, 5, 6, 6, 0]	pl	"""Cernusson"" – miejscowość i gmina we Francji, w regionie Kraj Loary, w departamencie Maine i Loara."
['Swoje', 'spotkania', 'rozgrywają', 'na', 'nim', 'piłkarze', 'klubu', 'Al-Wehda', 'Club', 'Mekka', '.']	[0, 0, 0, 0, 0, 0, 0, 3, 4, 4, 0]	pl	Swoje spotkania rozgrywają na nim piłkarze klubu Al-Wehda Club Mekka.
['Akcja', 'filmu', 'rozgrywa', 'się', 'w', 'niedalekiej', 'przyszłości', 'w', 'mieście', 'Detroit', ',', 'opanowanym', 'przez', 'przestępczość', 'i', 'pogrążonym', 'w', 'finansowej', 'ruinie', '.']	[0, 0, 0, 0, 0, 0, 0, 0, 0, 5, 0, 0, 0, 0, 0, 0, 0, 0, 0, 0]	pl	Akcja filmu rozgrywa się w niedalekiej przyszłości w mieście Detroit, opanowanym przez przestępczość i pogrążonym w finansowej ruinie.
['Za', 'źródła', 'prawa', 'uznawany', 'jest', 'Koran', ',', 'sunna', ',', 'idżma', ',', 'kijas', '.']	[0, 0, 0, 0, 0, 7, 0, 0, 0, 0, 0, 0, 0]	pl	Za źródła prawa uznawany jest Koran, sunna, idżma, kijas.
['Zespół', 'był', 'supportowany', 'przez', 'Grave', 'Digger', 'i', 'Sabaton', '.']	[0, 0, 0, 0, 3, 4, 0, 3, 0]	pl	Zespół był supportowany przez Grave Digger i Sabaton.
"['""', 'Rayol-Canadel-sur-Mer', '""', '–', 'miejscowość', 'i', 'gmina', 'we', 'Francji', ',', 'w', 'regionie', 'Prowansja-Alpy-Lazurowe', 'Wybrzeże', ',', 'w', 'departamencie', 'Var', '.']"	[0, 0, 0, 0, 0, 0, 0, 0, 5, 0, 0, 0, 5, 6, 0, 0, 0, 5, 0]	pl	"""Rayol-Canadel-sur-Mer"" – miejscowość i gmina we Francji, w regionie Prowansja-Alpy-Lazurowe Wybrzeże, w departamencie Var."
"['Hirst', 'był', 'twórcą', ',', 'głównym', 'scenarzystą', 'i', 'producentem', 'wykonawczym', 'znanego', 'serialu', 'historycznego', '""', 'Dynastia', 'Tudorów', '""', ',', 'który', 'zadebiutował', 'w', '2007', 'roku', '.']"	[0, 0, 0, 0, 0, 0, 0, 0, 0, 0, 0, 0, 0, 7, 8, 0, 0, 0, 0, 0, 0, 0, 0]	pl	"Hirst był twórcą, głównym scenarzystą i producentem wykonawczym znanego serialu historycznego ""Dynastia Tudorów"", który zadebiutował w 2007 roku."
['Dwa', 'lata', 'potem', 'w', 'Miami', 'zbankrutował', '(', '1987', ')', '.']	[0, 0, 0, 0, 5, 0, 0, 0, 0, 0]	pl	Dwa lata potem w Miami zbankrutował (1987).
['PKP', 'Intercity', 'wykorzystuje', 'wagony', 'sypialne', '(', 'głównie', 'WLAB10ouz', 'i', 'WLAB10ou', ')', 'jako', 'kuszetki', '3-osobowe', '.']	[3, 4, 0, 0, 0, 0, 0, 0, 0, 0, 0, 0, 0, 0, 0]	pl	PKP Intercity wykorzystuje wagony sypialne (głównie WLAB10ouz i WLAB10ou) jako kuszetki 3-osobowe.
['liga', ')', ',', 'jako', 'spadkowicz', 'z', 'Ligue', '2', '.']	[0, 0, 0, 0, 0, 0, 3, 4, 0]	pl	liga), jako spadkowicz z Ligue 2.
['W', 'swojej', 'karierze', 'rozegrał', '31', 'spotkań', 'i', 'zdobył', '4', 'bramki', 'w', 'Super', 'liga', 'Srbije', '.']	[0, 0, 0, 0, 0, 0, 0, 0, 0, 0, 0, 7, 8, 8, 0]	pl	W swojej karierze rozegrał 31 spotkań i zdobył 4 bramki w Super liga Srbije.
['Leopold', 'Okulicki', 'w', 'maju', '1945', 'roku', 'rozpoczął', 'głodówkę', '.']	[1, 2, 0, 0, 0, 0, 0, 0, 0]	pl	Leopold Okulicki w maju 1945 roku rozpoczął głodówkę.
['Na', 'początku', 'grudnia', '2015', 'za', 'obopólna', 'zgodą', 'kontrakt', 'został', 'anulowany', ',', 'a', 'już', '28', 'grudnia', 'podpisał', 'kontrakt', 'z', 'klubem', 'Czerkaśkyj', 'Dnipro', 'Czerkasy', '.']	[0, 0, 0, 0, 0, 0, 0, 0, 0, 0, 0, 0, 0, 0, 0, 0, 0, 0, 0, 3, 4, 4, 0]	pl	Na początku grudnia 2015 za obopólna zgodą kontrakt został anulowany, a już 28 grudnia podpisał kontrakt z klubem Czerkaśkyj Dnipro Czerkasy.
['Latem', '2007', 'przeniósł', 'się', 'do', 'Bank', 'BPS', 'Basket', 'Kwidzyn', '.']	[0, 0, 0, 0, 0, 3, 4, 4, 4, 0]	pl	Latem 2007 przeniósł się do Bank BPS Basket Kwidzyn.
['Kilkanaście', 'publikacji', 'zostało', 'również', 'wydanych', 'za', 'granicą', '(', 'Czechy', ',', 'Litwa', ',', 'Słowacja', ',', 'Włochy', 'i', 'Wielka', 'Brytania', ')', '.']	[0, 0, 0, 0, 0, 0, 0, 0, 5, 0, 5, 0, 5, 0, 5, 0, 5, 6, 0, 0]	pl	Kilkanaście publikacji zostało również wydanych za granicą (Czechy, Litwa, Słowacja, Włochy i Wielka Brytania).
['Jest', 'on', 'wychowankiem', 'szkółki', 'piłkarskiej', 'Stade', 'Rennais', ',', 'gdzie', 'grał', 'przez', 'cztery', 'lata', '.']	[0, 0, 0, 0, 0, 3, 4, 0, 0, 0, 0, 0, 0, 0]	pl	Jest on wychowankiem szkółki piłkarskiej Stade Rennais, gdzie grał przez cztery lata.
['Decyzja', 'dowództwa', 'marynarki', 'cesarskiej', 'o', 'próbie', 'doprowadzenia', 'do', 'jeszcze', 'jednej', 'bitwy', 'z', 'Royal', 'Navy', ',', 'podjęta', 'już', 'po', 'wysłaniu', 'prośby', 'o', 'rozejm', ',', 'spowodowała', 'bunt', 'marynarzy', 'w', 'Kilonii', '.']	[0, 0, 0, 0, 0, 0, 0, 0, 0, 0, 0, 0, 3, 4, 0, 0, 0, 0, 0, 0, 0, 0, 0, 0, 0, 0, 0, 5, 0]	pl	Decyzja dowództwa marynarki cesarskiej o próbie doprowadzenia do jeszcze jednej bitwy z Royal Navy, podjęta już po wysłaniu prośby o rozejm, spowodowała bunt marynarzy w Kilonii.
"['Pierwsza', 'i', 'najlepiej', 'znana', 'płyta', 'tego', 'typu', 'była', 'oparta', 'na', 'musicalu', '""', 'My', 'Fair', 'Lady', '""', '.']"	[0, 0, 0, 0, 0, 0, 0, 0, 0, 0, 0, 0, 7, 8, 8, 0, 0]	pl	"Pierwsza i najlepiej znana płyta tego typu była oparta na musicalu ""My Fair Lady""."
"['Autorzy', 'Handbook', 'of', 'the', 'Birds', 'of', 'the', 'World', 'wspominają', 'także', 'o', '""', 'C.', 'n', '.']"	[0, 7, 8, 8, 8, 8, 8, 8, 0, 0, 0, 0, 0, 0, 0]	pl	"Autorzy Handbook of the Birds of the World wspominają także o ""C. n."
['Jego', 'syn', 'Henri', 'Regnault', 'był', 'znanym', 'i', 'cenionym', 'malarzem', 'francuskim', '.']	[0, 0, 1, 2, 0, 0, 0, 0, 0, 0, 0]	pl	Jego syn Henri Regnault był znanym i cenionym malarzem francuskim.
"['W', '1971', 'zrealizował', 'film', '""', 'Johnny', 'poszedł', 'na', 'wojnę', '""', '.']"	[0, 0, 0, 0, 0, 7, 8, 8, 8, 0, 0]	pl	"W 1971 zrealizował film ""Johnny poszedł na wojnę""."
['W', 'kolarstwie', 'w', 'konkurencji', '4000', 'm', 'na', 'dochodzenie', 'drużynowo', 'znakomite', 'drugie', 'miejsce', 'i', 'srebrny', 'medal', 'wywalczyli', 'Józef', 'Lange', ',', 'Jan', 'Łazarski', ',', 'Tomasz', 'Stankiewicz', 'i', 'Franciszek', 'Szymczyk', '.']	[0, 0, 0, 0, 0, 0, 0, 0, 0, 0, 0, 0, 0, 0, 0, 0, 1, 2, 0, 1, 2, 0, 1, 2, 0, 1, 2, 0]	pl	W kolarstwie w konkurencji 4000 m na dochodzenie drużynowo znakomite drugie miejsce i srebrny medal wywalczyli Józef Lange, Jan Łazarski, Tomasz Stankiewicz i Franciszek Szymczyk.
['Solo', 'gitarowe', 'w', 'utworze', 'zagrał', 'gitarzysta', 'Eddie', 'Van', 'Halen', '.']	[0, 0, 0, 0, 0, 0, 1, 2, 2, 0]	pl	Solo gitarowe w utworze zagrał gitarzysta Eddie Van Halen.
"['Do', 'innych', 'twórców', 'tego', 'okresu', 'należeli', 'Daniel', 'Naborowski', ',', 'autor', 'licznych', 'dzieł', 'pisanych', 'po', 'polsku', 'i', 'łacinie', '(', 'm.in.', '""', 'Marność', '""', ')', ',', 'Szymon', 'Zimorowic', ',', 'autor', 'tomu', '""', 'Roksolanki', '""', 'oraz', 'Szymon', 'Starowolski', '–', 'polsko-łaciński', 'publicysta', '.']"	[0, 0, 0, 0, 0, 0, 1, 2, 0, 0, 0, 0, 0, 0, 0, 0, 0, 0, 0, 0, 0, 0, 0, 0, 1, 2, 0, 0, 0, 0, 0, 0, 0, 1, 2, 0, 0, 0, 0]	pl	"Do innych twórców tego okresu należeli Daniel Naborowski, autor licznych dzieł pisanych po polsku i łacinie (m.in. ""Marność""), Szymon Zimorowic, autor tomu ""Roksolanki"" oraz Szymon Starowolski – polsko-łaciński publicysta."
['Stolica', 'kraju', 'Praga', 'jako', 'jedyne', 'miasto', 'liczyło', 'ponad', 'milion', 'mieszkańców', ';', '5', 'miast', 'z', 'ludnością', '100', '-', '500', 'tys.', ',', '12', 'miast', 'z', 'ludnością', '50', '-', '100', 'tys.', ',', '24', 'miasta', 'z', 'ludnością', '25', '-', '50', 'tys', '.']	[0, 0, 5, 0, 0, 0, 0, 0, 0, 0, 0, 0, 0, 0, 0, 0, 0, 0, 0, 0, 0, 0, 0, 0, 0, 0, 0, 0, 0, 0, 0, 0, 0, 0, 0, 0, 0, 0]	pl	Stolica kraju Praga jako jedyne miasto liczyło ponad milion mieszkańców; 5 miast z ludnością 100 - 500 tys., 12 miast z ludnością 50 - 100 tys., 24 miasta z ludnością 25 - 50 tys.
"['Obecnie', '(', '2016', ')', 'Międzynarodowy', 'Komitet', 'Ornitologiczny', 'umieszcza', 'ptaka', 'w', 'rodzaju', '""', 'Amazona', '""', '.']"	[0, 0, 0, 0, 3, 4, 4, 0, 0, 0, 0, 0, 0, 0, 0]	pl	"Obecnie (2016) Międzynarodowy Komitet Ornitologiczny umieszcza ptaka w rodzaju ""Amazona""."
"['""', 'Saint-Dizant-du-Bois', '""', '–', 'miejscowość', 'i', 'gmina', 'we', 'Francji', ',', 'w', 'regionie', 'Nowa', 'Akwitania', ',', 'w', 'departamencie', 'Charente-Maritime', '.']"	[0, 0, 0, 0, 0, 0, 0, 0, 5, 0, 0, 0, 5, 6, 0, 0, 0, 5, 0]	pl	"""Saint-Dizant-du-Bois"" – miejscowość i gmina we Francji, w regionie Nowa Akwitania, w departamencie Charente-Maritime."
"['W', '1994', 'na', 'tym', 'samym', 'wydziale', 'obronił', 'pracę', 'doktorską', 'z', 'zakresu', 'nauk', 'prawnych', 'pt.', '""', 'Milton', 'Friedman', 'i', 'Russell', 'Kirk', 'a', 'style', 'politycznego', 'myślenia', 'w', 'amerykańskiej', 'filozofii', 'konserwatywnej', '""', '.']"	[0, 0, 0, 0, 0, 0, 0, 0, 0, 0, 0, 0, 0, 0, 0, 1, 2, 0, 1, 2, 0, 0, 0, 0, 0, 0, 0, 0, 0, 0]	pl	"W 1994 na tym samym wydziale obronił pracę doktorską z zakresu nauk prawnych pt. ""Milton Friedman i Russell Kirk a style politycznego myślenia w amerykańskiej filozofii konserwatywnej""."
['Wiadomość', 'o', 'śmierci', 'Edwarda', 'dotarła', 'do', 'Middleham', 'w', 'połowie', 'kwietnia', '.']	[0, 0, 0, 1, 0, 0, 5, 0, 0, 0, 0]	pl	Wiadomość o śmierci Edwarda dotarła do Middleham w połowie kwietnia.
['Pierwsze', 'miasto', 'tej', 'dzielnicy', 'to', 'Płock', ',', 'został', 'lokowany', 'na', 'prawie', 'książęcym', 'w', '1237', 'r', '.']	[0, 0, 0, 0, 0, 5, 0, 0, 0, 0, 0, 0, 0, 0, 0, 0]	pl	Pierwsze miasto tej dzielnicy to Płock, został lokowany na prawie książęcym w 1237 r.
['W', '1991', 'roku', 'nowy', 'przywódca', 'Carl', 'Bildt', 'poprowadził', 'partię', 'do', 'zwycięstwa', ',', 'zostając', 'premierem', 'i', 'tworząc', 'nie-socjalistyczną', 'koalicję', 'rządową', 'do', '1994', '.']	[0, 0, 0, 0, 0, 1, 2, 0, 0, 0, 0, 0, 0, 0, 0, 0, 0, 0, 0, 0, 0, 0]	pl	W 1991 roku nowy przywódca Carl Bildt poprowadził partię do zwycięstwa, zostając premierem i tworząc nie-socjalistyczną koalicję rządową do 1994.
"['Jest', 'to', 'kontynuacja', 'gry', '""', 'Banjo-Kazooie', '""', '.']"	[0, 0, 0, 0, 0, 7, 0, 0]	pl	"Jest to kontynuacja gry ""Banjo-Kazooie""."
['Spośród', 'wymienionych', 'osób', 'wyrok', 'skazujący', '(', '4', 'lata', 'pozbawienia', 'wolności', ',', 'obniżony', 'o', 'połowę', 'na', 'mocy', 'amnestii', ',', 'w', 'zawieszeniu', 'na', '5', 'lat', ')', 'usłyszał', 'jedynie', 'Czesław', 'Kiszczak', '.']	[0, 0, 0, 0, 0, 0, 0, 0, 0, 0, 0, 0, 0, 0, 0, 0, 0, 0, 0, 0, 0, 0, 0, 0, 0, 0, 1, 2, 0]	pl	Spośród wymienionych osób wyrok skazujący (4 lata pozbawienia wolności, obniżony o połowę na mocy amnestii, w zawieszeniu na 5 lat) usłyszał jedynie Czesław Kiszczak.
"['W', 'tym', 'samym', 'roku', 'ukazały', 'się', 'również', 'kompilacje', ':', '""', 'Best', 'of', 'Budka', 'Suflera', '&', 'Urszula', '""', 'oraz', 'wydana', 'w', 'USA', 'w', 'limitowanym', 'nakładzie', 'z', 'okazji', 'jubileuszu', 'dziesięciolecia', 'jej', 'działalności', 'artystycznej', ',', '""', 'Greatest', 'Hits', 'of', 'Urszula', '""', 'z', 'niemal', 'identycznym', 'zestawem', 'nagrań', '.']"	[0, 0, 0, 0, 0, 0, 0, 0, 0, 0, 7, 8, 8, 8, 8, 8, 0, 0, 0, 0, 5, 0, 0, 0, 0, 0, 0, 0, 0, 0, 0, 0, 0, 7, 8, 8, 8, 0, 0, 0, 0, 0, 0, 0]	pl	"W tym samym roku ukazały się również kompilacje: ""Best of Budka Suflera & Urszula"" oraz wydana w USA w limitowanym nakładzie z okazji jubileuszu dziesięciolecia jej działalności artystycznej, ""Greatest Hits of Urszula"" z niemal identycznym zestawem nagrań."
['W', 'tym', 'samym', 'sezonie', 'wziął', 'udział', 'również', 'w', 'kilu', 'wyścigach', 'World', 'Superbike', '.']	[0, 0, 0, 0, 0, 0, 0, 0, 0, 0, 7, 8, 0]	pl	W tym samym sezonie wziął udział również w kilu wyścigach World Superbike.
['Strembel', 'zagrał', 'we', 'wszystkich', 'pięciu', 'meczach', '-', 'z', 'Paragwajem', ',', 'Boliwią', ',', 'Chile', ',', 'Urugwajem', '(', 'w', '65', 'minucie', 'zmienił', 'go', 'Saúl', 'Ongaro', ')', 'i', 'Brazylią', '(', 'w', '30', 'minucie', 'zmienił', 'go', 'Saúl', 'Ongaro', ')', '.']	[0, 0, 0, 0, 0, 0, 0, 0, 5, 0, 3, 0, 5, 0, 3, 0, 0, 0, 0, 0, 0, 1, 2, 0, 0, 7, 0, 0, 0, 0, 0, 0, 1, 2, 0, 0]	pl	Strembel zagrał we wszystkich pięciu meczach - z Paragwajem, Boliwią, Chile, Urugwajem (w 65 minucie zmienił go Saúl Ongaro) i Brazylią (w 30 minucie zmienił go Saúl Ongaro).
"['""', 'Moncé-en-Belin', '""', '–', 'miejscowość', 'i', 'gmina', 'we', 'Francji', ',', 'w', 'regionie', 'Kraj', 'Loary', ',', 'w', 'departamencie', 'Sarthe', '.']"	[0, 0, 0, 0, 0, 0, 0, 0, 5, 0, 0, 0, 5, 6, 0, 0, 0, 5, 0]	pl	"""Moncé-en-Belin"" – miejscowość i gmina we Francji, w regionie Kraj Loary, w departamencie Sarthe."
['W', 'listopadzie', '2015', 'został', 'zawodnikiem', 'Detroit', 'Tigers', '.']	[0, 0, 0, 0, 0, 3, 4, 0]	pl	W listopadzie 2015 został zawodnikiem Detroit Tigers.
['Najwyższym', 'szczytem', 'pasma', 'innuickiego', 'jest', 'Barbeau', 'Peak', '(', '2616', 'm', 'n.p.m.', ')', '.']	[0, 0, 0, 0, 0, 5, 6, 0, 0, 0, 0, 0, 0]	pl	Najwyższym szczytem pasma innuickiego jest Barbeau Peak (2616 m n.p.m.).
['Wprowadziła', 'go', 'do', 'świata', 'artystów', 'i', 'pisarzy', 'emigracyjnych', 'dzielnicy', 'Montparnasse', ',', 'których', 'określała', '„', 'straconym', 'pokoleniem', '”', '.']	[0, 0, 0, 0, 0, 0, 0, 0, 0, 5, 0, 0, 0, 0, 0, 0, 0, 0]	pl	Wprowadziła go do świata artystów i pisarzy emigracyjnych dzielnicy Montparnasse, których określała „straconym pokoleniem ”.
"['News', '""', 'emitowanego', 'na', 'antenie', 'stacji', 'telewizyjnej', 'E', '!']"	[0, 0, 0, 0, 0, 0, 0, 3, 4]	pl	"News ""emitowanego na antenie stacji telewizyjnej E!"
