text	label_text
a stirring , funny and finally transporting re-imagining of beauty and the beast and 1930s horror films	very positive
apparently reassembled from the cutting-room floor of any given daytime soap .	negative
they presume their audience wo n't sit still for a sociology lesson , however entertainingly presented , so they trot out the conventional science-fiction elements of bug-eyed monsters and futuristic women in skimpy clothes .	negative
the entire movie is filled with deja vu moments .	neutral
this is a visually stunning rumination on love , memory , history and the war between art and commerce .	positive
um , no. .	neutral
jonathan parker 's bartleby should have been the be-all-end-all of the modern-office anomie films .	positive
campanella gets the tone just right -- funny in the middle of sad in the middle of hopeful .	positive
a fan film that for the uninitiated plays better on video with the sound turned down .	negative
béart and berling are both superb , while huppert ... is magnificent .	very positive
a little less extreme than in the past , with longer exposition sequences between them , and with fewer gags to break the tedium .	negative
the film is strictly routine .	negative
a lyrical metaphor for cultural and personal self-discovery and a picaresque view of a little-remembered world .	positive
the most repugnant adaptation of a classic text since roland joffé and demi moore 's the scarlet letter .	negative
for something as splendid-looking as this particular film , the viewer expects something special but instead gets -lrb- sci-fi -rrb- rehash .	negative
this is a stunning film , a one-of-a-kind tour de force .	very positive
may be more genial than ingenious , but it gets the job done .	positive
there is a freedom to watching stunts that are this crude , this fast-paced and this insane .	positive
if the tuxedo actually were a suit , it would fit chan like a $ 99 bargain-basement special .	negative
as quiet , patient and tenacious as mr. lopez himself , who approaches his difficult , endless work with remarkable serenity and discipline .	very positive
final verdict : you 've seen it all before .	very negative
blue crush follows the formula , but throws in too many conflicts to keep the story compelling .	negative
you ... get a sense of good intentions derailed by a failure to seek and strike just the right tone .	negative
a slick , engrossing melodrama .	very positive
a wretched movie that reduces the second world war to one man 's quest to find an old flame .	negative
eccentric enough to stave off doldrums , caruso 's self-conscious debut is also eminently forgettable .	neutral
will undoubtedly play well in european markets , where mr. besson is a brand name , and in asia , where ms. shu is an institution , but american audiences will probably find it familiar and insufficiently cathartic .	negative
one of -lrb- jaglom 's -rrb- better efforts -- a wry and sometime bitter movie about love .	neutral
lacks the inspiration of the original and has a bloated plot that stretches the running time about 10 minutes past a child 's interest and an adult 's patience .	very negative
the santa clause 2 proves itself a more streamlined and thought out encounter than the original could ever have hoped to be .	positive
the film is moody , oozing , chilling and heart-warming all at once ... a twisting , unpredictable , cat-and-mouse thriller .	very positive
too bad .	negative
a strong first act and absolutely , inescapably gorgeous , skyscraper-trapeze motion of the amazing spider-man .	very positive
gooding offers a desperately ingratiating performance .	negative
you end up simply admiring this bit or that , this performance or that .	neutral
a well-intentioned effort that 's still too burdened by the actor 's offbeat sensibilities for the earnest emotional core to emerge with any degree of accessibility .	negative
analyze that regurgitates and waters down many of the previous film 's successes , with a few new swings thrown in .	neutral
there 's a neat twist , subtly rendered , that could have wrapped things up at 80 minutes , but kang tacks on three or four more endings .	neutral
a fun ride .	positive
what with the incessant lounge music playing in the film 's background , you may mistake love liza for an adam sandler chanukah song .	neutral
an edgy thriller that delivers a surprising punch .	positive
` what 's the russian word for wow !? '	positive
you might say tykwer has done all that heaven allows , if you wanted to make as anti-kieslowski a pun as possible .	neutral
many shallower movies these days seem too long , but this one is egregiously short .	neutral
otto-sallies has a real filmmaker 's eye .	positive
lurid and less than lucid work .	negative
a portrait of an artist .	neutral
once again , the intelligence of gay audiences has been grossly underestimated , and a meaty plot and well-developed characters have been sacrificed for skin and flash that barely fizzle .	neutral
with a confrontational stance , todd solondz takes aim on political correctness and suburban families .	neutral
many of the effective horror elements are dampened through familiarity , -lrb- yet -rrb- are worthwhile .	neutral
with its parade of almost perpetually wasted characters ... margarita feels like a hazy high that takes too long to shake .	negative
i could just feel the screenwriter at every moment ` tap , tap , tap , tap , tapping away ' on this screenplay .	negative
overall , cletis tout is a winning comedy that excites the imagination and tickles the funny bone .	very positive
you live the mood rather than savour the story .	positive
the movie is so thoughtlessly assembled .	positive
here polanski looks back on those places he saw at childhood , and captures them by freeing them from artefact , and by showing them heartbreakingly drably .	neutral
some body is a shaky , uncertain film that nevertheless touches a few raw nerves .	positive
it 's a very sincere work , but it would be better as a diary or documentary .	positive
while american adobo has its heart -lrb- and its palate -rrb- in the right place , its brain is a little scattered -- ditsy , even .	negative
unfolds with such a wallop of you-are-there immediacy that when the bullets start to fly , your first instinct is to duck .	very positive
and it 's a lousy one at that .	very negative
it 's not too fast and not too slow .	positive
it 's an entertaining movie , and the effects , boosted to the size of a downtown hotel , will all but take you to outer space .	positive
it is as uncompromising as it is nonjudgmental , and makes clear that a prostitute can be as lonely and needy as any of the clients .	positive
compellingly watchable .	very positive
despite some comic sparks , welcome to collinwood never catches fire .	negative
he may have meant the internet short saving ryan 's privates .	neutral
though jackson does n't always succeed in integrating the characters in the foreground into the extraordinarily rich landscape , it must be said that he is an imaginative filmmaker who can see the forest for the trees .	positive
not only does spider-man deliver , but i suspect it might deliver again and again .	very positive
it 's worth taking the kids to .	very positive
the movie plays up the cartoon 's more obvious strength of snazziness while neglecting its less conspicuous writing strength .	neutral
without shakespeare 's eloquent language , the update is dreary and sluggish .	very negative
dense , exhilarating documentary .	positive
... feels as if -lrb- there 's -rrb- a choke leash around your neck so director nick cassavetes can give it a good , hard yank whenever he wants you to feel something .	very negative
poignant if familiar story of a young person suspended between two cultures .	positive
a perfectly acceptable , perfectly bland , competently acted but by no means scary horror movie .	neutral
methodical , measured , and gently tedious in its comedy , secret ballot is a purposefully reductive movie -- which may be why it 's so successful at lodging itself in the brain .	very positive
this is amusing for about three minutes .	neutral
though a touch too arthouse 101 in its poetic symbolism , heaven proves to be a good match of the sensibilities of two directors .	positive
superbly photographed and staged by mendes with a series of riveting set pieces the likes of which mainstream audiences have rarely seen .	very positive
a metaphor for a modern-day urban china searching for its identity .	positive
it 's a square , sentimental drama that satisfies , as comfort food often can .	positive
the wonderfully lush morvern callar is pure punk existentialism , and ms. ramsay and her co-writer , liana dognini , have dramatized the alan warner novel , which itself felt like an answer to irvine welsh 's book trainspotting .	positive
admirers of director abel ferrara may be relieved that his latest feature , r xmas , marks a modest if encouraging return to form .	very positive
not once in the rush to save the day did i become very involved in the proceedings ; to me , it was just a matter of ` eh . '	negative
an ugly-duckling tale so hideously and clumsily told it feels accidental .	very negative
becomes a bit of a mishmash : a tearjerker that does n't and a thriller that wo n't .	very negative
at its worst , the movie is pretty diverting ; the pity is that it rarely achieves its best .	neutral
could i have been more geeked when i heard that apollo 13 was going to be released in imax format ?	very positive
this is a very ambitious project for a fairly inexperienced filmmaker , but good actors , good poetry and good music help sustain it .	positive
more successful at relating history than in creating an emotionally complex , dramatically satisfying heroine	negative
cho 's timing is priceless .	very positive
criminal conspiracies and true romances move so easily across racial and cultural lines in the film that it makes my big fat greek wedding look like an apartheid drama .	positive
there 's something to be said for a studio-produced film that never bothers to hand viewers a suitcase full of easy answers .	positive
what elevates the movie above the run-of-the-mill singles blender is its surreal sense of humor and technological finish .	very positive
greengrass -lrb- working from don mullan 's script -rrb- forgoes the larger socio-political picture of the situation in northern ireland in favour of an approach that throws one in the pulsating thick of a truly frightening situation .	neutral
nicholson 's understated performance is wonderful .	very positive
the filmmakers know how to please the eye , but it is not always the prettiest pictures that tell the best story .	positive
it 's unfortunate that wallace , who wrote gibson 's braveheart as well as the recent pearl harbor , has such an irrepressible passion for sappy situations and dialogue .	negative
jackson shamefully strolls through this mess with a smug grin , inexplicably wearing a kilt and carrying a bag of golf clubs over one shoulder .	negative
jackson tries to keep the plates spinning as best he can , but all the bouncing back and forth ca n't help but become a bit tedious -- even with the breathtaking landscapes and villainous varmints there to distract you from the ricocheting .	neutral
... a fascinating curiosity piece -- fascinating , that is , for about ten minutes .	negative
over and over again .	negative
nolan proves that he can cross swords with the best of them and helm a more traditionally plotted popcorn thriller while surrendering little of his intellectual rigor or creative composure .	very positive
this bond film goes off the beaten path , not necessarily for the better .	negative
... its solemn pretension prevents us from sharing the awe in which it holds itself .	negative
the drama discloses almost nothing .	negative
a sham construct based on theory , sleight-of-hand , and ill-wrought hypothesis .	negative
isabelle huppert excels as the enigmatic mika and anna mouglalis is a stunning new young talent in one of chabrol 's most intense psychological mysteries .	very positive
but ` why ? '	neutral
like its parade of predecessors , this halloween is a gory slash-fest .	positive
perhaps the best sports movie i 've ever seen .	very positive
this pathetic junk is barely an hour long .	very negative
ou 've got to love a disney pic with as little cleavage as this one has , and a heroine as feisty and principled as jane .	positive
this is a gorgeous film - vivid with color , music and life .	very positive
playing a role of almost bergmanesque intensity ... bisset is both convincing and radiant .	positive
the trappings of i spy are so familiar you might as well be watching a rerun .	negative
it treats ana 's journey with honesty that is tragically rare in the depiction of young women in film .	positive
leigh makes these lives count .	positive
igby goes down is one of those movies .	neutral
ambitious , unsettling psychodrama that takes full , chilling advantage of its rough-around-the-edges , low-budget constraints .	positive
the woodman seems to have directly influenced this girl-meets-girl love story , but even more reassuring is how its makers actually seem to understand what made allen 's romantic comedies so pertinent and enduring .	positive
i could n't recommend this film more .	positive
an inexperienced director , mehta has much to learn .	negative
you can taste it , but there 's no fizz .	negative
a reworking of die hard and cliffhanger but it 's nowhere near as exciting as either .	negative
a moving tale of love and destruction in unexpected places , unexamined lives .	positive
it has more than a few moments that are insightful enough to be fondly remembered in the endlessly challenging maze of moviegoing .	positive
why ?	negative
and that is where ararat went astray .	negative
vincent gallo is right at home in this french shocker playing his usual bad boy weirdo role .	positive
clockstoppers is one of those crazy , mixed-up films that does n't know what it wants to be when it grows up .	negative
sandra bullock , despite downplaying her good looks , carries a little too much ai n't - she-cute baggage into her lead role as a troubled and determined homicide cop to quite pull off the heavy stuff .	negative
it 's mostly a pleasure to watch .	positive
a bit too derivative to stand on its own as the psychological thriller it purports to be .	neutral
its spirit of iconoclastic abandon -- however canned -- makes for unexpectedly giddy viewing .	positive
a kilted jackson is an unsettling sight , and indicative of his , if you will , out-of-kilter character , who rambles aimlessly through ill-conceived action pieces .	negative
i did n't find much fascination in the swinging .	negative
this is no `` waterboy ! ''	negative
but the nerve-raked acting , the crackle of lines , the impressive stagings of hardware , make for some robust and scary entertainment .	very positive
a witty , trenchant , wildly unsentimental but flawed look at the ins and outs of modern moviemaking .	neutral
baby-faced renner is eerily convincing as this bland blank of a man with unimaginable demons within .	positive
the name says it all .	neutral
the kind of primal storytelling that george lucas can only dream of .	positive
it 's been 20 years since 48 hrs .	neutral
uplifting as only a document of the worst possibilities of mankind can be , and among the best films of the year .	very positive
the irwins ' scenes are fascinating ; the movie as a whole is cheap junk and an insult to their death-defying efforts .	very negative
it 's a frightful vanity film that , no doubt , pays off what debt miramax felt they owed to benigni .	very negative
he seems to want both , but succeeds in making neither .	negative
funny , though .	neutral
by turns fanciful , grisly and engagingly quixotic .	positive
the re-release of ron howard 's apollo 13 in the imax format proves absolutely that really , really , really good things can come in enormous packages .	positive
unofficially , national lampoon 's van wilder is son of animal house .	neutral
it never is , not fully .	neutral
it 's just a little too self-satisfied .	neutral
i 've never seen -lrb- a remake -rrb- do anything as stomach-turning as the way adam sandler 's new movie rapes , pillages and incinerates frank capra 's classic ...	very negative
those who want to be jolted out of their gourd should drop everything and run to ichi .	positive
post 9\/11 the philosophical message of `` personal freedom first '' might not be as palatable as intended .	neutral
mr. deeds is , as comedy goes , very silly -- and in the best way .	very positive
this amiable picture talks tough , but it 's all bluster -- in the end it 's as sweet as greenfingers ...	positive
my little eye is the best little `` horror '' movie i 've seen in years .	very positive
the movie is a negligible work of manipulation , an exploitation piece doing its usual worst to guilt-trip parents .	negative
it may ... work as a jaunt down memory lane for teens and young adults who grew up on televised scooby-doo shows or reruns .	positive
suffers from a flat script and a low budget .	negative
the movie is well done , but slow .	negative
the plot plummets into a comedy graveyard before janice comes racing to the rescue in the final reel .	neutral
the master of disguise is awful .	very negative
it 's an actor 's showcase that accomplishes its primary goal without the use of special effects , but rather by emphasizing the characters -- including the supporting ones .	neutral
same song , second verse , coulda been better , but it coulda been worse .	neutral
the film is one of the year 's best .	very positive
that the chuck norris `` grenade gag '' occurs about 7 times during windtalkers is a good indication of how serious-minded the film is .	neutral
frida is certainly no disaster , but neither is it the kahlo movie frida fans have been looking for .	neutral
one of the year 's most weirdly engaging and unpredictable character pieces .	very positive
the direction occasionally rises to the level of marginal competence , but for most of the film it is hard to tell who is chasing who or why .	negative
the three leads produce adequate performances , but what 's missing from this material is any depth of feeling .	very negative
`` looking for leonard '' just seems to kinda sit in neutral , hoping for a stiff wind to blow it uphill or something .	negative
the most surprising thing about this film is that they are actually releasing it into theaters .	very negative
... one resurrection too many .	negative
oh , look at that clever angle !	positive
warmed-over hash .	neutral
no , i hate it .	very negative
for a long time the film succeeds with its dark , delicate treatment of these characters and its unerring respect for them .	positive
the casting of raymond j. barry as the ` assassin ' greatly enhances the quality of neil burger 's impressive fake documentary .	positive
the film is like sitting in a downtown café , overhearing a bunch of typical late-twenty-somethings natter on about nothing , and desperately wishing you could change tables .	very negative
the filmmakers want nothing else than to show us a good time , and in their cheap , b movie way , they succeed .	positive
a rollicking ride , with jaw-dropping action sequences , striking villains , a gorgeous color palette , astounding technology , stirring music and a boffo last hour that leads up to a strangely sinister happy ending .	very positive
an hour and a half of joyful solo performance .	very positive
contrived pastiche of caper clichés .	negative
a triumph , a film that hews out a world and carries us effortlessly from darkness to light .	very positive
steven soderbergh 's digital video experiment is a clever and cutting , quick and dirty look at modern living and movie life .	positive
kinnear 's performance is a career-defining revelation .	very positive
not only a reminder of how they used to make movies , but also how they sometimes still can be made .	positive
the dragons are the real stars of reign of fire and you wo n't be disappointed .	positive
if you 're over 25 , have an iq over 90 , and have a driver 's license , you should be able to find better entertainment .	very negative
for devotees of french cinema , safe conduct is so rich with period minutiae it 's like dying and going to celluloid heaven .	very positive
scherfig , who has had a successful career in tv , tackles more than she can handle .	negative
really dumb but occasionally really funny .	neutral
this sade is hardly a perverse , dangerous libertine and agitator -- which would have made for better drama .	negative
by the end of the movie , you 're definitely convinced that these women are spectacular .	positive
... a plotline that 's as lumpy as two-day old porridge ... the filmmakers ' paws , sad to say , were all over this `` un-bear-able '' project !	very negative
largely , this is a movie that also does it by the numbers .	neutral
the modern-day royals have nothing on these guys when it comes to scandals .	negative
essentially `` fatal attraction '' remade for viewers who were in diapers when the original was released in 1987 .	negative
it does n't really know or care about the characters , and uses them as markers for a series of preordained events .	negative
` opening up ' the play more has partly closed it down .	negative
even though it 's common knowledge that park and his founding partner , yong kang , lost kozmo in the end , you ca n't help but get caught up in the thrill of the company 's astonishing growth .	positive
lots of effort and intelligence are on display but in execution it is all awkward , static , and lifeless rumblings .	very negative
every moment crackles with tension , and by the end of the flick , you 're on the edge of your seat .	very positive
the imax screen enhances the personal touch of manual animation .	very positive
coal is n't as easy to come by as it used to be and this would be a worthy substitute for naughty children 's stockings .	negative
as pedestrian as they come .	very negative
why , you may ask , why should you buy the movie milk when the tv cow is free ?	negative
sunk by way too much indulgence of scene-chewing , teeth-gnashing actorliness .	very negative
that 's fun for kids of any age .	very positive
raimi and his team could n't have done any better in bringing the story of spider-man to the big screen .	very positive
a colorful , joyous celebration of life ; a tapestry woven of romance , dancing , singing , and unforgettable characters .	very positive
frank mcklusky c.i. is that movie !	neutral
a rip-roaring comedy action fest that 'll put hairs on your chest .	positive
the premise of jason x is silly but strangely believable .	positive
the modern-day characters are nowhere near as vivid as the 19th-century ones .	negative
chelsea walls is a case of too many chefs fussing over too weak a recipe .	negative
the cast ... keeps this pretty watchable , and casting mick jagger as director of the escort service was inspired .	positive
plods along , minus the twisted humor and eye-popping visuals that have made miike ... a cult hero .	neutral
-lrb- the kid 's -rrb- just too bratty for sympathy , and as the film grows to its finale , his little changes ring hollow .	negative
contradicts everything we 've come to expect from movies nowadays .	positive
there is little question that this is a serious work by an important director who has something new to say about how , in the flip-flop of courtship , we often reel in when we should be playing out .	positive
the script has less spice than a rat burger and the rock 's fighting skills are more in line with steven seagal .	negative
the solid filmmaking and convincing characters makes this a high water mark for this genre .	very positive
the kind of movie that comes along only occasionally , one so unconventional , gutsy and perfectly executed it takes your breath away .	very positive
and a very rainy day .	neutral
with an admirably dark first script by brent hanley , paxton , making his directorial feature debut , does strong , measured work .	very positive
the film has a childlike quality about it .	neutral
a really funny fifteen-minute short stretched beyond its limits to fill an almost feature-length film .	neutral
gone are the flamboyant mannerisms that are the trademark of several of his performances .	neutral
funny , somber , absurd , and , finally , achingly sad , bartleby is a fine , understated piece of filmmaking .	very positive
every now and again , a movie comes along to remind us of how very bad a motion picture can truly be .	very negative
unfortunately , there is almost nothing in this flat effort that will amuse or entertain them , either .	negative
schrader examines crane 's decline with unblinking candor .	positive
count on his movie to work at the back of your neck long after you leave the theater .	neutral
that the e-graveyard holds as many good ideas as bad is the cold comfort that chin 's film serves up with style and empathy .	positive
you would n't want to live waydowntown , but it is a hilarious place to visit .	positive
the bai brothers have taken an small slice of history and opened it up for all of us to understand , and they 've told a nice little story in the process .	very positive
there 's not one decent performance from the cast and not one clever line of dialogue .	very negative
translation : ` we do n't need to try very hard . '	negative
return to never land is reliable , standard disney animated fare , with enough creative energy and wit to entertain all ages .	very positive
it sticks rigidly to the paradigm , rarely permitting its characters more than two obvious dimensions and repeatedly placing them in contrived , well-worn situations .	negative
in many ways , reminiscent of 1992 's unforgiven which also utilized the scintillating force of its actors to draw out the menace of its sparse dialogue .	neutral
caine makes us watch as his character awakens to the notion that to be human is eventually to have to choose .	positive
a captivating and intimate study about dying and loving ...	very positive
oversexed , at times overwrought comedy\/drama that offers little insight into the experience of being forty , female and single .	very negative
the world needs more filmmakers with passionate enthusiasms like martin scorsese .	very positive
the director seems to take an unseemly pleasure in -lrb- the characters ' -rrb- misery and at the same time to congratulate himself for having the guts to confront it .	negative
the history is fascinating ; the action is dazzling .	very positive
the unexpected thing is that its dying , in this shower of black-and-white psychedelia , is quite beautiful .	positive
i also believe that resident evil is not it .	negative
if only there were one for this kind of movie .	neutral
offers a clear-eyed chronicle of a female friendship that is more complex and honest than anything represented in a hollywood film .	very positive
it may be about drug dealers , kidnapping , and unsavory folks , but the tone and pacing are shockingly intimate .	neutral
meeting , even exceeding expectations , it 's the best sequel since the empire strikes back ... a majestic achievement , an epic of astonishing grandeur and surprising emotional depth .	very positive
while general audiences might not come away with a greater knowledge of the facts of cuban music , they 'll be treated to an impressive and highly entertaining celebration of its sounds .	very positive
not only better than its predecessor , it may rate as the most magical and most fun family fare of this or any recent holiday season .	very positive
... may work as an addictive guilty pleasure but the material never overcomes its questionable satirical ambivalence .	negative
death to smoochy tells a moldy-oldie , not-nearly - as-nasty - as-it - thinks-it-is joke .	negative
spielberg 's picture is smarter and subtler than -lrb- total recall and blade runner -rrb- , although its plot may prove too convoluted for fun-seeking summer audiences .	positive
hart 's war seems to want to be a character study , but apparently ca n't quite decide which character .	negative
smaller numbered kidlets will enjoy .	positive
offers no new insight on the matter , nor do its characters exactly spring to life .	very negative
i 'm convinced i could keep a family of five blind , crippled , amish people alive in this situation better than these british soldiers do at keeping themselves kicking .	negative
the connected stories of breitbart and hanussen are actually fascinating , but the filmmaking in invincible is such that the movie does not do them justice .	negative
the characters are more deeply thought through than in most ` right-thinking ' films .	positive
these characters are so well established that the gang feels comfortable with taking insane liberties and doing the goofiest stuff out of left field , and i 'm all for that .	positive
with a completely predictable plot , you 'll swear that you 've seen it all before , even if you 've never come within a mile of the longest yard .	very negative
the jokes are sophomoric , stereotypes are sprinkled everywhere and the acting ranges from bad to bodacious .	very negative
you see robin williams and psycho killer , and you think , hmmmmm .	neutral
cho 's latest comic set is n't as sharp or as fresh as i 'm the one that i want ... but it 's still damn funny stuff .	positive
much has been written about those years when the psychedelic '60s grooved over into the gay '70s , but words do n't really do the era justice .	positive
one of the best looking and stylish animated movies in quite a while ...	very positive
the armenian genocide deserves a more engaged and honest treatment .	neutral
light the candles , bring out the cake and do n't fret about the calories because there 's precious little substance in birthday girl -- it 's simply , and surprisingly , a nice , light treat .	very positive
it 's good , hard-edged stuff , violent and a bit exploitative but also nicely done , morally alert and street-smart .	positive
sayles ... once again strands his superb performers in the same old story .	negative
high crimes carries almost no organic intrigue as a government \/ marine\/legal mystery , and that 's because the movie serves up all of that stuff , nearly subliminally , as the old-hat province of male intrigue .	negative
nicole kidman makes it a party worth attending .	very positive
bogdanovich puts history in perspective and , via kirsten dunst 's remarkable performance , he showcases davies as a young woman of great charm , generosity and diplomacy .	positive
the gentle comic treatment of adolescent sturm und drang should please fans of chris fuhrman 's posthumously published cult novel .	positive
shatner is probably the funniest person in the film , which gives you an idea just how bad it was .	negative
this is a fragmented film , once a good idea that was followed by the bad idea to turn it into a movie .	very negative
there 's some outrageously creative action in the transporter ... -lrb- b -rrb- ut by the time frank parachutes down onto a moving truck , it 's just another cartoon with an unstoppable superman .	negative
for those of an indulgent , slightly sunbaked and summery mind , sex and lucia may well prove diverting enough .	positive
it might be ` easier ' to watch on video at home , but that should n't stop die-hard french film connoisseurs from going out and enjoying the big-screen experience .	positive
new yorkers always seem to find the oddest places to dwell ...	neutral
-lrb- reno -rrb- delivers a monologue that manages to incorporate both the horror and the absurdity of the situation in a well-balanced fashion .	positive
rich in atmosphere of the post-war art world , it manages to instruct without reeking of research library dust .	positive
more good than great but freeman and judd make it work .	positive
it 's nice to see piscopo again after all these years , and chaykin and headly are priceless .	positive
never again , while nothing special , is pleasant , diverting and modest -- definitely a step in the right direction .	positive
if the last man were the last movie left on earth , there would be a toss-up between presiding over the end of cinema as we know it and another night of delightful hand shadows .	negative
she is a lioness , protecting her cub , and he a reluctant villain , incapable of controlling his crew .	positive
this is an interesting movie ! ''	very positive
it 's simply stupid , irrelevant and deeply , truly , bottomlessly cynical .	very negative
might be one of those vanity projects in which a renowned filmmaker attempts to show off his talent by surrounding himself with untalented people .	neutral
the movie is almost completely lacking in suspense , surprise and consistent emotional conviction .	very negative
are monsters born , or made ?	neutral
the characters are so generic and the plot so bland that even as rogue cia assassins working for chris cooper 's agency boss close in on the resourceful amnesiac , we do n't feel much for damon\/bourne or his predicament .	very negative
only at the prospect of beck 's next project .	neutral
consider this review life-affirming .	neutral
like a can of 2-day old coke .	very negative
this masterfully calibrated psychological thriller thrives on its taut performances and creepy atmosphere even if the screenplay falls somewhat short .	positive
yes , i suppose it 's lovely that cal works out his issues with his dad and comes to terms with his picture-perfect life -- but world traveler gave me no reason to care , so i did n't .	very negative
rodriguez ... was unable to reproduce the special spark between the characters that made the first film such a delight .	neutral
jones helps breathe some life into the insubstantial plot , but even he is overwhelmed by predictability .	neutral
that the film opens with maggots crawling on a dead dog is not an out of place metaphor .	negative
if the plot seems a bit on the skinny side , that 's because panic room is interested in nothing more than sucking you in ... and making you sweat .	positive
drumline ably captures the complicated relationships in a marching band .	positive
the entire cast is first-rate , especially sorvino .	very positive
it 's a drag how nettelbeck sees working women -- or at least this working woman -- for whom she shows little understanding .	very negative
nothing about this movie works .	very negative
a solidly entertaining little film .	positive
if the movie were all comedy , it might work better .	neutral
-lrb- `` safe conduct '' -rrb- is a long movie at 163 minutes but it fills the time with drama , romance , tragedy , bravery , political intrigue , partisans and sabotage .	positive
although mainstream american movies tend to exploit the familiar , every once in a while a film arrives from the margin that gives viewers a chance to learn , to grow , to travel .	positive
a hit - and-miss affair , consistently amusing but not as outrageous or funny as cho may have intended or as imaginative as one might have hoped .	negative
this is an exercise in chilling style , and twohy films the sub , inside and out , with an eye on preserving a sense of mystery .	very positive
hey everybody , wanna watch a movie in which a guy dressed as a children 's party clown gets violently gang-raped ?	very negative
it makes compelling , provocative and prescient viewing .	very positive
a flawed but engrossing thriller .	positive
never comes together as a coherent whole .	negative
a decided lack of spontaneity in its execution and a dearth of real poignancy in its epiphanies .	very negative
what sets ms. birot 's film apart from others in the genre is a greater attention to the parents -- and particularly the fateful fathers -- in the emotional evolution of the two bewitched adolescents .	positive
like most of jaglom 's films , some of it is honestly affecting , but more of it seems contrived and secondhand .	negative
it 's a wise and powerful tale of race and culture forcefully told , with superb performances throughout .	very positive
one of those terrific documentaries that collect a bunch of people who are enthusiastic about something and then figures out how to make us share their enthusiasm .	very positive
not only are the film 's sopranos gags incredibly dated and unfunny , they also demonstrate how desperate the makers of this ` we 're - doing-it-for - the-cash ' sequel were .	very negative
i have to admit that i am baffled by jason x.	negative
the film gets close to the chimps the same way goodall did , with a serious minded patience , respect and affection .	positive
a rip-off twice removed , modeled after -lrb- seagal 's -rrb- earlier copycat under siege , sometimes referred to as die hard on a boat .	very negative
ms. seigner and mr. serrault bring fresh , unforced naturalism to their characters .	very positive
that 's muy loco , but no more ridiculous than most of the rest of `` dragonfly . ''	negative
but the movie that does n't really deliver for country music fans or for family audiences	very negative
if you answered yes , by all means enjoy the new guy .	positive
generates an enormous feeling of empathy for its characters .	positive
the low-key direction is pleasingly emphatic in this properly intense , claustrophobic tale of obsessive love .	positive
those prone to indignation need not apply ; those susceptible to blue hilarity , step right up .	positive
now he makes them .	neutral
an intriguing look at the french film industry during the german occupation ; its most delightful moments come when various characters express their quirky inner selves .	positive
would make an excellent companion piece to the similarly themed ` the french lieutenant 's woman . '	positive
if you like quirky , odd movies and\/or the ironic , here 's a fun one .	very positive
no french people were harmed during the making of this movie , but they were insulted and the audience was put through torture for an hour and a half .	very negative
woody allen can write and deliver a one liner as well as anybody .	very positive
kaufman and jonze take huge risks to ponder the whole notion of passion -- our desire as human beings for passion in our lives and the emptiness one feels when it is missing .	neutral
the most consistently funny of the austin powers films .	positive
it 's both degrading and strangely liberating to see people working so hard at leading lives of sexy intrigue , only to be revealed by the dispassionate gantz brothers as ordinary , pasty lumpen .	positive
the members manage to pronounce kok exactly as you think they might , thus giving the cast ample opportunity to use that term as often as possible .	neutral
paid in full is remarkably engaging despite being noticeably derivative of goodfellas and at least a half dozen other trouble-in-the-ghetto flicks .	positive
the plot has a number of holes , and at times it 's simply baffling .	negative
most folks with a real stake in the american sexual landscape will find it either moderately amusing or just plain irrelevant .	neutral
the redeeming feature of chan 's films has always been the action , but the stunts in the tuxedo seem tired and , what 's worse , routine .	negative
amazingly lame .	very negative
not even felinni would know what to make of this italian freakshow .	very negative
but when it does , you 're entirely unprepared .	neutral
garcía bernal and talancón are an immensely appealing couple , and even though their story is predictable , you 'll want things to work out .	positive
-- but certainly hard to hate .	positive
finely crafted , finely written , exquisitely performed	very positive
earnest but heavy-handed .	neutral
parker can not sustain the buoyant energy level of the film 's city beginnings into its country conclusion '	negative
ali 's graduation from little screen to big is far less painful than his opening scene encounter with an over-amorous terrier .	neutral
the story is a rather simplistic one : grief drives her , love drives him , and a second chance to find love in the most unlikely place - it struck a chord in me .	positive
bacon keeps things interesting , but do n't go out of your way to pay full price .	neutral
a cockeyed shot all the way .	negative
clare peploe 's airless movie adaptation could use a little american pie-like irreverence .	negative
a woefully dull , redundant concept that bears more than a whiff of exploitation , despite iwai 's vaunted empathy .	very negative
a cutesy romantic tale with a twist .	positive
about one in three gags in white 's intermittently wise script hits its mark ; the rest are padding unashamedly appropriated from the teen-exploitation playbook .	negative
it plods along methodically , somehow under the assumption that its `` dead wife communicating from beyond the grave '' framework is even remotely new or interesting .	negative
give credit to everyone from robinson down to the key grip that this bold move works .	very positive
enough said , except : film overboard !	very negative
a suffocating rape-payback horror show that hinges on the subgenre 's most enabling victim ... and an ebullient affection for industrial-model meat freezers .	positive
while we no longer possess the lack-of-attention span that we did at seventeen , we had no trouble sitting for blade ii .	positive
a collage of clichés and a dim echo of allusions to other films .	negative
combine the paranoid claustrophobia of a submarine movie with the unsettling spookiness of the supernatural -- why did n't hollywood think of this sooner ?	positive
if damon and affleck attempt another project greenlight , next time out they might try paying less attention to the miniseries and more attention to the film it is about .	negative
the screenplay by james eric , james horton and director peter o'fallon ... is so pat it makes your teeth hurt .	negative
i 'm giving it thumbs down due to the endlessly repetitive scenes of embarrassment .	negative
not only does leblanc make one spectacularly ugly-looking broad , but he appears miserable throughout as he swaggers through his scenes .	negative
an elegant work , food of love is as consistently engaging as it is revealing .	positive
the pain , loneliness and insecurity of the screenwriting process are vividly and painfully brought to slovenly life in this self-deprecating , biting and witty feature written by charlie kaufman and his twin brother , donald , and directed by spike jonze .	positive
... a weak and ineffective ghost story without a conclusion or pay off .	very negative
if you 're a fan of the series you 'll love it and probably want to see it twice .	very positive
maid in manhattan might not look so appealing on third or fourth viewing down the road ... but as a high concept vehicle for two bright stars of the moment who can rise to fans ' lofty expectations , the movie passes inspection .	neutral
shanghai ghetto should be applauded for finding a new angle on a tireless story , but you might want to think twice before booking passage .	neutral
cynics need not apply . '	neutral
the film never finds its tone and several scenes run too long .	negative
suffers from a lack of clarity and audacity that a subject as monstrous and pathetic as dahmer demands .	very negative
it 's not a motion picture ; it 's an utterly static picture .	very negative
it 's probably not easy to make such a worthless film ...	very negative
the film is bright and flashy in all the right ways .	very positive
a brisk , reverent , and subtly different sequel .	very positive
pure of intention and passably diverting , his secret life is light , innocuous and unremarkable .	neutral
a macabre and very stylized swedish fillm about a modern city where all the religious and civic virtues that hold society in place are in tatters .	positive
does an impressive job of relating the complicated history of the war and of filling in the background .	positive
a fascinating documentary that provides a rounded and revealing overview of this ancient holistic healing system	very positive
ice age is the first computer-generated feature cartoon to feel like other movies , and that makes for some glacial pacing early on .	neutral
a cautionary tale about the folly of superficiality that is itself endlessly superficial .	negative
quitting , however , manages just to be depressing , as the lead actor phones in his autobiographical performance .	negative
i did go back and check out the last 10 minutes , but these were more repulsive than the first 30 or 40 minutes .	very negative
in the end , the movie bogs down in insignificance , saying nothing about kennedy 's assassination and revealing nothing about the pathology it pretends to investigate .	very negative
mildly entertaining .	neutral
` men in black ii creates a new threat for the mib , but recycles the same premise .	neutral
it 's refreshing to see a movie that embraces its old-fashioned themes and in the process comes out looking like something wholly original .	very positive
it must be the end of the world : the best film so far this year is a franchise sequel starring wesley snipes .	positive
boomers and their kids will have a barrie good time .	positive
wow .	positive
if disney 's cinderella proved that ' a dream is a wish your heart makes , ' then cinderella ii proves that a nightmare is a wish a studio 's wallet makes .	negative
been there , done that ... a thousand times already , and better .	negative
an infuriating film .	very negative
seeing seinfeld at home as he watches his own appearance on letterman with a clinical eye reminds you that the key to stand-up is to always make it look easy , even though the reality is anything but .	neutral
a film with a great premise but only a great premise .	positive
seagal ran out of movies years ago , and this is just the proof .	very negative
a backhanded ode to female camaraderie penned by a man who has little clue about either the nature of women or of friendship .	negative
the fetid underbelly of fame has never looked uglier .	negative
by halfway through this picture i was beginning to hate it , and , of course , feeling guilty for it ... then , miracle of miracles , the movie does a flip-flop .	positive
soulless and -- even more damning -- virtually joyless , xxx achieves near virtuosity in its crapulence .	very negative
what the movie lacks in action it more than makes up for in drama , suspense , revenge , and romance .	positive
sweet home alabama is n't going to win any academy awards , but this date-night diversion will definitely win some hearts .	positive
it 's a satisfying summer blockbuster and worth a look .	positive
a party-hearty teen flick that scalds like acid .	negative
though excessively tiresome , the uncertainty principle , as verbally pretentious as the title may be , has its handful of redeeming features , as long as you discount its ability to bore .	neutral
the movie is ... very funny as you peek at it through the fingers in front of your eyes .	positive
while the story is better-focused than the incomprehensible anne rice novel it 's based upon , queen of the damned is a pointless , meandering celebration of the goth-vampire , tortured woe-is-me lifestyle .	very negative
originality ai n't on the menu , but there 's never a dull moment in the giant spider invasion comic chiller .	positive
like mike is a slight and uninventive movie : like the exalted michael jordan referred to in the title , many can aspire but none can equal .	negative
the most anti-human big studio picture since 3000 miles to graceland .	neutral
a crisply made movie that is no more than mildly amusing .	neutral
the cast , collectively a successful example of the lovable-loser protagonist , shows deft comic timing .	positive
a grittily beautiful film that looks , sounds , and feels more like an extended , open-ended poem than a traditionally structured story .	positive
ruh-roh !	neutral
strangely comes off as a kingdom more mild than wild .	positive
a few hours after you 've seen it , you forget you 've been to the movies .	negative
yet it 's not quite the genre-busting film it 's been hyped to be because it plays everything too safe .	negative
the biggest problem with roger avary 's uproar against the mpaa is that , even in all its director 's cut glory , he 's made a film that 's barely shocking , barely interesting and most of all , barely anything .	very negative
i ca n't remember the last time i saw a movie where i wanted so badly for the protagonist to fail .	neutral
the movie worked for me right up to the final scene , and then it caved in .	neutral
peralta captures , in luminous interviews and amazingly evocative film from three decades ago , the essence of the dogtown experience .	very positive
i prefer to think of it as `` pootie tang with a budget . ''	neutral
manages to accomplish what few sequels can -- it equals the original and in some ways even betters it .	positive
the end result is like cold porridge with only the odd enjoyably chewy lump .	negative
it shows that some studios firmly believe that people have lost the ability to think and will forgive any shoddy product as long as there 's a little girl-on-girl action .	very negative
despite a quieter middle section , involving aragorn 's dreams of arwen , this is even better than the fellowship .	positive
that such a horrible movie could have sprung from such a great one is one of the year 's worst cinematic tragedies .	very negative
a fleet-footed and pleasingly upbeat family diversion .	positive
australian filmmaker david flatman uses the huge-screen format to make an old-fashioned nature film that educates viewers with words and pictures while entertaining them .	very positive
`` mr. deeds '' is suitable summer entertainment that offers escapism without requiring a great deal of thought .	positive
lame sweet home leaves no southern stereotype unturned .	negative
one just waits grimly for the next shock without developing much attachment to the characters .	neutral
rice is too pedestrian a filmmaker to bring any edge or personality to the rising place that would set it apart from other deep south stories .	negative
it 's always disappointing when a documentary fails to live up to -- or offer any new insight into -- its chosen topic .	very negative
yet another iteration of what 's become one of the movies ' creepiest conventions , in which the developmentally disabled are portrayed with almost supernatural powers to humble , teach and ultimately redeem their mentally `` superior '' friends , family ...	negative
you may be galled that you 've wasted nearly two hours of your own precious life with this silly little puddle of a movie .	very negative
mr. scorsese 's bravery and integrity in advancing this vision can hardly be underestimated .	positive
more intellectually scary than dramatically involving .	negative
the movie is like a year late for tapping into our reality tv obsession , and even tardier for exploiting the novelty of the `` webcast . ''	negative
fun and nimble .	very positive
and that should tell you everything you need to know about all the queen 's men .	neutral
as home movie gone haywire , it 's pretty enjoyable , but as sexual manifesto , i 'd rather listen to old tori amos records .	neutral
when the casting call for this movie went out , it must have read ` seeking anyone with acting ambition but no sense of pride or shame . '	negative
the movie is a desperate miscalculation .	very negative
what they 're doing is a matter of plumbing arrangements and mind games , of no erotic or sensuous charge .	negative
plays like a glossy melodrama that occasionally verges on camp .	negative
what ultimately makes windtalkers a disappointment is the superficial way it deals with its story .	very negative
polanski has found the perfect material with which to address his own world war ii experience in his signature style .	very positive
with its jerky hand-held camera and documentary feel , bloody sunday is a sobering recount of a very bleak day in derry .	neutral
the main story ... is compelling enough , but it 's difficult to shrug off the annoyance of that chatty fish .	negative
the film boasts at least a few good ideas and features some decent performances , but the result is disappointing .	positive
it 's no surprise that as a director washington demands and receives excellent performances , from himself and from newcomer derek luke .	very positive
if mostly martha is mostly unsurprising , it 's still a sweet , even delectable diversion .	positive
top-notch action powers this romantic drama .	very positive
roman polanski 's autobiographical gesture at redemption is better than ` shindler 's list ' - it is more than merely a holocaust movie .	positive
an admitted egomaniac , evans is no hollywood villain , and yet this grating showcase almost makes you wish he 'd gone the way of don simpson .	negative
confessions may not be a straightforward bio , nor does it offer much in the way of barris ' motivations , but the film is an oddly fascinating depiction of an architect of pop culture .	positive
the inherent limitations of using a video game as the source material movie are once again made all too clear in this schlocky horror\/action hybrid .	negative
takes a simple premise and carries it to unexpected heights .	very positive
` moore is like a progressive bull in a china shop , a provocateur crashing into ideas and special-interest groups as he slaps together his own brand of liberalism . '	negative
the film reminds me of a vastly improved germanic version of my big fat greek wedding -- with better characters , some genuine quirkiness and at least a measure of style .	positive
the star who helped give a spark to `` chasing amy '' and `` changing lanes '' falls flat as thinking man cia agent jack ryan in this summer 's new action film , `` the sum of all fears . ''	negative
a passable romantic comedy , in need of another couple of passes through the word processor .	neutral
a good film with a solid pedigree both in front of and , more specifically , behind the camera .	positive
a marvelous performance by allison lohman as an identity-seeking foster child .	positive
a slow-moving police-procedural thriller that takes its title all too literally .	negative
since dahmer resorts to standard slasher flick thrills when it should be most in the mind of the killer , it misses a major opportunity to be truly revelatory about his psyche .	negative
leigh is n't breaking new ground , but he knows how a daily grind can kill love .	positive
any chekhov is better than no chekhov , but it would be a shame if this was your introduction to one of the greatest plays of the last 100 years .	neutral
the master of disguise represents adam sandler 's latest attempt to dumb down the universe .	negative
i ca n't say this enough : this movie is about an adult male dressed in pink jammies .	negative
-lrb- a -rrb- boldly stroked , luridly coloured , uni-dimensional nonsense machine that strokes the eyeballs while it evaporates like so much crypt mist in the brain .	negative
once one experiences mr. haneke 's own sadistic tendencies toward his audience , one is left with a sour taste in one 's mouth , and little else .	very negative
with so many bad romances out there , this is the kind of movie that deserves a chance to shine .	positive
about schmidt is undoubtedly one of the finest films of the year .	very positive
it does n't reach them , but the effort is gratefully received .	positive
it may not be history -- but then again , what if it is ?	neutral
- i also wanted a little alien as a friend !	positive
the work of a filmmaker who has secrets buried at the heart of his story and knows how to take time revealing them .	positive
exactly what you 'd expect from a guy named kaos .	neutral
for this sort of thing to work , we need agile performers , but the proficient , dull sorvino has no light touch , and rodan is out of his league .	negative
i had more fun with ben stiller 's zoolander , which i thought was rather clever .	neutral
juliette binoche 's sand is vivacious , but it 's hard to sense that powerhouse of 19th-century prose behind her childlike smile .	positive
most of the storylines feel like time fillers between surf shots .	very negative
but not a whit more .	neutral
a powerful performance from mel gibson and a brutal 90-minute battle sequence that does everything but issue you a dog-tag and an m-16 .	very positive
woody allen has really found his groove these days .	very positive
the screenwriters dig themselves in deeper every time they toss logic and science into what is essentially a `` dungeons and dragons '' fantasy with modern military weaponry ...	negative
delirious fun .	very positive
what might have been acceptable on the printed page of iles ' book does not translate well to the screen .	very negative
ice cube is n't quite out of ripe screwball ideas , but friday after next spreads them pretty thin .	negative
director david fincher and writer david koepp ca n't sustain it .	negative
displays the potential for a better movie than what bailly manages to deliver	neutral
sometimes entertaining , sometimes indulgent -- but never less than pure wankery .	neutral
-lrb- the digital effects -rrb- reminded me of terry gilliam 's rudimentary old monty python cartoons , in which he would cut out figures from drawings and photographs and paste them together .	neutral
mckay shows crushingly little curiosity about , or is ill-equipped to examine , the interior lives of the characters in his film , much less incorporate them into his narrative .	very negative
what lifts the film high above run-of-the-filth gangster flicks is its refusal to recognise any of the signposts , as if discovering a way through to the bitter end without a map .	positive
it gets the details of its time frame right but it completely misses its emotions .	negative
entirely appropriately , the tale unfolds like a lazy summer afternoon and concludes with the crisp clarity of a fall dawn .	positive
does anyone much think the central story of brendan behan is that he was a bisexual sweetheart before he took to drink ?	neutral
what we have is a character faced with the possibility that her life is meaningless , vapid and devoid of substance , in a movie that is definitely meaningless , vapid and devoid of substance .	very negative
with a cast of a-list brit actors , it is worth searching out .	very positive
it 's refreshing that someone understands the need for the bad boy ; diesel , with his brawny frame and cool , composed delivery , fits the bill perfectly .	very positive
for all of its insights into the dream world of teen life , and its electronic expression through cyber culture , the film gives no quarter to anyone seeking to pull a cohesive story out of its 2 1\/2 - hour running time .	very negative
most of the characters come off as pantomimesque sterotypes .	neutral
as self-aware movies go , who is cletis tout ?	neutral
with flashbulb editing as cover for the absence of narrative continuity , undisputed is nearly incoherent , an excuse to get to the closing bout ... by which time it 's impossible to care who wins .	negative
clooney directs this film always keeping the balance between the fantastic and the believable ...	positive
happy times maintains an appealing veneer without becoming too cute about it .	positive
tv skit-com material fervently deposited on the big screen .	negative
a compelling film .	very positive
the film 's unhurried pace is actually one of its strengths .	positive
the same should go for movie theaters .	neutral
it certainly wo n't win any awards in the plot department but it sets out with no pretensions and delivers big time .	positive
most of the things that made the original men in black such a pleasure are still there .	positive
cold , sterile and lacking any color or warmth .	very negative
a ` girls gone wild ' video for the boho art-house crowd , the burning sensation is n't a definitive counter-cultural document -- its makers are n't removed and inquisitive enough for that .	very negative
the entire movie has a truncated feeling , but what 's available is lovely and lovable .	neutral
... the movie feels stitched together from stock situations and characters from other movies .	negative
with an obvious rapport with her actors and a striking style behind the camera , hélène angel is definitely a director to watch .	very positive
aptly named , this shimmering , beautifully costumed and filmed production does n't work for me .	neutral
a deft , delightful mix of sulky teen drama and overcoming-obstacles sports-movie triumph .	positive
a few energetic stunt sequences briefly enliven the film , but the wheezing terrorist subplot has n't the stamina for the 100-minute running time , and the protagonists ' bohemian boorishness mars the spirit of good clean fun .	neutral
an uplifting drama ... what antwone fisher is n't , however , is original .	neutral
men in black ii achieves ultimate insignificance -- it 's the sci-fi comedy spectacle as whiffle-ball epic .	very negative
there 's nothing to gain from watching they .	very negative
debut effort by `` project greenlight '' winner is sappy and amateurish .	negative
your 20th outing shows off a lot of stamina and vitality , and get this , madonna 's cameo does n't suck !	positive
an absurdist spider web .	negative
a journey that is as difficult for the audience to take as it is for the protagonist -- yet it 's potentially just as rewarding .	positive
rather less than the sum of its underventilated père-fils confrontations .	negative
an entertaining documentary that freshly considers arguments the bard 's immortal plays were written by somebody else .	positive
`` me without you '' is a probing examination of a female friendship set against a few dynamic decades .	neutral
stay away .	very negative
contrasting the original ringu with the current americanized adaptation is akin to comparing the evil dead with evil dead ii	negative
skip this dreck , rent animal house and go back to the source .	negative
beautifully filmed and well acted ... but admittedly problematic in its narrative specifics .	positive
if you 're burnt out on it 's a wonderful life marathons and bored with a christmas carol , it might just be the movie you 're looking for .	positive
the film 's highlight is definitely its screenplay , both for the rhapsodic dialogue that jumps off the page , and for the memorable character creations .	positive
the movie , like bartleby , is something of a stiff -- an extra-dry office comedy that seems twice as long as its 83 minutes .	negative
the good thing -- the only good thing -- about extreme ops is that it 's so inane that it gave me plenty of time to ponder my thanksgiving to-do list .	neutral
it 's sort of a 21st century morality play with a latino hip hop beat .	positive
should n't have been allowed to use the word `` new '' in its title , because there 's not an original character , siuation or joke in the entire movie .	very negative
decent but dull .	negative
get out your pooper-scoopers .	very negative
humor in i spy is so anemic .	negative
at least it 's a fairly impressive debut from the director , charles stone iii .	very positive
try as you might to resist , if you 've got a place in your heart for smokey robinson , this movie will worm its way there .	positive
if the film has a problem , its shortness disappoints : you want the story to go on and on .	positive
there 's not a fresh idea at the core of this tale .	negative
this film is so different from the apple and so striking that it can only encourage us to see samira makhmalbaf as a very distinctive sensibility , working to develop her own film language with conspicuous success .	positive
this is a movie where the most notable observation is how long you 've been sitting still .	negative
technically and artistically inept .	negative
... overly melodramatic ...	very negative
you 'll get the enjoyable basic minimum .	neutral
trouble every day is a success in some sense , but it 's hard to like a film so cold and dead .	negative
... stumbles over every cheap trick in the book trying to make the outrage come even easier .	negative
in all the annals of the movies , few films have been this odd , inexplicable and unpleasant .	very negative
allen 's funniest and most likeable movie in years .	very positive
highly uneven and inconsistent ... margarita happy hour kinda resembles the el cheapo margaritas served within .	very negative
weiss and speck never make a convincing case for the relevance of these two 20th-century footnotes .	neutral
the effort is sincere and the results are honest , but the film is so bleak that it 's hardly watchable .	very negative
earnest and tentative even when it aims to shock .	neutral
blithely anachronistic and slyly achronological .	neutral
the scriptwriters are no less a menace to society than the film 's characters .	negative
a big-budget\/all-star movie as unblinkingly pure as the hours is a distinct rarity , and an event .	positive
an enormously entertaining movie , like nothing we 've ever seen before , and yet completely familiar .	very positive
even as the hero of the story rediscovers his passion in life , the mood remains oddly detached .	negative
as a movie , it never seems fresh and vital .	neutral
deepa mehta provides an accessible introduction as well as some intelligent observations on the success of bollywood in the western world .	positive
a cheap scam put together by some cynical creeps at revolution studios and imagine entertainment to make the suckers out there surrender $ 9 and 93 minutes of unrecoverable life .	very negative
not once does it come close to being exciting .	negative
it 's a hellish , numbing experience to watch , and it does n't offer any insights that have n't been thoroughly debated in the media already , back in the dahmer heyday of the mid - '90s .	negative
the film is hampered by its predictable plot and paper-thin supporting characters .	negative
... standard guns versus martial arts cliche with little new added .	positive
a noble failure .	negative
much of what we see is horrible but it 's also undeniably exceedingly clever .	positive
there 's not a comedic moment in this romantic comedy .	very negative
any rock pile will do for a set .	negative
the hook is the drama within the drama , as an unsolved murder and an unresolved moral conflict jockey for the spotlight .	positive
a muddle splashed with bloody beauty as vivid as any scorsese has ever given us .	positive
marinated in clichés and mawkish dialogue .	very negative
the film 's darker moments become smoothed over by an overwhelming need to tender inspirational tidings , especially in the last few cloying moments .	neutral
this movie , a certain scene in particular , brought me uncomfortably close to losing my lunch .	very negative
in addition to gluing you to the edge of your seat , changing lanes is also a film of freshness , imagination and insight .	very positive
sitting through the last reel -lrb- spoiler alert ! -rrb-	neutral
in the end , the film feels homogenized and a bit contrived , as if we 're looking back at a tattered and ugly past with rose-tinted glasses .	negative
while the frequent allusions to gurus and doshas will strike some westerners as verging on mumbo-jumbo ... broad streaks of common sense emerge with unimpeachable clarity .	positive
the movie is hardly a masterpiece , but it does mark ms. bullock 's best work in some time .	positive
unless you come in to the film with a skateboard under your arm , you 're going to feel like you were n't invited to the party .	negative
if the very concept makes you nervous ... you 'll have an idea of the film 's creepy , scary effectiveness .	neutral
an energetic and engaging film that never pretends to be something it is n't .	positive
a compelling story of musical passion against governmental odds .	positive
a rumor of angels does n't just slip -- it avalanches into forced fuzziness .	very negative
mindless yet impressively lean spinoff of last summer 's bloated effects fest the mummy returns .	positive
what 's needed so badly but what is virtually absent here is either a saving dark humor or the feel of poetic tragedy .	negative
stone seems to have a knack for wrapping the theater in a cold blanket of urban desperation .	negative
` alice 's adventure through the looking glass and into zombie-land ' is filled with strange and wonderful creatures .	positive
late marriage is an in-your-face family drama and black comedy that is filled with raw emotions conveying despair and love .	positive
remember it .	positive
thoroughly enjoyable .	positive
begins like a docu-drama but builds its multi-character story with a flourish .	very positive
it 's a fanboy ` what if ? '	neutral
the best comedy concert movie i 've seen since cho 's previous concert comedy film , i 'm the one that i want , in 2000 .	very positive
the dose is strong and funny , for the first 15 minutes anyway ; after that , the potency wanes dramatically .	neutral
you 'll end up moved .	positive
i 've yet to find an actual vietnam war combat movie actually produced by either the north or south vietnamese , but at least now we 've got something pretty damn close .	positive
while it 's all quite tasteful to look at , the attention process tends to do a little fleeing of its own .	negative
a visual spectacle full of stunning images and effects .	very positive
it 's always fascinating to watch marker the essayist at work .	positive
a pure participatory event that malnourished intellectuals will gulp down in a frenzy .	neutral
the film , despite the gratuitous cinematic distractions impressed upon it , is still good fun .	positive
but even while his characters are acting horribly , he is always sympathetic .	positive
narc is all menace and atmosphere .	negative
there is simply not enough of interest onscreen to sustain its seventy-minute running time .	negative
-lrb- stevens is -rrb- so stoked to make an important film about human infidelity and happenstance that he tosses a kitchen sink onto a story already overladen with plot conceits .	negative
kurys seems intimidated by both her subject matter and the period trappings of this debut venture into the heritage business .	negative
it dabbles all around , never gaining much momentum .	negative
occasionally funny , sometimes inspiring , often boring .	neutral
being unique does n't necessarily equate to being good , no matter how admirably the filmmakers have gone for broke .	negative
strident and inelegant in its ` message-movie ' posturing .	neutral
that rare documentary that incorporates so much of human experience -- drama , conflict , tears and surprise -- that it transcends the normal divisions between fiction and nonfiction film .	very positive
hashiguchi covers this territory with wit and originality , suggesting that with his fourth feature -- the first to be released in the u.s. -- a major director is emerging in world cinema .	very positive
when -lrb- reno -rrb- lets her radical flag fly , taking angry potshots at george w. bush , henry kissinger , larry king , et al. , reno devolves into a laugh-free lecture .	negative
never capitalizes on this concept and opts for the breezy and amateurish feel of an after school special on the subject of tolerance .	very negative
even if you have no interest in the gang-infested , east-vs .	neutral
despite its visual virtuosity , ` naqoyqatsi ' is banal in its message and the choice of material to convey it .	negative
while the filmmaking may be a bit disjointed , the subject matter is so fascinating that you wo n't care .	positive
paul bettany is cool .	positive
collateral damage is trash , but it earns extra points by acting as if it were n't .	very negative
it 's anchored by splendid performances from an honored screen veteran and a sparkling newcomer who instantly transform themselves into a believable mother\/daughter pair .	very positive
the one not-so-small problem with expecting is that the entire exercise has no real point .	negative
when you 've got the wildly popular vin diesel in the equation , it adds up to big box office bucks all but guaranteed .	positive
the problem with all of this : it 's not really funny .	negative
oops , she 's really done it this time .	neutral
one hour photo may seem disappointing in its generalities , but it 's the little nuances that perhaps had to escape from director mark romanek 's self-conscious scrutiny to happen , that finally get under your skin .	negative
there are more shots of children smiling for the camera than typical documentary footage which hurts the overall impact of the film .	neutral
a modestly surprising movie .	positive
it 's impossible to indulge the fanciful daydreams of janice beard -lrb- eileen walsh -rrb- when her real-life persona is so charmless and vacant .	negative
as the movie traces mr. brown 's athletic exploits , it is impossible not to be awed by the power and grace of one of the greatest natural sportsmen of modern times .	very positive
to others , it will remind them that hong kong action cinema is still alive and kicking .	positive
with tiny little jokes and nary an original idea , this sappy ethnic sleeper proves that not only blockbusters pollute the summer movie pool .	negative
confuses its message with an ultimate desire to please , and contorting itself into an idea of expectation is the last thing any of these three actresses , nor their characters , deserve .	very negative
it 's a fine , focused piece of work that reopens an interesting controversy and never succumbs to sensationalism .	very positive
a heartening tale of small victories and enduring hope .	positive
this franchise has not spawned a single good film .	very negative
a taut , sobering film .	very positive
ear-splitting exercise in formula crash-and-bash action .	negative
just about everyone involved here seems to be coasting .	negative
what sets this romantic comedy apart from most hollywood romantic comedies is its low-key way of tackling what seems like done-to-death material .	positive
claims to sort the bad guys from the good , which is its essential problem .	negative
surprisingly , the film is a hilarious adventure and i shamelessly enjoyed it .	positive
woo has as much right to make a huge action sequence as any director , but how long will filmmakers copy the `` saving private ryan '' battle scenes before realizing steven spielberg got it right the first time ?	negative
although it starts off so bad that you feel like running out screaming , it eventually works its way up to merely bad rather than painfully awful .	negative
makes 98 minutes feel like three hours .	very negative
the entire point of a shaggy dog story , of course , is that it goes nowhere , and this is classic nowheresville in every sense .	negative
shame on writer\/director vicente aranda for making a florid biopic about mad queens , obsessive relationships , and rampant adultery so dull .	negative
spinning a web of dazzling entertainment may be overstating it , but `` spider-man '' certainly delivers the goods .	very positive
de ayala is required to supply too much of the energy in a film that is , overall , far too staid for its subject matter .	neutral
i survived .	neutral
like the hanks character , he 's a slow study : the action is stilted and the tabloid energy embalmed .	negative
a poignant lyricism runs through balzac and the little chinese seamstress that transforms this story about love and culture into a cinematic poem .	very positive
thriller directorial debut for traffic scribe gaghan has all the right parts , but the pieces do n't quite fit together .	neutral
... is funny in the way that makes you ache with sadness -lrb- the way chekhov is funny -rrb- , profound without ever being self-important , warm without ever succumbing to sentimentality .	very positive
does little to elaborate the conceit of setting this blood-soaked tragedy of murderous ambition in the era of richard nixon .	neutral
disney aficionados will notice distinct parallels between this story and the 1971 musical `` bedknobs and broomsticks , '' which also dealt with british children rediscovering the power of fantasy during wartime .	neutral
paul bettany is good at being the ultra-violent gangster wannabe , but the movie is certainly not number 1 .	negative
the verdict : two bodies and hardly a laugh between them .	negative
in xxx , diesel is that rare creature -- an action hero with table manners , and one who proves that elegance is more than tattoo deep .	very positive
there is a strong directorial stamp on every frame of this stylish film that is able to visualize schizophrenia but is still confident enough to step back and look at the sick character with a sane eye .	positive
it 's funny , as the old saying goes , because it 's true .	positive
special p.o.v. camera mounts on bikes , skateboards , and motorcycles provide an intense experience when splashed across the immense imax screen .	very positive
taken outside the context of the current political climate -lrb- see : terrorists are more evil than ever ! -rrb-	negative
a little weak -- and it is n't that funny .	negative
writer-director ritchie reduces wertmuller 's social mores and politics to tiresome jargon .	negative
a forceful drama of an alienated executive who re-invents himself .	positive
one of those exceedingly rare films in which the talk alone is enough to keep us involved .	very positive
an almost unbearably morbid love story .	very negative
a mean-spirited film made by someone who surely read the catcher in the rye but clearly suffers from dyslexia	very negative
if they broke out into elaborate choreography , singing and finger snapping it might have held my attention , but as it stands i kept looking for the last exit from brooklyn .	negative
there 's a sheer unbridled delight in the way the story unfurls ...	positive
we have an actor who is great fun to watch performing in a film that is only mildly diverting .	neutral
implicitly acknowledges and celebrates the glorious chicanery and self-delusion of this most american of businesses , and for that reason it may be the most oddly honest hollywood document of all .	positive
very well written and directed with brutal honesty and respect for its audience .	very positive
impostor is a step down for director gary fleder .	negative
moving and vibrant .	very positive
jacquot 's strategy allows his cast the benefit of being able to give full performances ... while demonstrating vividly that the beauty and power of the opera reside primarily in the music itself .	positive
hawn and sarandon form an acting bond that makes the banger sisters a fascinating character study with laughs to spare .	very positive
may puzzle his most ardent fans .	negative
in other words , it 's badder than bad .	very negative
may prove to be -lrb- tsai 's -rrb- masterpiece .	very positive
... they missed the boat .	neutral
one of the best , most understated performances of -lrb- jack nicholson 's -rrb- career .	very positive
it makes sense that he went back to school to check out the girls -- his film is a frat boy 's idea of a good time .	neutral
after all , he took three minutes of dialogue , 30 seconds of plot and turned them into a 90-minute movie that feels five hours long .	negative
the master of disguise falls under the category of ` should have been a sketch on saturday night live . '	negative
they 're going through the motions , but the zip is gone .	neutral
shows holmes has the screen presence to become a major-league leading lady , -lrb- but -rrb- the movie itself is an underachiever , a psychological mystery that takes its sweet time building to a climax that 's scarcely a surprise by the time it arrives .	negative
but it was n't .	negative
though its atmosphere is intriguing ... the drama is finally too predictable to leave much of an impression .	neutral
foster breathes life into a roll that could have otherwise been bland and run of the mill .	positive
in old-fashioned screenwriting parlance , ms. shreve 's novel proved too difficult a text to ` lick , ' despite the efforts of a first-rate cast .	negative
well-acted , well-directed and , for all its moodiness , not too pretentious .	very positive
one thing is for sure : this movie does not tell you a whole lot about lily chou-chou .	neutral
a tired , predictable , bordering on offensive , waste of time , money and celluloid .	very negative
there 's no disguising this as one of the worst films of the summer .	very negative
frida is n't that much different from many a hollywood romance .	negative
follows the original film virtually scene for scene and yet manages to bleed it almost completely dry of humor , verve and fun .	negative
scott baio is turning in some delightful work on indie projects .	positive
keenly observed and refreshingly natural , swimming gets the details right , from its promenade of barely clad bodies in myrtle beach , s.c. , to the adrenaline jolt of a sudden lunch rush at the diner .	positive
a serviceable euro-trash action extravaganza , with a decent sense of humor and plenty of things that go boom -- handguns , bmws and seaside chateaus .	neutral
the last three narcissists left on earth compete for each others ' affections .	neutral
like vardalos and corbett , who play their roles with vibrant charm , the film , directed by joel zwick , is heartfelt and hilarious in ways you ca n't fake .	very positive
it 's likely that whatever you thought of the first production -- pro or con -- you 'll likely think of this one .	neutral
a lame comedy .	very negative
deliberately and devotedly constructed , far from heaven is too picture postcard perfect , too neat and new pin-like , too obviously a recreation to resonate .	positive
morvern rocks .	very positive
a positively thrilling combination of ethnography and all the intrigue , betrayal , deceit and murder of a shakespearean tragedy or a juicy soap opera .	positive
when ` science fiction ' takes advantage of the fact that its intended audience has n't yet had much science , it does a disservice to the audience and to the genre .	negative
illiterate , often inert sci-fi action thriller .	negative
as janice , eileen walsh , an engaging , wide-eyed actress whose teeth are a little too big for her mouth , infuses the movie with much of its slender , glinting charm .	positive
a film of quiet power .	positive
overwrought , melodramatic bodice-ripper .	negative
wins my vote for ` the 2002 enemy of cinema ' award .	neutral
it 's easy to be cynical about documentaries in which underdogs beat the odds and the human spirit triumphs , but westbrook 's foundation and dalrymple 's film earn their uplift .	neutral
zhuangzhuang creates delicate balance of style , text , and subtext that 's so simple and precise that anything discordant would topple the balance , but against all odds , nothing does .	positive
because the film deliberately lacks irony , it has a genuine dramatic impact ; it plays like a powerful 1957 drama we 've somehow never seen before .	very positive
it 's a very valuable film ...	very positive
bad movie .	very negative
just when you think you are making sense of it , something happens that tells you there is no sense .	negative
the rich performances by friel -- and especially williams , an american actress who becomes fully english -- round out the square edges .	positive
the film rehashes several old themes and is capped with pointless extremes -- it 's insanely violent and very graphic .	very negative
an undistinguished attempt to make a classic theater piece cinematic .	very negative
it 's pauly shore awful .	very negative
, `` they 're out there ! ''	positive
` tadpole ' was one of the films so declared this year , but it 's really more of the next pretty good thing .	neutral
when the precise nature of matthew 's predicament finally comes into sharp focus , the revelation fails to justify the build-up .	neutral
a sour attempt at making a farrelly brothers-style , down-and-dirty laugher for the female set .	negative
what could have been right at home as a nifty plot line in steven soderbergh 's traffic fails to arrive at any satisfying destination .	negative
oh , james !	positive
got some good , organic character work , lots of obvious political insights and little room for engaging , imaginative filmmaking in its nearly 2 1\/2 - hour , dissipated length .	positive
an emotionally and spiritually compelling journey seen through the right eyes , with the right actors and with the kind of visual flair that shows what great cinema can really do .	very positive
an inept , tedious spoof of '70s kung fu pictures , it contains almost enough chuckles for a three-minute sketch , and no more .	very negative
... tackling a low-budget movie in which inexperienced children play the two main characters might not be the best way to cut your teeth in the film industry .	neutral
a vivid , sometimes surreal , glimpse into the mysteries of human behavior .	positive
it 's no accident that the accidental spy is a solid action pic that returns the martial arts master to top form .	very positive
a wild comedy that could only spring from the demented mind of the writer of being john malkovich .	positive
it 's affecting , amusing , sad and reflective .	positive
how can such a cold movie claim to express warmth and longing ?	negative
the film did n't convince me that calvin jr. 's barbershop represents some sort of beacon of hope in the middle of chicago 's south side .	negative
exciting documentary .	very positive
at its most basic , this cartoon adventure is that wind-in-the-hair exhilarating .	positive
a winning piece of work filled with love for the movies of the 1960s .	positive
her film is like a beautiful food entrée that is n't heated properly , so that it ends up a bit cold and relatively flavorless .	negative
the most excruciating 86 minutes one might sit through this summer that do not involve a dentist drill .	negative
gives everyone something to shout about .	very positive
it 's a setup so easy it borders on facile , but keeping the film from cheap-shot mediocrity is its crack cast .	positive
the chateau is a risky venture that never quite goes where you expect and often surprises you with unexpected comedy .	positive
but it is set in a world that is very , very far from the one most of us inhabit .	neutral
deliciously mean-spirited and wryly observant .	positive
after the setup , the air leaks out of the movie , flattening its momentum with about an hour to go .	neutral
as dumb and cheesy as they may be , the cartoons look almost shakespearean -- both in depth and breadth -- after watching this digital-effects-heavy , supposed family-friendly comedy .	positive
though clearly well-intentioned , this cross-cultural soap opera is painfully formulaic and stilted .	negative
jones has tackled a meaty subject and drawn engaging characters while peppering the pages with memorable zingers .	very positive
reassuring , retro uplifter .	very positive
the most brilliant work in this genre since the 1984 uncut version of sergio leone 's flawed but staggering once upon a time in america .	very positive
there are deeply religious and spiritual people in this world who would argue that entering a church , synagogue or temple does n't mean you have to check your brain at the door .	positive
this is unusual , food-for-thought cinema that 's as entertaining as it is instructive .	positive
i have no problem with `` difficult '' movies , or movies that ask the audience to meet them halfway and connect the dots instead of having things all spelled out .	neutral
much credit must be given to the water-camera operating team of don king , sonny miller , and michael stewart .	positive
a sugar-coated rocky whose valuable messages are forgotten 10 minutes after the last trombone honks .	negative
all very stylish and beautifully photographed , but far more trouble than it 's worth , with fantasy mixing with reality and actors playing more than one role just to add to the confusion .	neutral
what begins brightly gets bogged down over 140 minutes .	negative
a painfully slow cliche-ridden film filled with more holes than clyde barrow 's car .	negative
the film 's only missteps come from the script 's insistence on providing deep emotional motivation for each and every one of abagnale 's antics .	neutral
the best of the pierce brosnan james bond films to date .	positive
drumline is -- the mere suggestion , albeit a visually compelling one , of a fully realized story .	positive
to be influenced chiefly by humanity 's greatest shame , reality shows -- reality shows for god 's sake !	very negative
take away the controversy , and it 's not much more watchable than a mexican soap opera .	very negative
the audacity to view one of shakespeare 's better known tragedies as a dark comedy is , by itself , deserving of discussion .	negative
the success of undercover brother is found in its ability to spoof both black and white stereotypes equally .	positive
too damn weird to pass up , and for the blacklight crowd , way cheaper -lrb- and better -rrb- than pink floyd tickets .	positive
you expect more from director michael apted -lrb- enigma -rrb- and screenwriter nicholas kazan -lrb- reversal of fortune -rrb- than this cliche pileup .	very negative
director jay russell weighs down his capricious fairy-tale with heavy sentiment and lightweight meaning .	very negative
a good-natured ensemble comedy that tries hard to make the most of a bumper cast , but never quite gets off the ground .	negative
a moving and solidly entertaining comedy\/drama that should bolster director and co-writer juan josé campanella 's reputation in the united states .	very positive
everything is off .	negative
working from a surprisingly sensitive script co-written by gianni romoli ... ozpetek avoids most of the pitfalls you 'd expect in such a potentially sudsy set-up .	very positive
pretend like your sat scores are below 120 and you might not notice the flaws .	negative
mordantly funny and intimately knowing ...	positive
i ca n't remember the last time i saw worse stunt editing or cheaper action movie production values than in extreme ops .	negative
it 's tommy 's job to clean the peep booths surrounding her , and after viewing this one , you 'll feel like mopping up , too .	negative
each of these stories has the potential for touched by an angel simplicity and sappiness , but thirteen conversations about one thing , for all its generosity and optimism , never resorts to easy feel-good sentiments .	very positive
there 's ... an underlying old world sexism to monday morning that undercuts its charm .	negative
what a great shame that such a talented director as chen kaige has chosen to make his english-language debut with a film so poorly plotted and scripted .	very negative
i liked a lot of the smaller scenes .	positive
some of the computer animation is handsome , and various amusing sidekicks add much-needed levity to the otherwise bleak tale , but overall the film never rises above mediocrity .	negative
beresford nicely mixes in as much humor as pathos to take us on his sentimental journey of the heart .	positive
nothing can detract from the affection of that moral favorite : friends will be friends through thick and thin .	positive
bring tissues .	positive
... hopefully it 'll be at the dollar theatres by the time christmas rolls around .	neutral
an enthralling , entertaining feature .	very positive
as a director , paxton is surprisingly brilliant , deftly sewing together what could have been a confusing and horrifying vision into an intense and engrossing head-trip .	very positive
well-made but mush-hearted .	positive
labute masterfully balances both traditional or modern stories together in a manner that one never overwhelms the other .	very positive
assured , glossy and shot through with brittle desperation .	positive
a damn fine and a truly distinctive and a deeply pertinent film .	very positive
filmmaker stacy peralta has a flashy editing style that does n't always jell with sean penn 's monotone narration , but he respects the material without sentimentalizing it .	positive
despite its promising cast of characters , big trouble remains a loosely tied series of vignettes which only prove that ` zany ' does n't necessarily mean ` funny . '	negative
a surprisingly sweet and gentle comedy .	positive
... begins with promise , but runs aground after being snared in its own tangled plot .	negative
although what time offers tsai 's usual style and themes , it has a more colorful , more playful tone than his other films .	very positive
a dull , inconsistent , dishonest female bonding picture .	very negative
a must-see for fans of thoughtful war films and those interested in the sights and sounds of battle .	very positive
with an unflappable air of decadent urbanity , everett remains a perfect wildean actor , and a relaxed firth displays impeccable comic skill .	very positive
by no means a slam-dunk and sure to ultimately disappoint the action fans who will be moved to the edge of their seats by the dynamic first act , it still comes off as a touching , transcendent love story .	negative
it has that rare quality of being able to creep the living hell out of you ...	very positive
it 's not difficult to spot the culprit early-on in this predictable thriller .	neutral
i encourage young and old alike to go see this unique and entertaining twist on the classic whale 's tale -- you wo n't be sorry !	very positive
what goes on for the 110 minutes of `` panic room '' is a battle of witlessness between a not-so-bright mother and daughter and an even less capable trio of criminals .	negative
if you do n't flee , you might be seduced .	neutral
in comparison to his earlier films it seems a disappointingly thin slice of lower-class london life ; despite the title ... amounts to surprisingly little .	very negative
the script was reportedly rewritten a dozen times -- either 11 times too many or else too few .	very negative
it may sound like a mere disease-of - the-week tv movie , but a song for martin is made infinitely more wrenching by the performances of real-life spouses seldahl and wollter .	neutral
this one is certainly well-meaning , but it 's also simple-minded and contrived .	neutral
the master of disguise may have made a great saturday night live sketch , but a great movie it is not .	negative
it 's not a classic spy-action or buddy movie , but it 's entertaining enough and worth a look .	neutral
if we 're to slap protagonist genevieve leplouff because she 's french , do we have that same option to slap her creators because they 're clueless and inept ?	very negative
i 've had more interesting -- and , dare i say , thematically complex -- bowel movements than this long-on-the-shelf , point-and-shoot exercise in gimmicky crime drama .	negative
i 've seen some bad singer-turned actors , but lil bow wow takes the cake .	negative
`` nicholas nickleby '' is a perfect family film to take everyone to since there 's no new `` a christmas carol '' out in the theaters this year .	positive
if you already like this sort of thing , this is that sort of thing all over again .	neutral
it wo n't hold up over the long haul , but in the moment , finch 's tale provides the forgettable pleasures of a saturday matinee .	positive
was that movie nothing more than a tepid exercise in trotting out a formula that worked five years ago but has since lost its fizz ?	very negative
how good this film might be , depends if you believe that the shocking conclusion is too much of a plunge or not .	positive
a cellophane-pop remake of the punk classic ladies and gentlemen , the fabulous stains ... crossroads is never much worse than bland or better than inconsequential .	very negative
pretty good little movie .	positive
if nothing else , `` rollerball '' 2002 may go down in cinema history as the only movie ever in which the rest of the cast was outshined by ll cool j.	negative
angel presents events partly from the perspective of aurelie and christelle , and infuses the film with the sensibility of a particularly nightmarish fairytale .	positive
nemesis suffers from a paunchy midsection , several plodding action sequences and a wickedly undramatic central theme .	negative
even when he 's not at his most critically insightful , godard can still be smarter than any 50 other filmmakers still at work .	positive
the fascination comes in the power of the huston performance , which seems so larger than life and yet so fragile , and in the way the ivan character accepts the news of his illness so quickly but still finds himself unable to react .	positive
-lrb- t -rrb- he film is never sure to make a clear point -- even if it seeks to rely on an ambiguous presentation .	negative
this movie is about the worst thing chan has done in the united states .	very negative
amazing !	very positive
the ya-ya 's have many secrets and one is - the books are better .	very negative
the plot 's contrivances are uncomfortably strained .	negative
a thoroughly entertaining comedy that uses grant 's own twist of acidity to prevent itself from succumbing to its own bathos .	very positive
kids will love its fantasy and adventure , and grownups should appreciate its whimsical humor .	very positive
-lrb- allen 's -rrb- best works understand why snobbery is a better satiric target than middle-america diversions could ever be .	positive
the stars may be college kids , but the subject matter is as adult as you can get : the temptations of the flesh are unleashed by a slightly crazed , overtly determined young woman and a one-night swim turns into an ocean of trouble .	positive
we 've liked klein 's other work but rollerball left us cold .	very negative
both a grand tour through 300 hundred years of russian cultural identity and a stunning technical achievement .	very positive
a markedly inactive film , city is conversational bordering on confessional .	very negative
clever and unflinching in its comic barbs , slap her is a small but rewarding comedy that takes aim at contemporary southern adolescence and never lets up .	very positive
soderbergh , like kubrick before him , may not touch the planet 's skin , but understands the workings of its spirit .	very positive
there is no denying the power of polanski 's film ...	positive
to be oblivious to the existence of this film would be very sweet indeed .	negative
though it goes further than both , anyone who has seen the hunger or cat people will find little new here , but a tasty performance from vincent gallo lifts this tale of cannibal lust above the ordinary .	positive
however stale the material , lawrence 's delivery remains perfect ; his great gift is that he can actually trick you into thinking some of this worn-out , pandering palaver is actually funny .	neutral
little more than a super-sized infomercial for the cable-sports channel and its summer x games .	neutral
the beautifully choreographed kitchen ballet is simple but absorbing .	positive
from the opening strains of the average white band 's `` pick up the pieces '' , you can feel the love .	positive
empire ca n't make up its mind whether it wants to be a gangster flick or an art film .	negative
the result is so tame that even slightly wised-up kids would quickly change the channel .	negative
a penetrating , potent exploration of sanctimony , self-awareness , self-hatred and self-determination .	positive
thirteen conversations about one thing lays out a narrative puzzle that interweaves individual stories , and , like a mobius strip , elliptically loops back to where it began .	positive
director peter kosminsky gives these women a forum to demonstrate their acting ` chops ' and they take full advantage .	positive
storytelling feels slight .	negative
witty , vibrant , and intelligent .	positive
while we want macdowell 's character to retrieve her husband , we have to ask whether her personal odyssey trumps the carnage that claims so many lives around her .	neutral
despite its shortcomings , girls ca n't swim represents an engaging and intimate first feature by a talented director to watch , and it 's a worthy entry in the french coming-of-age genre .	positive
interesting and thoroughly unfaithful version of carmen	positive
thanks to a small star with big heart , this family film sequel is plenty of fun for all .	very positive
for most of the distance the picture provides a satisfyingly unsettling ride into the dark places of our national psyche .	positive
it 's a smart , funny look at an arcane area of popular culture , and if it is n't entirely persuasive , it does give exposure to some talented performers .	positive
we get the comedy we settle for .	negative
eerily accurate depiction of depression .	negative
schrader aims to present an unflinching look at one man 's downfall , brought about by his lack of self-awareness .	negative
i 'm not saying that ice age does n't have some fairly pretty pictures , but there 's not enough substance in the story to actually give them life .	neutral
feels like the work of someone who may indeed have finally aged past his prime ... and , perhaps more than he realizes , just wants to be liked by the people who can still give him work .	negative
extraordinary debut from josh koury .	very positive
it 's not life-affirming -- its vulgar and mean , but i liked it .	neutral
the pinochet case is a searing album of remembrance from those who , having survived , suffered most .	neutral
... a bland murder-on-campus yawner .	very negative
cannon 's confidence and laid-back good spirits are , with the drumming routines , among the film 's saving graces .	positive
just like a splendid meal , red dragon satisfies -- from its ripe recipe , inspiring ingredients , certified cuisine and palatable presentation .	very positive
not as good as the original , but what is ...	neutral
feels more like a rejected x-files episode than a credible account of a puzzling real-life happening .	very negative
while certain cues , like the happy music , suggest that this movie is supposed to warm our hearts , jeong-hyang lee 's film is just as likely to blacken that organ with cold vengefulness .	neutral
features what is surely the funniest and most accurate depiction of writer 's block ever .	very positive
admirably ambitious but self-indulgent .	neutral
whenever it threatens to get bogged down in earnest dramaturgy , a stirring visual sequence like a surge through swirling rapids or a leap from pinnacle to pinnacle rouses us .	positive
surprisingly powerful and universal .	very positive
this rough trade punch-and-judy act did n't play well then and it plays worse now .	neutral
the story has its redundancies , and the young actors , not very experienced , are sometimes inexpressive .	negative
even murphy 's expert comic timing and famed charisma ca n't rescue this effort .	negative
a captivating coming-of-age story that may also be the first narrative film to be truly informed by the wireless age .	very positive
an intelligent , multi-layered and profoundly humanist -lrb- not to mention gently political -rrb- meditation on the values of knowledge , education , and the affects of cultural and geographical displacement .	very positive
massoud 's story is an epic , but also a tragedy , the record of a tenacious , humane fighter who was also the prisoner -lrb- and ultimately the victim -rrb- of history .	neutral
if hill is n't quite his generation 's don siegel -lrb- or robert aldrich -rrb- , it 's because there 's no discernible feeling beneath the chest hair ; it 's all bluster and cliché .	very negative
and neither do cliches , no matter how ` inside ' they are .	negative
strictly a ` guy 's film ' in the worst sense of the expression .	negative
a lightweight , uneven action comedy that freely mingles french , japanese and hollywood cultures .	negative
irwin and his director never come up with an adequate reason why we should pay money for what we can get on television for free .	very negative
can you bear the laughter ?	positive
`` abandon '' will leave you wanting to abandon the theater .	very negative
the movie fails to portray its literarily talented and notorious subject as anything much more than a dirty old man .	very negative
not as good as the full monty , but a really strong second effort .	positive
asks what truth can be discerned from non-firsthand experience , and specifically questions cinema 's capability for recording truth .	positive
audiences are advised to sit near the back and squint to avoid noticing some truly egregious lip-non-synching , but otherwise the production is suitably elegant .	positive
... a solid , unassuming drama .	positive
a formula family tearjerker told with a heavy irish brogue ... accentuating , rather than muting , the plot 's saccharine thrust .	positive
ok arthouse .	neutral
it 's fairly solid -- not to mention well edited so that it certainly does n't feel like a film that strays past the two and a half mark .	positive
the holiday message of the 37-minute santa vs. the snowman leaves a lot to be desired .	negative
a vile , incoherent mess ... a scummy ripoff of david cronenberg 's brilliant ` videodrome . '	very negative
discursive but oddly riveting documentary .	positive
what 's most offensive is n't the waste of a good cast , but the film 's denial of sincere grief and mourning in favor of bogus spiritualism .	very negative
like a medium-grade network sitcom -- mostly inoffensive , fitfully amusing , but ultimately so weightless that a decent draft in the auditorium might blow it off the screen .	negative
there 's an epic here , but you have to put it together yourself .	neutral
a little melodramatic , but with enough hope to keep you engaged .	positive
not only is it a charming , funny and beautifully crafted import , it uses very little dialogue , making it relatively effortless to read and follow the action at the same time .	very positive
just about all of the film is confusing on one level or another , making ararat far more demanding than it needs to be .	negative
though it lacks the utter authority of a genre gem , there 's a certain robustness to this engaging mix of love and bloodletting .	positive
all the filmmakers are asking of us , is to believe in something that is improbable .	neutral
it 's touching and tender and proves that even in sorrow you can find humor .	positive
collapses after 30 minutes into a slap-happy series of adolescent violence .	very negative
a spiffy animated feature about an unruly adolescent boy who is yearning for adventure and a chance to prove his worth .	positive
payne constructs a hilarious ode to middle america and middle age with this unlikely odyssey , featuring a pathetic , endearing hero who is all too human .	positive
a surprisingly flat retread , hobbled by half-baked setups and sluggish pacing .	very negative
fierce , glaring and unforgettable .	positive
the film does n't show enough of the creative process or even of what was created for the non-fan to figure out what makes wilco a big deal .	negative
there are laughs aplenty , and , as a bonus , viewers do n't have to worry about being subjected to farts , urine , feces , semen , or any of the other foul substances that have overrun modern-day comedies .	positive
a lot more dimensional and complex than its sunny disposition would lead you to believe .	positive
miller has crafted an intriguing story of maternal instincts and misguided acts of affection .	positive
like these russo guys lookin ' for their mamet instead found their sturges .	neutral
sometimes there are very , very good reasons for certain movies to be sealed in a jar and left on a remote shelf indefinitely .	negative
for single digits kidlets stuart little 2 is still a no brainer .	neutral
an instantly forgettable snow-and-stuntwork extravaganza that likely will be upstaged by an avalanche of more appealing holiday-season product .	negative
some movies suck you in despite their flaws , and heaven is one such beast .	very positive
with a `` spy kids '' sequel opening next week , why bother with a contemptible imitator starring a `` snl '' has-been acting like an 8-year-old channeling roberto benigni ?	negative
muddled , melodramatic paranormal romance is an all-time low for kevin costner .	very negative
in a summer of clones , harvard man is something rare and riveting : a wild ride that relies on more than special effects .	very positive
so original in its base concept that you can not help but get caught up .	very positive
but even then , i 'd recommend waiting for dvd and just skipping straight to her scenes .	negative
this new zealand coming-of-age movie is n't really about anything .	negative
quitting offers piercing domestic drama with spikes of sly humor .	positive
mama africa pretty much delivers on that promise .	positive
john carlen 's script is full of unhappy , two-dimensional characters who are anything but compelling .	neutral
we hate -lrb- madonna -rrb- within the film 's first five minutes , and she lacks the skill or presence to regain any ground .	negative
much smarter and more attentive than it first sets out to be .	positive
one regards reign of fire with awe .	very positive
it 's tough to tell which is in more abundant supply in this woefully hackneyed movie , directed by scott kalvert , about street gangs and turf wars in 1958 brooklyn -- stale cliches , gratuitous violence , or empty machismo .	negative
the story is also as unoriginal as they come , already having been recycled more times than i 'd care to count .	negative
you 've already seen city by the sea under a variety of titles , but it 's worth yet another visit .	positive
journalism of the 1960s .	neutral
in one scene , we get a stab at soccer hooliganism , a double-barreled rip-off of quentin tarantino 's climactic shootout -- and meat loaf explodes .	negative
is the kind of movie that 's critic-proof , simply because it aims so low .	negative
to the civilized mind , a movie like ballistic : ecks vs. sever is more of an ordeal than an amusement .	very negative
a different movie -- sometimes tedious -- by a director many viewers would like to skip but film buffs should get to know .	positive
my precious new star wars movie is a lumbering , wheezy drag ...	very negative
a dull , simple-minded and stereotypical tale of drugs , death and mind-numbing indifference on the inner-city streets .	very negative
throw smoochy from the train !	negative
an alternately raucous and sappy ethnic sitcom ... you 'd be wise to send your regrets .	negative
none of this is half as moving as the filmmakers seem to think .	negative
the heedless impetuousness of youth is on full , irritating display in -lrb- this -rrb- meandering and pointless french coming-of-age import from writer-director anne-sophie birot .	very negative
watching e.t now , in an era dominated by cold , loud special-effects-laden extravaganzas , one is struck less by its lavish grandeur than by its intimacy and precision .	neutral
a low-budget affair , tadpole was shot on digital video , and the images often look smeary and blurry , to the point of distraction .	very negative
irwin is so earnest that it 's hard to resist his pleas to spare wildlife and respect their environs .	very positive
a miraculous movie , i 'm going home is so slight , yet overflows with wisdom and emotion .	very positive
the story 's pathetic and the gags are puerile . .	very negative
showtime is n't particularly assaultive , but it can still make you feel that you never want to see another car chase , explosion or gunfight again .	negative
by the final whistle you 're convinced that this mean machine was a decent tv outing that just does n't have big screen magic .	negative
first , for a movie that tries to be smart , it 's kinda dumb .	negative
and people make fun of me for liking showgirls .	negative
the performances are all solid ; it merely lacks originality to make it a great movie .	neutral
... the story simply putters along looking for astute observations and coming up blank .	negative
it has a caffeinated , sloppy brilliance , sparkling with ideas you wish had been developed with more care , but animated by an energy that puts the dutiful efforts of more disciplined grade-grubbers to shame .	positive
brings awareness to an issue often overlooked -- women 's depression .	neutral
if you 're not deeply touched by this movie , check your pulse .	very positive
whether it 's the worst movie of 2002 , i ca n't say for sure : memories of rollerball have faded , and i skipped country bears .	negative
children , christian or otherwise , deserve to hear the full story of jonah 's despair -- in all its agonizing , catch-22 glory -- even if they spend years trying to comprehend it .	positive
`` i blame all men for war , '' -lrb- the warden 's daughter -rrb- tells her father .	neutral
muccino , who directed from his own screenplay , is a canny crowd pleaser , and the last kiss ... provides more than enough sentimental catharsis for a satisfying evening at the multiplex .	very positive
has a solid emotional impact .	positive
dogtown is hollow , self-indulgent , and - worst of all - boring .	negative
the sweetest thing leaves a bitter taste .	very negative
one of those films that seems tailor made to air on pay cable to offer some modest amusements when one has nothing else to watch .	negative
has enough wit , energy and geniality to please not only the fanatical adherents on either side , but also people who know nothing about the subject and think they 're not interested .	positive
lawrence should stick to his day job .	negative
by turns numbingly dull-witted and disquietingly creepy .	negative
buy is an accomplished actress , and this is a big , juicy role .	positive
maid in manhattan proves that it 's easier to change the sheets than to change hackneyed concepts when it comes to dreaming up romantic comedies .	very negative
thought-provoking and stylish , if also somewhat hermetic .	positive
a cleverly crafted but ultimately hollow mockumentary .	negative
one of the film 's most effective aspects is its tchaikovsky soundtrack of neurasthenic regret .	neutral
jacquot has filmed the opera exactly as the libretto directs , ideally capturing the opera 's drama and lyricism .	positive
the misery of these people becomes just another voyeuristic spectacle , to be consumed and forgotten .	very negative
from a deceptively simple premise , this deeply moving french drama develops a startling story that works both as a detailed personal portrait and as a rather frightening examination of modern times .	very positive
goldmember is funny enough to justify the embarrassment of bringing a barf bag to the moviehouse .	neutral
unexpected , and often contradictory , truths emerge .	positive
has the capability of effecting change and inspiring hope .	positive
even if you 're an elvis person , you wo n't find anything to get excited about on this dvd .	very negative
together writer-director danny verete 's three tales comprise a powerful and reasonably fulfilling gestalt .	positive
writer\/director walter hill is in his hypermasculine element here , once again able to inject some real vitality and even art into a pulpy concept that , in many other hands would be completely forgettable .	positive
reyes ' word processor .	neutral
goldbacher draws on an elegant visual sense and a talent for easy , seductive pacing ... but she and writing partner laurence coriat do n't manage an equally assured narrative coinage .	positive
the script is smart and dark - hallelujah for small favors .	positive
even though we know the outcome , the seesawing of the general 's fate in the arguments of competing lawyers has the stomach-knotting suspense of a legal thriller , while the testimony of witnesses lends the film a resonant undertone of tragedy .	positive
you 're not merely watching history , you 're engulfed by it .	very positive
i am more offended by his lack of faith in his audience than by anything on display here .	negative
we 're drawn in by the dark luster .	positive
the darker elements of misogyny and unprovoked violence suffocate the illumination created by the two daughters and the sparse instances of humor meant to shine through the gloomy film noir veil .	negative
it 's not a great monster movie .	negative
it 's a lovely , sad dance highlighted by kwan 's unique directing style .	very positive
it 's so downbeat and nearly humorless that it becomes a chore to sit through -- despite some first-rate performances by its lead .	negative
the all-french cast is marveilleux .	very positive
wanker goths are on the loose !	neutral
if the title is a jeopardy question , then the answer might be `` how does steven seagal come across these days ? ''	negative
the emperor 's club , ruthless in its own placid way , finds one of our most conservative and hidebound movie-making traditions and gives it new texture , new relevance , new reality .	very positive
the warnings to resist temptation in this film ... are blunt and challenging and offer no easy rewards for staying clean .	neutral
that storytelling has value can not be denied .	very positive
the whole thing comes off like a particularly amateurish episode of bewitched that takes place during spring break .	negative
it 's hard to believe that something so short could be so flabby .	negative
it establishes its ominous mood and tension swiftly , and if the suspense never rises to a higher level , it is nevertheless maintained throughout .	positive
solondz may well be the only one laughing at his own joke	negative
deep intelligence and a warm , enveloping affection breathe out of every frame .	very positive
swinging , the film makes it seem , is not a hobby that attracts the young and fit .	negative
there 's a reason why halftime is only fifteen minutes long .	negative
a tasty slice of droll whimsy .	neutral
winds up being both revelatory and narcissistic , achieving some honest insight into relationships that most high-concept films candy-coat with pat storylines , precious circumstances and beautiful stars .	positive
in its own floundering way , it gets to you .	positive
behind the glitz , hollywood is sordid and disgusting .	very negative
this mild-mannered farce , directed by one of its writers , john c. walsh , is corny in a way that bespeaks an expiration date passed a long time ago .	negative
with very little to add beyond the dark visions already relayed by superb recent predecessors like swimming with sharks and the player , this latest skewering ... may put off insiders and outsiders alike .	negative
significantly better than its 2002 children 's - movie competition .	positive
you can thank me for this .	neutral
this is an elegantly balanced movie -- every member of the ensemble has something fascinating to do -- that does n't reveal even a hint of artifice .	very positive
cox creates a fluid and mesmerizing sequence of images to match the words of nijinsky 's diaries .	positive
the fast runner ' transports the viewer into an unusual space	neutral
with the exception of mccoist , the players do n't have a clue on the park .	negative
no amount of good acting is enough to save oleander 's uninspired story .	negative
everyone 's to blame here .	negative
evokes the 19th century with a subtlety that is an object lesson in period filmmaking .	positive
an odd , haphazard , and inconsequential romantic comedy .	negative
... another example of how sandler is losing his touch .	negative
an awful lot like one of -lrb- spears ' -rrb- music videos in content -- except that it goes on for at least 90 more minutes and , worse , that you have to pay if you want to see it .	very negative
stale and clichéd to a fault .	very negative
... built on the premise that middle-class arkansas consists of monster truck-loving good ol' boys and peroxide blond honeys whose worldly knowledge comes from tv reruns and supermarket tabloids .	negative
zellweger 's whiny pouty-lipped poof faced and spindly attempt at playing an ingenue makes her nomination as best actress even more of a an a	negative
holofcener rejects patent solutions to dramatize life 's messiness from inside out , in all its strange quirks .	very positive
it 's got some pretentious eye-rolling moments and it did n't entirely grab me , but there 's stuff here to like .	neutral
i still want my money back .	very negative
no one involved , save dash , shows the slightest aptitude for acting , and the script , credited to director abdul malik abbott and ernest ` tron ' anderson , seems entirely improvised .	very negative
it 's the kind of effectively creepy-scary thriller that has you fixating on a far corner of the screen at times because your nerves just ca n't take it any more .	very positive
narratively , trouble every day is a plodding mess .	negative
well-done supernatural thriller with keen insights into parapsychological phenomena and the soulful nuances of the grieving process .	positive
if there 's no art here , it 's still a good yarn -- which is nothing to sneeze at these days .	positive
ranges from laugh-out-loud hilarious to wonder-what - time-it-is tedious .	neutral
the cumulative effect of watching this 65-minute trifle is rather like being trapped while some weird relative trots out the video he took of the family vacation to stonehenge .	very negative
its sheer dynamism is infectious .	positive
the film is reasonably entertaining , though it begins to drag two-thirds through , when the melodramatic aspects start to overtake the comedy .	positive
dark and disturbing , yet compelling to watch .	neutral
simultaneously heart-breaking and very funny , the last kiss is really all about performances .	positive
start reading your scripts before signing that dotted line .	negative
bogs down badly as we absorb jia 's moody , bad-boy behavior which he portrays himself in a one-note performance .	neutral
jackson and co have brought back the value and respect for the term epic cinema .	positive
a pathetically inane and unimaginative cross between xxx and vertical limit .	negative
max pokes , provokes , takes expressionistic license and hits a nerve ... as far as art is concerned , it 's mission accomplished .	positive
the power of shanghai ghetto , a documentary by dana janklowicz-mann and amir mann , rests in the voices of men and women , now in their 70s , who lived there in the 1940s .	positive
in a word : no. .	neutral
there are many things that solid acting can do for a movie , but crafting something promising from a mediocre screenplay is not one of them .	neutral
` punch-drunk love is so convinced of its own brilliance that , if it were a person , you 'd want to smash its face in . '	very negative
a sentimental mess that never rings true .	very negative
a fascinating case study of flower-power liberation -- and the price that was paid for it .	very positive
-lrb- janey -rrb- forgets about her other obligations , leading to a tragedy which is somehow guessable from the first few minutes , maybe because it echoes the by now intolerable morbidity of so many recent movies .	negative
ca n't get enough of libidinous young city dwellers ?	neutral
would i see it again ?	neutral
the only problem is that , by the end , no one in the audience or the film seems to really care .	very negative
a film without surprise geared toward maximum comfort and familiarity .	negative
... although this idea is `` new '' the results are tired .	negative
remarkable for its excellent storytelling , its economical , compressed characterisations and for its profound humanity , it 's an adventure story and history lesson all in one .	very positive
mike white 's deft combination of serious subject matter and dark , funny humor make `` the good girl '' a film worth watching .	very positive
a film that will be best appreciated by those willing to endure its extremely languorous rhythms , waiting for happiness is ultimately thoughtful without having much dramatic impact .	positive
this may be the first cartoon ever to look as if it were being shown on the projection television screen of a sports bar .	negative
it 's a treat -- a delightful , witty , improbable romantic comedy with a zippy jazzy score ... grant and bullock make it look as though they are having so much fun .	very positive
the trouble is , its filmmakers run out of clever ideas and visual gags about halfway through .	negative
even when crush departs from the 4w formula ... it feels like a glossy rehash .	negative
at its worst the screenplay is callow , but at its best it is a young artist 's thoughtful consideration of fatherhood .	neutral
nair does n't treat the issues lightly .	positive
ana 's journey is not a stereotypical one of self-discovery , as she 's already comfortable enough in her own skin to be proud of her rubenesque physique ...	neutral
a compelling motion picture that illustrates an american tragedy .	very positive
it 's that painful .	very negative
smart , sassy interpretation of the oscar wilde play .	very positive
there 's nothing more satisfying during a summer of event movies than a spy thriller like the bourne identity that 's packed with just as much intelligence as action .	positive
... if you 're just in the mood for a fun -- but bad -- movie , you might want to catch freaks as a matinee .	neutral
though writer\/director bart freundlich 's film ultimately becomes a simplistic story about a dysfunctional parent-child relationship , it has some special qualities and the soulful gravity of crudup 's anchoring performance .	positive
the early and middle passages are surprising in how much they engage and even touch us .	very positive
but be warned , you too may feel time has decided to stand still .	neutral
-lrb- cho 's face is -rrb- an amazing slapstick instrument , creating a scrapbook of living mug shots .	positive
if ever such a dependable concept was botched in execution , this is it .	very negative
his -lrb- nelson 's -rrb- screenplay needs some serious re-working to show more of the dilemma , rather than have his characters stage shouting matches about it .	negative
terminally brain dead production .	very negative
it depends on how well flatulence gags fit into your holiday concept .	neutral
-lrb- grant -rrb- goes beyond his usual fluttering and stammering and captures the soul of a man in pain who gradually comes to recognize it and deal with it .	positive
adults will certainly want to spend their time in the theater thinking up grocery lists and ways to tell their kids how not to act like pinocchio .	neutral
the movie suffers from two fatal ailments -- a dearth of vitality and a story that 's shapeless and uninflected .	very negative
well-meaning but inert .	neutral
bigelow handles the nuclear crisis sequences evenly but milks drama when she should be building suspense , and drags out too many scenes toward the end that should move quickly .	negative
while most films these days are about nothing , this film seems to be about everything that 's plaguing the human spirit in a relentlessly globalizing world .	positive
one senses in world traveler and in his earlier film that freundlich bears a grievous but obscure complaint against fathers , and circles it obsessively , without making contact .	negative
well-meant but unoriginal .	negative
it 's an effort to watch this movie , but it eventually pays off and is effective if you stick with it .	positive
it 's burns ' visuals , characters and his punchy dialogue , not his plot , that carry waydowntown .	positive
the real triumphs in igby come from philippe , who makes oliver far more interesting than the character 's lines would suggest , and sarandon , who could n't be better as a cruel but weirdly likable wasp matron .	positive
the quiet american is n't a bad film , it 's just one that could easily wait for your pay per view dollar .	negative
no. .	negative
kapur weighs down the tale with bogus profundities .	negative
my big fat greek wedding is that rare animal known as ' a perfect family film , ' because it 's about family .	positive
even though many of these guys are less than adorable -lrb- their lamentations are pretty much self-centered -rrb- , there 's something vital about the movie .	positive
while it may not add up to the sum of its parts , holofcener 's film offers just enough insight to keep it from being simpleminded , and the ensemble cast is engaging enough to keep you from shifting in your chair too often .	positive
an ugly , revolting movie .	negative
if you are into splatter movies , then you will probably have a reasonably good time with the salton sea .	positive
the characterizations and dialogue lack depth or complexity , with the ironic exception of scooter .	negative
shanghai ghetto may not be as dramatic as roman polanski 's the pianist , but its compassionate spirit soars every bit as high .	very positive
but it 's hardly a necessary enterprise .	negative
ratliff 's two previous titles , plutonium circus and purgatory county show his penchant for wry , contentious configurations , and this film is part of that delicate canon .	positive
distinctly sub-par ... more likely to drown a viewer in boredom than to send any shivers down his spine .	very negative
it 's a shame that the storyline and its underlying themes ... finally seem so impersonal or even shallow .	very negative
as it stands , crocodile hunter has the hurried , badly cobbled look of the 1959 godzilla , which combined scenes of a japanese monster flick with canned shots of raymond burr commenting on the monster 's path of destruction .	negative
de niro cries .	neutral
leigh succeeds in delivering a dramatic slap in the face that 's simultaneously painful and refreshing .	positive
i liked the original short story but this movie , even at an hour and twenty-some minutes , it 's too long and it goes nowhere .	very negative
it 's the kind of under-inspired , overblown enterprise that gives hollywood sequels a bad name .	very negative
the movie starts with a legend and ends with a story that is so far-fetched it would be impossible to believe if it were n't true .	negative
really does feel like a short stretched out to feature length .	negative
a breezy blend of art , history , esoteric musings and philosophy .	positive
unexpected moments of authentically impulsive humor are the hallmark of this bittersweet , uncommonly sincere movie that portrays the frank humanity of ... emotional recovery .	very positive
stands as a document of what it felt like to be a new yorker -- or , really , to be a human being -- in the weeks after 9\/11 .	positive
my wife is an actress works as well as it does because -lrb- the leads -rrb- are such a companionable couple .	positive
do you chuckle at the thought of an ancient librarian whacking a certain part of a man 's body ?	neutral
about schmidt is nicholson 's goofy , heartfelt , mesmerizing king lear .	positive
a comedy that is warm , inviting , and surprising .	very positive
hatfield and hicks make the oddest of couples , and in this sense the movie becomes a study of the gambles of the publishing world , offering a case study that exists apart from all the movie 's political ramifications .	positive
the movie is so contrived , nonsensical and formulaic that , come to think of it , the day-old shelf would be a more appropriate location to store it .	very negative
this sensitive , smart , savvy , compelling coming-of-age drama delves into the passive-aggressive psychology of co-dependence and the struggle for self-esteem .	very positive
enigma looks great , has solid acting and a neat premise .	positive
it 's not hateful .	neutral
eventually , they will have a showdown , but , by then , your senses are as mushy as peas and you do n't care who fires the winning shot .	very negative
as warm as it is wise , deftly setting off uproarious humor with an underlying seriousness that sneaks up on the viewer , providing an experience that is richer than anticipated .	very positive
godard 's ode to tackling life 's wonderment is a rambling and incoherent manifesto about the vagueness of topical excess ... in praise of love remains a ponderous and pretentious endeavor that 's unfocused and tediously exasperating .	very negative
this ready-made midnight movie probably wo n't stand the cold light of day , but under the right conditions , it 's goofy -lrb- if not entirely wholesome -rrb- fun .	positive
hampered -- no , paralyzed -- by a self-indulgent script ... that aims for poetry and ends up sounding like satire .	very negative
although sensitive to a fault , it 's often overwritten , with a surfeit of weighty revelations , flowery dialogue , and nostalgia for the past and roads not taken .	negative
several uninteresting , unlikeable people do bad things to and with each other in `` unfaithful . ''	very negative
feels like nothing quite so much as a middle-aged moviemaker 's attempt to surround himself with beautiful , half-naked women .	neutral
... a low rate annie featuring some kid who ca n't act , only echoes of jordan , and weirdo actor crispin glover screwing things up old school .	negative
this version does justice both to stevenson and to the sci-fi genre .	positive
surprisingly , considering that baird is a former film editor , the movie is rather choppy .	negative
it would work much better as a one-hour tv documentary .	neutral
directing with a sure and measured hand , -lrb- haneke -rrb- steers clear of the sensational and offers instead an unflinching and objective look at a decidedly perverse pathology .	positive
directors john musker and ron clements , the team behind the little mermaid , have produced sparkling retina candy , but they are n't able to muster a lot of emotional resonance in the cold vacuum of space .	neutral
... it was n't the subject matter that ultimately defeated the film ... it was the unfulfilling , incongruous , `` wait a second , did i miss something ? ''	very negative
wiseman is patient and uncompromising , letting his camera observe and record the lives of women torn apart by a legacy of abuse .	positive
many of benjamins ' elements feel like they 've been patched in from an episode of miami vice .	neutral
... little more than a well-acted television melodrama shot for the big screen .	neutral
it 's a compelling and horrifying story , and the laramie project is worthwhile for reminding us that this sort of thing does , in fact , still happen in america .	very positive
ub equally spoofs and celebrates the more outre aspects of ` black culture ' and the dorkier aspects of ` white culture , ' even as it points out how inseparable the two are .	positive
full frontal , which opens today nationwide , could almost be classified as a movie-industry satire , but it lacks the generous inclusiveness that is the genre 's definitive , if disingenuous , feature .	negative
ultimately ... the movie is too heady for children , and too preachy for adults .	negative
could n't someone take rob schneider and have him switch bodies with a funny person ?	negative
your stomach for heaven depends largely on your appetite for canned corn .	neutral
in the wrong hands , i.e. peploe 's , it 's simply unbearable	negative
what saves it ... and makes it one of the better video-game-based flicks , is that the film acknowledges upfront that the plot makes no sense , such that the lack of linearity is the point of emotional and moral departure for protagonist alice .	positive
like an afterschool special with costumes by gianni versace , mad love looks better than it feels .	negative
a strong script , powerful direction and splendid production design allows us to be transported into the life of wladyslaw szpilman , who is not only a pianist , but a good human being .	very positive
an average coming-of-age tale elevated by the wholesome twist of a pesky mother interfering during her son 's discovery of his homosexuality .	neutral
miller tells this very compelling tale with little fuss or noise , expertly plucking tension from quiet .	positive
it has no affect on the kurds , but it wore me down .	negative
the wanton slipperiness of \* corpus and its amiable jerking and reshaping of physical time and space would make it a great piece to watch with kids and use to introduce video as art .	very positive
the real star of this movie is the score , as in the songs translate well to film , and it 's really well directed .	positive
instead of letting the laughs come as they may , lawrence unleashes his trademark misogyny -- er , comedy -- like a human volcano or an overflowing septic tank , take your pick .	very negative
this tuxedo ... should have been sent back to the tailor for some major alterations .	very negative
ever see one of those comedies that just seem like a bad idea from frame one ?	negative
the film is impressive for the sights and sounds of the wondrous beats the world has to offer .	very positive
for most of its footage , the new thriller proves that director m. night shyamalan can weave an eerie spell and that mel gibson can gasp , shudder and even tremble without losing his machismo .	very positive
downright transparent is the script 's endless assault of embarrassingly ham-fisted sex jokes that reek of a script rewrite designed to garner the film a `` cooler '' pg-13 rating .	very negative
the performances are so overstated , the effect comes off as self-parody .	very negative
in terms of execution this movie is careless and unfocused .	very negative
the story ultimately takes hold and grips hard .	very positive
the whole movie is simply a lazy exercise in bad filmmaking that asks you to not only suspend your disbelief but your intelligence as well .	negative
rabbit-proof fence will probably make you angry .	neutral
it puts washington , as honest working man john q. archibald , on a pedestal , then keeps lifting the pedestal higher .	positive
i have not been this disappointed by a movie in a long time .	very negative
an alternately fascinating and frustrating documentary .	positive
a directorial tour de force by bernard rose , ivans xtc .	positive
unfortunately , one hour photo lives down to its title .	very negative
punitively affirmational parable .	neutral
as spent screen series go , star trek : nemesis is even more suggestive of a 65th class reunion mixer where only eight surviving members show up -- and there 's nothing to drink .	neutral
for a guy who has waited three years with breathless anticipation for a new hal hartley movie to pore over , no such thing is a big letdown .	very negative
beautifully produced .	very positive
a compelling coming-of-age drama about the arduous journey of a sensitive young girl through a series of foster homes and a fierce struggle to pull free from her dangerous and domineering mother 's hold over her .	positive
lee 's achievement extends to his supple understanding of the role that brown played in american culture as an athlete , a movie star , and an image of black indomitability .	positive
it 's definitely an improvement on the first blade , since it does n't take itself so deadly seriously .	positive
if you 're paying attention , the `` big twists '' are pretty easy to guess - but that does n't make the movie any less entertaining .	neutral
yet this one makes up for in heart what it lacks in outright newness .	positive
the most memorable moment was when green threw medical equipment at a window ; not because it was particularly funny , but because i had a serious urge to grab the old lady at the end of my aisle 's walker and toss it at the screen in frustration .	very negative
the premise of `` abandon '' holds promise , ... but its delivery is a complete mess .	negative
shyamalan offers copious hints along the way -- myriad signs , if you will -- that beneath the familiar , funny surface is a far bigger , far more meaningful story than one in which little green men come to earth for harvesting purposes .	positive
call me a cynic , but there 's something awfully deadly about any movie with a life-affirming message .	negative
the plot meanders from gripping to plodding and back .	neutral
we started to wonder if ... some unpaid intern had just typed ` chris rock , ' ` anthony hopkins ' and ` terrorists ' into some univac-like script machine .	very negative
it 's hard to imagine that even very small children will be impressed by this tired retread .	very negative
the art direction is often exquisite , and the anthropomorphic animal characters are beautifully realized through clever makeup design , leaving one to hope that the eventual dvd release will offer subtitles and the original italian-language soundtrack .	very positive
the problem with movies about angels is they have a tendency to slip into hokum .	negative
lazy filmmaking , with the director taking a hands-off approach when he should have shaped the story to show us why it 's compelling .	very negative
like smoke signals , the film is also imbued with strong themes of familial ties and spirituality that are powerful and moving without stooping to base melodrama	positive
as with so many merchandised-to-the-max movies of this type , more time appears to have gone into recruiting the right bands for the playlist and the costuming of the stars than into the script , which has a handful of smart jokes and not much else .	negative
the film 's images give a backbone to the company and provide an emotional edge to its ultimate demise .	positive
they should have found orson welles ' great-grandson .	neutral
stuffed to the brim with ideas , american instigator michael moore 's film is a rambling examination of american gun culture that uses his usual modus operandi of crucifixion through juxtaposition .	positive
press the delete key .	very negative
... the kind of entertainment that parents love to have their kids see .	very positive
for all its visual panache and compelling supporting characters , the heart of the film rests in the relationship between sullivan and his son .	very positive
imamura has said that warm water under a red bridge is a poem to the enduring strengths of women .	positive
a grating , emaciated flick .	negative
it 's plotless , shapeless -- and yet , it must be admitted , not entirely humorless .	negative
with a tone as variable as the cinematography , schaeffer 's film never settles into the light-footed enchantment the material needs , and the characters ' quirks and foibles never jell into charm .	negative
a very slow , uneventful ride around a pretty tattered old carousel .	negative
jackson is always watchable .	positive
showtime is a fine-looking film with a bouncy score and a clutch of lively songs for deft punctuation .	very positive
mib ii is a movie that makes it possible for the viewer to doze off for a few minutes or make several runs to the concession stand and\/or restroom and not feel as if he or she has missed anything .	very negative
... bright , intelligent , and humanly funny film .	very positive
too bad kramer could n't make a guest appearance to liven things up .	negative
300 years of russian history and culture compressed into an evanescent , seamless and sumptuous stream of consciousness .	very positive
the modern remake of dumas 's story is long on narrative and -lrb- too -rrb- short on action .	negative
seagal is painfully foolish in trying to hold onto what 's left of his passe ' chopsocky glory .	negative
summer 's far too fleeting to squander on offal like this .	neutral
the enjoyable undercover brother , a zany mix of saturday night live-style parody , '70s blaxploitation films and goofball action comedy gone wild , dishes out a ton of laughs that everyone can enjoy .	very positive
fantastic !	very positive
in both the writing and cutting , it does not achieve the kind of dramatic unity that transports you .	neutral
the cast has a high time , but de broca has little enthusiasm for such antique pulp .	neutral
there 's not a spark of new inspiration in it , just more of the same , done with noticeably less energy and imagination .	negative
`` red dragon '' is entertaining .	very positive
hoffman waits too long to turn his movie in an unexpected direction , and even then his tone retains a genteel , prep-school quality that feels dusty and leatherbound .	negative
secretary is just too original to be ignored .	positive
while cherish does n't completely survive its tonal transformation from dark comedy to suspense thriller , it 's got just enough charm and appealing character quirks to forgive that still serious problem .	positive
the lack of naturalness makes everything seem self-consciously poetic and forced ... it 's a pity that -lrb- nelson 's -rrb- achievement does n't match his ambition .	very negative
graham greene 's novel of colonialism and empire is elevated by michael caine 's performance as a weary journalist in a changing world .	positive
the movie is so resolutely cobbled together out of older movies that it even uses a totally unnecessary prologue , just because it seems obligatory .	very negative
my big fat greek wedding is not only the best date movie of the year , it 's also a -- dare i say it twice -- delightfully charming -- and totally american , i might add -- slice of comedic bliss .	very positive
an off-beat and fanciful film about the human need for monsters to blame for all that is amiss in the world .	positive
this thing works on no level whatsoever for me .	very negative
a selection of scenes in search of a movie .	negative
one of the most gloriously unsubtle and adrenalized extreme shockers since the evil dead .	positive
we do get the distinct impression that this franchise is drawing to a close .	negative
ultimate x is a ride , basically the kind of greatest-hits reel that might come with a subscription to espn the magazine .	neutral
an unholy mess , driven by the pathetic idea that if you shoot something on crummy-looking videotape , it must be labelled ` hip ' , ` innovative ' and ` realistic ' .	very negative
in the end , the weight of water comes to resemble the kind of soft-core twaddle you 'd expect to see on showtime 's ` red shoe diaries . '	negative
meticulously uncovers a trail of outrageous force and craven concealment .	positive
even if the ring has a familiar ring , it 's still unusually crafty and intelligent for hollywood horror .	positive
time is a beautiful film to watch , an interesting and at times captivating take on loss and loneliness .	very positive
a moving and weighty depiction of one family 's attempts to heal after the death of a child .	positive
it 's replaced by some dramatic scenes that are jarring and deeply out of place in what could have -lrb- and probably should have -rrb- been a lighthearted comedy .	negative
even if you do n't understand what on earth is going on , this is a movie that will stimulate hours of post viewing discussion , if only to be reminded of who did what to whom and why .	positive
... watching it was painful .	negative
mostly honest , this somber picture reveals itself slowly , intelligently , artfully .	very positive
the story line may be 127 years old , but el crimen del padre amaro ... could n't be more timely in its despairing vision of corruption within the catholic establishment .	positive
it 's a gag that 's worn a bit thin over the years , though do n't ask still finds a few chuckles .	neutral
in some ways , lagaan is quintessential bollywood .	neutral
wait to see it then .	negative
unless there are zoning ordinances to protect your community from the dullest science fiction , impostor is opening today at a theater near you .	negative
does a good job of establishing a time and place , and of telling a fascinating character 's story .	positive
it 's supposed to be a romantic comedy - it suffers from too much norma rae and not enough pretty woman .	negative
tries to work in the same vein as the brilliance of animal house but instead comes closer to the failure of the third revenge of the nerds sequel .	very negative
anemic chronicle of money grubbing new yorkers and their serial loveless hook ups .	neutral
for those who pride themselves on sophisticated , discerning taste , this might not seem like the proper cup of tea , however it is almost guaranteed that even the stuffiest cinema goers will laugh their \*\*\* off for an hour-and-a-half .	very positive
a film with contemporary political resonance illustrated by a winning family story .	positive
disney again ransacks its archives for a quick-buck sequel .	negative
payami tries to raise some serious issues about iran 's electoral process , but the result is a film that 's about as subtle as a party political broadcast .	negative
one of the most incoherent features in recent memory .	very negative
a wry , affectionate delight .	very positive
`` sum '' is jack ryan 's `` do-over . ''	neutral
brosnan gives a portrayal as solid and as perfect as his outstanding performance as bond in die another day .	very positive
the problem with the mayhem in formula 51 is not that it 's offensive , but that it 's boring .	negative
but death to smoochy keeps firing until the bitter end .	neutral
a three-hour cinema master class .	positive
a quirky comedy set in newfoundland that cleverly captures the dry wit that 's so prevalent on the rock .	positive
may not be a breakthrough in filmmaking , but it is unwavering and arresting .	positive
than ` magnifique ' .	neutral
davis the performer is plenty fetching enough , but she needs to shake up the mix , and work in something that does n't feel like a half-baked stand-up routine .	neutral
caruso sometimes descends into sub-tarantino cuteness ... but for the most part he makes sure the salton sea works the way a good noir should , keeping it tight and nasty .	positive
the rest of the film ... is dudsville .	very negative
brutally honest and told with humor and poignancy , which makes its message resonate .	very positive
... a good film that must have baffled the folks in the marketing department .	very positive
director uwe boll and writer robert dean klein fail to generate any interest in an unsympathetic hero caught up in an intricate plot that while cleverly worked out , can not overcome blah characters .	negative
the metaphors are provocative , but too often , the viewer is left puzzled by the mechanics of the delivery .	negative
if you 're a crocodile hunter fan , you 'll enjoy at least the `` real '' portions of the film .	neutral
works better in the conception than it does in the execution ... winds up seeming just a little too clever .	negative
wonderful fencing scenes and an exciting plot make this an eminently engrossing film .	positive
a bold -lrb- and lovely -rrb- experiment that will almost certainly bore most audiences into their own brightly colored dreams .	positive
a wonderfully warm human drama that remains vividly in memory long after viewing	positive
we get light showers of emotion a couple of times , but then -- strangely -- these wane to an inconsistent and ultimately unsatisfying drizzle .	neutral
if any of them list this ` credit ' on their resumes in the future , that 'll be much funnier than anything in the film ...	negative
after you laugh once -lrb- maybe twice -rrb- , you will have completely forgotten the movie by the time you get back to your car in the parking lot .	very negative
the hanukkah spirit seems fried in pork .	negative
there are plenty of scenes in frida that do work , but rarely do they involve the title character herself .	positive
it is scott 's convincing portrayal of roger the sad cad that really gives the film its oomph .	positive
just entertaining enough not to hate , too mediocre to love .	neutral
a drama of great power , yet some members of the audience will leave the theater believing they have seen a comedy .	neutral
4ever has the same sledgehammer appeal as pokemon videos , but it breathes more on the big screen and induces headaches more slowly .	positive
a chilling tale of one of the great crimes of 20th century france : the murder of two rich women by their servants in 1933 .	positive
while serving sara does have a long way to go before it reaches the level of crudity in the latest austin powers extravaganza , there 's nothing here to match that movie 's intermittent moments of inspiration .	neutral
despite all the closed-door hanky-panky , the film is essentially juiceless .	very negative
it 's one long bore .	negative
if you are curious to see the darker side of what 's going on with young tv actors -lrb- dawson leery did what ?!? -rrb- , or see some interesting storytelling devices , you might want to check it out , but there 's nothing very attractive about this movie .	negative
it has a dashing and resourceful hero ; a lisping , reptilian villain ; big fights ; big hair ; lavish period scenery ; and a story just complicated enough to let you bask in your own cleverness as you figure it out .	positive
none of this is very original , and it is n't particularly funny .	very negative
ice age wo n't drop your jaw , but it will warm your heart , and i 'm giving it a strong thumbs up .	positive
a tasty masala .	positive
but it does have one saving grace .	positive
one ca n't deny its seriousness and quality .	positive
piccoli gives a superb performance full of deep feeling .	very positive
it 'll keep you wide awake and ... very tense .	positive
an empty , purposeless exercise .	very negative
too bad .	negative
everything is pegged into the groove of a new york dating comedy with ` issues ' to simplify .	neutral
the obligatory break-ups and hook-ups do n't seem to have much emotional impact on the characters .	neutral
rich in shadowy metaphor and as sharp as a samurai sword , jiang wen 's devils on the doorstep is a wartime farce in the alternately comic and gut-wrenching style of joseph heller or kurt vonnegut .	very positive
can be classified as one of those ` alternate reality ' movies ... except that it would have worked so much better dealing in only one reality .	negative
despite some strong performances , never rises above the level of a telanovela .	negative
painfully padded .	negative
the sum of all fears is remarkably fuddled about motives and context , which drains it of the dramatic substance that would shake us in our boots -lrb- or cinema seats -rrb- .	negative
a diverse and astonishingly articulate cast of palestinian and israeli children .	positive
highly recommended viewing for its courage , ideas , technical proficiency and great acting .	very positive
none of this is meaningful or memorable , but frosting is n't , either , and you would n't turn down a big bowl of that , would you ?	positive
it understands , in a way that speaks forcefully enough about the mechanisms of poverty to transcend the rather simplistic filmmaking .	neutral
a gripping documentary that reveals how deep the antagonism lies in war-torn jerusalem .	positive
i had a dream that a smart comedy would come along to rescue me from a summer of teen-driven , toilet-humor codswallop , and its name was earnest .	very positive
a delightful surprise because despite all the backstage drama , this is a movie that tells stories that work -- is charming , is moving , is funny and looks professional .	very positive
for all the wit and hoopla , festival in cannes offers rare insight into the structure of relationships .	positive
every joke is repeated at least -- annoying , is n't it ?	negative
` anyone with a passion for cinema , and indeed sex , should see it as soon as possible . '	very positive
a refreshing change from the usual whoopee-cushion effort aimed at the youth market .	very positive
in a 102-minute film , aaliyah gets at most 20 minutes of screen time .	neutral
... an interesting slice of history .	positive
for dance completists only .	very negative
it has the air of a surprisingly juvenile lark , a pop-influenced prank whose charms are immediately apparent and wear thin with repetition .	negative
less front-loaded and more shapely than the two-hour version released here in 1990 .	neutral
it 's uninteresting .	very negative
bray is completely at sea ; with nothing but a savage garden music video on his resume , he has no clue about making a movie .	very negative
a tone poem of transgression .	positive
seemingly a vehicle to showcase the canadian 's inane ramblings , stealing harvard is a smorgasbord of soliloquies about nothing delivered by the former mr. drew barrymore .	very negative
confusion is one of my least favourite emotions , especially when i have to put up with 146 minutes of it .	very negative
road to perdition does display greatness , and it 's worth seeing .	very positive
ultimately , sarah 's dedication to finding her husband seems more psychotic than romantic , and nothing in the movie makes a convincing case that one woman 's broken heart outweighs all the loss we witness .	negative
an intense and effective film about loneliness and the chilly anonymity of the environments where so many of us spend so much of our time .	positive
one of the worst movies of the year .	very negative
like a soft drink that 's been sitting open too long : it 's too much syrup and not enough fizz .	very negative
too bad writer-director adam rifkin situates it all in a plot as musty as one of the golden eagle 's carpets .	negative
it has more in common with a fireworks display than a movie , which normally is expected to have characters and a storyline .	negative
a captivatingly quirky hybrid of character portrait , romantic comedy and beat-the-clock thriller .	positive
it 's actually too sincere -- the crime movie equivalent of a chick flick .	neutral
manages to delight without much of a story .	positive
... an hour-and-a-half of inoffensive , unmemorable filler .	very negative
may take its sweet time to get wherever it 's going , but if you have the patience for it , you wo n't feel like it 's wasted yours .	positive
ultimately , the film never recovers from the clumsy cliché of the ugly american abroad , and the too-frosty exterior ms. paltrow employs to authenticate her british persona is another liability .	negative
in the book-on-tape market , the film of `` the kid stays in the picture '' would be an abridged edition	negative
it is bad , but certainly not without merit as entertainment .	negative
it 's sincere to a fault , but , unfortunately , not very compelling or much fun .	neutral
high crimes is a cinematic misdemeanor , a routine crime thriller remarkable only for its lack of logic and misuse of two fine actors , morgan freeman and ashley judd .	very negative
the project 's filmmakers forgot to include anything even halfway scary as they poorly rejigger fatal attraction into a high school setting .	very negative
a high-spirited buddy movie about the reunion of berlin anarchists who face arrest 15 years after their crime .	positive
the camera whirls !	neutral
... one of the most entertaining monster movies in ages ...	very positive
an infinitely wittier version of the home alone formula .	positive
devoid of any of the qualities that made the first film so special .	very negative
succeeds where its recent predecessor miserably fails because it demands that you suffer the dreadfulness of war from both sides .	positive
fontaine masterfully creates a portrait of two strong men in conflict , inextricably entwined through family history , each seeing himself in the other , neither liking what he sees .	positive
everyone 's insecure in lovely and amazing , a poignant and wryly amusing film about mothers , daughters and their relationships .	very positive
seemingly disgusted with the lazy material and the finished product 's unshapely look , director fisher stevens inexplicably dips key moments from the film in waking life water colors .	negative
it 's also curious to note that this film , like the similarly ill-timed antitrust , is easily as bad at a fraction the budget .	very negative
do n't let the subtitles fool you ; the movie only proves that hollywood no longer has a monopoly on mindless action .	negative
the only type of lives this glossy comedy-drama resembles are ones in formulaic mainstream movies .	negative
fulford-wierzbicki ... deftly captures the wise-beyond-her-years teen .	positive
you see the movie and you think , zzzzzzzzz .	very negative
much of this slick and sprightly cgi feature is sufficiently funny to amuse even the most resolutely unreligious parents who escort their little ones to megaplex screenings .	positive
a tightly directed , highly professional film that 's old-fashioned in all the best possible ways .	positive
true hollywood story .	neutral
confessions is without a doubt a memorable directorial debut from king hunk .	positive
best enjoyed as a work of fiction inspired by real-life events .	positive
the dominant feeling is something like nostalgia . '	neutral
this is a heartfelt story ... it just is n't a very involving one .	negative
schnitzler does a fine job contrasting the sleekness of the film 's present with the playful paranoia of the film 's past . '	very positive
george clooney , in his first directorial effort , presents this utterly ridiculous shaggy dog story as one of the most creative , energetic and original comedies to hit the screen in years .	positive
` martin lawrence live ' is so self-pitying , i almost expected there to be a collection taken for the comedian at the end of the show .	very negative
sandra bullock 's best dramatic performance to date -lrb- is -rrb- almost enough to lift -lrb- this -rrb- thrill-kill cat-and-mouser ... above its paint-by-numbers plot .	neutral
the screenplay does too much meandering , norton has to recite bland police procedural details , fiennes wanders around in an attempt to seem weird and distanced , hopkins looks like a drag queen .	negative
if oscar had a category called best bad film you thought was going to be really awful but was n't , guys would probably be duking it out with the queen of the damned for the honor .	negative
a romance ?	neutral
anyone else who may , for whatever reason , be thinking about going to see this movie is hereby given fair warning .	negative
i could n't help but feel the wasted potential of this slapstick comedy .	negative
the latest vapid actor 's exercise to appropriate the structure of arthur schnitzler 's reigen .	negative
majidi 's direction has never been smoother or more confident .	very positive
i did n't think so .	neutral
there 's only one way to kill michael myers for good : stop buying tickets to these movies .	very negative
fear permeates the whole of stortelling , todd solondz ' oftentimes funny , yet ultimately cowardly autocritique .	positive
falsehoods pile up , undermining the movie 's reality and stifling its creator 's comic voice .	negative
bland but harmless .	negative
like leafing through an album of photos accompanied by the sketchiest of captions .	negative
judd 's characters ought to pick up the durable best seller smart women , foolish choices for advice .	negative
in the telling of a story largely untold , bui chooses to produce something that is ultimately suspiciously familiar .	neutral
freundlich 's made -lrb- crudup -rrb- a suburban architect , and a cipher .	neutral
it 's a bizarre curiosity memorable mainly for the way it fritters away its potentially interesting subject matter via a banal script , unimpressive acting and indifferent direction .	neutral
not to mention a sharper , cleaner camera lens .	neutral
the criticism never rises above easy , cynical potshots at morally bankrupt characters ...	negative
adolescents will be adequately served by the movie 's sophomoric blend of shenanigans and slapstick , although the more lascivious-minded might be disappointed in the relative modesty of a movie that sports a ` topless tutorial service . '	positive
about the best thing you could say about narc is that it 's a rock-solid little genre picture .	positive
an unbelievably stupid film , though occasionally fun enough to make you forget its absurdity .	negative
star\/producer salma hayek and director julie taymor have infused frida with a visual style unique and inherent to the titular character 's paintings and in the process created a masterful work of art of their own .	positive
what -lrb- denis -rrb- accomplishes in his chilling , unnerving film is a double portrait of two young women whose lives were as claustrophic , suffocating and chilly as the attics to which they were inevitably consigned .	positive
to build a feel-good fantasy around a vain dictator-madman is off-putting , to say the least , not to mention inappropriate and wildly undeserved .	very negative
a generic bloodbath that often becomes laughably unbearable when it is n't merely offensive .	very negative
judith and zaza 's extended bedroom sequence ... is so intimate and sensual and funny and psychologically self-revealing that it makes most of what passes for sex in the movies look like cheap hysterics .	very positive
with an unusual protagonist -lrb- a kilt-wearing jackson -rrb- and subject matter , the improbable `` formula 51 '' is somewhat entertaining , but it could have been much stronger .	positive
this is the kind of movie during which you want to bang your head on the seat in front of you , at its cluelessness , at its idiocy , at its utterly misplaced earnestness .	very negative
though uniformly well acted , especially by young ballesta and galan -lrb- a first-time actor -rrb- , writer\/director achero manas 's film is schematic and obvious .	neutral
its appeal will probably limited to lds church members and undemanding armchair tourists .	negative
the latest adam sandler assault and possibly the worst film of the year .	very negative
the determination of pinochet 's victims to seek justice , and their often heartbreaking testimony , spoken directly into director patricio guzman 's camera , pack a powerful emotional wallop .	very positive
a beautiful , timeless and universal tale of heated passions -- jealousy , betrayal , forgiveness and murder .	very positive
hill looks to be going through the motions , beginning with the pale script .	negative
who needs mind-bending drugs when they can see this , the final part of the ` qatsi ' trilogy , directed by godfrey reggio , with music by philip glass ?	positive
the 1960s rebellion was misdirected : you ca n't fight your culture .	neutral
disjointed parody .	negative
typical animé , with cheapo animation -lrb- like saturday morning tv in the '60s -rrb- , a complex sword-and-sorcery plot and characters who all have big round eyes and japanese names .	negative
you ca n't believe anyone would really buy this stuff .	very negative
the plot is nothing but boilerplate clichés from start to finish , and the script assumes that not only would subtlety be lost on the target audience , but that it 's also too stupid to realize that they 've already seen this exact same movie a hundred times	very negative
twenty years later , e.t. is still a cinematic touchstone .	very positive
lohman adapts to the changes required of her , but the actress and director peter kosminsky never get the audience to break through the wall her character erects	neutral
angela gheorghiu as famous prima donna floria tosca , roberto alagna as her lover mario cavaradossi , and ruggero as the villainous , lecherous police chief scarpia , all sing beautifully and act adequately .	positive
gondry 's direction is adequate ... but what gives human nature its unique feel is kaufman 's script .	positive
though this rude and crude film does deliver a few gut-busting laughs , its digs at modern society are all things we 've seen before .	negative
one of the most exciting action films to come out of china in recent years .	very positive
glizty but formulaic and silly ... cagney 's ` top of the world ' has been replaced by the bottom of the barrel .	negative
makes a joke out of car chases for an hour and then gives us half an hour of car chases .	very negative
-lrb- a -rrb- soulless , stupid sequel ...	very negative
with a large cast representing a broad cross-section , tavernier 's film bounds along with the rat-a-tat energy of `` his girl friday , '' maintaining a light touch while tackling serious themes .	positive
unpretentious , charming , quirky , original	very positive
-lrb- a -rrb- rare movie that makes us re-assess the basis for our lives and evaluate what is truly ours in a world of meaningless activity .	neutral
humorless , self-conscious art drivel , made without a glimmer of intelligence or invention .	very negative
told just proficiently enough to trounce its overly comfortable trappings .	positive
if you have n't seen the film lately , you may be surprised at the variety of tones in spielberg 's work .	positive
at once emotional and richly analytical , the cosby-seinfeld encounter alone confirms the serious weight behind this superficially loose , larky documentary .	neutral
dogtown and z-boys more than exposes the roots of the skateboarding boom that would become `` the punk kids ' revolution . ''	neutral
any movie that makes hard work seem heroic deserves a look .	positive
it 's a thin notion , repetitively stretched out to feature length , awash in self-consciously flashy camera effects , droning house music and flat , flat dialogue .	negative
a dull , dumb and derivative horror film .	very negative
how about surprising us by trying something new ?	very negative
a wordy wisp of a comedy .	neutral
an energetic , violent movie with a momentum that never lets up .	positive
even by the intentionally low standards of frat-boy humor , sorority boys is a bowser .	very negative
an affable but undernourished romantic comedy that fails to match the freshness of the actress-producer and writer 's previous collaboration , miss congeniality .	negative
it really is a shame that more wo n't get an opportunity to embrace small , sweet ` evelyn . '	positive
caviezel embodies the transformation of his character completely .	positive
i found it slow , predictable and not very amusing .	very negative
see it .	very positive
as played by ryan gosling , danny is a frighteningly fascinating contradiction .	positive
the movie spends more time with schneider than with newcomer mcadams , even though her performance is more interesting -lrb- and funnier -rrb- than his .	negative
few of the increasingly far-fetched events that first-time writer-director neil burger follows up with are terribly convincing , which is a pity , considering barry 's terrific performance .	neutral
oh , and more entertaining , too .	positive
the genius of the work speaks volumes , offering up a hallucinatory dreamscape that frustrates and captivates .	very positive
austin powers for the most part is extremely funny , the first part making up for any flaws that come later .	positive
a worthy addition to the cinematic canon , which , at last count , numbered 52 different versions .	very positive
if you like blood , guts and crazy beasts stalking men with guns though ... you will likely enjoy this monster .	positive
it is a popcorn film , not a must-own , or even a must-see .	negative
how inept is serving sara ?	very negative
a thoughtful , reverent portrait of what is essentially a subculture , with its own rules regarding love and family , governance and hierarchy .	very positive
-lrb- caine -rrb- proves once again he has n't lost his touch , bringing off a superb performance in an admittedly middling film .	positive
the film makes strong arguments regarding the social status of america 's indigenous people , but really only exists to try to eke out an emotional tug of the heart , one which it fails to get .	neutral
a vibrant whirlwind of love , family and all that goes with it , my big fat greek wedding is a non-stop funny feast of warmth , colour and cringe .	very positive
the film , like jimmy 's routines , could use a few good laughs .	negative
like a skillful fisher , the director uses the last act to reel in the audience since its poignancy hooks us completely .	very positive
but once the falcon arrives in the skies above manhattan , the adventure is on red alert .	positive
you can see where big bad love is trying to go , but it never quite gets there .	neutral
the movie has generic virtues , and despite a lot of involved talent , seems done by the numbers .	neutral
as antonia is assimilated into this newfangled community , the film settles in and becomes compulsively watchable in a guilty-pleasure , daytime-drama sort of fashion .	positive
the film 's heady yet far from impenetrable theory suggests that russians take comfort in their closed-off nationalist reality .	neutral
this is n't a new idea .	negative
on a cutting room floor somewhere lies ... footage that might have made no such thing a trenchant , ironic cultural satire instead of a frustrating misfire .	very negative
that haynes can both maintain and dismantle the facades that his genre and his character construct is a wonderous accomplishment of veracity and narrative grace .	very positive
avary 's film never quite emerges from the shadow of ellis ' book .	neutral
smothered by its own solemnity .	neutral
just bring on the battle bots , please !	positive
but first , you have to give the audience a reason to want to put for that effort	negative
for all the dolorous trim , secretary is a genial romance that maintains a surprisingly buoyant tone throughout , notwithstanding some of the writers ' sporadic dips into pop freudianism .	positive
a bright , inventive , thoroughly winning flight of revisionist fancy .	positive
just about the surest bet for an all-around good time at the movies this summer .	very positive
those of you who are not an eighth grade girl will most likely doze off during this one .	very negative
a rambling ensemble piece with loosely connected characters and plots that never quite gel .	negative
greg kinnear gives a mesmerizing performance as a full-fledged sex addict who is in complete denial about his obsessive behavior .	very positive
this action-thriller\/dark comedy is one of the most repellent things to pop up in a cinematic year already littered with celluloid garbage .	negative
metaphors abound , but it is easy to take this film at face value and enjoy its slightly humorous and tender story .	positive
the movie is the equivalent of french hip-hop , which also seems to play on a 10-year delay .	very negative
its juxtaposition of overwrought existentialism and stomach-churning gore will have you forever on the verge of either cracking up or throwing up .	neutral
a well-rounded tribute to a man whose achievements -- and complexities -- reached far beyond the end zone .	very positive
a melancholy , emotional film .	neutral
the film ... presents classic moral-condundrum drama : what would you have done to survive ?	positive
both shrill and soporific , and because everything is repeated five or six times , it can seem tiresomely simpleminded .	very negative
the limited sets and small confined and dark spaces also are homages to a classic low-budget film noir movie .	neutral
a rich tale of our times , very well told with an appropriate minimum of means .	positive
the action here is unusually tame , the characters are too simplistic to maintain interest , and the plot offers few surprises .	negative
the four feathers has rewards , from the exoticism of its seas of sand to the fierce grandeur of its sweeping battle scenes .	positive
there 's a delightfully quirky movie to be made from curling , but brooms is n't it .	negative
i suspect that there are more interesting ways of dealing with the subject .	negative
you could put it on a coffee table anywhere .	neutral
a very good film sits in the place where a masterpiece should be .	positive
changing lanes is an anomaly for a hollywood movie ; it 's a well-written and occasionally challenging social drama that actually has something interesting to say .	very positive
... flat-out amusing , sometimes endearing and often fabulous , with a solid cast , noteworthy characters , delicious dialogue and a wide supply of effective sight gags .	positive
passionate , irrational , long-suffering but cruel as a tarantula , helga figures prominently in this movie , and helps keep the proceedings as funny for grown-ups as for rugrats .	positive
whenever you think you 've figured out late marriage , it throws you for a loop .	positive
the story 's scope and pageantry are mesmerizing , and mr. day-lewis roars with leonine power .	very positive
one problem with the movie , directed by joel schumacher , is that it jams too many prefabricated story elements into the running time .	negative
nair does n't use -lrb- monsoon wedding -rrb- to lament the loss of culture .	neutral
barely manages for but a few seconds over its seemingly eternal running time to pique your interest , your imagination , your empathy or anything , really , save your disgust and your indifference .	negative
the story the movie tells is of brian de palma 's addiction to the junk-calorie suspense tropes that have all but ruined his career .	negative
miyazaki has created such a vibrant , colorful world , it 's almost impossible not to be swept away by the sheer beauty of his images .	very positive
made for teens and reviewed as such , this is recommended only for those under 20 years of age ... and then only as a very mild rental .	neutral
the movie certainly has its share of clever moments and biting dialogue , but there 's just not much lurking below its abstract surface .	neutral
it 's not a bad premise , just a bad movie .	very negative
when one hears harry shearer is going to make his debut as a film director , one would hope for the best	positive
if you enjoy being rewarded by a script that assumes you are n't very bright , then blood work is for you .	very negative
great dragons !	positive
proves that some movie formulas do n't need messing with -- like the big-bug movie .	neutral
the powerful success of read my lips with such provocative material shows why , after only three films , director\/co-writer jacques audiard , though little known in this country , belongs in the very top rank of french filmmakers .	positive
most fish stories are a little peculiar , but this is one that should be thrown back in the river .	negative
it 's jagger 's bone-dry , mournfully brittle delivery that gives the film its bittersweet bite .	neutral
a word of advice to the makers of the singles ward : celebrity cameos do not automatically equal laughs .	very negative
kinnear and dafoe give what may be the performances of their careers .	very positive
a pathetic exploitation film that tries to seem sincere , and just seems worse for the effort .	very negative
pratfalls aside , barbershop gets its greatest play from the timeless spectacle of people really talking to each other .	positive
`` one look at a girl in tight pants and big tits and you turn stupid ? ''	negative
kids should have a stirring time at this beautifully drawn movie .	very positive
an unfortunate title for a film that has nothing endearing about it .	very negative
david spade as citizen kane ?	negative
but fans of the show should not consider this a diss .	neutral
director tom dey demonstrated a knack for mixing action and idiosyncratic humor in his charming 2000 debut shanghai noon , but showtime 's uninspired send-up of tv cop show cliches mostly leaves him shooting blanks .	positive
when mr. hundert tells us in his narration that ` this is a story without surprises , ' we nod in agreement .	neutral
although barbershop boasts some of today 's hottest and hippest acts from the world of television , music and stand-up comedy , this movie strangely enough has the outdated swagger of a shameless ` 70s blaxploitation shuck-and-jive sitcom .	neutral
director george hickenlooper has had some success with documentaries , but here his sense of story and his juvenile camera movements smack of a film school undergrad , and his maudlin ending might not have gotten him into film school in the first place .	negative
like kubrick , soderbergh is n't afraid to try any genre and to do it his own way .	positive
the very definition of what critics have come to term an `` ambitious failure . ''	negative
sweet home alabama is one dumb movie , but its stupidity is so relentlessly harmless that it almost wins you over in the end .	neutral
i can imagine this movie as a b & w british comedy , circa 1960 , with peter sellers , kenneth williams , et al. , but at this time , with this cast , this movie is hopeless .	negative
at times auto focus feels so distant you might as well be watching it through a telescope .	negative
a brutally dry satire of middle american numbness .	negative
it 's too bad that the rest is n't more compelling .	neutral
more vaudeville show than well-constructed narrative , but on those terms it 's inoffensive and actually rather sweet .	neutral
it is philosophy , illustrated through everyday events .	positive
this is one of the year 's best films .	very positive
the wild thornberrys movie is pleasant enough and the message of our close ties with animals can certainly not be emphasized enough .	positive
sounding like arnold schwarzenegger , with a physique to match , -lrb- ahola -rrb- has a wooden delivery and encounters a substantial arc of change that does n't produce any real transformation .	negative
mild , meandering teen flick .	neutral
this sort of cute and cloying material is far from zhang 's forte and it shows .	neutral
while guzmán frustratingly refuses to give pinochet 's crimes a political context , his distance from the material is mostly admirable .	neutral
life or something like it has its share of high points , but it misses too many opportunities .	neutral
the strength of the film lies in its two central performances by sven wollter as the stricken composer and viveka seldahl as his desperate violinist wife .	positive
absorbing character study by andré turpin .	very positive
unfortunately , that 's precisely what arthur dong 's family fundamentals does .	negative
instead , she sees it as a chance to revitalize what is and always has been remarkable about clung-to traditions .	positive
an odd drama set in the world of lingerie models and bar dancers in the midwest that held my interest precisely because it did n't try to .	very positive
a headline-fresh thriller set among orthodox jews on the west bank , joseph cedar 's time of favor manages not only to find a compelling dramatic means of addressing a complex situation , it does so without compromising that complexity .	positive
the way home is an ode to unconditional love and compassion garnered from years of seeing it all , a condition only the old are privy to , and ... often misconstrued as weakness .	positive
an unintentional parody of every teen movie made in the last five years .	neutral
a rude black comedy about the catalytic effect a holy fool has upon those around him in the cutthroat world of children 's television .	negative
despite its lavish formalism and intellectual austerity , the film manages to keep you at the edge of your seat with its shape-shifting perils , political intrigue and brushes with calamity .	positive
coppola 's directorial debut is an incredibly layered and stylistic film that , despite a fairly slow paced , almost humdrum approach to character development , still manages at least a decent attempt at meaningful cinema .	positive
so we got ten little indians meets friday the 13th by way of clean and sober , filmed on the set of carpenter 's the thing and loaded with actors you 're most likely to find on the next inevitable incarnation of the love boat .	negative
with its lackadaisical plotting and mindless action , all about the benjamins evokes the bottom tier of blaxploitation flicks from the 1970s .	negative
among the many pleasures are the lively intelligence of the artists and their perceptiveness about their own situations .	positive
a reminder that beyond all the hype and recent digital glitz , spielberg knows how to tell us about people .	very positive
collapses under its own meager weight .	negative
does n't deserve a passing grade -lrb- even on a curve -rrb- .	very negative
white oleander may leave you rolling your eyes in the dark , but that does n't mean you wo n't like looking at it .	positive
at once disarmingly straightforward and strikingly devious .	very positive
if you 're looking for a smart , nuanced look at de sade and what might have happened at picpus , sade is your film .	positive
i do n't blame eddie murphy but should n't owen wilson know a movie must have a story and a script ?	very negative
the movie has no respect for laws , political correctness or common decency , but it displays something more important : respect for its flawed , crazy people .	neutral
a manipulative feminist empowerment tale thinly posing as a serious drama about spousal abuse .	negative
this in-depth study of important developments of the computer industry should make it required viewing in university computer science departments for years to come .	positive
this is n't a retooled genre piece , the tale of a guy and his gun , but an amiably idiosyncratic work .	neutral
the script becomes lifeless and falls apart like a cheap lawn chair .	negative
this is one of those war movies that focuses on human interaction rather than battle and action sequences ... and it 's all the stronger because of it .	very positive
so devoid of pleasure or sensuality that it can not even be dubbed hedonistic .	very negative
solondz is without doubt an artist of uncompromising vision , but that vision is beginning to feel , if not morally bankrupt , at least terribly monotonous .	negative
collateral damage offers formula payback and the big payoff , but the explosions tend to simply hit their marks , pyro-correctly .	neutral
here 's a case of two actors who do everything humanly possible to create characters who are sweet and believable , and are defeated by a screenplay that forces them into bizarre , implausible behavior .	negative
`` catch me '' feels capable of charming the masses with star power , a pop-induced score and sentimental moments that have become a spielberg trademark .	positive
`` solaris '' is a shapeless inconsequential move relying on the viewer to do most of the work .	very negative
in trying to be daring and original , it comes off as only occasionally satirical and never fresh .	neutral
-lrb- t -rrb- his slop does n't even have potential as a cult film , as it 's too loud to shout insults at the screen .	very negative
it reduces the complexities to bromides and slogans and it gets so preachy-keen and so tub-thumpingly loud it makes you feel like a chump just for sitting through it .	negative
while solondz tries and tries hard , storytelling fails to provide much more insight than the inside column of a torn book jacket .	negative
meandering and glacially paced , and often just plain dull .	neutral
pacino and williams seem to keep upping the ante on each other , just as their characters do in the film .	very positive
this is n't a movie ; it 's a symptom .	negative
sa da tay !	neutral
by the end you ca n't help but feel ` stoked . '	positive
for free .	neutral
half past dead is just such an achievement .	very positive
on its own , it 's not very interesting .	negative
ignore the reputation , and ignore the film .	negative
the performances of the children , untrained in acting , have an honesty and dignity that breaks your heart .	positive
peter jackson has done the nearly impossible .	positive
the movie enters a realm where few non-porn films venture , and comes across as darkly funny , energetic , and surprisingly gentle .	positive
less a heartfelt appeal for the handicapped than a nice belgian waffle .	neutral
director chris wedge and screenwriters michael berg , michael j. wilson and peter ackerman create some episodes that rival vintage looney tunes for the most creative mayhem in a brief amount of time .	positive
and it 's not that funny -- which is just generally insulting .	very negative
evokes the style and flash of the double-cross that made mamet 's `` house of games '' and last fall 's `` heist '' so much fun .	positive
... the efforts of its star , kline , to lend some dignity to a dumb story are for naught .	negative
one of the most original american productions this year , you 'll find yourself remembering this refreshing visit to a sunshine state .	very positive
the more you think about the movie , the more you will probably like it .	positive
some like it hot on the hardwood proves once again that a man in drag is not in and of himself funny .	negative
there 's a lot of tooth in roger dodger .	positive
a brutal and funny work .	very positive
ramsay is clearly extraordinarily talented , and based on three short films and two features , here 's betting her third feature will be something to behold .	very positive
we never feel anything for these characters , and as a result the film is basically just a curiosity .	negative
director shekhar kapur and screenwriters michael schiffer and hossein amini have tried hard to modernize and reconceptualize things , but the barriers finally prove to be too great .	negative
a biopic about crane 's life in the classic tradition but evolves into what has become of us all in the era of video .	neutral
blade ii has a brilliant director and charismatic star , but it suffers from rampant vampire devaluation .	neutral
melds derivative elements into something that is often quite rich and exciting , and always a beauty to behold .	very positive
it 's like going to a house party and watching the host defend himself against a frothing ex-girlfriend .	negative
a great companion piece to other napoleon films .	positive
it aimlessly and unsuccessfully attempts to fuse at least three dull plots into one good one .	very negative
however , it 's pleasant enough and its ecological , pro-wildlife sentiments are certainly welcome .	positive
between bursts of automatic gunfire , the story offers a trenchant critique of capitalism .	positive
kinnear ... gives his best screen performance with an oddly winning portrayal of one of life 's ultimate losers .	very positive
it has plenty of laughs .	positive
beautifully crafted , engaging filmmaking that should attract upscale audiences hungry for quality and a nostalgic , twisty yarn that will keep them guessing .	very positive
it 's a good film , but it falls short of its aspiration to be a true ` epic ' .	neutral
but the problem with wendigo , for all its effective moments , is n't really one of resources .	negative
and i expect much more from a talent as outstanding as director bruce mcculloch .	neutral
transcends its agenda to deliver awe-inspiring , at times sublime , visuals and offer a fascinating glimpse into the subculture of extreme athletes whose derring-do puts the x into the games .	very positive
what 's left is a rich stew of longing .	neutral
-lrb- denis ' -rrb- bare-bones narrative more closely resembles an outline for a '70s exploitation picture than the finished product .	negative
snipes is both a snore and utter tripe .	negative
suffice to say that after seeing this movie in imax form , you 'll be more acquainted with the tiniest details of tom hanks ' face than his wife is .	neutral
the actors pull out all the stops in nearly every scene , but to diminishing effect .	neutral
the chateau has one very funny joke and a few other decent ones , but all it amounts to is a mildly funny , sometimes tedious , ultimately insignificant film .	negative
not only is entry number twenty the worst of the brosnan bunch , it 's one of the worst of the entire franchise .	very negative
shot like a postcard and overacted with all the boozy self-indulgence that brings out the worst in otherwise talented actors ...	very negative
` sophisticated ' viewers who refuse to admit that they do n't like it will likely call it ` challenging ' to their fellow sophisticates .	neutral
stephen earnhart 's documentary is a decomposition of healthy eccentric inspiration and ambition -- wearing a cloak of unsentimental , straightforward text -- when it 's really an exercise in gross romanticization of the delusional personality type .	negative
77 minutes of pokemon may not last 4ever , it just seems like it does .	negative
a colorful , vibrant introduction to a universal human impulse , lushly photographed and beautifully recorded .	very positive
a droll , bitchy frolic which pokes fun at the price of popularity and small-town pretension in the lone star state .	negative
full of surprises .	positive
whether or not ram dass proves as clear and reliable an authority on that as he was about inner consciousness , fierce grace reassures us that he will once again be an honest and loving one .	positive
the whole thing 's fairly lame , making it par for the course for disney sequels .	negative
vividly demonstrates that the director of such hollywood blockbusters as patriot games can still turn out a small , personal film with an emotional wallop .	very positive
one of the best rock documentaries ever .	very positive
as david letterman and the onion have proven , the worst of tragedies can be fertile sources of humor , but lawrence has only a fleeting grasp of how to develop them .	very negative
a picture as erratic as its central character .	neutral
somehow ms. griffiths and mr. pryce bring off this wild welsh whimsy .	positive
if the film 's vision of sport as a secular religion is a bit cloying , its through-line of family and community is heartening in the same way that each season marks a new start .	positive
while somewhat less than it might have been , the film is a good one , and you 've got to hand it to director george clooney for biting off such a big job the first time out .	positive
if anything , the film is doing something of a public service -- shedding light on a group of extremely talented musicians who might otherwise go unnoticed and underappreciated by music fans .	very positive
boasting some of the most poorly staged and lit action in memory , impostor is as close as you can get to an imitation movie .	negative
it may not be as cutting , as witty or as true as back in the glory days of weekend and two or three things i know about her , but who else engaged in filmmaking today is so cognizant of the cultural and moral issues involved in the process ?	neutral
claude chabrol 's camera has a way of gently swaying back and forth as it cradles its characters , veiling tension beneath otherwise tender movements .	positive
the crassness of this reactionary thriller is matched only by the ridiculousness of its premise .	negative
anyone who welcomes a dash of the avant-garde fused with their humor should take pleasure in this crazed , joyous romp of a film .	very positive
it 's about as convincing as any other arnie musclefest , but has a little too much resonance with real world events and ultimately comes off as insultingly simplistic .	negative
nothing more or less than an outright bodice-ripper -- it should have ditched the artsy pretensions and revelled in the entertaining shallows .	negative
precocious smarter-than-thou wayward teen struggles to rebel against his oppressive , right-wing , propriety-obsessed family .	positive
` unfaithful ' cheats on itself and retreats to comfortable territory .	negative
yes , spirited away is a triumph of imagination , but it 's also a failure of storytelling .	negative
much of the digitally altered footage appears jagged , as if filmed directly from a television monitor , while the extensive use of stock footage quickly becomes a tiresome cliché .	negative
the fluid motion is astounding on any number of levels -- including the physical demands made on büttner -- and it implies in its wake the intractable , irreversible flow of history .	positive
derailed by bad writing and possibly also by some of that extensive post-production reworking to aim the film at young males in the throes of their first full flush of testosterone .	very negative
i like it .	positive
birot creates a drama with such a well-defined sense of place and age -- as in , 15 years old -- that the torments and angst become almost as operatic to us as they are to her characters .	positive
` god help us , but capra and cooper are rolling over in their graves . '	negative
poignant japanese epic about adolescent anomie and heartbreak .	positive
a little uneven to be the cat 's meow , but it 's good enough to be the purr .	positive
-lrb- there 's -rrb- quite a bit of heart , as you would expect from the directors of the little mermaid and aladdin .	positive
it 's a hoot watching the rock chomp on jumbo ants , pull an arrow out of his back , and leap unscathed through raging fire !	very positive
giggling at the absurdities and inconsistencies is part of the fun .	positive
the film is insightful about kissinger 's background and history .	positive
it makes me feel weird \/ thinking about all the bad things in the world \/ like puppies with broken legs \/ and butterflies that die \/ and movies starring pop queens	negative
with this new rollerball , sense and sensibility have been overrun by what can only be characterized as robotic sentiment .	neutral
a brilliant , absurd collection of vignettes that , in their own idiosyncratic way , sum up the strange horror of life in the new millennium .	positive
beautiful , cold , oddly colorful and just plain otherworldly , a freaky bit of art that 's there to scare while we delight in the images .	positive
it 's almost as if it 's an elaborate dare more than a full-blooded film .	neutral
charming and funny -lrb- but ultimately silly -rrb- movie .	neutral
this is n't a stand up and cheer flick ; it 's a sit down and ponder affair .	positive
this story still seems timely and important .	positive
a sloppy , amusing comedy that proceeds from a stunningly unoriginal premise .	positive
jae-eun jeong 's take care of my cat brings a beguiling freshness to a coming-of-age story with such a buoyant , expressive flow of images that it emerges as another key contribution to the flowering of the south korean cinema .	positive
the film 's appeal has a lot to do with the casting of juliette binoche as sand , who brings to the role her pale , dark beauty and characteristic warmth .	positive
like the english patient and the unbearable lightness of being , the hours is one of those reputedly `` unfilmable '' novels that has bucked the odds to emerge as an exquisite motion picture in its own right .	positive
you 'll laugh at either the obviousness of it all or its stupidity or maybe even its inventiveness , but the point is , you 'll laugh .	neutral
as well-acted and well-intentioned as all or nothing is , however , the film comes perilously close to being too bleak , too pessimistic and too unflinching for its own good .	neutral
the footage of the rappers at play and the prison interview with suge knight are just two of the elements that will grab you .	positive
-lrb- f -rrb- rom the performances and the cinematography to the outstanding soundtrack and unconventional narrative , the film is blazingly alive and admirable on many levels .	positive
it 's bedeviled by labored writing and slack direction .	negative
it is too bad that this likable movie is n't more accomplished .	negative
quiet , adult and just about more stately than any contemporary movie this year ... a true study , a film with a questioning heart and mind that is n't afraid to admit it does n't have all the answers .	positive
your taste for jonah - a veggie tales movie may well depend on your threshold for pop manifestations of the holy spirit .	neutral
although god is great addresses interesting matters of identity and heritage , it 's hard to shake the feeling that it was intended to be a different kind of film .	negative
you can not guess why the cast and crew did n't sign a pact to burn the negative and the script and pretend the whole thing never existed .	very negative
feel free to go get popcorn whenever he 's not onscreen .	very negative
definitely funny stuff , but it 's more of the ` laughing at ' variety than the ` laughing with . '	positive
... pray does n't have a passion for the material .	negative
resident evil is what comes from taking john carpenter 's ghosts of mars and eliminating the beheadings .	neutral
plays like an unbalanced mixture of graphic combat footage and almost saccharine domestic interludes that are pure hollywood .	negative
the increasingly diverse french director has created a film that one can honestly describe as looking , sounding and simply feeling like no other film in recent history .	very positive
the film is a confusing melange of tones and styles , one moment a romantic trifle and the next a turgid drama .	negative
lush and beautifully photographed -lrb- somebody suggested the stills might make a nice coffee table book -rrb- , but ultimately you 'll leave the theater wondering why these people mattered .	negative
instead of using george and lucy 's most obvious differences to ignite sparks , lawrence desperately looks elsewhere , seizing on george 's haplessness and lucy 's personality tics .	negative
it recycles every cliché about gays in what is essentially an extended soap opera .	very negative
one of the most splendid entertainments to emerge from the french film industry in years .	very positive
sometimes this ` blood ' seems as tired as its protagonist ... still , the pulse never disappears entirely , and the picture crosses the finish line winded but still game .	neutral
the piano teacher , like its title character , is repellantly out of control .	negative
kenneth branagh 's energetic sweet-and-sour performance as a curmudgeonly british playwright grounds this overstuffed , erratic dramedy in which he and his improbably forbearing wife contend with craziness and child-rearing in los angeles .	neutral
the basic premise is intriguing but quickly becomes distasteful and downright creepy .	negative
enchanted with low-life tragedy and liberally seasoned with emotional outbursts ... what is sorely missing , however , is the edge of wild , lunatic invention that we associate with cage 's best acting .	neutral
it is ok for a movie to be something of a sitcom apparatus , if the lines work , the humor has point and the actors are humanly engaged .	positive
too campy to work as straight drama and too violent and sordid to function as comedy , vulgar is , truly and thankfully , a one-of-a-kind work .	negative
this romantic\/comedy asks the question how much souvlaki can you take before indigestion sets in .	negative
visually breathtaking , viscerally exciting , and dramatically moving , it 's the very definition of epic adventure .	very positive
full frontal had no effect and elicited no sympathies for any of the characters .	negative
the movie is n't painfully bad , something to be ` fully experienced ' ; it 's just tediously bad , something to be fully forgotten .	negative
if you 've the patience , there are great rewards here .	positive
devolves into the derivative , leaning on badly-rendered cgi effects .	negative
those of you who do n't believe in santa claus probably also think that sequels can never capture the magic of the original .	neutral
it 's the type of film about growing up that we do n't see often enough these days : realistic , urgent , and not sugarcoated in the least .	positive
remember back when thrillers actually thrilled ?	negative
perhaps even the slc high command found writer-director mitch davis 's wall of kitsch hard going .	negative
real women have curves does n't offer any easy answers .	neutral
weird , vulgar comedy that 's definitely an acquired taste .	neutral
the acting is fine but the script is about as interesting as a recording of conversations at the wal-mart checkout line .	negative
writer\/director alexander payne -lrb- election -rrb- and his co-writer jim taylor brilliantly employ their quirky and fearless ability to look american angst in the eye and end up laughing .	positive
if you can push on through the slow spots , you 'll be rewarded with some fine acting .	positive
chris columbus ' sequel is faster , livelier and a good deal funnier than his original .	positive
this is the stuff that disney movies are made of .	positive
what 's invigorating about it is that it does n't give a damn .	positive
it 's difficult to conceive of anyone who has reached puberty actually finding the characters in slackers or their antics amusing , let alone funny .	very negative
the film is a verbal duel between two gifted performers .	very positive
it 's makes a better travelogue than movie .	negative
it 's a masterpiece .	very positive
... will always be remembered for the 9-11 terrorist attacks .	neutral
been there , done that , liked it much better the first time around - when it was called the professional .	negative
i have to admit i walked out of runteldat .	very negative
a movie so bad that it quickly enters the pantheon of wreckage that includes battlefield earth and showgirls .	very negative
-- but it makes for one of the most purely enjoyable and satisfying evenings at the movies i 've had in a while .	very positive
the unexplored story opportunities of `` punch-drunk love '' may have worked against the maker 's minimalist intent but it is an interesting exercise by talented writer\/director anderson .	positive
there are now two signs that m. night shyamalan 's debut feature sucked up all he has to give to the mystic genres of cinema : unbreakable and signs .	very negative
films are made of little moments .	neutral
if cinema had been around to capture the chaos of france in the 1790 's , one imagines the result would look like something like this .	positive
this quiet , introspective and entertaining independent is worth seeking .	very positive
what little atmosphere is generated by the shadowy lighting , macabre sets , and endless rain is offset by the sheer ugliness of everything else .	very negative
what `` empire '' lacks in depth it makes up for with its heart .	positive
the usual movie rah-rah , pleasantly and predictably delivered in low-key style by director michael apted and writer tom stoppard .	positive
it 's not a particularly good film , but neither is it a monsterous one .	neutral
this starts off with a 1950 's doris day feel and it gets very ugly , very fast .	negative
standing by yourself is haunting ... -lrb- it 's -rrb- what punk rock music used to be , and what the video medium could use more of : spirit , perception , conviction .	positive
a lot like the imaginary sport it projects onto the screen -- loud , violent and mindless .	negative
all in all , a great party .	positive
a thriller with an edge -- which is to say that it does n't follow the stale , standard , connect-the-dots storyline which has become commonplace in movies that explore the seamy underbelly of the criminal world .	positive
lan yu is certainly a serviceable melodrama , but it does n't even try for the greatness that happy together shoots for -lrb- and misses -rrb- .	neutral
about as original as a gangster sweating bullets while worrying about a contract on his life .	neutral
-lrb- seems -rrb- even more uselessly redundant and shamelessly money-grubbing than most third-rate horror sequels .	negative
credit director ramsay for taking the sometimes improbable story and making it feel realistic .	positive
it 's a feel-bad ending for a depressing story that throws a bunch of hot-button items in the viewer 's face and asks to be seen as hip , winking social commentary .	very negative
it 's just that it 's so not-at-all-good .	negative
-lrb- l -rrb- ame and unnecessary .	very negative
while centered on the life experiences of a particular theatrical family , this marvelous documentary touches -- ever so gracefully -- on the entire history of the yiddish theater , both in america and israel .	very positive
i 'm not sure which will take longer to heal : the welt on johnny knoxville 's stomach from a riot-control projectile or my own tortured psyche .	very negative
a mildly enjoyable if toothless adaptation of a much better book .	neutral
... the kind of movie you see because the theater has air conditioning .	negative
or that the battery on your watch has died .	neutral
as hannibal would say , yes , ` it 's like having an old friend for dinner ' .	positive
it 's bright , pristine style and bold colors make it as much fun as reading an oversized picture book before bedtime .	positive
imagine kevin smith , the blasphemous bad boy of suburban jersey , if he were stripped of most of his budget and all of his sense of humor .	very negative
vampire epic succeeds as spooky action-packed trash of the highest order .	neutral
the whole affair is as predictable as can be .	neutral
see scratch for the history , see scratch for the music , see scratch for a lesson in scratching , but , most of all , see it for the passion .	very positive
always destined to be measured against anthony asquith 's acclaimed 1952 screen adaptation .	positive
try this obscenely bad dark comedy , so crass that it makes edward burns ' sidewalks of new york look like oscar wilde .	negative
hoffman 's performance is authentic to the core of his being .	positive
chicago offers much colorful eye candy , including the spectacle of gere in his dancing shoes , hoofing and crooning with the best of them .	positive
the artwork is spectacular and unlike most animaton from japan , the characters move with grace and panache .	very positive
the best movie in many a moon about the passions that sometimes fuel our best achievements and other times leave us stranded with nothing more than our lesser appetites .	positive
nothing more than a widget cranked out on an assembly line to see if stupid americans will get a kick out of goofy brits with cute accents performing ages-old slapstick and unfunny tricks .	negative
bad and baffling from the get-go .	very negative
the obnoxious special effects , the obligatory outbursts of flatulence and the incessant , so-five-minutes-ago pop music on the soundtrack overwhelm what is left of the scruffy , dopey old hanna-barbera charm .	very negative
i realized that no matter how fantastic reign of fire looked , its story was making no sense at all .	neutral
the filmmakers try to balance pointed , often incisive satire and unabashed sweetness , with results that are sometimes bracing , sometimes baffling and quite often , and in unexpected ways , touching .	positive
walsh ca n't quite negotiate the many inconsistencies in janice 's behavior or compensate for them by sheer force of charm .	neutral
harmless fun .	positive
astonishingly skillful and moving ... it could become a historically significant work as well as a masterfully made one .	very positive
feeling to it , but like the 1920 's , the trip there is a great deal of fun .	positive
unsurprisingly , the way this all works out makes the women look more like stereotypical caretakers and moral teachers , instead of serious athletes .	negative
what 's the most positive thing that can be said about the new rob schneider vehicle ?	neutral
eight legged freaks is clever and funny , is amused by its special effects , and leaves you feeling like you 've seen a movie instead of an endless trailer .	positive
the bottom line is the piece works brilliantly .	positive
purposefully shocking in its eroticized gore , if unintentionally dull in its lack of poetic frissons .	very negative
tends to plod .	negative
succeeds only because bullock and grant were made to share the silver screen .	neutral
eric byler 's nuanced pic avoids easy sentiments and explanations ...	neutral
pleasant but not more than recycled jock piffle .	negative
indeed , the more outrageous bits achieve a shock-you-into-laughter intensity of almost dadaist proportions .	positive
the one-liners are snappy , the situations volatile and the comic opportunities richly rewarded .	very positive
i have two words to say about reign of fire .	neutral
the pace of the film is very slow -lrb- for obvious reasons -rrb- and that too becomes off-putting .	neutral
stupid , infantile , redundant , sloppy , over-the-top , and amateurish .	very negative
the film grows on you .	positive
though its story is only surface deep , the visuals and enveloping sounds of blue crush make this surprisingly decent flick worth a summertime look-see .	positive
this chicago has hugely imaginative and successful casting to its great credit , as well as one terrific score and attitude to spare .	very positive
first-time writer-director dylan kidd also has a good ear for dialogue , and the characters sound like real people .	positive
an often unfunny romp .	neutral
a whale of a good time for both children and parents seeking christian-themed fun .	very positive
this odd , distant portuguese import more or less borrows from bad lieutenant and les vampires , and comes up with a kind of art-house gay porn film .	negative
during the tuxedo 's 90 minutes of screen time , there is n't one true ` chan moment ' .	negative
it 's mildly sentimental , unabashedly consumerist ... studiously inoffensive and completely disposable .	negative
the date movie that franz kafka would have made .	neutral
plays like the old disease-of-the-week small-screen melodramas .	negative
... pays tribute to heroes the way julia roberts hands out awards -- with phony humility barely camouflaging grotesque narcissism .	very negative
features fincher 's characteristically startling visual style and an almost palpable sense of intensity .	positive
bisset delivers a game performance , but she is unable to save the movie .	neutral
the movie should be credited with remembering his victims .	neutral
before long , you 're desperate for the evening to end .	very negative
watchable up until the point where the situations and the dialogue spin hopelessly out of control -- that is to say , when carol kane appears on the screen .	negative
what bloody sunday lacks in clarity , it makes up for with a great , fiery passion .	neutral
`` red dragon '' never cuts corners .	positive
an ambitious movie that , like shiner 's organizing of the big fight , pulls off enough of its effects to make up for the ones that do n't come off .	very positive
although shot with little style , skins is heartfelt and achingly real .	positive
cold and scattered , minority report commands interest almost solely as an exercise in gorgeous visuals .	neutral
the results , if not memorable , are at least interesting .	neutral
it looks good , but it is essentially empty .	negative
young everlyn sampi , as the courageous molly craig , simply radiates star-power potential in this remarkable and memorable film .	very positive
that is made almost impossible by events that set the plot in motion .	neutral
a knowing sense of humor and a lot of warmth ignite son of the bride .	very positive
sure , i hated myself in the morning .	negative
but ticket-buyers with great expectations will wind up as glum as mr. de niro .	very negative
the film was produced by jerry bruckheimer and directed by joel schumacher , and reflects the worst of their shallow styles : wildly overproduced , inadequately motivated every step of the way and demographically targeted to please every one -lrb- and no one -rrb- .	negative
it 's a great performance and a reminder of dickens ' grandeur .	very positive
not at all clear what it 's trying to say and even if it were -- i doubt it would be all that interesting .	very negative
a movie where story is almost an afterthought amidst a swirl of colors and inexplicable events .	negative
real women may have many agendas , but it also will win you over , in a big way .	very positive
what i saw , i enjoyed .	very positive
lazily and glumly settles into a most traditional , reserved kind of filmmaking .	negative
it appears as if even the filmmakers did n't know what kind of movie they were making .	very negative
the dangerous lives of altar boys ' take on adolescence feels painfully true .	positive
witherspoon puts to rest her valley-girl image , but it 's dench who really steals the show .	neutral
spider-man is about growing strange hairs , getting a more mature body , and finding it necessary to hide new secretions from the parental units .	negative
the isolated moments of creative insanity finally are lost in the thin soup of canned humor .	neutral
how i killed my father would be a rarity in hollywood .	neutral
at its best , this is grand-scale moviemaking for a larger-than-life figure , an artist who has been awarded mythic status in contemporary culture .	very positive
there are some movies that hit you from the first scene and you know it 's going to be a trip .	positive
i 'm not sure these words have ever been together in the same sentence : this erotic cannibal movie is boring .	very negative
no matter how you slice it , mark wahlberg and thandie newton are not hepburn and grant , two cinematic icons with chemistry galore .	neutral
maybe you 'll be lucky , and there 'll be a power outage during your screening so you can get your money back .	very negative
with spy kids 2 : the island of lost dreams , however , robert rodriguez adorns his family-film plot with an elegance and maturity that even most contemporary adult movies are lacking .	very positive
less about shakespeare than the spawn of fools who saw quentin tarantino 's handful of raucous gangster films and branched out into their own pseudo-witty copycat interpretations .	neutral
... unbearably lame .	very negative
certainly not a good movie , but it was n't horrible either .	negative
where the film falters is in its tone .	negative
this film biggest problem ?	negative
this is a movie that is what it is : a pleasant distraction , a friday night diversion , an excuse to eat popcorn .	positive
the gags are often a stitch .	positive
the complex , politically charged tapestry of contemporary chinese life this exciting new filmmaker has brought to the screen is like nothing we westerners have seen before .	positive
the sinister inspiration that fuelled devito 's early work is confused in death to smoochy into something both ugly and mindless .	very negative
the script feels as if it started to explore the obvious voyeuristic potential of ` hypertime ' but then backed off when the producers saw the grosses for spy kids .	neutral
it wraps up a classic mother\/daughter struggle in recycled paper with a shiny new bow and while the audience can tell it 's not all new , at least it looks pretty .	neutral
-lrb- shyamalan -rrb- continues to cut a swathe through mainstream hollywood , while retaining an integrity and refusing to compromise his vision .	positive
as averse as i usually am to feel-good , follow-your-dream hollywood fantasies , this one got to me .	very positive
you 'll know a star when you see one .	positive
sorority boys , which is as bad at it is cruel , takes every potential laugh and stiletto-stomps the life out of it .	very negative
it 's another retelling of alexandre dumas ' classic .	neutral
in between the icy stunts , the actors spout hilarious dialogue about following your dream and ` just letting the mountain tell you what to do . '	positive
this gorgeous epic is guaranteed to lift the spirits of the whole family .	very positive
horrible .	very negative
you could love safe conduct -lrb- laissez passer -rrb- for being a subtitled french movie that is 170 minutes long .	neutral
if deuces wild had been tweaked up a notch it would have become a camp adventure , one of those movies that 's so bad it starts to become good .	neutral
it 's like an old warner bros. costumer jived with sex -- this could be the movie errol flynn always wanted to make , though bette davis , cast as joan , would have killed him .	neutral
grating and tedious .	negative
at three hours and with very little story or character development , there is plenty of room for editing , and a much shorter cut surely would have resulted in a smoother , more focused narrative without sacrificing any of the cultural intrigue .	negative
better effects , better acting and a hilarious kenneth branagh .	very positive
it 's too interested in jerking off in all its byzantine incarnations to bother pleasuring its audience .	very negative
none of this so-called satire has any sting to it , as if woody is afraid of biting the hand that has finally , to some extent , warmed up to him .	negative
a keep - 'em - guessing plot and an affectionate take on its screwed-up characters .	positive
a prison comedy that never really busts out of its comfy little cell .	negative
an elegant and sly deadpan comedy .	positive
neither as scary-funny as tremors nor demented-funny as starship troopers , the movie is n't tough to take as long as you 've paid a matinee price .	negative
the delicious trimmings ... arrive early and stay late , filling nearly every minute ... with a lighthearted glow , some impudent snickers , and a glorious dose of humankind 's liberating ability to triumph over a scrooge or two .	very positive
the movie is a dud .	very negative
it 's not particularly subtle ... however , it still manages to build to a terrifying , if obvious , conclusion .	neutral
unfolds in a low-key , organic way that encourages you to accept it as life and go with its flow .	positive
does n't do more than expand a tv show to movie length .	negative
expanded to 65 minutes for theatrical release , it still feels somewhat unfinished .	neutral
one of the best movies of the year .	very positive
by applying definition to both sides of the man , the picture realizes a fullness that does not negate the subject .	positive
the movie turns out to be -lrb- assayas ' -rrb- homage to the gallic ` tradition of quality , ' in all its fusty squareness .	negative
once the downward spiral comes to pass , auto focus bears out as your typical junkie opera ...	negative
tsai ming-liang 's ghosts are painfully aware of their not-being .	neutral
` butterfingered ' is the word for the big-fisted direction of jez butterworth , who manages to blast even the smallest sensitivities from the romance with his clamorous approach .	negative
cal is an unpleasantly shallow and immature character with whom to spend 110 claustrophobic minutes .	negative
berry 's saucy , full-bodied performance gives this aging series a much needed kick , making `` die another day '' one of the most entertaining bonds in years	very positive
despite the film 's bizarre developments , hoffman keeps us riveted with every painful nuance , unexpected flashes of dark comedy and the character 's gripping humanity .	positive
if you love reading and\/or poetry , then by all means check it out .	positive
driven by a fantastic dual performance from ian holm ... the film is funny , insightfully human and a delightful lark for history buffs .	very positive
douglas mcgrath 's nicholas nickleby does dickens as it should be done cinematically .	very positive
diane lane 's sophisticated performance ca n't rescue adrian lyne 's unfaithful from its sleazy moralizing .	negative
simply put , `` far from heaven '' is a masterpiece .	very positive
shot in rich , shadowy black-and-white , devils chronicles , with increasingly amused irony , the relationship between reluctant captors and befuddled captives .	very positive
mcgrath has deftly trimmed dickens ' wonderfully sprawling soap opera , the better to focus on the hero 's odyssey from cowering poverty to courage and happiness .	positive
anyone who suffers through this film deserves , at the very least , a big box of consolation candy .	very negative
a worthwhile documentary , whether you 're into rap or not , even if it may still leave you wanting more answers as the credits roll .	positive
halloween : resurrection is n't exactly quality cinema , but it is n't nearly as terrible as it cold have been .	neutral
it seems grant does n't need the floppy hair and the self-deprecating stammers after all .	neutral
works because we 're never sure if ohlinger 's on the level or merely a dying , delusional man trying to get into the history books before he croaks .	neutral
the original was n't a good movie but this remake makes it look like a masterpiece !	very negative
the venezuelans say things like `` si , pretty much '' and `` por favor , go home '' when talking to americans .	neutral
it 's a fun adventure movie for kids -lrb- of all ages -rrb- that like adventure .	very positive
one sloughs one 's way through the mire of this alleged psychological thriller in search of purpose or even a plot .	very negative
limps along on a squirm-inducing fish-out-of-water formula that goes nowhere and goes there very , very slowly .	negative
no amount of nostalgia for carvey 's glory days can disguise the fact that the new film is a lame kiddie flick and that carvey 's considerable talents are wasted in it .	very negative
consistently clever and suspenseful .	very positive
this is an ungainly movie , ill-fitting , with its elbows sticking out where the knees should be .	very negative
a real audience-pleaser that will strike a chord with anyone who 's ever waited in a doctor 's office , emergency room , hospital bed or insurance company office .	positive
... if you , like me , think an action film disguised as a war tribute is disgusting to begin with , then you 're in for a painful ride .	very negative
if you 're as happy listening to movies as you are watching them , and the slow parade of human frailty fascinates you , then you 're at the right film .	positive
one funny popcorn flick .	positive
bad company has one of the most moronic screenplays of the year , full of holes that will be obvious even to those who are n't looking for them .	negative
i 'd be hard pressed to think of a film more cloyingly sappy than evelyn this year .	negative
a gem of a romantic crime comedy that turns out to be clever , amusing and unpredictable .	very positive
smith finds amusing juxtapositions that justify his exercise .	positive
a charming , banter-filled comedy ... one of those airy cinematic bon bons whose aims -- and by extension , accomplishments -- seem deceptively slight on the surface .	positive
it 's that rare family movie -- genuine and sweet without relying on animation or dumb humor .	very positive
hollywood ending is the most disappointing woody allen movie ever .	very negative
it 's mildly amusing , but i certainly ca n't recommend it .	negative
this dreadfully earnest inversion of the concubine love triangle eschews the previous film 's historical panorama and roiling pathos for bug-eyed mugging and gay-niche condescension .	negative
formula 51 promises a new kind of high but delivers the same old bad trip .	negative
for a movie audience , the hours does n't connect in a neat way , but introduces characters who illuminate mysteries of sex , duty and love .	neutral
what madonna does here ca n't properly be called acting -- more accurately , it 's moving and it 's talking and it 's occasionally gesturing , sometimes all at once .	negative
rifkin 's references are ... impeccable throughout .	very positive
insomnia does not become one of those rare remakes to eclipse the original , but it does n't disgrace it , either .	neutral
the director explores all three sides of his story with a sensitivity and an inquisitiveness reminiscent of truffaut .	positive
the fact that the ` best part ' of the movie comes from a 60-second homage to one of demme 's good films does n't bode well for the rest of it .	negative
an enjoyable comedy of lingual and cultural differences ... the château is a film -- full of life and small delights -- that has all the wiggling energy of young kitten .	very positive
try hell house , which documents the cautionary christian spook-a-rama of the same name .	neutral
tennessee williams by way of oprah 's book club .	neutral
an engaging , formulaic sports drama that carries a charge of genuine excitement .	positive
something must have been lost in the translation .	negative
witty , contemplative , and sublimely beautiful .	very positive
foster and whitaker are especially fine .	very positive
the lightest , most breezy movie steven spielberg has made in more than a decade .	positive
if i want a real movie , i 'll buy the criterion dvd .	negative
an earnest , roughshod document , it serves as a workable primer for the region 's recent history , and would make a terrific 10th-grade learning tool .	positive
a conventional but heartwarming tale .	very positive
a sly female empowerment movie , although not in a way anyone would expect .	positive
there are a few modest laughs , but certainly no thrills .	neutral
the problem is the needlessly poor quality of its archival prints and film footage .	very negative
there 's something unintentionally comic in the film 's drumbeat about authenticity , given the stale plot and pornographic way the film revels in swank apartments , clothes and parties .	negative
strange occurrences build in the mind of the viewer and take on extreme urgency .	positive
almost everything about the film is unsettling , from the preposterous hairpiece worn by lai 's villainous father to the endless action sequences .	neutral
it wo n't harm anyone , but neither can i think of a very good reason to rush right out and see it .	neutral
the formula is familiar but enjoyable .	positive
its screenplay serves as auto-critique , and its clumsiness as its own most damning censure .	negative
less an examination of neo-nazism than a probe into the nature of faith itself .	positive
good performances and a realistic , non-exploitive approach make paid in full worth seeing .	very positive
the trinity assembly approaches the endeavor with a shocking lack of irony , and george ratliff 's documentary , hell house , reflects their earnestness -- which makes for a terrifying film .	neutral
just is n't as weird as it ought to be .	negative
if you love the music , and i do , its hard to imagine having more fun watching a documentary ...	very positive
watching queen of the damned is like reading a research paper , with special effects tossed in .	negative
stinks from start to finish , like a wet burlap sack of gloom .	negative
the merchant-ivory team continues to systematically destroy everything we hold dear about cinema , only now it 's begun to split up so that it can do even more damage .	negative
while there are times when the film 's reach exceeds its grasp , the production works more often than it does n't .	positive
hugely accomplished slice of hitchcockian suspense .	positive
exhibits the shallow sensationalism characteristic of soap opera ... more salacious telenovela than serious drama .	negative
i 'm sure there 's a teenage boy out there somewhere who 's dying for this kind of entertainment .	negative
why sit through a crummy , wannabe-hip crime comedy that refers incessantly to old movies , when you could just rent those movies instead , let alone seek out a respectable new one ?	very negative
a thoroughly awful movie -- dumb , narratively chaotic , visually sloppy ... a weird amalgam of ` the thing ' and a geriatric ` scream . '	very negative
contains the humor , characterization , poignancy , and intelligence of a bad sitcom .	negative
laughably , irredeemably awful .	very negative
one long , numbing action sequence made up mostly of routine stuff yuen has given us before .	negative
together -lrb- time out and human resources -rrb- establish mr. cantet as france 's foremost cinematic poet of the workplace .	positive
... a gleefully grungy , hilariously wicked black comedy ...	very positive
everything its title implies , a standard-issue crime drama spat out from the tinseltown assembly line .	neutral
with spy kids 2 : the island of lost dreams , the spy kids franchise establishes itself as a durable part of the movie landscape : a james bond series for kids .	positive
reno himself can take credit for most of the movie 's success .	positive
boldly engineering a collision between tawdry b-movie flamboyance and grandiose spiritual anomie , rose 's film , true to its source material , provides a tenacious demonstration of death as the great equalizer .	neutral
outside of burger 's desire to make some kind of film , it 's really unclear why this project was undertaken	negative
as for children , they wo n't enjoy the movie at all .	negative
if you saw it on tv , you 'd probably turn it off , convinced that you had already seen that movie .	negative
while it is interesting to witness the conflict from the palestinian side , longley 's film lacks balance ... and fails to put the struggle into meaningful historical context .	negative
journalistically dubious , inept and often lethally dull .	very negative
brilliantly written and well-acted , yellow asphalt is an uncompromising film .	very positive
like mike is n't going to make box office money that makes michael jordan jealous , but it has some cute moments , funny scenes , and hits the target audience -lrb- young bow wow fans -rrb- - with nothing but net .	positive
exposing the ways we fool ourselves is one hour photo 's real strength .	neutral
the gags that fly at such a furiously funny pace that the only rip off that we were aware of was the one we felt when the movie ended so damned soon .	very positive
while the path may be familiar , first-time director denzel washington and a top-notch cast manage to keep things interesting .	positive
standing in the shadows of motown is the best kind of documentary , one that makes a depleted yesterday feel very much like a brand-new tomorrow .	very positive
the filmmaker 's heart is in the right place ...	neutral
a series of escapades demonstrating the adage that what is good for the goose is also good for the gander , some of which occasionally amuses but none of which amounts to much of a story .	negative
j. lo will earn her share of the holiday box office pie , although this movie makes one thing perfectly clear : she 's a pretty woman , but she 's no working girl .	positive
this documentary is a dazzling , remarkably unpretentious reminder of what -lrb- evans -rrb- had , lost , and got back .	very positive
their work is fantastic .	very positive
much of the movie 's charm lies in the utter cuteness of stuart and margolo .	positive
looks and feels like a low-budget hybrid of scarface or carlito 's way .	negative
a profoundly stupid affair , populating its hackneyed and meanspirited storyline with cardboard characters and performers who value cash above credibility .	very negative
like its script , which nurses plot holes gaping enough to pilot an entire olympic swim team through , the characters in swimfan seem motivated by nothing short of dull , brain-deadening hangover .	negative
jonah is only so-so ... the addition of a biblical message will either improve the film for you , or it will lessen it .	neutral
do we really need the tiger beat version ?	negative
if it 's unnerving suspense you 're after -- you 'll find it with ring , an indisputably spooky film ; with a screenplay to die for .	positive
gosling creates a staggeringly compelling character , a young man whose sharp intellect is at the very root of his contradictory , self-hating , self-destructive ways .	very positive
a beautiful paean to a time long past .	positive
a highly personal look at the effects of living a dysfunctionally privileged lifestyle , and by the end , we only wish we could have spent more time in its world .	neutral
an extremely funny , ultimately heartbreaking look at life in contemporary china .	positive
sheds light on a subject few are familiar with , and makes you care about music you may not have heard before .	positive
bad in such a bizarre way that it 's almost worth seeing , if only to witness the crazy confluence of purpose and taste .	neutral
an ambitious and moving but bleak film .	neutral
but for the most part , the weight of water comes off as a two-way time-switching myopic mystery that stalls in its lackluster gear of emotional blandness .	negative
and diesel is n't the actor to save it .	negative
only those most addicted to film violence in all its forms will find anything here to appreciate .	neutral
a feeble tootsie knockoff .	negative
see it for his performance if nothing else .	positive
terrific casting and solid execution give all three stories life .	positive
the skirmishes for power waged among victims and predators settle into an undistinguished rhythm of artificial suspense .	negative
a thriller without a lot of thrills .	very negative
yet the act is still charming here .	positive
strictly middle of the road .	neutral
far more enjoyable than its predecessor .	very positive
i was sent a copyof this film to review on dvd .	neutral
a moving essay about the specter of death , especially suicide .	positive
phillip noyce and all of his actors -- as well as his cinematographer , christopher doyle -- understand the delicate forcefulness of greene 's prose , and it 's there on the screen in their version of the quiet american .	positive
though it runs 163 minutes , safe conduct is anything but languorous .	positive
barry sonnenfeld owes frank the pug big time	neutral
this is the kind of movie that you only need to watch for about thirty seconds before you say to yourself , ` ah , yes , here we have a bad , bad , bad movie . '	very negative
even at its worst , it 's not half-bad .	positive
... even if you 've never heard of chaplin , you 'll still be glued to the screen .	very positive
a long , dull procession of despair , set to cello music culled from a minimalist funeral .	very negative
i would be shocked if there was actually one correct interpretation , but that should n't make the movie or the discussion any less enjoyable .	neutral
the concert footage is stirring , the recording sessions are intriguing , and -- on the way to striking a blow for artistic integrity -- this quality band may pick up new admirers .	positive
most of the dialogue made me want to pack raw dough in my ears .	very negative
vividly conveys the shadow side of the 30-year friendship between two english women .	neutral
queen of the damned is too long with too little going on .	negative
whatever about warning kids about the dangers of ouija boards , someone should dispense the same advice to film directors .	neutral
the sound of gunfire and cell phones ringing .	neutral
it ai n't art , by a long shot , but unlike last year 's lame musketeer , this dumas adaptation entertains .	positive
campanella 's competent direction and his excellent cast overcome the obstacles of a predictable outcome and a screenplay that glosses over rafael 's evolution .	positive
schütte 's dramatic snapshot of the artist three days before his death offers an interesting bit of speculation as to the issues brecht faced as his life drew to a close .	positive
would be an unendurable viewing experience for this ultra-provincial new yorker if 26-year-old reese witherspoon were not on hand to inject her pure fantasy character , melanie carmichael , with a massive infusion of old-fashioned hollywood magic .	positive
a horror movie with seriously dumb characters , which somewhat dilutes the pleasure of watching them stalked by creepy-crawly bug things that live only in the darkness .	negative
their parents would do well to cram earplugs in their ears and put pillowcases over their heads for 87 minutes .	very negative
cloaks a familiar anti-feminist equation -lrb- career - kids = misery -rrb- in tiresome romantic-comedy duds .	negative
naomi watts is terrific as rachel ; her petite frame and vulnerable persona emphasising her plight and isolation .	positive
idiotic and ugly .	very negative
` film aficionados can not help but love cinema paradiso , whether the original version or new director 's cut . '	positive
if you can keep your eyes open amid all the blood and gore , you 'll see del toro has brought unexpected gravity to blade ii .	neutral
hard , endearing , caring , warm .	very positive
the major problem with windtalkers is that the bulk of the movie centers on the wrong character .	negative
- greaseballs mob action-comedy .	negative
visually exciting sci-fi film which suffers from a lackluster screenplay .	neutral
writer and director otar iosseliani 's pleasant tale about a factory worker who escapes for a holiday in venice reveals how we all need a playful respite from the grind to refresh our souls .	very positive
a refreshingly realistic , affectation-free coming-of-age tale .	very positive
`` simone '' is a fun and funky look into an artificial creation in a world that thrives on artificiality .	very positive
is truth stranger than fiction ?	neutral
supposedly , pokemon ca n't be killed , but pokemon 4ever practically assures that the pocket monster movie franchise is nearly ready to keel over .	negative
the acting is amateurish , the cinematography is atrocious , the direction is clumsy , the writing is insipid and the violence is at once luridly graphic and laughably unconvincing .	very negative
it 's the type of stunt the academy loves : a powerful political message stuffed into an otherwise mediocre film .	neutral
you have to see it .	very positive
pray has really done his subject justice .	positive
some elements of it really blow the big one , but other parts are decent .	neutral
will you go ape over this movie ?	neutral
... the implication is kissinger may have decided that -- when it comes to truncheoning -- it 's better to give than to receive .	neutral
woody , what happened ?	negative
but it 's also disappointing to a certain degree .	negative
coarse , cliched and clunky , this trifling romantic comedy in which opposites attract for no better reason than that the screenplay demands it squanders the charms of stars hugh grant and sandra bullock .	very negative
bears about as much resemblance to the experiences of most battered women as spider-man does to the experiences of most teenagers .	negative
at times a bit melodramatic and even a little dated -lrb- depending upon where you live -rrb- , ignorant fairies is still quite good-natured and not a bad way to spend an hour or two .	positive
a boring masquerade ball where normally good actors , even kingsley , are made to look bad .	negative
a semi-autobiographical film that 's so sloppily written and cast that you can not believe anyone more central to the creation of bugsy than the caterer had anything to do with it .	very negative
the skills of a calculus major at m.i.t. are required to balance all the formulaic equations in the long-winded heist comedy who is cletis tout ?	negative
though there are entertaining and audacious moments , the movie 's wildly careening tone and an extremely flat lead performance do little to salvage this filmmaker 's flailing reputation .	negative
efteriades gives the neighborhood -- scenery , vibe and all -- the cinematic equivalent of a big , tender hug .	positive
two weeks notice has appeal beyond being a sandra bullock vehicle or a standard romantic comedy .	positive
could use a little more humanity , but it never lacks in eye-popping visuals .	positive
the leads are natural and lovely , the pace is serene , the humor wry and sprightly .	very positive
offers big , fat , dumb laughs that may make you hate yourself for giving in .	negative
hardly a film that comes along every day .	positive
definitely worth 95 minutes of your time .	very positive
certainly the big finish was n't something galinsky and hawley could have planned for ... but part of being a good documentarian is being there when the rope snaps .	positive
rollerball is as bad as you think , and worse than you can imagine .	very negative
there 's the plot , and a maddeningly insistent and repetitive piano score that made me want to scream .	negative
it would be great to see this turd squashed under a truck , preferably a semi .	very negative
`` it 's all about the image . ''	neutral
the pacing is deadly , the narration helps little and naipaul , a juicy writer , is negated .	very negative
this may be dover kosashvili 's feature directing debut , but it looks an awful lot like life -- gritty , awkward and ironic .	neutral
i 'm going to give it a marginal thumbs up .	positive
this beautifully animated epic is never dull .	very positive
human nature , in short , is n't nearly as funny as it thinks it is ; neither is it as smart .	negative
davis ... gets vivid performances from her cast and pulls off some deft ally mcbeal-style fantasy sequences .	very positive
even in the summertime , the most restless young audience deserves the dignity of an action hero motivated by something more than franchise possibilities .	negative
an enigmatic film that 's too clever for its own good , it 's a conundrum not worth solving .	neutral
neither a rousing success nor a blinding embarrassment .	neutral
a mesmerizing cinematic poem from the first frame to the last .	very positive
the setting turns out to be more interesting than any of the character dramas , which never reach satisfying conclusions .	negative
this painfully unfunny farce traffics in tired stereotypes and encumbers itself with complications ... that have no bearing on the story .	very negative
take nothing seriously and enjoy the ride .	positive
any intellectual arguments being made about the nature of god are framed in a drama so clumsy , there is a real danger less sophisticated audiences will mistake it for an endorsement of the very things that bean abhors .	neutral
it is different from others in its genre in that it is does not rely on dumb gags , anatomical humor , or character cliches ; it primarily relies on character to tell its story .	very positive
still rapturous after all these years , cinema paradiso stands as one of the great films about movie love .	very positive
be patient with the lovely hush !	positive
the actors are simply too good , and the story too intriguing , for technical flaws to get in the way .	very positive
i 'd be lying if i said my ribcage did n't ache by the end of kung pow .	positive
it may also be the best sex comedy about environmental pollution ever made .	very positive
an entertaining , if ultimately minor , thriller .	positive
and the reason for that is a self-aware , often self-mocking , intelligence .	positive
whether jason x is this bad on purpose is never clear .	very negative
all comedy is subversive , but this unrelenting bleak insistence on opting out of any opportunity for finding meaning in relationships or work just becomes sad .	very negative
the movie is concocted and carried out by folks worthy of scorn , and the nicest thing i can say is that i ca n't remember a single name responsible for it .	very negative
all too familiar ... basically the sort of cautionary tale that was old when ` angels with dirty faces ' appeared in 1938 .	negative
seems like something american and european gay movies were doing 20 years ago .	negative
this is a truly , truly bad movie .	negative
the way the roundelay of partners functions , and the interplay within partnerships and among partnerships and the general air of gator-bashing are consistently delightful .	very positive
both flawed and delayed , martin scorcese 's gangs of new york still emerges as his most vital work since goodfellas .	neutral
what ` blade runner ' would 've looked like as a low-budget series on a uhf channel .	negative
there is a difference between movies with the courage to go over the top and movies that do n't care about being stupid	negative
an ebullient tunisian film about the startling transformation of a tradition-bound widow who is drawn into the exotic world of belly dancing .	positive
a lovely film for the holiday season .	positive
... ice age treads predictably along familiar territory , making it a passable family film that wo n't win many fans over the age of 12 .	neutral
after one gets the feeling that the typical hollywood disregard for historical truth and realism is at work here , it 's a matter of finding entertainment in the experiences of zishe and the fiery presence of hanussen .	positive
tadpole may be one of the most appealing movies ever made about an otherwise appalling , and downright creepy , subject -- a teenage boy in love with his stepmother .	positive
a film centering on a traditional indian wedding in contemporary new delhi may not sound like specialized fare , but mira nair 's film is an absolute delight for all audiences .	very positive
when you think you 've figured out bielinsky 's great game , that 's when you 're in the most trouble : he 's the con , and you 're just the mark .	neutral
the most amazing super-sized dosage of goofball stunts any `` jackass '' fan could want .	very positive
k-19 : the widowmaker is derivative , overlong , and bombastic -- yet surprisingly entertaining .	positive
every visual joke is milked , every set-up obvious and lengthy , every punchline predictable .	negative
by that measure , it is a failure .	very negative
rather than real figures , elling and kjell bjarne become symbolic characters whose actions are supposed to relate something about the naïf 's encounter with the world .	negative
seeing as the film lacks momentum and its position remains mostly undeterminable , the director 's experiment is a successful one .	positive
... a pretentious mess ...	very negative
full of flatulence jokes and mild sexual references , kung pow !	negative
`` 13 conversations '' holds its goodwill close , but is relatively slow to come to the point .	neutral
so mind-numbingly awful that you hope britney wo n't do it one more time , as far as movies are concerned .	negative
laced with liberal doses of dark humor , gorgeous exterior photography , and a stable-full of solid performances , no such thing is a fascinating little tale .	very positive
in the new release of cinema paradiso , the tale has turned from sweet to bittersweet , and when the tears come during that final , beautiful scene , they finally feel absolutely earned .	very positive
remove spider-man the movie from its red herring surroundings and it 's apparent that this is one summer film that satisfies .	positive
spectators will indeed sit open-mouthed before the screen , not screaming but yawning .	negative
, the sum of all fears is simply a well-made and satisfying thriller .	very positive
-lrb- raimi 's -rrb- matured quite a bit with spider-man , even though it 's one of the most plain white toast comic book films you 'll ever see .	neutral
what makes the movie special is its utter sincerity .	positive
the thing just never gets off the ground .	very negative
after several scenes of this tacky nonsense , you 'll be wistful for the testosterone-charged wizardry of jerry bruckheimer productions , especially because half past dead is like the rock on a wal-mart budget .	very negative
the film oozes craft .	positive
once the expectation of laughter has been quashed by whatever obscenity is at hand , even the funniest idea is n't funny .	very negative
funny , sexy , devastating and incurably romantic .	very positive
eastwood winces , clutches his chest and gasps for breath .	neutral
and how .	neutral
an ambitious , guilt-suffused melodrama crippled by poor casting .	negative
not one moment in the enterprise did n't make me want to lie down in a dark room with something cool to my brow .	neutral
norton holds the film together .	neutral
this is an exercise not in biography but in hero worship .	negative
the densest distillation of roberts ' movies ever made .	negative
with this masterful , flawless film , -lrb- wang -rrb- emerges in the front ranks of china 's now numerous , world-renowned filmmakers .	very positive
a live-wire film that never loses its ability to shock and amaze .	very positive
throughout all the tumult , a question comes to mind : so why is this so boring ?	negative
ong chooses to present ah na 's life as a slight , weightless fairy tale , whose most unpleasant details seem to melt away in the face of the character 's blank-faced optimism .	neutral
the large-format film is well suited to capture these musicians in full regalia and the incredible imax sound system lets you feel the beat down to your toes .	very positive
a finely tuned mood piece , a model of menacing atmosphere .	very positive
egoyan 's work often elegantly considers various levels of reality and uses shifting points of view , but here he has constructed a film so labyrinthine that it defeats his larger purpose .	neutral
an original little film about one young woman 's education .	neutral
by the end , you just do n't care whether that cold-hearted snake petrovich -lrb- that would be reno -rrb- gets his comeuppance .	neutral
it 's packed with adventure and a worthwhile environmental message , so it 's great for the kids .	very positive
too bad maggio could n't come up with a better script .	negative
sensual , funny and , in the end , very touching .	very positive
a movie just for friday fans , critics be damned .	positive
charming , if overly complicated ...	neutral
it 's a fairy tale that comes from a renowned indian film culture that allows americans to finally revel in its splendor .	very positive
will no doubt delight plympton 's legion of fans ; others may find 80 minutes of these shenanigans exhausting .	neutral
all mood and no movie .	negative
the movie ultimately relies a bit too heavily on grandstanding , emotional , rocky-like moments ... but it 's such a warm and charming package that you 'll feel too happy to argue much .	neutral
will assuredly rank as one of the cleverest , most deceptively amusing comedies of the year .	very positive
what a vast enterprise has been marshaled in the service of such a minute idea .	neutral
a half-assed film .	very negative
it 's truly awful and heartbreaking subject matter , but one whose lessons are well worth revisiting as many times as possible .	positive
the most ingenious film comedy since being john malkovich .	very positive
being latently gay and liking to read are hardly enough .	neutral
the cast is phenomenal , especially the women .	very positive
inventive , fun , intoxicatingly sexy , violent , self-indulgent and maddening .	positive
director oliver parker labors so hard to whip life into the importance of being earnest that he probably pulled a muscle or two .	neutral
much of it comes from the brave , uninhibited performances by its lead actors .	very positive
a chiller resolutely without chills .	very negative
while -lrb- roman coppola -rrb- scores points for style , he staggers in terms of story .	neutral
the first hour is tedious though ford and neeson capably hold our interest , but its just not a thrilling movie .	negative
and it is .	positive
even when it drags , we are forced to reflect that its visual imagination is breathtaking	positive
mildly amusing .	neutral
imperfect ?	negative
missteps take what was otherwise a fascinating , riveting story and send it down the path of the mundane .	neutral
this mess of a movie is nothing short of a travesty of a transvestite comedy .	very negative
a baffling subplot involving smuggling drugs inside danish cows falls flat , and if you 're going to alter the bard 's ending , you 'd better have a good alternative .	negative
there 's surely something wrong with a comedy where the only belly laughs come from the selection of outtakes tacked onto the end credits .	very negative
no , it 's not as single-minded as john carpenter 's original , but it 's sure a lot smarter and more unnerving than the sequels .	positive
the boys ' sparring , like the succession of blows dumped on guei , wears down the story 's more cerebral , and likable , plot elements .	neutral
beating the austin powers films at their own game , this blaxploitation spoof downplays the raunch in favor of gags that rely on the strength of their own cleverness as opposed to the extent of their outrageousness .	positive
while this gentle and affecting melodrama will have luvvies in raptures , it 's far too slight and introspective to appeal to anything wider than a niche audience .	neutral
viewers are asked so often to suspend belief that were it not for holm 's performance , the film would be a total washout .	negative
there 's no palpable chemistry between lopez and male lead ralph fiennes , plus the script by working girl scribe kevin wade is workmanlike in the extreme .	very negative
- spy action flick with antonio banderas and lucy liu never comes together .	very negative
there 's already been too many of these films ...	very negative
peralta 's mythmaking could have used some informed , adult hindsight .	neutral
we want the funk - and this movie 's got it .	positive
`` the kid stays in the picture '' is a great story , terrifically told by the man who wrote it but this cliff notes edition is a cheat .	neutral
creeps you out in high style , even if nakata did it better .	neutral
-lrb- a -rrb- thoughtful , visually graceful work .	very positive
shows moments of promise but ultimately succumbs to cliches and pat storytelling .	negative
` snow dogs ' has both .	neutral
like the rugrats movies , the wild thornberrys movie does n't offer much more than the series , but its emphasis on caring for animals and respecting other cultures is particularly welcome .	positive
almost .	neutral
a waterlogged version of ` fatal attraction ' for the teeny-bopper set ... a sad , soggy potboiler that wastes the talents of its attractive young leads .	negative
the film starts promisingly , but the ending is all too predictable and far too cliched to really work .	negative
the script manages the rare trick of seeming at once both refreshingly different and reassuringly familiar .	positive
kudos to the most enchanting film of the year .	very positive
the engagingly primitive animated special effects contribute to a mood that 's sustained through the surprisingly somber conclusion .	positive
by its modest , straight-ahead standards , undisputed scores a direct hit .	positive
chances are you wo n't , either .	neutral
i 'm guessing the director is a magician .	positive
a dashing and absorbing outing with one of france 's most inventive directors .	positive
it irritates and saddens me that martin lawrence 's latest vehicle can explode obnoxiously into 2,500 screens while something of bubba ho-tep 's clearly evident quality may end up languishing on a shelf somewhere .	negative
that chirpy songbird britney spears has popped up with more mindless drivel .	very negative
none of the characters or plot-lines are fleshed-out enough to build any interest .	negative
when all is said and done , she loves them to pieces -- and so , i trust , will you .	positive
ultimately too repellent to fully endear itself to american art house audiences , but it is notable for its stylistic austerity and forcefulness .	negative
i saw juwanna mann so you do n't have to .	neutral
kids do n't mind crappy movies as much as adults , provided there 's lots of cute animals and clumsy people .	negative
it forces you to watch people doing unpleasant things to each other and themselves , and it maintains a cool distance from its material that is deliberately unsettling .	negative
wonder , hope and magic can never escape the heart of the boy when the right movie comes along , especially if it begins with the name of star wars	positive
while the performances are often engaging , this loose collection of largely improvised numbers would probably have worked better as a one-hour tv documentary .	negative
here 's my advice , kev .	neutral
haneke 's script -lrb- from elfriede jelinek 's novel -rrb- is contrived , unmotivated , and psychologically unpersuasive , with an inconclusive ending .	very negative
there is only so much baked cardboard i need to chew .	negative
the movie is loaded with good intentions , but in his zeal to squeeze the action and our emotions into the all-too-familiar dramatic arc of the holocaust escape story , minac drains his movie of all individuality .	negative
tully is worth a look for its true-to-life characters , its sensitive acting , its unadorned view of rural life and the subtle direction of first-timer hilary birmingham .	very positive
filmmaker tian zhuangzhuang triumphantly returns to narrative filmmaking with a visually masterful work of quiet power .	very positive
... a movie that , quite simply , should n't have been made .	very negative
it 's about time .	neutral
the importance of being earnest , so thick with wit it plays like a reading from bartlett 's familiar quotations	positive
five screenwriters are credited with the cliché-laden screenplay ; it seems as if each watered down the version of the one before .	negative
director alfonso cuaron gets vivid , convincing performances from a fine cast , and generally keeps things going at a rapid pace , occasionally using an omniscient voice-over narrator in the manner of french new wave films .	positive
... manages to deliver a fair bit of vampire fun .	positive
shadyac , who belongs with the damned for perpetrating patch adams , trots out every ghost trick from the sixth sense to the mothman prophecies .	neutral
guys say mean things and shoot a lot of bullets .	negative
wewannour money back , actually .	negative
more than anything else , kissing jessica stein injects freshness and spirit into the romantic comedy genre , which has been held hostage by generic scripts that seek to remake sleepless in seattle again and again .	very positive
when cowering and begging at the feet a scruffy giannini , madonna gives her best performance since abel ferrara had her beaten to a pulp in his dangerous game .	very positive
the sheer joy and pride they took in their work -- and in each other -- shines through every frame .	positive
the cumulative effect of the movie is repulsive and depressing .	very negative
... digs beyond the usual portrayals of good kids and bad seeds to reveal a more ambivalent set of characters and motivations .	positive
much of all about lily chou-chou is mesmerizing : some of its plaintiveness could make you weep .	very positive
unfortunately , neither sendak nor the directors are particularly engaging or articulate .	neutral
it 's a rollicking adventure for you and all your mateys , regardless of their ages .	very positive
an empty shell of an epic rather than the real deal .	negative
yes they can swim , the title is merely anne-sophie birot 's off-handed way of saying girls find adolescence difficult to wade through .	neutral
-lrb- scherfig -rrb- has made a movie that will leave you wondering about the characters ' lives after the clever credits roll .	positive
it may be a somewhat backhanded compliment to say that the film makes the viewer feel like the movie 's various victimized audience members after a while , but it also happens to be the movie 's most admirable quality	positive
a delightful entree in the tradition of food movies .	very positive
-lrb- johnnie to and wai ka fai are -rrb- sure to find an enthusiastic audience among american action-adventure buffs , but the film 's interests may be too narrow to attract crossover viewers .	negative
conceptually brilliant ... plays like a living-room war of the worlds , gaining most of its unsettling force from the suggested and the unknown .	positive
this feature is about as necessary as a hole in the head	negative
-lrb- danny huston gives -rrb- an astounding performance that deftly , gradually reveals a real human soul buried beneath a spellbinding serpent 's smirk .	very positive
in addition to hoffman 's powerful acting clinic , this is that rare drama that offers a thoughtful and rewarding glimpse into the sort of heartache everyone has felt , or will feel someday .	very positive
thin period piece .	neutral
this is n't exactly profound cinema , but it 's good-natured and sometimes quite funny .	positive
hailed as a clever exercise in neo-hitchcockianism , this clever and very satisfying picture is more accurately chabrolian .	very positive
it leers , offering next to little insight into its intriguing subject .	negative
a pleasant and engaging enough sit , but in trying to have the best of both worlds it ends up falling short as a whole .	negative
because eight legged freaks is partly an homage to them , tarantula and other low - budget b-movie thrillers of the 1950s and '60s , the movie is a silly -lrb- but not sophomoric -rrb- romp through horror and hellish conditions .	neutral
the picture does n't know it 's a comedy .	neutral
touches smartly and wistfully on a number of themes , not least the notion that the marginal members of society ... might benefit from a helping hand and a friendly kick in the pants .	positive
yakusho , as always , is wonderful as the long-faced sad sack ... and his chemistry with shimizu is very believable .	very positive
works , it 's thanks to huston 's revelatory performance .	positive
in moonlight mile , no one gets shut out of the hug cycle .	neutral
ararat feels like a book report	negative
the beautiful images and solemn words can not disguise the slack complacency of -lrb- godard 's -rrb- vision , any more than the gorgeous piano and strings on the soundtrack can drown out the tinny self-righteousness of his voice .	negative
tully is in many ways the perfect festival film : a calm , self-assured portrait of small town regret , love , duty and friendship that appeals to the storytelling instincts of a slightly more literate filmgoing audience .	very positive
it 's a shame the marvelous first 101 minutes have to be combined with the misconceived final 5 .	negative
a surprisingly charming and even witty match for the best of hollywood 's comic-book adaptations .	positive
my advice is to skip the film and pick up the soundtrack .	negative
audacious-impossible yet compelling ...	positive
a quasi-documentary by french filmmaker karim dridi that celebrates the hardy spirit of cuban music .	positive
family fare .	positive
... a mostly boring affair with a confusing sudden finale that 's likely to irk viewers .	neutral
the movie resolutely avoids all the comic possibilities of its situation , and becomes one more dumb high school comedy about sex gags and prom dates .	very negative
one of recent memory 's most thoughtful films about art , ethics , and the cost of moral compromise .	very positive
god is great , the movie 's not .	neutral
... a somber film , almost completely unrelieved by any comedy beyond the wistful everyday ironies of the working poor .	neutral
even if you 're an agnostic carnivore , you can enjoy much of jonah simply , and gratefully , as laugh-out-loud lunacy with a pronounced monty pythonesque flavor .	positive
one of the best of a growing strain of daring films ... that argue that any sexual relationship that does n't hurt anyone and works for its participants is a relationship that is worthy of our respect .	positive
set in a 1986 harlem that does n't look much like anywhere in new york .	negative
if you do n't ... well , skip to another review .	neutral
in the spirit of the season , i assign one bright shining star to roberto benigni 's pinocchio -- but i guarantee that no wise men will be following after it .	negative
evokes a palpable sense of disconnection , made all the more poignant by the incessant use of cell phones .	positive
they crush each other under cars , throw each other out windows , electrocute and dismember their victims in full consciousness .	negative
with its hint of an awkward hitchcockian theme in tact , harmon 's daunting narrative promotes a reasonable landscape of conflict and pathos to support the scattershot terrorizing tone	neutral
in addition to scoring high for originality of plot -- putting together familiar themes of family , forgiveness and love in a new way -- lilo & stitch has a number of other assets to commend it to movie audiences both innocent and jaded .	very positive
perhaps it 's cliche to call the film ` refreshing , ' but it is .	very positive
as predictable as the outcome of a globetrotters-generals game , juwanna mann is even more ludicrous than you 'd expect from the guy-in-a-dress genre , and a personal low for everyone involved .	very negative
almodovar is an imaginative teacher of emotional intelligence in this engaging film about two men who discover what william james once called ` the gift of tears . '	very positive
a fantastically vital movie that manages to invest real humor , sensuality , and sympathy into a story about two adolescent boys .	very positive
... the story is far-flung , illogical , and plain stupid .	very negative
and lee seems just as expectant of an adoring , wide-smiling reception .	positive
it 's all arty and jazzy and people sit and stare and turn away from one another instead of talking and it 's all about the silences and if you 're into that , have at it .	negative
an old-fashioned drama of substance about a teacher 's slide down the slippery slope of dishonesty after an encounter with the rich and the powerful who have nothing but disdain for virtue .	positive
another useless recycling of a brutal mid - '70s american sports movie .	negative
the kind of movie that leaves vague impressions and a nasty aftertaste but little clear memory of its operational mechanics .	negative
hartley adds enough quirky and satirical touches in the screenplay to keep the film entertaining .	very positive
as literary desecrations go , this makes for perfectly acceptable , occasionally very enjoyable children 's entertainment .	positive
this insufferable movie is meant to make you think about existential suffering .	negative
goofy , nutty , consistently funny .	very positive
two big things are missing -- anything approaching a visceral kick , and anything approaching even a vague reason to sit through it all .	negative
if `` lilo & stitch '' is n't the most edgy piece of disney animation to hit the silver screen , then this first film to use a watercolor background since `` dumbo '' certainly ranks as the most original in years .	very positive
while it has definite weaknesses -- like a rather unbelievable love interest and a meandering ending -- this '60s caper film is a riveting , brisk delight .	positive
it 's a talking head documentary , but a great one .	positive
an extremely unpleasant film .	very negative
director juan jose campanella could have turned this into an argentine retread of `` iris '' or `` american beauty , '' but instead pulls a little from each film and creates something more beautiful than either of those films .	very positive
not good enough to pass for a litmus test of the generation gap and not bad enough to repulse any generation of its fans .	negative
after seeing the film , i can tell you that there 's no other reason why anyone should bother remembering it .	very negative
an `` o bruin , where art thou ? ''	neutral
it stars schticky chris rock and stolid anthony hopkins , who seem barely in the same movie .	negative
merely -lrb- and literally -rrb- tosses around sex toys and offers half-hearted paeans to empowerment that are repeatedly undercut by the brutality of the jokes , most at women 's expense .	very negative
terrible .	very negative
throwing in everything except someone pulling the pin from a grenade with his teeth , windtalkers seems to have ransacked every old world war ii movie for overly familiar material .	negative
chai 's structure and pacing are disconcertingly slack .	negative
if you grew up on scooby -- you 'll love this movie .	positive
enjoyably fast-moving , hard-hitting documentary .	very positive
if you come from a family that eats , meddles , argues , laughs , kibbitzes and fights together , then go see this delightful comedy .	positive
the director mostly plays it straight , turning leys ' fable into a listless climb down the social ladder .	negative
it will break your heart many times over .	neutral
millions of dollars heaped upon a project of such vast proportions need to reap more rewards than spiffy bluescreen technique and stylish weaponry .	negative
any film that does n't even in passing mention political prisoners , poverty and the boat loads of people who try to escape the country is less a documentary and more propaganda by way of a valentine sealed with a kiss .	negative
it 's depressing to see how far herzog has fallen .	negative
some episodes work , some do n't .	negative
like its new england characters , most of whom wander about in thick clouds of denial , the movie eventually gets around to its real emotional business , striking deep chords of sadness .	positive
all the more disquieting for its relatively gore-free allusions to the serial murders , but it falls down in its attempts to humanize its subject .	negative
a film of empty , fetishistic violence in which murder is casual and fun .	very negative
for those in search of something different , wendigo is a genuinely bone-chilling tale .	positive
a poorly scripted , preachy fable that forgets about unfolding a coherent , believable story in its zeal to spread propaganda .	neutral
about a boy vividly recalls the cary grant of room for one more , houseboat and father goose in its affectionate depiction of the gentle war between a reluctant , irresponsible man and the kid who latches onto him .	neutral
disappointing in comparison to other recent war movies ... or any other john woo flick for that matter .	negative
it may not be `` last tango in paris '' but ...	neutral
it 's a familiar story , but one that is presented with great sympathy and intelligence .	positive
becomes a fascinating study of isolation and frustration that successfully recreates both the physical setting and emotional tensions of the papin sisters .	positive
murderous maids pulls no punches in its depiction of the lives of the papin sister and the events that led to their notorious rise to infamy ...	positive
it 's not nearly as fresh or enjoyable as its predecessor , but there are enough high points to keep this from being a complete waste of time .	positive
the movie does n't add anything fresh to the myth .	negative
... delivers few moments of inspiration amid the bland animation and simplistic story .	neutral
it is n't that stealing harvard is a horrible movie -- if only it were that grand a failure !	very negative
the script falls back on too many tried-and-true shenanigans that hardly distinguish it from the next teen comedy .	very negative
a rote exercise in both animation and storytelling .	negative
it tells its story in a flat manner and leaves you with the impression that you should have gotten more out of it than you did .	neutral
in his latest effort , storytelling , solondz has finally made a movie that is n't just offensive -- it also happens to be good .	positive
enough is not a bad movie , just mediocre .	negative
a smart , sassy and exceptionally charming romantic comedy .	very positive
stuffy , full of itself , morally ambiguous and nothing to shout about .	negative
a piquant meditation on the things that prevent people from reaching happiness .	neutral
reyes ' directorial debut has good things to offer , but ultimately it 's undone by a sloppy script	negative
it wears its heart on the sleeve of its gaudy hawaiian shirt .	negative
it 's a spectacular performance - ahem , we hope it 's only acting .	positive
... the film 's considered approach to its subject matter is too calm and thoughtful for agitprop , and the thinness of its characterizations makes it a failure as straight drama . '	very negative
harris is supposed to be the star of the story , but comes across as pretty dull and wooden .	neutral
symbolically , warm water under a red bridge is a celebration of feminine energy , a tribute to the power of women to heal .	positive
they were right .	neutral
you come away from his film overwhelmed , hopeful and , perhaps paradoxically , illuminated .	positive
equlibrium could pass for a thirteen-year-old 's book report on the totalitarian themes of 1984 and farenheit 451 .	negative
a film of delicate interpersonal dances .	positive
-lrb- westbrook -rrb- makes a wonderful subject for the camera .	very positive
cusack 's just brilliant in this .	very positive
what a bewilderingly brilliant and entertaining movie this is .	very positive
never lets go your emotions , taking them to surprising highs , sorrowful lows and hidden impulsive niches ... gorgeous , passionate , and at times uncommonly moving .	positive
every child 's story is what matters .	neutral
there are far worse messages to teach a young audience , which will probably be perfectly happy with the sloppy slapstick comedy .	neutral
few films have captured the chaos of an urban conflagration with such fury , and audience members will leave feeling as shaken as nesbitt 's cooper looks when the bullets stop flying .	positive
ferrara 's best film in years .	very positive
we have poignancy jostling against farce , thoughtful dialogue elbowed aside by one-liners , and a visual style that incorporates rotoscope animation for no apparent reason except , maybe , that it looks neat .	negative
spare yet audacious ...	neutral
` all in all , reign of fire will be a good -lrb- successful -rrb- rental . '	neutral
sometimes this modest little number clicks , and sometimes it does n't .	neutral
watching war photographer , you come to believe that nachtwey hates the wars he shows and empathizes with the victims he reveals .	positive
you 'd be hard put to find a movie character more unattractive or odorous -lrb- than leon -rrb- .	negative
what soured me on the santa clause 2 was that santa bumps up against 21st century reality so hard , it 's icky .	very negative
... only bond can save us from the latest eccentric , super-wealthy megalomaniac bent on world domination and destruction .	neutral
ash wednesday is not edward burns ' best film , but it is a good and ambitious film .	positive
the lead actors share no chemistry or engaging charisma .	very negative
ms. phoenix is completely lacking in charm and charisma , and is unable to project either esther 's initial anomie or her eventual awakening .	very negative
when not wallowing in its characters ' frustrations , the movie is busy contriving false , sitcom-worthy solutions to their problems .	negative
polished , well-structured film .	positive
basically , it 's pretty but dumb .	neutral
the laughs are as rare as snake foo yung .	negative
an eloquent , reflective and beautifully acted meditation on both the profoundly devastating events of one year ago and the slow , painful healing process that has followed in their wake .	very positive
but there 's plenty to offend everyone ...	negative
after that it becomes long and tedious like a classroom play in a college history course .	very negative
suffers from a decided lack of creative storytelling .	neutral
an exceptionally acted , quietly affecting cop drama .	very positive
stuart 's poor-me persona needs a whole bunch of snowball 's cynicism to cut through the sugar coating .	neutral
one of the best films i have ever seen , constantly pulling the rug from underneath us , seeing things from new sides , plunging deeper , getting more intense .	positive
stitch is a bad mannered , ugly and destructive little \*\*\*\* .	very negative
alain choquart 's camera barely stops moving , portraying both the turmoil of the time and giving conduct a perpetual sense of urgency , which , for a film that takes nearly three hours to unspool , is both funny and irritating .	neutral
an intelligently made -lrb- and beautifully edited -rrb- picture that at the very least has a spark of life to it -- more than you can say for plenty of movies that flow through the hollywood pipeline without a hitch .	very positive
charlie hunnam has the twinkling eyes , repressed smile and determined face needed to carry out a dickensian hero .	very positive
what should have been a painless time-killer becomes instead a grating endurance test .	negative
the film has -lrb- its -rrb- moments , but they are few and far between .	negative
if religious films are n't your bailiwick , stay away .	negative
this enthralling documentary ... is at once playful and haunting , an in-depth portrait of an iconoclastic artist who was fundamentally unknowable even to his closest friends .	very positive
schnitzler 's film has a great hook , some clever bits and well-drawn , if standard issue , characters , but is still only partly satisfying .	neutral
a wild , endearing , masterful documentary .	very positive
on a certain base level , blue crush delivers what it promises , just not well enough to recommend it .	neutral
a dreadful day in irish history is given passionate , if somewhat flawed , treatment .	positive
the april 2002 instalment of the american war for independence , complete with loads of cgi and bushels of violence , but not a drop of human blood .	negative
if there was any doubt that peter o'fallon did n't have an original bone in his body , a rumor of angels should dispel it .	very negative
there is something in full frontal , i guess , about artifice and acting and how it distorts reality for people who make movies and watch them , but like most movie riddles , it works only if you have an interest in the characters you see .	negative
a minor-league soccer remake of the longest yard .	negative
` it 's painful to watch witherspoon 's talents wasting away inside unnecessary films like legally blonde and sweet home abomination , i mean , alabama . '	very negative
nothing more than a run-of-the-mill action flick .	neutral
it 's absolutely amazing how first-time director kevin donovan managed to find something new to add to the canon of chan .	positive
at its worst , it 's rambo - meets-john ford .	neutral
it 's as raw and action-packed an experience as a ringside seat at a tough-man contest .	very positive
to me , it sounds like a cruel deception carried out by men of marginal intelligence , with reactionary ideas about women and a total lack of empathy .	negative
you wo n't have any trouble getting kids to eat up these veggies .	positive
if you can tolerate the redneck-versus-blueblood cliches that the film trades in , sweet home alabama is diverting in the manner of jeff foxworthy 's stand-up act .	neutral
too bland and fustily tasteful to be truly prurient .	negative
it does n't work as either .	very negative
this one aims for the toilet and scores a direct hit .	very negative
innocuous enough to make even jean-claude van damme look good .	neutral
in the name of an allegedly inspiring and easily marketable flick , the emperor 's club turns a blind eye to the very history it pretends to teach .	negative
the movie is undone by a filmmaking methodology that 's just experimental enough to alienate the mainstream audience while ringing cliched to hardened indie-heads .	negative
two tedious acts light on great scares and a good surprise ending .	positive
and your reward will be a thoughtful , emotional movie experience .	very positive
obvious .	negative
` lovely and amazing , ' unhappily , is neither ... excessively strained and contrived .	neutral
muddled , trashy and incompetent	neutral
`` birthday girl '' is an actor 's movie first and foremost .	positive
the little girls understand , and mccracken knows that 's all that matters .	positive
the pacing is often way off and there are too many bona fide groaners among too few laughs .	very negative
i liked it because it was so endlessly , grotesquely , inventive .	positive
that , in itself , is extraordinary .	very positive
... one big laugh , three or four mild giggles , and a whole lot of not much else .	neutral
yes .	positive
sunshine state surveys the landscape and assesses the issues with a clear passion for sociology .	neutral
k-19 : the widowmaker is a great yarn .	positive
and educational !	positive
in his determination to lighten the heavy subject matter , silberling also , to a certain extent , trivializes the movie with too many nervous gags and pratfalls .	neutral
an undeniably moving film to experience , and ultimately that 's what makes it worth a recommendation .	positive
confessions is n't always coherent , but it 's sharply comic and surprisingly touching , so hold the gong .	positive
the film has the thrown-together feel of a summer-camp talent show : hastily written , underrehearsed , arbitrarily plotted and filled with crude humor and vulgar innuendo .	negative
sharp edges and a deep vein of sadness run through its otherwise comic narrative .	positive
crush is so warm and fuzzy you might be able to forgive its mean-spirited second half .	positive
a meatballs for the bare-midriff generation .	neutral
strong filmmaking requires a clear sense of purpose , and in that oh-so-important category , the four feathers comes up short .	very negative
the best didacticism is one carried by a strong sense of humanism , and bertrand tavernier 's oft-brilliant safe conduct -lrb- `` laissez-passer '' -rrb- wears its heart on its sleeve .	very positive
i have returned from the beyond to warn you : this movie is 90 minutes long , and life is too short .	very negative
... despite lagging near the finish line , the movie runs a good race , one that will have you at the edge of your seat for long stretches . '	positive
witty and often surprising , a dark little morality tale disguised as a romantic comedy .	very positive
they 're the unnamed , easily substitutable forces that serve as whatever terror the heroes of horror movies try to avoid .	negative
ice age posits a heretofore unfathomable question : is it possible for computer-generated characters to go through the motions ?	neutral
watching these eccentrics is both inspiring and pure joy .	very positive
spain 's greatest star wattage does n't overcome the tumult of maudlin tragedy .	negative
director jay russell stomps in hobnail boots over natalie babbitt 's gentle , endearing 1975 children 's novel .	negative
colorful , energetic and sweetly whimsical ... the rare sequel that 's better than its predecessor .	very positive
... a pretentious and ultimately empty examination of a sick and evil woman .	negative
a small movie with a big heart .	positive
maggie g. makes an amazing breakthrough in her first starring role and eats up the screen .	very positive
most of the movie is so deadly dull that watching the proverbial paint dry would be a welcome improvement .	very negative
-lrb- the cockettes -rrb- provides a window into a subculture hell-bent on expressing itself in every way imaginable . '	positive
-lrb- taylor -rrb- takes us on a ride that 's consistently surprising , easy to watch -- but , oh , so dumb .	neutral
most thrillers send audiences out talking about specific scary scenes or startling moments ; `` frailty '' leaves us with the terrifying message that the real horror may be waiting for us at home .	positive
the difference between cho and most comics is that her confidence in her material is merited .	positive
this remake of lina wertmuller 's 1975 eroti-comedy might just be the biggest husband-and-wife disaster since john and bo derek made the ridiculous bolero .	negative
-lrb- a -rrb- poorly executed comedy .	very negative
holland lets things peter out midway , but it 's notably better acted -- and far less crass - than some other recent efforts in the burgeoning genre of films about black urban professionals .	positive
... rogers 's mouth never stops shut about the war between the sexes and how to win the battle .	positive
lawrence plumbs personal tragedy and also the human comedy .	positive
maintains your sympathy for this otherwise challenging soul by letting you share her one-room world for a while .	positive
tends to pile too many `` serious issues '' on its plate at times , yet remains fairly light , always entertaining , and smartly written .	positive
a close-to-solid espionage thriller with the misfortune of being released a few decades too late .	neutral
an inventive , absorbing movie that 's as hard to classify as it is hard to resist .	very positive
-lrb- russell -rrb- makes good b movies -lrb- the mask , the blob -rrb- , and the scorpion king more than ably meets those standards .	positive
what little grace -lrb- rifkin 's -rrb- tale of precarious skid-row dignity achieves is pushed into the margins by predictable plotting and tiresome histrionics .	negative
the last scenes of the film are anguished , bitter and truthful .	positive
however sincere it may be , the rising place never quite justifies its own existence .	negative
the whole thing feels like a ruse , a tactic to cover up the fact that the picture is constructed around a core of flimsy -- or , worse yet , nonexistent -- ideas .	very negative
supposedly authentic account of a historical event that 's far too tragic to merit such superficial treatment .	negative
no laughs .	negative
but the actors make this worth a peek .	positive
a gem of a movie .	very positive
the whole thing plays like a tired tyco ad .	negative
it 's exactly the kind of movie toback 's detractors always accuse him of making .	negative
mr. clooney , mr. kaufman and all their collaborators are entitled to take a deep bow for fashioning an engrossing entertainment out of an almost sure-fire prescription for a critical and commercial disaster .	positive
it would be churlish to begrudge anyone for receiving whatever consolation that can be found in dragonfly , yet it is impossible to find the film anything but appalling , shamelessly manipulative and contrived , and totally lacking in conviction .	very negative
both deserve better .	negative
between them , de niro and murphy make showtime the most savory and hilarious guilty pleasure of many a recent movie season .	very positive
upsetting and thought-provoking , the film has an odd purity that does n't bring you into the characters so much as it has you study them .	positive
slap me , i saw this movie .	very negative
visually , ` santa clause 2 ' is wondrously creative .	positive
there 's no question that epps scores once or twice , but it 's telling that his funniest moment comes when he falls about ten feet onto his head .	neutral
a coming-of-age tale from new zealand whose boozy , languid air is balanced by a rich visual clarity and deeply felt performances across the board .	positive
the porky 's revenge : ultimate edition ?	neutral
` it 's better to go in knowing full well what 's going to happen , but willing to let the earnestness of its execution and skill of its cast take you down a familiar road with a few twists .	positive
a portrait of hell so shattering it 's impossible to shake .	positive
hopelessly inane , humorless and under-inspired .	very negative
bogdanich is unashamedly pro-serbian and makes little attempt to give voice to the other side .	negative
like a pack of dynamite sticks , built for controversy .	negative
but the execution is a flop with the exception of about six gags that really work .	neutral
take any 12-year-old boy to see this picture , and he 'll be your slave for a year .	positive
miyazaki 's nonstop images are so stunning , and his imagination so vivid , that the only possible complaint you could have about spirited away is that there is no rest period , no timeout .	very positive
stage director sam mendes showcases tom hanks as a depression era hit-man in this dark tale of revenge .	positive
vereté has a whip-smart sense of narrative bluffs .	positive
ponderous , plodding soap opera disguised as a feature film .	negative
gets the look and the period trappings right , but it otherwise drowns in a sea of visual and verbal clichés .	negative
director roger kumble offers just enough sweet and traditional romantic comedy to counter the crudity .	positive
a bittersweet contemporary comedy about benevolent deception , which , while it may not rival the filmmaker 's period pieces , is still very much worth seeing .	very positive
if you want to see a train wreck that you ca n't look away from , then look no further , because here it is .	neutral
gorgeous to look at but insufferably tedious and turgid ... a curiously constricted epic .	negative
then again , in a better movie , you might not have noticed .	very negative
a fairly enjoyable mixture of longest yard ... and the 1999 guy ritchie caper lock stock and two smoking barrels .	positive
the re - enactments , however fascinating they may be as history , are too crude to serve the work especially well .	negative
if a horror movie 's primary goal is to frighten and disturb , then they works spectacularly well ... a shiver-inducing , nerve-rattling ride .	very positive
oedekerk mugs mercilessly , and the genuinely funny jokes are few and far between .	very negative
often silly -- and gross -- but it 's rarely as moronic as some campus gross-out films .	negative
perhaps the film should be seen as a conversation starter .	neutral
spielberg 's first real masterpiece , it deserved all the hearts it won -- and wins still , 20 years later .	very positive
-lrb- haynes ' -rrb- homage to such films as `` all that heaven allows '' and `` imitation of life '' transcends them .	neutral
... unlike -lrb- scorsese 's mean streets -rrb- , ash wednesday is essentially devoid of interesting characters or even a halfway intriguing plot .	very negative
you may feel compelled to watch the film twice or pick up a book on the subject .	positive
slow and ponderous , but rohmer 's drama builds to an intense indoor drama about compassion , sacrifice , and christian love in the face of political corruption .	positive
sheridan 's take on the author 's schoolboy memoir ... is a rather toothless take on a hard young life .	very negative
godard has never made a more sheerly beautiful film than this unexpectedly moving meditation on love , history , memory , resistance and artistic transcendence .	very positive
under-rehearsed and lifeless	very negative
the film offers an intriguing what-if premise .	very positive
this 10th film in the series looks and feels tired .	negative
you need n't be steeped in '50s sociology , pop culture or movie lore to appreciate the emotional depth of haynes ' work .	positive
rarely have i seen a film so willing to champion the fallibility of the human heart .	very positive
a witty , low-key romantic comedy .	very positive
what enlivens this film , beyond the astute direction of cardoso and beautifully detailed performances by all of the actors , is a note of defiance over social dictates .	positive
an exhausting family drama about a porcelain empire and just as hard a flick as its subject matter .	neutral
a delightful little film that revels in its own simplicity , mostly martha will leave you with a smile on your face and a grumble in your stomach .	positive
it 's hard to quibble with a flick boasting this many genuine cackles , but notorious c.h.o. still feels like a promising work-in-progress .	positive
a shoddy male hip hop fantasy filled with guns , expensive cars , lots of naked women and rocawear clothing .	negative
a strong and confident work which works so well for the first 89 minutes , but ends so horrendously confusing in the final two	positive
even the hastily and amateurishly drawn animation can not engage .	very negative
with ` bowling for columbine , ' michael moore gives us the perfect starting point for a national conversation about guns , violence , and fear .	very positive
i liked it just enough .	positive
it 's the funniest american comedy since graffiti bridge .	very positive
after an uncertain start , murder hits and generally sustains a higher plateau with bullock 's memorable first interrogation of gosling .	positive
a decidedly mixed bag .	neutral
although devoid of objectivity and full of nostalgic comments from the now middle-aged participants , dogtown and z-boys has a compelling story to tell .	positive
... a delicious crime drama on par with the slickest of mamet .	very positive
on top of a foundering performance , -lrb- madonna 's -rrb- denied her own athleticism by lighting that emphasizes every line and sag .	negative
it comes off as so silly that you would n't be surprised if ba , murdock and rest of the a-team were seen giving chase in a black and red van .	neutral
paxton 's uneven directorial debut fails to unlock the full potential of what is in many ways a fresh and dramatically substantial spin on the genre .	neutral
on the surface a silly comedy , scotland , pa would be forgettable if it were n't such a clever adaptation of the bard 's tragic play .	positive
mostly works because of the universal themes , earnest performances ... and excellent use of music by india 's popular gulzar and jagjit singh .	very positive
about the only thing to give the movie points for is bravado -- to take an entirely stale concept and push it through the audience 's meat grinder one more time .	very negative
but the performances of pacino , williams , and swank keep the viewer wide-awake all the way through .	very positive
it somehow managed to make its way past my crappola radar and find a small place in my heart	neutral
a boring , pretentious muddle that uses a sensational , real-life 19th-century crime as a metaphor for -- well , i 'm not exactly sure what -- and has all the dramatic weight of a raindrop .	very negative
far from heaven is a dazzling conceptual feat , but more than that , it 's a work of enthralling drama .	positive
blessed with a searing lead performance by ryan gosling -lrb- murder by numbers -rrb- , the movie is powerful and provocative .	very positive
this movie has a strong message about never giving up on a loved one , but it 's not an easy movie to watch and will probably disturb many who see it .	neutral
although it does n't always hang together -- violence and whimsy do n't combine easily -- `` cherish '' certainly is n't dull .	neutral
the film desperately sinks further and further into comedy futility .	very negative
it almost feels as if the movie is more interested in entertaining itself than in amusing us .	negative
a low-rent retread of the alien pictures .	negative
it merely indulges in the worst elements of all of them .	negative
there 's none of the happily-ever - after spangle of monsoon wedding in late marriage -- and that 's part of what makes dover kosashvili 's outstanding feature debut so potent .	very positive
the entire film is one big excuse to play one lewd scene after another .	very negative
a fascinating examination of the joyous , turbulent self-discovery made by a proper , middle-aged woman .	positive
has an unmistakable , easy joie de vivre .	positive
it 's a rare window on an artistic collaboration .	positive
an unremarkable , modern action\/comedy buddy movie whose only nod to nostalgia is in the title .	neutral
report card : does n't live up to the exalted tagline - there 's definite room for improvement .	negative
too intensely focused on the travails of being hal hartley to function as pastiche , no such thing is hartley 's least accessible screed yet .	negative
a backstage must-see for true fans of comedy .	very positive
it 's got the brawn , but not the brains .	negative
but i do .	neutral
lacks dramatic punch and depth .	negative
it may be a no-brainer , but at least it 's a funny no-brainer .	positive
like the excruciating end of days , collateral damage presents schwarzenegger as a tragic figure , but sympathy really belongs with any viewer forced to watch him try out so many complicated facial expressions .	negative
who is this movie for ?	neutral
a great cast and a wonderful but sometimes confusing flashback movie about growing up in a dysfunctional family .	positive
ozpetek offers an aids subtext , skims over the realities of gay sex , and presents yet another tired old vision of the gay community as an all-inclusive world where uptight , middle class bores like antonia can feel good about themselves .	very negative
the leads are so unmemorable , despite several attempts at lengthy dialogue scenes , that one eventually resents having to inhale this gutter romancer 's secondhand material .	very negative
a relative letdown .	very negative
from its nauseating spinning credits sequence to a very talented but underutilized supporting cast , bartleby squanders as much as it gives out .	negative
a realistically terrifying movie that puts another notch in the belt of the long list of renegade-cop tales .	positive
brings an irresistible blend of warmth and humor and a consistent embracing humanity in the face of life 's harshness .	very positive
inconsequential road-and-buddy pic .	negative
with miscast leads , banal dialogue and an absurdly overblown climax , killing me softly belongs firmly in the so-bad-it 's - good camp .	neutral
it 's been 13 months and 295 preview screenings since i last walked out on a movie , but resident evil really earned my indignant , preemptive departure .	very negative
the leanest and meanest of solondz 's misanthropic comedies .	positive
about schmidt belongs to nicholson .	positive
its metaphors are opaque enough to avoid didacticism , and the film succeeds as an emotionally accessible , almost mystical work .	positive
starts as an intense political and psychological thriller but is sabotaged by ticking time bombs and other hollywood-action cliches .	very negative
unspools like a highbrow , low-key , 102-minute infomercial , blending entrepreneurial zeal with the testimony of satisfied customers .	neutral
even if it pushes its agenda too forcefully , this remains a film about something , one that attempts and often achieves a level of connection and concern .	positive
it 's a sight to behold .	neutral
the setting is so cool that it chills the characters , reducing our emotional stake in the outcome of `` intacto 's '' dangerous and seductively stylish game .	neutral
if you 're not totally weirded - out by the notion of cinema as community-therapy spectacle , quitting hits home with disorienting force .	neutral
better than the tepid star trek : insurrection ; falls short of first contact because the villain could n't pick the lint off borg queen alice krige 's cape ; and finishes half a parsec -lrb- a nose -rrb- ahead of generations .	neutral
at times the guys taps into some powerful emotions , but this kind of material is more effective on stage .	neutral
anyone else seen this before ?	neutral
the film is grossly contradictory in conveying its social message , if indeed there is one .	negative
daringly perceptive , taut , piercing and feisty , biggie and tupac is undeniably subversive and involving in its bold presentation .	positive
boyd 's screenplay -lrb- co-written with guardian hack nick davies -rrb- has a florid turn of phrase that owes more to guy ritchie than the bard of avon .	negative
not about scares but a mood in which an ominous , pervasive , and unknown threat lurks just below the proceedings and adds an almost constant mindset of suspense .	positive
this deeply spiritual film taps into the meaning and consolation in afterlife communications .	positive
i know that i 'll never listen to marvin gaye or the supremes the same way again	positive
bearable .	neutral
a big , loud , bang-the-drum bore .	negative
mostly the film is just hectic and homiletic : two parts exhausting men in black mayhem to one part family values .	neutral
horrendously amateurish filmmaking that is plainly dull and visually ugly when it is n't incomprehensible .	very negative
after collateral damage , you might imagine that most every aggrieved father cliché has been unturned .	very negative
predictable storyline and by-the-book scripting is all but washed away by sumptuous ocean visuals and the cinematic stylings of director john stockwell .	positive
laugh-out-loud lines , adorably ditsy but heartfelt performances , and sparkling , bittersweet dialogue that cuts to the chase of the modern girl 's dilemma .	very positive
essentially a collection of bits -- and they 're all naughty .	positive
you get the impression that writer and director burr steers knows the territory ... but his sense of humor has yet to lose the smug self-satisfaction usually associated with the better private schools .	negative
ultimately engages less for its story of actorly existential despair than for its boundary-hopping formal innovations and glimpse into another kind of chinese ` cultural revolution . '	positive
happily , some things are immune to the folly of changing taste and attitude .	positive
viewers will need all the luck they can muster just figuring out who 's who in this pretentious mess .	very negative
the viewer takes great pleasure in watching the resourceful molly stay a step ahead of her pursuers .	positive
with we were soldiers , hollywood makes a valiant attempt to tell a story about the vietnam war before the pathology set in .	positive
i just saw this movie ... well , it 's probably not accurate to call it a movie .	negative
the director has injected self-consciousness into the proceedings at every turn .	neutral
one of the smarter offerings the horror genre has produced in recent memory , even if it 's far tamer than advertised .	positive
a well-done film of a self-reflexive , philosophical nature .	very positive
still , it just sits there like a side dish no one ordered .	negative
wiser souls would have tactfully pretended not to see it and left it lying there	neutral
how i killed my father is one of those art house films that makes you feel like you 're watching an iceberg melt -- only it never melts .	neutral
filmmakers dana janklowicz-mann and amir mann area headed east , far east , in retelling a historically significant , and personal , episode detailing how one international city welcomed tens of thousands of german jewish refugees while the world 's democracie	positive
who , exactly , is fighting whom here ?	negative
can be as tiresome as 9 seconds of jesse helms ' anti- castro rhetoric , which are included	negative
it 's a lot to ask people to sit still for two hours and change watching such a character , especially when rendered in as flat and impassive a manner as phoenix 's .	negative
in truth , it has all the heart of a porno flick -lrb- but none of the sheer lust -rrb- .	negative
cherish would 've worked a lot better had it been a short film .	negative
sometimes shorter is better .	neutral
as schmidt , nicholson walks with a slow , deliberate gait , chooses his words carefully and subdues his natural exuberance .	neutral
if you 're looking for an intelligent movie in which you can release your pent up anger , enough is just the ticket you need .	positive
hardly a nuanced portrait of a young woman 's breakdown , the film nevertheless works up a few scares .	neutral
maybe there 's a metaphor here , but figuring it out would n't make trouble every day any better .	negative
a zippy 96 minutes of mediocre special effects , hoary dialogue , fluxing accents , and -- worst of all -- silly-looking morlocks .	negative
every so often a film comes along that is so insanely stupid , so awful in so many ways that watching it leaves you giddy .	negative
but it is entertaining on an inferior level .	positive
plummer steals the show without resorting to camp as nicholas ' wounded and wounding uncle ralph .	positive
a penetrating glimpse into the tissue-thin ego of the stand-up comic .	neutral
evokes the frustration , the awkwardness and the euphoria of growing up , without relying on the usual tropes .	negative
the problems of the people in love in the time of money are hardly specific to their era .	neutral
the question hanging over the time machine is not , as the main character suggests , ` what if ? '	neutral
it 's a head-turner -- thoughtfully written , beautifully read and , finally , deeply humanizing .	very positive
as it is , it 's too long and unfocused .	very negative
this is not a classical dramatic animated feature , nor a hip , contemporary , in-jokey one .	negative
i 'm not a fan of the phrase ` life affirming ' because it usually means ` schmaltzy , ' but real women have curves truly is life affirming .	positive
too much of storytelling moves away from solondz 's social critique , casting its audience as that of intellectual lector in contemplation of the auteur 's professional injuries .	negative
charlotte sometimes is a gem .	positive
the movie , while beautiful , feels labored , with a hint of the writing exercise about it .	neutral
the symbols float like butterflies and the spinning styx sting like bees .	neutral
the result is more depressing than liberating , but it 's never boring .	neutral
australia : land beyond time is an enjoyable big movie primarily because australia is a weirdly beautiful place .	positive
as immaculate as stuart little 2 is , it could be a lot better if it were , well , more adventurous .	positive
further sad evidence that tom tykwer , director of the resonant and sense-spinning run lola run , has turned out to be a one-trick pony -- a maker of softheaded metaphysical claptrap .	very negative
benigni presents himself as the boy puppet pinocchio , complete with receding hairline , weathered countenance and american breckin meyer 's ridiculously inappropriate valley boy voice .	neutral
-lrb- a -rrb- satisfying niblet .	positive
this is a more fascinating look at the future than `` bladerunner '' and one of the most high-concept sci fi adventures attempted for the screen .	positive
coupling disgracefully written dialogue with flailing bodily movements that substitute for acting , circuit is the awkwardly paced soap opera-ish story .	negative
it rapidly develops into a gut-wrenching examination of the way cultural differences and emotional expectations collide .	positive
you try to guess the order in which the kids in the house will be gored .	negative
i highly recommend irwin , but not in the way this film showcases him .	neutral
payne has created a beautiful canvas , and nicholson proves once again that he 's the best brush in the business .	very positive
-lrb- siegel -rrb- and co-writers lisa bazadona and grace woodard have relied too much on convention in creating the characters who surround frankie .	negative
while the material is slight , the movie is better than you might think .	positive
meant for star wars fans .	neutral
the video work is so grainy and rough , so dependent on being ` naturalistic ' rather than carefully lit and set up , that it 's exhausting to watch .	neutral
unambitious writing emerges in the movie , using a plot that could have come from an animated-movie screenwriting textbook .	negative
the film 's strength is n't in its details , but in the larger picture it paints - of a culture in conflict with itself , with the thin veneer of nationalism that covers our deepest , media-soaked fears .	positive
i do n't think most of the people who loved the 1989 paradiso will prefer this new version .	negative
a sluggish pace and lack of genuine narrative hem the movie in every bit as much as life hems in the spirits of these young women .	negative
broomfield 's style of journalism is hardly journalism at all , and even those with an avid interest in the subject will grow impatient .	negative
mostly , -lrb- goldbacher -rrb- just lets her complicated characters be unruly , confusing and , through it all , human .	positive
even with its $ 50-million us budget , pinocchio never quite achieves the feel of a fanciful motion picture .	negative
adam sandler 's heart may be in the right place , but he needs to pull his head out of his butt	negative
a genuine mind-bender .	positive
the master of disguise is funny -- not `` ha ha '' funny , `` dead circus performer '' funny .	neutral
cynical and serious look at teenage boys doing what they do best - being teenagers .	neutral
just as the recent argentine film son of the bride reminded us that a feel-good movie can still show real heart , time of favor presents us with an action movie that actually has a brain .	positive
that frenetic spectacle -lrb- on the tv show -rrb- has usually been leavened by a charm that 's conspicuously missing from the girls ' big-screen blowout .	negative
nonchalantly freaky and uncommonly pleasurable , warm water may well be the year 's best and most unpredictable comedy .	very positive
she 's all-powerful , a voice for a pop-cyber culture that feeds on her bjorkness .	positive
qualities that were once amusing are becoming irritating .	negative
this is a story that zings all the way through with originality , humour and pathos .	very positive
what a stiflingly unfunny and unoriginal mess this is !	very negative
too stagey , talky -- and long -- for its own good .	negative
as pure over-the-top trash , any john waters movie has it beat by a country mile .	very negative
a tasty appetizer that leaves you wanting more .	positive
on its own staggeringly unoriginal terms , this gender-bending comedy is generally quite funny .	positive
a clumsily manufactured exploitation flick , a style-free exercise in manipulation and mayhem .	negative
it lacks the compassion , good-natured humor and the level of insight that made -lrb- eyre 's -rrb- first film something of a sleeper success .	negative
personally , i 'd rather watch them on the animal planet .	very negative
as commander-in-chief of this film , bigelow demonstrates a breadth of vision and an attention to detail that propels her into the upper echelons of the directing world .	very positive
an annoying orgy of excess and exploitation that has no point and goes nowhere .	very negative
the art demands live viewing .	positive
paul cox needed to show it .	negative
astonishing ... -lrb- frames -rrb- profound ethical and philosophical questions in the form of dazzling pop entertainment .	very positive
more than simply a portrait of early extreme sports , this peek into the 1970s skateboard revolution is a skateboard film as social anthropology ...	neutral
although the subject matter may still be too close to recent national events , the film works - mostly due to its superior cast of characters .	positive
quelle surprise !	neutral
a stirring road movie .	positive
bursting through the constraints of its source , this is one adapted - from-television movie that actually looks as if it belongs on the big screen .	very positive
even with all its botches , enigma offers all the pleasure of a handsome and well-made entertainment .	positive
the images lack contrast , are murky and are frequently too dark to be decipherable .	negative
there 's real visual charge to the filmmaking , and a strong erotic spark to the most crucial lip-reading sequence .	positive
if you 're in the right b-movie frame of mind , it may just scare the pants off you .	positive
city by the sea is a gritty police thriller with all the dysfunctional family dynamics one could wish for .	positive
dismally dull sci-fi comedy .	very negative
it 's weird , wonderful , and not necessarily for kids .	positive
executed with such gentle but insistent sincerity , with such good humor and appreciation of the daily grind that only the most hardhearted scrooge could fail to respond .	very positive
maybe he was reading the minds of the audience .	positive
may seriously impair your ability to ever again maintain a straight face while speaking to a highway patrolman .	neutral
grenier is terrific , bringing an unforced , rapid-fire delivery to toback 's heidegger - and nietzsche-referencing dialogue .	very positive
burns ' fifth beer-soaked film feels in almost every possible way -- from the writing and direction to the soggy performances -- tossed off .	very negative
less the sensational true-crime hell-jaunt purists might like and more experimental in its storytelling -lrb- though no less horrifying for it -rrb- .	positive
if reno is to the left of liberal on the political spectrum , her tough , funny , rather chaotic show is n't subversive so much as it is nit-picky about the hypocrisies of our time .	neutral
it 's not so much a movie as a joint promotion for the national basketball association and teenaged rap and adolescent poster-boy lil ' bow wow .	negative
it labours as storytelling .	negative
a first-class road movie that proves you can run away from home , but your ego and all your problems go with you .	very positive
maybe thomas wolfe was right : you ca n't go home again .	neutral
the plot 's clearly mythic structure may owe more to disney 's strong sense of formula than to the original story .	neutral
the nonstop artifice ultimately proves tiresome , with the surface histrionics failing to compensate for the paper-thin characterizations and facile situations .	very negative
it makes me say the obvious : abandon all hope of a good movie ye who enter here .	very negative
festers in just such a dungpile that you 'd swear you were watching monkeys flinging their feces at you .	very negative
yes , i have given this movie a rating of zero .	very negative
a buoyant romantic comedy about friendship , love , and the truth that we 're all in this together .	positive
the locations go from stark desert to gorgeous beaches .	positive
an acceptable way to pass a little over an hour with moviegoers ages 8-10 , but it 's unlikely to inspire anything more than a visit to mcdonald 's , let alone some savvy street activism .	negative
those who are n't put off by the film 's austerity will find it more than capable of rewarding them .	very positive
we could have expected a little more human being , and a little less product .	neutral
tom shadyac has learned a bit more craft since directing adams , but he still lingers over every point until the slowest viewer grasps it .	neutral
veers uncomfortably close to pro-serb propaganda .	neutral
has nothing good to speak about other than the fact that it is relatively short , tries its best to hide the fact that seagal 's overweight and out of shape .	negative
like a three-ring circus , there are side stories aplenty -- none of them memorable .	negative
a fascinating literary mystery story with multiple strands about the controversy of who really wrote shakespeare 's plays .	very positive
just too silly and sophomoric to ensnare its target audience .	negative
... one of the more influential works of the ` korean new wave ' .	very positive
the closest thing to the experience of space travel	positive
in the long , dishonorable history of quickie teen-pop exploitation , like mike stands out for its only partly synthetic decency .	neutral
right now , they 're merely signposts marking the slow , lingering death of imagination .	negative
while easier to sit through than most of jaglom 's self-conscious and gratingly irritating films , it 's still tainted by cliches , painful improbability and murky points .	negative
bon appétit !	positive
a movie that seems motivated more by a desire to match mortarboards with dead poets society and good will hunting than by its own story .	neutral
as animation increasingly emphasizes the computer and the cool , this is a film that takes a stand in favor of tradition and warmth .	positive
boy , has this franchise ever run out of gas .	very negative
the film itself is about something very interesting and odd that would probably work better as a real documentary without the insinuation of mediocre acting or a fairly trite narrative .	negative
two hours of junk .	very negative
this is absolutely and completely ridiculous and an insult to every family whose mother has suffered through the horrible pains of a death by cancer .	very negative
i love the opening scenes of a wintry new york city in 1899 .	positive
-lrb- d -rrb- espite its familiar subject matter , ice age is consistently amusing and engrossing ...	positive
though its rather routine script is loaded with familiar situations , the movie has a cinematic fluidity and sense of intelligence that makes it work more than it probably should .	positive
alternative medicine obviously has its merits ... but ayurveda does the field no favors .	negative
a living testament to the power of the eccentric and the strange .	positive
it 's not as awful as some of the recent hollywood trip tripe ... but it 's far from a groundbreaking endeavor .	negative
infidelity drama is nicely shot , well-edited and features a standout performance by diane lane .	very positive
overall , it 's a pretty mediocre family film .	neutral
a soulless jumble of ineptly assembled cliches and pabulum that plays like a 95-minute commercial for nba properties .	negative
talkiness is n't necessarily bad , but the dialogue frequently misses the mark .	negative
but the 2002 film does n't really believe in it , and breaks the mood with absurdly inappropriate ` comedy ' scenes .	very negative
not so much farcical as sour .	negative
like life on the island , the movie grows boring despite the scenery .	very negative
the material and the production itself are little more than routine .	negative
aspires to the cracked lunacy of the adventures of buckaroo banzai , but thanks to an astonishingly witless script ends up more like the adventures of ford fairlane .	negative
it 's packed to bursting with incident , and with scores of characters , some fictional , some from history .	neutral
far more successful , if considerably less ambitious , than last year 's kubrick-meets-spielberg exercise .	positive
when it 's this rich and luscious , who cares ?	positive
and `` they 're coming ! ''	neutral
a glossy knock-off of a b-movie revenge flick .	neutral
informative , intriguing , observant , often touching ... gives a human face to what 's often discussed in purely abstract terms .	very positive
a compelling pre-wwii drama with vivid characters and a warm , moving message .	very positive
a bizarre piece of work , with premise and dialogue at the level of kids ' television and plot threads as morose as teen pregnancy , rape and suspected murder	negative
at best , cletis tout might inspire a trip to the video store -- in search of a better movie experience .	negative
skip this turd and pick your nose instead because you 're sure to get more out of the latter experience .	very negative
what a concept , what an idea , what a thrill ride .	very positive
unlike most surf movies , blue crush thrillingly uses modern technology to take the viewer inside the wave .	positive
be forewarned , if you 're depressed about anything before watching this film , you may just end up trying to drown yourself in a lake afterwards .	very negative
it has become apparent that the franchise 's best years are long past .	negative
i 'm all for the mentally challenged getting their fair shot in the movie business , but surely it does n't have to be as a collection of keening and self-mutilating sideshow geeks .	neutral
it strikes hardest ... when it reminds you how pertinent its dynamics remain .	positive
most consumers of lo mein and general tso 's chicken barely give a thought to the folks who prepare and deliver it , so , hopefully , this film will attach a human face to all those little steaming cartons .	positive
even in terms of the low-grade cheese standards on which it operates , it never quite makes the grade as tawdry trash .	negative
the nicest thing that can be said about stealing harvard -lrb- which might have been called freddy gets molested by a dog -rrb- is that it 's not as obnoxious as tom green 's freddie got fingered .	negative
the filmmakers lack the nerve ... to fully exploit the script 's potential for sick humor .	neutral
ill-considered , unholy hokum .	negative
it 's just merely very bad .	very negative
a flick about our infantilized culture that is n't entirely infantile .	positive
rymer does n't trust laughs -- and does n't conjure proper respect for followers of the whole dead-undead genre , who deserve more from a vampire pic than a few shrieky special effects .	negative
what begins as a film in the tradition of the graduate quickly switches into something more recyclable than significant .	neutral
b picture , and i mean that as a compliment .	neutral
leading a double life in an american film only comes to no good , but not here .	neutral
or else a doggie winks .	neutral
especially compared with the television series that inspired the movie .	neutral
trying to make head or tail of the story in the hip-hop indie snipes is enough to give you brain strain -- and the pay-off is negligible .	negative
the film does give a pretty good overall picture of the situation in laramie following the murder of matthew shepard .	positive
this toothless dog , already on cable , loses all bite on the big screen .	negative
this rich , bittersweet israeli documentary , about the life of song-and-dance-man pasach ` ke burstein and his family , transcends ethnic lines .	positive
boll uses a lot of quick cutting and blurry step-printing to goose things up , but dopey dialogue and sometimes inadequate performances kill the effect .	very negative
this 90-minute dud could pass for mike tyson 's e !	very negative
a generic family comedy unlikely to be appreciated by anyone outside the under-10 set .	very negative
an amateurish , quasi-improvised acting exercise shot on ugly digital video .	very negative
the very simple story seems too simple and the working out of the plot almost arbitrary .	very negative
the elements were all there but lack of a pyschological center knocks it flat .	negative
exactly what its title implies : lusty , boisterous and utterly charming .	positive
what remains is a variant of the nincompoop benigni persona , here a more annoying , though less angry version of the irresponsible sandlerian manchild , undercut by the voice of the star of road trip .	very negative
cherish is a dud -- a romantic comedy that 's not the least bit romantic and only mildly funny .	negative
heartwarming here relies less on forced air than on petter næss ' delicate , clever direction ... and a wonderful , imaginative script by axel hellstenius .	very positive
let 's see , a haunted house , a haunted ship , what 's next ... ghost blimp ?	negative
with its paint fights , motorized scooter chases and dewy-eyed sentiment , it 's a pretty listless collection of kid-movie clichés .	negative
based on dave barry 's popular book of the same name , the movie benefits from having a real writer plot out all of the characters ' moves and overlapping story .	positive
what 's missing is what we call the ` wow ' factor .	negative
normally , rohmer 's talky films fascinate me , but when he moves his setting to the past , and relies on a historical text , he loses the richness of characterization that makes his films so memorable .	negative
even if it is generally amusing from time to time , i spy has all the same problems the majority of action comedies have .	negative
you watch for that sense of openness , the little surprises .	positive
the urban landscapes are detailed down to the signs on the kiosks , and the color palette , with lots of somber blues and pinks , is dreamy and evocative .	very positive
the abiding impression , despite the mild hallucinogenic buzz , is of overwhelming waste -- the acres of haute couture ca n't quite conceal that there 's nothing resembling a spine here .	negative
it throws quirky characters , odd situations , and off-kilter dialogue at us , all as if to say , `` look at this !	positive
the film truly does rescue -lrb- the funk brothers -rrb- from motown 's shadows .	neutral
this is not chabrol 's best , but even his lesser works outshine the best some directors can offer .	neutral
alan and his fellow survivors are idiosyncratic enough to lift the movie above its playwriting 101 premise .	positive
it 's 51 times better than this .	neutral
directors harry gantz and joe gantz have chosen a fascinating subject matter , but the couples exposing themselves are n't all that interesting .	neutral
a film neither bitter nor sweet , neither romantic nor comedic , neither warm nor fuzzy .	positive
it 's a brilliant , honest performance by nicholson , but the film is an agonizing bore except when the fantastic kathy bates turns up .	neutral
of all the halloween 's , this is the most visually unappealing .	very negative
light , silly , photographed with colour and depth , and rather a good time .	very positive
it 's refreshing to see a romance this smart .	positive
sodden and glum , even in those moments where it 's supposed to feel funny and light .	negative
with nary a glimmer of self-knowledge , -lrb- crane -rrb- becomes more specimen than character -- and auto focus remains a chilly , clinical lab report .	negative
nothing about the film -- with the possible exception of elizabeth hurley 's breasts -- is authentic .	very negative
a manically generous christmas vaudeville .	positive
the powder blues and sun-splashed whites of tunis make an alluring backdrop for this sensuous and spirited tale of a prim widow who finds an unlikely release in belly-dancing clubs .	positive
with dickens ' words and writer-director douglas mcgrath 's even-toned direction , a ripping good yarn is told .	very positive
certainly .	neutral
simultaneously heartbreakingly beautiful and exquisitely sad .	neutral
i approached the usher and said that if she had to sit through it again , she should ask for a raise .	very negative
it makes you believe the cast and crew thoroughly enjoyed themselves and believed in their small-budget film .	positive
the film is enriched by an imaginatively mixed cast of antic spirits , headed by christopher plummer as the subtlest and most complexly evil uncle ralph i 've ever seen in the many film and stage adaptations of the work .	very positive
these three films form a remarkably cohesive whole , both visually and thematically , through their consistently sensitive and often exciting treatment of an ignored people .	very positive
smart and alert , thirteen conversations about one thing is a small gem .	positive
insanely hilarious !	very positive
... strips bible stores of the potential for sanctimoniousness , making them meaningful for both kids and church-wary adults .	positive
it 's just weirdness for the sake of weirdness , and where human nature should be ingratiating , it 's just grating .	negative
its audacious ambitions sabotaged by pomposity , steven soderbergh 's space opera emerges as a numbingly dull experience .	negative
the balkans provide the obstacle course for the love of a good woman .	neutral
it works its magic with such exuberance and passion that the film 's length becomes a part of its fun .	very positive
even if the enticing prospect of a lot of nubile young actors in a film about campus depravity did n't fade amid the deliberate , tiresome ugliness , it would be rendered tedious by avary 's failure to construct a story with even a trace of dramatic interest .	very negative
it goes on for too long and bogs down in a surfeit of characters and unnecessary subplots .	very negative
a feel-good movie that does n't give you enough to feel good about .	negative
this version of h.g. wells ' time machine was directed by h.g. wells ' great-grandson .	neutral
give shapiro , goldman , and bolado credit for good intentions , but there 's nothing here that they could n't have done in half an hour .	negative
i was feeling this movie until it veered off too far into the exxon zone , and left me behind at the station looking for a return ticket to realism .	negative
if the real-life story is genuinely inspirational , the movie stirs us as well .	very positive
disturbing .	negative
the large-frame imax camera lends itself beautifully to filming the teeming life on the reefs , making this gorgeous film a must for everyone from junior scientists to grown-up fish lovers .	very positive
it 's hard to pity the ` plain ' girl who becomes a ravishing waif after applying a smear of lip-gloss .	negative
the ending does n't work ... but most of the movie works so well i 'm almost recommending it , anyway -- maybe not to everybody , but certainly to people with a curiosity about how a movie can go very right , and then step wrong .	neutral
why anyone who is not a character in this movie should care is beyond me .	very negative
the plot is romantic comedy boilerplate from start to finish .	neutral
the movie 's major and most devastating flaw is its reliance on formula , though , and it 's quite enough to lessen the overall impact the movie could have had .	negative
it is depressing , ruthlessly pained and depraved , the movie equivalent of staring into an open wound .	very negative
the film affords us intriguing glimpses of the insights gleaned from a lifetime of spiritual inquiry , but ram dass : fierce grace does n't organize it with any particular insight .	neutral
as aimless as an old pickup skidding completely out of control on a long patch of black ice , the movie makes two hours feel like four .	very negative
a comedy-drama of nearly epic proportions rooted in a sincere performance by the title character undergoing midlife crisis .	very positive
... contains very few laughs and even less surprises .	negative
a horrible , 99-minute stink bomb .	very negative
you can watch , giggle and get an adrenaline boost without feeling like you 've completely lowered your entertainment standards .	positive
it briefly flirts with player masochism , but the point of real interest - -- audience sadism -- is evaded completely .	neutral
earnest and heartfelt but undernourished and plodding .	positive
a dull , somnambulant exercise in pretension whose pervasive quiet is broken by frequent outbursts of violence and noise .	very negative
the doofus-on - the-loose banter of welcome to collinwood has a cocky , after-hours loopiness to it .	neutral
it is n't quite one of the worst movies of the year .	very negative
the film presents visceral and dangerously honest revelations about the men and machines behind the curtains of our planet .	positive
cinematic pratfalls given a working over .	neutral
underachieves only in not taking the shakespeare parallels quite far enough .	neutral
apparently writer-director attal thought he need only cast himself and his movie-star wife sitting around in their drawers to justify a film .	neutral
handled correctly , wilde 's play is a masterpiece of elegant wit and artifice .	very positive
this is the best star trek movie in a long time .	very positive
a remarkably alluring film set in the constrictive eisenhower era about one suburban woman 's yearning in the face of a loss that shatters her cheery and tranquil suburban life .	positive
instead of simply handling conventional material in a conventional way , secretary takes the most unexpected material and handles it in the most unexpected way .	positive
a winning comedy with its wry observations about long-lived friendships and the ways in which we all lose track of ourselves by trying to please others .	very positive
writer-director randall wallace has bitten off more than he or anyone else could chew , and his movie veers like a drunken driver through heavy traffic .	negative
like kissing jessica stein , amy 's orgasm has a key strength in its willingness to explore its principal characters with honesty , insight and humor .	positive
it 's time to let your hair down -- greek style .	neutral
charlize chases kevin with a gun .	neutral
an edifying glimpse into the wit and revolutionary spirit of these performers and their era .	positive
the directive to protect the code at all costs also begins to blur as the importance of the man and the code merge	neutral
steers has an unexpectedly adamant streak of warm-blooded empathy for all his disparate manhattan denizens -- especially the a \*\* holes .	neutral
... the same tired old gags , modernized for the extreme sports generation .	neutral
starts promisingly but disintegrates into a dreary , humorless soap opera .	negative
the touch is generally light enough and the performances , for the most part , credible .	positive
it is sentimental but feels free to offend , is analytical and then surrenders to the illogic of its characters , is about grief and yet permits laughter .	very positive
eight legged freaks wo n't join the pantheon of great monster\/science fiction flicks that we have come to love ...	negative
a slight and obvious effort , even for one whose target demographic is likely still in the single digits , age-wise .	neutral
howard and his co-stars all give committed performances , but they 're often undone by howard 's self-conscious attempts to find a ` literary ' filmmaking style to match his subject .	negative
this will go on so long as there are moviegoers anxious to see strange young guys doing strange guy things .	neutral
the actors must indeed be good to recite some of this laughable dialogue with a straight face .	negative
it 's better suited for the history or biography channel , but there 's no arguing the tone of the movie - it leaves a bad taste in your mouth and questions on your mind .	negative
a story which fails to rise above its disgusting source material .	very negative
belongs in the too-hot-for-tv direct-to-video\/dvd category , and this is why i have given it a one-star rating .	negative
a sincere but dramatically conflicted gay coming-of-age tale .	neutral
imagine a film that begins as a seven rip-off , only to switch to a mix of the shining , the thing , and any naked teenagers horror flick from the 1980s .	negative
without a fresh infusion of creativity , 4ever is neither a promise nor a threat so much as wishful thinking .	negative
this humbling little film , fueled by the light comedic work of zhao benshan and the delicate ways of dong jie , is just the sort for those moviegoers who complain that ` they do n't make movies like they used to anymore . '	positive
what does n't this film have that an impressionable kid could n't stand to hear ?	positive
stevens ' vibrant creative instincts are the difference between this and countless other flicks about guys and dolls .	positive
` in this poor remake of such a well loved classic , parker exposes the limitations of his skill and the basic flaws in his vision . '	very negative
pull -lrb- s -rrb- off the rare trick of recreating not only the look of a certain era , but also the feel .	neutral
overall tomfoolery like this is a matter of taste .	negative
a soap-opera quality twist in the last 20 minutes ... almost puts the kibosh on what is otherwise a sumptuous work of b-movie imagination .	negative
the actors try hard but come off too amateurish and awkward .	very negative
occasionally loud and offensive , but more often , it simply lulls you into a gentle waking coma .	negative
we 've seen it all before in one form or another , but director hoffman , with great help from kevin kline , makes us care about this latest reincarnation of the world 's greatest teacher .	positive
easily the most thoughtful fictional examination of the root causes of anti-semitism ever seen on screen .	very positive
despite suffering a sense-of-humour failure , the man who wrote rocky does not deserve to go down with a ship as leaky as this .	negative
about half of them are funny , a few are sexy and none are useful in telling the story , which is paper-thin and decidedly unoriginal .	negative
the film is filled with humorous observations about the general absurdity of modern life as seen through the eyes outsiders , but deftly manages to avoid many of the condescending stereotypes that so often plague films dealing with the mentally ill .	positive
impostor ca n't think of a thing to do with these characters except have them run through dark tunnels , fight off various anonymous attackers , and evade elaborate surveillance technologies .	negative
... either you 're willing to go with this claustrophobic concept or you 're not .	neutral
a great script brought down by lousy direction .	negative
a family-friendly fantasy that ends up doing very little with its imaginative premise .	neutral
its vision of that awkward age when sex threatens to overwhelm everything else is acute enough to make everyone who has been there squirm with recognition .	neutral
new ways of describing badness need to be invented to describe exactly how bad it is .	very negative
rubbo runs through a remarkable amount of material in the film 's short 90 minutes .	positive
while this film has an ` a ' list cast and some strong supporting players , the tale -- like its central figure , vivi -- is just a little bit hard to love .	negative
zoom !	positive
it 's a bad sign when you 're rooting for the film to hurry up and get to its subjects ' deaths just so the documentary will be over , but it 's indicative of how uncompelling the movie is unless it happens to cover your particular area of interest .	very negative
the creative animation work may not look as fully ` rendered ' as pixar 's industry standard , but it uses lighting effects and innovative backgrounds to an equally impressive degree .	positive
every sequel you skip will be two hours gained .	very negative
it 's hard to imagine anybody ever being `` in the mood '' to view a movie as harrowing and painful as the grey zone , but it 's equally hard to imagine anybody being able to tear their eyes away from the screen once it 's started .	positive
it gives devastating testimony to both people 's capacity for evil and their heroic capacity for good .	positive
makes one thing abundantly clear .	positive
like shave ice without the topping , this cinematic snow cone is as innocuous as it is flavorless .	neutral
cherry orchard is badly edited , often awkwardly directed and suffers from the addition of a wholly unnecessary pre-credit sequence designed to give some of the characters a ` back story . '	negative
too slick and manufactured to claim street credibility .	negative
into scrooge .	neutral
the film is full of charm .	positive
it 's not the least of afghan tragedies that this noble warlord would be consigned to the dustbin of history .	negative
the power of this script , and the performances that come with it , is that the whole damned thing did n't get our moral hackles up .	neutral
the result might look like vulgar .	neutral
there are no special effects , and no hollywood endings .	positive
while hollywood ending has its share of belly laughs -lrb- including a knockout of a closing line -rrb- , the movie winds up feeling like a great missed opportunity .	negative
we admire this film for its harsh objectivity and refusal to seek our tears , our sympathies .	very positive
a funny and well-contructed black comedy where the old adage `` be careful what you wish for '' is given a full workout .	very positive
not a schlocky creature feature but something far more stylish and cerebral -- and , hence , more chillingly effective .	positive
this movie ... does n't deserve the energy it takes to describe how bad it is .	negative
one of the most important and exhilarating forms of animated filmmaking since old walt doodled steamboat willie .	very positive
malone does have a gift for generating nightmarish images that will be hard to burn out of your brain .	neutral
after a while , hoffman 's quirks and mannerisms , particularly his penchant for tearing up on cue -- things that seem so real in small doses -- become annoying and artificial .	negative
it 's not like having a real film of nijinsky , but at least it 's better than that eponymous 1980 biopic that used soap in the places where the mysteries lingered .	positive
the only surprise is that heavyweights joel silver and robert zemeckis agreed to produce this ; i assume the director has pictures of them cavorting in ladies ' underwear .	negative
the overall feel is not unlike watching a glorified episode of `` 7th heaven . ''	negative
... spellbinding fun and deliciously exploitative .	very positive
what 's next ?	positive
in the end , there is n't much to it .	very negative
an allegory concerning the chronically mixed signals african american professionals get about overachieving could be intriguing , but the supernatural trappings only obscure the message .	negative
an incredibly irritating comedy about thoroughly vacuous people ... manages to embody the worst excesses of nouvelle vague without any of its sense of fun or energy .	very negative
the movie itself is far from disappointing , offering an original take on courtroom movies , a few nifty twists that are so crucial to the genre and another first-rate performance by top-billed star bruce willis .	positive
norton is magnetic as graham .	positive
the year 's greatest adventure , and jackson 's limited but enthusiastic adaptation has made literature literal without killing its soul -- a feat any thinking person is bound to appreciate .	very positive
a remarkable movie with an unsatisfying ending , which is just the point .	positive
those unfamiliar with mormon traditions may find the singles ward occasionally bewildering .	neutral
mr. goyer 's loose , unaccountable direction is technically sophisticated in the worst way .	very negative
abderrahmane sissako 's heremakono -lrb- waiting for happiness -rrb- is an elegiac portrait of a transit city on the west african coast struggling against foreign influences .	neutral
what might 've been an exhilarating exploration of an odd love triangle becomes a sprawl of uncoordinated vectors .	neutral
a weird little movie that 's amusing enough while you watch it , offering fine acting moments and pungent insights into modern l.a. 's show-biz and media subcultures .	positive
a wonderful , ghastly film .	positive
the movie weighs no more than a glass of flat champagne .	negative
the film is flat .	negative
stealing harvard will dip into your wallet , swipe 90 minutes of your time , and offer you precisely this in recompense : a few early laughs scattered around a plot as thin as it is repetitious .	very negative
shiner can certainly go the distance , but is n't world championship material	positive
but windtalkers does n't beat that one , either .	negative
-lrb- lee -rrb- treats his audience the same way that jim brown treats his women -- as dumb , credulous , unassuming , subordinate subjects .	very negative
the problem with antwone fisher is that it has a screenplay written by antwone fisher based on the book by antwone fisher .	very negative
whenever you think you 've seen the end of the movie , we cut to a new scene , which also appears to be the end .	negative
a zinger-filled crowd-pleaser that open-minded elvis fans -lrb- but by no means all -rrb- will have fun with .	very positive
co-writer\/director jonathan parker 's attempts to fashion a brazil-like , hyper-real satire fall dreadfully short .	very negative
his best film remains his shortest , the hole , which makes many of the points that this film does but feels less repetitive .	neutral
smart and fun , but far more witty than it is wise .	positive
o fantasma is boldly , confidently orchestrated , aesthetically and sexually , and its impact is deeply and rightly disturbing .	positive
a film about female friendship that men can embrace and women will talk about for hours .	very positive
` it looks good , sonny , but you missed the point . '	negative
there 's nothing remotely topical or sexy here .	negative
fincher takes no apparent joy in making movies , and he gives none to the audience .	negative
even after 90 minutes of playing opposite each other bullock and grant still look ill at ease sharing the same scene .	negative
scenario that will give most parents pause ... then , something terrible happens .	neutral
blood work is laughable in the solemnity with which it tries to pump life into overworked elements from eastwood 's dirty harry period .	negative
the slapstick is labored , and the bigger setpieces flat .	very negative
the pool drowned me in boredom .	negative
if jews were catholics , this would be catechism	neutral
-lrb- sports -rrb- admirable energy , full-bodied characterizations and narrative urgency .	positive
here is a vh1 behind the music special that has something a little more special behind it : music that did n't sell many records but helped change a nation .	positive
it 's never dull and always looks good .	very positive
competently directed but terminally cute drama .	positive
swimfan , like fatal attraction , eventually goes overboard with a loony melodramatic denouement in which a high school swimming pool substitutes for a bathtub .	neutral
a sweet , tender sermon about a 12-year-old welsh boy more curious about god than girls , who learns that believing in something does matter .	positive
loses its sense of humor in a vat of failed jokes , twitchy acting , and general boorishness .	very negative
in the era of the sopranos , it feels painfully redundant and inauthentic .	negative
i will be .	positive
it 's tough to be startled when you 're almost dozing .	very negative
represents the depths to which the girls-behaving-badly film has fallen .	negative
an impenetrable and insufferable ball of pseudo-philosophic twaddle .	negative
the film is an earnest try at beachcombing verismo , but it would be even more indistinct than it is were it not for the striking , quietly vulnerable personality of ms. ambrose .	negative
it 's the element of condescension , as the filmmakers look down on their working-class subjects from their lofty perch , that finally makes sex with strangers , which opens today in the new york metropolitan area , so distasteful .	very negative
a return to pure disney magic and is enjoyable family fare .	very positive
distances you by throwing out so many red herrings , so many false scares , that the genuine ones barely register .	very negative
the fact that it is n't very good is almost beside the point .	negative
it takes you somewhere you 're not likely to have seen before , but beneath the exotic surface -lrb- and exotic dancing -rrb- it 's surprisingly old-fashioned .	positive
bolstered by exceptional performances and a clear-eyed take on the economics of dealing and the pathology of ghetto fabulousness .	very positive
it is a happy , heady jumble of thought and storytelling , an insane comic undertaking that ultimately coheres into a sane and breathtakingly creative film .	very positive
meant to reduce blake 's philosophy into a tragic coming-of-age saga punctuated by bursts of animator todd mcfarlane 's superhero dystopia .	neutral
perhaps the grossest movie ever made .	very negative
viveka seldahl and sven wollter will touch you to the core in a film you will never forget -- that you should never forget .	very positive
it 's quite another to feel physically caught up in the process .	neutral
... instead go rent `` shakes the clown '' , a much funnier film with a similar theme and an equally great robin williams performance .	negative
merchant has n't directed this movie so much as produced it -- like sausage .	neutral
the documentary is much too conventional -- lots of boring talking heads , etc. -- to do the subject matter justice .	very negative
my wife 's plotting is nothing special ; it 's the delivery that matters here .	neutral
an engrossing and infectiously enthusiastic documentary .	very positive
i wo n't argue with anyone who calls ` slackers ' dumb , insulting , or childish ... but i laughed so much that i did n't mind .	neutral
nothing sticks , really , except a lingering creepiness one feels from being dragged through a sad , sordid universe of guns , drugs , avarice and damaged dreams .	very negative
the film 's gamble to occasionally break up the live-action scenes with animated sequences pays off , as does its sensitive handling of some delicate subject matter .	positive
the attempt to build up a pressure cooker of horrified awe emerges from the simple fact that the movie has virtually nothing to show .	very negative
wes craven 's presence is felt ; not the craven of ' a nightmare on elm street ' or ` the hills have eyes , ' but the sad schlock merchant of ` deadly friend . '	negative
but tongue-in-cheek preposterousness has always been part of for the most part wilde 's droll whimsy helps `` being earnest '' overcome its weaknesses and parker 's creative interference ...	positive
as the princess , sorvino glides gracefully from male persona to female without missing a beat .	positive
run for your lives !	very negative
for every cheesy scene , though , there is a really cool bit -- the movie 's conception of a future-world holographic librarian -lrb- orlando jones -rrb- who knows everything and answers all questions , is visually smart , cleverly written , and nicely realized .	positive
an impressive hybrid .	very positive
the chateau ... is less concerned with cultural and political issues than doting on its eccentric characters .	negative
highly recommended as an engrossing story about a horrifying historical event and the elements which contributed to it .	positive
-lrb- macdowell -rrb- ventures beyond her abilities several times here and reveals how bad an actress she is .	very negative
pap invested in undergraduate doubling subtexts and ridiculous stabs at existentialism reminding of the discovery of the wizard of god in the fifth trek flick .	negative
the disjointed mess flows as naturally as jolie 's hideous yellow ` do .	very negative
he does this so well you do n't have the slightest difficulty accepting him in the role .	very positive
where bowling for columbine is at its most valuable is in its examination of america 's culture of fear as a root cause of gun violence .	neutral
none of his actors stand out , but that 's less of a problem here than it would be in another film : characterization matters less than atmosphere .	neutral
unless bob crane is someone of particular interest to you , this film 's impressive performances and adept direction are n't likely to leave a lasting impression .	negative
a surprisingly funny movie .	very positive
if you thought tom hanks was just an ordinary big-screen star , wait until you 've seen him eight stories tall .	neutral
drug abuse , infidelity and death are n't usually comedy fare , but turpin 's film allows us to chuckle through the angst .	positive
a not-so-divine secrets of the ya-ya sisterhood with a hefty helping of re-fried green tomatoes .	negative
allegiance to chekhov , which director michael cacoyannis displays with somber earnestness in the new adaptation of the cherry orchard , is a particularly vexing handicap .	negative
not only a coming-of-age story and cautionary parable , but also a perfectly rendered period piece .	very positive
sparkling , often hilarious romantic jealousy comedy ... attal looks so much like a young robert deniro that it seems the film should instead be called ` my husband is travis bickle ' .	very positive
a harrowing account of a psychological breakdown .	positive
a mature , deeply felt fantasy of a director 's travel through 300 years of russian history .	positive
wait for pay per view or rental but do n't dismiss barbershop out of hand .	neutral
lucky break is perfectly inoffensive and harmless , but it 's also drab and inert .	neutral
the movie is a trove of delights .	very positive
the filmmakers needed more emphasis on the storytelling and less on the glamorous machine that thrusts the audience into a future they wo n't much care about .	negative
but it does somehow manage to get you under its spell .	positive
in his u.s. debut , mr. schnitzler proves himself a deft pace master and stylist .	very positive
yet another arnold vehicle that fails to make adequate use of his particular talents .	negative
it will guarantee to have you leaving the theater with a smile on your face .	very positive
an uncomfortable movie , suffocating and sometimes almost senseless , the grey zone does have a center , though a morbid one .	very negative
sweet gentle jesus , did the screenwriters just do a cut-and-paste of every bad action-movie line in history ?	negative
-lrb- sam 's -rrb- self-flagellation is more depressing than entertaining .	very negative
dramas like this make it human .	very positive
although estela bravo 's documentary is cloyingly hagiographic in its portrait of cuban leader fidel castro , it 's still a guilty pleasure to watch .	positive
but the cinematography is cloudy , the picture making becalmed .	negative
it 's difficult for a longtime admirer of his work to not be swept up in invincible and overlook its drawbacks .	neutral
this is christmas future for a lot of baby boomers .	positive
this bracingly truthful antidote to hollywood teenage movies that slather clearasil over the blemishes of youth captures the combustible mixture of a chafing inner loneliness and desperate grandiosity that tend to characterize puberty .	positive
it 's up to you to decide whether to admire these people 's dedication to their cause or be repelled by their dogmatism , manipulativeness and narrow , fearful view of american life .	neutral
lillard and cardellini earn their scooby snacks , but not anyone else .	neutral
viva le resistance !	positive
some body smacks of exhibitionism more than it does cathartic truth telling .	negative
` like a child with an important message to tell ... -lrb- skins ' -rrb- faults are easy to forgive because the intentions are lofty . '	neutral
plodding , peevish and gimmicky .	negative
given too much time to consider the looseness of the piece , the picture begins to resemble the shapeless , grasping actors ' workshop that it is .	very negative
the ingenuity that parker displays in freshening the play is almost in a class with that of wilde himself .	very positive
nijinsky says , ' i know how to suffer ' and if you see this film you 'll know too .	negative
frequent flurries of creative belly laughs and genuinely enthusiastic performances ... keep the movie slaloming through its hackneyed elements with enjoyable ease .	positive
it will make you think twice about what might be going on inside each trailer park you drive past -- even if it chiefly inspires you to drive a little faster .	positive
witless and utterly pointless .	negative
fred schepisi 's film is paced at a speed that is slow to those of us in middle age and deathly slow to any teen .	very negative
may lack the pungent bite of its title , but it 's an enjoyable trifle nonetheless .	positive
a rather brilliant little cult item : a pastiche of children 's entertainment , superhero comics , and japanese animation .	positive
the film is a fierce dance of destruction .	positive
it 's really just another silly hollywood action film , one among a multitude of simple-minded , yahoo-ing death shows .	neutral
the mark of a respectable summer blockbuster is one of two things : unadulterated thrills or genuine laughs .	very positive
it 's hard to care about a film that proposes as epic tragedy the plight of a callow rich boy who is forced to choose between his beautiful , self-satisfied 22-year-old girlfriend and an equally beautiful , self-satisfied 18-year-old mistress .	negative
it 's fitfully funny but never really takes off .	neutral
psychologically revealing .	positive
if a big musical number like ` praise the lord , he 's the god of second chances ' does n't put you off , this will be an enjoyable choice for younger kids .	positive
has not so much been written as assembled , frankenstein-like , out of other , marginally better shoot-em-ups .	neutral
but seriously , folks , it does n't work .	negative
i was trying to decide what annoyed me most about god is great ... i 'm not , and then i realized that i just did n't care .	very negative
and there 's an element of heartbreak to watching it now , with older and wiser eyes , because we know what will happen after greene 's story ends .	positive
though it flirts with bathos and pathos and the further oprahfication of the world as we know it , it still cuts all the way down to broken bone .	neutral
bluto blutarsky , we miss you .	positive
this scarlet 's letter is a. . .	neutral
crossroads feels like a teenybopper ed wood film , replete with the pubescent scandalous innuendo and the high-strung but flaccid drama .	very negative
bond-inspired ?	neutral
do n't say you were n't warned .	negative
hopkins , squarely fills the screen .	very positive
hashiguchi vividly captures the way young japanese live now , chafing against their culture 's manic mix of millennial brusqueness and undying , traditional politesse .	positive
you leave the same way you came -- a few tasty morsels under your belt , but no new friends .	negative
while it can be a bit repetitive , overall it 's an entertaining and informative documentary .	positive
what makes the film special is the refreshingly unhibited enthusiasm that the people , in spite of clearly evident poverty and hardship , bring to their music .	positive
it 's hard to believe that a relationship like holly and marina 's could survive the hothouse emotions of teendom , and its longevity gets more inexplicable as the characterizations turn more crassly reductive .	neutral
the lady and the duke is eric rohmer 's economical antidote to the bloated costume drama	neutral
this may be burns 's strongest film since the brothers mcmullen .	very positive
warm in its loving yet unforgivingly inconsistent depiction of everyday people , relaxed in its perfect quiet pace and proud in its message .	very positive
its director 's most substantial feature for some time .	positive
a chilly , remote , emotionally distant piece ... so dull that its tagline should be : ` in space , no one can hear you snore . '	very negative
leave it to john sayles to take on developers , the chamber of commerce , tourism , historical pageants , and commercialism all in the same movie ... without neglecting character development for even one minute .	very positive
`` extreme ops '' exceeds expectations .	positive
it 's stylishly directed with verve ...	positive
fans of critics ' darling band wilco will marvel at the sometimes murky , always brooding look of i am trying to break your heart .	positive
its adult themes of familial separation and societal betrayal are head and shoulders above much of the director 's previous popcorn work .	positive
chen films the resolutely downbeat smokers only with every indulgent , indie trick in the book .	negative
impeccably filmed , sexually charged , but ultimately lacking in substance , not to mention dragged down by a leaden closing act .	neutral
the weird thing about the santa clause 2 , purportedly a children 's movie , is that there is nothing in it to engage children emotionally .	negative
what -lrb- frei -rrb- gives us ... is a man who uses the damage of war -- far more often than the warfare itself -- to create the kind of art shots that fill gallery shows .	positive
-lrb- hell is -rrb- looking down at your watch and realizing serving sara is n't even halfway through .	very negative
me no lika da accents so good , but i thoroughly enjoyed the love story .	positive
director lee has a true cinematic knack , but it 's also nice to see a movie with its heart so thoroughly , unabashedly on its sleeve .	very positive
in other words , it 's just another sports drama\/character study .	negative
there 's nothing interesting in unfaithful whatsoever .	very negative
compassionately explores the seemingly irreconcilable situation between conservative christian parents and their estranged gay and lesbian children .	positive
worthy of the gong .	negative
a pointed , often tender , examination of the pros and cons of unconditional love and familial duties .	positive
more dutiful than enchanting ... terribly episodic and lacking the spark of imagination that might have made it an exhilarating treat .	negative
in this film we at least see a study in contrasts ; the wide range of one actor , and the limited range of a comedian .	neutral
the fourth `` pokemon '' is a diverting -- if predictable -- adventure suitable for a matinee , with a message that cautions children about disturbing the world 's delicate ecological balance .	positive
the film is so packed with subplots involving the various silbersteins that it feels more like the pilot episode of a tv series than a feature film .	negative
a jewish ww ii doc that is n't trying simply to out-shock , out-outrage or out-depress its potential audience !	neutral
it 's both sitcomishly predictable and cloying in its attempts to be poignant .	negative
the charming result is festival in cannes .	positive
while the film is not entirely successful , it still manages to string together enough charming moments to work .	positive
it is parochial , accessible to a chosen few , standoffish to everyone else , and smugly suggests a superior moral tone is more important than filmmaking skill	negative
this breezy caper movie becomes a soulful , incisive meditation on the way we were , and the way we are .	positive
who are ` they ' ?	neutral
she allows each character to confront their problems openly and honestly .	positive
though frodo 's quest remains unfulfilled , a hardy group of determined new zealanders has proved its creative mettle .	neutral
the film 's maudlin focus on the young woman 's infirmity and her naive dreams play like the worst kind of hollywood heart-string plucking .	negative
plus , like i already mentioned ... it 's robert duvall !	positive
cinematic poetry showcases the city 's old-world charm before machines change nearly everything .	positive
a sensitive , cultivated treatment of greene 's work as well as a remarkably faithful one .	very positive
the ring never lets you off the hook .	positive
while the new film is much more eye-catching than its blood-drenched stephen norrington-directed predecessor , the new script by the returning david s. goyer is much sillier .	neutral
lan yu seems altogether too slight to be called any kind of masterpiece .	negative
fails in making this character understandable , in getting under her skin , in exploring motivation ... well before the end , the film grows as dull as its characters , about whose fate it is hard to care .	very negative
uplifting , funny and wise .	positive
the film has a laundry list of minor shortcomings , but the numerous scenes of gory mayhem are worth the price of admission ... if `` gory mayhem '' is your idea of a good time .	positive
cold , pretentious , thoroughly dislikable study in sociopathy .	negative
jarecki and gibney do find enough material to bring kissinger 's record into question and explain how the diplomat 's tweaked version of statecraft may have cost thousands and possibly millions of lives .	neutral
i stopped thinking about how good it all was , and started doing nothing but reacting to it - feeling a part of its grand locations , thinking urgently as the protagonists struggled , feeling at the mercy of its inventiveness , gasping at its visual delights .	very positive
though it never rises to its full potential as a film , still offers a great deal of insight into the female condition and the timeless danger of emotions repressed .	neutral
a sly dissection of the inanities of the contemporary music business and a rather sad story of the difficulties of artistic collaboration .	neutral
the beauty of the piece is that it counts heart as important as humor .	positive
a peculiar misfire that even tunney ca n't save .	very negative
fast-paced and wonderfully edited , the film is extremely thorough .	very positive
oozes condescension from every pore .	neutral
in painting an unabashedly romantic picture of a nation whose songs spring directly from the lives of the people , the movie exalts the marxian dream of honest working folk , with little to show for their labor , living harmoniously , joined in song .	positive
witless , pointless , tasteless and idiotic .	negative
a surprisingly ` solid ' achievement by director malcolm d. lee and writer john ridley .	positive
the problem is that it is one that allows him to churn out one mediocre movie after another .	very negative
they kept much of the plot but jettisoned the stuff that would make this a moving experience for people who have n't read the book .	negative
with a tighter editorial process and firmer direction this material could work , especially since the actresses in the lead roles are all more than competent , but as is , personal velocity seems to be idling in neutral .	negative
more timely than its director could ever have dreamed , this quietly lyrical tale probes the ambiguous welcome extended by iran to the afghani refugees who streamed across its borders , desperate for work and food .	very positive
brings to a spectacular completion one of the most complex , generous and subversive artworks of the last decade .	very positive
a time machine , a journey back to your childhood , when cares melted away in the dark theater , and films had the ability to mesmerize , astonish and entertain .	very positive
it goes down easy , leaving virtually no aftertaste .	positive
knockaround guys plays like a student film by two guys who desperately want to be quentin tarantino when they grow up .	negative
despite hoffman 's best efforts , wilson remains a silent , lumpish cipher ; his encounters reveal nothing about who he is or who he was before .	neutral
a wildly erratic drama with sequences that make you wince in embarrassment and others , thanks to the actors , that are quite touching .	positive
offers absolutely nothing i had n't already seen .	negative
the movie is a lumbering load of hokum but ... it 's at least watchable .	negative
serving sara is little more than a mall movie designed to kill time .	negative
a mawkish self-parody that plays like some weird masterpiece theater sketch with neither a point of view nor a compelling reason for being .	negative
trapped presents a frightening and compelling ` what if ? '	positive
all right , so it 's not a brilliant piece of filmmaking , but it is a funny -lrb- sometimes hilarious -rrb- comedy with a deft sense of humor about itself , a playful spirit and a game cast .	positive
a bland , obnoxious 88-minute infomercial for universal studios and its ancillary products . . .	negative
henry bean 's thoughtful screenplay provides no easy answers , but offers a compelling investigation of faith versus intellect	positive
not since ghostbusters has a film used manhattan 's architecture in such a gloriously goofy way .	very positive
... a triumph of emotionally and narratively complex filmmaking .	very positive
it may not be a huge cut of above the rest , but i enjoyed barbershop .	positive
glazed with a tawdry b-movie scum .	very negative
the film occasionally tries the viewer 's patience with slow pacing and a main character who sometimes defies sympathy , but it ultimately satisfies with its moving story .	positive
... familiar and predictable , and 4\/5ths of it might as well have come from a xerox machine rather than -lrb- writer-director -rrb- franc .	negative
call it magic realism or surrealism , but miss wonton floats beyond reality with a certain degree of wit and dignity .	very positive
this is as lax and limp a comedy as i 've seen in a while , a meander through worn-out material .	negative
the performances of the four main actresses bring their characters to life .	positive
ze movie starts out so funny , then she is nothing .	neutral
neatly constructed thriller .	positive
tells -lrb- the story -rrb- with such atmospheric ballast that shrugging off the plot 's persnickety problems is simply a matter of -lrb- being -rrb- in a shrugging mood .	neutral
the emotion is impressively true for being so hot-blooded , and both leads are up to the task .	very positive
rife with the rueful , wry humor springing out of yiddish culture and language .	positive
rarely , indeed almost never , is such high-wattage brainpower coupled with pitch-perfect acting and an exquisite , unfakable sense of cinema .	very positive
a cautionary tale about the grandiosity of a college student who sees himself as impervious to a fall .	neutral
a lovably old-school hollywood confection .	positive
it never quite makes it to the boiling point , but manages to sustain a good simmer for most of its running time .	positive
it is n't that the picture is unfamiliar , but that it manages to find new avenues of discourse on old problems .	neutral
one of the year 's best films , featuring an oscar-worthy performance by julianne moore .	very positive
why would anyone cast the magnificent jackie chan in a movie full of stunt doubles and special effects ?	negative
affleck merely creates an outline for a role he still needs to grow into , a role that ford effortlessly filled with authority .	neutral
this film is not a love letter for the slain rappers , it 's a taunt - a call for justice for two crimes from which many of us have not yet recovered .	neutral
it 's surprisingly bland despite the heavy doses of weird performances and direction .	negative
if you 're willing to have fun with it , you wo n't feel cheated by the high infidelity of unfaithful .	positive
the script is a disaster , with cloying messages and irksome characters .	negative
but it also comes with the laziness and arrogance of a thing that already knows it 's won .	negative
a movie that will wear you out and make you misty even when you do n't want to be .	neutral
what 's really so appealing about the characters is their resemblance to everyday children .	positive
the bottom line , at least in my opinion , is imposter makes a better short story than it does a film .	negative
wilco fans will have a great time , and the movie should win the band a few new converts , too .	positive
provides a porthole into that noble , trembling incoherence that defines us all .	neutral
every potential twist is telegraphed well in advance , every performance respectably muted ; the movie itself seems to have been made under the influence of rohypnol .	neutral
even these tales of just seven children seem at times too many , although in reality they are not enough .	neutral
fails so fundamentally on every conventional level that it achieves some kind of goofy grandeur .	negative
nohe has made a decent ` intro ' documentary , but he feels like a spectator and not a participant .	negative
although no pastry is violated , this nasty comedy pokes fun at the same easy targets as other rowdy raunch-fests -- farts , boobs , unmentionables -- without much success .	negative
the movie is too amateurishly square to make the most of its own ironic implications .	negative
even as i valiantly struggled to remain interested , or at least conscious , i could feel my eyelids ... getting ... very ... heavy ...	very negative
a mix of gritty realism , crisp storytelling and radiant compassion that effortlessly draws you in .	very positive
watching this gentle , mesmerizing portrait of a man coming to terms with time , you barely realize your mind is being blown .	positive
hashiguchi uses the situation to evoke a japan bustling atop an undercurrent of loneliness and isolation .	positive
despite its sincere acting , signs is just another unoriginal run of the mill sci-fi film with a flimsy ending and lots of hype .	negative
this is a harrowing movie about how parents know where all the buttons are , and how to push them .	neutral
making such a tragedy the backdrop to a love story risks trivializing it , though chouraqui no doubt intended the film to affirm love 's power to help people endure almost unimaginable horror .	positive
it 's a masterpeice .	very positive
incoherence reigns .	negative
gangs , despite the gravity of its subject matter , is often as fun to watch as a good spaghetti western .	neutral
the drama was so uninspiring that even a story immersed in love , lust , and sin could n't keep my attention .	very negative
disreputable doings and exquisite trappings are dampened by a lackluster script and substandard performances .	negative
who is the audience for cletis tout ?	neutral
works because reno does n't become smug or sanctimonious towards the audience .	very positive
it cooks conduct in a low , smoky and inviting sizzle .	positive
wow , so who knew charles dickens could be so light-hearted ?	positive
-lrb- a -rrb- wonderfully loopy tale of love , longing , and voting .	very positive
... tara reid plays a college journalist , but she looks like the six-time winner of the miss hawaiian tropic pageant , so i do n't know what she 's doing in here ...	negative
this film can only point the way -- but thank goodness for this signpost .	positive
a major waste ... generic .	very negative
see it .	very positive
it 's not just a feel-good movie , it 's a feel movie .	positive
the problematic characters and overly convenient plot twists foul up shum 's good intentions .	negative
the photographer 's show-don ` t-tell stance is admirable , but it can make him a problematic documentary subject .	neutral
` the film is stark , straightforward and deadly ... an unnatural calm that 's occasionally shaken by ... blasts of rage , and later , violent jealousy . '	neutral
tres greek writer and star nia vardalos has crafted here a worldly-wise and very funny script .	positive
with lesser talents , high crimes would be entertaining , but forgettable .	neutral
this is a film about the irksome , tiresome nature of complacency that remains utterly satisfied to remain the same throughout .	negative
a deeply felt and vividly detailed story about newcomers in a strange new world .	positive
really is a pan-american movie , with moments of genuine insight into the urban heart .	positive
... plenty of warmth to go around , with music and laughter and the love of family .	very positive
this overlong infomercial , due out on video before month 's end , is tepid and tedious .	negative
but how it washed out despite all of that is the project 's prime mystery .	negative
far-fetched premise , convoluted plot , and thematic mumbo jumbo about destiny and redemptive love .	neutral
the animated sequences are well done and perfectly constructed to convey a sense of childhood imagination and creating adventure out of angst .	very positive
a movie that 's just plain awful but still manages to entertain on a guilty-pleasure , so-bad-it 's - funny level .	neutral
this cinema verite speculation on the assassination of john f. kennedy may have been inspired by blair witch , but it takes its techniques into such fresh territory that the film never feels derivative .	positive
-lrb- city -rrb- reminds us how realistically nuanced a robert de niro performance can be when he is not more lucratively engaged in the shameless self-caricature of ` analyze this ' -lrb- 1999 -rrb- and ` analyze that , ' promised -lrb- or threatened -rrb- for later this year .	positive
fast and funny , an action cartoon that 's suspenseful enough for older kids but not too scary for the school-age crowd .	positive
demeo is not without talent ; he just needs better material .	neutral
not a bad choice here , assuming that ... the air-conditioning in the theater is working properly .	neutral
it 's so tedious that it makes you forgive every fake , dishonest , entertaining and , ultimately , more perceptive moment in bridget jones 's diary .	negative
watching these two actors play against each other so intensely , but with restraint , is a treat .	positive
this is one of the biggest disappointments of the year .	very negative
critics need a good laugh , too , and this too-extreme-for-tv rendition of the notorious mtv show delivers the outrageous , sickening , sidesplitting goods in steaming , visceral heaps .	neutral
since the movie is based on a nicholas sparks best seller , you know death is lurking around the corner , just waiting to spoil things .	neutral
real-life strongman ahola lacks the charisma and ability to carry the film on his admittedly broad shoulders .	negative
a mimetic approximation of better films like contempt and 8 1\/2 .	negative
nettelbeck has crafted an engaging fantasy of flavours and emotions , one part romance novel , one part recipe book .	positive
directed in a flashy , empty sub-music video style by a director so self-possessed he actually adds a period to his first name	neutral
it 's just hard to believe that a life like this can sound so dull .	negative
there is a welcome lack of pretension about the film , which very simply sets out to entertain and ends up delivering in good measure .	very positive
there 's not a single jump-in-your-seat moment and believe it or not , jason actually takes a backseat in his own film to special effects .	very negative
as relationships shift , director robert j. siegel allows the characters to inhabit their world without cleaving to a narrative arc .	positive
nicks sustains the level of exaggerated , stylized humor throughout by taking your expectations and twisting them just a bit .	positive
here the love scenes all end in someone screaming .	negative
a lot smarter than your average bond .	positive
a soul-stirring documentary about the israeli\/palestinian conflict as revealed through the eyes of some children who remain curious about each other against all odds .	very positive
enormously enjoyable , high-adrenaline documentary .	very positive
too many scenarios in which the hero might have an opportunity to triumphantly sermonize , and too few that allow us to wonder for ourselves if things will turn out okay .	very negative
kiarostami has crafted a deceptively casual ode to children and managed to convey a tiny sense of hope .	positive
stale first act , scrooge story , blatant product placement , some very good comedic songs , strong finish , dumb fart jokes .	negative
the band performances featured in drumline are red hot ... -lrb- but -rrb- from a mere story point of view , the film 's ice cold .	neutral
that rare film whose real-life basis is , in fact , so interesting that no embellishment is needed .	positive
for more than two decades mr. nachtwey has traveled to places in the world devastated by war , famine and poverty and documented the cruelty and suffering he has found with an devastating , eloquent clarity .	positive
in fact , it does n't even seem like she tried .	very negative
superb production values & christian bale 's charisma make up for a derivative plot .	positive
visually striking and viscerally repellent .	positive
though intrepid in exploring an attraction that crosses sexual identity , ozpetek falls short in showing us antonia 's true emotions ... but at the very least , his secret life will leave you thinking .	positive
stealing harvard does n't care about cleverness , wit or any other kind of intelligent humor .	very negative
rarely has a film 's title served such dire warning .	very negative
dripping with cliche and bypassing no opportunity to trivialize the material .	very negative
it 's an interesting effort -lrb- particularly for jfk conspiracy nuts -rrb- , and barry 's cold-fish act makes the experience worthwhile .	positive
an unexpectedly sweet story of sisterhood .	positive
they do a good job of painting this family dynamic for the audience but they tried to squeeze too many elements into the film .	neutral
the talk-heavy film plays like one of robert altman 's lesser works .	neutral
just because a walk to remember is shrewd enough to activate girlish tear ducts does n't mean it 's good enough for our girls .	negative
the explosion essentially ruined -- or , rather , overpowered -- the fiction of the movie for me .	negative
the script is smart , not cloying .	positive
its initial excitement settles into a warmed over pastiche .	negative
auto focus is not your standard hollywood bio-pic .	neutral
an uncluttered , resonant gem that relays its universal points without lectures or confrontations . '	positive
depicts the sorriest and most sordid of human behavior on the screen , then laughs at how clever it 's being .	very negative
on its icy face , the new film is a subzero version of monsters , inc. , without the latter 's imagination , visual charm or texture .	very negative
starts out mediocre , spirals downward , and thuds to the bottom of the pool with an utterly incompetent conclusion .	very negative
michele is a such a brainless flibbertigibbet that it 's hard to take her spiritual quest at all seriously .	negative
the film falls short on tension , eloquence , spiritual challenge -- things that have made the original new testament stories so compelling for 20 centuries .	negative
the idea is more interesting than the screenplay , which lags badly in the middle and lurches between not-very-funny comedy , unconvincing dramatics and some last-minute action strongly reminiscent of run lola run .	negative
if you are willing to do this , then you so crazy !	negative
there 's nothing exactly wrong here , but there 's not nearly enough that 's right .	negative
kim ki-deok seems to have in mind an -lrb- emotionally at least -rrb- adolescent audience demanding regular shocks and bouts of barely defensible sexual violence to keep it interested .	negative
so earnest and well-meaning , and so stocked with talent , that you almost forget the sheer , ponderous awfulness of its script .	neutral
amid the new populist comedies that underscore the importance of family tradition and familial community , one would be hard-pressed to find a movie with a bigger , fatter heart than barbershop .	very positive
brought to life on the big screen .	positive
if it 's not entirely memorable , the movie is certainly easy to watch .	positive
knows how to make our imagination wonder .	very positive
leaks treacle from every pore .	negative
do you say `` hi '' to your lover when you wake up in the morning ?	neutral
the saigon of 1952 is an uneasy mix of sensual delights and simmering violence , and the quiet american brings us right into the center of that world .	positive
the actors are fantastic .	very positive
... a spoof comedy that carries its share of laughs -- sometimes a chuckle , sometimes a guffaw and , to my great pleasure , the occasional belly laugh .	very positive
... an enjoyably frothy ` date movie ' ...	very positive
neither the funniest film that eddie murphy nor robert de niro has ever made , showtime is nevertheless efficiently amusing for a good while .	positive
awesome work : ineffable , elusive , yet inexplicably powerful	very positive
leaping from one arresting image to another , songs from the second floor has all the enjoyable randomness of a very lively dream and so manages to be compelling , amusing and unsettling at the same time .	very positive
intensely romantic , thought-provoking and even an engaging mystery .	very positive
please .	neutral
authentic , and at times endearing , humorous , spooky , educational , but at other times as bland as a block of snow .	neutral
faithful without being forceful , sad without being shrill , `` a walk to remember '' succeeds through sincerity .	positive
a wildly entertaining scan of evans ' career .	very positive
does point the way for adventurous indian filmmakers toward a crossover into nonethnic markets .	positive
a life-size reenactment of those jack chick cartoon tracts that always ended with some hippie getting tossed into the lake of fire .	neutral
schaeffer is n't in this film , which may be why it works as well as it does .	positive
is now stretched to barely feature length , with a little more attention paid to the animation .	neutral
it is about irrational , unexplainable life and it seems so real because it does not attempt to filter out the complexity .	positive
-lrb- breheny 's -rrb- lensing of the new zealand and cook island locations captures both the beauty of the land and the people .	very positive
-lrb- an -rrb- absorbing documentary .	positive
if you open yourself up to mr. reggio 's theory of this imagery as the movie 's set ... it can impart an almost visceral sense of dislocation and change .	positive
oscar caliber cast does n't live up to material	negative
showtime 's starry cast could be both an asset and a detriment .	neutral
an overly melodramatic but somewhat insightful french coming-of-age film ...	neutral
it 's hard to imagine another director ever making his wife look so bad in a major movie .	very negative
has enough gun battles and throwaway humor to cover up the yawning chasm where the plot should be .	negative
parris ' performance is credible and remarkably mature .	positive
the film 's sense of imagery gives it a terrible strength , but it 's propelled by the acting .	positive
` stock up on silver bullets for director neil marshall 's intense freight train of a film . '	positive
the casting of von sydow ... is itself intacto 's luckiest stroke .	positive
exhilarating , funny and fun .	very positive
bean drops the ball too many times ... hoping the nifty premise will create enough interest to make up for an unfocused screenplay .	negative
michael moore 's latest documentary about america 's thirst for violence is his best film yet ...	very positive
the tuxedo miscalculates badly by forcing the star to play second fiddle to the dull effects that allow the suit to come to life .	very negative
at the one-hour mark , herzog simply runs out of ideas and the pace turns positively leaden as the movie sputters to its inevitable tragic conclusion .	very negative
nearly every attempt at humor here is doa .	very negative
the animation and backdrops are lush and inventive , yet return to neverland never manages to take us to that elusive , lovely place where we suspend our disbelief .	neutral
it 's a road-trip drama with too many wrong turns .	very negative
everything in maid in manhattan is exceedingly pleasant , designed not to offend .	positive
ourside the theatre roger might be intolerable company , but inside it he 's well worth spending some time with .	very positive
enigma is well-made , but it 's just too dry and too placid .	negative
not quite as miraculous as its dreamworks makers would have you believe , but it more than adequately fills the eyes and stirs the emotions .	positive
eight legged freaks falls flat as a spoof .	negative
takes you by the face , strokes your cheeks and coos beseechingly at you : slow down , shake off your tensions and take this picture at its own breezy , distracted rhythms .	positive
it 's a long way from orwell 's dark , intelligent warning cry -lrb- 1984 -rrb- to the empty stud knockabout of equilibrium , and what once was conviction is now affectation .	negative
there are times when you wish that the movie had worked a little harder to conceal its contrivances , but brown sugar turns out to be a sweet and enjoyable fantasy .	neutral
short-story quaint , touchingly mending a child 's pain for his dead mother via communication with an old woman straight out of eudora welty .	positive
smart , funny and just honest enough to provide the pleasures of a slightly naughty , just-above-average off - broadway play .	very positive
a photographic marvel of sorts , and it 's certainly an invaluable record of that special fishy community .	positive
... while the humor aspects of ` jason x ' were far more entertaining than i had expected , everything else about the film tanks .	negative
but not without cheesy fun factor .	positive
if you ignore the cliches and concentrate on city by the sea 's interpersonal drama , it ai n't half-bad .	neutral
tsai ming-liang 's witty , wistful new film , what time is it there ?	positive
becomes the last thing you would expect from a film with this title or indeed from any plympton film : boring .	negative
heavy with flabby rolls of typical toback machinations .	negative
last orders nurtures the multi-layers of its characters , allowing us to remember that life 's ultimately a gamble and last orders are to be embraced .	very positive
the only thing i laughed at were the people who paid to see it .	negative
the script , the gags , the characters are all direct-to-video stuff , and that 's where this film should have remained .	very negative
on the evidence before us , the answer is clear : not easily and , in the end , not well enough .	negative
an awkwardly contrived exercise in magic realism .	negative
each scene immediately succumbs to gravity and plummets to earth .	very negative
assayas ' ambitious , sometimes beautiful adaptation of jacques chardonne 's novel .	positive
nothing but one relentlessly depressing situation after another for its entire running time , something that you could easily be dealing with right now in your lives .	negative
the film just might turn on many people to opera , in general , an art form at once visceral and spiritual , wonderfully vulgar and sublimely lofty -- and as emotionally grand as life .	very positive
it just does n't have much else ... especially in a moral sense .	neutral
a straight-shooting family film which awards animals the respect they 've rarely been given .	very positive
... hokey art house pretension .	negative
harvard man is a semi-throwback , a reminiscence without nostalgia or sentimentality .	neutral
unfortunately the story and the actors are served with a hack script .	negative
and there 's the inimitable diaz , holding it all together .	positive
told in scattered fashion , the movie only intermittently lives up to the stories and faces and music of the men who are its subject .	negative
comes across as a fairly weak retooling .	negative
one of the best films of the year with its exquisite acting , inventive screenplay , mesmerizing music , and many inimitable scenes of tenderness , loss , discontent , and yearning .	very positive
the big finish is a bit like getting all excited about a chocolate eclair and then biting into it and finding the filling missing .	negative
as saccharine movies go , this is likely to cause massive cardiac arrest if taken in large doses .	negative
the film was immensely enjoyable thanks to great performances by both steve buscemi and rosario dawson ...	very positive
what started out as a taut contest of wills between bacon and theron , deteriorates into a protracted and borderline silly chase sequence .	neutral
it 's quite an achievement to set and shoot a movie at the cannes film festival and yet fail to capture its visual appeal or its atmosphere .	very negative
ninety minutes of viva castro !	neutral
apparently designed as a reverie about memory and regret , but the only thing you 'll regret is remembering the experience of sitting through it .	negative
it never rises to its clever what-if concept .	negative
shallow , noisy and pretentious .	very negative
demonstrates a vivid imagination and an impressive style that result in some terrific setpieces .	positive
not a film for the faint of heart or conservative of spirit , but for the rest of us -- especially san francisco lovers -- it 's a spirited film and a must-see .	positive
a somewhat disappointing and meandering saga .	neutral
as allen 's execution date closes in , the documentary gives an especially poignant portrait of her friendship with the never flagging legal investigator david presson .	neutral
engages us in constant fits of laughter , until we find ourselves surprised at how much we care about the story , and end up walking out not only satisfied but also somewhat touched .	very positive
a clever script and skilled actors bring new energy to the familiar topic of office politics .	positive
it 's probably worth catching solely on its visual merits .	positive
none of this has the suavity or classical familiarity of bond , but much of it is good for a laugh .	neutral
an enjoyable feel-good family comedy regardless of race .	positive
a handsome but unfulfilling suspense drama more suited to a quiet evening on pbs than a night out at an amc .	negative
a fine production with splendid singing by angela gheorghiu , ruggero raimondi , and roberto alagna .	very positive
it may scream low budget , but this charmer has a spirit that can not be denied .	positive
- style cross-country adventure ... it has sporadic bursts of liveliness , some so-so slapstick and a few ear-pleasing songs on its soundtrack .	positive
a polished and vastly entertaining caper film that puts the sting back into the con .	positive
do n't wait to see this terrific film with your kids -- if you do n't have kids borrow some .	positive
could as easily have been called ` under siege 3 : in alcatraz ' ... a cinematic corpse that never springs to life .	negative
cedar somewhat defuses this provocative theme by submerging it in a hoary love triangle .	positive
make no mistake , ivans xtc .	neutral
is it a comedy ?	negative
a thunderous ride at first , quiet cadences of pure finesse are few and far between ; their shortage dilutes the potency of otherwise respectable action .	neutral
as is often the case with ambitious , eager first-time filmmakers , mr. murray , a prolific director of music videos , stuffs his debut with more plot than it can comfortably hold .	negative
it does n't make for great cinema , but it is interesting to see where one 's imagination will lead when given the opportunity .	negative
its and pieces of the hot chick are so hilarious , and schneider 's performance is so fine , it 's a real shame that so much of the movie -- again , as in the animal -- is a slapdash mess .	negative
this is sandler running on empty , repeating what he 's already done way too often .	negative
the 70-year-old godard has become , to judge from in praise of love , the sort of bitter old crank who sits behind his light meter and harangues the supposed injustices of the artistic world-at-large without doing all that much to correct them .	neutral
both exuberantly romantic and serenely melancholy , what time is it there ?	positive
director boris von sychowski instead opts for a routine slasher film that was probably more fun to make than it is to sit through .	neutral
... a series of tales told with the intricate preciseness of the best short story writing .	very positive
i walked away not really know who `` they '' were , what `` they '' looked like .	negative
the movie is genial but never inspired , and little about it will stay with you .	negative
a technically well-made suspenser ... but its abrupt drop in iq points as it races to the finish line proves simply too discouraging to let slide .	neutral
what happens when something goes bump in the night and nobody cares ?	negative
just like igby .	neutral
long on twinkly-eyed close-ups and short on shame .	negative
familiar but utterly delightful .	positive
the chocolate factory without charlie .	negative
a chick flick for guys .	neutral
may offend viewers not amused by the sick sense of humor .	negative
wobbly senegalese updating of `` carmen '' which is best for the stunning star turn by djeinaba diop gai	neutral
steven spielberg brings us another masterpiece	very positive
... a lesson in prehistoric hilarity .	neutral
it made me feel unclean , and i 'm the guy who liked there 's something about mary and both american pie movies .	very negative
complex , sinuously plotted and , somehow , off-puttingly cold .	negative
a lot of the credit for the film 's winning tone must go to grant , who has n't lost a bit of the dry humor that first made audiences on both sides of the atlantic love him .	positive
the rare imax movie that you 'll wish was longer than an hour .	positive
if you 're a comic fan , you ca n't miss it .	very positive
a marvel of production design .	very positive
the soupy end result has the odd distinction of being playful without being fun , too .	neutral
from the choppy editing to the annoying score to ` special effects ' by way of replacing objects in a character 's hands below the camera line , `` besotted '' is misbegotten	very negative
a welcome relief from baseball movies that try too hard to be mythic , this one is a sweet and modest and ultimately winning story .	positive
from both a great and a terrible story , mr. nelson has made a film that is an undeniably worthy and devastating experience .	positive
the santa clause 2 is a barely adequate babysitter for older kids , but i 've got to give it thumbs down .	neutral
as his circle of friends keeps getting smaller one of the characters in long time dead says ` i 'm telling you , this is f \*\*\* ed ' .	neutral
consider it ` perfection . '	very positive
affectionately reminds us that , in any language , the huge stuff in life can usually be traced back to the little things .	positive
if the material is slight and admittedly manipulative , jacquot preserves tosca 's intoxicating ardor through his use of the camera .	positive
the dramatic crisis does n't always succeed in its quest to be taken seriously , but huppert 's volatile performance makes for a riveting movie experience .	neutral
like the tuck family themselves , this movie just goes on and on and on and on	very negative
it should be doing a lot of things , but does n't .	very negative
anyone who gets chills from movies with giant plot holes will find plenty to shake and shiver about in ` the ring . '	neutral
moretti ... is the rare common-man artist who 's wise enough to recognize that there are few things in this world more complex -- and , as it turns out , more fragile -- than happiness .	positive
... irritating soul-searching garbage .	very negative
the message of such reflections -- intentional or not -- is that while no art grows from a vacuum , many artists exist in one .	neutral
the bland outweighs the nifty , and cletis tout never becomes the clever crime comedy it thinks it is .	neutral
a humorless journey into a philosophical void .	very negative
none of this sounds promising and , indeed , the first half of sorority boys is as appalling as any ` comedy ' to ever spill from a projector 's lens .	very negative
you can drive right by it without noticing anything special , save for a few comic turns , intended and otherwise .	negative
the film 's thoroughly recycled plot and tiresome jokes ... drag the movie down .	negative
the story gives ample opportunity for large-scale action and suspense , which director shekhar kapur supplies with tremendous skill .	very positive
were dylan thomas alive to witness first-time director ethan hawke 's strained chelsea walls , he might have been tempted to change his landmark poem to , ` do not go gentle into that good theatre . '	negative
the film ultimately offers nothing more than people in an urban jungle needing other people to survive ...	negative
triple x is a double agent , and he 's one bad dude .	positive
wanders all over the map thematically and stylistically , and borrows heavily from lynch , jeunet , and von trier while failing to find a spark of its own .	negative
lyne 's latest , the erotic thriller unfaithful , further demonstrates just how far his storytelling skills have eroded .	negative
a determined , ennui-hobbled slog that really does n't have much to say beyond the news flash that loneliness can make people act weird .	negative
fails to satisfactorily exploit its gender politics , genre thrills or inherent humor .	negative
jeffs has created a breathtakingly assured and stylish work of spare dialogue and acute expressiveness .	very positive
daughter from danang sticks with its subjects a little longer and tells a deeper story	positive
almost nothing else -- raunchy and graphic as it may be in presentation -- is one-sided , outwardly sexist or mean-spirited .	neutral
the movie 's captivating details are all in the performances , from foreman 's barking-mad taylor to thewlis 's smoothly sinister freddie and bettany\/mcdowell 's hard-eyed gangster .	very positive
quite frankly , i ca n't see why any actor of talent would ever work in a mcculloch production again if they looked at how this movie turned out .	very negative
a little more intensity and a little less charm would have saved this film a world of hurt .	negative
a really good premise is frittered away in middle-of-the-road blandness .	negative
a fantastic premise anchors this movie , but what it needs is either a more rigid , blair witch-style commitment to its mockumentary format , or a more straightforward , dramatic treatment , with all the grandiosity that that implies .	neutral
a bit too eager to please .	negative
sade achieves the near-impossible : it turns the marquis de sade into a dullard .	very negative
it seems impossible that an epic four-hour indian musical about a cricket game could be this good , but it is .	positive
rarely has skin looked as beautiful , desirable , even delectable , as it does in trouble every day .	positive
a piece of mildly entertaining , inoffensive fluff that drifts aimlessly for 90 minutes before lodging in the cracks of that ever-growing category : unembarrassing but unmemorable .	negative
noyce creates a film of near-hypnotic physical beauty even as he tells a story as horrifying as any in the heart-breakingly extensive annals of white-on-black racism .	neutral
funny and also heartwarming without stooping to gooeyness .	positive
this kiddie-oriented stinker is so bad that i even caught the gum stuck under my seat trying to sneak out of the theater	very negative
shreve 's graceful dual narrative gets clunky on the screen , and we keep getting torn away from the compelling historical tale to a less-compelling soap opera .	negative
the sundance film festival has become so buzz-obsessed that fans and producers descend upon utah each january to ferret out the next great thing .	neutral
the story passes time until it 's time for an absurd finale of twisted metal , fireballs and revenge .	negative
imagine a scenario where bergman approaches swedish fatalism using gary larson 's far side humor	positive
leigh 's daring here is that without once denying the hardscrabble lives of people on the economic fringes of margaret thatcher 's ruinous legacy , he insists on the importance of those moments when people can connect and express their love for each other .	neutral
murder by numbers ' is n't a great movie , but it 's a perfectly acceptable widget .	neutral
he 's not good with people .	negative
big mistake .	negative
aan opportunity wasted .	negative
y tu mamá también is hilariously , gloriously alive , and quite often hotter than georgia asphalt .	very positive
rubbo 's humorously tendentious intervention into the who-wrote-shakespeare controversy .	positive
it is quite a vision .	positive
a stupid , derivative horror film that substitutes extreme gore for suspense .	very negative
the color sense of stuart little 2 is its most immediate and most obvious pleasure , but it would count for very little if the movie were n't as beautifully shaped and as delicately calibrated in tone as it is .	positive
downbeat , period-perfect biopic hammers home a heavy-handed moralistic message .	positive
less a study in madness or love than a study in schoolgirl obsession .	negative
gorgeous scenes , masterful performances , but the sickly sweet gender normative narrative left an acrid test in this gourmet 's mouth .	neutral
the pairing does sound promising in theory ... but their lack of chemistry makes eddie murphy and robert deniro in showtime look like old , familiar vaudeville partners .	negative
gere gives a good performance in a film that does n't merit it .	neutral
you come away thinking not only that kate is n't very bright , but that she has n't been worth caring about and that maybe she , janine and molly -- an all-woman dysfunctional family -- deserve one another .	negative
the stripped-down dramatic constructs , austere imagery and abstract characters are equal parts poetry and politics , obvious at times but evocative and heartfelt .	neutral
ultimately feels like just one more in the long line of films this year about the business of making movies .	neutral
if you 're looking for something new and hoping for something entertaining , you 're in luck .	very positive
a triumph of pure craft and passionate heart .	very positive
cool .	positive
the film boasts dry humor and jarring shocks , plus moments of breathtaking mystery .	very positive
beautiful , angry and sad , with a curious sick poetry , as if the marquis de sade had gone in for pastel landscapes .	positive
morvern callar confirms lynne ramsay as an important , original talent in international cinema .	very positive
just plain silly .	neutral
guy gets girl , guy loses girl , audience falls asleep .	very negative
there are so few films about the plight of american indians in modern america that skins comes as a welcome , if downbeat , missive from a forgotten front .	positive
depressingly thin and exhaustingly contrived .	very negative
bluer than the atlantic and more biologically detailed than an autopsy , the movie ... is , also , frequently hilarious .	very positive
eh .	neutral
bouquet gives a performance that is masterly .	very positive
it 's as sorry a mess as its director 's diabolical debut , mad cows .	very negative
these two are generating about as much chemistry as an iraqi factory poised to receive a un inspector .	neutral
there 's a lot to recommend read my lips .	positive
i 'd rather watch a rerun of the powerpuff girls	very negative
this submarine drama earns the right to be favorably compared to das boot .	positive
bartlett 's hero remains a reactive cipher , when opening the man 's head and heart is the only imaginable reason for the film to be made .	neutral
the only question ... is to determine how well the schmaltz is manufactured -- to assess the quality of the manipulative engineering .	negative
it 's impossible to even categorize this as a smutty guilty pleasure .	negative
maintains your interest until the end and even leaves you with a few lingering animated thoughts .	positive
the movie does n't think much of its characters , its protagonist , or of us .	negative
britney spears ' phoniness is nothing compared to the movie 's contrived , lame screenplay and listless direction .	negative
or intelligent .	neutral
the movie 's progression into rambling incoherence gives new meaning to the phrase ` fatal script error . '	very negative
devos and cassel have tremendous chemistry -- their sexual and romantic tension , while never really vocalized , is palpable .	very positive
... about as exciting to watch as two last-place basketball teams playing one another on the final day of the season .	very negative
terrific as nadia , a russian mail-order bride who comes to america speaking not a word of english , it 's kidman who holds the film together with a supremely kittenish performance that gradually accumulates more layers .	positive
he fails .	negative
this new movie version of the alexandre dumas classic is the stuff of high romance , brought off with considerable wit .	positive
nicolas cage is n't the first actor to lead a group of talented friends astray , and this movie wo n't create a ruffle in what is already an erratic career .	negative
it 's dark but has wonderfully funny moments ; you care about the characters ; and the action and special effects are first-rate .	very positive
jeong-hyang lee 's film is deceptively simple , deeply satisfying .	positive
the bodily function jokes are about what you 'd expect , but there are rich veins of funny stuff in this movie .	positive
... a story , an old and scary one , about the monsters we make , and the vengeance they take .	neutral
two hours of sepia-tinted heavy metal images and surround sound effects of people moaning .	neutral
for a film about action , ultimate x is the gabbiest giant-screen movie ever , bogging down in a barrage of hype .	negative
it 's a solid movie about people whose lives are anything but .	positive
the people in abc africa are treated as docile , mostly wordless ethnographic extras .	neutral
one ca n't shake the feeling that crossroads is nothing more than an hour-and-a-half-long commercial for britney 's latest album .	very negative
visually engrossing , seldom hammy , honorably mexican and burns its kahlories with conviction .	positive
high crimes steals so freely from other movies and combines enough disparate types of films that it ca n't help but engage an audience .	positive
it makes even elizabeth hurley seem graceless and ugly .	very negative
if you can read the subtitles -lrb- the opera is sung in italian -rrb- and you like ` masterpiece theatre ' type costumes , you 'll enjoy this movie .	positive
`` the quiet american '' begins in saigon in 1952 .	neutral
a terrifically entertaining specimen of spielbergian sci-fi .	very positive
simply a re-hash of the other seven films .	negative
hmmm ... might i suggest that the wayward wooden one end it all by stuffing himself into an electric pencil sharpener ?	negative
-lrb- a -rrb- stuporously solemn film .	neutral
a playful iranian parable about openness , particularly the need for people of diverse political perspectives to get along despite their ideological differences .	positive
death might be a release .	negative
the film 's stagecrafts are intimate and therefore bolder than the otherwise calculated artifice that defines and overwhelms the film 's production design .	neutral
the movie 's messages are quite admirable , but the story is just too clichéd and too often strains credulity .	negative
a live-action cartoon , a fast-moving and cheerfully simplistic 88 minutes of exaggerated action put together with the preteen boy in mind .	positive
going to this movie is a little like chewing whale blubber - it 's an acquired taste that takes time to enjoy , but it 's worth it , even if it does take 3 hours to get through .	neutral
the problem is not that it 's all derivative , because plenty of funny movies recycle old tropes .	neutral
as ex-marine walter , who may or may not have shot kennedy , actor raymond j. barry is perfectly creepy and believable .	positive
the production design , score and choreography are simply intoxicating .	very positive
13 conversations may be a bit too enigmatic and overly ambitious to be fully successful , but sprecher and her screenwriting partner and sister , karen sprecher , do n't seem ever to run out of ideas .	neutral
it 's not a bad plot ; but , unfortunately , the movie is nowhere near as refined as all the classic dramas it borrows from .	neutral
the result puts a human face on derrida , and makes one of the great minds of our times interesting and accessible to people who normally could n't care less .	positive
a gem , captured in the unhurried , low-key style favored by many directors of the iranian new wave .	neutral
the film is way too full of itself ; it 's stuffy and pretentious in a give-me-an-oscar kind of way .	negative
according to the script , grant and bullock 's characters are made for each other .	positive
a punch line without a premise , a joke built entirely from musty memories of half-dimensional characters .	neutral
the picture uses humor and a heartfelt conviction to tell a story about discovering your destination in life , but also acknowledging the places , and the people , from whence you came .	positive
a perfect example of rancid , well-intentioned , but shamelessly manipulative movie making .	negative
a movie version of a paint-by-numbers picture .	very negative
lux , now in her eighties , does a great combination act as narrator , jewish grandmother and subject -- taking us through a film that is part biography , part entertainment and part history .	very positive
a stylish but steady , and ultimately very satisfying , piece of character-driven storytelling .	very positive
i 'm happy to have seen it -- not as an alternate version , but as the ultimate exercise in viewing deleted scenes .	neutral
the feature-length stretch ... strains the show 's concept .	negative
the characters , cast in impossibly contrived situations , are totally estranged from reality .	negative
a small independent film suffering from a severe case of hollywood-itis .	negative
an exercise in cynicism every bit as ugly as the shabby digital photography and muddy sound .	very negative
ken russell would love this .	positive
has all the scenic appeal of a cesspool .	very negative
they can and will turn on a dime from oddly humorous to tediously sentimental .	positive
claire is a terrific role for someone like judd , who really ought to be playing villains .	positive
the most ill-conceived animated comedy since the 1991 dog rover dangerfield .	neutral
kitschy , flashy , overlong soap opera .	very negative
its message has merit and , in the hands of a brutally honest individual like prophet jack , might have made a point or two regarding life .	negative
sex is one of those films that aims to confuse .	negative
first-time director joão pedro rodrigues ' unwillingness to define his hero 's background or motivations becomes more and more frustrating as the film goes on .	negative
salma goes native and she 's never been better in this colorful bio-pic of a mexican icon .	very positive
his scenes are short and often unexpected .	neutral
human nature is a goofball movie , in the way that malkovich was , but it tries too hard .	positive
the asylum material is gripping , as are the scenes of jia with his family .	very positive
the inevitable double - and triple-crosses arise , but the only drama is in waiting to hear how john malkovich 's reedy consigliere will pronounce his next line .	neutral
a literary detective story is still a detective story and aficionados of the whodunit wo n't be disappointed .	positive
the soundtrack alone is worth the price of admission .	very positive
impostor does n't do much with its template , despite a remarkably strong cast .	neutral
it sounds like another clever if pointless excursion into the abyss , and that 's more or less how it plays out .	negative
the film has the high-buffed gloss and high-octane jolts you expect of de palma , but what makes it transporting is that it 's also one of the smartest , most pleasurable expressions of pure movie love to come from an american director in years .	positive
sly , sophisticated and surprising .	positive
-lrb- kline 's -rrb- utterly convincing -- and deeply appealing -- as a noble teacher who embraces a strict moral code , and as a flawed human being who ca n't quite live up to it .	very positive
more trifle than triumph .	negative
like its predecessor , it 's no classic , but it provides a reasonably attractive holiday contraption , one that families looking for a clean , kid-friendly outing should investigate .	neutral
thanks to ice cube , benjamins feels an awful lot like friday in miami .	neutral
fubar is very funny , but not always in a laugh-out-loud way .	neutral
... generically , forgettably pleasant from start to finish .	neutral
it 's hard to believe these jokers are supposed to have pulled off four similar kidnappings before .	negative
murphy and wilson actually make a pretty good team ... but the project surrounding them is distressingly rote .	negative
the screenplay , co-written by director imogen kimmel , lacks the wit necessary to fully exploit the comic elements of the premise , making the proceedings more bizarre than actually amusing .	negative
i hope the movie is widely seen and debated with appropriate ferocity and thoughtfulness .	very positive
she may not be real , but the laughs are .	very positive
clumsy , obvious , preposterous , the movie will likely set the cause of woman warriors back decades .	very negative
a depressingly retrograde , ` post-feminist ' romantic comedy that takes an astonishingly condescending attitude toward women .	very negative
scherfig 's light-hearted profile of emotional desperation is achingly honest and delightfully cheeky .	very positive
you can sip your vintage wines and watch your merchant ivory productions ; i 'll settle for a nice cool glass of iced tea and a jerry bruckheimer flick any day of the week .	very positive
this is the kind of movie where the big scene is a man shot out of a cannon into a vat of ice cream .	negative
both garcia and jagger turn in perfectly executed and wonderfully sympathetic characters , who are alternately touching and funny .	positive
many went to see the attraction for the sole reason that it was hot outside and there was air conditioning inside , and i do n't think that a.c. will help this movie one bit .	very negative
even more baffling is that it 's funny .	neutral
you 'll trudge out of the theater feeling as though you rode the zipper after eating a corn dog and an extra-large cotton candy .	very negative
crudup 's screen presence is the one thing that holds interest in the midst of a mushy , existential exploration of why men leave their families .	positive
not everyone will welcome or accept the trials of henry kissinger as faithful portraiture , but few can argue that the debate it joins is a necessary and timely one .	positive
by surrounding us with hyper-artificiality , haynes makes us see familiar issues , like racism and homophobia , in a fresh way .	positive
... somehow manages to escape the shackles of its own clichés to be the best espionage picture to come out in weeks .	positive
a highly spirited , imaginative kid 's movie that broaches neo-augustinian theology : is god stuck in heaven because he 's afraid of his best-known creation ?	very positive
deserves high marks for political courage but barely gets by on its artistic merits .	neutral
alas , it 's the man that makes the clothes .	positive
when the fire burns out , we 've only come face-to-face with a couple dragons and that 's where the film ultimately fails .	negative
it 's not a film to be taken literally on any level , but its focus always appears questionable .	neutral
this often-hilarious farce manages to generate the belly laughs of lowbrow comedy without sacrificing its high-minded appeal .	very positive
the pianist is polanski 's best film .	very positive
the camera twirls !	neutral
oliveira seems to pursue silent film representation with every mournful composition .	neutral
you feel good , you feel sad , you feel pissed off , but in the end , you feel alive - which is what they did .	very positive
klein , charming in comedies like american pie and dead-on in election , delivers one of the saddest action hero performances ever witnessed .	negative
from the dull , surreal ache of mortal awareness emerges a radiant character portrait .	positive
utter mush ... conceited pap .	very negative
despite its hawaiian setting , the science-fiction trimmings and some moments of rowdy slapstick , the basic plot of `` lilo '' could have been pulled from a tear-stained vintage shirley temple script .	negative
gooding is the energetic frontman , and it 's hard to resist his enthusiasm , even if the filmmakers come up with nothing original in the way of slapstick sequences .	positive
... the whole thing succeeded only in making me groggy .	negative
just when you think that every possible angle has been exhausted by documentarians , another new film emerges with yet another remarkable yet shockingly little-known perspective .	positive
think of it as gidget , only with muscles and a lot more smarts , but just as endearing and easy to watch .	very positive
grant carries the day with impeccable comic timing , raffish charm and piercing intellect .	positive
a frustrating ` tweener ' -- too slick , contrived and exploitative for the art houses and too cynical , small and decadent for the malls .	very negative
predictably soulless techno-tripe .	very negative
the filmmakers keep pushing the jokes at the expense of character until things fall apart .	negative
it 's incredible the number of stories the holocaust has generated .	positive
the movie keeps coming back to the achingly unfunny phonce and his several silly subplots .	negative
the film 's most improbable feat ?	negative
the charm of revolution os is rather the way it introduces you to new , fervently held ideas and fanciful thinkers .	positive
one of those based-on-truth stories that persuades you , with every scene , that it could never really have happened this way .	neutral
there is no substitute for on-screen chemistry , and when friel pulls the strings that make williams sink into melancholia , the reaction in williams is as visceral as a gut punch .	very positive
there are some fairly unsettling scenes , but they never succeed in really rattling the viewer .	negative
possibly the most irresponsible picture ever released by a major film studio .	negative
the characters are paper thin and the plot is so cliched and contrived that it makes your least favorite james bond movie seem as cleverly plotted as the usual suspects .	very negative
a crisp psychological drama -lrb- and -rrb- a fascinating little thriller that would have been perfect for an old `` twilight zone '' episode .	positive
there is simply no doubt that this film asks the right questions at the right time in the history of our country .	very positive
time stands still in more ways that one in clockstoppers , a sci-fi thriller as lazy as it is interminable .	negative
a dark , quirky road movie that constantly defies expectation .	very positive
mr. spielberg and his company just want you to enjoy yourselves without feeling conned .	positive
put it somewhere between sling blade and south of heaven , west of hell in the pantheon of billy bob 's body of work .	neutral
while not quite a comedy , the film tackles its relatively serious subject with an open mind and considerable good cheer , and is never less than engaging .	neutral
what the audience feels is exhaustion , from watching a movie that is dark -lrb- dark green , to be exact -rrb- , sour , bloody and mean .	negative
mr. polanski is in his element here : alone , abandoned , but still consoled by his art , which is more than he has ever revealed before about the source of his spiritual survival .	positive
a devastating indictment of unbridled greed and materalism .	very negative
it feels like very light errol morris , focusing on eccentricity but failing , ultimately , to make something bigger out of its scrapbook of oddballs .	negative
it 's full of cheesy dialogue , but great trashy fun that finally returns de palma to his pulpy thrillers of the early '80s .	positive
diggs and lathan are among the chief reasons brown sugar is such a sweet and sexy film .	very positive
but this new jangle of noise , mayhem and stupidity must be a serious contender for the title .	very negative
darkly funny and frequently insightful .	very positive
formuliac , but fun .	positive
there 's some good material in their story about a retail clerk wanting more out of life , but the movie too often spins its wheels with familiar situations and repetitive scenes .	negative
damon brings the proper conviction to his role as -lrb- jason bourne -rrb- .	positive
the movie does n't generate a lot of energy .	negative
and yet , it still works .	positive
it squanders chan 's uniqueness ; it could even be said to squander jennifer love hewitt !	negative
... a light , yet engrossing piece .	positive
really quite funny .	very positive
it 's a tour de force , written and directed so quietly that it 's implosion rather than explosion you fear .	neutral
pretty much sucks , but has a funny moment or two .	negative
though it was made with careful attention to detail and is well-acted by james spader and maggie gyllenhaal , i felt disrespected .	neutral
a singularly off-putting romantic comedy .	negative
diaz wears out her welcome in her most charmless performance	very negative
the actors improvise and scream their way around this movie directionless , lacking any of the rollicking dark humor so necessary to make this kind of idea work on screen .	very negative
the off-center humor is a constant , and the ensemble gives it a buoyant delivery .	positive
nearly all the fundamentals you take for granted in most films are mishandled here .	negative
an eye-boggling blend of psychedelic devices , special effects and backgrounds , ` spy kids 2 ' is a visual treat for all audiences .	positive
a lot of talent is wasted in this crass , low-wattage endeavor .	very negative
saddled with an unwieldy cast of characters and angles , but the payoff is powerful and revelatory .	positive
personal velocity ought to be exploring these women 's inner lives , but it never moves beyond their surfaces .	neutral
an engaging criminal romp that will have viewers guessing just who 's being conned right up to the finale .	positive
an engrossing portrait of uncompromising artists trying to create something original against the backdrop of a corporate music industry that only seems to care about the bottom line .	positive
kaufman 's script is never especially clever and often is rather pretentious .	negative
for a film that celebrates radical , nonconformist values , what to do in case of fire ?	neutral
it celebrates the group 's playful spark of nonconformity , glancing vividly back at what hibiscus grandly called his ` angels of light . '	positive
like coming into a long-running , well-written television series where you 've missed the first half-dozen episodes and probably wo n't see the next six .	negative
its flame-like , roiling black-and-white inspires trembling and gratitude .	positive
although it includes a fair share of dumb drug jokes and predictable slapstick , `` orange county '' is far funnier than it would seem to have any right to be .	positive
-lrb- the film -rrb- tackles the topic of relationships in such a straightforward , emotionally honest manner that by the end , it 's impossible to ascertain whether the film is , at its core , deeply pessimistic or quietly hopeful .	positive
the film is weighed down by supporting characters who are either too goodly , wise and knowing or downright comically evil .	negative
it 's a visual rorschach test and i must have failed .	very negative
an uncomfortable experience , but one as brave and challenging as you could possibly expect these days from american cinema .	positive
the huskies are beautiful , the border collie is funny and the overall feeling is genial and decent .	positive
charming and witty , it 's also somewhat clumsy .	positive
draggin ' about dragons	neutral
amari has dressed up this little parable in a fairly irresistible package full of privileged moments and memorable performances .	very positive
i ca n't .	neutral
with mcconaughey in an entirely irony-free zone and bale reduced mainly to batting his sensitive eyelids , there 's not enough intelligence , wit or innovation on the screen to attract and sustain an older crowd .	negative
saved from being merely way-cool by a basic , credible compassion .	neutral
a vivid , spicy footnote to history , and a movie that grips and holds you in rapt attention from start to finish .	positive
... an eerily suspenseful , deeply absorbing piece that works as a treatise on spirituality as well as a solid sci-fi thriller .	very positive
despite juliet stevenon 's attempt to bring cohesion to pamela 's emotional roller coaster life , it is not enough to give the film the substance it so desperately needs .	negative
this film is an act of spiritual faith -- an eloquent , deeply felt meditation on the nature of compassion .	positive
... a trashy little bit of fluff stuffed with enjoyable performances and a bewildering sense of self-importance	neutral
it all plays out ... like a high-end john hughes comedy , a kind of elder bueller 's time out .	positive
what with all the blanket statements and dime-store ruminations on vanity , the worries of the rich and sudden wisdom , the film becomes a sermon for most of its running time .	negative
wildly incompetent but brilliantly named half past dead -- or for seagal pessimists : totally past his prime .	negative
those eternally devoted to the insanity of black will have an intermittently good time .	positive
the pretensions -- and disposable story -- sink the movie .	negative
she nearly glows with enthusiasm , sensuality and a conniving wit .	positive
and for many of us , that 's good enough .	positive
like other great documentaries ... this goes after one truth -lrb- the ford administration 's complicity in tearing ` orphans ' from their mothers -rrb- and stumbles upon others even more compelling .	neutral
meyjes ... has done his homework and soaked up some jazzy new revisionist theories about the origins of nazi politics and aesthetics .	positive
poetic , heartbreaking .	positive
a memorable experience that , like many of his works , presents weighty issues colorfully wrapped up in his own idiosyncratic strain of kitschy goodwill .	positive
as an actress , madonna is one helluva singer .	very positive
the script by vincent r. nebrida ... tries to cram too many ingredients into one small pot .	negative
a porn film without the sex scenes .	neutral
just as the lousy tarantino imitations have subsided , here comes the first lousy guy ritchie imitation .	negative
the direction has a fluid , no-nonsense authority , and the performances by harris , phifer and cam ` ron seal the deal .	positive
a film that will enthrall the whole family .	positive
it just does n't have anything really interesting to say .	negative
much of the lady and the duke is about quiet , decisive moments between members of the cultural elite as they determine how to proceed as the world implodes .	positive
while you have to admit it 's semi-amusing to watch robert deniro belt out `` when you 're a jet , you 're a jet all the way , '' it 's equally distasteful to watch him sing the lyrics to `` tonight . ''	negative
a quaint , romanticized rendering .	positive
filmmakers david weissman and bill weber benefit enormously from the cockettes ' camera craziness -- not only did they film performances , but they did the same at home .	positive
as chilling and fascinating as philippe mora 's modern hitler-study , snide and prejudice .	positive
cox is far more concerned with aggrandizing madness , not the man , and the results might drive you crazy .	neutral
a little too ponderous to work as shallow entertainment , not remotely incisive enough to qualify as drama , monsoon wedding serves mostly to whet one 's appetite for the bollywood films .	negative
a movie that the less charitable might describe as a castrated cross between highlander and lolita .	negative
seagal , who looks more like danny aiello these days , mumbles his way through the movie .	very negative
a full experience , a love story and a murder mystery that expands into a meditation on the deep deceptions of innocence .	positive
how do you make a movie with depth about a man who lacked any ?	negative
fudges fact and fancy with such confidence that we feel as if we 're seeing something purer than the real thing .	very positive
the cast is top-notch and i predict there will be plenty of female audience members drooling over michael idemoto as michael .	very positive
sandra bullock and hugh grant make a great team , but this predictable romantic comedy should get a pink slip .	negative
it 's all stitched together with energy , intelligence and verve , enhanced by a surplus of vintage archive footage .	very positive
so muddled , repetitive and ragged that it says far less about the horrifying historical reality than about the filmmaker 's characteristic style .	very negative
a faster paced family flick .	positive
`` analyze that '' is one of those crass , contrived sequels that not only fails on its own , but makes you second-guess your affection for the original .	very negative
fairy-tale formula , serves as a paper skeleton for some very good acting , dialogue , comedy , direction and especially charm .	very positive
the respective charms of sandra bullock and hugh grant have worn threadbare .	neutral
the quirky drama touches the heart and the funnybone thanks to the energetic and always surprising performance by rachel griffiths .	very positive
i 'm sure the filmmakers found this a remarkable and novel concept , but anybody who has ever seen an independent film can report that it is instead a cheap cliché .	very negative
in its understanding , often funny way , it tells a story whose restatement is validated by the changing composition of the nation .	positive
let 's issue a moratorium , effective immediately , on treacly films about inspirational prep-school professors and the children they so heartwarmingly motivate .	positive
not the best herzog perhaps , but unmistakably herzog .	neutral
tiresomely derivative and hammily acted .	very negative
i walked away from this new version of e.t. just as i hoped i would -- with moist eyes .	very positive
-lrb- it -rrb- has the feel of a summer popcorn movie .	neutral
what should have been a cutting hollywood satire is instead about as fresh as last week 's issue of variety .	very negative
the film does a solid job of slowly , steadily building up to the climactic burst of violence .	very positive
the heart of the film is a touching reflection on aging , suffering and the prospect of death .	positive
entertaining but like shooting fish in a barrel .	neutral
the notion of deleting emotion from people , even in an advanced prozac nation , is so insanely dysfunctional that the rampantly designed equilibrium becomes a concept doofus .	very negative
puts to rest any thought that the german film industry can not make a delightful comedy centering on food .	very positive
with the dog days of august upon us , think of this dog of a movie as the cinematic equivalent of high humidity .	negative
no amount of arty theorizing -- the special effects are ` german-expressionist , ' according to the press notes -- can render it anything but laughable .	very negative
a well-executed spy-thriller .	very positive
lisa rinzler 's cinematography may be lovely , but love liza 's tale itself virtually collapses into an inhalant blackout , maintaining consciousness just long enough to achieve callow pretension .	negative
the trailer is a riot .	very positive
this cloying , voices-from-the-other-side story is hell .	negative
alas , getting there is not even half the interest .	very negative
a chilly , brooding but quietly resonant psychological study of domestic tension and unhappiness .	positive
the result is somewhat satisfying -- it still comes from spielberg , who has never made anything that was n't at least watchable .	positive
i 'll go out on a limb .	positive
deflated ending aside , there 's much to recommend the film .	positive
sheridan is painfully bad , a fourth-rate jim carrey who does n't understand the difference between dumb fun and just plain dumb .	very negative
as improbable as this premise may seem , abbass 's understated , shining performance offers us the sense that on some elemental level , lilia deeply wants to break free of her old life .	very positive
maybe leblanc thought , `` hey , the movie about the baseball-playing monkey was worse . ''	negative
gives an intriguing twist to the french coming-of-age genre .	positive
a brutally honest documentary about a much anticipated family reunion that goes wrong thanks to culture shock and a refusal to empathize with others .	neutral
confounding because it solemnly advances a daringly preposterous thesis .	neutral
he nonetheless appreciates the art and reveals a music scene that transcends culture and race .	very positive
escapes the precious trappings of most romantic comedies , infusing into the story very real , complicated emotions .	positive
full of bland hotels , highways , parking lots , with some glimpses of nature and family warmth , time out is a discreet moan of despair about entrapment in the maze of modern life .	negative
a naturally funny film , home movie makes you crave chris smith 's next movie .	very positive
director hoffman , his writer and kline 's agent should serve detention	very negative
the quirky and recessive charms of co-stars martin donovan and mary-louise parker help overcome the problematic script .	positive
it 's a mindless action flick with a twist -- far better suited to video-viewing than the multiplex .	negative
it 's everything you 'd expect -- but nothing more .	neutral
as an entertainment destination for the general public , kung pow sets a new benchmark for lameness .	negative
graced with the kind of social texture and realism that would be foreign in american teen comedies .	positive
-lrb- allen -rrb- manages to breathe life into this somewhat tired premise .	positive
the truth about charlie is that it 's a brazenly misguided project .	negative
with little visible talent and no energy , colin hanks is in bad need of major acting lessons and maybe a little coffee .	very negative
martyr gets royally screwed and comes back for more .	neutral
this movie feel more like a non-stop cry for attention , than an attempt at any kind of satisfying entertainment .	very negative
exhilarating but blatantly biased .	positive
a mostly believable , refreshingly low-key and quietly inspirational little sports drama .	positive
rarely , a movie is more than a movie .	positive
a `` black austin powers ? ''	neutral
how this one escaped the lifetime network i 'll never know .	negative
to some eyes this will seem like a recycling of clichés , an assassin 's greatest hits .	negative
less funny than it should be and less funny than it thinks it is .	very negative
an achingly enthralling premise , the film is hindered by uneven dialogue and plot lapses .	negative
for all its plot twists , and some of them verge on the bizarre as the film winds down , blood work is a strong , character-oriented piece .	neutral
the innate theatrics that provide its thrills and extreme emotions lose their luster when flattened onscreen .	very negative
a gentle and engrossing character study .	positive
sluggish , tonally uneven .	very negative
ultimately , the film amounts to being lectured to by tech-geeks , if you 're up for that sort of thing .	negative
the film is undone by anachronistic quick edits and occasional jarring glimpses of a modern theater audience watching the events unfold .	negative
what could have easily become a cold , calculated exercise in postmodern pastiche winds up a powerful and deeply moving example of melodramatic moviemaking .	very positive
russell lacks the visual panache , the comic touch , and perhaps the budget of sommers 's title-bout features .	negative
some remarkable achival film about how shanghai -lrb- of all places -rrb- served jews who escaped the holocaust .	positive
`` interview '' loses its overall sense of mystery and becomes a tv episode rather than a documentary that you actually buy into .	very negative
an old-fashioned but emotionally stirring adventure tale of the kind they rarely make anymore .	positive
as it stands it 's an opera movie for the buffs .	neutral
intelligent and moving .	very positive
a bodice-ripper for intellectuals .	positive
it 's fun , wispy , wise and surprisingly inoffensive for a film about a teen in love with his stepmom .	positive
the narrator and the other characters try to convince us that acting transfigures esther , but she 's never seen speaking on stage ; one feels cheated , and esther seems to remain an unchanged dullard .	negative
time out is existential drama without any of the pretension associated with the term .	positive
guilty of the worst sin of attributable to a movie like this : it 's not scary in the slightest .	very negative
peppering this urban study with references to norwegian folktales , villeneuve creates in maelstrom a world where the bizarre is credible and the real turns magical .	positive
elling builds gradually until you feel fully embraced by this gentle comedy .	positive
kwan is a master of shadow , quietude , and room noise , and lan yu is a disarmingly lived-in movie .	positive
maryam is a small film , but it offers large rewards .	positive
ya-yas everywhere will forgive the flaws and love the film .	positive
a stylistic romp that 's always fun to watch .	very positive
for 95 often hilarious minutes , -lrb- cho -rrb- riffs on the diciness of colonics , on straight versus gay personal ads , on how men would act if they had periods , and on the perils of a certain outré sexual practice .	neutral
you can tell almost immediately that welcome to collinwood is n't going to jell .	negative
it says a lot about a filmmaker when he can be wacky without clobbering the audience over the head and still maintain a sense of urgency and suspense .	neutral
a shimmeringly lovely coming-of-age portrait , shot in artful , watery tones of blue , green and brown .	very positive
its impressive images of crematorium chimney fires and stacks of dead bodies are undermined by the movie 's presentation , which is way too stagy .	negative
there 's a heavy stench of ` been there , done that ' hanging over the film .	negative
an affectionately goofy satire that 's unafraid to throw elbows when necessary ...	positive
examines its explosive subject matter as nonjudgmentally as wiseman 's previous studies of inner-city high schools , hospitals , courts and welfare centers .	neutral
but never mind all that ; the boobs are fantasti	positive
the movie is essentially a series of fleetingly interesting actors ' moments .	neutral
at every opportunity to do something clever , the film goes right over the edge and kills every sense of believability ... all you have left is a no-surprise series of explosions and violence while banderas looks like he 's not trying to laugh at how bad it	negative
stress ` dumb . '	negative
katz 's documentary does n't have much panache , but with material this rich it does n't need it .	positive
deadly dull , pointless meditation on losers in a gone-to-seed hotel .	negative
huppert and girardot give performances of exceptional honesty .	very positive
where 's the movie here ?	very negative
an unsophisticated sci-fi drama that takes itself all too seriously .	negative
the film is about the relationships rather than about the outcome .	neutral
whether this is art imitating life or life imitating art , it 's an unhappy situation all around .	negative
it does n't take a rocket scientist to figure out that this is a mormon family movie , and a sappy , preachy one at that .	very negative
this makes minority report necessary viewing for sci-fi fans , as the film has some of the best special effects ever .	very positive
if you really want to understand what this story is really all about , you 're far better served by the source material .	very negative
swimming is above all about a young woman 's face , and by casting an actress whose face projects that woman 's doubts and yearnings , it succeeds .	very positive
mattei 's underdeveloped effort here is nothing but a convenient conveyor belt of brooding personalities that parade about as if they were coming back from stock character camp -- a drowsy drama infatuated by its own pretentious self-examination .	negative
` the war of the roses , ' trailer-trash style .	very negative
the powerpuff girls arrive on the big screen with their super-powers , their super-simple animation and their super-dooper-adorability intact .	positive
originality is sorely lacking .	negative
is red dragon worthy of a place alongside the other hannibal movies ?	neutral
it trusts the story it sets out to tell .	very positive
boy oh boy , it 's a howler .	neutral
an overwrought taiwanese soaper about three people and their mixed-up relationship .	neutral
the film has a kind of hard , cold effect .	negative
strip it of all its excess debris , and you 'd have a 90-minute , four-star movie .	positive
only two-fifths of a satisfying movie experience .	neutral
while there 's likely very little crossover appeal to those without much interest in the elizabethans -lrb- as well as rank frustration from those in the know about rubbo 's dumbed-down tactics -rrb- , much ado about something is an amicable endeavor .	positive
did we really need a remake of `` charade ? ''	negative
stevens has a flair for dialogue comedy , the film operates nicely off the element of surprise , and the large cast is solid .	very positive
the mystery of enigma is how a rich historical subject , combined with so much first-rate talent ... could have yielded such a flat , plodding picture .	negative
all leather pants & augmented boobs , hawn is hilarious as she tries to resuscitate the fun-loving libertine lost somewhere inside the conservative , handbag-clutching sarandon .	positive
throughout , mr. audiard 's direction is fluid and quick .	positive
the observations of this social\/economic\/urban environment are canny and spiced with irony .	positive
while insomnia is in many ways a conventional , even predictable remake , nolan 's penetrating undercurrent of cerebral and cinemantic flair lends -lrb- it -rrb- stimulating depth .	positive
undoubtedly the scariest movie ever made about tattoos .	positive
same guy with both hats .	neutral
... in the pile of useless actioners from mtv schmucks who do n't know how to tell a story for more than four minutes .	very negative
watching a brian depalma movie is like watching an alfred hitchcock movie after drinking twelve beers .	negative
ian holm conquers france as an earthy napoleon	positive
time out is as serious as a pink slip .	negative
tykwer 's surface flash is n't just a poor fit with kieslowski 's lyrical pessimism ; it completely contradicts everything kieslowski 's work aspired to , including the condition of art .	very negative
an exhilarating serving of movie fluff .	neutral
-lrb- creates -rrb- the worst kind of mythologizing , the kind that sacrifices real heroism and abject suffering for melodrama .	very negative
circuit queens wo n't learn a thing , they 'll be too busy cursing the film 's strategically placed white sheets .	neutral
director tom shadyac and star kevin costner glumly mishandle the story 's promising premise of a physician who needs to heal himself .	negative
a tremendous piece of work .	very positive
as an actor 's showcase , hart 's war has much to recommend it , even if the top-billed willis is not the most impressive player .	positive
-lrb- crystal and de niro -rrb- manage to squeeze out some good laughs but not enough to make this silly con job sing .	neutral
a pretty funny movie , with most of the humor coming , as before , from the incongruous but chemically perfect teaming of crystal and de niro .	very positive
... a fairly disposable yet still entertaining b picture .	neutral
there 's something poignant about an artist of 90-plus years taking the effort to share his impressions of life and loss and time and art with us .	positive
our culture is headed down the toilet with the ferocity of a frozen burrito after an all-night tequila bender -- and i know this because i 've seen ` jackass : the movie . '	very negative
moonlight mile does n't quite go the distance but the cast is impressive and they all give life to these broken characters who are trying to make their way through this tragedy .	positive
ozpetek joins the ranks of those gay filmmakers who have used the emigre experience to explore same-sex culture in ways that elude the more nationally settled .	neutral
american and european cinema has amassed a vast holocaust literature , but it is impossible to think of any film more challenging or depressing than the grey zone .	negative
the script is too mainstream and the psychology too textbook to intrigue .	negative
if you recognize zeus -lrb- the dog from snatch -rrb- it will make you wish you were at home watching that movie instead of in the theater watching this one .	negative
wilco is a phenomenal band with such an engrossing story that will capture the minds and hearts of many .	very positive
represents something very close to the nadir of the thriller\/horror genre .	neutral
though nijinsky 's words grow increasingly disturbed , the film maintains a beguiling serenity and poise that make it accessible for a non-narrative feature .	positive
parker updates the setting in an attempt to make the film relevant today , without fully understanding what it was that made the story relevant in the first place .	negative
this movie may not have the highest production values you 've ever seen , but it 's the work of an artist , one whose view of america , history and the awkwardness of human life is generous and deep .	very positive
brings together some of the biggest names in japanese anime , with impressive results .	very positive
woefully pretentious .	negative
mattei so completely loses himself to the film 's circular structure to ever offer any insightful discourse on , well , love in the time of money .	negative
-lrb- leigh -rrb- has a true talent for drawing wrenching performances from his actors -lrb- improvised over many months -rrb- and for conveying the way tiny acts of kindness make ordinary life survivable .	very positive
director douglas mcgrath takes on nickleby with all the halfhearted zeal of an 8th grade boy delving into required reading .	very negative
godard uses his characters -- if that 's not too glorified a term -- as art things , mouthpieces , visual motifs , blanks .	negative
there 's plenty to enjoy -- in no small part thanks to lau .	positive
gaping plot holes sink this ` sub ' - standard thriller and drag audience enthusiasm to crush depth .	very negative
no surprises .	negative
the film is so bad it does n't improve upon the experience of staring at a blank screen .	very negative
a stylish cast and some clever scripting solutions help chicago make the transition from stage to screen with considerable appeal intact .	positive
fortunately , you still have that option .	neutral
conforms itself with creating a game of ` who 's who ' ... where the characters ' moves are often more predictable than their consequences .	negative
an effective portrait of a life in stasis -- of the power of inertia to arrest development in a dead-end existence .	positive
nights feels more like a quickie tv special than a feature film ... it 's not even a tv special you 'd bother watching past the second commercial break .	negative
blue crush is as predictable as the tides .	negative
we 're left with a story that tries to grab us , only to keep letting go at all the wrong moments .	negative
this follow-up seems so similar to the 1953 disney classic that it makes one long for a geriatric peter .	neutral
the subtitled costume drama is set in a remote african empire before cell phones , guns , and the internal combustion engine , but the politics that thump through it are as timely as tomorrow .	positive
ca n't seem to get anywhere near the story 's center .	neutral
if legendary shlockmeister ed wood had ever made a movie about a vampire , it probably would look a lot like this alarming production , adapted from anne rice 's novel the vampire chronicles .	neutral
with minimal imagination , you could restage the whole thing in your bathtub .	negative
... the one thing this wild film has that other imax films do n't : chimps , lots of chimps , all blown up to the size of a house .	neutral
just consider what new best friend does not have , beginning with the minor omission of a screenplay .	negative
instead of contriving a climactic hero 's death for the beloved-major - character-who-shall - remain-nameless , why not invite some genuine spontaneity into the film by having the evil aliens ' laser guns actually hit something for once ?	negative
do n't hate el crimen del padre amaro because it 's anti-catholic .	neutral
brown sugar signals director rick famuyiwa 's emergence as an articulate , grown-up voice in african-american cinema .	positive
their computer-animated faces are very expressive .	positive
not only is it hokey , manipulative and as bland as wonder bread dipped in milk , but it also does the absolute last thing we need hollywood doing to us : it preaches .	negative
the acting is n't much better .	very negative
a powerful and telling story that examines forbidden love , racial tension , and other issues that are as valid today as they were in the 1950s .	very positive
another best of the year selection .	very positive
the film runs on a little longer than it needs to -- muccino either does n't notice when his story ends or just ca n't tear himself away from the characters -- but it 's smooth and professional .	negative
it 's just too bad the screenwriters eventually shoot themselves in the feet with cop flick cliches like an oily arms dealer , squad car pile-ups and the requisite screaming captain .	very negative
its one-sidedness ... flirts with propaganda .	negative
the overall effect is awe and affection -- and a strange urge to get on a board and , uh , shred , dude .	very positive
robin williams departs from his fun friendly demeanor in exchange for a darker unnerving role .	neutral
the underworld urban angst is derivative of martin scorsese 's taxi driver and goodfellas , but this film speaks for itself .	positive
` synthetic ' is the best description of this well-meaning , beautifully produced film that sacrifices its promise for a high-powered star pedigree .	negative
the film proves unrelentingly grim -- and equally engrossing .	positive
oh , and booty call .	neutral
too clumsy in key moments ... to make a big splash .	negative
a small gem of a movie that defies classification and is as thought-provoking as it is funny , scary and sad .	positive
the château would have been benefited from a sharper , cleaner script before it went in front of the camera .	negative
... quite good at providing some good old fashioned spooks .	positive
arliss howard 's ambitious , moving , and adventurous directorial debut , big bad love , meets so many of the challenges it poses for itself that one can forgive the film its flaws .	very positive
` the château is never quite able to overcome the cultural moat surrounding its ludicrous and contrived plot . '	very negative
in that setting , their struggle is simply too ludicrous and borderline insulting .	very negative
it 's a drawling , slobbering , lovable run-on sentence of a film , a southern gothic with the emotional arc of its raw blues soundtrack .	neutral
i am not generally a huge fan of cartoons derived from tv shows , but hey arnold !	positive
literary purists may not be pleased , but as far as mainstream matinee-style entertainment goes , it does a bang-up job of pleasing the crowds .	very positive
it 's rare to see a movie that takes such a speedy swan dive from `` promising '' to `` interesting '' to `` familiar '' before landing squarely on `` stupid '' .	negative
a wild ride of a movie that keeps throwing fastballs .	positive
tunney , brimming with coltish , neurotic energy , holds the screen like a true star .	very positive
since lee is a sentimentalist , the film is more worshipful than your random e !	neutral
the actresses find their own rhythm and protect each other from the script 's bad ideas and awkwardness .	positive
romething 's really wrong with this ricture !	negative
an uninspired preachy and clichéd war film .	negative
crikey indeed .	neutral
el crimen del padre amaro would likely be most effective if used as a tool to rally anti-catholic protestors .	negative
a processed comedy chop suey .	negative
rouge is less about a superficial midlife crisis than it is about the need to stay in touch with your own skin , at 18 or 80 .	positive
spy-vs .	neutral
part of the charm of satin rouge is that it avoids the obvious with humour and lightness .	positive
sex with strangers will shock many with its unblinking frankness .	neutral
more of an intriguing curiosity than a gripping thriller .	neutral
its story about a young chinese woman , ah na , who has come to new york city to replace past tragedy with the american dream is one that any art-house moviegoer is likely to find compelling .	positive
great performances , stylish cinematography and a gritty feel help make gangster no. 1 a worthwhile moviegoing experience .	very positive
but that they are doing it is thought-provoking .	positive
the film has a nearly terminal case of the cutes , and it 's neither as funny nor as charming as it thinks it is .	very negative
the screenplay flounders under the weight of too many story lines .	negative
an improvement on the feeble examples of big-screen poke-mania that have preceded it .	positive
manages to please its intended audience -- children -- without placing their parents in a coma-like state .	positive
what starts off as a possible argentine american beauty reeks like a room stacked with pungent flowers .	very negative
serving sara should be served an eviction notice at every theater stuck with it .	negative
what 's hard to understand is why anybody picked it up .	very negative
this off-putting french romantic comedy is sure to test severely the indulgence of fans of amélie .	neutral
a winning and wildly fascinating work .	positive
blue crush is so prolonged and boring it is n't even close to being the barn-burningly bad movie it promised it would be .	negative
for once , a movie does not proclaim the truth about two love-struck somebodies , but permits them time and space to convince us of that all on their own .	positive
-lrb- fincher 's -rrb- camera sense and assured pacing make it an above-average thriller .	positive
but while the highly predictable narrative falls short , treasure planet is truly gorgeous to behold .	very positive
there must be an audience that enjoys the friday series , but i would n't be interested in knowing any of them personally .	very negative
some fine acting , but ultimately a movie with no reason for being .	negative
and if you appreciate the one-sided theme to lawrence 's over-indulgent tirade , then knock yourself out and enjoy the big screen postcard that is a self-glorified martin lawrence lovefest .	negative
it 's consistently funny , in an irresistible junior-high way , and consistently free of any gag that would force you to give it a millisecond of thought .	positive
it 's definitely not made for kids or their parents , for that matter , and i think even fans of sandler 's comic taste may find it uninteresting .	negative
things really get weird , though not particularly scary : the movie is all portent and no content .	negative
with freeman and judd , i 'll at least remember their characters .	neutral
a properly spooky film about the power of spirits to influence us whether we believe in them or not .	positive
drawing on an irresistible , languid romanticism , byler reveals the ways in which a sultry evening or a beer-fueled afternoon in the sun can inspire even the most retiring heart to venture forth .	very positive
there 's absolutely no reason why blue crush , a late-summer surfer girl entry , should be as entertaining as it is	positive
the cast comes through even when the movie does n't .	neutral
mike leigh populates his movie with a wonderful ensemble cast of characters that bring the routine day to day struggles of the working class to life	very positive
it 's all entertaining enough , but do n't look for any hefty anti-establishment message in what is essentially a whip-crack of a buddy movie that ends with a whimper .	neutral
contains a few big laughs but many more that graze the funny bone or miss it altogether , in part because the consciously dumbed-down approach wears thin .	negative
transforms one of -lrb- shakespeare 's -rrb- deepest tragedies into a smart new comedy .	positive
successfully blended satire , high camp and yet another sexual taboo into a really funny movie .	positive
a sweet-tempered comedy that forgoes the knee-jerk misogyny that passes for humor in so many teenage comedies .	positive
an elegant film with often surprising twists and an intermingling of naiveté and sophistication .	positive
even better than the first one !	very positive
i ca n't recommend it .	very negative
poor ben bratt could n't find stardom if mapquest emailed him point-to-point driving directions .	very negative
more of the same from taiwanese auteur tsai ming-liang , which is good news to anyone who 's fallen under the sweet , melancholy spell of this unique director 's previous films .	positive
allen shows he can outgag any of those young whippersnappers making moving pictures today .	positive
by-the-numbers yarn .	negative
on the granger movie gauge of 1 to 10 , the powerpuff girls is a fast , frenetic , funny , even punny 6 -- aimed specifically at a grade-school audience .	positive
those who trek to the ` plex predisposed to like it probably will enjoy themselves .	positive
an ambitious ` what if ? '	positive
when a movie has stuck around for this long , you know there 's something there .	very positive
nothing wrong with performances here , but the whiney characters bugged me .	negative
it 's a boring movie about a boring man , made watchable by a bravura performance from a consummate actor incapable of being boring .	positive
a first-class , thoroughly involving b movie that effectively combines two surefire , beloved genres -- the prison flick and the fight film .	very positive
the lady and the duke is a smart , romantic drama that dares to depict the french revolution from the aristocrats ' perspective .	positive
even if you 've seen `` stomp '' -lrb- the stage show -rrb- , you still have to see this !	very positive
it looks much more like a cartoon in the end than the simpsons ever has .	neutral
despite these annoyances , the capable clayburgh and tambor really do a great job of anchoring the characters in the emotional realities of middle age .	neutral
this familiar rise-and-fall tale is long on glamour and short on larger moralistic consequences , though it 's told with sharp ears and eyes for the tenor of the times .	positive
despite its raucous intent , xxx is as conventional as a nike ad and as rebellious as spring break .	neutral
while this has the making of melodrama , the filmmaker cuts against this natural grain , producing a work that 's more interested in asking questions than in answering them .	neutral
the ensemble cast turns in a collectively stellar performance , and the writing is tight and truthful , full of funny situations and honest observations .	very positive
while not all that bad of a movie , it 's nowhere near as good as the original .	negative
as broad and cartoonish as the screenplay is , there is an accuracy of observation in the work of the director , frank novak , that keeps the film grounded in an undeniable social realism .	positive
its use of the thriller form to examine the labyrinthine ways in which people 's lives cross and change , buffeted by events seemingly out of their control , is intriguing , provocative stuff .	very positive
a less-than-thrilling thriller .	very negative
would 've been nice if the screenwriters had trusted audiences to understand a complex story , and left off the film 's predictable denouement .	very negative
the hard-to-predict and absolutely essential chemistry between the down-to-earth bullock and the nonchalant grant proves to be sensational , and everything meshes in this elegant entertainment .	very positive
some of the most ravaging , gut-wrenching , frightening war scenes since `` saving private ryan '' have been recreated by john woo in this little-known story of native americans and their role in the second great war .	positive
morton deserves an oscar nomination .	very positive
you 'll just have your head in your hands wondering why lee 's character did n't just go to a bank manager and save everyone the misery .	very negative
by turns pretentious , fascinating , ludicrous , provocative and vainglorious .	positive
it 's kind of sad that so many people put so much time and energy into this turkey .	negative
-lrb- davis -rrb- wants to cause his audience an epiphany , yet he refuses to give us real situations and characters .	negative
it all looks and plays like a $ 40 million version of a game you 're more likely to enjoy on a computer .	negative
van wilder has a built-in audience , but only among those who are drying out from spring break and are still unconcerned about what they ingest .	negative
forget the psychology 101 study of romantic obsession and just watch the procession of costumes in castles and this wo n't seem like such a bore .	negative
viewing this underdramatized but overstated film is like watching a transcript of a therapy session brought to humdrum life by some freudian puppet .	neutral
it 's too harsh to work as a piece of storytelling , but as an intellectual exercise -- an unpleasant debate that 's been given the drive of a narrative and that 's been acted out -- the believer is nothing less than a provocative piece of work .	positive
there 's no excuse for following up a delightful , well-crafted family film with a computer-generated cold fish .	negative
a very capable nailbiter .	positive
one scene after another in this supposedly funny movie falls to the floor with a sickening thud .	negative
a witty , whimsical feature debut .	positive
`` -lrb- hopkins -rrb- does n't so much phone in his performance as fax it .	negative
a moving and stark reminder that the casualties of war reach much further than we imagine .	very positive
no big whoop , nothing new to see , zero thrills , too many flashbacks and a choppy ending make for a bad film .	very negative
wedding feels a bit anachronistic .	very negative
it 's like rocky and bullwinkle on speed , but that 's neither completely enlightening , nor does it catch the intensity of the movie 's strangeness .	negative
schepisi , aided by a cast that seems to include every top-notch british actor who did not appear in gosford park -lrb- as well as one , ms. mirren , who did -rrb- , has succeeded beyond all expectation .	very positive
this movie got me grinning .	positive
even though it is infused with the sensibility of a video director , it does n't make for completely empty entertainment	neutral
let 's face it -- there are n't many reasons anyone would want to see crossroads if they 're not big fans of teen pop kitten britney spears .	neutral
a haunting tale of murder and mayhem .	positive
weighted down with slow , uninvolving storytelling and flat acting .	very negative
me without you has a bracing truth that 's refreshing after the phoniness of female-bonding pictures like divine secrets of the ya-ya sisterhood .	very positive
consummate actor barry has done excellent work here .	very positive
a decent-enough nail-biter that stands a good chance of being the big hit franklin needs to stay afloat in hollywood .	positive
... the plot weaves us into a complex web .	positive
too infuriatingly quirky and taken with its own style .	negative
the most opaque , self-indulgent and just plain goofy an excuse for a movie as you can imagine .	negative
the scorpion king is more fun than conan the barbarian .	positive
... the picture 's cleverness is ironically muted by the very people who are intended to make it shine .	neutral
what makes the movie work -- to an admittedly limited extent -- is the commitment of two genuinely engaging performers .	neutral
you come away wishing , though , that the movie spent a lot less time trying to make a credible case for reports from the afterlife and a lot more time on the romantic urgency that 's at the center of the story .	neutral
he has a great cast and a great idea .	very positive
`` sweet home alabama '' is what it is -- a nice , harmless date film ...	positive
even when there are lulls , the emotions seem authentic , and the picture is so lovely toward the end ... you almost do n't notice the 129-minute running time .	very positive
diaz , applegate , blair and posey are suitably kooky which should appeal to women and they strip down often enough to keep men alert , if not amused .	positive
sure , it 's contrived and predictable , but its performances are so well tuned that the film comes off winningly , even though it 's never as solid as you want it to be .	positive
what we get ... is caddyshack crossed with the loyal order of raccoons .	neutral
tom green and an ivy league college should never appear together on a marquee , especially when the payoff is an unschooled comedy like stealing harvard , which fails to keep 80 minutes from seeming like 800 .	neutral
sadly , full frontal plays like the work of a dilettante .	negative
runs on the pure adrenalin of pacino 's performance .	very positive
the tuxedo was n't just bad ; it was , as my friend david cross would call it , ` hungry-man portions of bad ' .	negative
shyamalan takes a potentially trite and overused concept -lrb- aliens come to earth -rrb- and infuses it into a rustic , realistic , and altogether creepy tale of hidden invasion .	positive
`` spider-man is better than any summer blockbuster we had to endure last summer , and hopefully , sets the tone for a summer of good stuff .	very positive
the film is visually dazzling , the depicted events dramatic , funny and poignant .	very positive
... a complete shambles of a movie so sloppy , so uneven , so damn unpleasant that i ca n't believe any viewer , young or old , would have a good time here .	very negative
like many western action films , this thriller is too loud and thoroughly overbearing , but its heartfelt concern about north korea 's recent past and south korea 's future adds a much needed moral weight .	positive
a charmer from belgium .	positive
it 's not only dull because we 've seen -lrb- eddie -rrb- murphy do the genial-rogue shtick to death , but because the plot is equally hackneyed .	negative
even during the climactic hourlong cricket match , boredom never takes hold .	positive
a movie that sends you out of the theater feeling like you 've actually spent time living in another community .	positive
pipe dream does have its charms .	positive
one of the oddest and most inexplicable sequels in movie history .	neutral
stirs potentially enticing ingredients into an uneasy blend of ghost and close encounters of the third kind .	neutral
those who love cinema paradiso will find the new scenes interesting , but few will find the movie improved .	neutral
if you 're part of her targeted audience , you 'll cheer .	positive
crush could be the worst film a man has made about women since valley of the dolls .	very negative
it 's very beavis and butthead , yet always seems to elicit a chuckle .	positive
solaris is rigid and evasive in ways that soderbergh 's best films , `` erin brockovich , '' `` out of sight '' and `` ocean 's eleven , '' never were .	very positive
a modestly made but profoundly moving documentary .	very positive
the filmmaker ascends , literally , to the olympus of the art world , but he would have done well to end this flawed , dazzling series with the raising of something other than his own cremaster .	neutral
... grows decidedly flimsier with its many out-sized , out of character and logically porous action set pieces .	very negative
fessenden continues to do interesting work , and it would be nice to see what he could make with a decent budget .	positive
if the idea of the white man arriving on foreign shores to show wary natives the true light is abhorrent to you , the simplistic heaven will quite likely be more like hell .	neutral
as a feature-length film , it wears out its welcome as tryingly as the title character .	negative
frank capra played this story straight .	positive
control-alt-delete simone as quickly as possible	very negative
nevertheless , it still seems endless .	negative
there 's a persistent theatrical sentiment and a woozy quality to the manner of the storytelling , which undercuts the devastatingly telling impact of utter loss personified in the film 's simple title .	negative
mel gibson fights the good fight in vietnam in director randall wallace 's flag-waving war flick with a core of decency .	positive
for a film that 's being advertised as a comedy , sweet home alabama is n't as funny as you 'd hoped .	negative
`` barbershop '' is a good-hearted ensemble comedy with a variety of quirky characters and an engaging story .	positive
though lan yu lacks a sense of dramatic urgency , the film makes up for it with a pleasing verisimilitude .	positive
this hastily mounted production exists only to capitalize on hopkins ' inclination to play hannibal lecter again , even though harris has no immediate inclination to provide a fourth book .	very negative
fortunately , elling never gets too cloying thanks to the actors ' perfect comic timing and sweet , genuine chemistry .	positive
but it has an ambition to say something about its subjects , but not a willingness .	negative
please , someone , stop eric schaeffer before he makes another film .	very negative
sheridan had a wonderful account to work from , but , curiously , he waters it down , turning grit and vulnerability into light reading .	negative
heaven is a haunting dramatization of a couple 's moral ascension .	neutral
despite its faults , gangs excels in spectacle and pacing .	positive
a loud , low-budget and tired formula film that arrives cloaked in the euphemism ` urban drama . '	very negative
lovingly photographed in the manner of a golden book sprung to life , stuart little 2 manages sweetness largely without stickiness .	very positive
provides a satisfactory overview of the bizarre world of extreme athletes as several daredevils express their own views .	positive
flat , misguided comedy .	negative
it 's been done before but never so vividly or with so much passion .	very positive
berling and béart ... continue to impress , and isabelle huppert ... again shows uncanny skill in getting under the skin of her characters .	positive
serious movie-goers embarking upon this journey will find that the road to perdition leads to a satisfying destination .	very positive
this overproduced piece of dreck is shockingly bad and absolutely unnecessary .	very negative
there are moments of hilarity to be had .	positive
it 's hard to imagine anyone managing to steal a movie not only from charismatic rising star jake gyllenhaal but also from accomplished oscar winners susan sarandon , dustin hoffman and holly hunter , yet newcomer ellen pompeo pulls off the feat with aplomb .	very positive
i never thought i 'd say this , but i 'd much rather watch teens poking their genitals into fruit pies !	negative
i suspect this is the kind of production that would have been funnier if the director had released the outtakes theatrically and used the film as a bonus feature on the dvd .	negative
it offers a glimpse of the solomonic decision facing jewish parents in those turbulent times : to save their children and yet to lose them .	positive
the film jolts the laughs from the audience -- as if by cattle prod .	positive
plodding , poorly written , murky and weakly acted , the picture feels as if everyone making it lost their movie mojo .	very negative
elegant , mannered and teasing .	positive
... plays like a badly edited , 91-minute trailer -lrb- and -rrb- the director ca n't seem to get a coherent rhythm going .	very negative
there are flaws , but also stretches of impact and moments of awe ; we 're wrapped up in the characters , how they make their choices , and why .	positive
by turns touching , raucously amusing , uncomfortable , and , yes , even sexy , never again is a welcome and heartwarming addition to the romantic comedy genre .	very positive
not the great american comedy , but if you liked the previous movies in the series , you 'll have a good time with this one too .	positive
kapur 's contradictory feelings about his material result in a movie that works against itself .	negative
but they fascinate in their recklessness .	positive
a heartbreakingly thoughtful minor classic , the work of a genuine and singular artist .	very positive
the animation merely serves up a predictable , maudlin story that swipes heavily from bambi and the lion king , yet lacks the emotional resonance of either of those movies .	neutral
this is an action movie with an action icon who 's been all but decommissioned .	negative
worth catching for griffiths ' warm and winning central performance .	positive
` cq may one day be fondly remembered as roman coppola 's brief pretentious period before going on to other films that actually tell a story worth caring about	negative
who cares ? -rrb- .	negative
neither revelatory nor truly edgy -- merely crassly flamboyant and comedically labored .	very negative
an unflinching , complex portrait of a modern israel that is rarely seen on-screen .	positive
the first question to ask about bad company is why anthony hopkins is in it .	negative
an intelligent romantic thriller of a very old-school kind of quality .	positive
it 's difficult to feel anything much while watching this movie , beyond mild disturbance or detached pleasure at the acting .	negative
a distinctly mixed bag , the occasional bursts of sharp writing alternating with lots of sloppiness and the obligatory moments of sentimental ooze .	negative
it would be disingenuous to call reno a great film , but you can say that about most of the flicks moving in and out of the multiplex .	neutral
a b-movie you can sit through , enjoy on a certain level and then forget .	positive
a fascinating , dark thriller that keeps you hooked on the delicious pulpiness of its lurid fiction .	positive
enjoyably dumb , sweet , and intermittently hilarious -- if you 've a taste for the quirky , steal a glimpse .	positive
there 's a great deal of corny dialogue and preposterous moments .	negative
williams absolutely nails sy 's queasy infatuation and overall strangeness .	positive
curiously , super troopers suffers because it does n't have enough vices to merit its 103-minute length .	negative
as exciting as all this exoticism might sound to the typical pax viewer , the rest of us will be lulled into a coma .	very negative
watch barbershop again if you 're in need of a cube fix -- this is n't worth sitting through .	negative
this heist flick about young brooklyn hoods is off the shelf after two years to capitalize on the popularity of vin diesel , seth green and barry pepper .	neutral
an awkwardly garish showcase that diverges from anything remotely probing or penetrating .	very negative
diverting french comedy in which a husband has to cope with the pesky moods of jealousy .	neutral
each scene wreaks of routine ; the film never manages to generate a single threat of suspense .	neutral
certain to be distasteful to children and adults alike , eight crazy nights is a total misfire .	very negative
i have n't laughed that hard in years !	very positive
sorvino is delightful in the central role .	positive
a gracious , eloquent film that by its end offers a ray of hope to the refugees able to look ahead and resist living in a past forever lost .	very positive
possibly not since grumpy old men have i heard a film so solidly connect with one demographic while striking out with another .	neutral
what a great way to spend 4 units of your day .	positive
a passionately inquisitive film determined to uncover the truth and hopefully inspire action .	very positive
both a successful adaptation and an enjoyable film in its own right .	very positive
and vin diesel is the man .	positive
just a kiss is a just a waste .	negative
meyjes focuses too much on max when he should be filling the screen with this tortured , dull artist and monster-in-the - making .	neutral
hilarious musical comedy though stymied by accents thick as mud .	neutral
murder by numbers just does n't add up .	negative
all three descriptions suit evelyn , a besotted and obvious drama that tells us nothing new .	negative
this is popcorn movie fun with equal doses of action , cheese , ham and cheek -lrb- as well as a serious debt to the road warrior -rrb- , but it feels like unrealized potential	positive
-lrb- it -rrb- highlights not so much the crime lord 's messianic bent , but spacey 's .	neutral
in death to smoochy , we do n't get williams ' usual tear and a smile , just sneers and bile , and the spectacle is nothing short of refreshing .	positive
tsai has managed to create an underplayed melodrama about family dynamics and dysfunction that harks back to the spare , unchecked heartache of yasujiro ozu .	neutral
an uneven mix of dark satire and childhood awakening .	negative
the movie is about as humorous as watching your favorite pet get buried alive .	very negative
bears is even worse than i imagined a movie ever could be .	very negative
dramatically lackluster .	very negative
made eddie murphy a movie star and the man has n't aged a day .	positive
this is an undeniably intriguing film from an adventurous young talent who finds his inspiration on the fringes of the american underground .	very positive
yes , mibii is rote work and predictable , but with a philosophical visual coming right at the end that extravagantly redeems it .	positive
their contrast is neither dramatic nor comic -- it 's just a weird fizzle .	negative
all the characters are clinically depressed and have abandoned their slim hopes and dreams .	negative
tartakovsky 's team has some freakish powers of visual charm , but the five writers slip into the modern rut of narrative banality .	very negative
a gently funny , sweetly adventurous film that makes you feel genuinely good , that is to say , entirely unconned by false sentiment or sharp , overmanipulative hollywood practices .	positive
tries too hard to be funny in a way that 's too loud , too goofy and too short of an attention span .	negative
the obnoxious title character provides the drama that gives added clout to this doc .	positive
the sweetest thing , a romantic comedy with outrageous tendencies , may be a mess in a lot of ways .	neutral
you emerge dazed , confused as to whether you 've seen pornography or documentary .	negative
lucy 's a dull girl , that 's all .	negative
sensitive ensemble performances and good period reconstruction add up to a moving tragedy with some buoyant human moments .	very positive
directed without the expected flair or imagination by hong kong master john woo , windtalkers airs just about every cliche in the war movie compendium across its indulgent two-hour-and-fifteen-minute length .	negative
it looks closely , insightfully at fragile , complex relationships .	positive
the story has some nice twists but the ending and some of the back-story is a little tired .	negative
is an inexpressible and drab wannabe looking for that exact niche .	negative
the mothman prophecies , which is mostly a bore , seems to exist only for its climactic setpiece .	negative
spirit is a visual treat , and it takes chances that are bold by studio standards , but it lacks a strong narrative .	positive
this is one of the rarest kinds of films : a family-oriented non-disney film that is actually funny without hitting below the belt .	positive
for almost the first two-thirds of martin scorsese 's 168-minute gangs of new york , i was entranced .	positive
... a cheap , ludicrous attempt at serious horror .	very negative
an unremittingly ugly movie to look at , listen to , and think about , it is quite possibly the sturdiest example yet of why the dv revolution has cheapened the artistry of making a film .	very negative
enticing and often funny documentary .	very positive
but one thing 's for sure : it never comes close to being either funny or scary .	very negative
the movie eventually snaps under the strain of its plot contrivances and its need to reassure .	negative
whereas oliver stone 's conspiracy thriller jfk was long , intricate , star-studded and visually flashy , interview with the assassin draws its considerable power from simplicity .	positive
the komediant is a tale worth catching .	positive
the holes in this film remain agape -- holes punched through by an inconsistent , meandering , and sometimes dry plot .	negative
worth seeing just for weaver and lapaglia .	positive
a brain twister , less a movie-movie than a funny and weird meditation on hollywood , success , artistic integrity and intellectual bankruptcy .	neutral
let 's hope not .	neutral
it follows the blair witch formula for an hour , in which we 're told something creepy and vague is in the works , and then it goes awry in the final 30 minutes .	negative
an encouraging effort from mccrudden	positive
i was amused and entertained by the unfolding of bielinsky 's cleverly constructed scenario , and greatly impressed by the skill of the actors involved in the enterprise .	very positive
such master screenwriting comes courtesy of john pogue , the yale grad who previously gave us `` the skulls '' and last year 's `` rollerball . ''	very positive
initially gripping , eventually cloying pow drama .	positive
this is not a jackie chan movie .	negative
chamber of secrets will find millions of eager fans .	very positive
you can see the would-be surprises coming a mile away , and the execution of these twists is delivered with a hammer .	neutral
lacks the visual flair and bouncing bravado that characterizes better hip-hop clips and is content to recycle images and characters that were already tired 10 years ago .	negative
a timid , soggy near miss .	negative
a solidly constructed , entertaining thriller that stops short of true inspiration .	positive
a quiet family drama with a little bit of romance and a dose of darkness .	positive
smith examines the intimate , unguarded moments of folks who live in unusual homes -- which pop up in nearly every corner of the country .	positive
i admire it and yet can not recommend it , because it overstays its natural running time .	negative
thoroughly engrossing and ultimately tragic .	negative
i can analyze this movie in three words : thumbs friggin ' down .	very negative
if only it were , well , funnier .	negative
it is messy , uncouth , incomprehensible , vicious and absurd .	very negative
from its invitingly upbeat overture to its pathos-filled but ultimately life-affirming finale , martin is a masterfully conducted work .	positive
charly comes off as emotionally manipulative and sadly imitative of innumerable past love story derisions .	negative
kung pow seems like some futile concoction that was developed hastily after oedekerk and his fellow moviemakers got through crashing a college keg party .	very negative
its premise is smart , but the execution is pretty weary .	negative
an engrossing iranian film about two itinerant teachers and some lost and desolate people they encounter in a place where war has savaged the lives and liberties of the poor and the dispossessed .	positive
for those for whom the name woody allen was once a guarantee of something fresh , sometimes funny , and usually genuinely worthwhile , hollywood ending is a depressing experience	very negative
somewhere inside the mess that is world traveler , there is a mediocre movie trying to get out .	negative
first and foremost ... the reason to go see `` blue crush '' is the phenomenal , water-born cinematography by david hennings .	very positive
connoisseurs of chinese film will be pleased to discover that tian 's meticulous talent has not withered during his enforced hiatus .	positive
gaunt , silver-haired and leonine , -lrb- harris -rrb- brings a tragic dimension and savage full-bodied wit and cunning to the aging sandeman .	positive
left me with the visceral sensation of longing , lasting traces of charlotte 's web of desire and desperation .	positive
the problem with the bread , my sweet is that it 's far too sentimental .	negative
it may even fall into the category of films you love to hate .	neutral
combines a comically dismal social realism with a farcically bawdy fantasy of redemption and regeneration .	positive
like a less dizzily gorgeous companion to mr. wong 's in the mood for love -- very much a hong kong movie despite its mainland setting .	neutral
loud , chaotic and largely unfunny .	very negative
the main characters are simply named the husband , the wife and the kidnapper , emphasizing the disappointingly generic nature of the entire effort .	very negative
a movie to forget	negative
the film 's best trick is the way that it treats conspiracy as a kind of political blair witch , a monstrous murk that haunts us precisely because it can never be seen .	neutral
rife with nutty cliches and far too much dialogue .	negative
labute ca n't avoid a fatal mistake in the modern era : he 's changed the male academic from a lower-class brit to an american , a choice that upsets the novel 's exquisite balance and shreds the fabric of the film .	neutral
starts out with tremendous promise , introducing an intriguing and alluring premise , only to fall prey to a boatload of screenwriting cliches that sink it faster than a leaky freighter .	negative
a raunchy and frequently hilarious follow-up to the gifted korean american stand-up 's i 'm the one that i want .	positive
a completely spooky piece of business that gets under your skin and , some plot blips aside , stays there for the duration .	positive
an artful yet depressing film that makes a melodramatic mountain out of the molehill of a missing bike .	negative
the movie ends with outtakes in which most of the characters forget their lines and just utter ` uhhh , ' which is better than most of the writing in the movie .	negative
every five minutes or so , someone gets clocked .	neutral
if that does n't clue you in that something 's horribly wrong , nothing will .	very negative
this loud and thoroughly obnoxious comedy about a pair of squabbling working-class spouses is a deeply unpleasant experience .	very negative
it 's not an easy one to review .	negative
ultimately , in the history of the academy , people may be wondering what all that jazz was about `` chicago '' in 2002 .	negative
a puzzling experience .	neutral
the film has a terrific look and salma hayek has a feel for the character at all stages of her life .	very positive
what makes barbershop so likable , with all its flaws , is that it has none of the pushiness and decibel volume of most contemporary comedies .	positive
it pulls the rug out from under you , just when you 're ready to hate one character , or really sympathize with another character , something happens to send you off in different direction .	neutral
this is for the most part a useless movie , even with a great director at the helm .	negative
-lrb- reaches -rrb- wholly believable and heart-wrenching depths of despair .	positive
the film fearlessly gets under the skin of the people involved ... this makes it not only a detailed historical document , but an engaging and moving portrait of a subculture .	positive
gibney and jarecki just want to string the bastard up .	neutral
for a movie about the power of poetry and passion , there is precious little of either .	negative
unfortunately , we 'd prefer a simple misfire .	negative
when in doubt , the film ratchets up the stirring soundtrack , throws in a fish-out-of-water gag and lets the cliched dialogue rip .	neutral
... a true delight .	very positive
an awful snooze .	very negative
does n't really add up to much .	negative
an interesting psychological game of cat-and-mouse , three-dimensional characters and believable performances all add up to a satisfying crime drama .	very positive
a new film from bill plympton , the animation master , is always welcome .	very positive
watching `` ending '' is too often like looking over the outdated clothes and plastic knickknacks at your neighbor 's garage sale .	negative
a thriller made from a completist 's checklist rather than with a cultist 's passion .	neutral
cox offers plenty of glimpses at existing photos , but there are no movies of nijinsky , so instead the director treats us to an aimless hodgepodge .	very negative
may be the most undeserving victim of critical overkill since town and country .	neutral
its weighty themes are too grave for youngsters , but the story is too steeped in fairy tales and other childish things to appeal much to teenagers .	negative
nothing happens , and it happens to flat characters .	negative
leaves us wondering less about its ideas and more about its characterization of hitler and the contrived nature of its provocative conclusion .	negative
`` white oleander , '' the movie , is akin to a reader 's digest condensed version of the source material .	negative
high drama , disney-style - a wing and a prayer and a hunky has-been pursuing his castle in the sky .	positive
has its moments , but it 's pretty far from a treasure .	neutral
goes a long way on hedonistic gusto .	neutral
schnieder bounces around with limp wrists , wearing tight tummy tops and hip huggers , twirling his hair on his finger and assuming that 's enough to sustain laughs ...	negative
a wonderfully speculative character study that made up for its rather slow beginning by drawing me into the picture .	positive
matches neorealism 's impact by showing the humanity of a war-torn land filled with people who just want to live their lives .	neutral
the central character is n't complex enough to hold our interest .	neutral
it 's the kind of movie that , aside from robert altman , spike lee , the coen brothers and a few others , our moviemakers do n't make often enough .	very positive
the action sequences are fun and reminiscent of combat scenes from the star wars series .	positive
the work of an exhausted , desiccated talent who ca n't get out of his own way .	positive
the problem is that van wilder does little that is actually funny with the material .	negative
no cliche escapes the perfervid treatment of gang warfare called ces wild .	negative
acting can not be acted .	neutral
comes off like a bad imitation of the bard .	negative
the sweetest thing leaves an awful sour taste .	negative
it 's a great american adventure and a wonderful film to bring to imax .	very positive
resembles a soft porn brian de palma pastiche .	negative
the director and her capable cast appear to be caught in a heady whirl of new age-inspired good intentions , but the spell they cast is n't the least bit mesmerizing .	neutral
a movie that feels like the pilot episode of a new teen-targeted action tv series .	neutral
a uniquely sensual metaphorical dramatization of sexual obsession that spends a bit too much time on its fairly ludicrous plot .	positive
the sentimental cliches mar an otherwise excellent film .	positive
hollywood has taken quite a nosedive from alfred hitchcock 's imaginative flight to shyamalan 's self-important summer fluff .	negative
this is standard crime drama fare ... instantly forgettable and thoroughly dull .	very negative
you wo n't look at religious fanatics -- or backyard sheds -- the same way again .	neutral
the combination of lightness and strictness in this instance gives italian for beginners an amiable aimlessness that keeps it from seeming predictably formulaic .	neutral
eyre is on his way to becoming the american indian spike lee .	positive
in questioning the election process , payami graphically illustrates the problems of fledgling democracies , but also the strength and sense of freedom the iranian people already possess , with or without access to the ballot box .	positive
not bad , but not all that good .	neutral
there 's a scientific law to be discerned here that producers would be well to heed : mediocre movies start to drag as soon as the action speeds up ; when the explosions start , they fall to pieces .	very negative
borstal boy represents the worst kind of filmmaking , the kind that pretends to be passionate and truthful but is really frustratingly timid and soggy .	very negative
old people will love this movie , and i mean that in the nicest possible way : last orders will touch the heart of anyone old enough to have earned a 50-year friendship .	neutral
so genial is the conceit , this is one of those rare pictures that you root for throughout , dearly hoping that the rich promise of the script will be realized on the screen .	positive
the only entertainment you 'll derive from this choppy and sloppy affair will be from unintentional giggles -- several of them .	very negative
the good girl is a film in which the talent is undeniable but the results are underwhelming .	negative
more of the same old garbage hollywood has been trying to pass off as acceptable teen entertainment for some time now .	very negative
amazingly dopey .	positive
the christ allegory does n't work because there is no foundation for it	negative
romanek keeps adding flourishes -- artsy fantasy sequences -- that simply feel wrong .	negative
combines improbable melodrama -lrb- gored bullfighters , comatose ballerinas -rrb- with subtly kinky bedside vigils and sensational denouements , and yet at the end , we are undeniably touched .	positive
there 's a thin line between likably old-fashioned and fuddy-duddy , and the count of monte cristo ... never quite settles on either side .	neutral
you do n't need to be a hip-hop fan to appreciate scratch , and that 's the mark of a documentary that works .	positive
i 'm not sure which half of dragonfly is worse : the part where nothing 's happening , or the part where something 's happening , but it 's stupid .	very negative
writer\/director david caesar ladles on the local flavour with a hugely enjoyable film about changing times , clashing cultures and the pleasures of a well-made pizza .	very positive
the journey to the secret 's eventual discovery is a separate adventure , and thrill enough .	positive
roman polanski directs the pianist like a surgeon mends a broken heart ; very meticulously but without any passion .	negative
it 's soulful and unslick , and that 's apparently just what -lrb- aniston -rrb- has always needed to grow into a movie career .	very positive
like blended shades of lipstick , these components combine into one terrific story with lots of laughs .	very positive
devos delivers a perfect performance that captures the innocence and budding demons within a wallflower .	positive
has lost some of the dramatic conviction that underlies the best of comedies ...	negative
tells a fascinating , compelling story .	very positive
a plodding look at the french revolution through the eyes of aristocrats .	neutral
ah , what the hell .	neutral
like a comedian who starts off promisingly but then proceeds to flop , comedian runs out of steam after a half hour .	negative
... gripping and handsome execution , -lrb- but -rrb- there is n't much about k-19 that 's unique or memorable .	neutral
one of those films where the characters inhabit that special annex of hell where adults behave like kids , children behave like adults and everyone screams at the top of their lungs no matter what the situation .	negative
devotees of star trek ii : the wrath of khan will feel a nagging sense of deja vu , and the grandeur of the best next generation episodes is lacking .	negative
beautifully reclaiming the story of carmen and recreating it an in an african idiom .	positive
the punch lines that miss , unfortunately , outnumber the hits by three-to-one .	negative
michel piccoli 's moving performance is this films reason for being .	positive
read my lips is to be viewed and treasured for its extraordinary intelligence and originality as well as its lyrical variations on the game of love .	very positive
those seeking a definitive account of eisenstein 's life would do better elsewhere .	negative
yes , soar .	positive
as banal as the telling may be -- and at times , all my loved ones more than flirts with kitsch -- the tale commands attention .	positive
although frailty fits into a classic genre , in its script and execution it is a remarkably original work .	positive
it 's young guns meets goodfellas in this easily skippable hayseeds-vs .	neutral
naipaul fans may be disappointed .	negative
attal pushes too hard to make this a comedy or serious drama .	very negative
poignant and moving , a walk to remember is an inspirational love story , capturing the innocence and idealism of that first encounter .	very positive
in any case , i would recommend big bad love only to winger fans who have missed her since 1995 's forget paris .	negative
... by the time it 's done with us , mira nair 's new movie has its audience giddy with the delight of discovery , of having been immersed in a foreign culture only to find that human nature is pretty much the same all over .	very positive
the film will appeal to discovery channel fans and will surely widen the perspective of those of us who see the continent through rose-colored glasses .	neutral
you do n't want to call the cops .	neutral
if there 's a heaven for bad movies , deuces wild is on its way .	very negative
a huge box-office hit in korea , shiri is a must for genre fans .	positive
clint eastwood 's blood work is a lot like a well-made pb & j sandwich : familiar , fairly uneventful and boasting no real surprises -- but still quite tasty and inviting all the same .	positive
the thing about guys like evans is this : you 're never quite sure where self-promotion ends and the truth begins .	negative
i found myself growing more and more frustrated and detached as vincent became more and more abhorrent .	negative
it 's like an all-star salute to disney 's cheesy commercialism .	negative
`` the tuxedo '' should have been the vehicle for chan that `` the mask '' was for jim carrey .	neutral
like a bad improvisation exercise , the superficially written characters ramble on tediously about their lives , loves and the art they 're struggling to create .	very negative
i do n't even care that there 's no plot in this antonio banderas-lucy liu faceoff .	neutral
though her fans will assuredly have their funny bones tickled , others will find their humor-seeking dollars best spent elsewhere .	negative
the first fatal attraction was vile enough .	very negative
a sentimental but entirely irresistible portrait of three aging sisters .	positive
measured against practically any like-themed film other than its oscar-sweeping franchise predecessor the silence of the lambs , red dragon rates as an exceptional thriller .	very positive
and as with most late-night bull sessions , eventually the content is n't nearly as captivating as the rowdy participants think it is .	negative
... a quietly introspective portrait of the self-esteem of employment and the shame of losing a job ...	positive
garcia and the other actors help make the wobbly premise work .	positive
it 's just plain lurid when it is n't downright silly .	negative
friday after next is the kind of film that could only be made by african-americans because of its broad racial insensitivity towards african-americans .	negative
it is also beautifully acted .	very positive
this dubious product of a college-spawned -lrb- colgate u. -rrb- comedy ensemble known as broken lizard plays like a mix of cheech and chong and chips .	negative
it 's all gratuitous before long , as if schwentke were fulfilling a gross-out quota for an anticipated audience demographic instead of shaping the material to fit the story .	neutral
all three actresses are simply dazzling , particularly balk , who 's finally been given a part worthy of her considerable talents .	very positive
... a powerful sequel and one of the best films of the year .	very positive
it 's about individual moments of mood , and an aimlessness that 's actually sort of amazing .	very positive
a gift to anyone who loves both dance and cinema	positive
if all of eight legged freaks was as entertaining as the final hour , i would have no problem giving it an unqualified recommendation .	neutral
such a wildly uneven hit-and-miss enterprise , you ca n't help suspecting that it was improvised on a day-to-day basis during production .	negative
the cameo-packed , m : i-2-spoofing title sequence is the funniest 5 minutes to date in this spy comedy franchise ... then mike myers shows up and ruins everything .	neutral
the new film of anton chekhov 's the cherry orchard puts the ` ick ' in ` classic . '	negative
poor editing , bad bluescreen , and ultra-cheesy dialogue highlight the radical action .	very negative
if welles was unhappy at the prospect of the human race splitting in two , he probably would n't be too crazy with his great-grandson 's movie splitting up in pretty much the same way .	negative
passions , obsessions , and loneliest dark spots are pushed to their most virtuous limits , lending the narrative an unusually surreal tone .	positive
definitely a crowd-pleaser , but then , so was the roman colosseum .	positive
this story of a determined woman 's courage to find her husband in a war zone offers winning performances and some effecting moments .	positive
well made but uninvolving , bloodwork is n't a terrible movie , just a stultifyingly obvious one -- an unrewarding collar for a murder mystery .	negative
... expands the horizons of boredom to the point of collapse , turning into a black hole of dullness , from which no interesting concept can escape .	negative
as steamy as last week 's pork dumplings .	very negative
the story itself it mostly told through on-camera interviews with several survivors , whose riveting memories are rendered with such clarity that it 's as if it all happened only yesterday .	very positive
the movie is clever , offbeat and even gritty enough to overcome my resistance .	positive
another week , another gross-out college comedy -- ugh .	very negative
a laughable -- or rather , unlaughable -- excuse for a film .	very negative
but even with the two-wrongs-make-a-right chemistry between jolie and burns ... this otherwise appealing picture loses its soul to screenwriting for dummies conformity .	neutral
too silly to take seriously .	negative
low comedy does n't come much lower .	negative
it 's a very tasteful rock and roll movie .	positive
meticulously mounted , exasperatingly well-behaved film , which ticks off kahlo 's lifetime milestones with the dutiful precision of a tax accountant .	positive
davis ' candid , archly funny and deeply authentic take on intimate relationships comes to fruition in her sophomore effort .	positive
a fast paced and suspenseful argentinian thriller about the shadow side of play .	positive
all analyze that proves is that there is really only one movie 's worth of decent gags to be gleaned from the premise .	neutral
ultimately the , yes , snail-like pacing and lack of thematic resonance make the film more silly than scary , like some sort of martha stewart decorating program run amok .	very negative
sewer rats could watch this movie and be so skeeved out that they 'd need a shower .	very negative
hard to resist .	positive
there 's an excellent 90-minute film here ; unfortunately , it runs for 170 .	negative
director carl franklin , so crisp and economical in one false move , bogs down in genre cliches here .	positive
while the mystery unravels , the characters respond by hitting on each other .	neutral
like a precious and finely cut diamond , magnificent to behold in its sparkling beauty yet in reality it 's one tough rock .	positive
no cute factor here ... not that i mind ugly ; the problem is he has no character , loveable or otherwise .	very negative
suffers from its timid parsing of the barn-side target of sons trying to breach gaps in their relationships with their fathers .	negative
it 's a frankenstein-monster of a film that does n't know what it wants to be .	negative
an incredibly narrow in-joke targeted to the tiniest segment of an already obscure demographic .	negative
a knowing look at female friendship , spiked with raw urban humor .	positive
... begins on a high note and sustains it beautifully .	positive
the overall result is an intelligent , realistic portrayal of testing boundaries .	very positive
for a debut film , skin of man , heart of beast feels unusually assured .	neutral
quaid is utterly fearless as the tortured husband living a painful lie , and moore wonderfully underplays the long-suffering heroine with an unflappable '50s dignity somewhere between jane wyman and june cleaver .	positive
most of the problems with the film do n't derive from the screenplay , but rather the mediocre performances by most of the actors involved	very negative
a poignant comedy that offers food for thought .	very positive
deuces wild treads heavily into romeo and juliet\/west side story territory , where it plainly has no business going .	negative
there is no psychology here , and no real narrative logic -- just a series of carefully choreographed atrocities , which become strangely impersonal and abstract .	very negative
secretary manages a neat trick , bundling the flowers of perversity , comedy and romance into a strangely tempting bouquet of a movie .	very positive
everything about it from the bland songs to the colorful but flat drawings is completely serviceable and quickly forgettable .	negative
this fascinating experiment plays as more of a poetic than a strict reality , creating an intriguing species of artifice that gives the lady and the duke something of a theatrical air .	positive
a few pieces of the film buzz and whir ; very little of it actually clicks .	negative
ah-nuld 's action hero days might be over .	negative
the movie has a script -lrb- by paul pender -rrb- made of wood , and it 's relentlessly folksy , a procession of stagy set pieces stacked with binary oppositions .	very negative
the filmmakers ' eye for detail and the high standards of performance convey a strong sense of the girls ' environment .	positive
it also shows how deeply felt emotions can draw people together across the walls that might otherwise separate them .	positive
even accepting this in the right frame of mind can only provide it with so much leniency .	negative
it 's at once laughable and compulsively watchable , in its committed dumbness .	positive
they threw loads of money at an idea that should 've been so much more even if it was only made for teenage boys and wrestling fans .	negative
- west coast rap wars , this modern mob music drama never fails to fascinate .	positive
as part of mr. dong 's continuing exploration of homosexuality in america , family fundamentals is an earnest study in despair .	positive
a movie more to be prescribed than recommended -- as visually bland as a dentist 's waiting room , complete with soothing muzak and a cushion of predictable narrative rhythms .	very negative
all in all , brown sugar is a satisfying well-made romantic comedy that 's both charming and well acted .	very positive
represents a worthy departure from the culture clash comedies that have marked an emerging indian american cinema .	positive
so bland and utterly forgettable that it might as well have been titled generic jennifer lopez romantic comedy .	very negative
a comedy that swings and jostles to the rhythms of life .	positive
tian emphasizes the isolation of these characters by confining color to liyan 's backyard .	neutral
a stylish thriller .	very positive
constantly touching , surprisingly funny , semi-surrealist exploration of the creative act .	positive
this harrowing journey into combat hell vividly captures the chaotic insanity and personal tragedies that are all too abundant when human hatred spews forth unchecked .	neutral
an estrogen opera so intensely feminine that it serves as the antidote -lrb- and cannier doppelganger -rrb- to diesel 's xxx flex-a-thon .	neutral
birthday girl does n't try to surprise us with plot twists , but rather seems to enjoy its own transparency .	positive
meanders between its powerful moments .	neutral
with lines that feel like long soliloquies -- even as they are being framed in conversation -- max is static , stilted .	neutral
a poky and pseudo-serious exercise in sham actor workshops and an affected malaise .	very negative
that rare movie that works on any number of levels -- as a film of magic and whimsy for children , a heartfelt romance for teenagers and a compelling argument about death , both pro and con , for adults .	very positive
the universal theme of becoming a better person through love has never been filmed more irresistibly than in ` baran . '	very positive
there 's got to be a more graceful way of portraying the devastation of this disease .	negative
unfolds as one of the most politically audacious films of recent decades from any country , but especially from france .	positive
the rock is destined to be the 21st century 's new `` conan '' and that he 's going to make a splash even greater than arnold schwarzenegger , jean-claud van damme or steven segal .	positive
adults , other than the parents ... will be hard pressed to succumb to the call of the wild .	negative
here , alas , it collapses like an overcooked soufflé .	very negative
plays like one long , meandering sketch inspired by the works of john waters and todd solondz , rather than a fully developed story .	negative
snow dogs finds its humour in a black man getting humiliated by a pack of dogs who are smarter than him	negative
before it takes a sudden turn and devolves into a bizarre sort of romantic comedy , steven shainberg 's adaptation of mary gaitskill 's harrowing short story ... is a brilliantly played , deeply unsettling experience .	positive
there 's not much to fatale , outside of its stylish surprises ... but that 's ok .	neutral
... very funny , very enjoyable ...	very positive
it 's a boom-box of a movie that might have been titled ` the loud and the ludicrous ' ... the pandering to a moviegoing audience dominated by young males is all too calculated .	neutral
there ai n't a lot more painful than an unfunny movie that thinks it 's hilarious .	neutral
the hackneyed story about an affluent damsel in distress who decides to fight her bully of a husband is simply too overdone .	negative
... with the gifted pearce on hand to keep things on semi-stable ground dramatically , this retooled machine is ultimately effective enough at achieving the modest , crowd-pleasing goals it sets for itself .	very positive
much like its easily dismissive take on the upscale lifestyle , there is n't much there here .	very negative
lathan and diggs carry the film with their charisma , and both exhibit sharp comic timing that makes the more hackneyed elements of the film easier to digest .	positive
he has improved upon the first and taken it a step further , richer and deeper .	positive
it 's a testament to de niro and director michael caton-jones that by movie 's end , we accept the characters and the film , flaws and all .	positive
this method almost never fails him , and it works superbly here .	very positive
a respectable venture on its own terms , lacking the broader vision that has seen certain trek films ... cross over to a more mainstream audience .	neutral
it 's technically sumptuous but also almost wildly alive .	very positive
a characteristically engorged and sloppy coming-of-age movie .	negative
sometimes we feel as if the film careens from one colorful event to another without respite , but sometimes it must have seemed to frida kahlo as if her life did , too .	neutral
the story , touching though it is , does not quite have enough emotional resonance or variety of incident to sustain a feature , and even at 85 minutes it feels a bit long .	neutral
often likable , but just as often it 's meandering , low on energy , and too eager to be quirky at moments when a little old-fashioned storytelling would come in handy .	positive
rob schneider 's infantile cross-dressing routines fill the hot chick , the latest gimmick from this unimaginative comedian .	very negative
... the tale of her passionate , tumultuous affair with musset unfolds as sand 's masculine persona , with its love of life and beauty , takes form .	positive
aimed squarely at the least demanding of demographic groups : very small children who will be delighted simply to spend more time with familiar cartoon characters .	neutral
it 's so devoid of joy and energy it makes even jason x ... look positively shakesperean by comparison .	very negative
a hypnotic portrait of this sad , compulsive life .	positive
an ugly , pointless , stupid movie .	very negative
a fascinating , unnerving examination of the delusions of one unstable man .	positive
a smart little indie .	positive
a big meal of cliches that the talented cast generally chokes on .	negative
... what a banal bore the preachy circuit turns out to be	very negative
goes on and on to the point of nausea .	negative
i have a new favorite musical -- and i 'm not even a fan of the genre	positive
master of disguise runs for only 71 minutes and feels like three hours .	very negative
you 'll feel like you ate a reeses without the peanut butter ... '	negative
easily one of the best and most exciting movies of the year .	very positive
despite the surface attractions -- conrad l. hall 's cinematography will likely be nominated for an oscar next year -- there 's something impressive and yet lacking about everything .	positive
broder 's screenplay is shallow , offensive and redundant , with pitifully few real laughs .	negative
looks more like a travel-agency video targeted at people who like to ride bikes topless and roll in the mud than a worthwhile glimpse of independent-community guiding lights .	very negative
that 's why sex and lucia is so alluring .	positive
after an hour and a half of wondering -- sometimes amusedly , sometimes impatiently -- just what this strenuously unconventional movie is supposed to be , you discover that the answer is as conventional as can be .	negative
nettelbeck ... has a pleasing way with a metaphor .	positive
a puzzle whose pieces do not fit .	negative
a bit of a downer and a little over-dramatic at times , but this is a beautiful film for people who like their romances to have that french realism .	positive
after the first 10 minutes , which is worth seeing , the movie sinks into an abyss of clichés , depression and bad alternative music .	negative
not everything in this ambitious comic escapade works , but coppola , along with his sister , sofia , is a real filmmaker .	positive
it 's fun , but it 's a real howler .	positive
even through its flaws , revolution # 9 proves to be a compelling , interestingly told film .	positive
just the labour involved in creating the layered richness of the imagery in this chiaroscuro of madness and light is astonishing .	very positive
the case is a convincing one , and should give anyone with a conscience reason to pause .	very positive
no such thing breaks no new ground and treads old turf like a hippopotamus ballerina .	negative
when twentysomething hotsies make movies about their lives , hard-driving narcissism is a given , but what a world we 'd live in if argento 's hollywood counterparts ... had this much imagination and nerve .	positive
on its own , big trouble could be considered a funny little film .	positive
-lrb- reynolds -rrb- takes a classic story , casts attractive and talented actors and uses a magnificent landscape to create a feature film that is wickedly fun to watch .	very positive
... a preachy parable stylized with a touch of john woo bullet ballet .	neutral
if you 're content with a clever pseudo-bio that manages to have a good time as it doles out pieces of the famous director 's life , eisenstein delivers .	positive
it 's too bad nothing else is .	neutral
this is the kind of subject matter that could so easily have been fumbled by a lesser filmmaker , but ayres makes the right choices at every turn .	positive
probes in a light-hearted way the romantic problems of individuals for whom the yearning for passion spells discontent .	positive
it made me realize that we really have n't had a good cheesy b-movie playing in theaters since ... well ... since last week 's reign of fire .	negative
ultimately this is a frustrating patchwork : an uneasy marriage of louis begley 's source novel -lrb- about schmidt -rrb- and an old payne screenplay .	negative
... once the true impact of the day unfolds , the power of this movie is undeniable .	very positive
this time , the hype is quieter , and while the movie is slightly less successful than the first , it 's still a rollicking good time for the most part .	positive
nothing more than a stifling morality tale dressed up in peekaboo clothing .	negative
this is the sort of low-grade dreck that usually goes straight to video -- with a lousy script , inept direction , pathetic acting , poorly dubbed dialogue and murky cinematography , complete with visible boom mikes .	very negative
every joke is repeated at least four times .	negative
the gags , and the script , are a mixed bag .	negative
and adults will at least have a dream image of the west to savor whenever the film 's lamer instincts are in the saddle .	negative
the best film of the year 2002 .	positive
blisteringly rude , scarily funny , sorrowfully sympathetic to the damage it surveys , the film has in kieran culkin a pitch-perfect holden .	very positive
you might be shocked to discover that seinfeld 's real life is boring .	neutral
the first shocking thing about sorority boys is that it 's actually watchable .	positive
a movie i loved on first sight and , even more important , love in remembrance .	very positive
an overstylized , puréed mélange of sex , psychology , drugs and philosophy .	negative
this is a movie full of grace and , ultimately , hope .	very positive
solondz creates some effective moments of discomfort for character and viewer alike .	neutral
a documentary to make the stones weep -- as shameful as it is scary .	negative
most haunting about `` fence '' is its conclusion , when we hear the ultimate fate of these girls and realize , much to our dismay , that this really did happen .	very positive
starts out ballsy and stylish but fails to keep it up and settles into clichés .	negative
the film feels formulaic , its plot and pacing typical hollywood war-movie stuff , while the performances elicit more of a sense of deja vu than awe .	very negative
-lrb- i -rrb- t 's certainly laudable that the movie deals with hot-button issues in a comedic context , but barbershop is n't as funny as it should be .	negative
but the second half of the movie really goes downhill .	very negative
a well paced and satisfying little drama that deserved better than a ` direct-to-video ' release .	very positive
merci pour le movie .	neutral
this misty-eyed southern nostalgia piece , in treading the line between sappy and sanguine , winds up mired in tear-drenched quicksand .	negative
... a ho-hum affair , always watchable yet hardly memorable .	neutral
the only fun part of the movie is playing the obvious game .	negative
an inconsequential , barely there bit of piffle .	negative
although fairly involving as far as it goes , the film does n't end up having much that is fresh to say about growing up catholic or , really , anything .	negative
an engrossing story that combines psychological drama , sociological reflection , and high-octane thriller .	very positive
a gripping drama .	very positive
it picked me up , swung me around , and dropped me back in my seat with more emotional force than any other recent film .	very positive
barrels along at the start before becoming mired in sentimentality .	neutral
the pleasures that it does afford may be enough to keep many moviegoers occupied amidst some of the more serious-minded concerns of other year-end movies .	positive
its inescapable absurdities are tantamount to insulting the intelligence of anyone who has n't been living under a rock -lrb- since sept. 11 -rrb- .	negative
a pretty decent kid-pleasing , tolerable-to-adults lark of a movie .	positive
a disturbing examination of what appears to be the definition of a ` bad ' police shooting .	neutral
as i settled into my world war ii memories , i found myself strangely moved by even the corniest and most hackneyed contrivances .	positive
the movie generates plot points with a degree of randomness usually achieved only by lottery drawing .	negative
presents a good case while failing to provide a reason for us to care beyond the very basic dictums of human decency .	neutral
classic cinema served up with heart and humor	very positive
there may have been a good film in `` trouble every day , '' but it is not what is on the screen .	negative
the result is an ` action film ' mired in stasis .	negative
that 's because relatively nothing happens .	negative
an authentically vague , but ultimately purposeless , study in total pandemonium .	negative
but they do n't fit well together and neither is well told .	negative
like most movies about the pitfalls of bad behavior ... circuit gets drawn into the party .	negative
with dirty deeds , david caesar has stepped into the mainstream of filmmaking with an assurance worthy of international acclaim and with every cinematic tool well under his control -- driven by a natural sense for what works on screen .	very positive
oddly , the film is n't nearly as downbeat as it sounds , but strikes a tone that 's alternately melancholic , hopeful and strangely funny .	positive
i 've never seen or heard anything quite like this film , and i recommend it for its originality alone .	very positive
in capturing the understated comedic agony of an ever-ruminating , genteel yet decadent aristocracy that can no longer pay its bills , the film could just as well be addressing the turn of the 20th century into the 21st .	neutral
when the movie mixes the cornpone and the cosa nostra , it finds a nice rhythm .	positive
a virtual roller-coaster ride of glamour and sleaze .	neutral
... there 's a choppy , surface-effect feeling to the whole enterprise .	negative
it 's funny , touching , dramatically forceful , and beautifully shot .	very positive
a good documentary can make interesting a subject you thought would leave you cold .	positive
this is a children 's film in the truest sense .	positive
a very funny romantic comedy about two skittish new york middle-agers who stumble into a relationship and then struggle furiously with their fears and foibles .	positive
if h.g. wells had a time machine and could take a look at his kin 's reworked version , what would he say ?	neutral
the movie does such an excellent job of critiquing itself at every faltering half-step of its development that criticizing feels more like commiserating .	negative
a solid , spooky entertainment worthy of the price of a ticket .	positive
there are n't many conclusive answers in the film , but there is an interesting story of pointed personalities , courage , tragedy and the little guys vs. the big guys .	positive
plays like a series of vignettes -- clips of a film that are still looking for a common through-line .	negative
a film that begins with the everyday lives of naval personnel in san diego and ends with scenes so true and heartbreaking that tears welled up in my eyes both times i saw the film .	very positive
leigh is one of the rare directors who feels acting is the heart and soul of cinema .	very positive
sitting in the third row of the imax cinema at sydney 's darling harbour , but i sometimes felt as though i was in the tiny two seater plane that carried the giant camera around australia , sweeping and gliding , banking and hovering over some of the most not	positive
it 's more enjoyable than i expected , though , and that 's because the laughs come from fairly basic comedic constructs .	positive
it 's crafty , energetic and smart -- the kid is sort of like a fourteen-year old ferris bueller .	very positive
the film does n't have enough innovation or pizazz to attract teenagers , and it lacks the novel charm that made spy kids a surprising winner with both adults and younger audiences .	very negative
she boxes these women 's souls right open for us .	positive
what could have been a pointed little chiller about the frightening seductiveness of new technology loses faith in its own viability and succumbs to joyless special-effects excess .	neutral
it 's just plain boring .	neutral
all the movie 's narrative gymnastics ca n't disguise the fact that it 's inauthentic at its core and that its story just is n't worth telling .	very negative
this is dicaprio 's best performance in anything ever , and easily the most watchable film of the year .	very positive
though impostor deviously adopts the guise of a modern motion picture , it too is a bomb .	negative
it 's tough being a black man in america , especially when the man has taken away your car , your work-hours and denied you health insurance .	neutral
jolie gives it that extra little something that makes it worth checking out at theaters , especially if you 're in the mood for something more comfortable than challenging .	positive
cattaneo should have followed the runaway success of his first film , the full monty , with something different .	neutral
ends up being mostly about ravishing costumes , eye-filling , wide-screen production design and joan 's wacky decision to stand by her man , no matter how many times he demonstrates that he 's a disloyal satyr .	neutral
one key problem with these ardently christian storylines is that there is never any question of how things will turn out .	negative
other than the slightly flawed -lrb- and fairly unbelievable -rrb- finale , everything else is top shelf .	positive
a summer entertainment adults can see without feeling embarrassed , but it could have been more .	positive
`` bad '' is the operative word for `` bad company , '' and i do n't mean that in a good way .	very negative
seriously , rent the disney version .	negative
the immersive powers of the giant screen and its hyper-realistic images are put to perfect use in the breathtakingly beautiful outer-space documentary space station 3d .	very positive
it 's difficult to imagine that a more confused , less interesting and more sloppily made film could possibly come down the road in 2002 .	very negative
as they used to say in the 1950s sci-fi movies , signs is a tribute to shyamalan 's gifts , which are such that we 'll keep watching the skies for his next project .	positive
the only pain you 'll feel as the credits roll is your stomach grumbling for some tasty grub .	negative
in visual fertility treasure planet rivals the top japanese animations of recent vintage .	positive
the messy emotions raging throughout this three-hour effort are instantly recognizable , allowing the film to paradoxically feel familiar and foreign at the same time .	neutral
about amy 's cuteness , amy 's career success -lrb- she 's a best-selling writer of self-help books who ca n't help herself -rrb- , and amy 's neuroses when it comes to men .	neutral
if you go , pack your knitting needles .	very negative
call me a cold-hearted curmudgeon for not being able to enjoy a mindless action movie , but i believe a movie can be mindless without being the peak of all things insipid .	very negative
assured , vital and well wrought , the film is , arguably , the most accomplished work to date from hong kong 's versatile stanley kwan .	very positive
notwithstanding my problem with the movie 's final half hour , i 'm going to recommend secretary , based on the wonderful acting clinic put on by spader and gyllenhaal , and also the unique way shainberg goes about telling what at heart is a sweet little girl -	positive
the big ending surprise almost saves the movie .	positive
well , they 're ` they ' .	neutral
`` secretary '' is owned by its costars , spader and gyllenhaal .	neutral
an ill-conceived jumble that 's not scary , not smart and not engaging .	negative
what we get in feardotcom is more like something from a bad clive barker movie .	very negative
so riddled with unanswered questions that it requires gargantuan leaps of faith just to watch it plod along .	neutral
a modestly comic , modestly action-oriented world war ii adventure that , in terms of authenticity , is one of those films that requires the enemy to never shoot straight .	neutral
too much of the movie feels contrived , as if the filmmakers were worried the story would n't work without all those gimmicks .	negative
austin powers in goldmember is a cinematic car wreck , a catastrophic collision of tastelessness and gall that nevertheless will leave fans clamoring for another ride .	negative
nair 's cast is so large it 's altman-esque , but she deftly spins the multiple stories in a vibrant and intoxicating fashion .	very positive
-lrb- t -rrb- oo many of these gross out scenes ...	negative
an original and highly cerebral examination of the psychopathic mind	positive
when it comes out on video , then it 's the perfect cure for insomnia .	very negative
killing time , that 's all that 's going on here .	very negative
it 's an experience in understanding a unique culture that is presented with universal appeal .	positive
if you like peace , you 'll like promises .	positive
there 's no getting around the fact that this is revenge of the nerds revisited -- again .	neutral
the dialogue is very choppy and monosyllabic despite the fact that it is being dubbed .	negative
a perfectly pleasant if slightly pokey comedy .	positive
super troopers is an odd amalgam of comedy genres , existing somewhere between the often literal riffs of early zucker brothers\/abrahams films , and the decidedly foul stylings of their post-modern contemporaries , the farrelly brothers .	neutral
overall , it 's a wacky and inspired little film that works effortlessly at delivering genuine , acerbic laughs .	neutral
the performances are uniformly good .	positive
it would n't matter so much that this arrogant richard pryor wannabe 's routine is offensive , puerile and unimaginatively foul-mouthed if it was at least funny .	negative
a subtle , poignant picture of goodness that is flawed , compromised and sad .	neutral
if the film fails to fulfill its own ambitious goals , it nonetheless sustains interest during the long build-up of expository material .	positive
murderous maids has a lot going for it , not least the brilliant performances by testud ... and parmentier .	positive
... for all its social and political potential , state property does n't end up being very inspiring or insightful .	negative
the search for redemption makes for a touching love story , mainly because blanchett and ribisi compellingly tap into a spiritual aspect of their characters ' suffering .	very positive
a hidden-agenda drama that shouts classic french nuance .	neutral
unwieldy contraption .	negative
by and large this is mr. kilmer 's movie , and it 's his strongest performance since the doors .	positive
a sub-formulaic slap in the face to seasonal cheer .	negative
feral and uncomfortable .	negative
one of those joyous films that leaps over national boundaries and celebrates universal human nature .	positive
-lrb- a -rrb- crushing disappointment .	very negative
i like my christmas movies with more elves and snow and less pimps and ho 's .	very negative
the beautiful , unusual music is this film 's chief draw , but its dreaminess may lull you to sleep .	neutral
seems like someone going through the motions .	negative
despite terrific special effects and funnier gags , harry potter and the chamber of secrets finds a way to make j.k. rowling 's marvelous series into a deadly bore .	very negative
fans of plympton 's shorts may marginally enjoy the film , but it is doubtful this listless feature will win him any new viewers .	negative
... a thoughtful what-if for the heart as well as the mind .	very positive
the attraction between these two marginal characters is complex from the start -- and , refreshingly , stays that way .	positive
the production has been made with an enormous amount of affection , so we believe these characters love each other .	very positive
ramsay succeeds primarily with her typical blend of unsettling atmospherics , delivering a series of abrasive , stylized sequences that burn themselves upon the viewer 's memory .	positive
` this movie sucks . '	very negative
an ideal love story for those intolerant of the more common saccharine genre .	positive
... a bland , pretentious mess .	negative
the smash 'em - up , crash 'em - up , shoot 'em - up ending comes out of nowhere substituting mayhem for suspense .	neutral
the film never rises above a conventional , two dimension tale	negative
alternately frustrating and rewarding .	positive
... if it had been only half-an-hour long or a tv special , the humor would have been fast and furious -- at ninety minutes , it drags .	negative
a superfluous sequel ... plagued by that old familiar feeling of ` let 's get this thing over with ' : everyone has shown up at the appointed time and place , but visible enthusiasm is mighty hard to find .	negative
sets animation back 30 years , musicals back 40 years and judaism back at least 50 .	very negative
a listless and desultory affair .	negative
a wannabe comedy of manners about a brainy prep-school kid with a mrs. robinson complex founders on its own preciousness -- and squanders its beautiful women .	negative
nothing about them is attractive .	negative
manages to be both hugely entertaining and uplifting .	very positive
vera has created a provocative , absorbing drama that reveals the curse of a self-hatred instilled by rigid social mores .	positive
the performances are an absolute joy .	very positive
this seductive tease of a thriller gets the job done .	positive
like all great films about a life you never knew existed , it offers much to absorb and even more to think about after the final frame .	very positive
it is a strength of a documentary to disregard available bias , especially as temptingly easy as it would have been with this premise .	positive
it 's funny and human and really pretty damned wonderful , all at once .	positive
this is a picture that maik , the firebrand turned savvy ad man , would be envious of : it hijacks the heat of revolution and turns it into a sales tool .	neutral
-lrb- swimfan -rrb- falls victim to sloppy plotting , an insultingly unbelievable final act and a villainess who is too crazy to be interesting .	very negative
it ca n't escape its past , and it does n't want to .	neutral
the umpteenth summer skinny dip in jerry bruckheimer 's putrid pond of retread action twaddle .	neutral
so verbally flatfooted and so emotionally predictable or bland that it plays like the standard made-for-tv movie .	neutral
loosely speaking , we 're in all of me territory again , and , strictly speaking , schneider is no steve martin .	very negative
predictably melodramatic .	negative
silly , loud and goofy .	neutral
russian ark is a new treasure of the hermitage .	positive
highly engaging .	very positive
by the time it ends in a rush of sequins , flashbulbs , blaring brass and back-stabbing babes , it has said plenty about how show business has infiltrated every corner of society -- and not always for the better .	neutral
antwone fisher certainly does the trick of making us care about its protagonist and celebrate his victories but , with few exceptions , it rarely stoops to cheap manipulation or corny conventions to do it .	positive
the whole talking-animal thing is grisly .	negative
the entire movie is so formulaic and forgettable that it 's hardly over before it begins to fade from memory .	very negative
more a gunfest than a rock concert .	negative
it is a challenging film , if not always a narratively cohesive one .	neutral
if you can swallow its absurdities and crudities lagaan really is enormously good fun .	positive
tsai may be ploughing the same furrow once too often .	neutral
has its moments -- and almost as many subplots .	positive
a derivative collection of horror and sci-fi cliches .	very negative
except for paymer as the boss who ultimately expresses empathy for bartleby 's pain , the performances are so stylized as to be drained of human emotion .	neutral
what 's next ?	positive
nelson 's intentions are good , but the end result does no justice to the story itself .	negative
buy popcorn .	neutral
twohy 's a good yarn-spinner , and ultimately the story compels .	positive
an enthralling aesthetic experience , one that 's steeped in mystery and a ravishing , baroque beauty .	very positive
sparkles in its deft portrait of tinseltown 's seasoned veterans of gossip , wealth , paranoia , and celebrityhood .	neutral
aggressive self-glorification and a manipulative whitewash .	negative
fails to convince the audience that these brats will ever be anything more than losers .	negative
a creaky staircase gothic .	neutral
hatosy ... portrays young brendan with his usual intelligence and subtlety , not to mention a convincing brogue .	positive
washington overcomes the script 's flaws and envelops the audience in his character 's anguish , anger and frustration .	positive
mariah carey gives us another peek at some of the magic we saw in glitter here in wisegirls .	positive
very stupid and annoying .	very negative
don michael paul uses quick-cuts , -lrb- very -rrb- large shadows and wide-angle shots taken from a distance to hide the liberal use of a body double -lrb- for seagal -rrb- .	neutral
an empty exercise , a florid but ultimately vapid crime melodrama with lots of surface flash but little emotional resonance .	negative
the script is a tired one , with few moments of joy rising above the stale material .	negative
call this the full monty on ice , the underdog sports team formula redux .	neutral
slackers ' jokey approach to college education is disappointingly simplistic -- the film 's biggest problem -- and there are no unforgettably stupid stunts or uproariously rude lines of dialogue to remember it by .	neutral
ensemble movies , like soap operas , depend on empathy .	neutral
it 's a day at the beach -- with air conditioning and popcorn .	positive
make like the title and dodge this one .	very negative
often shocking but ultimately worthwhile exploration of motherhood and desperate mothers .	very positive
the lousy john q all but spits out denzel washington 's fine performance in the title role .	negative
but it 's surprisingly harmless .	positive
officially , it is twice as bestial but half as funny .	negative
broomfield reveals an ironic manifestation of institutionalized slavery that ties a black-owned record label with a white-empowered police force .	neutral
a film that suffers because of its many excesses .	negative
a quietly moving look back at what it was to be iranian-american in 1979 .	positive
the leads we are given here are simply too bland to be interesting .	negative
staggers between flaccid satire and what is supposed to be madcap farce .	very negative
a distinctly minor effort that will be seen to better advantage on cable , especially considering its barely feature-length running time of one hour .	negative
a competent , unpretentious entertainment destined to fill the after-school slot at shopping mall theaters across the country .	positive
functions as both a revealing look at the collaborative process and a timely , tongue-in-cheek profile of the corporate circus that is the recording industry in the current climate of mergers and downsizing .	positive
spider-man is in the same category as x-men - occasionally brilliant but mostly average , showing signs of potential for the sequels , but not giving us much this time around .	neutral
reign of fire is hardly the most original fantasy film ever made -- beyond road warrior , it owes enormous debts to aliens and every previous dragon drama -- but that barely makes it any less entertaining .	positive
the comedy death to smoochy is a rancorous curiosity : a movie without an apparent audience .	negative
turns a potentially interesting idea into an excruciating film school experience that plays better only for the film 's publicists or for people who take as many drugs as the film 's characters	very negative
one of those strained caper movies that 's hardly any fun to watch and begins to vaporize from your memory minutes after it ends .	very negative
to show these characters in the act and give them no feelings of remorse -- and to cut repeatedly to the flashback of the original rape -- is overkill to the highest degree .	neutral
there 's no denying that burns is a filmmaker with a bright future ahead of him .	very positive
a film that loses sight of its own story .	negative
where tom green stages his gags as assaults on america 's knee-jerk moral sanctimony , jackass lacks aspirations of social upheaval .	negative
these self-styled athletes have banged their brains into the ground so frequently and furiously , their capacity to explain themselves has gone the same way as their natural instinct for self-preservation .	negative
a fascinating documentary about the long and eventful spiritual journey of the guru who helped launch the new age .	very positive
the film has the courage of its convictions and excellent performances on its side .	very positive
a loud , ugly , irritating movie without any of its satirical salvos hitting a discernible target .	very negative
there 's plenty to impress about e.t.	positive
the pianist -lrb- is -rrb- a supremely hopeful cautionary tale of war 's madness remembered that we , today , can prevent its tragic waste of life .	very positive
topics that could make a sailor blush - but lots of laughs .	very positive
has its share of arresting images .	neutral
never decides whether it wants to be a black comedy , drama , melodrama or some combination of the three .	negative
the movie 's heavy-handed screenplay navigates a fast fade into pomposity and pretentiousness .	neutral
it 's deep-sixed by a compulsion to catalog every bodily fluids gag in there 's something about mary and devise a parallel clone-gag .	neutral
it is there to give them a good time .	neutral
whether our action-and-popcorn obsessed culture will embrace this engaging and literate psychodrama is n't much of a mystery , unfortunately .	neutral
has the rare capability to soothe and break your heart with a single stroke .	positive
a conventional , but well-crafted film about a historic legal battle in ireland over a man 's right to raise his own children .	positive
those 24-and-unders looking for their own caddyshack to adopt as a generational signpost may have to keep on looking .	negative
the action is reasonably well-done ... yet story , character and comedy bits are too ragged to ever fit smoothly together .	neutral
sadly , ` garth ' has n't progressed as nicely as ` wayne . '	negative
some may choose to interpret the film 's end as hopeful or optimistic but i think payne is after something darker .	neutral
the story of trouble every day ... is so sketchy it amounts to little more than preliminary notes for a science-fiction horror film , and the movie 's fragmentary narrative style makes piecing the story together frustrating difficult .	very negative
-lrb- t -rrb- he ideas of revolution # 9 are more compelling than the execution	negative
most of the information has already appeared in one forum or another and , no matter how broomfield dresses it up , it tends to speculation , conspiracy theories or , at best , circumstantial evidence .	negative
consider the film a celluloid litmus test for the intellectual and emotional pedigree of your date and a giant step backward for a director i admire .	negative
imagine -lrb- if possible -rrb- a pasolini film without passion or politics , or an almodovar movie without beauty or humor , and you have some idea of the glum , numb experience of watching o fantasma .	very negative
it 's hard to fairly judge a film like ringu when you 've seen the remake first .	neutral
just plain bad .	very negative
although it tries to be much more , it 's really just another major league .	negative
when the screenwriter responsible for one of the worst movies of one year directs an equally miserable film the following year , you 'd have a hard time believing it was just coincidence .	negative
the entire movie establishes a wonderfully creepy mood .	very positive
director elie chouraqui , who co-wrote the script , catches the chaotic horror of war , but why bother if you 're going to subjugate truth to the tear-jerking demands of soap opera ?	negative
colorful and deceptively buoyant until it suddenly pulls the rug out from under you , burkinabe filmmaker dani kouyate 's reworking of a folk story whose roots go back to 7th-century oral traditions is also a pointed political allegory .	neutral
this is a movie so insecure about its capacity to excite that it churns up not one but two flagrantly fake thunderstorms to underscore the action .	negative
slow , dry , poorly cast , but beautifully shot .	neutral
if i want music , i 'll buy the soundtrack .	negative
this movie has the usual impossible stunts ... but it has just as many scenes that are lean and tough enough to fit in any modern action movie .	positive
... salaciously simplistic .	neutral
sometimes makes less sense than the bruckheimeresque american action flicks it emulates .	negative
as a film director , labute continues to improve .	positive
a dark comedy that goes for sick and demented humor simply to do so .	negative
the movie is a little tired ; maybe the original inspiration has run its course .	neutral
lazily directed by charles stone iii ... from a leaden script by matthew cirulnick and novelist thulani davis .	negative
the dialogue is cumbersome , the simpering soundtrack and editing more so .	negative
this is a film living far too much in its own head .	negative
pascale bailly 's rom-com provides amélie 's audrey tautou with another fabuleux destin -- i.e. , a banal spiritual quest .	negative
flawed , but worth seeing for ambrose 's performance .	neutral
p.t. anderson understands the grandness of romance and how love is the great equalizer that can calm us of our daily ills and bring out joys in our lives that we never knew were possible .	very positive
imagine o. henry 's the gift of the magi relocated to the scuzzy underbelly of nyc 's drug scene .	very negative
if mr. zhang 's subject matter is , to some degree at least , quintessentially american , his approach to storytelling might be called iranian .	neutral
the best way to describe it is as a cross between paul thomas anderson 's magnolia and david lynch 's mulholland dr.	neutral
i do n't know if frailty will turn bill paxton into an a-list director , but he can rest contentedly with the knowledge that he 's made at least one damn fine horror movie .	positive
large budget notwithstanding , the movie is such a blip on the year 's radar screen that it 's tempting just to go with it for the ride .	positive
`` frailty '' offers chills much like those that you get when sitting around a campfire around midnight , telling creepy stories to give each other the willies .	very positive
despite modest aspirations its occasional charms are not to be dismissed .	positive
a pint-sized ` goodfellas ' designed to appeal to the younger set , it 's not a very good movie in any objective sense , but it does mostly hold one 's interest .	neutral
no matter how firmly director john stainton has his tongue in his cheek , the fact remains that a wacky concept does not a movie make .	neutral
any reasonably creative eighth-grader could have written a more credible script , though with the same number of continuity errors .	very negative
go , girls , right down the reality drain .	negative
staggeringly dreadful romance .	very negative
a smart , compelling drama .	very positive
thoughtless , random , superficial humour and a lot of very bad scouse accents	very negative
... there 's enough cool fun here to warm the hearts of animation enthusiasts of all ages .	positive
you want to call domino 's .	neutral
deliciously slow .	positive
might best be enjoyed as a daytime soaper .	neutral
the problem , amazingly enough , is the screenplay .	negative
the most remarkable -lrb- and frustrating -rrb- thing about world traveler , which opens today in manhattan , is that its protagonist , after being an object of intense scrutiny for 104 minutes , remains a complete blank .	neutral
offers an interesting look at the rapidly changing face of beijing .	positive
... certainly an entertaining ride , despite many talky , slow scenes .	positive
an escapist confection that 's pure entertainment .	very positive
an amused indictment of jaglom 's own profession .	positive
there is more than one joke about putting the toilet seat down .	neutral
so aggressively cheery that pollyana would reach for a barf bag .	negative
a worthy idea , but the uninspired scripts , acting and direction never rise above the level of an after-school tv special .	negative
beautifully shot , delicately scored and powered by a set of heartfelt performances , it 's a lyrical endeavour .	very positive
pompous and garbled .	very negative
there 's a whole heap of nothing at the core of this slight coming-of-age\/coming-out tale .	negative
for all its problems ... the lady and the duke surprisingly manages never to grow boring ... which proves that rohmer still has a sense of his audience .	positive
the salton sea has moments of inspired humour , though every scrap is of the darkest variety .	positive
a touching , sophisticated film that almost seems like a documentary in the way it captures an italian immigrant family on the brink of major changes .	positive
it is supremely unfunny and unentertaining to watch middle-age and older men drink to excess , piss on trees , b.s. one another and put on a show in drag .	very negative
... myers has turned his franchise into the movie version of an adolescent dirty-joke book done up in post-tarantino pop-culture riffs ...	neutral
a sleep-inducing thriller with a single twist that everyone except the characters in it can see coming a mile away .	negative
cuba gooding jr. valiantly mugs his way through snow dogs , but even his boisterous energy fails to spark this leaden comedy .	negative
a sharp , amusing study of the cult of celebrity .	positive
a culture-clash comedy that , in addition to being very funny , captures some of the discomfort and embarrassment of being a bumbling american in europe .	positive
constantly slips from the grasp of its maker .	very negative
the leaping story line , shaped by director peter kosminsky into sharp slivers and cutting impressions , shows all the signs of rich detail condensed into a few evocative images and striking character traits .	positive
an emotionally strong and politically potent piece of cinema .	very positive
that the real antwone fisher was able to overcome his personal obstacles and become a good man is a wonderful thing ; that he has been able to share his story so compellingly with us is a minor miracle .	very positive
what a dumb , fun , curiously adolescent movie this is .	positive
simplistic , silly and tedious .	negative
we just do n't really care too much about this love story .	negative
writer\/director burr steers emphasizes the q in quirky , with mixed results .	positive
it 's usually a bad sign when directors abandon their scripts and go where the moment takes them , but olympia , wash. , based filmmakers anne de marcken and marilyn freeman did just that and it 's what makes their project so interesting .	positive
now here 's a sadistic bike flick that would have made vittorio de sica proud .	positive
offers laughs and insight into one of the toughest ages a kid can go through .	positive
an extraordinarily silly thriller .	neutral
the faithful will enjoy this sometimes wry adaptation of v.s. naipaul 's novel , but newcomers may find themselves stifling a yawn or two during the first hour .	neutral
disappointingly , the characters are too strange and dysfunctional , tom included , to ever get under the skin , but this is compensated in large part by the off-the-wall dialogue , visual playfulness and the outlandishness of the idea itself .	neutral
for a film about explosions and death and spies , `` ballistic : ecks vs. sever '' seems as safe as a children 's film .	negative
what can one say about a balding 50-year-old actor playing an innocent boy carved from a log ?	neutral
it 's up to -lrb- watts -rrb- to lend credibility to this strange scenario , and her presence succeeds in making us believe .	positive
what makes this film special is serry 's ability to take what is essentially a contained family conflict and put it into a much larger historical context .	very positive
well , in some of those , the mother deer even dies .	negative
... a solid , well-formed satire .	very positive
a pleasant , if forgettable , romp of a film .	neutral
though the opera itself takes place mostly indoors , jacquot seems unsure of how to evoke any sort of naturalism on the set .	neutral
the film is small in scope , yet perfectly formed .	very positive
less than fresh .	negative
labute was more fun when his characters were torturing each other psychologically and talking about their genitals in public .	neutral
those moviegoers who would automatically bypass a hip-hop documentary should give `` scratch '' a second look .	very positive
a 75-minute sample of puerile rubbish that is listless , witless , and devoid of anything resembling humor .	very negative
it 's mired in a shabby script that piles layer upon layer of action man cliché atop wooden dialogue and a shifting tone that falls far short of the peculiarly moral amorality of -lrb- woo 's -rrb- best work .	very negative
using a stock plot , about a boy injects just enough freshness into the proceedings to provide an enjoyable 100 minutes in a movie theater .	positive
old-fashioned but thoroughly satisfying entertainment .	positive
britney 's performance can not be faulted .	neutral
they just have problems , which are neither original nor are presented in convincing way .	negative
`` what john does is heroic , but we do n't condone it , '' one of the film 's stars recently said , a tortuous comment that perfectly illustrates the picture 's moral schizophrenia .	neutral
mindless and boring martial arts and gunplay with too little excitement and zero compelling storyline .	negative
an ingenious and often harrowing look at damaged people and how families can offer either despair or consolation .	positive
below may not mark mr. twohy 's emergence into the mainstream , but his promise remains undiminished .	positive
i think it was plato who said , ' i think , therefore i know better than to rush to the theatre for this one . '	negative
the soul-searching deliberateness of the film , although leavened nicely with dry absurdist wit , eventually becomes too heavy for the plot .	negative
is n't it a bit early in his career for director barry sonnenfeld to do a homage to himself ?	negative
but something seems to be missing .	neutral
this stuck pig of a movie flails limply between bizarre comedy and pallid horror .	very negative
chouraqui brings documentary-like credibility to the horrors of the killing field and the barbarism of ` ethnic cleansing . '	positive
it 's endlessly inventive , consistently intelligent and sickeningly savage .	very positive
red dragon makes one appreciate silence of the lambs .	neutral
yet another weepy southern bore-athon .	neutral
white has n't developed characters so much as caricatures , one-dimensional buffoons that get him a few laughs but nothing else .	negative
world traveler might not go anywhere new , or arrive anyplace special , but it 's certainly an honest attempt to get at something .	positive
it is life affirming and heartbreaking , sweet without the decay factor , funny and sad .	positive
witty dialog between realistic characters showing honest emotions .	positive
it 's mindless junk like this that makes you appreciate original romantic comedies like punch-drunk love .	neutral
a very pretty after-school special .	neutral
hawke 's film , a boring , pretentious waste of nearly two hours , does n't tell you anything except that the chelsea hotel today is populated by whiny , pathetic , starving and untalented artistes .	negative
gets bogged down by an overly sillified plot and stop-and-start pacing .	negative
the lively appeal of the last kiss lies in the ease with which it integrates thoughtfulness and pasta-fagioli comedy .	very positive
using an endearing cast , writer\/director dover kosashvili takes a slightly dark look at relationships , both sexual and kindred .	positive
some body often looks like an episode of the tv show blind date , only less technically proficient and without the pop-up comments .	negative
`` sorority boys '' was funnier , and that movie was pretty bad .	very negative
toes the fine line between cheese and earnestness remarkably well ; everything is delivered with such conviction that it 's hard not to be carried away .	positive
the movie is n't horrible , but you can see mediocre cresting on the next wave .	neutral
silly stuff , all mixed up together like a term paper from a kid who ca n't quite distinguish one sci-fi work from another .	negative
it 's the filmmakers ' post-camp comprehension of what made old-time b movies good-bad that makes eight legged freaks a perfectly entertaining summer diversion .	positive
and , there 's no way you wo n't be talking about the film once you exit the theater .	positive
the rules of attraction gets us too drunk on the party favors to sober us up with the transparent attempts at moralizing .	negative
his work with actors is particularly impressive .	very positive
is `` ballistic '' worth the price of admission ?	neutral
a. . .	neutral
unfolds in a series of achronological vignettes whose cumulative effect is chilling .	positive
after all the big build-up , the payoff for the audience , as well as the characters , is messy , murky , unsatisfying .	neutral
worthless , from its pseudo-rock-video opening to the idiocy of its last frames .	very negative
one of those films that started with a great premise and then just fell apart .	very negative
when you find yourself rooting for the monsters in a horror movie , you know the picture is in trouble .	very negative
a compelling , gut-clutching piece of advocacy cinema that carries you along in a torrent of emotion as it explores the awful complications of one terrifying day .	very positive
wishy-washy .	negative
no one can doubt the filmmakers ' motives , but the guys still feels counterproductive .	negative
it just goes to show , an intelligent person is n't necessarily an admirable storyteller .	negative
the next big thing 's not-so-big -lrb- and not-so-hot -rrb- directorial debut .	neutral
reno does what he can in a thankless situation , the film ricochets from humor to violence and back again , and ryoko hirosue makes us wonder if she is always like that .	neutral
moves in such odd plot directions and descends into such message-mongering moralism that its good qualities are obscured .	negative
for those who like quirky , slightly strange french films , this is a must !	positive
too often , son of the bride becomes an exercise in trying to predict when a preordained `` big moment '' will occur and not `` if . ''	negative
denis forges out of the theories of class - based rage and sisterly obsession a razor-sided tuning fork that rings with cultural , sexual and social discord .	neutral
the mood , look and tone of the film fit the incredible storyline to a t.	positive
it is up to you to decide if you need to see it .	neutral
the story is so light and sugary that were it a macy 's thanksgiving day parade balloon , extra heavy-duty ropes would be needed to keep it from floating away .	neutral
a muddled limp biscuit of a movie , a vampire soap opera that does n't make much sense even on its own terms .	very negative
it 's sweet ... but just a little bit too precious at the start and a little too familiar at the end .	neutral
a certain sexiness underlines even the dullest tangents .	positive
why `` they '' were here and what `` they '' wanted and quite honestly , i did n't care .	negative
shallow .	negative
a work of extraordinary journalism , but it is also a work of deft and subtle poetry .	very positive
but toback 's deranged immediacy makes it seem fresh again .	positive
all three women deliver remarkable performances .	positive
koury frighteningly and honestly exposes one teenager 's uncomfortable class resentment and , in turn , his self-inflicted retaliation .	positive
off the hook is overlong and not well-acted , but credit writer-producer-director adam watstein with finishing it at all .	negative
there is a subversive element to this disney cartoon , providing unexpected fizzability .	positive
in an era where big stars and high production values are standard procedure , narc strikes a defiantly retro chord , and outpaces its contemporaries with daring and verve .	positive
`` freaky friday , '' it 's not .	negative
instead , he focuses on the anguish that can develop when one mulls leaving the familiar to traverse uncharted ground .	neutral
if there 's one big point to promises , it 's that nothing can change while physical and psychological barriers keep the sides from speaking even one word to each other .	neutral
an essentially awkward version of the lightweight female empowerment picture we 've been watching for decades	negative
bolstered by an astonishing voice cast -lrb- excepting love hewitt -rrb- , an interesting racial tension , and a storyline that i have n't encountered since at least pete 's dragon .	positive
while the now 72-year-old robert evans been slowed down by a stroke , he has at least one more story to tell : his own .	positive
this is one baaaaaaaaad movie .	very negative
maggie smith as the ya-ya member with the o2-tank will absolutely crack you up with her crass , then gasp for gas , verbal deportment .	very positive
granddad of le nouvelle vague , jean-luc godard continues to baffle the faithful with his games of hide-and-seek .	neutral
brims with passion : for words , for its eccentric , accident-prone characters , and for the crazy things that keep people going in this crazy life .	very positive
borrows from other movies like it in the most ordinary and obvious fashion .	negative
appropriately cynical social commentary aside , # 9 never quite ignites .	negative
self-congratulatory , misguided , and ill-informed , if nonetheless compulsively watchable .	neutral
the story alone could force you to scratch a hole in your head .	negative
this u-boat does n't have a captain .	negative
there are a few chuckles , but not a single gag sequence that really scores , and the stars seem to be in two different movies .	neutral
photographed with melancholy richness and eloquently performed yet also decidedly uncinematic .	neutral
spectacular in every sense of the word , even if you don ' t know an orc from a uruk-hai .	very positive
a different and emotionally reserved type of survival story -- a film less about refracting all of world war ii through the specific conditions of one man , and more about that man lost in its midst .	positive
you will likely prefer to keep on watching .	positive
a film that 's flawed and brilliant in equal measure .	positive
it 's leaden and predictable , and laughs are lacking .	negative
if i have to choose between gorgeous animation and a lame story -lrb- like , say , treasure planet -rrb- or so-so animation and an exciting , clever story with a batch of appealing characters , i 'll take the latter every time .	neutral
the importance of being earnest movie seems to be missing a great deal of the acerbic repartee of the play . ''	negative
it 's a lovely , eerie film that casts an odd , rapt spell .	very positive
one fantastic -lrb- and educational -rrb- documentary .	very positive
the word that comes to mind , while watching eric rohmer 's tribute to a courageous scottish lady , is painterly .	positive
one of those staggeringly well-produced , joylessly extravagant pictures that keep whooshing you from one visual marvel to the next , hastily , emptily .	neutral
a funny and touching film that is gorgeously acted by a british cast to rival gosford park 's .	very positive
he allows his cast members to make creative contributions to the story and dialogue .	positive
an incoherent jumble of a film that 's rarely as entertaining as it could have been .	very negative
cho continues her exploration of the outer limits of raunch with considerable brio .	positive
instead of panoramic sweep , kapur gives us episodic choppiness , undermining the story 's emotional thrust .	negative
i love the robust middle of this picture .	very positive
for those of us who respond more strongly to storytelling than computer-generated effects , the new star wars installment has n't escaped the rut dug by the last one .	negative
it 's a diverting enough hour-and-a-half for the family audience .	positive
children of the century , though well dressed and well made , ultimately falls prey to the contradiction that afflicts so many movies about writers .	neutral
there is so much plodding sensitivity .	neutral
intriguing and downright intoxicating .	very positive
a sharp satire of desperation and cinematic deception .	positive
i still like moonlight mile , better judgment be damned .	positive
a showcase for both the scenic splendor of the mountains and for legendary actor michel serrault , the film is less successful on other levels .	positive
so brisk is wang 's pacing that none of the excellent cast are given air to breathe .	neutral
with an expressive face reminiscent of gong li and a vivid personality like zhang ziyi 's , dong stakes out the emotional heart of happy .	positive
steve oedekerk is , alas , no woody allen .	negative
george lucas returns as a visionary with a tale full of nuance and character dimension .	positive
putting the primitive murderer inside a high-tech space station unleashes a pandora 's box of special effects that run the gamut from cheesy to cheesier to cheesiest .	negative
with the cheesiest monsters this side of a horror spoof , which they is n't , it is more likely to induce sleep than fright .	very negative
though tom shadyac 's film kicks off spookily enough , around the halfway mark it takes an abrupt turn into glucose sentimentality and laughable contrivance .	negative
`` auto focus '' works as an unusual biopic and document of male swingers in the playboy era	positive
with jump cuts , fast editing and lots of pyrotechnics , yu clearly hopes to camouflage how bad his movie is .	very negative
one of the most depressing movie-going experiences i can think of is to sit through about 90 minutes of a so-called ` comedy ' and not laugh once .	negative
except it 's much , much better .	very positive
good fun , good action , good acting , good dialogue , good pace , good cinematography .	very positive
they exist for hushed lines like `` they 're back ! ''	neutral
it 's a sharp movie about otherwise dull subjects .	positive
is that it 's a crime movie made by someone who obviously knows nothing about crime .	very negative
jason patric and ray liotta make for one splendidly cast pair .	very positive
there 's no clear picture of who killed bob crane .	neutral
if you adored the full monty so resoundingly that you 're dying to see the same old thing in a tired old setting , then this should keep you reasonably entertained .	neutral
its compelling mix of trial movie , escape movie and unexpected fable ensures the film never feels draggy .	positive
not a bad premise , but the execution is lackluster at best .	neutral
insightfully written , delicately performed	very positive
shyamalan should stop trying to please his mom .	negative
kung pow is oedekerk 's realization of his childhood dream to be in a martial-arts flick , and proves that sometimes the dreams of youth should remain just that .	negative
wimps out by going for that pg-13 rating , so the more graphic violence is mostly off-screen and the sexuality is muted .	negative
in my opinion , analyze that is not as funny or entertaining as analyze this , but it is a respectable sequel .	neutral
the directing and story are disjointed , flaws that have to be laid squarely on taylor 's doorstep .	very negative
the movie 's thesis -- elegant technology for the masses -- is surprisingly refreshing .	positive
it 's no lie -- big fat liar is a real charmer .	very positive
a gorgeously strange movie , heaven is deeply concerned with morality , but it refuses to spell things out for viewers .	positive
you 'll cry for your money back .	very negative
the package in which this fascinating -- and timely -- content comes wrapped is disappointingly generic .	negative
a subtle , humorous , illuminating study of politics , power and social mobility .	positive
i loved the look of this film .	positive
this little film is so slovenly done , so primitive in technique , that it ca n't really be called animation .	very negative
another boorish movie from the i-heard-a-joke - at-a-frat-party school of screenwriting .	very negative
it has its faults , but it is a kind , unapologetic , sweetheart of a movie , and mandy moore leaves a positive impression .	positive
a baffling mixed platter of gritty realism and magic realism with a hard-to-swallow premise .	negative
the code talkers deserved better than a hollow tribute .	negative
for proof of that on the cinematic front , look no further than this 20th anniversary edition of the film that spielberg calls , retrospectively , his most personal work yet .	positive
clayburgh and tambor are charming performers ; neither of them deserves eric schaeffer .	neutral
the pitch must have read like a discarded house beautiful spread .	neutral
a slam-bang extravaganza that is all about a wild-and-woolly , wall-to-wall good time .	very positive
life on the rez is no picnic : this picture shows you why .	neutral
what you expect is just what you get ... assuming the bar of expectations has n't been raised above sixth-grade height .	very negative
the campy results make mel brooks ' borscht belt schtick look sophisticated .	positive
an entertainment so in love with its overinflated mythology that it no longer recognizes the needs of moviegoers for real characters and compelling plots .	negative
two badly interlocked stories drowned by all too clever complexity .	negative
when the violence actually shocked ?	neutral
aloof and lacks any real raw emotion , which is fatal for a film that relies on personal relationships .	very negative
an ambitious , serious film that manages to do virtually everything wrong ; sitting through it is something akin to an act of cinematic penance .	neutral
while parker and co-writer catherine di napoli are faithful to melville 's plotline , they and a fully engaged supporting cast ... have made the old boy 's characters more quick-witted than any english lit major would have thought possible .	very positive
the aaa of action , xxx is a blast of adrenalin , rated eee for excitement .	very positive
it 's all surface psychodramatics .	very negative
less-than-compelling documentary of a yiddish theater clan .	neutral
comedian , like its subjects , delivers the goods and audiences will have a fun , no-frills ride .	positive
it was only a matter of time before some savvy producer saw the potential success inherent in the mixture of bullock bubble and hugh goo .	positive
it 's a documentary that says that the alternate sexuality meant to set you free may require so much relationship maintenance that celibacy can start looking good .	neutral
it 's virtually impossible to like any of these despicable characters .	negative
it 's a sweet , laugh-a-minute crowd pleaser that lifts your spirits as well as the corners of your mouth .	positive
scott delivers a terrific performance in this fascinating portrait of a modern lothario .	very positive
replacing john carpenter 's stylish tracking shots is degraded , handheld blair witch video-cam footage .	negative
the film delivers what it promises : a look at the `` wild ride '' that ensues when brash young men set out to conquer the online world with laptops , cell phones and sketchy business plans .	positive
it thankfully goes easy on the reel\/real world dichotomy that -lrb- jaglom -rrb- pursued with such enervating determination in venice\/venice .	positive
a fake street drama that keeps telling you things instead of showing them .	negative
like showgirls and glitter , the most entertaining moments here are unintentional .	negative
possession is in the end an honorable , interesting failure .	neutral
the story is predictable , the jokes are typical sandler fare , and the romance with ryder is puzzling .	negative
mark pellington 's latest pop thriller is as kooky and overeager as it is spooky and subtly in love with myth .	positive
no amount of burning , blasting , stabbing , and shooting can hide a weak script .	very negative
has the marks of a septuagenarian ; it 's a crusty treatment of a clever gimmick .	neutral
hollywood 's answer to an air ball .	neutral
prepare to marvel again .	positive
family togetherness takes a back seat to inter-family rivalry and workplace ambition ... whole subplots have no explanation or even plot relevance .	negative
stiff and schmaltzy and clumsily directed .	very negative
troubling and powerful .	positive
the film virtually chokes on its own self-consciousness .	neutral
cassavetes thinks he 's making dog day afternoon with a cause , but all he 's done is to reduce everything he touches to a shrill , didactic cartoon .	negative
` dragonfly ' dwells on crossing-over mumbo jumbo , manipulative sentimentality , and sappy dialogue .	negative
the characters are interesting and the relationship between yosuke and saeko is worth watching as it develops , but there 's not enough to the story to fill two hours .	neutral
a genuinely moving and wisely unsentimental drama .	very positive
the farcical elements seemed too pat and familiar to hold my interest , yet its diverting grim message is a good one .	neutral
parents , on the other hand , will be ahead of the plot at all times , and there is n't enough clever innuendo to fil	neutral
amy and matthew have a bit of a phony relationship , but the film works in spite of it .	positive
maybe it is formula filmmaking , but there 's nothing wrong with that if the film is well-crafted and this one is .	positive
nohe 's documentary about the event is sympathetic without being gullible : he is n't blind to the silliness , but also captures moments of spontaneous creativity and authentic co-operative interaction .	positive
rock 's stand-up magic wanes .	negative
a delightful , if minor , pastry of a movie .	very positive
a sexy , surprising romance ... idemoto and kim make a gorgeous pair ... their scenes brim with sexual possibility and emotional danger .	very positive
barely .	neutral
there are n't too many films that can be as simultaneously funny , offbeat and heartwarming -lrb- without a thick shmear of the goo , at least -rrb- , but `` elling '' manages to do all three quite well , making it one of the year 's most enjoyable releases .	very positive
plays like some corny television production from a bygone era	negative
as a girl-meets-girl romantic comedy , kissing jessica steinis quirky , charming and often hilarious .	very positive
it 's like a drive-by .	negative
most of the film feels conceived and shot on the fly -- like between lunch breaks for shearer 's radio show and his simpson voice-overs .	neutral
it 's sweet .	positive
one of the worst movies of the year .	very negative
the best drug addition movies are usually depressing but rewarding .	neutral
like brosnan 's performance , evelyn comes from the heart .	very positive
though the film is well-intentioned , one could rent the original and get the same love story and parable .	positive
-lrb- woo 's -rrb- most resonant film since the killer .	positive
it 's rare that a movie can be as intelligent as this one is in every regard except its storyline ; everything that 's good is ultimately scuttled by a plot that 's just too boring and obvious .	negative
this mistaken-identity picture is so film-culture referential that the final product is a ghost .	negative
strange and beautiful film .	positive
a fast-paced , glitzy but extremely silly piece .	neutral
the histrionic muse still eludes madonna and , playing a charmless witch , she is merely a charmless witch .	negative
the result , however well-intentioned , is ironically just the sort of disposable , kitchen-sink homage that illustrates why the whole is so often less than the sum of its parts in today 's hollywood .	very negative
the catch is that they 're stuck with a script that prevents them from firing on all cylinders .	very negative
one of those so-so films that could have been much better .	negative
proves mainly that south korean filmmakers can make undemanding action movies with all the alacrity of their hollywood counterparts .	neutral
how about starting with a more original story instead of just slapping extreme humor and gross-out gags on top of the same old crap ?	neutral
a very familiar tale , one that 's been told by countless filmmakers about italian - , chinese - , irish - , latin - , indian - , russian - and other hyphenate american young men struggling to balance conflicting cultural messages .	neutral
has all the complexity and realistic human behavior of an episode of general hospital .	negative
as original and insightful as last week 's episode of behind the music .	negative
marvelously entertaining and deliriously joyous documentary .	very positive
... this story gets sillier , not scarier , as it goes along ...	negative
... most viewers will wish there had been more of the `` queen '' and less of the `` damned . ''	negative
reveals how important our special talents can be when put in service of of others .	positive
as a vehicle to savour binoche 's skill , the film is well worthwhile .	very positive
what saves this deeply affecting film from being merely a collection of wrenching cases is corcuera 's attention to detail .	positive
steers , in his feature film debut , has created a brilliant motion picture .	very positive
it has a way of seeping into your consciousness , with lingering questions about what the film is really getting at .	positive
the charms of the lead performances allow us to forget most of the film 's problems .	positive
the pleasure of read my lips is like seeing a series of perfect black pearls clicking together to form a string .	very positive
insomnia loses points when it surrenders to a formulaic bang-bang , shoot-em-up scene at the conclusion .	negative
this would-be ` james bond for the extreme generation ' pic is one big , dumb action movie .	very negative
when it comes to the battle of hollywood vs. woo , it looks like woo 's a p.o.w.	negative
initial strangeness inexorably gives way to rote sentimentality and mystical tenderness becomes narrative expedience .	neutral
evelyn may be based on a true and historically significant story , but the filmmakers have made every effort to disguise it as an unimaginative screenwriter 's invention .	very negative
characterisation has been sacrificed for the sake of spectacle .	very negative
a farce of a parody of a comedy of a premise , it is n't a comparison to reality so much as it is a commentary about our knowledge of films .	neutral
it turns out to be smarter and more diabolical than you could have guessed at the beginning .	very positive
is significantly less charming than listening to a four-year-old with a taste for exaggeration recount his halloween trip to the haunted house .	very negative
an example of quiet , confident craftsmanship that tells a sweet , charming tale of intergalactic friendship .	very positive
` would n't it be nice if all guys got a taste of what it 's like on the other side of the bra ? '	neutral
the origin story is well told , and the characters will not disappoint anyone who values the original comic books .	neutral
cheap , vulgar dialogue and a plot that crawls along at a snail 's pace .	negative
been there done that .	negative
something has been lost in the translation ... another routine hollywood frightfest in which the slack execution italicizes the absurdity of the premise .	negative
tense , terrific , sweaty-palmed fun .	positive
despite some charm and heart , this quirky soccer import is forgettable	negative
cuaron repeatedly , perversely undercuts the joie de vivre even as he creates it , giving the movie a mournful undercurrent that places the good-time shenanigans in welcome perspective .	very positive
for all its brooding quality , ash wednesday is suspenseful and ultimately unpredictable , with a sterling ensemble cast .	positive
delivers the sexy razzle-dazzle that everyone , especially movie musical fans , has been hoping for .	positive
the thing looks like a made-for-home-video quickie .	neutral
-- that the ` true story ' by which all the queen 's men is allegedly `` inspired '' was a lot funnier and more deftly enacted than what 's been cobbled together onscreen .	negative
you could hate it for the same reason .	negative
a story about intelligent high school students that deals with first love sweetly but also seriously .	positive
waydowntown may not be an important movie , or even a good one , but it provides a nice change of mindless pace in collision with the hot oscar season currently underway .	positive
reeboir varies between a sweet smile and an angry bark , while said attempts to wear down possible pupils through repetition .	neutral
`` frailty '' starts out like a typical bible killer story , but it turns out to be significantly different -lrb- and better -rrb- than most films with this theme .	very positive
thanks to the château 's balance of whimsicality , narrative discipline and serious improvisation , almost every relationship and personality in the film yields surprises .	positive
gaghan captures the half-lit , sometimes creepy intimacy of college dorm rooms , a subtlety that makes the silly , over-the-top coda especially disappointing .	very negative
julie davis is the kathie lee gifford of film directors , sadly proving once again ego does n't always go hand in hand with talent .	negative
in the affable maid in manhattan , jennifer lopez 's most aggressive and most sincere attempt to take movies by storm , the diva shrewdly surrounds herself with a company of strictly a-list players .	positive
a movie that at its best does n't just make the most out of its characters ' flaws but insists on the virtue of imperfection .	neutral
elegantly produced and expressively performed , the six musical numbers crystallize key plot moments into minutely detailed wonders of dreamlike ecstasy .	very positive
dark and unrepentant , this excursion into the epicenter of percolating mental instability is not easily dismissed or forgotten .	positive
you really have to salute writer-director haneke -lrb- he adapted elfriede jelinek 's novel -rrb- for making a film that is n't nearly as graphic but much more powerful , brutally shocking and difficult to watch .	neutral
a tedious parable about honesty and good sportsmanship .	neutral
it is an indelible epic american story about two families , one black and one white , facing change in both their inner and outer lives .	neutral
solondz may be convinced that he has something significant to say , but he is n't talking a talk that appeals to me .	negative
a beautifully shot but dull and ankle-deep ` epic . '	negative
stale , futile scenario .	negative
a film in a class with spike lee 's masterful do the right thing .	very positive
not kids , who do n't need the lesson in repugnance .	neutral
in addition to sporting one of the worst titles in recent cinematic history , ballistic : ecks vs. sever also features terrible , banal dialogue ; convenient , hole-ridden plotting ; superficial characters and a rather dull , unimaginative car chase .	very negative
if this silly little cartoon can inspire a few kids not to grow up to be greedy bastards , more power to it .	neutral
full of the kind of obnoxious chitchat that only self-aware neurotics engage in .	negative
a simpler , leaner treatment would have been preferable ; after all , being about nothing is sometimes funnier than being about something .	negative
a delightful stimulus for the optic nerves , so much that it 's forgivable that the plot feels like every other tale of a totalitarian tomorrow .	positive
nothing but an episode of smackdown !	negative
for all the charm of kevin kline and a story that puts old-fashioned values under the microscope , there 's something creepy about this movie .	positive
it 's been made with an innocent yet fervid conviction that our hollywood has all but lost .	neutral
the actresses may have worked up a back story for the women they portray so convincingly , but viewers do n't get enough of that background for the characters to be involving as individuals rather than types .	neutral
made me feel uneasy , even queasy , because -lrb- solondz 's -rrb- cool compassion is on the border of bemused contempt .	neutral
kirshner and monroe seem to be in a contest to see who can out-bad-act the other .	very negative
the only reason you should see this movie is if you have a case of masochism and an hour and a half to blow .	negative
it 's pretentious in a way that verges on the amateurish .	very negative
a plodding teen remake that 's so mechanical you can smell the grease on the plot twists .	very negative
it 's drab .	negative
... a delightfully unpredictable , hilarious comedy with wonderful performances that tug at your heart in ways that utterly transcend gender labels .	very positive
what 's so striking about jolie 's performance is that she never lets her character become a caricature -- not even with that radioactive hair .	positive
director roger michell does so many of the little things right that it 's difficult not to cuss him out severely for bungling the big stuff .	neutral
in my own very humble opinion , in praise of love lacks even the most fragmented charms i have found in almost all of his previous works .	very negative
i 've never bought from telemarketers , but i bought this movie .	positive
woven together handsomely , recalling sixties ' rockumentary milestones from lonely boy to do n't look back .	positive
melodrama with a message .	neutral
horrid little propaganda film with fascinating connections not only to the serbs themselves but also to a network of american right-wing extremists .	positive
a sun-drenched masterpiece , part parlor game , part psychological case study , part droll social satire .	very positive
a thriller without thrills and a mystery devoid of urgent questions .	negative
10 minutes into the film you 'll be white-knuckled and unable to look away .	very positive
an enjoyable above average summer diversion .	positive
watching this film , what we feel is n't mainly suspense or excitement .	negative
a lot of its gags and observations reflect a woman 's point-of-view .	neutral
it 's not going to be everyone 's bag of popcorn , but it definitely gives you something to chew on .	positive
violent , vulgar and forgettably entertaining .	negative
like many such biographical melodramas , it suffers from the awkwardness that results from adhering to the messiness of true stories .	very negative
as a story of dramatic enlightenment , the screenplay by billy ray and terry george leaves something to be desired .	negative
sometimes charming , sometimes infuriating , this argentinean ` dramedy ' succeeds mainly on the shoulders of its actors .	positive
`` 13 conversations about one thing '' is an intelligent flick that examines many different ideas from happiness to guilt in an intriguing bit of storytelling .	very positive
a no-holds-barred cinematic treat .	very positive
your appreciation of it will depend on what experiences you bring to it and what associations you choose to make .	neutral
plotless collection of moronic stunts is by far the worst movie of the year .	very negative
all in all , road to perdition is more in love with strangeness than excellence .	positive
with all the sympathy , empathy and pity fogging up the screen ... his secret life enters the land of unintentional melodrama and tiresome love triangles .	negative
like a fish that 's lived too long , austin powers in goldmember has some unnecessary parts and is kinda wrong in places .	negative
adaptation 's success in engaging the audience in the travails of creating a screenplay is extraordinary .	very positive
canadian filmmaker gary burns ' inventive and mordantly humorous take on the soullessness of work in the city .	very positive
ultimately , `` mib ii '' succeeds due to its rapid-fire delivery and enough inspired levity that it ca n't be dismissed as mindless .	positive
like the original , this version is raised a few notches above kiddie fantasy pablum by allen 's astringent wit .	positive
go for la salle 's performance , and make do as best you can with a stuttering script .	neutral
was i scared ?	neutral
fast , frantic and fun , but also soon forgotten	neutral
tries so hard to be quirky and funny that the strain is all too evident .	very negative
the self-serious equilibrium makes its point too well ; a movie , like life , is n't much fun without the highs and lows .	negative
a family film that contains some hefty thematic material on time , death , eternity , and what is needed to live a rich and full life .	positive
a riveting profile of law enforcement , and a visceral , nasty journey into an urban hades .	positive
by no means a great movie , but it is a refreshingly forthright one .	positive
rewarding .	positive
often hilarious .	positive
a perfectly competent and often imaginative film that lacks what little lilo & stitch had in spades -- charisma .	neutral
shot largely in small rooms , the film has a gentle , unforced intimacy that never becomes claustrophobic .	very positive
just watch bettany strut his stuff .	neutral
it provides a grim , upsetting glimpse at the lives of some of the 1.2 million palestinians who live in the crowded cities and refugee camps of gaza .	neutral
i like all four of the lead actors a lot and they manage to squeeze a few laughs out of the material , but they 're treading water at best in this forgettable effort .	positive
jaunty fun , with its celeb-strewn backdrop well used .	neutral
the adventure does n't contain half the excitement of balto , or quarter the fun of toy story 2 .	negative
a very charming and funny movie .	very positive
if you 're looking for a tale of brits behaving badly , watch snatch again .	neutral
you get the idea , though , that kapur intended the film to be more than that .	neutral
nair 's attention to detail creates an impeccable sense of place , while thurman and lewis give what can easily be considered career-best performances .	very positive
... the maudlin way its story unfolds suggests a director fighting against the urge to sensationalize his material .	negative
beware the quirky brit-com .	negative
a sense of real magic , perhaps .	positive
in theory , a middle-aged romance pairing clayburgh and tambor sounds promising , but in practice it 's something else altogether -- clownish and offensive and nothing at all like real life .	negative
a tour de force of modern cinema .	positive
able to provide insight into a fascinating part of theater history .	positive
it still feels like a prison stretch .	negative
a lifetime movie about men .	neutral
near the end takes on a whole other meaning .	neutral
adams , with four scriptwriters , takes care with the characters , who are so believable that you feel what they feel .	very positive
he makes you realize that deep inside righteousness can be found a tough beauty .	very positive
this is historical filmmaking without the balm of right-thinking ideology , either liberal or conservative .	positive
the direction , by george hickenlooper , has no snap to it , no wiseacre crackle or hard-bitten cynicism .	negative
-lrb- a -rrb- smarter and much funnier version of the old police academy flicks .	positive
her fans walked out muttering words like `` horrible '' and `` terrible , '' but had so much fun dissing the film that they did n't mind the ticket cost .	very negative
a supernatural mystery that does n't know whether it wants to be a suspenseful horror movie or a weepy melodrama .	negative
snipes relies too much on a scorchingly plotted dramatic scenario for its own good .	neutral
an impeccable study in perversity .	positive
then nadia 's birthday might not have been such a bad day after all .	neutral
what sets it apart is the vision that taymor , the avant garde director of broadway 's the lion king and the film titus , brings .	positive
twenty years later , reggio still knows how to make a point with poetic imagery , but his ability to startle has been stifled by the very prevalence of the fast-forward technology that he so stringently takes to task .	neutral
offers the flash of rock videos fused with solid performances and eerie atmosphere .	very positive
but the film itself is ultimately quite unengaging .	very negative
a sleep-inducingly slow-paced crime drama with clumsy dialogue , heavy-handed phoney-feeling sentiment , and an overly-familiar set of plot devices .	very negative
decasia is what has happened already to so many silent movies , newsreels and the like .	neutral
an awful movie that will only satisfy the most emotionally malleable of filmgoers .	very negative
i guess it just goes to show that if you give a filmmaker an unlimited amount of phony blood , nothing good can happen .	very negative
time of favor could have given audiences the time of day by concentrating on the elements of a revealing alienation among a culture of people who sadly are at hostile odds with one another through recklessness and retaliation .	negative
a waste of fearless purity in the acting craft .	negative
twenty years after its first release , e.t. remains the most wondrous of all hollywood fantasies -- and the apex of steven spielberg 's misunderstood career .	very positive
more of a career curio than a major work .	neutral
suffers from unlikable characters and a self-conscious sense of its own quirky hipness .	very negative
talky , artificial and opaque ... an interesting technical exercise , but a tedious picture .	very negative
filled with low-brow humor , gratuitous violence and a disturbing disregard for life .	negative
the great pity is that those responsible did n't cut their losses -- and ours -- and retitle it the adventures of direct-to-video nash , and send it to its proper home .	negative
beneath the uncanny , inevitable and seemingly shrewd facade of movie-biz farce ... lies a plot cobbled together from largely flat and uncreative moments .	very negative
more tiring than anything .	negative
laconic and very stilted in its dialogue , this indie flick never found its audience , probably because it 's extremely hard to relate to any of the characters .	negative
uzumaki 's interesting social parallel and defiant aesthetic seems a prostituted muse ...	negative
a perceptive , good-natured movie .	positive
the spalding gray equivalent of a teen gross-out comedy .	neutral
maelstrom is strange and compelling , engrossing and different , a moral tale with a twisted sense of humor .	very positive
humorous , artsy , and even cute , in an off-kilter , dark , vaguely disturbing way .	neutral
if you 're looking for a story , do n't bother .	negative
reign of fire never comes close to recovering from its demented premise , but it does sustain an enjoyable level of ridiculousness .	negative
if you ever wondered what it would be like to be smack in the middle of a war zone armed with nothing but a camera , this oscar-nominated documentary takes you there .	very positive
other than a mildly engaging central romance , hospital is sickly entertainment at best and mind-destroying cinematic pollution at worst .	very negative
the movie is like scorsese 's mean streets redone by someone who ignored it in favor of old ` juvenile delinquent ' paperbacks with titles like leather warriors and switchblade sexpot .	negative
like the chilled breath of oral storytelling frozen onto film .	positive
captivates as it shows excess in business and pleasure , allowing us to find the small , human moments , and leaving off with a grand whimper .	positive
this is mostly well-constructed fluff , which is all it seems intended to be .	neutral
gay or straight , kissing jessica stein is one of the greatest date movies in years .	very positive
when the heroes were actually under 40 ?	neutral
he drags it back , single-handed .	positive
translating complex characters from novels to the big screen is an impossible task but they are true to the essence of what it is to be ya-ya .	positive
if horses could fly , this is surely what they 'd look like .	neutral
the only upside to all of this unpleasantness is , given its labor day weekend upload , feardotcom should log a minimal number of hits .	neutral
there is nothing funny in this every-joke-has - been-told-a - thousand-times - before movie .	very negative
a thoughtful and surprisingly affecting portrait of a screwed-up man who dared to mess with some powerful people , seen through the eyes of the idealistic kid who chooses to champion his ultimately losing cause .	very positive
reggio and glass put on an intoxicating show .	positive
a rare and lightly entertaining look behind the curtain that separates comics from the people laughing in the crowd .	very positive
be prepared to cling to the edge of your seat , tense with suspense .	very positive
the mantra behind the project seems to have been ` it 's just a kids ' flick . '	negative
serviceable at best , slightly less than serviceable at worst .	neutral
both heartbreaking and heartwarming ... just a simple fable done in an artless sytle , but it 's tremendously moving .	very positive
the series ' message about making the right choice in the face of tempting alternatives remains prominent , as do the girls ' amusing personalities .	positive
the santa clause 2 's plot may sound like it was co-written by mattel executives and lobbyists for the tinsel industry .	negative
it 's surprisingly decent , particularly for a tenth installment in a series .	positive
the party scenes deliver some tawdry kicks .	neutral
true to its animatronic roots : ... as stiff , ponderous and charmless as a mechanical apparatus ... ` the country bears ' should never have been brought out of hibernation .	very negative
the piano teacher is not an easy film .	negative
degenerates into hogwash .	very negative
absurdities and clichés accumulate like lint in a fat man 's navel .	very negative
those who are not acquainted with the author 's work , on the other hand , may fall fast asleep .	negative
sex with strangers is fascinating ...	very positive
unlike trey parker , sandler does n't understand that the idea of exploiting molestation for laughs is funny , not actually exploiting it yourself .	negative
byler is too savvy a filmmaker to let this morph into a typical romantic triangle .	positive
smug , artificial , ill-constructed and fatally overlong ... it never finds a consistent tone and lacks bite , degenerating into a pious , preachy soap opera .	neutral
green ruins every single scene he 's in , and the film , while it 's not completely wreaked , is seriously compromised by that .	negative
a minor film with major pleasures from portuguese master manoel de oliviera ...	very positive
not everything in the film works , including its somewhat convenient ending .	neutral
stealing harvard ca n't even do that much .	negative
leguizamo and jones are both excellent and the rest of the cast is uniformly superb .	very positive
if the predictability of bland comfort food appeals to you , then the film is a pleasant enough dish .	negative
the story suffers a severe case of oversimplification , superficiality and silliness .	very negative
a technical triumph and an extraordinary bore .	negative
the characters ... are paper-thin , and their personalities undergo radical changes when it suits the script .	very negative
neither quite a comedy nor a romance , more of an impish divertissement of themes that interest attal and gainsbourg -- they live together -- the film has a lot of charm .	positive
likely to have decades of life as a classic movie franchise ?	positive
what they see in each other also is difficult to fathom .	negative
this is a fascinating film because there is no clear-cut hero and no all-out villain .	very positive
another trumpet blast that there may be a new mexican cinema a-bornin ' . '	positive
it 's clear that mehta simply wanted to update her beloved genre for the thousands of indians who fancy themselves too sophisticated for the cheese-laced spectacles that pack 'em in on the subcontinent .	neutral
what might have been readily dismissed as the tiresome rant of an aging filmmaker still thumbing his nose at convention takes a surprising , subtle turn at the midway point .	negative
expands the limits of what a film can be , taking us into the lives of women to whom we might not give a second look if we passed them on the street .	positive
does not go far enough in its humor or stock ideas to stand out as particularly memorable or even all that funny .	negative
it 's obvious -lrb- je-gyu is -rrb- trying for poetry ; what he gets instead has all the lyricism of a limerick scrawled in a public restroom .	neutral
despite the film 's shortcomings , the stories are quietly moving .	positive
from blushing to gushing -- imamura squirts the screen in ` warm water under a red bridge '	positive
delight your senses and crash this wedding !	very positive
the best thing i can say about this film is that i ca n't wait to see what the director does next .	very positive
... wallace is smart to vary the pitch of his movie , balancing deafening battle scenes with quieter domestic scenes of women back home receiving war department telegrams .	positive
the screenplay comes across , rather unintentionally , as hip-hop scooby-doo .	neutral
a true-blue delight .	very positive
about as enjoyable , i would imagine , as searching for a quarter in a giant pile of elephant feces ... positively dreadful .	very negative
it leaves little doubt that kidman has become one of our best actors .	very positive
what ensues are much blood-splattering , mass drug-induced bowel evacuations , and none-too-funny commentary on the cultural distinctions between americans and brits .	very negative
an enjoyable experience .	very positive
and they succeed merrily at their noble endeavor .	positive
very much a home video , and so devoid of artifice and purpose that it appears not to have been edited at all .	very negative
no , even that 's too committed .	negative
the entire movie is in need of a scented bath .	very negative
i spied with my little eye ... a mediocre collection of cookie-cutter action scenes and occasionally inspired dialogue bits	negative
it shares the first two films ' loose-jointed structure , but laugh-out-loud bits are few and far between .	neutral
director david jacobson gives dahmer a consideration that the murderer never game his victims .	neutral
the hours , a delicately crafted film , is an impressive achievement in spite of a river of sadness that pours into every frame .	positive
it 's all a rather shapeless good time ...	neutral
a direct-to-void release , heading nowhere .	neutral
are we dealing with dreams , visions or being told what actually happened as if it were the third ending of clue ?	negative
soderbergh seems capable only of delivering artfully lighted , earnest inquiries that lack the kind of genuine depth that would make them redeemable .	neutral
this movie is so bad , that it 's almost worth seeing because it 's so bad .	negative
no better or worse than ` truth or consequences , n.m. ' or any other interchangeable actioner with imbecilic mafia toolbags botching a routine assignment in a western backwater .	negative
well , this movie proves you wrong on both counts .	negative
much of it is funny , but there are also some startling , surrealistic moments ...	positive
those who are only mildly curious , i fear , will be put to sleep or bewildered by the artsy and often pointless visuals .	negative
its engaging simplicity is driven by appealing leads .	very positive
theological matters aside , the movie is so clumsily sentimental and ineptly directed it may leave you speaking in tongues .	negative
this 90-minute postmodern voyage was more diverting and thought-provoking than i 'd expected it to be .	positive
ignoring that , he made swimfan anyway	negative
but , no , we get another scene , and then another .	neutral
we never truly come to care about the main characters and whether or not they 'll wind up together , and michele 's spiritual quest is neither amusing nor dramatic enough to sustain interest .	very negative
as a hybrid teen thriller and murder mystery , murder by numbers fits the profile too closely .	neutral
like schindler 's list , the grey zone attempts to be grandiloquent , but ends up merely pretentious -- in a grisly sort of way .	negative
a touching drama about old age and grief with a tour de force performance by michel piccoli .	very positive
video games are more involving than this mess .	negative
if there ai n't none , you have a problem .	neutral
an obvious copy of one of the best films ever made , how could it not be ?	negative
it gets bogged down by hit-and-miss topical humour before getting to the truly good stuff .	neutral
the plan to make enough into ` an inspiring tale of survival wrapped in the heart-pounding suspense of a stylish psychological thriller ' has flopped as surely as a soufflé gone wrong .	very negative
dog soldiers does n't transcend genre -- it embraces it , energizes it and takes big bloody chomps out of it .	positive
wow , a jump cut !	neutral
third time 's the charm ... yeah , baby !	very positive
weighty and ponderous but every bit as filling as the treat of the title .	positive
i found myself more appreciative of what the director was trying to do than of what he had actually done .	neutral
would you laugh if a tuba-playing dwarf rolled down a hill in a trash can ?	neutral
makes the case for a strong education and good teachers being more valuable in the way they help increase an average student 's self-esteem , and not strictly in the knowledge imparted .	positive
a giddy and provocative sexual romp that has something to say .	positive
what 's not to like about a movie with a ` children 's ' song that includes the line ` my stepdad 's not mean , he 's just adjusting ' ?	positive
equilibrium the movie , as opposed to the manifesto , is really , really stupid .	very negative
suffers from over-familiarity since hit-hungry british filmmakers have strip-mined the monty formula mercilessly since 1997 .	very negative
eventually arrives at its heart , as simple self-reflection meditation .	positive
in a summer overrun with movies dominated by cgi aliens and super heroes , it revigorates the mind to see a feature that concentrates on people , a project in which the script and characters hold sway .	very positive
schneider 's mugging is relentless and his constant need to suddenly transpose himself into another character undermines the story 's continuity and progression .	neutral
for most movies , 84 minutes is short , but this one feels like a life sentence .	very negative
what begins as a conventional thriller evolves into a gorgeously atmospheric meditation on life-changing chance encounters .	positive
explosions , jokes , and sexual innuendoes abound .	neutral
it was filled with shootings , beatings , and more cussing than you could shake a stick at .	neutral
it 's rare for any movie to be as subtle and touching as the son 's room .	positive
not as well-written as sexy beast , not as gloriously flippant as lock , stock and two smoking barrels , but stylish and moody and exceptionally well-acted .	positive
spielberg 's realization of a near-future america is masterful .	very positive
amidst the action , the script carries arnold -lrb- and the viewers -rrb- into the forbidden zone of sympathizing with terrorist motivations by presenting the `` other side of the story . ''	positive
as gory as the scenes of torture and self-mutilation may be , they are pitted against shimmering cinematography that lends the setting the ethereal beauty of an asian landscape painting .	very positive
maelstrom is a deliberately unsteady mixture of stylistic elements .	neutral
jones has delivered a solidly entertaining and moving family drama .	very positive
-lrb- h -rrb- ad i suffered and bled on the hard ground of ia drang , i 'd want something a bit more complex than we were soldiers to be remembered by .	negative
it 's sort of in-between , and it works .	positive
he 's the scariest guy you 'll see all summer .	positive
unfunny comedy with a lot of static set ups , not much camera movement , and most of the scenes take place indoors in formal settings with motionless characters .	very negative
a movie in which two not very absorbing characters are engaged in a romance you ca n't wait to see end .	very negative
a cultural wildcard experience : wacky , different , unusual , even nutty .	very positive
mediocre fable from burkina faso .	negative
a hallmark film in an increasingly important film industry and worth the look .	positive
the worst film of the year .	very negative
a funny , triumphant , and moving documentary .	very positive
for the most part , the film does hold up pretty well .	positive
it 's about issues most adults have to face in marriage and i think that 's what i liked about it -- the real issues tucked between the silly and crude storyline .	positive
there 's a spontaneity to the chateau , a sense of light-heartedness , that makes it attractive throughout .	positive
in fact , it 's quite fun in places .	positive
it 's a barely tolerable slog over well-trod ground .	very negative
manipulative claptrap , a period-piece movie-of-the-week , plain old blarney ... take your pick .	very negative
not that any of us should be complaining when a film clocks in around 90 minutes these days , but the plotting here leaves a lot to be desired .	negative
it 's crap on a leash -- far too polite to scale the lunatic heights of joe dante 's similarly styled gremlins .	very negative
hollywood ending is not show-stoppingly hilarious , but scathingly witty nonetheless .	positive
the climactic events are so well realized that you may forget all about the original conflict , just like the movie does	neutral
it 's an exhilarating place to visit , this laboratory of laughter .	very positive
as crimes go , writer-director michael kalesniko 's how to kill your neighbor 's dog is slight but unendurable .	neutral
genuinely unnerving .	positive
enriched by a strong and unforced supporting cast .	very positive
without any redeeming value whatsoever .	very negative
an intoxicating experience .	very positive
rock solid family fun out of the gates , extremely imaginative through out , but wanes in the middle	positive
they cheapen the overall effect .	negative
this engrossing , characteristically complex tom clancy thriller is shifty in the manner in which it addresses current terrorism anxieties and sidesteps them at the same time .	neutral
it 's exactly what you 'd expect .	neutral
what results is the best performance from either in years .	very positive
a feature-length , r-rated , road-trip version of mama 's family .	neutral
s1m0ne 's satire is not subtle , but it is effective .	positive
has its charming quirks and its dull spots .	neutral
an already thin story boils down to surviving invaders seeking an existent anti-virus .	very negative
a confluence of kiddie entertainment , sophisticated wit and symbolic graphic design .	positive
a period story about a catholic boy who tries to help a jewish friend get into heaven by sending the audience straight to hell .	very negative
a film that should be relegated to a dark video store corner is somehow making its way instead to theaters .	very negative
deliberately and skillfully uses ambiguity to suggest possibilities which imbue the theme with added depth and resonance .	positive
and more than that , it 's an observant , unfussily poetic meditation about identity and alienation .	positive
exploits -lrb- headbanger -rrb- stereotypes in good fun , while adding a bit of heart and unsettling subject matter .	positive
resurrection has the dubious distinction of being a really bad imitation of the really bad blair witch project .	negative
the film did n't move me one way or the other , but it was an honest effort and if you want to see a flick about telemarketers this one will due .	neutral
fluffy and disposible .	negative
in its treatment of the dehumanizing and ego-destroying process of unemployment , time out offers an exploration that is more accurate than anything i have seen in an american film .	positive
odd and weird .	negative
the beauty of alexander payne 's ode to the everyman is in the details .	positive
wait for it to hit cable .	neutral
no matter how much he runs around and acts like a doofus , accepting a 50-year-old in the role is creepy in a michael jackson sort of way .	negative
he gets his secretary to fax it . ''	neutral
meyjes ' provocative film might be called an example of the haphazardness of evil .	positive
can i admit xxx is as deep as a petri dish and as well-characterized as a telephone book but still say it was a guilty pleasure ?	negative
a hugely rewarding experience that 's every bit as enlightening , insightful and entertaining as grant 's two best films -- four weddings and a funeral and bridget jones 's diary .	very positive
jam-packed with literally bruising jokes .	neutral
interview with the assassin is structured less as a documentary and more as a found relic , and as such the film has a difficult time shaking its blair witch project real-time roots .	negative
it 's mildly interesting to ponder the peculiar american style of justice that plays out here , but it 's so muddled and derivative that few will bother thinking it all through .	negative
it 's actually pretty funny , but in all the wrong places .	neutral
the narrative is so consistently unimaginative that probably the only way to have saved the film is with the aid of those wisecracking mystery science theater 3000 guys .	neutral
film ca n't quite maintain its initial momentum , but remains sporadically funny throughout .	neutral
it appears to have been modeled on the worst revenge-of-the-nerds clichés the filmmakers could dredge up .	very negative
reign of fire has the disadvantage of also looking cheap .	very negative
to call this one an eventual cult classic would be an understatement , and woe is the horror fan who opts to overlook this goofily endearing and well-lensed gorefest .	very positive
a distinguished and thoughtful film , marked by acute writing and a host of splendid performances .	very positive
grant is n't cary and bullock is n't katherine .	negative
a terrible adaptation of a play that only ever walked the delicate tightrope between farcical and loathsome .	very negative
not just unlikable .	negative
a fresh-faced , big-hearted and frequently funny thrill ride for the kiddies , with enough eye candy and cheeky wit to keep parents away from the concession stand . '	very positive
priggish , lethargically paced parable of renewal .	very negative
disgusting .	very negative
excruciatingly unfunny and pitifully unromantic .	negative
films about loss , grief and recovery are pretty valuable these days .	positive
-lrb- it 's -rrb- a clever thriller with enough unexpected twists to keep our interest .	positive
as if drop dead gorgeous was n't enough , this equally derisive clunker is fixated on the spectacle of small-town competition .	negative
but believe it or not , it 's one of the most beautiful , evocative works i 've seen .	very positive
real women have curves wears its empowerment on its sleeve but even its worst harangues are easy to swallow thanks to remarkable performances by ferrera and ontiveros .	positive
the film 's plot may be shallow , but you 've never seen the deep like you see it in these harrowing surf shots .	positive
the two leads , nearly perfect in their roles , bring a heart and reality that buoy the film , and at times , elevate it to a superior crime movie .	very positive
a little objectivity could have gone a long way .	neutral
mastering its formidable arithmetic of cameras and souls , group articulates a flood of emotion .	positive
... a great , participatory spectator sport . '	positive
... really horrible drek .	very negative
wang xiaoshuai directs this intricately structured and well-realized drama that presents a fascinating glimpse of urban life and the class warfare that embroils two young men .	positive
the problem is that the movie has no idea of it is serious or not .	negative
a must for fans of british cinema , if only because so many titans of the industry are along for the ride .	very positive
but it 's hard to imagine a more generic effort in the genre .	very negative
what makes it worth watching is quaid 's performance .	positive
snoots will no doubt rally to its cause , trotting out threadbare standbys like ` masterpiece ' and ` triumph ' and all that malarkey , but rarely does an established filmmaker so ardently waste viewers ' time with a gobbler like this .	negative
... stale and uninspired .	negative
hey , happy !	positive
perfectly pitched between comedy and tragedy , hope and despair , about schmidt instead comes far closer than many movies to expressing the way many of us live -- someplace between consuming self-absorption and insistently demanding otherness .	very positive
it reaffirms life as it looks in the face of death .	positive
it 's the humanizing stuff that will probably sink the film for anyone who does n't think about percentages all day long .	negative
if the full monty was a freshman fluke , lucky break is -lrb- cattaneo -rrb- sophomore slump .	negative
rarely does a film so graceless and devoid of merit as this one come along .	very negative
this comic gem is as delightful as it is derivative .	very positive
for all its brilliant touches , dragon loses its fire midway , nearly flickering out by its perfunctory conclusion .	negative
no , i love it ... hell , i dunno .	positive
dull , a road-trip movie that 's surprisingly short of both adventure and song .	very negative
baran is shockingly devoid of your typical majid majidi shoe-loving , crippled children .	negative
khouri manages , with terrific flair , to keep the extremes of screwball farce and blood-curdling family intensity on one continuum .	positive
as the movie dragged on , i thought i heard a mysterious voice , and felt myself powerfully drawn toward the light -- the light of the exit sign .	very negative
that 's its first sign of trouble .	negative
the movie is ingenious fun .	very positive
ah , yes , that would be me : fighting off the urge to doze .	very negative
a visually flashy but narratively opaque and emotionally vapid exercise in style and mystification .	negative
until it goes off the rails in its final 10 or 15 minutes , wendigo , larry fessenden 's spooky new thriller , is a refreshingly smart and newfangled variation on several themes derived from far less sophisticated and knowing horror films .	positive
you walk out of the good girl with mixed emotions -- disapproval of justine combined with a tinge of understanding for her actions .	positive
quitting delivers a sucker-punch , and its impact is all the greater beause director zhang 's last film , the cuddly shower , was a non-threatening multi-character piece centered around a public bath house .	neutral
hard-core slasher aficionados will find things to like ... but overall the halloween series has lost its edge .	negative
a well-made but emotionally scattered film whose hero gives his heart only to the dog .	neutral
it 's the perfect star vehicle for grant , allowing him to finally move away from his usual bumbling , tongue-tied screen persona .	positive
it grabs you in the dark and shakes you vigorously for its duration .	positive
makes the same mistake as the music industry it criticizes , becoming so slick and watered-down it almost loses what made you love it in the first place .	negative
tedious norwegian offering which somehow snagged an oscar nomination .	negative
the plot twists give i am trying to break your heart an attraction it desperately needed .	positive
breen 's script is sketchy with actorish notations on the margin of acting .	negative
like an episode of mtv 's undressed , with 20 times the creativity but without any more substance ... indulgently entertaining but could have and should have been deeper .	neutral
the film can depress you about life itself .	negative
the slam-bang superheroics are kinetic enough to engross even the most antsy youngsters .	very positive
the film was n't preachy , but it was feminism by the book .	neutral
like being invited to a classy dinner soiree and not knowing anyone .	neutral
then you get another phone call warning you that if the video is n't back at blockbuster before midnight , you 're going to face frightening late fees .	negative
until -lrb- the -rrb- superfluous ... epilogue that leaks suspension of disbelief like a sieve , die another day is as stimulating & heart-rate-raising as any james bond thriller .	neutral
samuel beckett applied to the iranian voting process .	neutral
its cast full of caffeinated comedy performances more than make up for its logical loopholes , which fly by so fast there 's no time to think about them anyway .	positive
the dark and bittersweet twist feels strange as things turn nasty and tragic during the final third of the film .	neutral
something for everyone .	positive
the story is -- forgive me -- a little thin , and the filmmaking clumsy and rushed .	negative
graphic sex may be what 's attracting audiences to unfaithful , but gripping performances by lane and gere are what will keep them awake .	very positive
feels shrill , simple and soapy .	negative
bloody sunday has the grace to call for prevention rather than to place blame , making it one of the best war movies ever made .	very positive
-lrb- screenwriter -rrb- pimental took the farrelly brothers comedy and feminized it , but it is a rather poor imitation .	neutral
it sucked .	very negative
will give many ministers and bible-study groups hours of material to discuss .	positive
a light , engaging comedy that fumbles away almost all of its accumulated enjoyment with a crucial third act miscalculation .	negative
a so-so , made-for-tv something posing as a real movie .	very negative
whatever heartwarming scene the impressively discreet filmmakers may have expected to record with their mini dv , they show a remarkable ability to document both sides of this emotional car-wreck .	very positive
there is one surefire way to get a nomination for a best-foreign-film oscar : make a movie about whimsical folk who learn a nonchallenging , life-affirming lesson while walking around a foreign city with stunning architecture .	neutral
some motion pictures portray ultimate passion ; others create ultimate thrills .	neutral
skins has a desolate air , but eyre , a native american raised by white parents , manages to infuse the rocky path to sibling reconciliation with flashes of warmth and gentle humor .	positive
an unencouraging threefold expansion on the former mtv series , accompanying the stunt-hungry dimwits in a random series of collected gags , pranks , pratfalls , dares , injuries , etc. .	negative
a jumbled fantasy comedy that did not figure out a coherent game plan at scripting , shooting or post-production stages .	negative
the film brilliantly shines on all the characters , as the direction is intelligently accomplished .	very positive
this thing is virtually unwatchable .	very negative
there is a beautiful , aching sadness to it all .	positive
this is the kind of movie where people who have never picked a lock do so easily after a few tries and become expert fighters after a few weeks .	negative
s face is chillingly unemotive , yet he communicates a great deal in his performance .	neutral
handsome and sophisticated approach to the workplace romantic comedy .	positive
schaefer 's ... determination to inject farcical raunch ... drowns out the promise of the romantic angle .	negative
huppert 's show to steal and she makes a meal of it , channeling kathy baker 's creepy turn as the repressed mother on boston public just as much as 8 women 's augustine .	positive
yet why it fails is a riddle wrapped in a mystery inside an enigma .	negative
may cause you to bite your tongue to keep from laughing at the ridiculous dialog or the oh-so convenient plot twists .	very negative
terry is a sort of geriatric dirty harry , which will please eastwood 's loyal fans -- and suits the story , wherein our hero must ride roughshod over incompetent cops to get his man .	positive
costner 's warm-milk persona is just as ill-fitting as shadyac 's perfunctory directing chops , and some of the more overtly silly dialogue would sink laurence olivier .	negative
the movie is brilliant , really .	very positive
an oddity , to be sure , but one that you might wind up remembering with a degree of affection rather than revulsion .	positive
the picture seems uncertain whether it wants to be an acidic all-male all about eve or a lush , swooning melodrama in the intermezzo strain .	negative
there is truth here	positive
kids who are into this thornberry stuff will probably be in wedgie heaven .	positive
it 's easy to love robin tunney -- she 's pretty and she can act -- but it gets harder and harder to understand her choices .	negative
it 's just not very smart .	negative
meandering and confusing .	negative
there are just too many characters saying too many clever things and getting into too many pointless situations .	negative
the film feels uncomfortably real , its language and locations bearing the unmistakable stamp of authority .	positive
i 'm sure the filmmaker would disagree , but , honestly , i do n't see the point .	negative
without -lrb- de niro -rrb- , city by the sea would slip under the waves .	negative
and that holds true for both the movie and the title character played by brendan fraser .	neutral
great over-the-top moviemaking if you 're in a slap-happy mood .	very positive
mr. soderbergh 's direction and visual style struck me as unusually and unimpressively fussy and pretentious .	very negative
if we sometimes need comforting fantasies about mental illness , we also need movies like tim mccann 's revolution no. 9 .	positive
it 's something of the ultimate scorsese film , with all the stomach-turning violence , colorful new york gang lore and other hallmarks of his personal cinema painted on their largest-ever historical canvas .	very positive
too slow for a younger crowd , too shallow for an older one .	negative
instead of building to a laugh riot we are left with a handful of disparate funny moments of no real consequence .	negative
just another generic drama that has nothing going for it other than its exploitive array of obligatory cheap thrills .	negative
williams creates a stunning , taxi driver-esque portrayal of a man teetering on the edge of sanity .	very positive
demme gets a lot of flavor and spice into his charade remake , but he ca n't disguise that he 's spiffing up leftovers that are n't so substantial or fresh .	negative
but unless you 're an absolute raving star wars junkie , it is n't much fun .	negative
ah , the travails of metropolitan life !	neutral
the pianist lacks the quick emotional connections of steven spielberg 's schindler 's list .	neutral
promises is one film that 's truly deserving of its oscar nomination .	very positive
this one is strictly a lightweight escapist film .	neutral
impossible as it may sound , this film 's heart is even more embracing than monty , if only because it accepts nasty behavior and severe flaws as part of the human condition .	very positive
it 's the brilliant surfing photography bringing you right inside the massive waves that lifts blue crush into one of the summer 's most pleasurable movies .	very positive
a powerful , inflammatory film about religion that dares to question an ancient faith , and about hatred that offers no easy , comfortable resolution .	positive
fessenden has nurtured his metaphors at the expense of his narrative , but he does display an original talent .	positive
to honestly address the flaws inherent in how medical aid is made available to american workers , a more balanced or fair portrayal of both sides will be needed .	negative
halfway through , however , having sucked dry the undead action flick formula , blade ii mutates into a gross-out monster movie with effects that are more silly than scary .	negative
the otherwise good-naturedness of mr. deeds , with its embrace of sheer goofiness and cameos of less - than-likely new york celebrities ... certainly raises the film above anything sandler 's been attached to before .	positive
it arrives with an impeccable pedigree , mongrel pep , and almost indecipherable plot complications .	neutral
all the pieces fall together without much surprise , but little moments give it a boost .	positive
to get at the root psychology of this film would require many sessions on the couch of dr. freud .	negative
a remarkable film by bernard rose .	very positive
pumpkin struts about with `` courage '' pinned to its huckster lapel while a yellow streak a mile wide decorates its back .	neutral
overly long and worshipful bio-doc .	negative
it 's the sweet cinderella story that `` pretty woman '' wanted to be .	positive
a delicious , quirky movie with a terrific screenplay and fanciful direction by michael gondry .	very positive
it appears to have been made by people to whom the idea of narrative logic or cohesion is an entirely foreign concept .	very negative
a tone of rueful compassion ... reverberates throughout this film , whose meaning and impact is sadly heightened by current world events .	positive
a mechanical action-comedy whose seeming purpose is to market the charismatic jackie chan to even younger audiences .	very negative
it desperately wants to be a wacky , screwball comedy , but the most screwy thing here is how so many talented people were convinced to waste their time .	very negative
both grant and hoult carry the movie because they are believable as people -- flawed , assured of the wrong things , and scared to admit how much they may really need the company of others .	positive
i liked the movie , but i know i would have liked it more if it had just gone that one step further .	positive
wonder of wonders -- a teen movie with a humanistic message .	positive
the threat implied in the title pokémon 4ever is terrifying -- like locusts in a horde these things will keep coming .	very negative
flashy gadgets and whirling fight sequences may look cool , but they ca n't distract from the flawed support structure holding equilibrium up .	negative
mr. wollter and ms. seldhal give strong and convincing performances , but neither reaches into the deepest recesses of the character to unearth the quaking essence of passion , grief and fear .	negative
a moving story of determination and the human spirit .	very positive
mostly martha could have used a little trimming -- 10 or 15 minutes could be cut and no one would notice -- but it 's a pleasurable trifle .	neutral
to the degree that ivans xtc .	neutral
there is greatness here .	very positive
lovely and amazing is holofcener 's deep , uncompromising curtsy to women she knows , and very likely is .	positive
i liked this film a lot ...	positive
demonstrates the unusual power of thoughtful , subjective filmmaking .	very positive
although the sequel has all the outward elements of the original , the first film 's lovely flakiness is gone , replaced by the forced funniness found in the dullest kiddie flicks .	very negative
but they lack their idol 's energy and passion for detail .	negative
a screenplay more ingeniously constructed than `` memento ''	very positive
those with a modicum of patience will find in these characters ' foibles a timeless and unique perspective .	positive
on that score , the film certainly does n't disappoint .	very positive
what it lacks in originality it makes up for in effective if cheap moments of fright and dread .	neutral
the movie 's vision of a white american zealously spreading a puritanical brand of christianity to south seas islanders is one only a true believer could relish .	negative
it asks nothing of the audience other than to sit back and enjoy a couple of great actors hamming it up .	positive
you can almost see mendes and company getting together before a single frame had been shot and collectively vowing , ` this is going to be something really good . '	positive
a negligible british comedy .	negative
great fun both for sports aficionados and for ordinary louts whose idea of exercise is climbing the steps of a stadium-seat megaplex .	positive
beautifully crafted and cooly unsettling ... recreates the atmosphere of the crime expertly .	very positive
, is a temporal inquiry that shoulders its philosophical burden lightly .	positive
there has been a string of ensemble cast romances recently ... but peter mattei 's love in the time of money sets itself apart by forming a chain of relationships that come full circle to end on a positive -lrb- if tragic -rrb- note .	positive
children and adults enamored of all things pokemon wo n't be disappointed .	positive
you 'll find yourself wishing that you and they were in another movie .	very negative
the execution is so pedestrian that the most positive comment we can make is that rob schneider actually turns in a pretty convincing performance as a prissy teenage girl .	neutral
how much you are moved by the emotional tumult of -lrb- françois and michèle 's -rrb- relationship depends a lot on how interesting and likable you find them .	neutral
it bites hard .	neutral
little more than a stylish exercise in revisionism whose point ... is no doubt true , but serves as a rather thin moral to such a knowing fable .	negative
like edward norton in american history x , ryan gosling -lrb- murder by numbers -rrb- delivers a magnetic performance .	very positive
despite bearing the paramount imprint , it 's a bargain-basement european pickup .	very negative
by the time you reach the finale , you 're likely wondering why you 've been watching all this strutting and posturing .	very negative
a predictable , manipulative stinker .	very negative
... post-september 11 , `` the sum of all fears '' seems more tacky and reprehensible , manipulating our collective fear without bestowing the subject with the intelligence or sincerity it unequivocally deserves .	very negative
a solid , psychological action film from hong kong .	positive
a retread of material already thoroughly plumbed by martin scorsese .	negative
it 's a perfect show of respect to just one of those underrated professionals who deserve but rarely receive it .	very positive
a bad movie that happened to good actors .	very negative
plays like john le carré with a couple of burnt-out cylinders .	negative
... a rather bland affair .	negative
spielberg has managed to marry science fiction with film noir and action flicks with philosophical inquiry .	positive
by the standards of knucklehead swill , the hot chick is pretty damned funny .	very positive
a thought-provoking look at how western foreign policy - however well intentioned - can wreak havoc in other cultures .	neutral
despite engaging offbeat touches , knockaround guys rarely seems interested in kicking around a raison d'etre that 's as fresh-faced as its young-guns cast .	negative
as action-adventure , this space-based homage to robert louis stevenson 's treasure island fires on all plasma conduits .	positive
it 's funny .	positive
what an embarrassment .	very negative
i hate the feeling of having been slimed in the name of high art .	very negative
what makes esther kahn so demanding is that it progresses in such a low-key manner that it risks monotony .	negative
that old adage about women being unknowable gets an exhilarating new interpretation in morvern callar .	positive
without resorting to camp or parody , haynes -lrb- like sirk , but differently -rrb- has transformed the rhetoric of hollywood melodrama into something provocative , rich , and strange .	very positive
a thoroughly enjoyable , heartfelt coming-of-age comedy .	positive
this is a film tailor-made for those who when they were in high school would choose the cliff-notes over reading a full-length classic .	negative
jacobi , the most fluent of actors , is given relatively dry material from nijinsky 's writings to perform , and the visuals , even erotically frank ones , become dullingly repetitive .	negative
it just did n't mean much to me and played too skewed to ever get a hold on -lrb- or be entertained by -rrb- .	very negative
although largely a heavy-handed indictment of parental failings and the indifference of spanish social workers and legal system towards child abuse , the film retains ambiguities that make it well worth watching .	positive
sweet home alabama certainly wo n't be remembered as one of -lrb- witherspoon 's -rrb- better films .	negative
the film is all over the place , really .	very negative
has all the values of a straight-to-video movie , but because it has a bigger-name cast , it gets a full theatrical release .	negative
... this is n't even a movie we can enjoy as mild escapism ; it is one in which fear and frustration are provoked to intolerable levels .	very negative
do n't even bother to rent this on video .	very negative
if only merchant paid more attention the story .	negative
it 's a glorious spectacle like those d.w. griffith made in the early days of silent film .	very positive
the colorful masseur wastes its time on mood rather than riding with the inherent absurdity of ganesh 's rise up the social ladder .	negative
it is not what you see , it is what you think you see .	neutral
-lrb- a -rrb- painfully flat gross-out comedy ...	negative
richly entertaining and suggestive of any number of metaphorical readings .	very positive
shunji iwai 's all about lily chou chou is a beautifully shot , but ultimately flawed film about growing up in japan .	negative
it is not the first time that director sara sugarman stoops to having characters drop their pants for laughs and not the last time she fails to provoke them .	very negative
maybe not a classic , but a movie the kids will want to see over and over again .	very positive
hugely entertaining from start to finish , featuring a fall from grace that still leaves shockwaves , it will gratify anyone who has ever suspected hollywood of being overrun by corrupt and hedonistic weasels .	very positive
at a brief 42 minutes , we need more x and less blab .	neutral
franco is an excellent choice for the walled-off but combustible hustler , but he does not give the transcendent performance sonny needs to overcome gaps in character development and story logic .	very negative
even though the film does n't manage to hit all of its marks , it 's still entertaining to watch the target practice .	positive
fans of the modern day hong kong action film finally have the worthy successor to a better tomorrow and the killer which they have been patiently waiting for .	positive
this is not an easy film .	negative
a spooky yarn of demonic doings on the high seas that works better the less the brain is engaged .	negative
ram dass fierce grace moulds itself as an example to up-and-coming documentarians , of the overlooked pitfalls of such an endeavour .	neutral
some writer dude , i think his name was , uh , michael zaidan , was supposed to have like written the screenplay or something , but , dude , the only thing that i ever saw that was written down were the zeroes on my paycheck .	very negative
it challenges , this nervy oddity , like modern art should .	positive
while obviously aimed at kids , the country bears ... should keep parents amused with its low groan-to-guffaw ratio .	positive
the following things are not at all entertaining : the bad sound , the lack of climax and , worst of all , watching seinfeld -lrb- who is also one of the film 's producers -rrb- do everything he can to look like a good guy .	very negative
in its chicken heart , crush goes to absurd lengths to duck the very issues it raises .	negative
a heady , biting , be-bop ride through nighttime manhattan , a loquacious videologue of the modern male and the lengths to which he 'll go to weave a protective cocoon around his own ego .	positive
squandering his opportunity to make absurdist observations , burns gets caught up in the rush of slapstick thoroughfare .	negative
it plays like a big-budget , after-school special with a generous cast , who at times lift the material from its well-meaning clunkiness .	neutral
skin of man gets a few cheap shocks from its kids-in-peril theatrics , but it also taps into the primal fears of young people trying to cope with the mysterious and brutal nature of adults .	positive
as satisfyingly odd and intriguing a tale as it was a century and a half ago ... has a delightfully dour , deadpan tone and stylistic consistency .	very positive
elvira fans could hardly ask for more .	very positive
its simplicity puts an exclamation point on the fact that this is n't something to be taken seriously , but it also wrecks any chance of the movie rising above similar fare .	negative
a coming-of-age film that avoids the cartoonish clichés and sneering humor of the genre as it provides a fresh view of an old type -- the uncertain girl on the brink of womanhood .	positive
at times , it actually hurts to watch .	very negative
made me unintentionally famous -- as the queasy-stomached critic who staggered from the theater and blacked out in the lobby .	negative
-lrb- taymor -rrb- utilizes the idea of making kahlo 's art a living , breathing part of the movie , often catapulting the artist into her own work .	very positive
at the end of the movie , my 6-year-old nephew said , `` i guess i come from a broken family , and my uncles are all aliens , too . ''	neutral
one of those rare films that come by once in a while with flawless amounts of acting , direction , story and pace .	positive
forget about one oscar nomination for julianne moore this year - she should get all five .	very positive
i like it .	positive
philosophically , intellectually and logistically a mess .	very negative
while the humor is recognizably plympton , he has actually bothered to construct a real story this time .	positive
highly irritating at first , mr. koury 's passive technique eventually begins to yield some interesting results .	neutral
although some viewers will not be able to stomach so much tongue-in-cheek weirdness , those who do will have found a cult favorite to enjoy for a lifetime .	positive
a well-crafted letdown .	negative
duvall is strong as always .	very positive
toward the end sum of all fears morphs into a mundane '70s disaster flick .	negative
terrific performances , great to look at , and funny .	very positive
very well-written and very well-acted .	very positive
nachtwey clears the cynicism right out of you .	neutral
there 's a little violence and lots of sex in a bid to hold our attention , but it grows monotonous after a while , as do joan and philip 's repetitive arguments , schemes and treachery .	negative
-- was a fad that had long since vanished .	neutral
girlfriends are bad , wives are worse and babies are the kiss of death in this bitter italian comedy .	negative
adrift , bentley and hudson stare and sniffle , respectively , as ledger attempts , in vain , to prove that movie-star intensity can overcome bad hair design .	negative
muddled , simplistic and more than a little pretentious .	very negative
morrissette has performed a difficult task indeed - he 's taken one of the world 's most fascinating stories and made it dull , lifeless , and irritating .	negative
carrying this wafer-thin movie on his nimble shoulders , chan wades through putrid writing , direction and timing with a smile that says , ` if i stay positive , maybe i can channel one of my greatest pictures , drunken master . '	negative
nothing short of a masterpiece -- and a challenging one .	very positive
this latest installment of the horror film franchise that is apparently as invulnerable as its trademark villain has arrived for an incongruous summer playoff , demonstrating yet again that the era of the intelligent , well-made b movie is long gone .	negative
it remains to be seen whether statham can move beyond the crime-land action genre , but then again , who says he has to ?	neutral
while holm is terrific as both men and hjejle quite appealing , the film fails to make the most out of the intriguing premise .	neutral
and that makes all the difference .	positive
robert harmon 's less-is-more approach delivers real bump-in - the-night chills -- his greatest triumph is keeping the creepy crawlies hidden in the film 's thick shadows .	positive
... a sour little movie at its core ; an exploration of the emptiness that underlay the relentless gaiety of the 1920 's ... the film 's ending has a `` what was it all for ? ''	very negative
it 's good to see michael caine whipping out the dirty words and punching people in the stomach again .	positive
slack and uninspired , and peopled mainly by characters so unsympathetic that you 're left with a sour taste in your mouth .	very negative
forgettable , if good-hearted , movie .	negative
a riveting story well told .	very positive
for every articulate player , such as skateboarder tony hawk or bmx rider mat hoffman , are about a half dozen young turks angling to see how many times they can work the words `` radical '' or `` suck '' into a sentence .	negative
worse than ` silence of the lambs ' better than ` hannibal '	neutral
a culture clash comedy only half as clever as it thinks it is .	negative
this version moves beyond the original 's nostalgia for the communal film experiences of yesteryear to a deeper realization of cinema 's inability to stand in for true , lived experience .	neutral
this is a third-person story now , told by hollywood , and much more ordinary for it .	negative
at 90 minutes this movie is short , but it feels much longer .	negative
mckay seems embarrassed by his own invention and tries to rush through the intermediary passages , apparently hoping that the audience will not notice the glaring triteness of the plot device he has put in service .	very negative
at no point during k-19 : the widowmaker did this viewer feel enveloped in a story that , though meant to be universal in its themes of loyalty , courage and dedication to a common goal , never seems to leave the lot .	neutral
the big-screen scooby makes the silly original cartoon seem smart and well-crafted in comparison .	very negative
the fact is that the screen is most alive when it seems most likely that broomfield 's interviewees , or even himself , will not be for much longer .	positive
the script ?	negative
nicole holofcener 's lovely and amazing , from her own screenplay , jumps to the head of the class of women 's films that manage to avoid the ghetto of sentimental chick-flicks by treating female follies with a satirical style .	very positive
likeable thanks to its cast , its cuisine and its quirky tunes .	very positive
borrows a bit from the classics `` wait until dark '' and `` extremities '' ... but in terms of its style , the movie is in a class by itself .	very positive
a pleasant piece of escapist entertainment .	very positive
sweet and memorable film .	very positive
this is a movie you can trust .	very positive
whole stretches of the film may be incomprehensible to moviegoers not already clad in basic black .	negative
impresses as a skillfully assembled , highly polished and professional adaptation ... just about as chilling and unsettling as ` manhunter ' was .	very positive
these guys seem great to knock back a beer with but they 're simply not funny performers .	negative
there are a couple of things that elevate `` glory '' above most of its ilk , most notably the mere presence of duvall .	positive
it is also a testament to the integrity and vision of the band .	positive
daily struggles and simple pleasures usurp the preaching message so that , by the time the credits roll across the pat ending , a warm , fuzzy feeling prevails .	very positive
many a parent and their teen -lrb- or preteen -rrb- kid could bond while watching a walk to remember .	very positive
the trials of henry kissinger is a remarkable piece of filmmaking ... because you get it .	very positive
though the film is static , its writer-director 's heart is in the right place , his plea for democracy and civic action laudable .	positive
grown-up quibbles are beside the point here .	neutral
evelyn 's strong cast and surehanded direction make for a winning , heartwarming yarn .	positive
... bibbidy-bobbidi-bland .	very negative
one thing 's for sure -- if george romero had directed this movie , it would n't have taken the protagonists a full hour to determine that in order to kill a zombie you must shoot it in the head .	negative
and he allows a gawky actor like spall -- who could too easily become comic relief in any other film -- to reveal his impressively delicate range .	positive
epps has neither the charisma nor the natural affability that has made tucker a star .	very negative
it 's rare to find a film to which the adjective ` gentle ' applies , but the word perfectly describes pauline & paulette .	positive
` blue crush ' swims away with the sleeper movie of the summer award .	positive
needed a little less bling-bling and a lot more romance .	negative
it lets you brush up against the humanity of a psycho , without making him any less psycho .	positive
but the movie 's narrative hook is way too muddled to be an effectively chilling guilty pleasure .	negative
so fiendishly cunning that even the most jaded cinema audiences will leave the auditorium feeling dizzy , confused , and totally disorientated .	positive
the real question this movie poses is not ` who ? '	neutral
despite an overwrought ending , the film works as well as it does because of the performances .	positive
a film of ideas and wry comic mayhem .	positive
in the end , though , it is only mildly amusing when it could have been so much more .	neutral
effective in all its aspects , margarita happy hour represents an auspicious feature debut for chaiken .	very positive
goldmember has none of the visual wit of the previous pictures , and it looks as though jay roach directed the film from the back of a taxicab .	very negative
it 's an unusual , thoughtful bio-drama with a rich subject and some fantastic moments and scenes .	neutral
quietly engaging .	positive
what could have been a daytime soap opera is actually a compelling look at a young woman 's tragic odyssey .	positive
gambling and throwing a basketball game for money is n't a new plot -- in fact toback himself used it in black and white .	neutral
not completely loveable -- but what underdog movie since the bad news bears has been ?	negative
a 94-minute travesty of unparalleled proportions , writer-director parker seems to go out of his way to turn the legendary wit 's classic mistaken identity farce into brutally labored and unfunny hokum .	very negative
what starts off as a satisfying kids flck becomes increasingly implausible as it races through contrived plot points .	negative
the dirty jokes provide the funniest moments in this oddly sweet comedy about jokester highway patrolmen .	positive
has none of the crackle of `` fatal attraction '' , `` 9 1\/2 weeks '' , or even `` indecent proposal '' , and feels more like lyne 's stolid remake of `` lolita '' .	negative
a sensitive , modest comic tragedy that works as both character study and symbolic examination of the huge economic changes sweeping modern china .	positive
fathers and sons , and the uneasy bonds between them , rarely have received such a sophisticated and unsentimental treatment on the big screen as they do in this marvelous film .	very positive
as a director , eastwood is off his game -- there 's no real sense of suspense , and none of the plot ` surprises ' are really surprising .	very negative
there 's much tongue in cheek in the film and there 's no doubt the filmmaker is having fun with it all .	positive
... `` bowling for columbine '' remains a disquieting and thought-provoking film ...	positive
it 's a loathsome movie , it really is and it makes absolutely no sense .	very negative
phoned-in business as usual .	negative
the only thing to fear about `` fear dot com '' is hitting your head on the theater seat in front of you when you doze off thirty minutes into the film .	very negative
blade ii merges bits and pieces from fighting games , wire fu , horror movies , mystery , james bond , wrestling , sci-fi and anime into one big bloody stew .	positive
to the vast majority of more casual filmgoers , it will probably be a talky bore .	negative
there is a real subject here , and it is handled with intelligence and care .	very positive
in -lrb- screenwriter -rrb- charlie kaufman 's world , truth and fiction are equally strange , and his for the taking .	neutral
bigelow offers some flashy twists and turns that occasionally fortify this turgid fable .	positive
dolman confines himself to shtick and sentimentality -- the one bald and the other sloppy .	neutral
the film has the uncanny ability to right itself precisely when you think it 's in danger of going wrong .	positive
with one exception , every blighter in this particular south london housing project digs into dysfunction like it 's a big , comforting jar of marmite , to be slathered on crackers and served as a feast of bleakness .	neutral
it 's a mystery how the movie could be released in this condition .	negative
an unforgettable look at morality , family , and social expectation through the prism of that omnibus tradition called marriage .	positive
a sad and rote exercise in milking a played-out idea -- a straight guy has to dress up in drag -- that shockingly manages to be even worse than its title would imply .	negative
a funny film .	positive
a gangster movie with the capacity to surprise .	positive
a grand fart coming from a director beginning to resemble someone 's crazy french grandfather .	very negative
it 's possible that something hip and transgressive was being attempted here that stubbornly refused to gel , but the result is more puzzling than unsettling .	very negative
an entertaining , if somewhat standardized , action movie .	positive
a generous , inspiring film that unfolds with grace and humor and gradually becomes a testament to faith .	very positive
` you 'll laugh for not quite and hour and a half , but come out feeling strangely unsatisfied .	neutral
eight legged freaks ?	negative
malcolm mcdowell is cool .	positive
the movie wavers between hallmark card sentimentality and goofy , life-affirming moments straight out of a cellular phone commercial .	negative
as a thoughtful and unflinching examination of an alternative lifestyle , sex with strangers is a success .	positive
a reality-snubbing hodgepodge .	negative
-lrb- a -rrb- slummer .	negative
the film is explosive , but a few of those sticks are wet .	neutral
it may play well as a double feature with mainstream foreign mush like my big fat greek wedding	neutral
the impulses that produced this project ... are commendable , but the results are uneven .	neutral
it 's a big idea , but the film itself is small and shriveled .	negative
an engrossing portrait of a man whose engaging manner and flamboyant style made him a truly larger-than-life character .	very positive
sayles has a knack for casting , often resurrecting performers who rarely work in movies now ... and drawing flavorful performances from bland actors .	very positive
for all its violence , the movie is remarkably dull with only caine making much of an impression .	negative
this is a finely written , superbly acted offbeat thriller .	very positive
at the end , when the now computerized yoda finally reveals his martial artistry , the film ascends to a kinetic life so teeming that even cranky adults may rediscover the quivering kid inside .	positive
ferrara 's strongest and most touching movie of recent years .	very positive
... a cinematic disaster so inadvertently sidesplitting it 's worth the price of admission for the ridicule factor alone .	negative
even if it made its original release date last fall , it would 've reeked of a been-there , done-that sameness .	negative
unfortunately , it 's also not very good .	very negative
the most wondrous love story in years , it is a great film .	very positive
too much power , not enough puff .	negative
despite an impressive roster of stars and direction from kathryn bigelow , the weight of water is oppressively heavy .	negative
finally , the french-produced `` read my lips '' is a movie that understands characters must come first .	positive
even before it builds up to its insanely staged ballroom scene , in which 3000 actors appear in full regalia , it 's waltzed itself into the art film pantheon .	positive
a film which presses familiar herzog tropes into the service of a limpid and conventional historical fiction , when really what we demand of the director is to be mesmerised .	negative
the rare movie that 's as crisp and to the point as the novel on which it 's based .	very positive
a brilliant gag at the expense of those who paid for it and those who pay to see it .	neutral
here , common sense flies out the window , along with the hail of bullets , none of which ever seem to hit sascha .	negative
-lrb- dong -rrb- makes a valiant effort to understand everyone 's point of view , and he does such a good job of it that family fundamentals gets you riled up .	very positive
recoing 's fantastic performance does n't exactly reveal what makes vincent tick , but perhaps any definitive explanation for it would have felt like a cheat .	neutral
not everyone will play the dark , challenging tune taught by the piano teacher .	neutral
once she lets her love depraved leads meet , -lrb- denis ' -rrb- story becomes a hopeless , unsatisfying muddle	very negative
nothing too deep or substantial .	negative
but what is missing from it all is a moral .	negative
splendidly illustrates the ability of the human spirit to overcome adversity .	positive
obvious , obnoxious and didactic burlesque .	very negative
it 's definitely a step in the right direction .	positive
vaguely interesting , but it 's just too too much .	negative
the film sounds like the stuff of lurid melodrama , but what makes it interesting as a character study is the fact that the story is told from paul 's perspective .	positive
this one is a few bits funnier than malle 's dud , if only because the cast is so engagingly messing around like slob city reductions of damon runyon crooks .	positive
the writing is clever and the cast is appealing .	very positive
although commentary on nachtwey is provided ... it 's the image that really tells the tale .	positive
a nearly 21\/2 hours , the film is way too indulgent .	negative
... unlikable , uninteresting , unfunny , and completely , utterly inept .	very negative
some of the visual flourishes are a little too obvious , but restrained and subtle storytelling , and fine performances make this delicate coming-of-age tale a treat .	very positive
but the talented cast alone will keep you watching , as will the fight scenes .	very positive
earnest , unsubtle and hollywood-predictable , green dragon is still a deeply moving effort to put a human face on the travail of thousands of vietnamese .	positive
jeffrey tambor 's performance as the intelligent jazz-playing exterminator is oscar-worthy .	very positive
an overly familiar scenario is made fresh by an intelligent screenplay and gripping performances in this low-budget , video-shot , debut indie effort .	positive
a clash between the artificial structure of the story and the more contemporary , naturalistic tone of the film ...	negative
` christian bale 's quinn -lrb- is -rrb- a leather clad grunge-pirate with a hairdo like gandalf in a wind-tunnel and a simply astounding cor-blimey-luv-a-duck cockney accent . '	negative
i 'm not exactly sure what this movie thinks it is about .	negative
somewhere in the middle , the film compels , as demme experiments he harvests a few movie moment gems , but the field of roughage dominates .	neutral
it 's a scorcher .	positive
a real snooze .	very negative
like its title character , this nicholas nickleby finds itself in reduced circumstances -- and , also like its hero , it remains brightly optimistic , coming through in the end .	positive
the kids in the audience at the preview screening seemed bored , cheering the pratfalls but little else ; their parents , wise folks that they are , read books .	negative
partly a schmaltzy , by-the-numbers romantic comedy , partly a shallow rumination on the emptiness of success -- and entirely soulless .	very negative
for its 100 minutes running time , you 'll wait in vain for a movie to happen .	very negative
a chronicle not only of one man 's quest to be president , but of how that man single-handedly turned a plane full of hard-bitten , cynical journalists into what was essentially , by campaign 's end , an extended publicity department .	positive
a movie that harps on media-constructed ` issues ' like whether compromise is the death of self ... this orgasm -lrb- wo n't be an -rrb- exceedingly memorable one for most people .	negative
a guilty pleasure at best , and not worth seeing unless you want to laugh at it .	neutral
fresnadillo has something serious to say about the ways in which extravagant chance can distort our perspective and throw us off the path of good sense .	positive
this is not one of the movies you 'd want to watch if you only had a week to live .	very negative
but mainstream audiences will find little of interest in this film , which is often preachy and poorly acted .	negative
at once subtle and visceral , the film never succumbs to the trap of the maudlin or tearful , offering instead with its unflinching gaze a measure of faith in the future .	very positive
lookin ' for sin , american-style ?	negative
it drowns in sap .	negative
laggard drama wending its way to an uninspired philosophical epiphany .	negative
interminably bleak , to say nothing of boring .	very negative
believability was n't one of the film 's virtues .	negative
filled with alexandre desplat 's haunting and sublime music , the movie completely transfixes the audience .	very positive
the four feathers is definitely horse feathers , but if you go in knowing that , you might have fun in this cinematic sandbox .	positive
the movie attempts to mine laughs from a genre -- the gangster\/crime comedy -- that wore out its welcome with audiences several years ago , and its cutesy reliance on movie-specific cliches is n't exactly endearing .	negative
steadfastly uncinematic but powerfully dramatic .	positive
... del toro maintains a dark mood that makes the film seem like something to endure instead of enjoy .	negative
this filmed tosca -- not the first , by the way -- is a pretty good job , if it 's filmed tosca that you want .	positive
features one of the most affecting depictions of a love affair ever committed to film .	very positive
a journey spanning nearly three decades of bittersweet camaraderie and history , in which we feel that we truly know what makes holly and marina tick , and our hearts go out to them as both continue to negotiate their imperfect , love-hate relationship .	positive
starts out strongly before quickly losing its focus , point and purpose in a mess of mixed messages , over-blown drama and bruce willis with a scar .	very negative
comedy troupe broken lizard 's first movie is very funny but too concerned with giving us a plot .	neutral
though an important political documentary , this does not really make the case the kissinger should be tried as a war criminal .	negative
director kevin bray excels in breaking glass and marking off the `` miami vice '' checklist of power boats , latin music and dog tracks .	neutral
swims in mediocrity , sticking its head up for a breath of fresh air now and then .	very negative
although the film boils down to a lightweight story about matchmaking , the characters make italian for beginners worth the journey	positive
even fans of ismail merchant 's work , i suspect , would have a hard time sitting through this one .	negative
the high-concept scenario soon proves preposterous , the acting is robotically italicized , and truth-in-advertising hounds take note : there 's very little hustling on view .	negative
what 's worse is that pelosi knows it .	negative
a `` home alone '' film that is staged like `` rosemary 's baby , '' but is not as well-conceived as either of those films .	negative
although made on a shoestring and unevenly acted , conjures a lynch-like vision of the rotting underbelly of middle america .	negative
some are fascinating and others are not , and in the end , it is almost a good movie .	neutral
everything about girls ca n't swim , even its passages of sensitive observation , feels secondhand , familiar -- and not in a good way .	negative
brian tufano 's handsome widescreen photography and paul grabowsky 's excellent music turn this fairly parochial melodrama into something really rather special .	very positive
it is definitely worth seeing .	very positive
a heroic tale of persistence that is sure to win viewers ' hearts .	very positive
will probably be one of those movies barely registering a blip on the radar screen of 2002 .	very negative
a bilingual charmer , just like the woman who inspired it	positive
allen 's underestimated charm delivers more goodies than lumps of coal .	positive
everybody loves a david and goliath story , and this one is told almost entirely from david 's point of view .	positive
both lead performances are oscar-size .	very positive
as a good old-fashioned adventure for kids , spirit : stallion of the cimarron is a winner .	positive
it 's super - violent , super-serious and super-stupid .	very negative
all the small moments and flashbacks do n't add up to much more than trite observations on the human condition .	negative
elaborate special effects take centre screen , so that the human story is pushed to one side .	positive
this new time machine is hardly perfect ... yet it proves surprisingly serviceable .	neutral
the film is ... determined to treat its characters , weak and strong , as fallible human beings , not caricatures , and to carefully delineate the cost of the inevitable conflicts between human urges and an institution concerned with self-preservation .	positive
i found the movie as divided against itself as the dysfunctional family it portrays .	negative
too daft by half ... but supremely good natured .	positive
though frida is easier to swallow than julie taymor 's preposterous titus , the eye candy here lacks considerable brio .	negative
the film is hard to dismiss -- moody , thoughtful , and lit by flashes of mordant humor .	positive
the first five minutes will have you talking 'til the end of the year !	positive
... silly humbuggery ...	negative
nair and writer laura cahill dare to build a movie around some flawed but rather unexceptional women , emerging with a fine character study that 's short on plot but rich in the tiny revelations of real life .	neutral
predecessors the mummy and the mummy returns stand as intellectual masterpieces next to the scorpion king .	negative
worth a look by those on both sides of the issues , if only for the perspective it offers , one the public rarely sees .	positive
it zips along with b-movie verve while adding the rich details and go-for-broke acting that heralds something special .	very positive
... too sappy for its own good .	negative
this flat run at a hip-hop tootsie is so poorly paced you could fit all of pootie tang in between its punchlines .	very negative
no , i do n't know why steven seagal is considered a star , nor why he keeps being cast in action films when none of them are ever any good or make any money .	negative
if s&m seems like a strange route to true love , maybe it is , but it 's to this film 's -lrb- and its makers ' -rrb- credit that we believe that that 's exactly what these two people need to find each other -- and themselves .	positive
little is done to support the premise other than fling gags at it to see which ones shtick .	negative
one of those decades-spanning historical epics that strives to be intimate and socially encompassing but fails to do justice to either effort in three hours of screen time .	negative
the kind of sweet-and-sour insider movie that film buffs will eat up like so much gelati .	very positive
a huge disappointment coming , as it does , from filmmakers and performers of this calibre	very negative
for a film that 's being advertised as a comedy , sweet home alabama is n't as funny as you 'd hoped .	negative
there 's something not entirely convincing about the quiet american .	neutral
richard pryor mined his personal horrors and came up with a treasure chest of material , but lawrence gives us mostly fool 's gold .	negative
a movie of riveting power and sadness .	very positive
robert john burke as the monster horns in and steals the show .	positive
the new insomnia is a surprisingly faithful remake of its chilly predecessor , and when it does elect to head off in its own direction , it employs changes that fit it well rather than ones that were imposed for the sake of commercial sensibilities .	positive
witless but watchable .	neutral
just offbeat enough to keep you interested without coming close to bowling you over .	positive
written , flatly , by david kendall and directed , barely , by there 's something about mary co-writer ed decter .	negative
it 's a film with an idea buried somewhere inside its fabric , but never clearly seen or felt .	negative
one can only assume that the jury who bestowed star hoffman 's brother gordy with the waldo salt screenwriting award at 2002 's sundance festival were honoring an attempt to do something different over actually pulling it off	negative
seeks to transcend its genre with a curiously stylized , quasi-shakespearean portrait of pure misogynist evil .	positive
not a stereotype is omitted nor a cliché left unsaid .	negative
a smart , steamy mix of road movie , coming-of-age story and political satire .	positive
it 's coherent , well shot , and tartly acted , but it wears you down like a dinner guest showing off his doctorate .	negative
wraps itself in the guise of a dark and quirky comedy , but it is n't as quirky as it thinks it is and its comedy is generally mean-spirited .	neutral
k-19 will not go down in the annals of cinema as one of the great submarine stories , but it is an engaging and exciting narrative of man confronting the demons of his own fear and paranoia .	positive
a four star performance from kevin kline who unfortunately works with a two star script .	positive
god bless crudup and his aversion to taking the easy hollywood road and cashing in on his movie-star gorgeousness .	positive
it 's a feel-good movie about which you can actually feel good .	very positive
the movie is our story as much as it is schmidt 's , no matter if it 's viewed as a self-reflection or cautionary tale .	neutral
if anything , see it for karen black , who camps up a storm as a fringe feminist conspiracy theorist named dirty dick .	positive
watching the chemistry between freeman and judd , however , almost makes this movie worth seeing .	positive
mark wahlberg ... may look classy in a '60s - homage pokepie hat , but as a character he 's dry , dry , dry .	neutral
a film that will probably please people already fascinated by behan but leave everyone else yawning with admiration .	neutral
moonlight mile gives itself the freedom to feel contradictory things .	positive
it 's a movie that accomplishes so much that one viewing ca n't possibly be enough .	positive
the film aims to be funny , uplifting and moving , sometimes all at once .	positive
like being trapped inside a huge video game , where exciting , inane images keep popping past your head and the same illogical things keep happening over and over again .	neutral
the film never gets over its own investment in conventional arrangements , in terms of love , age , gender , race , and class .	negative
nicely combines the enigmatic features of ` memento ' with the hallucinatory drug culture of ` requiem for a dream . '	positive
last dance , whatever its flaws , fulfills one facet of its mission in making me want to find out whether , in this case , that 's true .	neutral
sorvino makes the princess seem smug and cartoonish , and the film only really comes alive when poor hermocrates and leontine pathetically compare notes about their budding amours .	negative
-lrb- a -rrb- stale retread of the '53 original .	negative
more concerned with overall feelings , broader ideas , and open-ended questions than concrete story and definitive answers , soderbergh 's solaris is a gorgeous and deceptively minimalist cinematic tone poem .	very positive
alarms for duvall 's throbbing sincerity and his elderly propensity for patting people while he talks .	positive
there 's no point in extracting the bare bones of byatt 's plot for purposes of bland hollywood romance .	negative
the performances are amiable and committed , and the comedy more often than not hits the bullseye .	positive
zigzag might have been richer and more observant if it were less densely plotted .	negative
to better understand why this did n't connect with me would require another viewing , and i wo n't be sitting through this one again ... that in itself is commentary enough .	very negative
is a question for philosophers , not filmmakers ; all the filmmakers need to do is engage an audience .	negative
at some point , all this visual trickery stops being clever and devolves into flashy , vaguely silly overkill .	negative
a ragbag of cliches .	very negative
overburdened with complicated plotting and banal dialogue	negative
the picture runs a mere 84 minutes , but it 's no glance .	positive
steers refreshingly clear of the usual cliches .	positive
niccol the filmmaker merges his collaborators ' symbolic images with his words , insinuating , for example , that in hollywood , only god speaks to the press	positive
it 's a beautiful film , full of elaborate and twisted characters - and it 's also pretty funny .	very positive
the milieu is wholly unconvincing ... and the histrionics reach a truly annoying pitch .	negative
the picture emerges as a surprisingly anemic disappointment .	very negative
whatever complaints i might have , i 'd take -lrb- its -rrb- earnest errors and hard-won rewards over the bombastic self-glorification of other feel-good fiascos like antwone fisher or the emperor 's club any time .	positive
rice never clearly defines his characters or gives us a reason to care about them .	negative
though not for everyone , the guys is a somber trip worth taking .	neutral
another entertaining romp from robert rodriguez .	positive
but here 's a movie about it anyway .	negative
if -lrb- jaglom 's -rrb- latest effort is not the director at his most sparkling , some of its repartee is still worth hearing .	positive
i did n't smile .	negative
the script by david koepp is perfectly serviceable and because he gives the story some soul ... he elevates the experience to a more mythic level .	very positive
kapur fails to give his audience a single character worth rooting for -lrb- or worth rooting against , for that matter -rrb- .	negative
it 's a visual delight and a decent popcorn adventure , as long as you do n't try to look too deep into the story	positive
see it now , before the inevitable hollywood remake flattens out all its odd , intriguing wrinkles .	neutral
befuddled in its characterizations as it begins to seem as long as the two year affair which is its subject	negative
nothing more than an amiable but unfocused bagatelle that plays like a loosely-connected string of acting-workshop exercises .	very negative
it 's horribly depressing and not very well done .	very negative
veterans of the dating wars will smirk uneasily at the film 's nightmare versions of everyday sex-in-the-city misadventures .	neutral
now as a former gong show addict , i 'll admit it , my only complaint is that we did n't get more re-creations of all those famous moments from the show .	positive
ryosuke has created a wry , winning , if languidly paced , meditation on the meaning and value of family .	neutral
enough may pander to our basest desires for payback , but unlike many revenge fantasies , it ultimately delivers .	positive
i prefer soderbergh 's concentration on his two lovers over tarkovsky 's mostly male , mostly patriarchal debating societies .	neutral
this is cruel , misanthropic stuff with only weak claims to surrealism and black comedy .	negative
a pale xerox of other , better crime movies .	negative
strange it is , but delightfully so .	positive
the story has little wit and no surprises .	negative
crummy .	very negative
just another disjointed , fairly predictable psychological thriller .	very negative
this is a very funny , heartwarming film .	very positive
` rare birds ' tries to force its quirkiness upon the audience .	neutral
good-naturedly cornball sequel .	positive
the tone errs on the shrill side , tempered by a soft southern gentility that speaks of beauty , grace and a closet full of skeletons .	neutral
the french director has turned out nearly 21\/2 hours of unfocused , excruciatingly tedious cinema that , half an hour in , starts making water torture seem appealing .	very negative
it 's only in fairy tales that princesses that are married for political reason live happily ever after .	negative
feardotcom 's thrills are all cheap , but they mostly work .	neutral
a static and sugary little half-hour , after-school special about interfaith understanding , stretched out to 90 minutes .	neutral
a small movie with a big impact .	very positive
the sort of picture in which , whenever one of the characters has some serious soul searching to do , they go to a picture-perfect beach during sunset .	negative
crammed with incident , and bristles with passion and energy .	positive
an intelligent and deeply felt work about impossible , irrevocable choices and the price of making them .	very positive
-lrb- gosling 's -rrb- combination of explosive physical energy and convincing intelligence helps create a complex , unpredictable character .	positive
and it sees those relationships , including that between the son and his wife , and the wife and the father , and between the two brothers , with incredible subtlety and acumen .	positive
though it inspires some -lrb- out-of-field -rrb- creative thought , the film is -- to its own detriment -- much more a cinematic collage than a polemical tract .	neutral
in the new guy , even the bull gets recycled .	negative
reggio and glass so rhapsodize cynicism , with repetition and languorous slo-mo sequences , that glass 's dirgelike score becomes a fang-baring lullaby .	negative
marshall puts a suspenseful spin on standard horror flick formula .	positive
there might be some sort of credible gender-provoking philosophy submerged here , but who the hell cares ?	negative
a movie that 's held captive by mediocrity .	negative
screenwriter chris ver weil 's directing debut is good-natured and never dull , but its virtues are small and easily overshadowed by its predictability .	neutral
an admirable , sometimes exceptional film	very positive
this is a film that manages to find greatness in the hue of its drastic iconography .	positive
a whole lot of fun and funny in the middle , though somewhat less hard-hitting at the start and finish .	positive
... spiced with humor -lrb- ' i speak fluent flatula , ' advises denlopp after a rather , er , bubbly exchange with an alien deckhand -rrb- and witty updatings -lrb- silver 's parrot has been replaced with morph , a cute alien creature who mimics everyone and everything around -rrb-	positive
has a customarily jovial air but a deficit of flim-flam inventiveness .	negative
not all of the stories work and the ones that do are thin and scattered , but the film works well enough to make it worth watching .	positive
a strangely stirring experience that finds warmth in the coldest environment and makes each crumb of emotional comfort feel like a 10-course banquet .	very positive
matthew lillard is born to play shaggy !	very positive
a dark-as-pitch comedy that frequently veers into corny sentimentality , probably would not improve much after a therapeutic zap of shock treatment .	negative
there 's lots of cool stuff packed into espn 's ultimate x.	positive
the mothman prophecies is best when illustrating the demons bedevilling the modern masculine journey .	positive
at its best , it 's black hawk down with more heart .	positive
`` home movie '' is the film equivalent of a lovingly rendered coffee table book .	neutral
invigorating , surreal , and resonant with a rainbow of emotion .	very positive
a tired , unimaginative and derivative variation of that already-shallow genre .	negative
patchy combination of soap opera , low-tech magic realism and , at times , ploddingly sociological commentary .	negative
a frustrating yet deeply watchable melodrama that makes you think it 's a tougher picture than it is .	neutral
a solid cast , assured direction and complete lack of modern day irony .	positive
rodriguez has the chops of a smart-aleck film school brat and the imagination of a big kid ...	positive
arnie blows things up .	neutral
if you 're really renting this you 're not interested in discretion in your entertainment choices , you 're interested in anne geddes , john grisham , and thomas kincaid .	neutral
a movie you observe , rather than one you enter into .	negative
should have been worth cheering as a breakthrough but is devoid of wit and humor .	negative
-lrb- barry -rrb- gives assassin a disquieting authority .	positive
its plot and animation offer daytime tv serviceability , but little more .	negative
a moving and important film .	very positive
these people are really going to love the piano teacher .	very positive
a disappointment for a movie that should have been the ultimate imax trip .	negative
a portrait of alienation so perfect , it will certainly succeed in alienating most viewers .	negative
yes , but also intriguing and honorable , a worthwhile addition to a distinguished film legacy .	positive
`` cremaster 3 '' should come with the warning `` for serious film buffs only ! ''	positive
this big screen caper has a good bark , far from being a bow-wow .	neutral
what 's most refreshing about real women have curves is its unforced comedy-drama and its relaxed , natural-seeming actors .	positive
surprisingly insightful	positive
to those who have not read the book , the film is a much better mother-daughter tale than last summer 's ` divine secrets of the ya-ya sisterhood , ' but that 's not saying much .	positive
the director , with his fake backdrops and stately pacing , never settles on a consistent tone .	very negative
earnest yet curiously tepid and choppy recycling in which predictability is the only winner .	negative
brash , intelligent and erotically perplexing , haneke 's portrait of an upper class austrian society and the suppression of its tucked away demons is uniquely felt with a sardonic jolt .	very positive
a glorious mess .	neutral
unfortunately , contrived plotting , stereotyped characters and woo 's over-the-top instincts as a director undermine the moral dilemma at the movie 's heart .	neutral
arguably the best script that besson has written in years .	very positive
it is most of the things costner movies are known for ; it 's sanctimonious , self-righteous and so eager to earn our love that you want to slap it .	negative
pretend it 's a werewolf itself by avoiding eye contact and walking slowly away .	negative
you can fire a torpedo through some of clancy 's holes , and the scripters do n't deserve any oscars .	very negative
truly terrible .	very negative
it 's hard to imagine acting that could be any flatter .	very negative
you just know something terrible is going to happen .	neutral
each scene drags , underscoring the obvious , and sentiment is slathered on top .	negative
fluffy neo-noir hiding behind cutesy film references .	negative
a special kind of movie , this melancholic film noir reminded me a lot of memento ...	very positive
do n't expect any subtlety from this latest entry in the increasingly threadbare gross-out comedy cycle .	neutral
one of the most genuinely sweet films to come along in quite some time .	very positive
a film really has to be exceptional to justify a three hour running time , and this is n't .	negative
too ordinary to restore -lrb- harmon -rrb- to prominence , despite some creepy scenes that evoke childish night terrors , and a praiseworthy attempt to generate suspense rather than gross out the audience .	neutral
highly watchable stuff .	very positive
exceptionally well acted by diane lane and richard gere .	very positive
there 's no real reason to see it , and no real reason not to .	neutral
content merely to lionize its title character and exploit his anger - all for easy sanctimony , formulaic thrills and a ham-fisted sermon on the need for national health insurance .	negative
a charming but slight comedy .	positive
you know that ten bucks you 'd spend on a ticket ?	neutral
everything else about high crimes is , like the military system of justice it portrays , tiresomely regimented .	neutral
an unusually dry-eyed , even analytical approach to material that is generally played for maximum moisture .	positive
a beyond-lame satire , teddy bears ' picnic ranks among the most pitiful directing debuts by an esteemed writer-actor .	negative
it looks like an action movie , but it 's so poorly made , on all levels , that it does n't even qualify as a spoof of such .	very negative
takes one character we do n't like and another we do n't believe , and puts them into a battle of wills that is impossible to care about and is n't very funny .	neutral
but mostly it 's a work that , with humor , warmth , and intelligence , captures a life interestingly lived .	very positive
as an introduction to the man 's theories and influence , derrida is all but useless ; as a portrait of the artist as an endlessly inquisitive old man , however , it 's invaluable .	positive
young hanks and fisk , who vaguely resemble their celebrity parents , bring fresh good looks and an ease in front of the camera to the work .	very positive
excellent performances from jacqueline bisset and martha plimpton grace this deeply touching melodrama .	very positive
the cast is spot on and the mood is laid back .	positive
its generic villains lack any intrigue -lrb- other than their funny accents -rrb- and the action scenes are poorly delivered .	negative
while bollywood\/hollywood will undoubtedly provide its keenest pleasures to those familiar with bombay musicals , it also has plenty for those -lrb- like me -rrb- who are n't .	positive
has no reason to exist , other than to employ hollywood kids and people who owe favors to their famous parents .	very negative
in a big corner office in hell , satan is throwing up his hands in surrender , is firing his r&d people , and has decided he will just screen the master of disguise 24\/7 .	very negative
captures all the longing , anguish and ache , the confusing sexual messages and the wish to be a part of that elusive adult world .	positive
in a movie full of surprises , the biggest is that secret ballot is a comedy , both gentle and biting .	positive
... passable enough for a shoot-out in the o.k. court house of life type of flick .	neutral
deep down , i realized the harsh reality of my situation : i would leave the theater with a lower i.q. than when i had entered .	very negative
a chance to see three splendid actors turn a larky chase movie into an emotionally satisfying exploration of the very human need to be somebody , and to belong to somebody .	very positive
well cast and well directed - a powerful drama with enough sardonic wit to keep it from being maudlin .	very positive
an ambitiously naturalistic , albeit half-baked , drama about an abused , inner-city autistic teen .	positive
it is just too bad the film 's story does not live up to its style .	negative
just how these families interact may surprise you .	neutral
a wild ride juiced with enough energy and excitement for at least three films .	positive
a muted freak-out	negative
lead actress gaï , she of the impossibly long limbs and sweetly conspiratorial smile , is a towering siren .	very positive
absolutely not .	negative
by turns gripping , amusing , tender and heart-wrenching , laissez-passer has all the earmarks of french cinema at its best .	positive
the cat 's meow marks a return to form for director peter bogdanovich ...	positive
... jones , despite a definitely distinctive screen presence , just is n't able to muster for a movie that , its title notwithstanding , should have been a lot nastier if it wanted to fully capitalize on its lead 's specific gifts .	neutral
generic slasher-movie nonsense , but it 's not without style .	neutral
fans of so-bad-they 're - good cinema may find some fun in this jumbled mess .	neutral
vibrantly colored and beautifully designed , metropolis is a feast for the eyes .	very positive
brown 's saga , like many before his , makes for snappy prose but a stumblebum of a movie .	neutral
` stock up on silver bullets for director neil marshall 's intense freight train of a film . '	positive
at its best , which occurs often , michael moore 's bowling for columbine rekindles the muckraking , soul-searching spirit of the ` are we a sick society ? '	positive
in the real world , an actor this uncharismatically beautiful would have a résumé loaded with credits like `` girl in bar # 3 . ''	negative
hope keeps arising that the movie will live up to the apparent skills of its makers and the talents of its actors , but it does n't .	neutral
barney throws away the goodwill the first half of his movie generates by orchestrating a finale that is impenetrable and dull .	negative
an indispensable peek at the art and the agony of making people laugh .	positive
at 78 minutes it just zings along with vibrance and warmth .	very positive
the film , while not exactly assured in its execution , is notable for its sheer audacity and openness .	positive
dull and mechanical , kinda like a very goofy museum exhibit	neutral
it 's sweet and fluffy at the time , but it may leave you feeling a little sticky and unsatisfied .	negative
sayles has an eye for the ways people of different ethnicities talk to and about others outside the group .	positive
brady achieves the remarkable feat of squandering a topnotch foursome of actors ... by shoving them into every clichéd white-trash situation imaginable .	neutral
the irony is that this film 's cast is uniformly superb ; their performances could have -- should have -- been allowed to stand on their own .	positive
this slow-moving swedish film offers not even a hint of joy , preferring to focus on the humiliation of martin as he defecates in bed and urinates on the plants at his own birthday party .	neutral
i admire the closing scenes of the film , which seem to ask whether our civilization offers a cure for vincent 's complaint .	positive
a dreary movie .	very negative
a thriller whose style , structure and rhythms are so integrated with the story , you can not separate them .	positive
cruel and inhuman cinematic punishment ... simultaneously degrades its characters , its stars and its audience .	very negative
you may think you have figured out the con and the players in this debut film by argentine director fabian bielinsky , but while you were thinking someone made off with your wallet .	negative
the premise itself is just sooooo tired .	very negative
like any good romance , son of the bride , proves it 's never too late to learn .	positive
the emotional overload of female angst irreparably drags the film down .	very negative
there 's undeniable enjoyment to be had from films crammed with movie references , but the fun wears thin -- then out -- when there 's nothing else happening .	positive
an engrossing and grim portrait of hookers : what they think of themselves and their clients .	very positive
like mike is a harmlessly naïve slice of b-ball fantasy , fit for filling in during the real nba 's off-season .	neutral
a lovely and beautifully photographed romance .	positive
in the end , all you can do is admire the ensemble players and wonder what the point of it is .	neutral
... while each moment of this broken character study is rich in emotional texture , the journey does n't really go anywhere .	negative
the film 's messages of tolerance and diversity are n't particularly original , but one ca n't help but be drawn in by the sympathetic characters .	positive
aside from the fact that the film idiotically uses the website feardotcom.com or the improperly hammy performance from poor stephen rea , the film gets added disdain for the fact that it is nearly impossible to look at or understand .	very negative
i had more fun watching spy than i had with most of the big summer movies .	very positive
a simple tale of an unlikely friendship , but thanks to the gorgeous locales and exceptional lead performances , it has considerable charm .	very positive
no such thing is sort of a minimalist beauty and the beast , but in this case the beast should definitely get top billing .	very positive
it 's not particularly well made , but since i found myself howling more than cringing , i 'd say the film works .	positive
aniston has at last decisively broken with her friends image in an independent film of satiric fire and emotional turmoil .	positive
... blade ii is still top-heavy with blazing guns , cheatfully filmed martial arts , disintegrating bloodsucker computer effects and jagged camera moves that serve no other purpose than to call attention to themselves .	very negative
every joke is repeated at least four times .	negative
a smart and funny , albeit sometimes superficial , cautionary tale of a technology in search of an artist .	positive
if you like an extreme action-packed film with a hint of humor , then triple x marks the spot .	positive
otherwise , maybe .	neutral
stanley kwan has directed not only one of the best gay love stories ever made , but one of the best love stories of any stripe .	very positive
just about the best straight-up , old-school horror film of the last 15 years .	very positive
please see previous answer .	neutral
in the director 's cut , the film is not only a love song to the movies but it also is more fully an example of the kind of lush , all-enveloping movie experience it rhapsodizes .	positive
`` not really as bad as you might think ! ''	neutral
samuel l. jackson is one of the best actors there is .	very positive
it does give a taste of the burning man ethos , an appealing blend of counter-cultural idealism and hedonistic creativity .	positive
a plethora of engaging diatribes on the meaning of ` home , ' delivered in grand passion by the members of the various households .	positive
the result is good gossip , entertainingly delivered , yet with a distinctly musty odour , its expiry date long gone .	neutral
has some visual wit ... but little imagination elsewhere .	neutral
an imponderably stilted and self-consciously arty movie .	negative
this real-life hollywood fairy-tale is more engaging than the usual fantasies hollywood produces .	positive
waiting for godard can be fruitful : ` in praise of love ' is the director 's epitaph for himself .	positive
it 's all about anakin ... and the lustrous polished visuals rich in color and creativity and , of course , special effect .	very positive
solondz is so intent on hammering home his message that he forgets to make it entertaining .	negative
so here it is : it 's about a family of sour immortals .	neutral
... pitiful , slapdash disaster .	very negative
the crap continues .	very negative
while the story 's undeniably hard to follow , iwai 's gorgeous visuals seduce .	positive
it 's a terrible movie in every regard , and utterly painful to watch .	very negative
this is a monumental achievement in practically every facet of inept filmmaking : joyless , idiotic , annoying , heavy-handed , visually atrocious , and often downright creepy .	negative
a rock-solid gangster movie with a fair amount of suspense , intriguing characters and bizarre bank robberies , plus a heavy dose of father-and-son dynamics .	positive
a terrific b movie -- in fact , the best in recent memory .	very positive
unfortunately , the experience of actually watching the movie is less compelling than the circumstances of its making .	very negative
i liked about schmidt a lot , but i have a feeling that i would have liked it much more if harry & tonto never existed .	positive
what starts off as a potentially incredibly twisting mystery becomes simply a monster chase film .	negative
you may leave the theater with more questions than answers , but darned if your toes wo n't still be tapping .	positive
nobody seems to have cared much about any aspect of it , from its cheesy screenplay to the grayish quality of its lighting to its last-minute , haphazard theatrical release .	very negative
as in aimless , arduous , and arbitrary .	negative
aside from rohmer 's bold choices regarding point of view , the lady and the duke represents the filmmaker 's lifelong concern with formalist experimentation in cinematic art .	positive
a fascinating glimpse into an insular world that gives the lie to many clichés and showcases a group of dedicated artists .	very positive
this is a poster movie , a mediocre tribute to films like them !	negative
there is no solace here , no entertainment value , merely a fierce lesson in where filmmaking can take us .	negative
the graphic carnage and re-creation of war-torn croatia is uncomfortably timely , relevant , and sickeningly real .	positive
the ingenious construction -lrb- adapted by david hare from michael cunningham 's novel -rrb- constantly flows forwards and back , weaving themes among three strands which allow us to view events as if through a prism	positive
or both .	neutral
the most horrific movie experience i 've had since `` ca n't stop the music . ''	very negative
but it also has many of the things that made the first one charming .	positive
whether you like it or not is basically a matter of taste .	neutral
weaver and lapaglia are both excellent , in the kind of low-key way that allows us to forget that they are actually movie folk .	very positive
it 's never laugh-out-loud funny , but it is frequently amusing .	positive
a movie in which laughter and self-exploitation merge into jolly soft-porn 'em powerment . '	positive
quite simply , a joy to watch and -- especially -- to listen to .	very positive
not to mention absolutely refreshed .	very positive
you can take the grandkids or the grandparents and never worry about anyone being bored ... audience is a sea of constant smiles and frequent laughter .	very positive
both the crime story and the love story are unusual .	neutral
arteta paints a picture of lives lived in a state of quiet desperation .	positive
there 's no reason to miss interview with the assassin	very positive
sayles is making a statement about the inability of dreams and aspirations to carry forward into the next generation .	neutral
i like this movie a lot .	very positive
comes off more like a misdemeanor , a flat , unconvincing drama that never catches fire .	negative
this sci-fi techno-sex thriller starts out bizarre and just keeps getting weirder .	neutral
close enough in spirit to its freewheeling trash-cinema roots to be a breath of fresh air .	positive
a dreary indulgence .	neutral
teens only .	neutral
while the transgressive trappings -lrb- especially the frank sex scenes -rrb- ensure that the film is never dull , rodrigues 's beast-within metaphor is ultimately rather silly and overwrought , making the ambiguous ending seem goofy rather than provocative .	negative
blue crush has all the trappings of an energetic , extreme-sports adventure , but ends up more of a creaky `` pretty woman '' retread , with the emphasis on self-empowering schmaltz and big-wave surfing that gives pic its title an afterthought .	negative
the movie does has some entertainment value - how much depends on how well you like chris rock .	neutral
a man leaving the screening said the film was better than saving private ryan .	very positive
the niftiest trick perpetrated by the importance of being earnest is the alchemical transmogrification of wilde into austen -- and a hollywood-ized austen at that .	neutral
-lrb- a -rrb- strong piece of work .	positive
daring and beautifully made .	very positive
there has to be a few advantages to never growing old .	neutral
a well-crafted film that is all the more remarkable because it achieves its emotional power and moments of revelation with restraint and a delicate ambiguity .	positive
with three excellent principal singers , a youthful and good-looking diva and tenor and richly handsome locations , it 's enough to make you wish jacquot had left well enough alone and just filmed the opera without all these distortions of perspective .	neutral
... hits every cliche we 've come to expect , including the assumption that `` crazy '' people are innocent , childlike and inherently funny .	negative
slight but enjoyable documentary .	positive
adam sandler 's eight crazy nights grows on you -- like a rash .	very negative
when compared to the usual , more somber festival entries , davis ' highly personal brand of romantic comedy is a tart , smart breath of fresh air that stands out from the pack even if the picture itself is somewhat problematic .	very positive
nicks and steinberg match their own creations for pure venality -- that 's giving it the old college try .	negative
not even solondz 's thirst for controversy , sketchy characters and immature provocations can fully succeed at cheapening it .	negative
and in a sense , that 's a liability .	negative
the romance between the leads is n't as compelling or as believable as it should be .	negative
hugh grant , who has a good line in charm , has never been more charming than in about a boy .	very positive
poignant and funny .	positive
this is pure , exciting moviemaking .	very positive
never having seen the first two films in the series , i ca n't compare friday after next to them , but nothing would change the fact that what we have here is a load of clams left in the broiling sun for a good three days .	very negative
the film is a blunt indictment , part of a perhaps surreal campaign to bring kissinger to trial for crimes against humanity .	neutral
a straight-ahead thriller that never rises above superficiality .	negative
the film 's constant mood of melancholy and its unhurried narrative are masterfully controlled .	very positive
there are scenes of cinematic perfection that steal your heart away .	very positive
a low-key labor of love that strikes a very resonant chord .	positive
one of those movies that catches you up in something bigger than yourself , namely , an archetypal desire to enjoy good trash every now and then .	very positive
an old-fashioned scary movie , one that relies on lingering terror punctuated by sudden shocks and not constant bloodshed punctuated by flying guts .	positive
there 's an energy to y tu mamá también .	positive
the problem with the film is whether these ambitions , laudable in themselves , justify a theatrical simulation of the death camp of auschwitz ii-birkenau .	negative
the whole mess boils down to a transparently hypocritical work that feels as though it 's trying to set the women 's liberation movement back 20 years . '	very negative
not even steven spielberg has dreamed up such blatant and sickening product placement in a movie .	very negative
miyazaki is one of world cinema 's most wondrously gifted artists and storytellers .	very positive
the paradiso 's rusted-out ruin and ultimate collapse during the film 's final -lrb- restored -rrb- third ... emotionally belittle a cinema classic .	very negative
if you 're down for a silly hack-and-slash flick , you can do no wrong with jason x.	positive
all in all , an interesting look at the life of the campaign-trail press , especially ones that do n't really care for the candidate they 're forced to follow .	positive
in the not-too-distant future , movies like ghost ship will be used as analgesic balm for overstimulated minds .	negative
some movies can get by without being funny simply by structuring the scenes as if they were jokes : a setup , delivery and payoff .	neutral
ryan gosling is , in a word , brilliant as the conflicted daniel .	very positive
i do n't think so .	negative
at best this is a film for the under-7 crowd .	negative
a fresh , entertaining comedy that looks at relationships minus traditional gender roles .	very positive
poetry in motion captured on film .	very positive
the fourth in a series that i 'll bet most parents had thought -- hoped !	neutral
parts of the film feel a bit too much like an infomercial for ram dass 's latest book aimed at the boomer demographic .	negative
the script is a dim-witted pairing of teen-speak and animal gibberish .	negative
but here 's a glimpse at his life .	neutral
almost peerlessly unsettling .	negative
despite auteuil 's performance , it 's a rather listless amble down the middle of the road , where the thematic ironies are too obvious and the sexual politics too smug .	negative
-lrb- ferrera -rrb- has the charisma of a young woman who knows how to hold the screen .	very positive
a solid and refined piece of moviemaking imbued with passion and attitude .	very positive
flamboyant in some movies and artfully restrained in others , 65-year-old jack nicholson could be looking at his 12th oscar nomination by proving that he 's now , more than ever , choosing his roles with the precision of the insurance actuary .	very positive
while this one gets off with a good natured warning , future lizard endeavors will need to adhere more closely to the laws of laughter	negative
the hot topics of the plot are relegated to the background -- a welcome step forward from the sally jesse raphael atmosphere of films like philadelphia and american beauty .	positive
daughter from danang reveals that efforts toward closure only open new wounds .	negative
if not a home run , then at least a solid base hit .	positive
it 's a fine , old-fashioned-movie movie , which is to say it 's unburdened by pretensions to great artistic significance .	positive
what it lacks in substance it makes up for in heart .	positive
carrying off a spot-on scottish burr , duvall -lrb- also a producer -rrb- peels layers from this character that may well not have existed on paper .	positive
there are enough throwaway references to faith and rainbows to plant smile-button faces on that segment of the populace that made a walk to remember a niche hit .	positive
a well-acted , but one-note film .	neutral
suffice to say its total promise is left slightly unfulfilled .	negative
the picture 's fascinating byways are littered with trenchant satirical jabs at the peculiar egocentricities of the acting breed .	positive
walter hill 's undisputed is like a 1940s warner bros. .	positive
parents beware ; this is downright movie penance .	negative
whatever satire lucky break was aiming for , it certainly got lost in the `` soon-to-be-forgettable '' section of the quirky rip-off prison romp pile .	negative
it did n't go straight to video .	neutral
fred schepisi 's tale of four englishmen facing the prospect of their own mortality views youthful affluence not as a lost ideal but a starting point .	positive
there 's no energy .	very negative
the movie tries to be ethereal , but ends up seeming goofy .	neutral
starts off witty and sophisticated and you want to love it -- but filmmaker yvan attal quickly writes himself into a corner .	negative
kosminsky ... puts enough salt into the wounds of the tortured and self-conscious material to make it sting .	positive
a well made indieflick in need of some trims and a more chemistry between its stars .	positive
seems based on ugly ideas instead of ugly behavior , as happiness was ... hence , storytelling is far more appealing .	very positive
it 's the unsettling images of a war-ravaged land that prove more potent and riveting than the unlikely story of sarah and harrison .	neutral
alternates between deadpan comedy and heartbreaking loneliness and is n't afraid to provoke introspection in both its characters and its audience .	positive
true to its title , it traps audiences in a series of relentlessly nasty situations that we would pay a considerable ransom not to be looking at .	negative
at its best when the guarded , resentful betty and the manipulative yet needy margot are front and center .	neutral
with exquisite craftsmanship ... olivier assayas has fashioned an absorbing look at provincial bourgeois french society .	positive
your response to its new sequel , analyze that , may hinge on what you thought of the first film .	neutral
a hard look at one man 's occupational angst and its subsequent reinvention , a terrifying study of bourgeois desperation worthy of claude chabrol .	positive
the ethos of the chelsea hotel may shape hawke 's artistic aspirations , but he has n't yet coordinated his own dv poetry with the beat he hears in his soul .	negative
grant is certainly amusing , but the very hollowness of the character he plays keeps him at arms length	negative
feels slight , as if it were an extended short , albeit one made by the smartest kids in class .	neutral
definitely in the guilty pleasure b-movie category , reign of fire is so incredibly inane that it is laughingly enjoyable .	positive
it 's not just the vampires that are damned in queen of the damned -- the viewers will feel they suffer the same fate .	very negative
as simple and innocent a movie as you can imagine .	positive
as we have come to learn -- as many times as we have fingers to count on -- jason is a killer who does n't know the meaning of the word ` quit . '	neutral
extremely bad .	very negative
a relatively effective little potboiler until its absurd , contrived , overblown , and entirely implausible finale .	neutral
although disney follows its standard formula in this animated adventure , it feels more forced than usual .	negative
deserves a place of honor next to nanook as a landmark in film history .	positive
a solid piece of journalistic work that draws a picture of a man for whom political expedience became a deadly foreign policy .	neutral
what 's missing in murder by numbers is any real psychological grounding for the teens ' deviant behaviour .	very negative
any attempts at nuance given by the capable cast is drowned out by director jon purdy 's sledgehammer sap .	negative
it 's lost the politics and the social observation and become just another situation romance about a couple of saps stuck in an inarticulate screenplay .	negative
cut through the layers of soap-opera emotion and you find a scathing portrayal of a powerful entity strangling the life out of the people who want to believe in it the most .	positive
it made me want to get made-up and go see this movie with my sisters .	positive
argento , at only 26 , brings a youthful , out-to-change-the-world aggressiveness to the project , as if she 's cut open a vein and bled the raw film stock .	positive
as refreshing as a drink from a woodland stream .	positive
... a sweetly affecting story about four sisters who are coping , in one way or another , with life 's endgame .	positive
beautifully directed and convincingly acted .	positive
it is an unstinting look at a collaboration between damaged people that may or may not qual	positive
ritchie 's film is easier to swallow than wertmuller 's polemical allegory , but it 's self-defeatingly decorous .	negative
the movie strains to stay on the light , comic side of the issue , despite the difficulty of doing so when dealing with the destruction of property and , potentially , of life itself .	neutral
the charm of the first movie is still there , and the story feels like the logical , unforced continuation of the careers of a pair of spy kids .	positive
depending upon your reaction to this movie , you may never again be able to look at a red felt sharpie pen without disgust , a thrill , or the giggles .	neutral
despite a performance of sustained intelligence from stanford and another of subtle humour from bebe neuwirth , as an older woman who seduces oscar , the film founders on its lack of empathy for the social milieu - rich new york intelligentsia - and its off	neutral
purports to be a hollywood satire but winds up as the kind of film that should be the target of something deeper and more engaging .	negative
any enjoyment will be hinge from a personal threshold of watching sad but endearing characters do extremely unconventional things .	positive
an undeniably gorgeous , terminally smitten document of a troubadour , his acolytes , and the triumph of his band .	positive
halfway through the movie , the humor dwindles .	negative
the magic -lrb- and original running time -rrb- of ace japanimator hayao miyazaki 's spirited away survives intact in bv 's re-voiced version .	positive
michael moore has perfected the art of highly entertaining , self-aggrandizing , politically motivated documentary-making , and he 's got as potent a topic as ever here .	positive
frei assembles a fascinating profile of a deeply humanistic artist who , in spite of all that he 's witnessed , remains surprisingly idealistic , and retains an extraordinary faith in the ability of images to communicate the truth of the world around him .	positive
predictable and cloying , though brown sugar is so earnest in its yearning for the days before rap went nihilistic that it summons more spirit and bite than your average formulaic romantic quadrangle .	positive
sadly , though many of the actors throw off a spark or two when they first appear , they ca n't generate enough heat in this cold vacuum of a comedy to start a reaction .	negative
such a bad movie that its luckiest viewers will be seated next to one of those ignorant pinheads who talk throughout the show .	very negative
a modest masterpiece .	positive
neil burger here succeeded in ... making the mystery of four decades back the springboard for a more immediate mystery in the present .	very positive
and thanks to kline 's superbly nuanced performance , that pondering is highly pleasurable .	very positive
it 's still a comic book , but maguire makes it a comic book with soul .	positive
shiri is an action film that delivers on the promise of excitement , but it also has a strong dramatic and emotional pull that gradually sneaks up on the audience .	positive
seems content to dog-paddle in the mediocre end of the pool , and it 's a sad , sick sight .	negative
takes a fresh and absorbing look at a figure whose legacy had begun to bronze .	positive
but it does n't leave you with much .	negative
the trick when watching godard is to catch the pitch of his poetics , savor the pleasure of his sounds and images , and ponder the historical , philosophical , and ethical issues that intersect with them .	positive
broomfield has a rather unique approach to documentary .	positive
as the mediterranean sparkles , ` swept away ' sinks .	negative
two-bit potboiler .	negative
a poignant and gently humorous parable that loves its characters and communicates something rather beautiful about human nature .	very positive
mushes the college-friends genre -lrb- the big chill -rrb- together with the contrivances and overwrought emotion of soap operas .	neutral
an amalgam of the fugitive , blade runner , and total recall , only without much energy or tension .	neutral
a smart , provocative drama that does the nearly impossible : it gets under the skin of a man we only know as an evil , monstrous lunatic .	very positive
at once overly old-fashioned in its sudsy plotting and heavy-handed in its effort to modernize it with encomia to diversity and tolerance .	negative
it 's just rather leaden and dull .	very negative
problem is , we have no idea what in creation is going on .	negative
the movie is a mess from start to finish .	negative
its rawness and vitality give it considerable punch .	positive
one of the best inside-show-biz yarns ever .	very positive
but the feelings evoked in the film are lukewarm and quick to pass .	negative
a burst of color , music , and dance that only the most practiced curmudgeon could fail to crack a smile at .	very positive
the best animated feature to hit theaters since beauty and the beast 11 years ago .	very positive
the only camouflage carvey should now be considering is a paper bag to wear over his head when he goes out into public , to avoid being recognized as the man who bilked unsuspecting moviegoers .	very negative
scarcely worth a mention apart from reporting on the number of tumbleweeds blowing through the empty theatres graced with its company .	very negative
i was hoping that it would be sleazy and fun , but it was neither .	neutral
a beautifully observed character piece .	very positive
compared to his series of spectacular belly flops both on and off the screen , runteldat is something of a triumph .	positive
as plain and pedestrian as catsup --	very negative
some people march to the beat of a different drum , and if you ever wondered what kind of houses those people live in , this documentary takes a look at 5 alternative housing options .	positive
that jack nicholson makes this man so watchable is a tribute not only to his craft , but to his legend .	very positive
with each of her three protagonists , miller eloquently captures the moment when a woman 's life , out of a deep-seated , emotional need , is about to turn onto a different path .	very positive
if borstal boy is n't especially realistic , it is an engaging nostalgia piece .	neutral
a college story that works even without vulgarity , sex scenes , and cussing !	positive
a loquacious and dreary piece of business .	negative
behan 's memoir is great material for a film -- rowdy , brawny and lyrical in the best irish sense -- but sheridan has settled for a lugubrious romance .	negative
a rather tired exercise in nostalgia .	negative
` linklater fans , or pretentious types who want to appear avant-garde will suck up to this project ... '	negative
there 's little to recommend snow dogs , unless one considers cliched dialogue and perverse escapism a source of high hilarity .	negative
certainly beautiful to look at , but its not very informative about its titular character and no more challenging than your average television biopic .	neutral
one lousy movie .	negative
it 's such a mechanical endeavor -lrb- that -rrb- it never bothers to question why somebody might devote time to see it .	negative
a blair witch - style adventure that plays like a bad soap opera , with passable performances from everyone in the cast .	negative
until its final minutes this is a perceptive study of two families in crisis -- and of two girls whose friendship is severely tested by bad luck and their own immaturity .	negative
abandon spends 90 minutes trying figure out whether or not some cocky pseudo-intellectual kid has intentionally left college or was killed .	negative
needs more impressionistic cinematography and exhilarating point-of-view shots and fewer slow-motion ` grandeur ' shots and quick-cut edits that often detract from the athleticism .	negative
watching harris ham it up while physically and emotionally disintegrating over the course of the movie has a certain poignancy in light of his recent death , but boyd 's film offers little else of consequence .	neutral
with the prospect of films like kangaroo jack about to burst across america 's winter movie screens it 's a pleasure to have a film like the hours as an alternative .	positive
where this was lazy but enjoyable , a formula comedy redeemed by its stars , that is even lazier and far less enjoyable .	negative
a highly watchable , giggly little story with a sweet edge to it .	positive
skillfully weaves both the elements of the plot and a powerfully evocative mood combining heated sexuality with a haunting sense of malaise .	very positive
-lrb- soderbergh -rrb- tends to place most of the psychological and philosophical material in italics rather than trust an audience 's intelligence , and he creates an overall sense of brusqueness .	negative
writer-director juan carlos fresnadillo makes a feature debut that is fully formed and remarkably assured .	very positive
the kind of film that leaves you scratching your head in amazement over the fact that so many talented people could participate in such an ill-advised and poorly executed idea .	very negative
falls short in explaining the music and its roots .	neutral
each story is built on a potentially interesting idea , but the first two are ruined by amateurish writing and acting , while the third feels limited by its short running time .	negative
a fascinating but choppy documentary .	neutral
sweetly sexy , funny and touching .	very positive
like all of egoyan 's work , ararat is fiercely intelligent and uncommonly ambitious .	positive
even if invincible is not quite the career peak that the pianist is for roman polanski , it demonstrates that werner herzog can still leave us with a sense of wonder at the diverse , marvelously twisted shapes history has taken .	positive
the film is really closer to porn than a serious critique of what 's wrong with this increasingly pervasive aspect of gay culture .	negative
this is a movie that starts out like heathers , then becomes bring it on , then becomes unwatchable .	negative
it 's a cool event for the whole family .	very positive
time literally stops on a dime in the tries-so-hard-to-be-cool `` clockstoppers , '' but that does n't mean it still wo n't feel like the longest 90 minutes of your movie-going life .	very negative
yep , it 's `` waking up in reno . ''	neutral
a beautiful , entertaining two hours .	very positive
though it pretends to expose the life of male hustlers , it 's exploitive without being insightful .	negative
too long , and larded with exposition , this somber cop drama ultimately feels as flat as the scruffy sands of its titular community .	negative
another love story in 2002 's remarkable procession of sweeping pictures that have reinvigorated the romance genre .	positive
it 's sobering , particularly if anyone still thinks this conflict can be resolved easily , or soon .	neutral
the chateau belongs to rudd , whose portrait of a therapy-dependent flakeball spouting french malapropisms ... is a nonstop hoot .	positive
the story ... is inspiring , ironic , and revelatory of just how ridiculous and money-oriented the record industry really is .	very positive
love may have been in the air onscreen , but i certainly was n't feeling any of it .	negative
this director 's cut -- which adds 51 minutes -- takes a great film and turns it into a mundane soap opera .	negative
`` the dangerous lives of altar boys '' has flaws , but it also has humor and heart and very talented young actors	positive
when you resurrect a dead man , hard copy should come a-knocking , no ?	neutral
i admit it , i hate to like it .	neutral
movies like high crimes flog the dead horse of surprise as if it were an obligation .	very negative
an amusing and unexpectedly insightful examination of sexual jealousy , resentment and the fine line between passion and pretence .	very positive
producer john penotti surveyed high school students ... and came back with the astonishing revelation that `` they wanted to see something that did n't talk down to them . ''	positive
it 's just a movie that happens to have jackie chan in it .	negative
what redeems the film is the cast , particularly the ya-yas themselves .	positive
but what 's nice is that there 's a casual intelligence that permeates the script .	very positive
adam sandler 's 8 crazy nights is 75 wasted minutes of sandler as the voice-over hero in columbia pictures ' perverse idea of an animated holiday movie .	negative
a mess .	negative
the filmmakers wisely decided to let crocodile hunter steve irwin do what he does best , and fashion a story around him .	positive
so purely enjoyable that you might not even notice it 's a fairly straightforward remake of hollywood comedies such as father of the bride .	positive
talk to her is so darned assured , we have absolutely no idea who the main characters are until the film is well under way -- and yet it 's hard to stop watching .	positive
a genuinely funny ensemble comedy that also asks its audience -- in a heartwarming , nonjudgmental kind of way -- to consider what we value in our daily lives .	very positive
it 's so laddish and juvenile , only teenage boys could possibly find it funny .	neutral
after seeing ` analyze that , ' i feel better already .	positive
mazel tov to a film about a family 's joyous life acting on the yiddish stage .	very positive
the characters are never more than sketches ... which leaves any true emotional connection or identification frustratingly out of reach .	very negative
reign of fire just might go down as one of the all-time great apocalypse movies .	positive
visually sumptuous but intellectually stultifying .	neutral
though few will argue that it ranks with the best of herzog 's works , invincible shows he 's back in form , with an astoundingly rich film .	very positive
the simplicity of the way home has few equals this side of aesop	neutral
monte cristo smartly emphasizes the well-wrought story and omits needless chase scenes and swordfights as the revenge unfolds .	very positive
it shows us a slice of life that 's very different from our own and yet instantly recognizable .	positive
a fine film , but it would be a lot better if it stuck to betty fisher and left out the other stories .	neutral
interesting both as a historical study and as a tragic love story .	positive
feels untidily honest .	neutral
what we have here is n't a disaster , exactly , but a very handsomely produced let-down .	negative
there 's a reason the studio did n't offer an advance screening .	negative
there is a certain sense of experimentation and improvisation to this film that may not always work , but it is nevertheless compelling .	positive
though it 's equally solipsistic in tone , the movie has enough vitality to justify the notion of creating a screen adaptation of evans ' saga of hollywood excess .	positive
one of the worst films of 2002 .	very negative
the film 's overall mood and focus is interesting but constantly unfulfilling .	neutral
lazy , miserable and smug .	very negative
-lrb- t -rrb- he script is n't up to the level of the direction , nor are the uneven performances by the cast members , who seem bound and determined to duplicate bela lugosi 's now-cliched vampire accent .	negative
often demented in a good way , but it is an uneven film for the most part .	negative
i wish windtalkers had had more faith in the dramatic potential of this true story .	neutral
an animation landmark as monumental as disney 's 1937 breakthrough snow white and the seven dwarfs .	very positive
this thing is just garbage .	very negative
`` the road paved with good intentions leads to the video store ''	positive
still , this flick is fun , and host to some truly excellent sequences .	very positive
a disoriented but occasionally disarming saga packed with moments out of an alice in wonderland adventure , a stalker thriller , and a condensed season of tv 's big brother .	positive
`` juwanna mann ? ''	neutral
like the world of his film , hartley created a monster but did n't know how to handle it .	negative
what 's surprising is how well it holds up in an era in which computer-generated images are the norm .	positive
it 's a clear-eyed portrait of an intensely lived time , filled with nervous energy , moral ambiguity and great uncertainties .	positive
the extent to which it succeeds is impressive .	positive
proves a servicable world war ii drama that ca n't totally hide its contrivances , but it at least calls attention to a problem hollywood too long has ignored .	positive
` tobey maguire is a poster boy for the geek generation . '	neutral
a fascinating , bombshell documentary that should shame americans , regardless of whether or not ultimate blame finally lies with kissinger .	very positive
never inspires more than an interested detachment .	negative
ultimately , clarity matters , both in breaking codes and making movies .	neutral
a sharp and quick documentary that is funny and pithy , while illuminating an era of theatrical comedy that , while past , really is n't .	positive
this is a smart movie that knows its classical music , knows its freud and knows its sade .	positive
instead of trying to bust some blondes , -lrb- diggs -rrb- should be probing why a guy with his talent ended up in a movie this bad .	negative
a film that presents an interesting , even sexy premise then ruins itself with too many contrivances and goofy situations .	neutral
delivers roughly equal amounts of beautiful movement and inside information .	positive
meyjes 's movie , like max rothman 's future , does not work .	negative
a weird , arresting little ride .	positive
but i had a lot of problems with this movie .	negative
a dopey movie clothed in excess layers of hipness .	neutral
it 's dull , spiritless , silly and monotonous : an ultra-loud blast of pointless mayhem , going nowhere fast .	very negative
the year 2002 has conjured up more coming-of-age stories than seem possible , but take care of my cat emerges as the very best of them .	very positive
nakata 's technique is to imply terror by suggestion , rather than the overuse of special effects .	positive
but it does n't need gangs of new york .	neutral
the cinematic equivalent of patronizing a bar favored by pretentious , untalented artistes who enjoy moaning about their cruel fate .	negative
there 's a part of us that can not help be entertained by the sight of someone getting away with something .	positive
but mr. polanski creates images even more haunting than those in mr. spielberg 's 1993 classic .	very positive
the performances are strong , though the subject matter demands acting that borders on hammy at times .	positive
never does `` lilo & stitch '' reach the emotion or timelessness of disney 's great past , or even that of more recent successes such as `` mulan '' or `` tarzan . ''	negative
a wild ride with eight boarders from venice beach that was a deserved co-winner of the audience award for documentaries at the sundance film festival .	very positive
the mushy finale turns john q into a movie-of-the-week tearjerker .	positive
a venturesome , beautifully realized psychological mood piece that reveals its first-time feature director 's understanding of the expressive power of the camera .	very positive
that it 'll probably be the best and most mature comedy of the 2002 summer season speaks more of the season than the picture	positive
it 's still adam sandler , and it 's not little nicky .	neutral
your nightmares , on the other hand , will be anything but .	neutral
my own minority report is that it stinks .	very negative
cage makes an unusual but pleasantly haunting debut behind the camera .	positive
brosnan is more feral in this film than i 've seen him before and halle berry does her best to keep up with him .	positive
ben kingsley is truly funny , playing a kind of ghandi gone bad .	very positive
frankly , it 's pretty stupid .	negative
ozpetek 's effort has the scope and shape of an especially well-executed television movie .	very positive
too clever by about nine-tenths .	positive
you should pay nine bucks for this : because you can hear about suffering afghan refugees on the news and still be unaffected .	neutral
the whole mildly pleasant outing -- the r rating is for brief nudity and a grisly corpse -- remains aloft not on its own self-referential hot air , but on the inspired performance of tim allen .	neutral
horns and halos benefits from serendipity but also reminds us of our own responsibility to question what is told as the truth .	positive
a particularly joyless , and exceedingly dull , period coming-of-age tale .	very negative
an unorthodox little film noir organized crime story that includes one of the strangest love stories you will ever see .	positive
watching the powerpuff girls movie , my mind kept returning to one anecdote for comparison : the cartoon in japan that gave people seizures .	positive
there 's no good answer to that one .	negative
-lrb- while the last metro -rrb- was more melodramatic , confined to a single theater company and its strategies and deceptions , while tavernier is more concerned with the entire period of history .	positive
cantet beautifully illuminates what it means sometimes to be inside looking out , and at other times outside looking in .	positive
if you think it 's a riot to see rob schneider in a young woman 's clothes , then you 'll enjoy the hot chick .	positive
with the same sort of good-natured fun found in films like tremors , eight legged freaks is prime escapist fare .	very positive
a bore that tends to hammer home every one of its points .	negative
a non-mystery mystery .	negative
there 's back-stabbing , inter-racial desire and , most importantly , singing and dancing .	positive
there 's more repetition than creativity throughout the movie .	negative
together , miller , kuras and the actresses make personal velocity into an intricate , intimate and intelligent journey .	positive
i enjoyed the movie in a superficial way , while never sure what its purpose was .	positive
the film sometimes flags ... but there is enough secondary action to keep things moving along at a brisk , amusing pace .	neutral
fear dot com is more frustrating than a modem that disconnects every 10 seconds .	negative
often overwrought and at times positively irritating , the film turns into an engrossing thriller almost in spite of itself .	neutral
instead of a witty expose on the banality and hypocrisy of too much kid-vid , we get an ugly , mean-spirited lashing out by an adult who 's apparently been forced by his kids to watch too many barney videos .	negative
feels like the work of an artist who is simply tired -- of fighting the same fights , of putting the weight of the world on his shoulders , of playing with narrative form .	negative
it is very difficult to care about the character , and that is the central flaw of the film .	very negative
gangster no. 1 is solid , satisfying fare for adults .	very positive
why did they deem it necessary to document all this emotional misery ?	negative
no doubt the star and everyone else involved had their hearts in the right place .	positive
-lrb- rises -rrb- above its oh-so-hollywood rejiggering and its conventional direction to give the film a soul and an unabashed sense of good old-fashioned escapism .	positive
newcomer helmer kevin donovan is hamstrung by a badly handled screenplay of what is really an amusing concept -- a high-tech tux that transforms its wearer into a superman .	neutral
this is the first film i 've ever seen that had no obvious directing involved .	neutral
captures that perverse element of the kafkaesque where identity , overnight , is robbed and replaced with a persecuted `` other . ''	positive
never once predictable .	positive
the film does n't really care about the thousands of americans who die hideously , it cares about how ryan meets his future wife and makes his start at the cia .	negative
offers a guilt-free trip into feel-good territory .	very positive
the filmmakers are playing to the big boys in new york and l.a. to that end , they mock the kind of folks they do n't understand , ones they figure the power-lunchers do n't care to understand , either .	negative
i wish it would have just gone more over-the-top instead of trying to have it both ways .	negative
the whole affair , true story or not , feels incredibly hokey ... -lrb- it -rrb- comes off like a hallmark commercial .	negative
-lrb- allen 's -rrb- been making piffle for a long while , and hollywood ending may be his way of saying that piffle is all that the airhead movie business deserves from him right now .	neutral
cacoyannis is perhaps too effective in creating an atmosphere of dust-caked stagnation and labored gentility .	neutral
the structure is simple , but in its own way , rabbit-proof fence is a quest story as grand as the lord of the rings .	positive
o.k. , not really .	neutral
a puppy dog so desperate for attention it nearly breaks its little neck trying to perform entertaining tricks .	negative
nice piece of work .	positive
-lrb- kirshner wins , but it 's close . -rrb-	neutral
a road trip that will get you thinking , ` are we there yet ? '	neutral
the events of the film are just so weird that i honestly never knew what the hell was coming next .	negative
the ring is worth a look , if you do n't demand much more than a few cheap thrills from your halloween entertainment .	neutral
who knew ...	neutral
episode ii -- attack of the clones is a technological exercise that lacks juice and delight .	negative
this is a dark , gritty , sometimes funny little gem .	positive
though there 's a clarity of purpose and even-handedness to the film 's direction , the drama feels rigged and sluggish .	negative
noyce 's greatest mistake is thinking that we needed sweeping , dramatic , hollywood moments to keep us	negative
the country bears has no scenes that will upset or frighten young viewers .	neutral
what emerges is an unsettling picture of childhood innocence combined with indoctrinated prejudice .	positive
the 3-d vistas from orbit , with the space station suspended like a huge set of wind chimes over the great blue globe , are stanzas of breathtaking , awe-inspiring visual poetry .	very positive
cacoyannis ' vision is far less mature , interpreting the play as a call for pity and sympathy for anachronistic phantasms haunting the imagined glory of their own pasts .	negative
jackie chan movies are a guilty pleasure - he 's easy to like and always leaves us laughing .	positive
-lrb- gayton 's script -rrb- telegraphs every discovery and layers on the gloss of convenience .	positive
i know i should n't have laughed , but hey , those farts got to my inner nine-year-old .	positive
... has about 3\/4th the fun of its spry 2001 predecessor -- but it 's a rushed , slapdash , sequel-for-the-sake - of-a-sequel with less than half the plot and ingenuity .	very negative
there is a general air of exuberance in all about the benjamins that 's hard to resist .	positive
plays like one of those conversations that comic book guy on `` the simpsons '' has .	negative
a sha-na-na sketch punctuated with graphic violence .	neutral
a drama ?	neutral
dong never pushes for insights beyond the superficial tensions of the dynamic he 's dissecting , and the film settles too easily along the contours of expectation .	negative
this charming but slight tale has warmth , wit and interesting characters compassionately portrayed .	positive
the movie slides downhill as soon as macho action conventions assert themselves .	very negative
streamlined to a tight , brisk 85-minute screwball thriller , `` big trouble '' is funny , harmless and as substantial as a tub of popcorn with extra butter .	neutral
as it stands , there 's some fine sex onscreen , and some tense arguing , but not a whole lot more .	neutral
delightfully rendered	very positive
shows that jackie chan is getting older , and that 's something i would rather live in denial about	negative
many insightful moments .	positive
it is a movie about passion .	neutral
made to be jaglomized is the cannes film festival , the annual riviera spree of flesh , buzz , blab and money .	negative
the performances are immaculate , with roussillon providing comic relief .	very positive
anyone not into high-tech splatterfests is advised to take the warning literally , and log on to something more user-friendly .	negative
director claude chabrol has become the master of innuendo .	positive
as comedic spotlights go , notorious c.h.o. hits all the verbal marks it should .	positive
-lrb- tries -rrb- to parody a genre that 's already a joke in the united states .	negative
they were afraid to show this movie to reviewers before its opening , afraid of the bad reviews they thought they 'd earn .	very negative
especially give credit to affleck .	very positive
a fragile framework upon which to hang broad , mildly fleshed-out characters that seem to have been conjured up only 10 minutes prior to filming .	negative
and it marks him as one of the most interesting writer\/directors working today .	positive
this picture is murder by numbers , and as easy to be bored by as your abc 's , despite a few whopping shootouts .	very negative
though jones and snipes are enthralling , the movie bogs down in rhetoric and cliché .	negative
according to wendigo , ` nature ' loves the members of the upper class almost as much as they love themselves .	positive
even a hardened voyeur would require the patience of job to get through this interminable , shapeless documentary about the swinging subculture .	very negative
it is refreshingly undogmatic about its characters .	very positive
a gratingly unfunny groaner littered with zero-dimensional , unlikable characters and hackneyed , threadbare comic setups .	very negative
a vibrant , colorful , semimusical rendition .	very positive
but as you watch the movie , you 're too interested to care .	very positive
a mediocre exercise in target demographics , unaware that it 's the butt of its own joke .	negative
the funny thing is , i did n't mind all this contrived nonsense a bit .	neutral
thumbs down .	very negative
while the story does seem pretty unbelievable at times , it 's awfully entertaining to watch .	positive
at a time when we 've learned the hard way just how complex international terrorism is , collateral damage paints an absurdly simplistic picture .	negative
adam sandler !	neutral
upper west sidey exercise in narcissism and self-congratulation disguised as a tribute .	negative
as a kind of colorful , dramatized pbs program , frida gets the job done .	positive
an uneven look into a grim future that does n't come close to the level of intelligence and visual splendour that can be seen in other films based on philip k. dick stories .	negative
-lrb- shyamalan -rrb- turns the goose-pimple genre on its empty head and fills it with spirit , purpose and emotionally bruised characters who add up to more than body count .	positive
totally overwrought , deeply biased , and wholly designed to make you feel guilty about ignoring what the filmmakers clearly believe are the greatest musicians of all time .	very negative
there 's so much to look at in metropolis you hate to tear your eyes away from the images long enough to read the subtitles .	very positive
woody allen used to ridicule movies like hollywood ending .	negative
either a fascinating study of the relationship between mothers and their children or a disturbing story about sociopaths and their marks .	neutral
lightweight but appealing .	positive
there is nothing redeeming about this movie .	very negative
what 's infuriating about full frontal is that it 's too close to real life to make sense .	negative
touché !	neutral
the movie 's seams may show ... but pellington gives `` mothman '' an irresistibly uncanny ambience that goes a long way toward keeping the picture compelling .	positive
macdowell ... gives give a solid , anguished performance that eclipses nearly everything else she 's ever done .	very positive
director paul cox 's unorthodox , abstract approach to visualizing nijinsky 's diaries is both stimulating and demanding .	positive
the sight of the spaceship on the launching pad is duly impressive in imax dimensions , as are shots of the astronauts floating in their cabins .	positive
the unique niche of self-critical , behind-the-scenes navel-gazing kaufman has carved from orleans ' story and his own infinite insecurity is a work of outstanding originality .	very positive
the stunt work is top-notch ; the dialogue and drama often food-spittingly funny .	positive
lucas has in fact come closer than anyone could desire to the cheap , graceless , hackneyed sci-fi serials of the '30s and '40s .	negative
a fine effort , an interesting topic , some intriguing characters and a sad ending .	positive
`` ... something appears to have been lost in the translation this time .	very negative
featherweight romantic comedy has a few nice twists in a standard plot and the charisma of hugh grant and sandra bullock .	positive
hypnotically dull , relentlessly downbeat , laughably predictable wail pitched to the cadence of a depressed fifteen-year-old 's suicidal poetry .	very negative
everything about the quiet american is good , except its timing .	positive
it 's a smartly directed , grown-up film of ideas .	very positive
the bourne identity should n't be half as entertaining as it is , but director doug liman and his colleagues have managed to pack it with enough action to satisfy the boom-bam crowd without a huge sacrifice of character and mood .	positive
once he starts learning to compromise with reality enough to become comparatively sane and healthy , the film becomes predictably conventional .	negative
a touching , small-scale story of family responsibility and care in the community .	positive
the gifted crudup has the perfect face to play a handsome blank yearning to find himself , and his cipherlike personality and bad behavior would play fine if the movie knew what to do with him .	negative
an artsploitation movie with too much exploitation and too little art .	very negative
an unflinching look at the world 's dispossessed .	neutral
unless you 're a fanatic , the best advice is : ` scooby ' do n't .	negative
nicole kidman evolved from star to superstar some time over the past year , which means that birthday girl is the kind of quirkily appealing minor movie she might not make for a while .	positive
and the positive change in tone here seems to have recharged him .	positive
the culmination of everyone 's efforts is given life when a selection appears in its final form -lrb- in `` last dance '' -rrb- .	neutral
there 's just something about watching a squad of psychopathic underdogs whale the tar out of unsuspecting lawmen that reaches across time and distance .	positive
the script is high on squaddie banter , low on shocks .	positive
go back to sleep .	negative
this movie plays like an extended dialogue exercise in retard 101 .	very negative
the movie is gorgeously made , but it is also somewhat shallow and art-conscious .	neutral
it 's as if a bored cage spent the duration of the film 's shooting schedule waiting to scream : `` got aids yet ? ''	very negative
secret ballot is a funny , puzzling movie ambiguous enough to be engaging and oddly moving .	very positive
a visionary marvel , but it 's lacking a depth in storytelling usually found in anime like this .	negative
nair just does n't have the necessary self-control to guide a loose , poorly structured film through the pitfalls of incoherence and redundancy .	very negative
one of the most slyly exquisite anti-adult movies ever made .	very positive
this low-rent -- and even lower-wit -- rip-off of the farrelly brothers ' oeuvre gets way too mushy -- and in a relatively short amount of time .	negative
happily stays close to the ground in a spare and simple manner and does n't pummel us with phony imagery or music .	very positive
fails as a dystopian movie , as a retooling of fahrenheit 451 , and even as a rip-off of the matrix .	very negative
whatever one makes of its political edge , this is beautiful filmmaking from one of french cinema 's master craftsmen .	very positive
jagger , stoppard and director michael apted ... deliver a riveting and surprisingly romantic ride .	very positive
banal and predictable .	very negative
takes a clunky tv-movie approach to detailing a chapter in the life of the celebrated irish playwright , poet and drinker .	negative
ritchie may not have a novel thought in his head , but he knows how to pose madonna .	neutral
the trashy teen-sleaze equivalent of showgirls .	negative
what eric schaeffer has accomplished with never again may not , strictly speaking , qualify as revolutionary .	neutral
best of all is garcia , who perfectly portrays the desperation of a very insecure man .	very positive
it does n't flinch from its unsettling prognosis , namely , that the legacy of war is a kind of perpetual pain .	negative
scooby-doo does n't know if it wants to be a retro-refitting exercise in campy recall for older fans or a silly , nickelodeon-esque kiddie flick .	negative
a dramatic comedy as pleasantly dishonest and pat as any hollywood fluff .	negative
unfunny and lacking any sense of commitment to or affection for its characters , the reginald hudlin comedy relies on toilet humor , ethnic slurs .	very negative
`` the best disney movie since the lion king ''	very positive
merry friggin ' christmas !	neutral
best indie of the year , so far .	very positive
feels less like a cousin to blade runner than like a bottom-feeder sequel in the escape from new york series .	negative
it jumps around with little logic or continuity , presenting backstage bytes of information that never amount to a satisfying complete picture of this particular , anciently demanding métier .	very negative
simone is not a bad film .	positive
harry potter and the chamber of secrets is deja vu all over again , and while that is a cliche , nothing could be more appropriate .	neutral
triumph of love is a very silly movie , but the silliness has a pedigree .	neutral
a sexy , peculiar and always entertaining costume drama set in renaissance spain , and the fact that it 's based on true events somehow makes it all the more compelling .	very positive
as the sulking , moody male hustler in the title role , -lrb- franco -rrb- has all of dean 's mannerisms and self-indulgence , but none of his sweetness and vulnerability .	negative
open-ended and composed of layer upon layer , talk to her is a cinephile 's feast , an invitation to countless interpretations .	neutral
the first bond movie in ages that is n't fake fun .	positive
the problem is that for the most part , the film is deadly dull .	very negative
for the rest of us , sitting through dahmer 's two hours amounts to little more than punishment .	very negative
the rollerball sequences feel sanitised and stagey .	negative
ramsay and morton fill this character study with poetic force and buoyant feeling .	positive
has all the right elements but completely fails to gel together .	neutral
the film is saved from are n't - kids-cute sentimentality by a warmth that is n't faked and a stately sense of composition .	positive
death to smoochy is often very funny , but what 's even more remarkable is the integrity of devito 's misanthropic vision .	positive
this is mild-mannered , been-there material given a pedestrian spin by a director who needed a touch of the flamboyant , the outrageous .	neutral
you have once again entered the bizarre realm where director adrian lyne holds sway , where all relationships are simultaneously broadly metaphorical , oddly abstract , and excruciatingly literal .	neutral
the only young people who possibly will enjoy it are infants ... who might be distracted by the movie 's quick movements and sounds .	negative
there 's something fishy about a seasonal holiday kids ' movie ... that derives its moment of most convincing emotional gravity from a scene where santa gives gifts to grownups .	negative
it collapses when mr. taylor tries to shift the tone to a thriller 's rush .	negative
it 's also not smart or barbed enough for older viewers -- not everyone thinks poo-poo jokes are ` edgy . '	very negative
opening with some contrived banter , cliches and some loose ends , the screenplay only comes into its own in the second half .	neutral
it gives poor dana carvey nothing to do that is really funny , and then expects us to laugh because he acts so goofy all the time .	negative
efficient , suitably anonymous chiller .	positive
... stylistically , the movie is a disaster .	very negative
it 's mildly entertaining , especially if you find comfort in familiarity .	positive
... a guiltless film for nice evening out .	positive
what makes salton sea surprisingly engrossing is that caruso takes an atypically hypnotic approach to a world that 's often handled in fast-edit , hopped-up fashion .	very positive
an opportunity missed .	negative
its strengths and weaknesses play off each other virtually to a stand-off , with the unfortunate trump card being the dreary mid-section of the film .	neutral
canada 's arctic light shines bright on this frozen tundra soap opera that breathes extraordinary life into the private existence of the inuit people .	positive
fresh and raw like a blown-out vein , narc takes a walking-dead , cop-flick subgenre and beats new life into it .	very positive
dignified ceo 's meet at a rustic retreat and pee against a tree .	negative
helps to remind the first world that hiv\/aids is far from being yesterday 's news .	neutral
some stunning visuals -- and some staggeringly boring cinema .	neutral
a creepy , intermittently powerful study of a self-destructive man ... about as unsettling to watch as an exploratory medical procedure or an autopsy .	positive
the overall vibe is druggy and self-indulgent , like a spring-break orgy for pretentious arts majors .	negative
the transporter bombards the viewer with so many explosions and side snap kicks that it ends up being surprisingly dull .	negative
beneath the film 's obvious determination to shock at any cost lies considerable skill and determination , backed by sheer nerve .	positive
the film may not hit as hard as some of the better drug-related pictures , but it still manages to get a few punches in .	neutral
perry 's good and his is an interesting character , but `` serving sara '' has n't much more to serve than silly fluff .	negative
the film 's trailer also looked like crap , so crap is what i was expecting .	very negative
the sentimental script has problems , but the actors pick up the slack .	positive
puts a refreshing and comical spin on the all-too-familiar saga of the contemporary single woman .	positive
ending .	neutral
there are some laughs in this movie , but williams ' anarchy gets tiresome , the satire is weak .	negative
boisterous , heartfelt comedy .	very positive
it 's as if allen , at 66 , has stopped challenging himself .	negative
the characters seem one-dimensional , and the film is superficial and will probably be of interest primarily to its target audience .	negative
i 'm sure mainstream audiences will be baffled , but , for those with at least a minimal appreciation of woolf and clarissa dalloway , the hours represents two of those well spent .	positive
very amusing , not the usual route in a thriller , and the performances are odd and pixilated and sometimes both .	positive
if festival in cannes nails hard - boiled hollywood argot with a bracingly nasty accuracy , much about the film , including some of its casting , is frustratingly unconvincing .	negative
coral reef adventure is a heavyweight film that fights a good fight on behalf of the world 's endangered reefs -- and it lets the pictures do the punching .	positive
but it could be , by its art and heart , a necessary one .	positive
i wanted more .	negative
the entire cast is extraordinarily good .	very positive
as if trying to grab a lump of play-doh , the harder that liman tries to squeeze his story , the more details slip out between his fingers .	negative
a bracing , unblinking work that serves as a painful elegy and sobering cautionary tale .	positive
it is one more celluloid testimonial to the cruelties experienced by southern blacks as distilled through a caucasian perspective .	neutral
a fine , rousing , g-rated family film , aimed mainly at little kids but with plenty of entertainment value to keep grown-ups from squirming in their seats .	very positive
it 's immensely ambitious , different than anything that 's been done before and amazingly successful in terms of what it 's trying to do .	very positive
director-writer bille august ... depicts this relationship with economical grace , letting his superb actors convey martin 's deterioration and barbara 's sadness -- and , occasionally , anger .	neutral
lavishly , exhilaratingly tasteless .	neutral
... a pretentious mess ...	very negative
the first half bursts with a goofy energy previous disney films only used for a few minutes here and there .	neutral
feeling like a dope has rarely been more fun than it is in nine queens .	neutral
too many improbabilities and rose-colored situations temper what could 've been an impacting film .	neutral
it sends you away a believer again and quite cheered at just that .	very positive
terminally bland , painfully slow and needlessly confusing ... the movie , shot on digital videotape rather than film , is frequently indecipherable .	negative
a very depressing movie of many missed opportunities .	very negative
captures the raw comic energy of one of our most flamboyant female comics .	very positive
if the man from elysian fields is doomed by its smallness , it is also elevated by it -- the kind of movie that you enjoy more because you 're one of the lucky few who sought it out .	positive
writer-director walter hill and co-writer david giler try to create characters out of the obvious cliches , but wind up using them as punching bags .	negative
this wretchedly unfunny wannabe comedy is inane and awful - no doubt , it 's the worst movie i 've seen this summer .	negative
in the process of trimming the movie to an expeditious 84 minutes , director roger kumble seems to have dumped a whole lot of plot in favor of ... outrageous gags .	negative
singer\/composer bryan adams contributes a slew of songs -- a few potential hits , a few more simply intrusive to the story -- but the whole package certainly captures the intended , er , spirit of the piece .	positive
does n't come close to justifying the hype that surrounded its debut at the sundance film festival two years ago .	very negative
this slender plot feels especially thin stretched over the nearly 80-minute running time .	negative
the movie 's biggest shocks come from seeing former nymphette juliette lewis playing a salt-of-the-earth mommy named minnie and watching slim travel incognito in a ridiculous wig no respectable halloween costume shop would ever try to sell .	negative
if you value your time and money , find an escape clause and avoid seeing this trite , predictable rehash .	very negative
boasts a handful of virtuosic set pieces and offers a fair amount of trashy , kinky fun .	positive
the jokes are flat , and the action looks fake .	very negative
it 's a ripper of a yarn and i for one enjoyed the thrill of the chill .	positive
weirdly , broomfield has compelling new material but he does n't unveil it until the end , after endless scenes of him wheedling reluctant witnesses and pointing his camera through the smeared windshield of his rental car .	negative
once folks started hanging out at the barbershop , they never wanted to leave .	positive
choppy , overlong documentary about ` the lifestyle . '	negative
better still , he does all of this , and more , while remaining one of the most savagely hilarious social critics this side of jonathan swift .	very positive
the action quickly sinks into by-the-numbers territory .	negative
ends up offering nothing more than the latest schwarzenegger or stallone flick would .	negative
though there are many tense scenes in trapped , they prove more distressing than suspenseful .	negative
the last kiss will probably never achieve the popularity of my big fat greek wedding , but its provocative central wedding sequence has far more impact .	positive
low rent from frame one .	negative
sheridan seems terrified of the book 's irreverent energy , and scotches most of its élan , humor , bile , and irony .	very negative
there 's very little sense to what 's going on here , but the makers serve up the cliches with considerable dash .	neutral
unfortunately , carvey 's rubber-face routine is no match for the insipid script he has crafted with harris goldberg .	negative
it may as well be called `` jar-jar binks : the movie . ''	very negative
over the years , hollywood has crafted a solid formula for successful animated movies , and ice age only improves on it , with terrific computer graphics , inventive action sequences and a droll sense of humor .	very positive
what one is left with , even after the most awful acts are committed , is an overwhelming sadness that feels as if it has made its way into your very bloodstream .	positive
it hates its characters .	negative
... an incredibly heavy-handed , manipulative dud that feels all too familiar .	very negative
with `` ichi the killer '' , takashi miike , japan 's wildest filmmaker gives us a crime fighter carrying more emotional baggage than batman ...	negative
anyone who wants to start writing screenplays can just follow the same blueprint from hundreds of other films , sell it to the highest bidder and walk away without anyone truly knowing your identity .	negative
comes off as a long , laborious whine , the bellyaching of a paranoid and unlikable man .	very negative
we do n't even like their characters .	negative
just a collection of this and that -- whatever fills time -- with no unified whole .	negative
the characters never change .	negative
even kids deserve better .	negative
while scorsese 's bold images and generally smart casting ensure that `` gangs '' is never lethargic , the movie is hindered by a central plot that 's peppered with false starts and populated by characters who are nearly impossible to care about .	negative
once ice-t sticks his mug in the window of the couple 's bmw and begins haranguing the wife in bad stage dialogue , all credibility flies out the window .	very negative
this is more fascinating -- being real -- than anything seen on jerry springer .	very positive
into how long is this movie ?	negative
the work of an artist tormented by his heritage , using his storytelling ability to honor the many faceless victims .	positive
think the lion king redone for horses , with fewer deliberate laughs , more inadvertent ones and stunningly trite songs by bryan adams , the world 's most generic rock star .	very negative
you 'll probably love it .	very positive
and for all the wrong reasons besides .	negative
reminiscent of alfred hitchcock 's thrillers , most of the scary parts in ` signs ' occur while waiting for things to happen .	positive
in his debut as a director , washington has a sure hand .	very positive
if you love him , you 'll like it .	positive
what 's so fun about this silly , outrageous , ingenious thriller is the director 's talent .	very positive
i like that smith , he 's not making fun of these people , he 's not laughing at them .	positive
the logic of it all will be greek to anyone not predisposed to the movie 's rude and crude humor .	very negative
the movie 's downfall is to substitute plot for personality .	negative
so much about the film is loopy and ludicrous ... that it could have been a hoot in a bad-movie way if the laborious pacing and endless exposition had been tightened .	negative
victor rosa is leguizamo 's best movie work so far , a subtle and richly internalized performance .	very positive
the strong subject matter continues to shock throughout the film .	neutral
psychologically savvy .	positive
a stirring tribute to the bravery and dedication of the world 's reporters who willingly walk into the nightmare of war not only to record the events for posterity , but to help us clearly see the world of our making .	very positive
a chilling movie without oppressive gore .	positive
we assume he had a bad run in the market or a costly divorce , because there is no earthly reason other than money why this distinguished actor would stoop so low .	very negative
star trek was kind of terrific once , but now it is a copy of a copy of a copy .	negative
several of steven soderbergh 's earlier films were hailed as the works of an artist .	positive
the riveting performances by the incredibly flexible cast make love a joy to behold .	very positive
the most audacious , outrageous , sexually explicit , psychologically probing , pure libido film of the year has arrived from portugal .	positive
a thoughtful movie , a movie that is concerned with souls and risk and schemes and the consequences of one 's actions .	very positive
the dramatic scenes are frequently unintentionally funny , and the action sequences -- clearly the main event -- are surprisingly uninvolving .	negative
directed by kevin bray , whose crisp framing , edgy camera work , and wholesale ineptitude with acting , tone and pace very obviously mark him as a video helmer making his feature debut .	positive
true hollywood story .	neutral
bella is the picture of health with boundless energy until a few days before she dies .	neutral
because the intelligence level of the characters must be low , very low , very very low , for the masquerade to work , the movie contains no wit , only labored gags .	very negative
viewers of barney 's crushingly self-indulgent spectacle will see nothing in it to match the ordeal of sitting through it .	negative
they ought to be a whole lot scarier than they are in this tepid genre offering .	negative
as it turns out , you can go home again .	positive
it 's far from a frothy piece , and the characters are complex , laden with plenty of baggage and tinged with tragic undertones .	positive
his work transcends the boy-meets-girl posturing of typical love stories .	positive
the pace and the visuals are so hyped up that a curious sense of menace informs everything .	neutral
writer \/ director m. night shyamalan 's ability to pull together easily accessible stories that resonate with profundity is undeniable .	positive
fontaine 's direction , especially her agreeably startling use of close-ups and her grace with a moving camera , creates sheerly cinematic appeal .	very positive
while glover , the irrepressible eccentric of river 's edge , dead man and back to the future , is perfect casting for the role , he represents bartleby 's main overall flaw .	neutral
with rare birds , as with the shipping news before it , an attempt is made to transplant a hollywood star into newfoundland 's wild soil -- and the rock once again resists the intrusion .	neutral
what bubbles up out of john c. walsh 's pipe dream is the distinct and very welcome sense of watching intelligent people making a movie they might actually want to watch .	positive
abysmally pathetic	very negative
instead of a balanced film that explains the zeitgeist that is the x games , we get a cinematic postcard that 's superficial and unrealized .	very negative
the issues are presented in such a lousy way , complete with some of the year 's -lrb- unintentionally -rrb- funniest moments , that it 's impossible to care .	very negative
blessed with two fine , nuanced lead performances .	positive
it all unfolds predictably , and the adventures that happen along the way seem repetitive and designed to fill time , providing no real sense of suspense .	very negative
an exhilarating experience .	very positive
a dazzling dream of a documentary .	very positive
narc is a no-bull throwback to 1970s action films .	very positive
jones ... makes a great impression as the writer-director of this little $ 1.8 million charmer , which may not be cutting-edge indie filmmaking but has a huge heart .	very positive
mandel holland 's direction is uninspired , and his scripting unsurprising , but the performances by phifer and black are ultimately winning .	neutral
in the disturbingly involving family dysfunctional drama how i killed my father , french director anne fontaine delivers an inspired portrait of male-ridden angst and the emotional blockage that accompanies this human condition	positive
animated drivel meant to enhance the self-image of drooling idiots .	negative
but rather , ` how can you charge money for this ? '	very negative
`` austin powers in goldmember '' has the right stuff for silly summer entertainment and has enough laughs to sustain interest to the end .	very positive
exploring value choices is a worthwhile topic for a film -- but here the choices are as contrived and artificial as kerrigan 's platinum-blonde hair .	neutral
not really a thriller so much as a movie for teens to laugh , groan and hiss at .	negative
an erotic thriller that 's neither too erotic nor very thrilling , either .	very negative
while puerile men dominate the story , the women shine .	neutral
family portrait of need , neurosis and nervy negativity is a rare treat that shows the promise of digital filmmaking .	positive
a case in point : doug pray 's scratch .	neutral
the uneven movie does have its charms and its funny moments but not quite enough of them .	negative
it manages to squeeze by on angelina jolie 's surprising flair for self-deprecating comedy .	positive
as any creature-feature fan knows , when you cross toxic chemicals with a bunch of exotic creatures , you get a lot of running around , screaming and death .	neutral
demme finally succeeds in diminishing his stature from oscar-winning master to lowly studio hack .	negative
i 'm not sure which is worse : the poor acting by the ensemble cast , the flat dialogue by vincent r. nebrida or the gutless direction by laurice guillen .	very negative
it 's an ambitious film , and as with all ambitious films , it has some problems .	positive
like the best 60 minutes exposé , the film -lrb- at 80 minutes -rrb- is actually quite entertaining .	very positive
the lousy lead performances ... keep the movie from ever reaching the comic heights it obviously desired .	negative
medem may have disrobed most of the cast , leaving their bodies exposed , but the plot remains as guarded as a virgin with a chastity belt .	negative
is it really an advantage to invest such subtlety and warmth in an animatronic bear when the humans are acting like puppets ?	negative
art-house to the core , read my lips is a genre-curling crime story that revives the free-wheeling noir spirit of old french cinema .	positive
madonna has made herself over so often now , there 's apparently nothing left to work with , sort of like michael jackson 's nose .	very negative
so exaggerated and broad that it comes off as annoying rather than charming .	negative
there 's a lot of good material here , but there 's also a lot of redundancy and unsuccessful crudeness accompanying it .	neutral
... the story , like ravel 's bolero , builds to a crescendo that encompasses many more paths than we started with .	positive
it has fun with the quirks of family life , but it also treats the subject with fondness and respect .	very positive
there 's something about a marching band that gets me where i live .	neutral
the film favors the scientific over the spectacular -lrb- visually speaking -rrb- .	neutral
it should have stayed there .	negative
it has the right approach and the right opening premise , but it lacks the zest and it goes for a plot twist instead of trusting the material .	neutral
alas , the black-and-white archival footage of their act showcases pretty mediocre shtick .	neutral
well , it probably wo n't have you swinging from the trees hooting it 's praises , but it 's definitely worth taking a look .	positive
bravo for history rewritten , and for the uncompromising knowledge that the highest power of all is the power of love .	positive
` enigma ' is the kind of engaging historical drama that hollywood appears to have given up on in favor of sentimental war movies in the vein of ` we were soldiers . '	neutral
what a pity ... that the material is so second-rate .	negative
it 's that good .	very positive
calculated swill .	neutral
a mischievous visual style and oodles of charm make ` cherish ' a very good -lrb- but not great -rrb- movie .	positive
enthusiastically taking up the current teen movie concern with bodily functions , walt becker 's film pushes all the demographically appropriate comic buttons .	positive
a truly wonderful tale combined with stunning animation .	very positive
directors brett morgen and nanette burstein have put together a bold biographical fantasia .	very positive
... a confusing drudgery .	negative
it 's a testament to the film 's considerable charm that it succeeds in entertaining , despite playing out like a feature-length sitcom replete with stereotypical familial quandaries .	positive
-lrb- a -rrb- mess .	negative
believes so fervently in humanity that it feels almost anachronistic , and it is too cute by half .	neutral
i 'm not generally a fan of vegetables but this batch is pretty cute .	neutral
plays like a bad blend of an overripe episode of tv 's dawson 's creek and a recycled and dumbed-down version of love story .	very negative
black-and-white and unrealistic .	very negative
-lrb- lin chung 's -rrb- voice is rather unexceptional , even irritating -lrb- at least to this western ear -rrb- , making it awfully hard to buy the impetus for the complicated love triangle that develops between the three central characters .	negative
it 's not helpful to listen to extremist name-calling , regardless of whether you think kissinger was a calculating fiend or just a slippery self-promoter .	negative
hardly an objective documentary , but it 's great cinematic polemic ... love moore or loathe him , you 've got to admire ... the intensity with which he 's willing to express his convictions .	very positive
the movie is pretty funny now and then without in any way demeaning its subjects .	positive
a lovely film ... elegant , witty and beneath a prim exterior unabashedly romantic ... hugely enjoyable in its own right though not really faithful to its source 's complexity .	very positive
a summary of the plot does n't quite do justice to the awfulness of the movie , for that comes through all too painfully in the execution .	very negative
taken as a whole , the tuxedo does n't add up to a whole lot .	negative
good-looking but relentlessly lowbrow outing plays like clueless does south fork .	negative
intimate and panoramic .	positive
high crimes knows the mistakes that bad movies make and is determined not to make them , and maybe that is nobility of a sort .	neutral
suffers from all the excesses of the genre .	negative
hate it because it 's lousy .	very negative
this rather unfocused , all-over-the-map movie would be a lot better if it pared down its plots and characters to a few rather than dozens ... or if it were subtler ... or if it had a sense of humor .	negative
big fat liar is little more than home alone raised to a new , self-deprecating level .	very negative
a doa dud from frame one .	very negative
it follows the basic plot trajectory of nearly every schwarzenegger film : someone crosses arnie .	neutral
elmo touts his drug as being 51 times stronger than coke .	neutral
this is n't a terrible film by any means , but it 's also far from being a realized work .	neutral
why spend $ 9 on the same stuff you can get for a buck or so in that greasy little vidgame pit in the theater lobby ?	very negative
just the sort of lazy tearjerker that gives movies about ordinary folk a bad name .	negative
`` home movie '' is a sweet treasure and something well worth your time .	very positive
it 's enough to watch huppert scheming , with her small , intelligent eyes as steady as any noir villain , and to enjoy the perfectly pitched web of tension that chabrol spins .	positive
the bottom line with nemesis is the same as it has been with all the films in the series : fans will undoubtedly enjoy it , and the uncommitted need n't waste their time on it .	positive
robinson 's web of suspense matches the page-turning frenzy that clancy creates .	very positive
... a hokey piece of nonsense that tries too hard to be emotional .	very negative
intelligent , caustic take on a great writer and dubious human being .	positive
like its title character , esther kahn is unusual but unfortunately also irritating .	negative
where janice beard falters in its recycled aspects , implausibility , and sags in pace , it rises in its courageousness , and comedic employment .	positive
throws in enough clever and unexpected twists to make the formula feel fresh .	very positive
a fairly harmless but ultimately lifeless feature-length afterschool special .	negative
debate it .	neutral
i did n't laugh .	negative
holm does his sly , intricate magic , and iben hjelje is entirely appealing as pumpkin .	positive
one of the funniest motion pictures of the year , but ... also one of the most curiously depressing .	positive
grainy photography mars an otherwise delightful comedy of errors .	neutral
bielinsky is a filmmaker of impressive talent .	positive
such a premise is ripe for all manner of lunacy , but kaufman and gondry rarely seem sure of where it should go .	negative
the film is ultimately about as inspiring as a hallmark card .	negative
the troubling thing about clockstoppers is that it does n't make any sense .	negative
uneven performances and a spotty script add up to a biting satire that has no teeth .	negative
even on its own ludicrous terms , the sum of all fears generates little narrative momentum , and invites unflattering comparisons to other installments in the ryan series .	very negative
boasts enough funny dialogue and sharp characterizations to be mildly amusing .	positive
did it move me to care about what happened in 1915 armenia ?	neutral
the most offensive thing about the movie is that hollywood expects people to pay to see it .	very negative
this is the first full scale wwii flick from hong kong 's john woo .	neutral
you do n't know whether to admire the film 's stately nature and call it classicism or be exasperated by a noticeable lack of pace .	negative
the author 's devotees will probably find it fascinating ; others may find it baffling .	negative
the tasteful little revision works wonders , enhancing the cultural and economic subtext , bringing richer meaning to the story 's morals .	positive
less cinematically powerful than quietly and deeply moving , which is powerful in itself .	neutral
it 's quaid who anchors the film with his effortless performance and that trademark grin of his -- so perfect for a ballplayer .	very positive
often messy and frustrating , but very pleasing at its best moments , it 's very much like life itself .	positive
in its dry and forceful way , it delivers the same message as jiri menzel 's closely watched trains and danis tanovic 's no man 's land .	positive
sinks so low in a poorly played game of absurd plot twists , idiotic court maneuvers and stupid characters that even freeman ca n't save it .	very negative
this is the kind of movie that gets a quick release before real contenders arrive in september .	very negative
talk to her is not the perfect movie many have made it out to be , but it 's still quite worth seeing .	positive
it 's also built on a faulty premise , one it follows into melodrama and silliness .	negative
shafer 's feature does n't offer much in terms of plot or acting .	negative
observant intelligence constantly vies with pretension -- and sometimes plain wacky implausibility -- throughout maelstrom .	neutral
in fact , even better .	positive
feels familiar and tired .	negative
the movie is too impressed with its own solemn insights to work up much entertainment value .	negative
but it 's worth the concentration .	positive
a complex psychological drama about a father who returns to his son 's home after decades away .	positive
the film 's intimate camera work and searing performances pull us deep into the girls ' confusion and pain as they struggle tragically to comprehend the chasm of knowledge that 's opened between them .	very positive
humorous and heartfelt , douglas mcgrath 's version of ` nicholas nickleby ' left me feeling refreshed and hopeful .	very positive
the film tries to touch on spousal abuse but veers off course and becomes just another revenge film .	neutral
what lee does so marvelously compelling is present brown as a catalyst for the struggle of black manhood in restrictive and chaotic america ... sketchy but nevertheless gripping portrait of jim brown , a celebrated wonder in the spotlight	positive
one thing you have to give them credit for : the message of the movie is consistent with the messages espoused in the company 's previous video work .	positive
is not so much a work of entertainment as it is a unique , well-crafted psychological study of grief .	very positive
brosnan 's finest non-bondish performance yet fails to overcome the film 's manipulative sentimentality and annoying stereotypes .	negative
an even more predictable , cliche-ridden endeavor than its predecessor .	negative
the storytelling may be ordinary , but the cast is one of those all-star reunions that fans of gosford park have come to assume is just another day of brit cinema .	positive
catch it ... if you can !	positive
to say that this vapid vehicle is downright doltish and uneventful is just as obvious as telling a country skunk that he has severe body odor .	very negative
it 's not too much of anything .	negative
one of the most highly-praised disappointments i 've had the misfortune to watch in quite some time .	very negative
everything was as superficial as the forced new jersey lowbrow accent uma had .	very negative
the bard as black comedy -- willie would have loved it .	very positive
clever but not especially compelling .	neutral
memorable for a peculiar malaise that renders its tension flaccid and , by extension , its surprises limp and its resolutions ritual .	negative
this is one of those rare docs that paints a grand picture of an era and makes the journey feel like a party .	positive
the performances are remarkable .	very positive
as much as i laughed throughout the movie , i can not mount a cogent defense of the film as entertainment , or even performance art , although the movie does leave you marveling at these guys ' superhuman capacity to withstand pain .	positive
not a strike against yang 's similarly themed yi yi , but i found what time ?	negative
everything that was right about blade is wrong in its sequel .	negative
both a beautifully made nature film and a tribute to a woman whose passion for this region and its inhabitants still shines in her quiet blue eyes .	very positive
this is a shrewd and effective film from a director who understands how to create and sustain a mood .	positive
-lrb- p -rrb- artnering murphy with robert de niro for the tv-cops comedy showtime would seem to be surefire casting .	positive
i have a confession to make : i did n't particularly like e.t. the first time i saw it as a young boy .	negative
a captivating new film .	very positive
it tends to remind one of a really solid woody allen film , with its excellent use of new york locales and sharp writing	very positive
you 'd have to be a most hard-hearted person not to be moved by this drama .	positive
this is just lazy writing .	very negative
a movie that will surely be profane , politically charged music to the ears of cho 's fans .	positive
while the ensemble player who gained notice in guy ritchie 's lock , stock and two smoking barrels and snatch has the bod , he 's unlikely to become a household name on the basis of his first starring vehicle .	negative
got a david lynch jones ?	neutral
this film was made by and for those folks who collect the serial killer cards and are fascinated by the mere suggestion of serial killers .	neutral
coppola has made a film of intoxicating atmosphere and little else .	positive
is one of this year 's very best pictures .	very positive
the film is darkly funny in its observation of just how much more grueling and time-consuming the illusion of work is than actual work .	very positive
the strength of the film comes not from any cinematic razzle-dazzle but from its recovery of an historical episode that , in the simple telling , proves simultaneously harrowing and uplifting .	very positive
red dragon is less baroque and showy than hannibal , and less emotionally affecting than silence .	neutral
defies logic , the laws of physics and almost anyone 's willingness to believe in it .	neutral
a compelling french psychological drama examining the encounter of an aloof father and his chilly son after 20 years apart .	positive
ong 's promising debut is a warm and well-told tale of one recent chinese immigrant 's experiences in new york city .	very positive
satisfyingly scarifying , fresh and old-fashioned at the same time .	positive
trailer trash cinema so uncool the only thing missing is the `` gadzooks ! ''	negative
wo n't be placed in the pantheon of the best of the swashbucklers but it is a whole lot of fun and you get to see the one of the world 's best actors , daniel auteuil , have a whale of a good time .	very positive
because the genre is well established , what makes the movie fresh is smart writing , skewed characters , and the title performance by kieran culkin .	very positive
more sophisticated and literate than such pictures usually are ... an amusing little catch .	positive
i found the ring moderately absorbing , largely for its elegantly colorful look and sound .	positive
a graceful , moving tribute to the courage of new york 's finest and a nicely understated expression of the grief shared by the nation at their sacrifice .	very positive
and it 's harder still to believe that anyone in his right mind would want to see the it .	very negative
contrived as this may sound , mr. rose 's updating works surprisingly well .	positive
mr. deeds is not really a film as much as it is a loose collection of not-so-funny gags , scattered moments of lazy humor .	very negative
just a string of stale gags , with no good inside dope , and no particular bite .	negative
it 's always enthralling .	very positive
one big blustery movie where nothing really happens .	negative
one of those rare films that seems as though it was written for no one , but somehow manages to convince almost everyone that it was put on the screen , just for them .	very positive
diane lane works nothing short of a minor miracle in unfaithful .	very positive
one of the very best movies ever made about the life of moviemaking .	very positive
is many things -- stoner midnight flick , sci-fi deconstruction , gay fantasia -- but above all it 's a love story as sanguine as its title .	positive
but if the essence of magic is its make-believe promise of life that soars above the material realm , this is the opposite of a truly magical movie .	very negative
a loud , brash and mainly unfunny high school comedy .	very negative
watching junk like this induces a kind of abstract guilt , as if you were paying dues for good books unread , fine music never heard .	negative
a lack of thesis makes maryam , in the end , play out with the intellectual and emotional impact of an after-school special .	neutral
an inuit masterpiece that will give you goosebumps as its uncanny tale of love , communal discord , and justice unfolds .	very positive
can be viewed as pure composition and form -- film as music	positive
this is a remake by the numbers , linking a halfwit plot to a series of standup routines in which wilson and murphy show how funny they could have been in a more ambitious movie .	negative
the jokes are telegraphed so far in advance they must have been lost in the mail .	negative
a cruelly funny twist on teen comedy packed with inventive cinematic tricks and an ironically killer soundtrack	positive
smarter than its commercials make it seem .	positive
a reasonably entertaining sequel to 1994 's surprise family hit that may strain adult credibility .	positive
sinks into the usual cafeteria goulash of fart jokes , masturbation jokes , and racist japanese jokes .	neutral
could have been crisper and punchier , but it 's likely to please audiences who like movies that demand four hankies .	positive
a french film with a more down-home flavor .	positive
when a movie asks you to feel sorry for mick jagger 's sex life , it already has one strike against it .	negative
an asian neo-realist treasure .	very positive
generic thriller junk .	very negative
an honest , sensitive story from a vietnamese point of view .	very positive
while some of the camera work is interesting , the film 's mid-to-low budget is betrayed by the surprisingly shoddy makeup work .	negative
more than their unique residences , home movie is about the people who live in them , who have carved their own comfortable niche in the world and have been kind enough to share it .	very positive
apparently , romantic comedy with a fresh point of view just does n't figure in the present hollywood program .	very negative
thanks to confident filmmaking and a pair of fascinating performances , the way to that destination is a really special walk in the woods .	very positive
a typically observant , carefully nuanced and intimate french coming-of-age film that is an encouraging debut feature but has a needlessly downbeat ending that is too heavy for all that has preceded it .	neutral
a compelling allegory about the last days of germany 's democratic weimar republic .	positive
or maybe `` how will you feel after an 88-minute rip-off of the rock with action confined to slo-mo gun firing and random glass-shattering ? ''	very negative
it falls far short of poetry , but it 's not bad prose .	positive
the things this movie tries to get the audience to buy just wo n't fly with most intelligent viewers .	negative
worth seeing once , but its charm quickly fades .	neutral
sillier , cuter , and shorter than the first -lrb- as best i remember -rrb- , but still a very good time at the cinema .	very positive
by the time the surprise ending is revealed , interest can not be revived .	negative
an 83 minute document of a project which started in a muddle , seesawed back and forth between controlling interests multiple times , then found its sweet spot	neutral
a sloppy slapstick throwback to long gone bottom-of-the-bill fare like the ghost and mr. chicken .	negative
a beguiling evocation of the quality that keeps dickens evergreen : the exuberant openness with which he expresses our most basic emotions .	positive
scotland , pa is entirely too straight-faced to transcend its clever concept .	negative
despite the pyrotechnics , narc is strictly by the book .	neutral
i firmly believe that a good video game movie is going to show up soon .	positive
chaiken ably balances real-time rhythms with propulsive incident .	positive
the movie is about as deep as that sentiment .	negative
the real charm of this trifle is the deadpan comic face of its star , jean reno , who resembles sly stallone in a hot sake half-sleep .	neutral
brainless , but enjoyably over-the-top , the retro gang melodrama , deuces wild represents fifties teen-gang machismo in a way that borders on rough-trade homo-eroticism .	negative
if you ever wanted to be an astronaut , this is the ultimate movie experience - it 's informative and breathtakingly spectacular .	very positive
even the digressions are funny .	positive
and , thanks to the presence of ` the king , ' it also rocks .	positive
in other words , about as bad a film you 're likely to see all year .	very negative
visually fascinating ... an often intense character study about fathers and sons , loyalty and duty .	positive
as violent , profane and exploitative as the most offensive action flick you 've ever seen .	negative
we 've seen the hippie-turned-yuppie plot before , but there 's an enthusiastic charm in fire that makes the formula fresh again .	positive
gets better after foster leaves that little room .	positive
... would be a total loss if not for two supporting performances taking place at the movie 's edges .	neutral
compulsively watchable , no matter how degraded things get .	positive
-lrb- evans is -rrb- a fascinating character , and deserves a better vehicle than this facetious smirk of a movie .	negative
the plot grows thin soon , and you find yourself praying for a quick resolution .	negative
show me the mugging .	neutral
this is more a case of ` sacre bleu ! '	neutral
this is rote spookiness , with nary an original idea -lrb- or role , or edit , or score , or anything , really -rrb- in sight , and the whole of the proceedings beg the question ` why ? '	very negative
ultimately , jane learns her place as a girl , softens up and loses some of the intensity that made her an interesting character to begin with .	neutral
manages to be wholesome and subversive at the same time .	positive
feels aimless for much of its running time , until late in the film when a tidal wave of plot arrives , leaving questions in its wake .	negative
a few zingers aside , the writing is indifferent , and jordan brady 's direction is prosaic .	negative
the corpse count ultimately overrides what little we learn along the way about vicarious redemption .	negative
finally coming down off of miramax 's deep shelves after a couple of aborted attempts , waking up in reno makes a strong case for letting sleeping dogs lie .	neutral
a wishy-washy melodramatic movie that shows us plenty of sturm und drung , but explains its characters ' decisions only unsatisfactorily .	very negative
a tired , unnecessary retread ... a stale copy of a picture that was n't all that great to begin with .	very negative
hardman is a grating , mannered onscreen presence , which is especially unfortunate in light of the fine work done by most of the rest of her cast .	neutral
like the series , the movie is funny , smart , visually inventive , and most of all , alive .	neutral
is n't as sharp as the original ... despite some visual virtues , ` blade ii ' just does n't cut it .	negative
enigma lacks it .	negative
now i can see why people thought i was too hard on `` the mothman prophecies '' .	neutral
mr. caine and mr. fraser are the whole show here , with their memorable and resourceful performances .	very positive
too bad none of it is funny .	very negative
overcomes its visual hideousness with a sharp script and strong performances .	positive
there 's no conversion effort , much of the writing is genuinely witty and both stars are appealing enough to probably have a good shot at a hollywood career , if they want one .	positive
yet in its own aloof , unreachable way it 's so fascinating you wo n't be able to look away for a second .	positive
a late-night cable sexploitation romp masquerading as a thriller about the ruthless social order that governs college cliques .	neutral
this film puts wang at the forefront of china 's sixth generation of film makers .	very positive
a sobering and powerful documentary about the most severe kind of personal loss : rejection by one 's mother .	positive
like the full monty , this is sure to raise audience 's spirits and leave them singing long after the credits roll .	very positive
i have always appreciated a smartly written motion picture , and , whatever flaws igby goes down may possess , it is undeniably that .	positive
-lrb- n -rrb- o matter how much good will the actors generate , showtime eventually folds under its own thinness .	very negative
not many movies have that kind of impact on me these days .	very positive
after sitting through this sloppy , made-for-movie comedy special , it makes me wonder if lawrence hates criticism so much that he refuses to evaluate his own work .	very negative
texan director george ratliff had unlimited access to families and church meetings , and he delivers fascinating psychological fare .	very positive
obviously , a lot of people wasted a lot of their time -lrb- including mine -rrb- on something very inconsequential .	negative
blade ii is as estrogen-free as movies get , so you might want to leave your date behind for this one , or she 's gonna make you feel like you owe her big-time .	neutral
should have gone straight to video .	very negative
maryam is more timely now than ever .	positive
koepp 's screenplay is n't nearly surprising or clever enough to sustain a reasonable degree of suspense on its own .	very negative
it deserves to be seen everywhere .	positive
a timely look back at civil disobedience , anti-war movements and the power of strong voices .	positive
the animation is competent , and some of the gags are quite funny , but jonah ... never shakes the oppressive , morally superior good-for-you quality that almost automatically accompanies didactic entertainment .	neutral
you do n't need to know your ice-t 's from your cool-j 's to realize that as far as these shootings are concerned , something is rotten in the state of california .	negative
by turns very dark and very funny .	very positive
completely awful iranian drama ... as much fun as a grouchy ayatollah in a cold mosque .	very negative
suspend your disbelief here and now , or you 'll be shaking your head all the way to the credits .	negative
nothing more than four or five mild chuckles surrounded by 86 minutes of overly-familiar and poorly-constructed comedy .	negative
uneven but a lot of fun .	positive
the satire is just too easy to be genuinely satisfying .	negative
the biggest problem i have -lrb- other than the very sluggish pace -rrb- is we never really see her esther blossom as an actress , even though her talent is supposed to be growing .	negative
... it 's as comprehensible as any dummies guide , something even non-techies can enjoy .	positive
a zombie movie in every sense of the word -- mindless , lifeless , meandering , loud , painful , obnoxious .	very negative
-lrb- moore 's -rrb- better at fingering problems than finding solutions .	negative
... fuses the events of her life with the imagery in her paintings so vividly that the artist 's work may take on a striking new significance for anyone who sees the film .	very positive
is there a group of more self-absorbed women than the mother and daughters featured in this film ?	very negative
there are cheesy backdrops , ridiculous action sequences , and many tired jokes about men in heels .	very negative
-lrb- green is -rrb- the comedy equivalent of saddam hussein , and i 'm just about ready to go to the u.n. and ask permission for a preemptive strike .	negative
a difficult but worthy film that bites off more than it can chew by linking the massacre of armenians in 1915 with some difficult relationships in the present .	neutral
once again , director chris columbus takes a hat-in-hand approach to rowling that stifles creativity and allows the film to drag on for nearly three hours .	negative
some of the characters die and others do n't , and the film pretends that those living have learned some sort of lesson , and , really , nobody in the viewing audience cares .	very negative
brave and sweetly rendered love story .	positive
for decades we 've marveled at disney 's rendering of water , snow , flames and shadows in a hand-drawn animated world .	positive
the level of acting elevates the material above pat inspirational status and gives it a sturdiness and solidity that we 've long associated with washington the actor .	positive
curling may be a unique sport but men with brooms is distinctly ordinary .	neutral
while tattoo borrows heavily from both seven and the silence of the lambs , it manages to maintain both a level of sophisticated intrigue and human-scale characters that suck the audience in .	very positive
although bright , well-acted and thought-provoking , tuck everlasting suffers from a laconic pace and a lack of traditional action .	neutral
long before it 's over , you 'll be thinking of 51 ways to leave this loser .	very negative
the film belongs to the marvelous verdu , a sexy slip of an earth mother who mourns her tragedies in private and embraces life in public	positive
a thought-provoking and often-funny drama about isolation .	positive
bittersweet comedy\/drama full of life , hand gestures , and some really adorable italian guys .	very positive
it 's not the worst comedy of the year , but it certainly wo n't win any honors .	neutral
the town has kind of an authentic feel , but each one of these people stand out and everybody else is in the background and it just seems manufactured to me and artificial .	negative
this is a sincerely crafted picture that deserves to emerge from the traffic jam of holiday movies .	very positive
remarkable for its intelligence and intensity .	very positive
a complete waste of time .	negative
should be required viewing for civics classes and would-be public servants alike .	positive
an intimate contemplation of two marvelously messy lives .	positive
you never know where changing lanes is going to take you but it 's a heck of a ride .	positive
resident evil is n't a product of its cinematic predecessors so much as an mtv , sugar hysteria , and playstation cocktail .	negative
that works .	positive
what 's most memorable about circuit is that it 's shot on digital video , whose tiny camera enables shafer to navigate spaces both large ... and small ... with considerable aplomb .	positive
the journey is worth your time , especially if you have ellen pompeo sitting next to you for the ride .	positive
a classy , sprightly spin on film .	very positive
frankly , it 's kind of insulting , both to men and women .	very negative
in addition to the overcooked , ham-fisted direction , which has all the actors reaching for the back row , the dialogue sounds like horrible poetry .	very negative
watching austin powers in goldmember is like binging on cotton candy .	positive
nothing overly original , mind you , but solidly entertaining .	positive
it ends up being neither , and fails at both endeavors .	very negative
so putrid it is not worth the price of the match that should be used to burn every print of the film .	very negative
one of the finest , most humane and important holocaust movies ever made .	very positive
would n't it be funny if a bunch of allied soldiers went undercover as women in a german factory during world war ii ?	neutral
this fascinating look at israel in ferment feels as immediate as the latest news footage from gaza and , because of its heightened , well-shaped dramas , twice as powerful .	very positive
if villainous vampires are your cup of blood , blade 2 is definitely a cut above the rest .	positive
but this is lohman 's film .	neutral
if swimfan does catch on , it may be because teens are looking for something to make them laugh .	negative
a shame that stealing harvard is too busy getting in its own way to be anything but frustrating , boring , and forgettable .	very negative
the script 's snazzy dialogue establishes a realistic atmosphere that involves us in the unfolding crisis , but the lazy plotting ensures that little of our emotional investment pays off .	neutral
personal velocity has a no-frills docu-dogma plainness , yet miller lingers on invisible , nearly psychic nuances , leaping into digressions of memory and desire .	neutral
refreshing .	very positive
a clichéd and shallow cautionary tale about the hard-partying lives of gay men .	very negative
by the end of it all i sort of loved the people onscreen , even though i could not stand them .	positive
the waterlogged script plumbs uncharted depths of stupidity , incoherence and sub-sophomoric sexual banter .	very negative
... a rich and intelligent film that uses its pulpy core conceit to probe questions of attraction and interdependence and how the heart accomodates practical needs .	very positive
director chris eyre is going through the paces again with his usual high melodramatic style of filmmaking .	neutral
while the film is competent , it 's also uninspired , lacking the real talent and wit to elevate it beyond its formula to the level of classic romantic comedy to which it aspires .	negative
the locale ... remains far more interesting than the story at hand .	negative
releasing a film with the word ` dog ' in its title in january lends itself to easy jokes and insults , and snow dogs deserves every single one of them .	negative
alternating between facetious comic parody and pulp melodrama , this smart-aleck movie ... tosses around some intriguing questions about the difference between human and android life .	positive
director todd solondz has made a movie about critical reaction to his two previous movies , and about his responsibility to the characters that he creates .	positive
shankman ... and screenwriter karen janszen bungle their way through the narrative as if it were a series of bible parables and not an actual story .	very negative
cinematic poo .	very negative
she 's as rude and profane as ever , always hilarious and , most of the time , absolutely right in her stinging social observations .	very positive
i ca n't begin to tell you how tedious , how resolutely unamusing , how thoroughly unrewarding all of this is , and what a reckless squandering of four fine acting talents ...	very negative
buries an interesting storyline about morality and the choices we make underneath such a mountain of clichés and borrowed images that it might more accurately be titled mr. chips off the old block .	very negative
in an art film !	positive
the movie just has too much on its plate to really stay afloat for its just under ninety minute running time .	neutral
presents a side of contemporary chinese life that many outsiders will be surprised to know exists , and does so with an artistry that also smacks of revelation .	positive
after watching it , you can only love the players it brings to the fore for the gifted but no-nonsense human beings they are and for the still-inestimable contribution they have made to our shared history .	positive
promises is a compelling piece that demonstrates just how well children can be trained to live out and carry on their parents ' anguish .	positive
so-so entertainment .	neutral
it is most remarkable not because of its epic scope , but because of the startling intimacy it achieves despite that breadth .	very positive
robin williams has thankfully ditched the saccharine sentimentality of bicentennial man in favour of an altogether darker side .	positive
throwing it all away for the fleeting joys of love 's brief moment .	neutral
the sweetest thing is expressly for idiots who do n't care what kind of sewage they shovel into their mental gullets to simulate sustenance .	very negative
the film would have been more enjoyable had the balance shifted in favor of water-bound action over the land-based ` drama , ' but the emphasis on the latter leaves blue crush waterlogged .	negative
tackles the difficult subject of grief and loss with such life-embracing spirit that the theme does n't drag an audience down .	positive
a disaster of a drama , saved only by its winged assailants .	negative
playfully profound ... and crazier than michael jackson on the top floor of a skyscraper nursery surrounded by open windows .	positive
the story itself is actually quite vapid .	negative
this orange has some juice , but it 's far from fresh-squeezed .	negative
he does n't , however , deliver nearly enough of the show 's trademark style and flash .	negative
no amount of good intentions is able to overcome the triviality of the story .	very negative
the film has several strong performances .	positive
nothing here seems as funny as it did in analyze this , not even joe viterelli as de niro 's right-hand goombah .	negative
the wild thornberrys movie has all the sibling rivalry and general family chaos to which anyone can relate .	positive
too predictably , in fact .	negative
the emperor 's club is one of those films that possesses all the good intentions in the world , but ...	neutral
what makes how i killed my father compelling , besides its terrific performances , is fontaine 's willingness to wander into the dark areas of parent-child relationships without flinching .	very positive
apart from its own considerable achievement , metropolis confirms tezuka 's status as both the primary visual influence on the animé tradition and its defining philosophical conscience .	neutral
it is that rare combination of bad writing , bad direction and bad acting -- the trifecta of badness .	very negative
japanese director shohei imamura 's latest film is an odd but ultimately satisfying blend of the sophomoric and the sublime .	positive
only in its final surprising shots does rabbit-proof fence find the authority it 's looking for .	neutral
one of the more glaring signs of this movie 's servitude to its superstar is the way it skirts around any scenes that might have required genuine acting from ms. spears .	very negative
jaw-droppingly superficial , straining to get by on humor that is not even as daring as john ritter 's glory days on three 's company .	negative
not too fancy , not too filling , not too fluffy , but definitely tasty and sweet .	positive
a true pleasure .	positive
lacks the spirit of the previous two , and makes all those jokes about hos and even more unmentionable subjects seem like mere splashing around in the muck .	very negative
if you go into the theater expecting a scary , action-packed chiller , you might soon be looking for a sign .	negative
a movie of technical skill and rare depth of intellect and feeling .	very positive
no big hairy deal .	neutral
i loved this film .	very positive
if this is cinema , i pledge allegiance to cagney and lacey .	very negative
could this be the first major studio production shot on video tape instead of film ?	negative
for the most part , it works beautifully as a movie without sacrificing the integrity of the opera .	positive
it 's loud and boring ; watching it is like being trapped at a bad rock concert .	negative
probably the best case for christianity since chesterton and lewis .	positive
gives us a lot to chew on , but not all of it has been properly digested .	neutral
i suspect that you 'll be as bored watching morvern callar as the characters are in it .	negative
this ill-conceived and expensive project winds up looking like a bunch of talented thesps slumming it .	very negative
this is one of mr. chabrol 's subtlest works , but also one of his most uncanny .	positive
despite the holes in the story and the somewhat predictable plot , moments of the movie caused me to jump in my chair ...	neutral
sparse but oddly compelling .	positive
despite the opulent lushness of every scene , the characters never seem to match the power of their surroundings .	negative
in a strange way , egoyan has done too much .	neutral
it 's a powerful though flawed movie , guaranteed to put a lump in your throat while reaffirming washington as possibly the best actor working in movies today .	very positive
the movie is virtually without context -- journalistic or historical .	very negative
-lrb- the film 's -rrb- taste for `` shock humor '' will wear thin on all but those weaned on the comedy of tom green and the farrelly brothers .	negative
as a remake , it 's a pale imitation .	very negative
lan yu is a genuine love story , full of traditional layers of awakening and ripening and separation and recovery .	very positive
-lrb- washington 's -rrb- strong hand , keen eye , sweet spirit and good taste are reflected in almost every scene .	very positive
only about as sexy and dangerous as an actress in a role that reminds at every turn of elizabeth berkley 's flopping dolphin-gasm .	negative
i 'm left slightly disappointed that it did n't .	negative
this is lightweight filmmaking , to be sure , but it 's pleasant enough -- and oozing with attractive men .	positive
i was impressed by how many tit-for-tat retaliatory responses the filmmakers allow before pulling the plug on the conspirators and averting an american-russian armageddon .	positive
entertaining enough , but nothing new	negative
arty gay film .	neutral
pure cinematic intoxication , a wildly inventive mixture of comedy and melodrama , tastelessness and swooning elegance .	positive
changing lanes tries for more .	positive
the only time 8 crazy nights comes close to hitting a comedic or satirical target is during the offbeat musical numbers .	neutral
the predominantly amateur cast is painful to watch , so stilted and unconvincing are the performances .	very negative
sean penn , you owe nicolas cage an apology .	neutral
the film exudes the urbane sweetness that woody allen seems to have bitterly forsaken .	positive
ludicrous , but director carl franklin adds enough flourishes and freak-outs to make it entertaining .	positive
for his first attempt at film noir , spielberg presents a fascinating but flawed look at the near future .	positive
a lively and engaging examination of how similar obsessions can dominate a family .	very positive
certainly the performances are worthwhile .	positive
fifty years after the fact , the world 's political situation seems little different , and -lrb- director phillip -rrb- noyce brings out the allegory with remarkable skill .	very positive
i do n't feel the least bit ashamed in admitting that my enjoyment came at the expense of seeing justice served , even if it 's a dish that 's best served cold .	positive
the acting in pauline and paulette is good all round , but what really sets the film apart is debrauwer 's refusal to push the easy emotional buttons .	very positive
spectacularly beautiful , not to mention mysterious , sensual , emotionally intense , and replete with virtuoso throat-singing .	very positive
a weird and wonderful comedy .	very positive
smart and taut .	very positive
a non-britney person might survive a screening with little harm done , except maybe for the last 15 minutes , which are as maudlin as any after-school special you can imagine .	negative
c'mon !	neutral
this is one of the outstanding thrillers of recent years .	very positive
will be far more interesting to the soderbergh faithful than it will be to the casual moviegoer who might be lured in by julia roberts ...	neutral
in the end , the film is less the cheap thriller you 'd expect than it is a fairly revealing study of its two main characters -- damaged-goods people whose orbits will inevitably and dangerously collide .	positive
a searing , epic treatment of a nationwide blight that seems to be , horrifyingly , ever on the rise .	positive
every individual will see the movie through the prism of his or her own beliefs and prejudices , but the one thing most will take away is the sense that peace is possible .	very positive
the film is a masterpiece of nuance and characterization , marred only by an inexplicable , utterly distracting blunder at the very end .	neutral
an extraordinary dramatic experience .	very positive
piccoli 's performance is amazing , yes , but the symbols of loss and denial and life-at-arm 's - length in the film seem irritatingly transparent .	negative
no film could possibly be more contemptuous of the single female population .	very negative
it 's clear why deuces wild , which was shot two years ago , has been gathering dust on mgm 's shelf .	negative
drowning 's too good for this sucker .	negative
rob schneider , dana carvey and sarah michelle gellar in the philadelphia story ?	neutral
the path ice age follows most closely , though , is the one established by warner bros. giant chuck jones , who died a matter of weeks before the movie 's release .	neutral
if i could have looked into my future and saw how bad this movie was , i would go back and choose to skip it .	very negative
as inept as big-screen remakes of the avengers and the wild wild west .	negative
everything -- even life on an aircraft carrier -- is sentimentalized .	negative
a bittersweet film , simple in form but rich with human events .	positive
a classic fairy tale that perfectly captures the wonders and worries of childhood in a way that few movies have ever approached .	very positive
directed with purpose and finesse by england 's roger mitchell , who handily makes the move from pleasing , relatively lightweight commercial fare such as notting hill to commercial fare with real thematic heft .	very positive
it 's an odd show , pregnant with moods , stillborn except as a harsh conceptual exercise .	negative
cletis is playful but highly studied and dependent for its success on a patient viewer .	positive
would benigni 's italian pinocchio have been any easier to sit through than this hastily dubbed disaster ?	very negative
this is a fudged opportunity of gigantic proportions -- a lunar mission with no signs of life .	very negative
each punch seen through prison bars , the fights become not so much a struggle of man vs. man as brother-man vs. the man .	neutral
there 's an admirable rigor to jimmy 's relentless anger , and to the script 's refusal of a happy ending , but as those monologues stretch on and on , you realize there 's no place for this story to go but down .	negative
i 'll stay with the stage versions , however , which bite cleaner , and deeper .	negative
it 's a movie that ends with truckzilla , for cryin ' out loud .	negative
chalk it up as the worst kind of hubristic folly .	very negative
the story , once it gets rolling , is nothing short of a great one .	very positive
they just do n't work in concert .	negative
a movie that falls victim to frazzled wackiness and frayed satire .	neutral
it 's supposed to be a humorous , all-too-human look at how hope can breed a certain kind of madness -- and strength -- but it never quite adds up .	neutral
an unintentionally surreal kid 's picture ... in which actors in bad bear suits enact a sort of inter-species parody of a vh1 behind the music episode .	negative
both damning and damned compelling .	positive
it 's not original enough .	negative
apart from anything else , this is one of the best-sustained ideas i have ever seen on the screen .	very positive
the adventures of pluto nash is a whole lot of nada .	very negative
a meditation on faith and madness , frailty is blood-curdling stuff .	positive
he 's one of the few ` cool ' actors who never seems aware of his own coolness .	positive
this 100-minute movie only has about 25 minutes of decent material .	negative
a serious movie with serious ideas .	very positive
attal 's hang-ups surrounding infidelity are so old-fashioned and , dare i say , outdated , it 's a wonder that he could n't have brought something fresher to the proceedings simply by accident .	negative
plot , characters , drama , emotions , ideas -- all are irrelevant to the experience of seeing the scorpion king .	negative
stripped almost entirely of such tools as nudity , profanity and violence , labute does manage to make a few points about modern man and his problematic quest for human connection .	negative
it 's the cute frissons of discovery and humor between chaplin and kidman that keep this nicely wound clock not just ticking , but humming .	positive
leave it to the french to truly capture the terrifying angst of the modern working man without turning the film into a cheap thriller , a dumb comedy or a sappy melodrama .	very positive
beautiful to watch and holds a certain charm .	very positive
campbell scott finds the ideal outlet for his flick-knife diction in the role of roger swanson .	positive
it 's like a `` big chill '' reunion of the baader-meinhof gang , only these guys are more harmless pranksters than political activists .	neutral
then you 'd do well to check this one out because it 's straight up twin peaks action ...	positive
aside from showing us in explicit detail how difficult it is to win over the two-drink-minimum crowd , there 's little to be learned from watching ` comedian '	neutral
mana gives us compelling , damaged characters who we want to help -- or hurt .	neutral
that neither protagonist has a distinguishable condition hardly matters because both are just actory concoctions , defined by childlike dimness and a handful of quirks .	negative
land , people and narrative flow together in a stark portrait of motherhood deferred and desire explored .	positive
did the film inform and educate me ?	neutral
barney 's ideas about creation and identity do n't really seem all that profound , at least by way of what can be gleaned from this three-hour endurance test built around an hour 's worth of actual material .	negative
build some robots , haul 'em to the theatre with you for the late show , and put on your own mystery science theatre 3000 tribute to what is almost certainly going to go down as the worst -- and only -- killer website movie of this or any other year .	very negative
cineasts will revel in those visual in-jokes , as in the film 's verbal pokes at everything from the likes of miramax chief harvey weinstein 's bluff personal style to the stylistic rigors of denmark 's dogma movement .	positive
bottom-rung new jack city wannabe .	negative
despite the fact that this film was n't as bad as i thought it was going to be , it 's still not a good movie	very negative
but this time , the old mib label stands for milder is n't better .	negative
forget the misleading title , what 's with the unexplained baboon cameo ?	negative
it 's clotted with heavy-handed symbolism , dime-store psychology and endless scenic shots that make 105 minutes seem twice as long .	very negative
what 's surprising about this traditional thriller , moderately successful but not completely satisfying , is exactly how genteel and unsurprising the execution turns out to be .	positive
yet another entry in the sentimental oh-those-wacky-brits genre that was ushered in by the full monty and is still straining to produce another smash hit .	negative
every conceivable mistake a director could make in filming opera has been perpetrated here .	very negative
the film 's desire to be liked sometimes undermines the possibility for an exploration of the thornier aspects of the nature\/nurture argument in regards to homosexuality .	negative
a standard police-oriented drama that , were it not for de niro 's participation , would have likely wound up a tnt original .	negative
yet another movie which presumes that high school social groups are at war , let alone conscious of each other 's existence .	neutral
with notorious c.h.o. cho proves she has the stuff to stand tall with pryor , carlin and murphy .	positive
watching this film , one is left with the inescapable conclusion that hitchens ' obsession with kissinger is , at bottom , a sophisticated flower child 's desire to purge the world of the tooth and claw of human power .	positive
e.t. works because its flabbergasting principals , 14-year-old robert macnaughton , 6-year-old drew barrymore and 10-year-old henry thomas , convince us of the existence of the wise , wizened visitor from a faraway planet .	very positive
so unique and stubborn and charismatic that you want it to be better and more successful than it is .	neutral
yes , it 's as good as you remember .	positive
for veggietales fans , this is more appetizing than a side dish of asparagus .	very positive
there are problems with this film that even 3 oscar winners ca n't overcome , but it 's a nice girl-buddy movie once it gets rock-n-rolling .	neutral
as directed by dani kouyate of burkina faso , sia lacks visual flair .	neutral
full of detail about the man and his country , and is well worth seeing .	very positive
little more than a well-mounted history lesson .	negative
wallace directs with such patronising reverence , it turns the stomach .	neutral
peter jackson and company once again dazzle and delight us , fulfilling practically every expectation either a longtime tolkien fan or a movie-going neophyte could want .	very positive
this tale has been told and retold ; the races and rackets change , but the song remains the same .	negative
a joyous occasion	very positive
-lrb- `` take care of my cat '' -rrb- is an honestly nice little film that takes us on an examination of young adult life in urban south korea through the hearts and minds of the five principals .	positive
a bonanza of wacky sight gags , outlandish color schemes , and corny visual puns that can be appreciated equally as an abstract frank tashlin comedy and as a playful recapitulation of the artist 's career .	neutral
novak contemplates a heartland so overwhelmed by its lack of purpose that it seeks excitement in manufactured high drama .	negative
one-of-a-kind near-masterpiece .	very positive
trying to figure out the rules of the country bear universe -- when are bears bears and when are they like humans , only hairier -- would tax einstein 's brain .	negative
a thoroughly engaging , surprisingly touching british comedy .	very positive
you have no affinity for most of the characters .	very negative
its salient points are simultaneously buried , drowned and smothered in the excesses of writer-director roger avary .	negative
sensitively examines general issues of race and justice among the poor , and specifically raises serious questions about the death penalty and asks what good the execution of a mentally challenged woman could possibly do .	neutral
whether or not you buy mr. broomfield 's findings , the film acquires an undeniable entertainment value as the slight , pale mr. broomfield continues to force himself on people and into situations that would make lesser men run for cover .	positive
a relentless , bombastic and ultimately empty world war ii action flick .	negative
charlotte sometimes is a brilliant movie .	very positive
move over bond ; this girl deserves a sequel .	very positive
an exceptionally dreary and overwrought bit of work , every bit as imperious as katzenberg 's the prince of egypt from 1998 .	negative
for a story set at sea , ghost ship is pretty landbound , with its leaden acting , dull exposition and telegraphed ` surprises . '	very negative
congrats disney on a job well done , i enjoyed it just as much !	very positive
a muddy psychological thriller rife with miscalculations .	negative
is it possible for a documentary to be utterly entranced by its subject and still show virtually no understanding of it ?	negative
it 's a piece of handiwork that shows its indie tatters and self-conscious seams in places , but has some quietly moving moments and an intelligent subtlety .	positive
the movie 's plot is almost entirely witless and inane , carrying every gag two or three times beyond its limit to sustain a laugh .	very negative
in between all the emotional seesawing , it 's hard to figure the depth of these two literary figures , and even the times in which they lived .	negative
expect no major discoveries , nor any stylish sizzle , but the film sits with square conviction and touching good sense on the experience of its women .	positive
an exit sign , that is .	negative
beautifully crafted and brutally honest , promises offers an unexpected window into the complexities of the middle east struggle and into the humanity of its people .	very positive
entirely suspenseful , extremely well-paced and ultimately ... dare i say , entertaining !	very positive
just dreadful .	very negative
bill morrison 's decasia is uncompromising , difficult and unbearably beautiful .	very positive
a superlative b movie -- funny , sexy , and rousing .	positive
the advantage of a postapocalyptic setting is that it can be made on the cheap .	negative
yet another genre exercise , gangster no. 1 is as generic as its title .	negative
before it collapses into exactly the kind of buddy cop comedy it set out to lampoon , anyway .	negative
a well-acted movie that simply does n't gel .	neutral
... while dark water is n't a complete wash -lrb- no pun intended -rrb- , watched side-by-side with ringu , it ultimately comes off as a pale successor .	negative
plays out with a dogged and eventually winning squareness that would make it the darling of many a kids-and-family-oriented cable channel .	positive
the movie is obviously a labour of love so howard appears to have had free rein to be as pretentious as he wanted .	neutral
one feels the dimming of a certain ambition , but in its place a sweetness , clarity and emotional openness that recalls the classics of early italian neorealism .	positive
the script 's judgment and sense of weight is way , way off .	very negative
the filmmakers might want to look it up .	neutral
despite its dry wit and compassion , the film suffers from a philosophical emptiness and maddeningly sedate pacing .	negative
is a mess .	very negative
adroit but finally a trifle flat , mad love does n't galvanize its outrage the way , say , jane campion might have done , but at least it possesses some .	negative
... quite endearing .	positive
a mess , but it 's a sincere mess .	neutral
hip-hop prison thriller of stupefying absurdity .	negative
i found myself liking the film , though in this case one man 's treasure could prove to be another man 's garbage .	neutral
a domestic melodrama with weak dialogue and biopic cliches .	negative
a little better than sorcerer 's stone .	positive
nothing short of wonderful with its ten-year-old female protagonist and its steadfast refusal to set up a dualistic battle between good and evil .	very positive
almost as offensive as `` freddy got fingered . ''	negative
imagine susan sontag falling in love with howard stern .	negative
cockettes has the glorious , gaudy benefit of much stock footage of those days , featuring all manner of drag queen , bearded lady and lactating hippie .	neutral
there 's no point of view , no contemporary interpretation of joan 's prefeminist plight , so we 're left thinking the only reason to make the movie is because present standards allow for plenty of nudity .	negative
narc can only remind us of brilliant crime dramas without becoming one itself .	neutral
a listless sci-fi comedy in which eddie murphy deploys two guises and elaborate futuristic sets to no particularly memorable effect .	very negative
renner carries much of the film with a creepy and dead-on performance .	very positive
renner ?	neutral
brainy , artistic and muted , almost to the point of suffocation .	neutral
the film fits into a genre that has been overexposed , redolent of a thousand cliches , and yet remains uniquely itself , vibrant with originality .	positive
the sequel plays out like a flimsy excuse to give blade fans another look at wesley snipes ' iconic hero doing battle with dozens of bad guys -- at once .	negative
wendigo wants to be a monster movie for the art-house crowd , but it falls into the trap of pretention almost every time .	very negative
steven soderbergh does n't remake andrei tarkovsky 's solaris so much as distill it .	negative
although melodramatic and predictable , this romantic comedy explores the friendship between five filipino-americans and their frantic efforts to find love .	neutral
a compelling yarn , but not quite a ripping one .	positive
if routine action and jokes like this are your cup of tea , then pay your $ 8 and get ready for the big shear .	negative
tale will be all too familiar for anyone who 's seen george roy hill 's 1973 film , `` the sting . ''	negative
secretary is not a movie about fetishism .	neutral
warm and exotic .	positive
the movie 's blatant derivativeness is one reason it 's so lackluster .	negative
rehearsals are frequently more fascinating than the results .	positive
like a grinning jack o ' lantern , its apparent glee is derived from a lobotomy , having had all its vital essence scooped out and discarded .	negative
the story is virtually impossible to follow here , but there 's a certain style and wit to the dialogue .	neutral
a dazzling thing to behold -- as long as you 're wearing the somewhat cumbersome 3d goggles the theater provides .	positive
it 's a wonderful , sobering , heart-felt drama .	very positive
here 's yet another cool crime movie that actually manages to bring something new into the mix .	positive
one of those movies that make us pause and think of what we have given up to acquire the fast-paced contemporary society .	positive
done in mostly by a weak script that ca n't support the epic treatment .	very negative
troll the cult section of your local video store for the real deal .	neutral
unfortunately , kapur modernizes a.e.w. mason 's story to suit the sensibilities of a young american , a decision that plucks `` the four feathers '' bare .	very negative
uneven , self-conscious but often hilarious spoof .	positive
the phone rings and a voice tells you you 've got seven days left to live .	neutral
deserving of its critical backlash and more .	negative
entertainment more disposable than hanna-barbera 's half-hour cartoons ever were .	neutral
when the twist endings were actually surprising ?	neutral
do we really need another film that praises female self-sacrifice ?	negative
more mature than fatal attraction , more complete than indecent proposal and more relevant than 9 1\/2 weeks , unfaithful is at once intimate and universal cinema .	very positive
the wonder of mostly martha is the performance of gedeck , who makes martha enormously endearing .	very positive
a battle between bug-eye theatre and dead-eye matinee .	negative
like a tarantino movie with heart , alias betty is richly detailed , deftly executed and utterly absorbing .	positive
it 's hard to say who might enjoy this , are there tolstoy groupies out there ?	negative
this movie is to be cherished .	very positive
in all fairness , i must report that the children of varying ages in my audience never coughed , fidgeted or romped up and down the aisles for bathroom breaks .	positive
the screenplay is hugely overwritten , with tons and tons of dialogue -- most of it given to children .	negative
entertains not so much because of its music or comic antics , but through the perverse pleasure of watching disney scrape the bottom of its own cracker barrel .	negative
ryan gosling ... is at 22 a powerful young actor .	very positive
-lrb- garbus -rrb- discards the potential for pathological study , exhuming instead , the skewed melodrama of the circumstantial situation .	neutral
i am highly amused by the idea that we have come to a point in society where it has been deemed important enough to make a film in which someone has to be hired to portray richard dawson .	very positive
while this movie , by necessity , lacks fellowship 's heart , two towers outdoes its spectacle .	positive
for those who are intrigued by politics of the '70s , the film is every bit as fascinating as it is flawed .	positive
an absorbing and unsettling psychological drama .	positive
skillful as he is , mr. shyamalan is undone by his pretensions .	neutral
like the best of godard 's movies ... it is visually ravishing , penetrating , impenetrable .	very positive
with wit and empathy to spare , waydowntown acknowledges the silent screams of workaday inertia but stops short of indulging its characters ' striving solipsism .	neutral
spare but quietly effective retelling .	positive
the story that emerges has elements of romance , tragedy and even silent-movie comedy .	positive
this is an insultingly inept and artificial examination of grief and its impacts upon the relationships of the survivors .	negative
it 's a strange film , one that was hard for me to warm up to .	negative
a series of immaculately composed shots of patch adams quietly freaking out does not make for much of a movie .	negative
chomp chomp !	neutral
harks back to a time when movies had more to do with imagination than market research .	positive
all the queen 's men is a throwback war movie that fails on so many levels , it should pay reparations to viewers .	very negative
fessenden 's narrative is just as much about the ownership and redefinition of myth as it is about a domestic unit finding their way to joy .	positive
the exclamation point seems to be the only bit of glee you 'll find in this dreary mess .	very negative
a banal , virulently unpleasant excuse for a romantic comedy .	very negative
a must see for all sides of the political spectrum	very positive
the storylines are woven together skilfully , the magnificent swooping aerial shots are breathtaking , and the overall experience is awesome .	very positive
skip the film and buy the philip glass soundtrack cd .	very negative
viewed as a comedy , a romance , a fairy tale , or a drama , there 's nothing remotely triumphant about this motion picture .	neutral
... unspeakably , unbearably dull , featuring reams of flatly delivered dialogue and a heroine who comes across as both shallow and dim-witted .	very negative
forages for audience sympathy like a temperamental child begging for attention , giving audiences no reason to truly care for its decrepit freaks beyond the promise of a reprieve from their incessant whining .	very negative
an action\/thriller of the finest kind , evoking memories of day of the jackal , the french connection , and heat .	very positive
beyond the cleverness , the weirdness and the pristine camerawork , one hour photo is a sobering meditation on why we take pictures .	positive
the best part about `` gangs '' was daniel day-lewis .	positive
... hypnotically dull .	very negative
we ca n't accuse kung pow for misfiring , since it is exactly what it wants to be : an atrociously , mind-numbingly , indescribably bad movie .	very negative
but then again , i hate myself most mornings .	negative
a charming and funny story of clashing cultures and a clashing mother\/daughter relationship .	neutral
although purportedly a study in modern alienation , it 's really little more than a particularly slanted , gay s\/m fantasy , enervating and deadeningly drawn-out .	negative
if signs is a good film , and it is , the essence of a great one is in there somewhere .	neutral
it can be safely recommended as a video\/dvd babysitter .	positive
the movie should jolt you out of your seat a couple of times , give you a few laughs , and leave you feeling like it was worth your seven bucks , even though it does turn out to be a bit of a cheat in the end .	positive
part of the film 's cheeky charm comes from its vintage schmaltz .	very positive
a fun family movie that 's suitable for all ages -- a movie that will make you laugh , cry and realize , ` it 's never too late to believe in your dreams . '	very positive
unlike most anime , whose most ardent fans outside japan seem to be introverted young men with fantasy fetishes , metropolis never seems hopelessly juvenile .	positive
there is something that is so meditative and lyrical about babak payami 's boldly quirky iranian drama secret ballot ... a charming and evoking little ditty that manages to show the gentle and humane side of middle eastern world politics	positive
it winds up moving in many directions as it searches -lrb- vainly , i think -rrb- for something fresh to say .	negative
it 's as if de palma spent an hour setting a fancy table and then served up kraft macaroni and cheese .	very negative
fulfills the minimum requirement of disney animation .	neutral
with or without the sex , a wonderful tale of love and destiny , told well by a master storyteller	very positive
rifkin no doubt fancies himself something of a hubert selby jr. , but there is n't an ounce of honest poetry in his entire script ; it 's simply crude and unrelentingly exploitative .	very negative
but it will just as likely make you weep , and it will do so in a way that does n't make you feel like a sucker .	positive
the acting is just fine , but there 's not enough substance here to sustain interest for the full 90 minutes , especially with the weak payoff .	negative
romantic comedy and dogme 95 filmmaking may seem odd bedfellows , but they turn out to be delightfully compatible here .	very positive
-lrb- a -rrb- rather thinly-conceived movie .	very negative
good , solid storytelling .	very positive
it 's a treat watching shaw , a british stage icon , melting under the heat of phocion 's attentions .	positive
the film does n't sustain its initial promise with a jarring , new-agey tone creeping into the second half	negative
a smug and convoluted action-comedy that does n't allow an earnest moment to pass without reminding audiences that it 's only a movie .	very negative
um ... is n't that the basis for the entire plot ?	negative
-lrb- has -rrb- an immediacy and an intimacy that sucks you in and dares you not to believe it 's all true .	positive
a deftly entertaining film , smartly played and smartly directed .	very positive
bogdanovich taps deep into the hearst mystique , entertainingly reenacting a historic scandal .	very positive
a terrible movie that some people will nevertheless find moving .	very negative
to blandly go where we went 8 movies ago ...	negative
this is not a retread of `` dead poets ' society . ''	neutral
an intriguing near-miss .	neutral
the film 's lack of personality permeates all its aspects -- from the tv movie-esque , affected child acting to the dullest irish pub scenes ever filmed .	very negative
the kind of sense of humor that derives from a workman 's grasp of pun and entendre and its attendant need to constantly draw attention to itself .	neutral
craig bartlett and director tuck tucker should be commended for illustrating the merits of fighting hard for something that really matters .	positive
rosenthal -lrb- halloween ii -rrb- seems to have forgotten everything he ever knew about generating suspense .	negative
but it 's defiantly and delightfully against the grain .	positive
famuyiwa 's feature deals with its subject matter in a tasteful , intelligent manner , rather than forcing us to endure every plot contrivance that the cliché-riddled genre can offer .	positive
` matrix ' - style massacres erupt throughout ... but the movie has a tougher time balancing its violence with kafka-inspired philosophy .	negative
-lrb- toback 's -rrb- fondness for fancy split-screen , stuttering editing and pompous references to wittgenstein and kirkegaard ... blends uneasily with the titillating material .	negative
at a time when commercialism has squeezed the life out of whatever idealism american moviemaking ever had , godfrey reggio 's career shines like a lonely beacon .	positive
the type of dumbed-down exercise in stereotypes that gives the -lrb- teen comedy -rrb- genre a bad name .	negative
elegant and eloquent -lrb- meditation -rrb- on death and that most elusive of passions , love .	very positive
you bet there is and it 's what makes this rather convoluted journey worth taking .	neutral
weird .	negative
-lrb- clooney 's -rrb- debut can be accused of being a bit undisciplined , but it has a tremendous , offbeat sense of style and humor that suggests he was influenced by some of the filmmakers who have directed him , especially the coen brothers and steven soderbergh .	positive
pair that with really poor comedic writing ... and you 've got a huge mess .	very negative
it was a dark and stormy night ...	neutral
the audience when i saw this one was chuckling at all the wrong times , and that 's a bad sign when they 're supposed to be having a collective heart attack .	negative
nicholas nickleby celebrates the human spirit with such unrelenting dickensian decency that it turned me -lrb- horrors ! -rrb-	positive
romanek 's themes are every bit as distinctive as his visuals .	very positive
no worse a film than breaking out , and breaking out was utterly charming .	positive
an empty , ugly exercise in druggy trance-noir and trumped-up street credibility .	neutral
scooby doo is surely everything its fans are hoping it will be , and in that sense is a movie that deserves recommendation .	very positive
a dim-witted and lazy spin-off of the animal planet documentary series , crocodile hunter is entertainment opportunism at its most glaring .	very negative
... an airless , prepackaged julia roberts wannabe that stinks so badly of hard-sell image-mongering you 'll wonder if lopez 's publicist should share screenwriting credit .	very negative
will anyone who is n't a fangoria subscriber be excited that it has n't gone straight to video ?	negative
your children will be occupied for 72 minutes .	positive
exciting and well-paced .	very positive
in this film , aussie david caesar channels the not-quite-dead career of guy ritchie .	neutral
wallace gets a bit heavy handed with his message at times , and has a visual flair that waxes poetic far too much for our taste .	neutral
lasker 's canny , meditative script distances sex and love , as byron and luther ... realize they ca n't get no satisfaction without the latter .	positive
`` feardotcom '' has the makings of an interesting meditation on the ethereal nature of the internet and the otherworldly energies it could channel , but it simply becomes a routine shocker .	neutral
essentially , the film is weak on detail and strong on personality	neutral
like rudy yellow lodge , eyre needs to take a good sweat to clarify his cinematic vision before his next creation and remember the lessons of the trickster spider .	very negative
the amazing film work is so convincing that by movies ' end you 'll swear you are wet in some places and feel sand creeping in others .	positive
it must be in the genes .	neutral
only for young children , if them .	neutral
femme fatale offers nothing more than a bait-and-switch that is beyond playing fair with the audience .	negative
combines sharp comedy , old-fashioned monster movie atmospherics , and genuine heart to create a film that 's not merely about kicking undead \*\*\* , but also about dealing with regret and , ultimately , finding redemption .	very positive
just a bunch of good actors flailing around in a caper that 's neither original nor terribly funny .	very negative
while hoffman 's performance is great , the subject matter goes nowhere .	neutral
the movie does its best to work us over , with second helpings of love , romance , tragedy , false dawns , real dawns , comic relief , two separate crises during marriage ceremonies , and the lush scenery of the cotswolds .	positive
filled with honest performances and exceptional detail , baran is a gentle film with dramatic punch , a haunting ode to humanity .	very positive
rodriguez does a splendid job of racial profiling hollywood style -- casting excellent latin actors of all ages -- a trend long overdue .	positive
takashi miike keeps pushing the envelope : ichi the killer	positive
more likely to have you scratching your head than hiding under your seat .	negative
fairly run-of-the-mill .	negative
so could young romantics out on a date .	positive
despite its flaws ... belinsky is still able to create an engaging story that keeps you guessing at almost every turn .	positive
the secrets of time travel will have been discovered , indulged in and rejected as boring before i see this piece of crap again .	very negative
the script boasts some tart tv-insider humor , but the film has not a trace of humanity or empathy .	negative
though it 's not very well shot or composed or edited , the score is too insistent and the dialogue is frequently overwrought and crudely literal , the film shatters you in waves .	negative
satin rouge is not a new , or inventive , journey , but it 's encouraging to see a three-dimensional , average , middle-aged woman 's experience of self-discovery handled with such sensitivity .	positive
due to stodgy , soap opera-ish dialogue , the rest of the cast comes across as stick figures reading lines from a teleprompter .	very negative
it 's so crammed with scenes and vistas and pretty moments that it 's left a few crucial things out , like character development and coherence .	negative
shamelessly resorting to pee-related sight gags that might even cause tom green a grimace ; still , myer 's energy and the silliness of it all eventually prevail	neutral
a hypnotic cyber hymn and a cruel story of youth culture .	positive
noyce has worked wonders with the material .	very positive
a sometimes incisive and sensitive portrait that is undercut by its awkward structure and a final veering toward melodrama .	negative
no thanks .	negative
despite the predictable parent vs. child coming-of-age theme , first-class , natural acting and a look at `` the real americans '' make this a charmer .	very positive
delia , greta , and paula rank as three of the most multilayered and sympathetic female characters of the year .	very positive
best described as i know what you did last winter .	neutral
action - mechanical .	negative
another wholly unnecessary addition to the growing , moldering pile of , well , extreme stunt pictures .	very negative
this would have been better than the fiction it has concocted , and there still could have been room for the war scenes .	negative
it 's a bad sign in a thriller when you instantly know whodunit .	negative
while the production details are lavish , film has little insight into the historical period and its artists , particularly in how sand developed a notorious reputation .	negative
although olivier assayas ' elegantly appointed period drama seems , at times , padded with incident in the way of a too-conscientious adaptation ... its three-hour running time plays closer to two .	positive
the tonal shifts are jolting , and though wen 's messages are profound and thoughtfully delivered , more thorough transitions would have made the film more cohesive .	neutral
dense and enigmatic ... elusive ... stagy and stilted	neutral
the moral shrapnel and mental shellshock will linger long after this film has ended .	positive
a sleek advert for youthful anomie that never quite equals the sum of its pretensions .	negative
overall , it 's a very entertaining , thought-provoking film with a simple message : god is love .	very positive
some movies were made for the big screen , some for the small screen , and some , like ballistic : ecks vs. sever , were made for the palm screen .	negative
`` on guard ! ''	neutral
a minor work yet there 's no denying the potency of miller 's strange , fleeting brew of hopeful perseverance and hopeless closure .	neutral
a confident , richly acted , emotionally devastating piece of work and 2002 's first great film	very positive
labute 's careful handling makes the material seem genuine rather than pandering .	very positive
the whole film has this sneaky feel to it -- as if the director is trying to dupe the viewer into taking it all as very important simply because the movie is ugly to look at and not a hollywood product .	very negative
an inelegant combination of two unrelated shorts that falls far short of the director 's previous work in terms of both thematic content and narrative strength .	negative
... a funny yet dark and seedy clash of cultures and generations .	positive
routine and rather silly .	neutral
denver should not get the first and last look at one of the most triumphant performances of vanessa redgrave 's career .	neutral
as tricky and satisfying as any of david mamet 's airless cinematic shell games .	positive
the best thing that can be said of the picture is that it does have a few cute moments .	neutral
the story is smart and entirely charming in intent and execution .	positive
a different kind of love story - one that is dark , disturbing , painful to watch , yet compelling .	neutral
the action clichés just pile up .	negative
not only does the thoroughly formulaic film represent totally exemplify middle-of-the-road mainstream , it also represents glossy hollywood at its laziest .	very negative
a delicious and delicately funny look at the residents of a copenhagen neighborhood coping with the befuddling complications life tosses at them .	very positive
if ever a concept came handed down from the movie gods on a silver platter , this is it .	very positive
you may be captivated , as i was , by its moods , and by its subtly transformed star , and still wonder why paul thomas anderson ever had the inclination to make the most sincere and artful movie in which adam sandler will probably ever appear .	positive
`` brown sugar '' admirably aspires to be more than another `` best man '' clone by weaving a theme throughout this funny film .	positive
highlighted by a gritty style and an excellent cast , it 's better than one might expect when you look at the list of movies starring ice-t in a major role .	positive
far away .	neutral
the kind of trifle that date nights were invented for . .	neutral
all the actors are good in pauline & paulette but van der groen , described as ` belgium 's national treasure , ' is especially terrific as pauline .	neutral
gently humorous and touching .	positive
puportedly `` based on true events , '' a convolution of language that suggests it 's impossible to claim that it is `` based on a true story '' with a straight face .	negative
vulgar is too optimistic a title .	very negative
`` the adventures of pluto nash '' is a big time stinker .	very negative
visually captivating .	very positive
as each of them searches for their place in the world , miller digs into their very minds to find an unblinking , flawed humanity .	positive
she 's a cipher , played by an actress who smiles and frowns but does n't reveal an inner life .	neutral
writer-director stephen gaghan has made the near-fatal mistake of being what the english call ` too clever by half . '	negative
for the future , one hopes mr. plympton will find room for one more member of his little band , a professional screenwriter .	very negative
the story plays out slowly , but the characters are intriguing and realistic .	positive
very predictable but still entertaining	positive
if you 're not a fan , it might be like trying to eat brussels sprouts .	negative
has far more energy , wit and warmth than should be expected from any movie with a `` 2 '' at the end of its title .	positive
mr. deeds is sure to give you a lot of laughs in this simple , sweet and romantic comedy .	very positive
it all seemed wasted like deniro 's once promising career and the once grand long beach boardwalk .	negative
its gentle , touching story creeps into your heart .	very positive
armed with a game supporting cast , from the pitch-perfect forster to the always hilarious meara and levy , like mike shoots and scores , doing its namesake proud .	very positive
gloriously straight from the vagina .	neutral
... works on some levels and is certainly worth seeing at least once .	positive
a potentially good comic premise and excellent cast are terribly wasted .	negative
a small gem from belgium .	very positive
courtney chases stuart with a cell phone .	neutral
the characters are complex and quirky , but entirely believable as the remarkable ensemble cast brings them to life .	very positive
worth a look as a curiosity .	positive
it is a testament of quiet endurance , of common concern , of reconciled survival .	neutral
if you 've got a house full of tots -- do n't worry , this will be on video long before they grow up and you can wait till then .	negative
eddie murphy and owen wilson have a cute partnership in i spy , but the movie around them is so often nearly nothing that their charm does n't do a load of good .	negative
short and sweet , but also more than anything else slight ... tadpole pulls back from the consequences of its own actions and revelations .	positive
poignant and delicately complex .	positive
and we do n't avert our eyes for a moment .	positive
simply and eloquently articulates the tangled feelings of particular new yorkers deeply touched by an unprecedented tragedy .	very positive
plays like a checklist of everything rob reiner and his cast were sending up .	neutral
... could easily be called the best korean film of 2002 .	very positive
the title , alone , should scare any sane person away .	very negative
for all the time we spend with these people , we never really get inside of them .	negative
it does n't matter that the film is less than 90 minutes .	positive
the plot is paper-thin and the characters are n't interesting enough to watch them go about their daily activities for two whole hours .	very negative
this english-language version ... does full honor to miyazaki 's teeming and often unsettling landscape , and to the conflicted complexity of his characters .	neutral
whether quitting will prove absorbing to american audiences is debatable .	neutral
the film is a hoot , and is just as good , if not better than much of what 's on saturday morning tv especially the pseudo-educational stuff we all ca n't stand .	very positive
the ending feels at odds with the rest of the film .	positive
in the end there is one word that best describes this film : honest .	positive
the movie barely makes sense , with its unbelievable naïveté and arbitrary flashbacks .	very negative
it 's a quirky , off-beat project .	positive
if you can get past the taboo subject matter , it will be well worth your time .	very positive
coy but exhilarating , with really solid performances by ving rhames and wesley snipes .	positive
starts slowly , but adrien brody -- in the title role -- helps make the film 's conclusion powerful and satisfying .	positive
feeble comedy .	negative
no amount of blood and disintegrating vampire cadavers can obscure this movie 's lack of ideas .	negative
simply does n't have sufficient heft to justify its two-hour running time .	neutral
... the good and different idea -lrb- of middle-aged romance -rrb- is not handled well and , except for the fine star performances , there is little else to recommend `` never again . ''	negative
parker should be commended for taking a fresh approach to familiar material , but his determination to remain true to the original text leads him to adopt a somewhat mannered tone ... that ultimately dulls the human tragedy at the story 's core .	neutral
would that greengrass had gone a tad less for grit and a lot more for intelligibility .	negative
sadly , as blood work proves , that was a long , long time ago .	negative
the performers are so spot on , it is hard to conceive anyone else in their roles .	very positive
the first mistake , i suspect , is casting shatner as a legendary professor and kunis as a brilliant college student -- where 's pauly shore as the rocket scientist ?	negative
wise and deadpan humorous .	positive
twenty-three movies into a mostly magnificent directorial career , clint eastwood 's efficiently minimalist style finally has failed him .	negative
boring and meandering .	very negative
while certainly more naturalistic than its australian counterpart , amari 's film falls short in building the drama of lilia 's journey .	negative
make chan 's action sequences boring .	negative
simply put , there should have been a more compelling excuse to pair susan sarandon and goldie hawn .	negative
proves a lovely trifle that , unfortunately , is a little too in love with its own cuteness .	negative
but its storytelling prowess and special effects are both listless .	negative
an energizing , intoxicating documentary charting the rise of hip-hop culture in general and the art of scratching -lrb- or turntablism -rrb- in particular .	very positive
screenwriter dan schneider and director shawn levy substitute volume and primary colors for humor and bite .	positive
but if you 've paid a matinee price and bought a big tub of popcorn , there 's guilty fun to be had here .	neutral
-lrb- ramsay -rrb- visually transforms the dreary expanse of dead-end distaste the characters inhabit into a poem of art , music and metaphor .	very positive
works as pretty contagious fun .	very positive
in the pianist , polanski is saying what he has long wanted to say , confronting the roots of his own preoccupations and obsessions , and he allows nothing to get in the way .	positive
a dark , dull thriller with a parting shot that misfires .	neutral
... liotta is put in an impossible spot because his character 's deceptions ultimately undo him and the believability of the entire scenario .	negative
if there was ever a movie where the upbeat ending feels like a copout , this is the one .	negative
... the cast portrays their cartoon counterparts well ... but quite frankly , scoob and shag do n't eat enough during the film . '	negative
the sheer dumbness of the plot -lrb- other than its one good idea -rrb- and the movie 's inescapable air of sleaziness get you down .	very negative
those who do n't entirely ` get ' godard 's distinctive discourse will still come away with a sense of his reserved but existential poignancy .	positive
provides a very moving and revelatory footnote to the holocaust .	very positive
... there is enough originality in ` life ' to distance it from the pack of paint-by-number romantic comedies that so often end up on cinema screens .	positive
raimi crafted a complicated hero who is a welcome relief from the usual two-dimensional offerings .	very positive
if you saw benigni 's pinocchio at a public park , you 'd grab your kids and run and then probably call the police .	negative
it is dark , brooding and slow , and takes its central idea way too seriously .	very negative
it cuts to the core of what it actually means to face your fears , to be a girl in a world of boys , to be a boy truly in love with a girl , and to ride the big metaphorical wave that is life -- wherever it takes you .	very positive
an enjoyable , if occasionally flawed , experiment .	positive
it is , however , a completely honest , open-hearted film that should appeal to anyone willing to succumb to it .	very positive
i do n't think this movie loves women at all .	negative
american musical comedy as we know it would n't exist without the precedent of yiddish theater , whose jolly , fun-for-fun 's - sake communal spirit goes to the essence of broadway .	positive
do n't judge this one too soon - it 's a dark , gritty story but it takes off in totally unexpected directions and keeps on going .	positive
... -lrb- the film -rrb- works , due mostly to the tongue-in-cheek attitude of the screenplay .	positive
features nonsensical and laughable plotting , wooden performances , ineptly directed action sequences and some of the worst dialogue in recent memory .	very negative
too smart to ignore but a little too smugly superior to like , this could be a movie that ends up slapping its target audience in the face by shooting itself in the foot .	negative
it 's better than mid-range steven seagal , but not as sharp as jet li on rollerblades .	neutral
the director 's many dodges and turns add up to little more than a screenful of gamesmanship that 's low on both suspense and payoff .	negative
or for the year , for that matter .	neutral
an invaluable historical document thanks to the filmmaker 's extraordinary access to massoud , whose charm , cultivation and devotion to his people are readily apparent .	very positive
... no charm , no laughs , no fun , no reason to watch .	very negative
thanks largely to williams , all the interesting developments are processed in 60 minutes -- the rest is just an overexposed waste of film .	very negative
what might have emerged as hilarious lunacy in the hands of woody allen or mel brooks -lrb- at least during their '70s heyday -rrb- comes across as lame and sophomoric in this debut indie feature .	very negative
paul bettany playing malcolm mcdowell ?	neutral
that 's not vintage spielberg and that , finally , is minimally satisfying .	neutral
it would take a complete moron to foul up a screen adaptation of oscar wilde 's classic satire .	very negative
jackass is a vulgar and cheap-looking version of candid camera staged for the marquis de sade set .	very negative
everyone should be able to appreciate the wonderful cinematography and naturalistic acting .	positive
another in a long line of ultra-violent war movies , this one is not quite what it could have been as a film , but the story and theme make up for it .	neutral
one well-timed explosion in a movie can be a knockout , but a hundred of them can be numbing .	negative
where their heads were is anyone 's guess .	negative
scotland looks wonderful , the fans are often funny fanatics , the showdown sure beats a bad day of golf .	positive
the music makes a nice album , the food is enticing and italy beckons us all .	very positive
one of the best silly horror movies of recent memory , with some real shocks in store for unwary viewers .	very positive
the film is a very good viewing alternative for young women .	positive
` hey arnold ! '	neutral
beautifully shot against the frozen winter landscapes of grenoble and geneva , the film unfolds with all the mounting tension of an expert thriller , until the tragedy beneath it all gradually reveals itself .	very positive
griffin & co. manage to be spectacularly outrageous .	very positive
it is hard not to be especially grateful for freedom after a film like this .	positive
a well-put-together piece of urban satire .	positive
too much of nemesis has a tired , talky feel .	negative
pan nalin 's exposition is beautiful and mysterious , and the interviews that follow , with the practitioners of this ancient indian practice , are as subtle and as enigmatic .	positive
given the fact that virtually no one is bound to show up at theatres for it , the project should have been made for the tube .	very negative
with more character development this might have been an eerie thriller ; with better payoffs , it could have been a thinking man 's monster movie .	negative
an entertaining british hybrid of comedy , caper thrills and quirky romance .	very positive
but ... in trying to capture the novel 's deeper intimate resonances , the film has -- ironically - distanced us from the characters .	negative
the modern master of the chase sequence returns with a chase to end all chases	very positive
dense and thoughtful and brimming with ideas that are too complex to be rapidly absorbed .	neutral
queen of the damned as you might have guessed , makes sorry use of aaliyah in her one and only starring role -- she does little here but point at things that explode into flame .	negative
a loud , witless mess that has none of the charm and little of the intrigue from the tv series .	very negative
a cartoon ?	negative
if a few good men told us that we `` ca n't handle the truth '' than high crimes poetically states at one point in this movie that we `` do n't care about the truth . ''	neutral
a crass and insulting homage to great films like some like it hot and the john wayne classics .	very negative
the problem with `` xxx '' is that its own action is n't very effective .	negative
` yes , that 's right : it 's forrest gump , angel of death . '	positive
with a romantic comedy plotline straight from the ages , this cinderella story does n't have a single surprise up its sleeve .	negative
it 's lazy for a movie to avoid solving one problem by trying to distract us with the solution to another .	neutral
... while certainly clever in spots , this too-long , spoofy update of shakespeare 's macbeth does n't sustain a high enough level of invention .	negative
a sterling film - a cross between boys do n't cry , deliverance , and ode to billy joe - lies somewhere in the story of matthew shepard , but that film is yet to be made .	neutral
no new plot conceptions or environmental changes , just different bodies for sharp objects to rip through .	negative
australian actor\/director john polson and award-winning english cinematographer giles nuttgens make a terrific effort at disguising the obvious with energy and innovation .	positive
twohy knows how to inflate the mundane into the scarifying , and gets full mileage out of the rolling of a stray barrel or the unexpected blast of a phonograph record .	positive
at once a testament to the divine calling of education and a demonstration of the painstaking process of imparting knowledge .	positive
the film thrusts the inchoate but already eldritch christian right propaganda machine into national media circles .	neutral
insufferably naive .	negative
these are textbook lives of quiet desperation .	negative
worth a salute just for trying to be more complex than your average film .	positive
spend your benjamins on a matinee .	neutral
it excels because , unlike so many other hollywood movies of its ilk , it offers hope .	positive
the fun of the movie is the chance it affords to watch jackson , who also served as executive producer , take his smooth , shrewd , powerful act abroad .	very positive
far too clever by half , howard 's film is really a series of strung-together moments , with all the spaces in between filled with fantasies , daydreams , memories and one fantastic visual trope after another .	very negative
serious and thoughtful .	very positive
soderbergh skims the fat from the 1972 film .	positive
a remarkably insightful look at the backstage angst of the stand-up comic .	very positive
alternately hilarious and sad , aggravating and soulful , scathing and joyous .	positive
this is the case of a pregnant premise being wasted by a script that takes few chances and manages to insult the intelligence of everyone in the audience .	very negative
it 's unlikely we 'll see a better thriller this year .	positive
... manages to fall closer in quality to silence than to the abysmal hannibal .	neutral
it 's provocative stuff , but the speculative effort is hampered by taylor 's cartoonish performance and the film 's ill-considered notion that hitler 's destiny was shaped by the most random of chances .	negative
a movie that ca n't get sufficient distance from leroy 's delusions to escape their maudlin influence .	negative
though harris is affecting at times , he can not overcome the sense that pumpkin is a mere plot pawn for two directors with far less endearing disabilities .	negative
schneidermeister ... makin ' a fool of himself ... losin ' his fan base ...	negative
in this case zero .	negative
the young stars are too cute ; the story and ensuing complications are too manipulative ; the message is too blatant ; the resolutions are too convenient .	negative
the difference is that i truly enjoyed most of mostly martha while i ne	positive
sexy and romantic .	very positive
by the time the plot grinds itself out in increasingly incoherent fashion , you might be wishing for a watch that makes time go faster rather than the other way around .	very negative
arteta directs one of the best ensemble casts of the year	very positive
culkin turns his character into what is basically an anti-harry potter -- right down to the gryffindor scarf .	neutral
vividly conveys the passion , creativity , and fearlessness of one of mexico 's most colorful and controversial artists -- a captivating drama that will speak to the nonconformist in us all .	very positive
the concept is a hoot .	positive
it may not be particularly innovative , but the film 's crisp , unaffected style and air of gentle longing make it unexpectedly rewarding .	positive
in its own way , joshua is as blasphemous and nonsensical as a luis buñuel film without the latter 's attendant intelligence , poetry , passion , and genius .	very negative
perhaps a better celebration of these unfairly dismissed heroes would be a film that is n't this painfully forced , false and fabricated .	negative
... you can be forgiven for realizing that you 've spent the past 20 minutes looking at your watch and waiting for frida to just die already .	very negative
the director , mark pellington , does a terrific job conjuring up a sinister , menacing atmosphere though unfortunately all the story gives us is flashing red lights , a rattling noise , and a bump on the head .	positive
even if the naipaul original remains the real masterpiece , the movie possesses its own languorous charm .	very positive
delivers more than its fair share of saucy hilarity .	positive
but this is not a movie about an inhuman monster ; it 's about a very human one .	neutral
but his showboating wise-cracker stock persona sure is getting old .	neutral
if it were any more of a turkey , it would gobble in dolby digital stereo .	very negative
`` punch-drunk love '' is a little like a chocolate milk moustache ...	neutral
more intimate than spectacular , e.t. is carried less by wow factors than by its funny , moving yarn that holds up well after two decades .	very positive
i thought the relationships were wonderful , the comedy was funny , and the love ` real ' .	very positive
amid the shock and curiosity factors , the film is just a corny examination of a young actress trying to find her way .	negative
wickedly funny , visually engrossing , never boring , this movie challenges us to think about the ways we consume pop culture .	very positive
the comedy makes social commentary more palatable .	neutral
the spaniel-eyed jean reno infuses hubert with a mixture of deadpan cool , wry humor and just the measure of tenderness required to give this comic slugfest some heart .	positive
a film with almost as many delights for adults as there are for children and dog lovers .	very positive
a depraved , incoherent , instantly disposable piece of hackery .	very negative
while howard 's appreciation of brown and his writing is clearly well-meaning and sincere , the movie would be impossible to sit through were it not for the supporting cast .	neutral
the animation and game phenomenon that peaked about three years ago is actually dying a slow death , if the poor quality of pokemon 4 ever is any indication .	very negative
the camera soars above the globe in dazzling panoramic shots that make the most of the large-screen format , before swooping down on a string of exotic locales , scooping the whole world up in a joyous communal festival of rhythm .	very positive
what 's really sad is to see two academy award winning actresses -lrb- and one academy award winning actor -rrb- succumb to appearing in this junk that 's tv sitcom material at best .	negative
-lrb- jackson and bledel -rrb- seem to have been picked not for their acting chops , but for their looks and appeal to the pre-teen crowd .	negative
except as an acting exercise or an exceptionally dark joke , you wonder what anyone saw in this film that allowed it to get made .	neutral
whatever the movie 's sentimental , hypocritical lessons about sexism , its true colors come out in various wet t-shirt and shower scenes .	negative
piercingly affecting ... while clearly a manipulative film , emerges as powerful rather than cloying .	positive
gussied up with so many distracting special effects and visual party tricks that it 's not clear whether we 're supposed to shriek or laugh .	negative
if only it had the story to match .	negative
`` frailty '' has been written so well , that even a simple `` goddammit ! ''	positive
the pianist is the film roman polanski may have been born to make .	positive
the film has an infectious enthusiasm and we 're touched by the film 's conviction that all life centered on that place , that time and that sport .	positive
an excellent sequel .	very positive
the trouble with making this queen a thoroughly modern maiden is that it also makes her appear foolish and shallow rather than , as was more likely , a victim of mental illness .	negative
it 's a technically superb film , shining with all the usual spielberg flair , expertly utilizing the talents of his top-notch creative team .	very positive
in gleefully , thumpingly hyperbolic terms , it covers just about every cliche in the compendium about crass , jaded movie types and the phony baloney movie biz .	neutral
the story really has no place to go since simone is not real -- she ca n't provide any conflict .	negative
both a detective story and a romance spiced with the intrigue of academic skullduggery and politics .	positive
all the sensuality , all the eroticism of a good vampire tale has been , pardon the pun , sucked out and replaced by goth goofiness .	negative
a quiet , disquieting triumph .	positive
anyone who ever fantasized about space travel but ca n't afford the $ 20 million ticket to ride a russian rocket should catch this imax offering .	positive
-lrb- carvey 's -rrb- characters are both overplayed and exaggerated , but then again , subtlety has never been his trademark .	very negative
if divine secrets of the ya-ya sisterhood suffers from a ploddingly melodramatic structure , it comes to life in the performances .	negative
rashomon-for-dipsticks tale .	very negative
sleek and arty .	positive
a terrific date movie , whatever your orientation .	positive
the exploitative , clumsily staged violence overshadows everything , including most of the actors .	positive
there are moments of real pleasure to be found in sara sugarman 's whimsical comedy very annie-mary but not enough to sustain the film .	neutral
it takes a really long , slow and dreary time to dope out what tuck everlasting is about .	negative
it 's splash without the jokes .	very negative
even as it pays earnest homage to turntablists and beat jugglers , old schoolers and current innovators , scratch is great fun , full of the kind of energy it 's documenting .	positive
while kids will probably eat the whole thing up , most adults will be way ahead of the plot .	neutral
you begin to long for the end credits as the desert does for rain .	very negative
a coming-of-age movie that hollywood would n't have the guts to make .	very positive
` possession , ' based on the book by a.s. byatt , demands that labute deal with the subject of love head-on ; trading in his cynicism for reverence and a little wit	positive
did no one on the set have a sense of humor , or did they not have the nerve to speak up ?	negative
cinematic pyrotechnics aside , the only thing avary seems to care about are mean giggles and pulchritude .	negative
some of the most inventive silliness you are likely to witness in a movie theatre for some time .	positive
the story is lacking any real emotional impact , and the plot is both contrived and cliched .	very negative
others , more attuned to the anarchist maxim that ` the urge to destroy is also a creative urge ' , or more willing to see with their own eyes , will find morrison 's iconoclastic uses of technology to be liberating .	very positive
an awfully good , achingly human picture .	positive
but no. .	negative
the main problem being that it 's only a peek .	neutral
slow , silly and unintentionally hilarious .	neutral
it never plays as dramatic even when dramatic things happen to people .	negative
i have n't seen such self-amused trash since freddy got fingered .	negative
a cross between blow and boyz n the hood , this movie strives to be more , but does n't quite get there .	negative
... a visually seductive , unrepentantly trashy take on rice 's second installment of her vampire chronicles .	neutral
`` what really happened ? ''	neutral
it 's a bad action movie because there 's no rooting interest and the spectacle is grotesque and boring .	very negative
provides the kind of ` laugh therapy ' i need from movie comedies -- offbeat humor , amusing characters , and a happy ending .	very positive
a prolonged extrusion of psychopathic pulp .	negative
little action , almost no suspense or believable tension , one-dimensional characters up the wazoo and sets that can only be described as sci-fi generic .	negative
director nancy savoca 's no-frills record of a show forged in still-raw emotions captures the unsettled tenor of that post 9-11 period far better than a more measured or polished production ever could .	very positive
despite its floating narrative , this is a remarkably accessible and haunting film .	very positive
the sum of all fears pretends to be a serious exploration of nuclear terrorism , but it 's really nothing more than warmed-over cold war paranoia .	very negative
the hypnotic imagery and fragmentary tale explore the connections between place and personal identity .	positive
it 's fun , splashy and entertainingly nasty .	positive
big time .	neutral
... the first 2\/3 of the film are incredibly captivating and insanely funny , thanks in part to interesting cinematic devices -lrb- cool visual backmasking -rrb- , a solid cast , and some wickedly sick and twisted humor ...	very positive
rather , pity anyone who sees this mishmash .	very negative
return to never land may be another shameless attempt by disney to rake in dough from baby boomer families , but it 's not half-bad .	positive
the movie , despite its rough edges and a tendency to sag in certain places , is wry and engrossing .	positive
much like robin williams , death to smoochy has already reached its expiration date .	negative
a pleasing , often-funny comedy .	positive
a tour de force drama about the astonishingly pivotal role of imagination in the soulful development of two rowdy teenagers .	positive
good actors have a radar for juicy roles -- there 's a plethora of characters in this picture , and not one of them is flat .	positive
after all , it 'll probably be in video stores by christmas , and it might just be better suited to a night in the living room than a night at the movies .	negative
it concentrates far too much on the awkward interplay and utter lack of chemistry between chan and hewitt .	negative
her performance moves between heartbreak and rebellion as she continually tries to accommodate to fit in and gain the unconditional love she seeks .	positive
has an uppity musical beat that you can dance to , but its energy ca n't compare to the wit , humor and snappy dialogue of the original .	neutral
that is because - damn it !	neutral
bad company .	negative
so vivid a portrait of a woman consumed by lust and love and crushed by betrayal that it conjures up the intoxicating fumes and emotional ghosts of a freshly painted rembrandt .	very positive
if you 've grown tired of going where no man has gone before , but several movies have - take heart .	positive
unintelligible , poorly acted , brain-slappingly bad , harvard man is ludicrous enough that it could become a cult classic .	neutral
swiftly deteriorates into a terribly obvious melodrama and rough-hewn vanity project for lead actress andie macdowell .	very negative
dodgy mixture of cutesy romance , dark satire and murder mystery .	neutral
almost everyone growing up believes their family must look like `` the addams family '' to everyone looking in ... `` my big fat greek wedding '' comes from the heart ...	positive
an excruciating demonstration of the unsalvageability of a movie saddled with an amateurish screenplay .	negative
despite its old-hat set-up and predictable plot , empire still has enough moments to keep it entertaining .	positive
otherwise , this could be a passable date film .	negative
-lrb- at least -rrb- moore is a real charmer .	positive
leaves viewers out in the cold and undermines some phenomenal performances .	negative
this rush to profits has created a predictably efficient piece of business notable largely for its overwhelming creepiness , for an eagerness to create images you wish you had n't seen , which , in this day and age , is of course the point .	positive
as warren he stumbles in search of all the emotions and life experiences he 's neglected over the years .	neutral
the concept behind kung pow : enter the fist is hilarious .	positive
bang !	neutral
by not averting his eyes , solondz forces us to consider the unthinkable , the unacceptable , the unmentionable .	positive
... better described as a ghost story gone badly awry .	negative
the movie itself appears to be running on hypertime in reverse as the truly funny bits get further and further apart .	negative
does n't get the job done , running off the limited chemistry created by ralph fiennes and jennifer lopez .	negative
tsai has a well-deserved reputation as one of the cinema world 's great visual stylists , and in this film , every shot enhances the excellent performances .	positive
a movie that 's about as overbearing and over-the-top as the family it depicts .	negative
a movie that both thrills the eye and , in its over-the-top way , touches the heart .	very positive
elegantly crafted but emotionally cold , a puzzle whose intricate construction one can admire but is difficult to connect with on any deeper level .	negative
it 's hard to understand why anyone in his right mind would even think to make the attraction a movie .	very negative
sc2 is an autopilot hollywood concoction lacking in imagination and authentic christmas spirit , yet it 's geared toward an audience full of masters of both .	negative
donovan ... squanders his main asset , jackie chan , and fumbles the vital action sequences .	negative
this angst-ridden territory was covered earlier and much better in ordinary people .	negative
the film is darkly atmospheric , with herrmann quietly suggesting the sadness and obsession beneath hearst 's forced avuncular chortles .	neutral
in spite of featuring a script credited to no fewer than five writers , apparently nobody here bothered to check it twice .	negative
as underwater ghost stories go , below casts its spooky net out into the atlantic ocean and spits it back , grizzled and charred , somewhere northwest of the bermuda triangle .	negative
the most compelling performance of the year adds substantial depth to this shocking testament to anti-semitism and neo-fascism .	very positive
just a kiss wants desperately to come off as a fanciful film about the typical problems of average people .	neutral
though this saga would be terrific to read about , it is dicey screen material that only a genius should touch .	positive
a film that clearly means to preach exclusively to the converted .	neutral
a sentimental hybrid that could benefit from the spice of specificity .	positive
despite slick production values and director roger michell 's tick-tock pacing , the final effect is like having two guys yelling in your face for two hours .	negative
well , jason 's gone to manhattan and hell , i guess a space station in the year 2455 can be crossed off the list of ideas for the inevitable future sequels -lrb- hey , do n't shoot the messenger -rrb- .	negative
like a veteran head cutter , barbershop is tuned in to its community .	positive
brisk hack job .	very negative
the grey zone gives voice to a story that needs to be heard in the sea of holocaust movies ... but the film suffers from its own difficulties .	neutral
national lampoon 's van wilder may aim to be the next animal house , but it more closely resembles this year 's version of tomcats .	neutral
well , it 's not as pathetic as the animal .	neutral
thumbs up to paxton for not falling into the hollywood trap and making a vanity project with nothing new to offer .	very positive
performances all around are tops , with the two leads delivering oscar-caliber performances .	positive
qutting may be a flawed film , but it is nothing if not sincere .	neutral
it does n't offer audiences any way of gripping what its point is , or even its attitude toward its subject .	negative
though the film never veers from its comic course , its unintentional parallels might inadvertently evoke memories and emotions which are anything but humorous .	neutral
if sinise 's character had a brain his ordeal would be over in five minutes but instead the plot goes out of its way to introduce obstacles for him to stumble over .	neutral
miller comes at film with bracing intelligence and a vision both painterly and literary .	very positive
at the film 's centre is a precisely layered performance by an actor in his mid-seventies , michel piccoli .	neutral
this odd , poetic road movie , spiked by jolts of pop music , pretty much takes place in morton 's ever-watchful gaze -- and it 's a tribute to the actress , and to her inventive director , that the journey is such a mesmerizing one .	very positive
as gamely as the movie tries to make sense of its title character , there remains a huge gap between the film 's creepy , clean-cut dahmer -lrb- jeremy renner -rrb- and fiendish acts that no amount of earnest textbook psychologizing can bridge .	very negative
as earnest as a community-college advertisement , american chai is enough to make you put away the guitar , sell the amp , and apply to medical school .	negative
if you 're not , you 'll still have a good time . ''	positive
moretti plays giovanni , a psychiatrist who predictably finds it difficult to sustain interest in his profession after the family tragedy .	neutral
has a certain ghoulish fascination , and generates a fair amount of b-movie excitement .	positive
although it lacks the detail of the book , the film does pack some serious suspense .	positive
-lrb- cuarón has -rrb- created a substantive movie out of several cliched movie structures : the road movie , the coming-of-age movie , and the teenage sex comedy .	very positive
and second , what 's with all the shooting ?	negative
billy crystal and robert de niro sleepwalk through vulgarities in a sequel you can refuse .	negative
shrewd but pointless .	negative
the problems and characters it reveals are universal and involving , and the film itself -- as well its delightful cast -- is so breezy , pretty and gifted , it really won my heart .	very positive
proof once again that if the filmmakers just follow the books , they ca n't go wrong .	very positive
... wise and elegiac ...	very positive
though filmed partly in canada , paid in full has clever ways of capturing inner-city life during the reagan years .	positive
well-meaning to a fault , antwone fisher manages the dubious feat of turning one man 's triumph of will into everyman 's romance comedy .	neutral
... creates a visceral sense of its characters ' lives and conflicted emotions that carries it far above ... what could have been a melodramatic , lifetime channel-style anthology .	neutral
not counting a few gross-out comedies i 've been trying to forget , this is the first film in a long time that made me want to bolt the theater in the first 10 minutes .	very negative
all of the elements are in place for a great film noir , but director george hickenlooper 's approach to the material is too upbeat .	negative
the overall fabric is hypnotic , and mr. mattei fosters moments of spontaneous intimacy .	very positive
friday after next is a lot more bluster than bite .	negative
there 's no doubting that this is a highly ambitious and personal project for egoyan , but it 's also one that , next to his best work , feels clumsy and convoluted .	neutral
opera on film is never satisfactory .	negative
nicole holofcenter , the insightful writer\/director responsible for this illuminating comedy does n't wrap the proceedings up neatly but the ideas tie together beautifully .	positive
a rather average action film that benefits from several funny moments supplied by epps .	neutral
but , like silence , it 's a movie that gets under your skin .	negative
gooding and coburn are both oscar winners , a fact which , as you watch them clumsily mugging their way through snow dogs , seems inconceivable .	negative
loud , silly , stupid and pointless .	very negative
while it 's nothing we have n't seen before from murphy , i spy is still fun and enjoyable and so aggressively silly that it 's more than a worthwhile effort .	very positive
mctiernan 's remake may be lighter on its feet -- the sober-minded original was as graceful as a tap-dancing rhino -- but it is just as boring and as obvious .	negative
if you 're looking to rekindle the magic of the first film , you 'll need a stronger stomach than us .	negative
an average b-movie with no aspirations to be anything more .	negative
a film that plays things so nice 'n safe as to often play like a milquetoast movie of the week blown up for the big screen .	negative
the movie straddles the fence between escapism and social commentary , and on both sides it falls short .	negative
only masochistic moviegoers need apply .	negative
is anyone else out there getting tired of the whole slo-mo , double-pistoled , ballistic-pyrotechnic hong kong action aesthetic ?	negative
like shrek , spirit 's visual imagination reminds you of why animation is such a perfect medium for children , because of the way it allows the mind to enter and accept another world .	very positive
statham employs an accent that i think is supposed to be an attempt at hardass american but sometimes just lapses into unhidden british .	negative
a yawn-provoking little farm melodrama .	very negative
whereas the extremely competent hitman films such as pulp fiction and get shorty resonate a sardonic verve to their caustic purpose for existing , who is cletis tout ?	neutral
for all its shoot-outs , fistfights , and car chases , this movie is a phlegmatic bore , so tedious it makes the silly spy vs. spy film the sum of all fears , starring ben affleck , seem downright hitchcockian .	negative
kicks off with an inauspicious premise , mopes through a dreary tract of virtually plotless meanderings and then ends with a whimper .	negative
one of the greatest films i 've ever seen .	very positive
feels strangely hollow at its emotional core .	very negative
watching spirited away is like watching an eastern imagination explode .	neutral
it gets old quickly .	negative
feels less like a change in -lrb- herzog 's -rrb- personal policy than a half-hearted fluke .	negative
it 's not exactly worth the bucks to expend the full price for a date , but when it comes out on video , it 's well worth a rental .	neutral
like a poor man 's you can count on me	neutral
exudes the fizz of a busby berkeley musical and the visceral excitement of a sports extravaganza .	very positive
good performances keep it from being a total rehash .	positive
tsai convincingly paints a specifically urban sense of disassociation here .	positive
he thinks the film is just as much a document about him as it is about the subject .	negative
an uplifting , largely bogus story .	neutral
a canny , derivative , wildly gruesome portrait of a london sociopath who 's the scariest of sadists .	neutral
it all starts to smack of a hallmark hall of fame , with a few four letter words thrown in that are generally not heard on television .	negative
some body will take you places you have n't been , and also places you have .	positive
while van wilder may not be the worst national lampoon film , it 's far from being this generation 's animal house .	neutral
hollywood ending just is n't very funny .	negative
a jaw-droppingly beautiful work that upends nearly every cliché of japanese animation while delivering a more than satisfactory amount of carnage .	very positive
but kouyate elicits strong performances from his cast , and he delivers a powerful commentary on how governments lie , no matter who runs them .	positive
` drumline ' shows a level of young , black manhood that is funny , touching , smart and complicated .	very positive
upper teens may get cynical .	negative
it is so earnest , so overwrought and so wildly implausible that it begs to be parodied .	neutral
a flawed film but an admirable one that tries to immerse us in a world of artistic abandon and political madness and very nearly succeeds .	neutral
you have enough finely tuned acting to compensate for the movie 's failings .	neutral
the movie obviously seeks to re-create the excitement of such '50s flicks as jules verne 's ' 20,000 leagues under the sea ' and the george pal version of h.g. wells ' ` the time machine . '	neutral
i ca n't remember the last time i saw an audience laugh so much during a movie , but there 's only one problem ... it 's supposed to be a drama .	neutral
welles groupie\/scholar peter bogdanovich took a long time to do it , but he 's finally provided his own broadside at publishing giant william randolph hearst .	positive
the most brilliant and brutal uk crime film since jack carter went back to newcastle , the first half of gangster no. 1 drips with style and , at times , blood .	very positive
it might not be 1970s animation , but everything else about it is straight from the saturday morning cartoons -- a retread story , bad writing , and the same old silliness .	very negative
birthday girl lucks out with chaplin and kidman , who are capable of anteing up some movie star charisma when they need it to sell us on this twisted love story , but who can also negotiate the movie 's darker turns .	positive
stay for the credits and see a devastating comic impersonation by dustin hoffman that is revelatory .	very positive
one gets the impression the creators of do n't ask do n't tell laughed a hell of a lot at their own jokes .	neutral
it is a likable story , told with competence .	positive
a gushy episode of `` m \* a \* s \* h '' only this time from an asian perspective .	negative
bread , my sweet has so many flaws it would be easy for critics to shred it .	very negative
i believe silberling had the best intentions here , but he just does n't have the restraint to fully realize them .	neutral
the philosophical musings of the dialogue jar against the tawdry soap opera antics of the film 's action in a way that is surprisingly enjoyable .	neutral
some people want the ol' ball-and-chain and then there are those who just want the ball and chain .	neutral
a delightful romantic comedy with plenty of bite .	positive
you 'll forget about it by monday , though , and if they 're old enough to have developed some taste , so will your kids .	very negative
a good thriller .	positive
you could easily mistake it for a sketchy work-in-progress that was inexplicably rushed to the megaplexes before its time .	very negative
it 's hard to imagine any recent film , independent or otherwise , that makes as much of a mess as this one .	very negative
rumor , a muddled drama about coming to terms with death , feels impersonal , almost generic .	negative
works on the whodunit level as its larger themes get lost in the murk of its own making	negative
there 's nothing like love to give a movie a b-12 shot , and cq shimmers with it .	very positive
while not for every taste , this often very funny collegiate gross-out comedy goes a long way toward restoring the luster of the national lampoon film franchise , too long reduced to direct-to-video irrelevancy .	positive
the movie is not as terrible as the synergistic impulse that created it .	negative
the characters are based on stock clichés , and the attempt to complicate the story only defies credibility .	negative
it 's all pretty tame .	neutral
it 's petty thievery like this that puts flimsy flicks like this behind bars	very negative
... an adorably whimsical comedy that deserves more than a passing twinkle .	positive
with or without ballast tanks , k-19 sinks to a harrison ford low .	negative
mr. koshashvili is a director to watch .	very positive
about as big a crowdpleaser as they possibly come .	very positive
but on the whole , you 're gonna like this movie .	positive
we can tell what it is supposed to be , but ca n't really call it a work of art .	negative
the art direction and costumes are gorgeous and finely detailed , and kurys ' direction is clever and insightful .	very positive
there 's a bit of thematic meat on the bones of queen of the damned , as its origins in an anne rice novel dictate , but generally , it 's a movie that emphasizes style over character and substance .	neutral
the film is delicately narrated by martin landau and directed with sensitivity and skill by dana janklowicz-mann .	positive
the sequel is everything the original was not : contrived , overblown and tie-in ready .	neutral
but , for that , why not watch a documentary ?	neutral
sad nonsense , this .	negative
every note rings false .	negative
the evocative imagery and gentle , lapping rhythms of this film are infectious -- it gets under our skin and draws us in long before the plot kicks into gear .	positive
succeeds as a well-made evocation of a subculture .	positive
plunges you into a reality that is , more often then not , difficult and sad , and then , without sentimentalizing it or denying its brutality , transforms that reality into a lyrical and celebratory vision .	positive
an immensely entertaining look at some of the unsung heroes of 20th century pop music .	very positive
the action scenes have all the suspense of a 20-car pileup , while the plot holes are big enough for a train car to drive through -- if kaos had n't blown them all up .	very negative
howard conjures the past via surrealist flourishes so overwrought you 'd swear he just stepped out of a buñuel retrospective .	positive
eisenstein lacks considerable brio for a film about one of cinema 's directorial giants .	negative
it 's difficult to discern if this is a crazy work of disturbed genius or merely 90 minutes of post-adolescent electra rebellion .	neutral
even if you do n't know the band or the album 's songs by heart , you will enjoy seeing how both evolve , and you will also learn a good deal about the state of the music business in the 21st century .	positive
inherently caustic and oddly whimsical , the film chimes in on the grieving process and strangely draws the audience into the unexplainable pain and eccentricities that are attached to the concept of loss .	positive
like being able to hit on a 15-year old when you 're over 100 .	negative
it 's better than the phantom menace .	positive
an effortlessly accomplished and richly resonant work .	very positive
broomfield is energized by volletta wallace 's maternal fury , her fearlessness , and because of that , his film crackles .	very positive
a fiercely clever and subtle film , capturing the precarious balance between the extravagant confidence of the exiled aristocracy and the cruel earnestness of the victorious revolutionaries .	very positive
davis has energy , but she does n't bother to make her heroine 's book sound convincing , the gender-war ideas original , or the comic scenes fly .	neutral
the images are usually abbreviated in favor of mushy obviousness and telegraphed pathos , particularly where whitaker 's misfit artist is concerned .	neutral
this kind of hands-on storytelling is ultimately what makes shanghai ghetto move beyond a good , dry , reliable textbook and what allows it to rank with its worthy predecessors .	positive
formulaic to the 51st power , more like .	negative
when your subject is illusion versus reality , should n't the reality seem at least passably real ?	negative
a preposterously melodramatic paean to gang-member teens in brooklyn circa 1958 .	neutral
eckstraordinarily lame and severely boring .	neutral
the results are far more alienating than involving .	negative
these characters become wearisome .	negative
it finds its moviegoing pleasures in the tiny events that could make a person who has lived her life half-asleep suddenly wake up and take notice .	positive
a good-looking but ultimately pointless political thriller with plenty of action and almost no substance .	neutral
i could have used my two hours better watching being john malkovich again .	negative
comes across as a relic from a bygone era , and its convolutions ... feel silly rather than plausible .	very negative
the movie is as padded as allen 's jelly belly .	negative
the story is bogus and its characters tissue-thin .	very negative
this is a nervy , risky film , and villeneuve has inspired croze to give herself over completely to the tormented persona of bibi .	neutral
an easy watch , except for the annoying demeanour of its lead character .	neutral
more busy than exciting , more frantic than involving , more chaotic than entertaining .	negative
although ... visually striking and slickly staged , it 's also cold , grey , antiseptic and emotionally desiccated .	negative
though in some ways similar to catherine breillat 's fat girl , rain is the far superior film .	very positive
you leave feeling like you 've endured a long workout without your pulse ever racing .	negative
one-sided documentary offers simplistic explanations to a very complex situation .	negative
instead , it 'll only put you to sleep .	very negative
the only way to tolerate this insipid , brutally clueless film might be with a large dose of painkillers .	very negative
a sensitive and astute first feature by anne-sophie birot .	positive
the comedy is nonexistent .	very negative
a real winner -- smart , funny , subtle , and resonant .	very positive
... comes alive only when it switches gears to the sentimental .	negative
an instance of an old dog not only learning but inventing a remarkable new trick .	positive
romantic , riveting and handsomely animated .	very positive
try as you might to scrutinize the ethics of kaufman 's approach , somehow it all comes together to create a very compelling , sensitive , intelligent and almost cohesive piece of film entertainment .	very positive
every once in a while , a movie will come along that turns me into that annoying specimen of humanity that i usually dread encountering the most - the fanboy	positive
with not a lot of help from the screenplay -lrb- proficient , but singularly cursory -rrb- , -lrb- testud -rrb- acts with the feral intensity of the young bette davis .	neutral
spreads itself too thin , leaving these actors , as well as the members of the commune , short of profound characterizations	very negative
the acting , for the most part , is terrific , although the actors must struggle with the fact that they 're playing characters who sometimes feel more like literary conceits than flesh-and-blood humans .	positive
-lrb- less a movie than -rrb- an appalling , odoriferous thing ... so rotten in almost every single facet of production that you 'll want to crawl up your own \*\*\* in embarrassment .	very negative
funny and touching .	positive
an awkward hybrid of genres that just does n't work .	negative
affirms the gifts of all involved , starting with spielberg and going right through the ranks of the players -- on-camera and off -- that he brings together .	positive
less worrying about covering all the drama in frida 's life and more time spent exploring her process of turning pain into art would have made this a superior movie .	neutral
a fifty car pileup of cliches .	very negative
will warm your heart without making you feel guilty about it .	very positive
one of the most unpleasant things the studio has ever produced .	very negative
a glib but bouncy bit of sixties-style slickness in which the hero might wind up caught but the audience gets pure escapism .	positive
this one is not nearly as dreadful as expected .	positive
the result is a powerful , naturally dramatic piece of low-budget filmmaking .	very positive
as a science fiction movie , `` minority report '' astounds .	very positive
does n't deliver a great story , nor is the action as gripping as in past seagal films .	negative
chilling in its objective portrait of dreary , lost twenty-first century america .	positive
it does give you a peek .	neutral
the auteur 's ear for the way fears and slights are telegraphed in the most blithe exchanges gives the film its lingering tug .	positive
a rehash of every gangster movie from the past decade .	negative
shattering , devastating documentary on two maladjusted teens in a downward narcotized spiral .	positive
the somber pacing and lack of dramatic fireworks make green dragon seem more like medicine than entertainment .	very negative
below is well below expectations .	very negative
a generic international version of a typical american horror film .	negative
includes too much obvious padding .	negative
at just over an hour , home movie will leave you wanting more , not to mention leaving you with some laughs and a smile on your face .	very positive
the movie 's ultimate point -- that everyone should be themselves -- is trite , but the screenwriter and director michel gondry restate it to the point of ridiculousness .	very negative
a fine documentary can be distinguished from a mediocre one by the better film 's ability to make its subject interesting to those who are n't part of its supposed target audience .	positive
dong shows how intolerance has the power to deform families , then tear them apart .	neutral
in the wake of saving private ryan , black hawk down and we were soldiers , you are likely to be as heartily sick of mayhem as cage 's war-weary marine .	negative
peppered with witty dialogue and inventive moments .	very positive
-- is a crime that should be punishable by chainsaw .	negative
whether or not you 're enlightened by any of derrida 's lectures on `` the other '' and `` the self , '' derrida is an undeniably fascinating and playful fellow .	very positive
the people in jessica are so recognizable and true that , as in real life , we 're never sure how things will work out .	positive
parents may even find that it goes by quickly , because it has some of the funniest jokes of any movie this year , including those intended for adults .	very positive
a good music documentary , probably one of the best since the last waltz .	very positive
-lrb- gulpilil -rrb- is a commanding screen presence , and his character 's abundant humanism makes him the film 's moral compass .	positive
as social exposé , skins has its heart in the right place , but that 's not much to hang a soap opera on .	neutral
the screenplay never lets us forget that bourne was once an amoral assassin just like the ones who are pursuing him ... there is never really a true `` us '' versus `` them '' .	positive
an interesting look behind the scenes of chicago-based rock group wilco ...	positive
interesting , but not compelling .	neutral
the sword fighting is well done and auteuil is a goofy pleasure .	positive
the only thing scary about feardotcom is that the filmmakers and studio are brazen enough to attempt to pass this stinker off as a scary movie .	very negative
munch 's screenplay is tenderly observant of his characters .	positive
it has the requisite faux-urban vibe and hotter-two-years-ago rap and r&b names and references .	negative
the country bears wastes an exceptionally good idea .	very negative
a film of epic scale with an intimate feeling , a saga of the ups and downs of friendships .	positive
the movie would seem less of a trifle if ms. sugarman followed through on her defiance of the saccharine .	negative
mention `` solaris '' five years from now and i 'm sure those who saw it will have an opinion to share .	positive
that ` alabama ' manages to be pleasant in spite of its predictability and occasional slowness is due primarily to the perkiness of witherspoon -lrb- who is always a joy to watch , even when her material is not first-rate -rrb- ...	positive
the reason to see `` sade '' lay with the chemistry and complex relationship between the marquis -lrb- auteil -rrb- and emilie -lrb- le besco -rrb- .	neutral
pacino is the best he 's been in years and keener is marvelous .	very positive
a frankenstein mishmash that careens from dark satire to cartoonish slapstick , bartleby performs neither one very well .	neutral
as happily glib and vicious as its characters .	neutral
... has its moments , but ultimately , its curmudgeon does n't quite make the cut of being placed on any list of favorites .	neutral
much of the cast is stiff or just plain bad .	negative
overall , interesting as a documentary -- but not very imaxy .	neutral
it 's excessively quirky and a little underconfident in its delivery , but otherwise this is the best ` old neighborhood ' project since christopher walken kinda romanced cyndi lauper in the opportunists .	positive
what puzzles me is the lack of emphasis on music in britney spears ' first movie .	neutral
busy urban comedy is clearly not zhang 's forte , his directorial touch is neither light nor magical enough to bring off this kind of whimsy .	negative
imagine the cleanflicks version of ` love story , ' with ali macgraw 's profanities replaced by romance-novel platitudes .	negative
the movie 's gloomy atmosphere is fascinating , though , even if the movie itself does n't stand a ghost of a chance .	neutral
extremely well acted by the four primary actors , this is a seriously intended movie that is not easily forgotten .	very positive
bound to appeal to women looking for a howlingly trashy time .	positive
a perfectly respectable , perfectly inoffensive , easily forgettable film .	neutral
ms. hutchins is talented enough and charismatic enough to make us care about zelda 's ultimate fate .	very positive
such a fine idea for a film , and such a stultifying , lifeless execution .	negative
return to neverland manages to straddle the line between another classic for the company and just another run-of-the-mill disney sequel intended for the home video market .	negative
writer-director david jacobson and his star , jeremy renner , have made a remarkable film that explores the monster 's psychology not in order to excuse him but rather to demonstrate that his pathology evolved from human impulses that grew hideously twisted .	very positive
holds limited appeal to those who like explosions , sadism and seeing people beat each other to a pulp .	neutral
drama of temptation , salvation and good intentions is a thoughtful examination of faith , love and power .	positive
oddly compelling .	positive
feels at times like a giant commercial for universal studios , where much of the action takes place .	very negative
a small fortune in salaries and stunt cars might have been saved if the director , tom dey , had spliced together bits and pieces of midnight run and 48 hours -lrb- and , for that matter , shrek -rrb- .	negative
alas , another breathless movie about same !	neutral
strange , funny , twisted , brilliant and macabre .	very positive
shanghai ghetto , much stranger than any fiction , brings this unknown slice of history affectingly to life .	positive
a movie that will thrill you , touch you and make you laugh as well .	positive
though overall an overwhelmingly positive portrayal , the film does n't ignore the more problematic aspects of brown 's life .	positive
the film is so busy making reference to other films and trying to be other films that it fails to have a heart , mind or humor of its own .	very negative
cool gadgets and creatures keep this fresh .	very positive
this is very much of a mixed bag , with enough negatives to outweigh the positives .	negative
ringu is a disaster of a story , full of holes and completely lacking in chills .	very negative
while maintaining the appearance of clinical objectivity , this sad , occasionally horrifying but often inspiring film is among wiseman 's warmest .	very positive
but it would be better to wait for the video .	negative
dreary tale of middle-class angst	negative
though the aboriginal aspect lends the ending an extraordinary poignancy , and the story itself could be played out in any working class community in the nation .	positive
the byplay and bickering between the now spy-savvy siblings , carmen -lrb- vega -rrb- and juni -lrb- sabara -rrb- cortez , anchor the film in a very real and amusing give-and-take .	very positive
it 's sweet , funny , charming , and completely delightful .	very positive
seen in that light , moonlight mile should strike a nerve in many .	positive
to the filmmakers , ivan is a prince of a fellow , but he comes across as shallow and glib though not mean-spirited , and there 's no indication that he 's been responsible for putting together any movies of particular value or merit .	negative
the movie 's something-borrowed construction feels less the product of loving , well integrated homage and more like a mere excuse for the wan , thinly sketched story .	negative
none of birthday girl 's calculated events take us by surprise ...	negative
there are many definitions of ` time waster ' but this movie must surely be one of them .	very negative
i can easily imagine benigni 's pinocchio becoming a christmas perennial .	very positive
this is rote drivel aimed at mom and dad 's wallet .	negative
k 19 stays afloat as decent drama\/action flick	positive
what more can be expected from a college comedy that 's target audience has n't graduated from junior high school ?	very negative
it 's quite diverting nonsense .	negative
aggravating and tedious .	very negative
i 'm sorry to say that this should seal the deal - arnold is not , nor will he be , back .	negative
a bittersweet drama about the limbo of grief and how truth-telling can open the door to liberation .	positive
formula 51 has dulled your senses faster and deeper than any recreational drug on the market .	neutral
more precious than perspicacious	positive
kurys never shows why , of all the period 's volatile romantic lives , sand and musset are worth particular attention .	neutral
rarely does such high-profile talent serve such literate material .	positive
a moving picture that does not move .	negative
this ludicrous film is predictable at every turn .	very negative
just another combination of bad animation and mindless violence ... lacking the slightest bit of wit or charm .	very negative
-lrb- fiji diver rusi vulakoro and the married couple howard and michelle hall -rrb- show us the world they love and make us love it , too .	very positive
were it not for a sentimental resolution that explains way more about cal than does the movie or the character any good , freundlich 's world traveler might have been one of the more daring and surprising american movies of the year .	neutral
a fanciful drama about napoleon 's last years and his surprising discovery of love and humility .	very positive
the superior plotline is n't quite enough to drag along the dead -lrb- water -rrb- weight of the other .	negative
... enthusiastically invokes the percussion rhythm , the brass soul and the sense of fierce competition that helps make great marching bands half the fun of college football games .	positive
spy kids 2 also happens to be that rarity among sequels : it actually improves upon the original hit movie .	very positive
speaks eloquently about the symbiotic relationship between art and life .	very positive
benigni 's pinocchio is extremely straight and mind-numbingly stilted , its episodic pacing keeping the film from developing any storytelling flow .	neutral
audiard successfully maintains suspense on different levels throughout a film that is both gripping and compelling .	very positive
an unsettling , memorable cinematic experience that does its predecessors proud .	very positive
its almost too-spectacular coastal setting distracts slightly from an eccentric and good-naturedly aimless story .	positive
a compassionate , moving portrait of an american -lrb- and an america -rrb- always reaching for something just outside his grasp .	very positive
-lrb- stephen -rrb- earnhart 's film is more about the optimism of a group of people who are struggling to give themselves a better lot in life than the ones they currently have .	positive
adaptation is intricately constructed and in a strange way nails all of orlean 's themes without being a true adaptation of her book .	positive
if you want a movie time trip , the 1960 version is a far smoother ride .	negative
an older cad instructs a younger lad in zen and the art of getting laid in this prickly indie comedy of manners and misanthropy .	positive
director-chef gabriele muccino keeps it fast -- zippy , comin ' at ya -- as if fearing that his film is molto superficiale .	neutral
with amazing finesse , the film shadows heidi 's trip back to vietnam and the city where her mother , mai thi kim , still lives .	positive
an occasionally interesting but mostly repetitive look at a slice of counterculture that might be best forgotten .	negative
does what should seem impossible : it makes serial killer jeffrey dahmer boring .	neutral
it 's an 88-minute highlight reel that 's 86 minutes too long .	very negative
a respectable but uninspired thriller that 's intelligent and considered in its details , but ultimately weak in its impact .	neutral
-lrb- jeff 's -rrb- gorgeous , fluid compositions , underlined by neil finn and edmund mcwilliams 's melancholy music , are charged with metaphor , but rarely easy , obvious or self-indulgent .	positive
one of the pleasures in walter 's documentary ... is the parade of veteran painters , confounded dealers , and miscellaneous bohos who expound upon the subject 's mysterious personality without ever explaining him .	neutral
it 's a smart , solid , kinetically-charged spy flick worthy of a couple hours of summertime and a bucket of popcorn .	very positive
a violent initiation rite for the audience , as much as it is for angelique , the -lrb- opening -rrb- dance guarantees karmen 's enthronement among the cinema 's memorable women .	neutral
the film is predictable in the reassuring manner of a beautifully sung holiday carol .	positive
the heat of the moment prevails .	positive
a beautifully tooled action thriller about love and terrorism in korea .	very positive
return to never land is much more p.c. than the original version -lrb- no more racist portraits of indians , for instance -rrb- , but the excitement is missing .	negative
the sight of the name bruce willis brings to mind images of a violent battlefield action picture , but the film has a lot more on its mind -- maybe too much .	neutral
the only thing `` swept away '' is the one hour and thirty-three minutes spent watching this waste of time .	very negative
the banter between calvin and his fellow barbers feels like a streetwise mclaughlin group ... and never fails to entertain .	positive
while the importance of being earnest offers opportunities for occasional smiles and chuckles , it does n't give us a reason to be in the theater beyond wilde 's wit and the actors ' performances .	negative
indeed , none of these words really gets at the very special type of badness that is deuces wild .	neutral
contrived , awkward and filled with unintended laughs , the film shows signs that someone other than the director got into the editing room and tried to improve things by making the movie go faster .	very negative
amid the cliché and foreshadowing , cage manages a degree of casual realism ... that is routinely dynamited by blethyn .	neutral
broomfield reminds us that beneath the hype , the celebrity , the high life , the conspiracies and the mystery there were once a couple of bright young men -- promising , talented , charismatic and tragically doomed .	positive
offers a persuasive look at a defeated but defiant nation in flux .	positive
jolting into charleston rhythms , the story has the sizzle of old news that has finally found the right vent -lrb- accurate ?	neutral
muccino seems to be exploring the idea of why human beings long for what they do n't have , and how this gets us in trouble .	positive
this picture is mostly a lump of run-of-the-mill profanity sprinkled with a few remarks so geared toward engendering audience sympathy that you might think he was running for office -- or trying to win over a probation officer .	negative
my wife is an actress has its moments in looking at the comic effects of jealousy .	very positive
a riveting documentary .	very positive
while i ca n't say it 's on par with the first one , stuart little 2 is a light , fun cheese puff of a movie .	positive
so boring that even its target audience talked all the way through it .	very negative
sad to say -- it accurately reflects the rage and alienation that fuels the self-destructiveness of many young people .	positive
it 's neither as sappy as big daddy nor as anarchic as happy gilmore or the waterboy , but it has its moments .	positive
great character interaction .	very positive
louiso lets the movie dawdle in classic disaffected-indie-film mode , and brother hoffman 's script stumbles over a late-inning twist that just does n't make sense .	negative
even bigger and more ambitious than the first installment , spy kids 2 looks as if it were made by a highly gifted 12-year-old instead of a grown man .	negative
a meatier deeper beginning and\/or ending would have easily tipped this film into the `` a '' range , as is , it 's a very very strong `` b + . ''	positive
twist open the ouzo !	neutral
the biggest problem with this movie is that it 's not nearly long enough .	neutral
funny in a sick , twisted sort of way .	positive
trapped wo n't score points for political correctness , but it may cause parents a few sleepless hours -- a sign of its effectiveness .	positive
nicks refuses to let slackers be seen as just another teen movie , which means he can be forgiven for frequently pandering to fans of the gross-out comedy .	positive
but though he only scratches the surface , at least he provides a strong itch to explore more .	positive
it 's dark and tragic , and lets the business of the greedy talent agents get in the way of saying something meaningful about facing death	neutral
there are few things more frustrating to a film buff than seeing an otherwise good movie marred beyond redemption by a disastrous ending .	negative
the film lapses too often into sugary sentiment and withholds delivery on the pell-mell pyrotechnics its punchy style promises .	negative
the rock has a great presence but one battle after another is not the same as one battle followed by killer cgi effects .	neutral
birthday girl walks a tricky tightrope between being wickedly funny and just plain wicked .	very positive
potty-mouthed enough for pg-13 , yet not as hilariously raunchy as south park , this strangely schizo cartoon seems suited neither to kids or adults .	negative
does n't add up to much .	very negative
while it is welcome to see a chinese film depict a homosexual relationship in a mature and frank fashion , lan yu never catches dramatic fire .	negative
the movie is silly beyond comprehension , and even if it were n't silly , it would still be beyond comprehension .	very negative
... is there a deeper , more direct connection between these women , one that spans time and reveals meaning ?	neutral
despite its flaws , crazy as hell marks an encouraging new direction for la salle .	positive
this film is too busy hitting all of its assigned marks to take on any life of its own .	negative
one of the most plain , unimaginative romantic comedies i 've ever seen .	negative
it 's tough to watch , but it 's a fantastic movie .	very positive
the movie is well crafted , and well executed .	very positive
it all comes down to whether you can tolerate leon barlow .	negative
90 punitive minutes of eardrum-dicing gunplay , screeching-metal smashups , and flaccid odd-couple sniping .	very negative
moore provides an invaluable service by sparking debate and encouraging thought .	very positive
perhaps not since nelson eddy crooned his indian love call to jeanette macdonald has there been a movie so unabashedly canadian , not afraid to risk american scorn or disinterest .	neutral
a big fat pain .	negative
this is a movie filled with unlikable , spiteful idiots ; whether or not their friendship is salvaged makes no difference in the least .	very negative
as giddy and whimsical and relevant today as it was 270 years ago .	very positive
-lrb- javier bardem is -rrb- one of the few reasons to watch the film , which director gerardo vera has drenched in swoony music and fever-pitched melodrama .	neutral
while some will object to the idea of a vietnam picture with such a rah-rah , patriotic tone , soldiers ultimately achieves its main strategic objective : dramatizing the human cost of the conflict that came to define a generation .	negative
it 's a pedestrian , flat drama that screams out ` amateur ' in almost every frame .	negative
hip-hop rarely comes alive as its own fire-breathing entity in this picture .	negative
parts seem like they were lifted from terry gilliam 's subconscious , pressed through kafka 's meat grinder and into buñuel 's casings	positive
it uses some of the figures from the real-life story to portray themselves in the film .	positive
for casual moviegoers who stumble into rules expecting a slice of american pie hijinks starring the kid from dawson 's creek , they 'll probably run out screaming .	negative
with elements cribbed from lang 's metropolis , welles ' kane , and eisenstein 's potemkin , the true wonder of rintarô 's metropolis is the number of lasting images all its own .	neutral
even with harris 's strong effort , the script gives him little to effectively probe lear 's soul-stripping breakdown .	neutral
it could have been something special , but two things drag it down to mediocrity -- director clare peploe 's misunderstanding of marivaux 's rhythms , and mira sorvino 's limitations as a classical actress .	very negative
affable if not timeless , like mike raises some worthwhile themes while delivering a wholesome fantasy for kids .	positive
slap her - she 's not funny !	negative
everything 's serious , poetic , earnest and -- sadly -- dull .	negative
see clockstoppers if you have nothing better to do with 94 minutes .	negative
nor is it a romantic comedy .	neutral
if you 're not fans of the adventues of steve and terri , you should avoid this like the dreaded king brown snake .	negative
a psychic journey deep into the very fabric of iranian ... life .	positive
performances are potent , and the women 's stories are ably intercut and involving .	neutral
an incredibly thoughtful , deeply meditative picture that neatly and effectively captures the debilitating grief felt in the immediate aftermath of the terrorist attacks .	positive
love liza is a festival film that would have been better off staying on the festival circuit .	negative
this is an extraordinary film , not least because it is japanese and yet feels universal .	very positive
gaghan ... has thrown every suspenseful cliché in the book at this nonsensical story .	negative
deuces wild is an encyclopedia of cliches that shoplifts shamelessly from farewell-to-innocence movies like the wanderers and a bronx tale without cribbing any of their intelligence .	negative
it 's still terrible !	very negative
it 's in the action scenes that things fall apart .	negative
if ayurveda can help us return to a sane regimen of eating , sleeping and stress-reducing contemplation , it is clearly a good thing .	positive
you wo n't exactly know what 's happening but you 'll be blissfully exhausted .	neutral
will certainly appeal to asian cult cinema fans and asiaphiles interested to see what all the fuss is about .	positive
they 're just a couple of cops in copmovieland , these two , but in narc , they find new routes through a familiar neighborhood .	positive
while dutifully pulling on heartstrings , directors dean deblois and chris sanders valiantly keep punching up the mix .	positive
the good is very , very good ... the rest runs from mildly unimpressive to despairingly awful .	neutral
davis is funny , charming and quirky in her feature film acting debut as amy .	positive
hey arnold !	neutral
in period costume and with a bigger budget .	neutral
heartwarming and gently comic even as the film breaks your heart .	positive
scherfig , the writer-director , has made a film so unabashedly hopeful that it actually makes the heart soar .	very positive
barry convinces us he 's a dangerous , secretly unhinged guy who could easily have killed a president because it made him feel powerful .	very positive
an unsuccessful attempt at a movie of ideas .	negative
this strenuously unfunny showtime deserves the hook .	very negative
stands as one of the year 's most intriguing movie experiences , letting its imagery speak for it while it forces you to ponder anew what a movie can be .	very positive
this story of unrequited love does n't sustain interest beyond the first half-hour .	negative
it 's a stale , overused cocktail using the same olives since 1962 as garnish .	very negative
though haynes ' style apes films from the period ... its message is not rooted in that decade .	neutral
in imax in short , it 's just as wonderful on the big screen .	very positive
made-up lampoons the moviemaking process itself , while shining a not particularly flattering spotlight on america 's skin-deep notions of pulchritude .	neutral
sex ironically has little to do with the story , which becomes something about how lame it is to try and evade your responsibilities and that you should never , ever , leave a large dog alone with a toddler .	negative
i 'd watch these two together again in a new york minute .	very positive
it 's a film that 's destined to win a wide summer audience through word-of-mouth reviews and , not far down the line , to find a place among the studio 's animated classics .	positive
a behind the scenes look at the training and dedication that goes into becoming a world-class fencer and the champion that 's made a difference to nyc inner-city youth .	neutral
continually challenges perceptions of guilt and innocence , of good guys and bad , and asks us whether a noble end can justify evil means .	positive
this is so de palma .	neutral
it 's an often-cute film but either needs more substance to fill the time or some judicious editing .	neutral
he 's a better actor than a standup comedian .	positive
a savage john waters-like humor that dances on the edge of tastelessness without ever quite falling over .	neutral
so beautifully acted and directed , it 's clear that washington most certainly has a new career ahead of him if he so chooses .	very positive
he 's just a sad aristocrat in tattered finery , and the film seems as deflated as he does .	negative
insomnia is one of the year 's best films and pacino gives one of his most daring , and complicated , performances .	very positive
it 's so badly made on every level that i 'm actually having a hard time believing people were paid to make it .	very negative
while not quite `` shrek '' or `` monsters , inc. '' , it 's not too bad .	positive
a slight but sweet film .	positive
my only wish is that celebi could take me back to a time before i saw this movie and i could just skip it .	very negative
proof of this is ballistic : ecks vs. sever .	neutral
one of these days hollywood will come up with an original idea for a teen movie , but until then there 's always these rehashes to feed to the younger generations .	negative
an appalling ` ace ventura ' rip-off that somehow manages to bring together kevin pollak , former wrestler chyna and dolly parton .	very negative
a smart , arch and rather cold-blooded comedy .	positive
it finds no way to entertain or inspire its viewers .	negative
a powerful , chilling , and affecting study of one man 's dying fall .	very positive
the innocence of holiday cheer ai n't what it used to be .	neutral
the satire is unfocused , while the story goes nowhere .	very negative
the son of the bride 's humour is born out of an engaging storyline , which also is n't embarrassed to make you reach for the tissues .	very positive
traffics in the kind of prechewed racial clichés that have already been through the corporate stand-up-comedy mill .	neutral
you 'd think by now america would have had enough of plucky british eccentrics with hearts of gold .	neutral
an uneasy mix of run-of-the-mill raunchy humor and seemingly sincere personal reflection .	negative
an uplifting , near-masterpiece .	very positive
the film 's hero is a bore and his innocence soon becomes a questionable kind of inexcusable dumb innocence .	negative
unlike lots of hollywood fluff , this has layered , well-developed characters and some surprises .	positive
go .	neutral
in his role of observer of the scene , lawrence sounds whiny and defensive , as if his life-altering experiences made him bitter and less mature .	negative
boasts eye-catching art direction but has a forcefully quirky tone that quickly wears out its limited welcome .	negative
pete 's screenplay manages to find that real natural , even-flowing tone that few movies are able to accomplish .	very positive
exploitative and largely devoid of the depth or sophistication that would make watching such a graphic treatment of the crimes bearable .	negative
the humor and humanity of monsoon wedding are in perfect balance .	positive
the gorgeously elaborate continuation of `` the lord of the rings '' trilogy is so huge that a column of words can not adequately describe co-writer\/director peter jackson 's expanded vision of j.r.r. tolkien 's middle-earth .	very positive
to paraphrase a line from another dickens ' novel , nicholas nickleby is too much like a fragment of an underdone potato .	very negative
he 's worked too hard on this movie .	neutral
lacks depth .	negative
i 'll put it this way : if you 're in the mood for a melodrama narrated by talking fish , this is the movie for you .	neutral
it 's as if solondz had two ideas for two movies , could n't really figure out how to flesh either out , so he just slopped ` em together here .	negative
in the end , tuck everlasting falls victim to that everlasting conundrum experienced by every human who ever lived : too much to do , too little time to do it in .	negative
this slight premise ... works because of the ideal casting of the masterful british actor ian holm as the aged napoleon .	positive
rarely has sex on screen been so aggressively anti-erotic .	very negative
straightforward and old-fashioned in the best possible senses of both those words , possession is a movie that puts itself squarely in the service of the lovers who inhabit it .	positive
though the story ... is hackneyed , the characters have a freshness and modesty that transcends their predicament .	positive
for all the complications , it 's all surprisingly predictable .	neutral
she 's not yet an actress , not quite a singer ...	neutral
it 's light on the chills and heavy on the atmospheric weirdness , and there are moments of jaw-droppingly odd behavior -- yet i found it weirdly appealing .	positive
the first tunisian film i have ever seen , and it 's also probably the most good-hearted yet sensual entertainment i 'm likely to see all year .	very positive
yo , it 's the days of our lives meets electric boogaloo .	neutral
anybody who enjoys quirky , fun , popcorn movies with a touch of silliness and a little bloodshed .	positive
as the dominant christine , sylvie testud is icily brilliant .	positive
the makers of mothman prophecies succeed in producing that most frightening of all movies -- a mediocre horror film too bad to be good and too good to be bad .	negative
-lrb- a -rrb- devastatingly powerful and astonishingly vivid holocaust drama .	very positive
dogtown & z-boys evokes the blithe rebel fantasy with the kind of insouciance embedded in the sexy demise of james dean .	positive
die another day is only intermittently entertaining but it 's hard not to be a sucker for its charms , or perhaps it 's just impossible not to feel nostalgia for movies you grew up with .	neutral
it works well enough , since the thrills pop up frequently , and the dispatching of the cast is as often imaginative as it is gory .	positive
-lrb- hayek -rrb- throws herself into this dream hispanic role with a teeth-clenching gusto , she strikes a potent chemistry with molina and she gradually makes us believe she is kahlo .	very positive
the film 's needlessly opaque intro takes its doe-eyed crudup out of pre-9 \/ 11 new york and onto a cross-country road trip of the homeric kind .	negative
there are things to like about murder by numbers -- but , in the end , the disparate elements do n't gel .	neutral
the biggest problem with satin rouge is lilia herself .	negative
the thought of watching this film with an audience full of teenagers fixating on its body humour and reinforcement of stereotypes -lrb- of which they 'll get plenty -rrb- fills me with revulsion .	very negative
captivates and shows how a skillful filmmaker can impart a message without bludgeoning the audience over the head .	very positive
jaglom offers the none-too-original premise that everyone involved with moviemaking is a con artist and a liar .	negative
contrived , maudlin and cliche-ridden ... if this sappy script was the best the contest received , those rejected must have been astronomically bad .	very negative
one suspects that craven endorses they simply because this movie makes his own look much better by comparison .	negative
the film 's final hour , where nearly all the previous unseen material resides , is unconvincing soap opera that tornatore was right to cut .	negative
like its bizarre heroine , it irrigates our souls .	positive
to be more engaging on an emotional level , funnier , and on the whole less detached .	neutral
savvy director robert j. siegel and his co-writers keep the story subtle and us in suspense .	positive
puts on airs of a hal hartley wannabe film -- without the vital comic ingredient of the hilarious writer-director himself .	negative
... best seen as speculative history , as much an exploration of the paranoid impulse as a creative sequel to the warren report .	neutral
the appeal of the vulgar , sexist , racist humour went over my head or -- considering just how low brow it is -- perhaps it snuck under my feet .	very negative
has the disjointed feel of a bunch of strung-together tv episodes .	very negative
while broomfield 's film does n't capture the effect of these tragic deaths on hip-hop culture , it succeeds as a powerful look at a failure of our justice system .	positive
some movies blend together as they become distant memories .	neutral
what ` dumb and dumber ' would have been without the vulgarity and with an intelligent , life-affirming script .	neutral
completely creatively stillborn and executed in a manner that i 'm not sure could be a single iota worse ... a soulless hunk of exploitative garbage .	very negative
... a vivid , thoughtful , unapologetically raw coming-of-age tale full of sex , drugs and rock 'n' roll .	very positive
a treat for its depiction on not giving up on dreams when you 're a struggling nobody .	positive
what you end up getting is the vertical limit of surfing movies - memorable stunts with lots of downtime in between .	neutral
it 's fitting that a movie as artificial and soulless as the country bears owes its genesis to an animatronic display at disneyland .	very negative
we do n't get paid enough to sit through crap like this .	very negative
feels like a cold old man going through the motions .	negative
both an admirable reconstruction of terrible events , and a fitting memorial to the dead of that day , and of the thousands thereafter .	positive
bravado kathy !	positive
occasionally interesting but essentially unpersuasive , a footnote to a still evolving story .	neutral
a crude teen-oriented variation on a theme that the playwright craig lucas explored with infinitely more grace and eloquence in his prelude to a kiss .	neutral
it 's the movie equivalent of a sweaty old guy in a rain coat shopping for cheap porn .	neutral
execrable .	very negative
-lrb- seagal 's -rrb- strenuous attempt at a change in expression could very well clinch him this year 's razzie .	negative
thoroughly awful .	very negative
the production values are of the highest and the performances attractive without being memorable .	positive
starts as a tart little lemon drop of a movie and ends up as a bitter pill .	negative
entertaining despite its one-joke premise with the thesis that women from venus and men from mars can indeed get together .	neutral
despite besson 's high-profile name being wasabi 's big selling point , there is no doubt that krawczyk deserves a huge amount of the credit for the film 's thoroughly winning tone .	positive
often lingers just as long on the irrelevant as on the engaging , which gradually turns what time is it there ?	negative
a sensitive , moving , brilliantly constructed work .	very positive
perhaps the most annoying thing about who is cletis tout ?	neutral
not exaggerated enough to be a parody of gross-out flicks , college flicks , or even flicks in general .	negative
a high-minded snoozer .	negative
the wonderful combination of the sweetness and the extraordinary technical accomplishments of the first film are maintained , but its overall impact falls a little flat with a storyline that never quite delivers the original magic .	neutral
bring on the sequel .	positive
judging by those standards , ` scratch ' is a pretty decent little documentary .	positive
a movie like the guys is why film criticism can be considered work .	negative
pc stability notwithstanding , the film suffers from a simplistic narrative and a pat , fairy-tale conclusion .	negative
although tender and touching , the movie would have benefited from a little more dramatic tension and some more editing .	neutral
an often watchable , though goofy and lurid , blast of a costume drama set in the late 15th century .	positive
check your brain and your secret agent decoder ring at the door because you do n't want to think too much about what 's going on .	negative
a seriocomic debut of extravagant promise by georgian-israeli director dover kosashvili .	positive
as saccharine as it is disposable .	negative
the film becomes an overwhelming pleasure , and you find yourself rooting for gai 's character to avoid the fate that has befallen every other carmen before her .	positive
matters play out realistically if not always fairly .	positive
as lively an account as seinfeld is deadpan .	negative
it may not be a great piece of filmmaking , but its power comes from its soul 's - eye view of how well-meaning patronizing masked a social injustice , at least as represented by this case .	positive
the only thing that distinguishes a randall wallace film from any other is the fact that there is nothing distinguishing in a randall wallace film .	very negative
is clever enough , though thin writing proves its undoing .	neutral
contains all the substance of a twinkie -- easy to swallow , but scarcely nourishing .	negative
cremaster 3 is at once a tough pill to swallow and a minor miracle of self-expression .	positive
ver wiel 's desperate attempt at wit is lost , leaving the character of critical jim two-dimensional and pointless .	negative
instead of hitting the audience over the head with a moral , schrader relies on subtle ironies and visual devices to convey point of view .	positive
a sustained fest of self-congratulation between actor and director that leaves scant place for the viewer .	negative
a lame romantic comedy about an unsympathetic character and someone who would not likely be so stupid as to get involved with her .	very negative
a much more successful translation than its most famous previous film adaptation , writer-director anthony friedman 's similarly updated 1970 british production .	positive
hugh grant 's act is so consuming that sometimes it 's difficult to tell who the other actors in the movie are .	positive
mendes still does n't quite know how to fill a frame .	negative
but darned if it does n't also keep us riveted to our seats .	very positive
such an incomprehensible mess that it feels less like bad cinema than like being stuck in a dark pit having a nightmare about bad cinema .	very negative
the message is that even the most unlikely can link together to conquer all kinds of obstacles , whether they be of nature , of man or of one another .	neutral
if you do n't laugh , flee .	neutral
there 's too much forced drama in this wildly uneven movie , about a young man 's battle with his inescapable past and uncertain future in a very shapable but largely unfulfilling present .	very negative
to call this film a lump of coal would only be to flatter it .	very negative
all of the filmmakers ' calculations ca n't rescue brown sugar from the curse of blandness .	very negative
intriguing and stylish .	very positive
a few nonbelievers may rethink their attitudes when they see the joy the characters take in this creed , but skeptics are n't likely to enter the theater .	positive
mostly , shafer and co-writer gregory hinton lack a strong-minded viewpoint , or a sense of humor .	negative
it should be interesting , it should be poignant , it turns out to be affected and boring .	negative
the film has too many spots where it 's on slippery footing , but is acceptable entertainment for the entire family and one that 's especially fit for the kiddies .	neutral
when it 's not wallowing in hormonal melodrama , `` real women have curves '' is a sweet , honest , and enjoyable comedy-drama about a young woman who wants many things in life , but fears she 'll become her mother before she gets to fulfill her dreams .	positive
that death is merely a transition is a common tenet in the world 's religions .	neutral
but you 'd never guess that from the performances .	neutral
cold , nervy and memorable .	positive
feels as if the inmates have actually taken over the asylum .	neutral
first-timer john mckay is never able to pull it back on course .	negative
you can practically hear george orwell turning over .	very negative
helmer hudlin tries to make a hip comedy , but his dependence on slapstick defeats the possibility of creating a more darkly edged tome .	negative
passion , melodrama , sorrow , laugther , and tears cascade over the screen effortlessly ...	positive
eric schweig and graham greene both exude an air of dignity that 's perfect for the proud warrior that still lingers in the souls of these characters .	very positive
what jackson has done is proven that no amount of imagination , no creature , no fantasy story and no incredibly outlandish scenery	negative
there is n't one moment in the film that surprises or delights .	very negative
supposedly based upon real , or at least soberly reported incidents , the film ends with a large human tragedy .	neutral
spiderman rocks	very positive
the plot is plastered with one hollywood cliche after another , most of which involve precocious kids getting the better of obnoxious adults .	negative
astonishing is n't the word -- neither is incompetent , incoherent or just plain crap .	very negative
you might want to take a reality check before you pay the full ticket price to see `` simone , '' and consider a dvd rental instead .	negative
unfortunately , a cast of competent performers from movies , television and the theater are cast adrift in various new york city locations with no unifying rhythm or visual style .	negative
kids five and up will be delighted with the fast , funny , and even touching story .	very positive
still , the updated dickensian sensibility of writer craig bartlett 's story is appealing .	positive
waydowntown manages to nail the spirit-crushing ennui of denuded urban living without giving in to it .	positive
he watches them as they float within the seas of their personalities .	positive
hard as this may be to believe , here on earth , a surprisingly similar teen drama , was a better film .	negative
it 's a funny little movie with clever dialogue and likeable characters .	very positive
this charming , thought-provoking new york fest of life and love has its rewards .	very positive
cube 's charisma and chemistry compensate for corniness and cliche .	neutral
a full-frontal attack on audience patience .	very negative
... less a story than an inexplicable nightmare , right down to the population 's shrugging acceptance to each new horror .	negative
tony gayton 's script does n't give us anything we have n't seen before , but director d.j. caruso 's grimy visual veneer and kilmer 's absorbing performance increase the gravitational pull considerably .	neutral
this long and relentlessly saccharine film is a clear case of preaching to the converted .	very negative
the film is old-fashioned , occasionally charming and as subtle as boldface .	positive
it 's a 100-year old mystery that is constantly being interrupted by elizabeth hurley in a bathing suit .	neutral
an entertaining mix of period drama and flat-out farce that should please history fans .	positive
a very well-meaning movie , and it will stand in future years as an eloquent memorial to the world trade center tragedy .	positive
we get an image of big papa spanning history , rather than suspending it .	neutral
it 's pretty linear and only makeup-deep , but bogdanovich ties it together with efficiency and an affection for the period .	positive
adaptation is simply brilliant .	very positive
a thought-provoking picture .	very positive
but arriving at a particularly dark moment in history , it offers flickering reminders of the ties that bind us .	positive
director charles stone iii applies more detail to the film 's music than to the story line ; what 's best about drumline is its energy .	very positive
presents nothing special and , until the final act , nothing overtly disagreeable .	negative
williams plays sy , another of his open-faced , smiling madmen , like the killer in insomnia .	neutral
... its stupidities wind up sticking in one 's mind a lot more than the cool bits .	neutral
turturro is fabulously funny and over the top as a ` very sneaky ' butler who excels in the art of impossible disappearing\/reappearing acts	very positive
from beginning to end , this overheated melodrama plays like a student film .	neutral
director yu seems far more interested in gross-out humor than in showing us well-thought stunts or a car chase that we have n't seen 10,000 times .	negative
average , at best , i 'm afraid .	negative
this is a superior horror flick .	very positive
the cast delivers without sham the raw-nerved story .	positive
all in all , it 's a pretty good execution of a story that 's a lot richer than the ones hollywood action screenwriters usually come up with on their own .	positive
yet another self-consciously overwritten story about a rag-tag bunch of would-be characters that team up for a ca n't - miss heist -- only to have it all go wrong .	neutral
it 's got all the familiar bruckheimer elements , and schumacher does probably as good a job as anyone at bringing off the hopkins\/rock collision of acting styles and onscreen personas .	positive
i felt trapped and with no obvious escape for the entire 100 minutes .	negative
although i did n't hate this one , it 's not very good either .	negative
cattaneo reworks the formula that made the full monty a smashing success ... but neglects to add the magic that made it all work .	negative
a moving and not infrequently breathtaking film .	very positive
while the plot follows a predictable connect-the-dots course ... director john schultz colors the picture in some evocative shades .	positive
anemic , pretentious .	negative
i know we 're not supposed to take it seriously , but i ca n't shake the thought that undercover brother missed an opportunity to strongly present some profound social commentary .	neutral
with few respites , marshall keeps the energy humming , and his edits , unlike those in moulin rouge , are crisp and purposeful without overdoing it .	very positive
wiseman reveals the victims of domestic abuse in all of their pity and terror .	neutral
light-years ahead of paint-by-number american blockbusters like pearl harbor , at least artistically .	very positive
one of those unassuming films that sneaks up on you and stays with you long after you have left the theatre .	positive
to work , love stories require the full emotional involvement and support of a viewer .	neutral
trailer park magnolia : too long , too cutesy , too sure of its own importance , and possessed of that peculiar tension of being too dense & about nothing at all .	neutral
all of it works smoothly under the direction of spielberg , who does a convincing impersonation here of a director enjoying himself immensely .	very positive
a work that lacks both a purpose and a strong pulse .	very negative
very well made , but does n't generate a lot of tension .	neutral
a moving , if uneven , success .	positive
it 's one thing to read about or rail against the ongoing - and unprecedented - construction project going on over our heads .	negative
-lrb- a -rrb- real pleasure in its laid-back way .	very positive
what is the filmmakers ' point ?	neutral
trades run-of-the-mill revulsion for extreme unease .	neutral
feels like pieces a bunch of other , better movies slapped together .	negative
reeks of rot and hack work from start to finish .	neutral
has all the hallmarks of a movie designed strictly for children 's home video , a market so insatiable it absorbs all manner of lame entertainment , as long as 3-year-olds find it diverting .	negative
... too contrived to be as naturally charming as it needs to be .	negative
... in no way original , or even all that memorable , but as downtown saturday matinee brain candy , it does n't disappoint .	positive
the 50-something lovebirds are too immature and unappealing to care about .	very negative
after a while , the only way for a reasonably intelligent person to get through the country bears is to ponder how a whole segment of pop-music history has been allowed to get wet , fuzzy and sticky .	negative
a lot of fun , with an undeniable energy sparked by two actresses in their 50s working at the peak of their powers .	very positive
a breathtaking adventure for all ages , spirit tells its poignant and uplifting story in a stunning fusion of music and images .	very positive
this is a nicely handled affair , a film about human darkness but etched with a light -lrb- yet unsentimental -rrb- touch .	positive
a bland animated sequel that hardly seems worth the effort .	negative
unspeakable , of course , barely begins to describe the plot and its complications .	very negative
a limp eddie murphy vehicle that even he seems embarrassed to be part of .	very negative
the film sparkles with the the wisdom and humor of its subjects .	very positive
though a capable thriller , somewhere along the way k-19 jettisoned some crucial drama .	negative
it 's ... worth the extra effort to see an artist , still committed to growth in his ninth decade , change while remaining true to his principles with a film whose very subject is , quite pointedly , about the peril of such efforts .	positive
in auteil 's less dramatic but equally incisive performance , he 's a charismatic charmer likely to seduce and conquer .	positive
when seagal appeared in an orange prison jumpsuit , i wanted to stand up in the theater and shout , ` hey , kool-aid ! '	neutral
how many more times will indie filmmakers subject us to boring , self-important stories of how horrible we are to ourselves and each other ?	negative
the vistas are sweeping and the acting is far from painful .	neutral
this is a movie that refreshes the mind and spirit along with the body , so original is its content , look , and style .	very positive
a much better documentary -- more revealing , more emotional and more surprising -- than its pedestrian english title would have you believe .	very positive
handsome and sincere but slightly awkward in its combination of entertainment and evangelical boosterism .	neutral
` if you are in the mood for an intelligent weepy , it can easily worm its way into your heart . '	positive
who knows , but it works under the direction of kevin reynolds .	positive
at its best -lrb- and it does have some very funny sequences -rrb- looking for leonard reminds you just how comically subversive silence can be .	neutral
it 's supposed to be post-feminist breezy but ends up as tedious as the chatter of parrots raised on oprah .	very negative
at its best ... festival in cannes bubbles with the excitement of the festival in cannes .	neutral
lacking substance and soul , crossroads comes up shorter than britney 's cutoffs .	negative
simple , poignant and leavened with humor , it 's a film that affirms the nourishing aspects of love and companionship .	positive
at times , the movie looks genuinely pretty .	very positive
a deliberative account of a lifestyle characterized by its surface-obsession -- one that typifies the delirium of post , pre , and extant stardom .	positive
this is surely one of the most frantic , virulent and foul-natured christmas season pics ever delivered by a hollywood studio .	very negative
i simply ca n't recommend it enough .	positive
it 's a glorified sitcom , and a long , unfunny one at that .	negative
anyone who 's ever suffered under a martinet music instructor has no doubt fantasized about what an unhappy , repressed and twisted personal life their tormentor deserved .	neutral
returning director rob minkoff ... and screenwriter bruce joel rubin ... have done a fine job of updating white 's dry wit to a new age .	very positive
with zoe clarke-williams 's lackluster thriller `` new best friend '' , who needs enemies ?	negative
an involving , inspirational drama that sometimes falls prey to its sob-story trappings .	neutral
just send it to cranky .	negative
it 's secondary to american psycho but still has claws enough to get inside you and stay there for a couple of hours .	positive
bravo reveals the true intent of her film by carefully selecting interview subjects who will construct a portrait of castro so predominantly charitable it can only be seen as propaganda .	neutral
one of the funnier movies in town .	very positive
a terrific insider look at the star-making machinery of tinseltown .	positive
the movie is amateurish , but it 's a minor treat .	positive
still , not every low-budget movie must be quirky or bleak , and a happy ending is no cinematic sin .	neutral
it is n't scary .	negative
a preposterous , prurient whodunit .	very negative
they are what makes it worth the trip to the theatre .	positive
`` the turntable is now outselling the electric guitar ... ''	neutral
chan 's stunts are limited and so embellished by editing that there 's really not much of a sense of action or even action-comedy .	negative
absolutely -lrb- and unintentionally -rrb- terrifying .	neutral
an average kid-empowerment fantasy with slightly above-average brains .	positive
instead of making his own style , director marcus adams just copies from various sources -- good sources , bad mixture	very negative
the plot of the comeback curlers is n't very interesting actually , but what i like about men with brooms and what is kind of special is how the film knows what 's unique and quirky about canadians .	positive
tambor and clayburgh make an appealing couple -- he 's understated and sardonic , she 's appealingly manic and energetic .	positive
it 's harmless , diverting fluff .	neutral
the movie is without intent .	negative
the best thing about the movie is its personable , amusing cast .	positive
here is a divine monument to a single man 's struggle to regain his life , his dignity and his music .	very positive
if you 're the kind of parent who enjoys intentionally introducing your kids to films which will cause loads of irreparable damage that years and years of costly analysis could never fix , i have just one word for you - -- decasia	very negative
both overstuffed and undernourished ... the film ca n't be called a solid success , although there 's plenty of evidence here to indicate clooney might have better luck next time .	neutral
if this movie leaves you cool , it also leaves you intriguingly contemplative .	neutral
all movie long , city by the sea swings from one approach to the other , but in the end , it stays in formula -- which is a waste of de niro , mcdormand and the other good actors in the cast .	negative
painful , horrifying and oppressively tragic , this film should not be missed .	very positive
take care is nicely performed by a quintet of actresses , but nonetheless it drags during its 112-minute length .	negative
the script covers huge , heavy topics in a bland , surfacey way that does n't offer any insight into why , for instance , good things happen to bad people .	negative
a seriously bad film with seriously warped logic by writer-director kurt wimmer at the screenplay level .	negative
it 's not too racy and it 's not too offensive .	neutral
a deliciously nonsensical comedy about a city coming apart at its seams .	very positive
