text	Aspect 1	Sentiment 1	Opinion 1	Opinion 2	Aspect 2	Sentiment 2	Aspect 3	Sentiment 3	Aspect 4	Sentiment 4	Opinion 3	Aspect 5	Sentiment 5	Aspect 6	Sentiment 6	Aspect 7	Sentiment 7	Opinion 4	Opinion 5	Aspect 8	Sentiment 8	Opinion 6	Opinion 7	Aspect 9	Sentiment 9	raw_text
but the staff was so horrible to us	staff	negative	horrible																							but the staff was so horrible to us
to be completely fair, the only redeeming factor was the food, which was above average, but couldn't make up for all the other deficiencies of teodora	food	positive	redeeming	above average																						to be completely fair , the only redeeming factor was the food , which was above average , but could n't make up for all the other deficiencies of teodora
the food is uniformly exceptional, with a very capable kitchen which will proudly whip up whatever you feel like eating, whether it's on the menu or not	food	positive	exceptional	capable	kitchen	positive	menu	neutral																		the food is uniformly exceptional , with a very capable kitchen which will proudly whip up whatever you feel like eating , whether it 's on the menu or not
for those that go once and don't enjoy it, all i can say is that they just don't get it			enjoy																							for those that go once and do n't enjoy it , all i can say is that they just do n't get it
not only was the food outstanding, but the little' perks' were great	food	positive	outstanding		perks	positive																				not only was the food outstanding , but the little ' perks ' were great
it is very overpriced and not very tasty			overpriced																							it is very overpriced and not very tasty
our agreed favorite is the orrechiete with sausage and chicken (usually the waiters are kind enough to split the dish in half so you get to sample both meats)	orrechiete with sausage and chicken	positive	favorite	kind	waiters	positive	dish	neutral	meats	neutral																our agreed favorite is the orrechiete with sausage and chicken ( usually the waiters are kind enough to split the dish in half so you get to sample both meats )
the bagels have an outstanding taste with a terrific texture, both chewy yet not gummy	bagels	positive	outstanding	terrific							chewy															the bagels have an outstanding taste with a terrific texture , both chewy yet not gummy
nevertheless the food itself is pretty good	food	positive																								nevertheless the food itself is pretty good
i've noticed megadeth, mr. scruff, st. germain, traditional vietnamese songs, black sabbath, jay-z, and daft punk all being played	songs	neutral																								i 've noticed megadeth , mr. scruff , st. germain , traditional vietnamese songs , black sabbath , jay-z , and daft punk all being played
they did not have mayonnaise, forgot our toast, left out ingredients (ie cheese in an omelet), below hot temperatures and the bacon was so over cooked it crumbled on the plate when you touched it	mayonnaise	negative	forgot	left out	toast	negative	ingredients	negative	cheese	neutral	over cooked	omelet	neutral	bacon	negative	plate	neutral									they did not have mayonnaise , forgot our toast , left out ingredients ( ie cheese in an omelet ) , below hot temperatures and the bacon was so over cooked it crumbled on the plate when you touched it
it took half an hour to get our check, which was perfect since we could sit, have drinks and talk!	check	neutral			drinks	neutral																				it took half an hour to get our check , which was perfect since we could sit , have drinks and talk !
the design and atmosphere is just as good	design	positive			atmosphere	positive																				the design and atmosphere is just as good
the pizza is the best if you like thin crusted pizza	pizza	positive	best	like	thin crusted pizza	neutral																				the pizza is the best if you like thin crusted pizza
my girlfriend and i stumbled onto this hopping place the other night and had a great time!			great																							my girlfriend and i stumbled onto this hopping place the other night and had a great time !
it is definitely special and affordable			special																							it is definitely special and affordable
i really liked this place			liked																							i really liked this place
all the money went into the interior decoration, none of it went to the chefs	interior decoration	positive																								all the money went into the interior decoration , none of it went to the chefs
the seats are uncomfortable if you are sitting against the wall on wooden benches	seats	negative	uncomfortable																							the seats are uncomfortable if you are sitting against the wall on wooden benches
i asked for seltzer with lime, no ice	seltzer with lime	neutral																								i asked for seltzer with lime , no ice
it was pretty inexpensive too			inexpensive																							it was pretty inexpensive too
don't go alone---even two people isn't enough for the whole experience, with pickles and a selection of meats and seafoods	pickles	positive			selection of meats and seafoods	positive																				do n't go alone -- -even two people is n't enough for the whole experience , with pickles and a selection of meats and seafoods
my suggestion is to eat family style because you'll want to try the other dishes	eat family style	positive																								my suggestion is to eat family style because you 'll want to try the other dishes
faan's got a great concept but a little rough on the delivery			great	rough																						faan 's got a great concept but a little rough on the delivery
from the incredible food, to the warm atmosphere, to the friendly service, this downtown neighborhood spot doesn't miss a beat	food	positive	incredible	warm	atmosphere	positive	service	positive			friendly															from the incredible food , to the warm atmosphere , to the friendly service , this downtown neighborhood spot does n't miss a beat
great food at reasonable prices, makes for an evening that can't be beat!	food	positive	great	reasonable	prices	positive																				great food at reasonable prices , makes for an evening that ca n't be beat !
this little place has a cute interior deco r and affordable city prices	interior deco	positive	cute	affordable																						this little place has a cute interior deco r and affordable city prices
you'll adore it			adore																							you 'll adore it
the price is reasonable although the service is poor	price	positive	reasonable		service	negative																				the price is reasonable although the service is poor
worth visiting the 1st ave spot because it is the original store			worth																							worth visiting the 1st ave spot because it is the original store
i stumbled upon this second floor walk-up two fridays ago when i was with two friends in town from l.a. being serious sushi lovers, we sat at the sushi bar to be closer to the action	sushi	neutral			sushi bar	neutral																				i stumbled upon this second floor walk-up two fridays ago when i was with two friends in town from l.a. being serious sushi lovers , we sat at the sushi bar to be closer to the action
raga's is a romantic, cozy restaurant			romantic	cozy																						raga 's is a romantic , cozy restaurant
the fried rice is amazing here	fried rice	positive	amazing																							the fried rice is amazing here
three courses - choices include excellent mussels, puff pastry goat cheese and salad with a delicious dressing, and a hanger steak au poivre that is out of this world	courses	neutral	excellent	out of this world	mussels	positive	puff pastry goat cheese	positive	salad with a delicious dressing	positive		hanger steak au poivre	positive													three courses - choices include excellent mussels , puff pastry goat cheese and salad with a delicious dressing , and a hanger steak au poivre that is out of this world
it's a perfect place to have a amanzing indian food	indian food	positive	perfect																							it 's a perfect place to have a amanzing indian food
the place is so cool and the service is prompt and curtious	place	positive	cool	prompt	service	positive																				the place is so cool and the service is prompt and curtious
at the end you're left with a mild broth with noodles that you can slurp out of a cup	broth with noodles	positive	mild																							at the end you 're left with a mild broth with noodles that you can slurp out of a cup
i just wonder how you can have such a delicious meal for such little money	meal	positive	delicious	little																						i just wonder how you can have such a delicious meal for such little money
the food was delicious but do not come here on a empty stomach	food	conflict	delicious																							the food was delicious but do not come here on a empty stomach
the wine list is excellent	wine list	positive																								the wine list is excellent
ive been to many thai restaurants in manhattan before, and toons is by far the best thai food ive had (except for my mom's of course)	thai food	positive	best																							ive been to many thai restaurants in manhattan before , and toons is by far the best thai food ive had ( except for my mom 's of course )
they wouldnt even let me finish my glass of wine before offering another	glass of wine	neutral																								they wouldnt even let me finish my glass of wine before offering another
i highly recommend the sophia pizza			recommend																							i highly recommend the sophia pizza
whem asked, we had to ask more detailed questions so that we knew what the specials were	specials	neutral																								whem asked , we had to ask more detailed questions so that we knew what the specials were
nice atmosphere, the service was very pleasant and the desert was good	atmosphere	positive	nice	pleasant	service	positive	desert	positive																		nice atmosphere , the service was very pleasant and the desert was good
after really enjoying ourselves at the bar we sat down at a table and had dinner	bar	positive	enjoying		table	neutral																				after really enjoying ourselves at the bar we sat down at a table and had dinner
fabulous service, fantastic food, and a chilled out atmosphere and environment	service	positive	fabulous	fantastic	food	positive	atmosphere	positive			chilled out															fabulous service , fantastic food , and a chilled out atmosphere and environment
try the lasagnette appetizer	lasagnette appetizer	positive																								try the lasagnette appetizer
pricey, but worth a try, at least once			pricey	worth																						pricey , but worth a try , at least once
i liked the beer selection!	beer selection	positive	liked																							i liked the beer selection !
great food, good size menu, great service and an unpretensious setting	food	positive	great	good	menu	positive	service	positive			great															great food , good size menu , great service and an unpretensious setting
go here for a romantic dinner but not for an all out wow dining experience	dinner	positive	romantic	wow	dining	positive																				go here for a romantic dinner but not for an all out wow dining experience
i grew up eating dosa and have yet to find a place in ny to satisfy my taste buds	dosa	neutral																								i grew up eating dosa and have yet to find a place in ny to satisfy my taste buds
wine list selection is good and wine-by-the-glass was generously filled to the top	wine list selection	positive	good	generously	wine-by-the-glass	positive																				wine list selection is good and wine-by-the-glass was generously filled to the top
with the great variety on the menu, i eat here often and never get bored	menu	positive	great																							with the great variety on the menu , i eat here often and never get bored
the menu is very limited - i think we counted 4 or 5 entrees	menu	negative	limited																							the menu is very limited - i think we counted 4 or 5 entrees
the menu is limited but almost all of the dishes are excellent	menu	negative	limited		dishes	positive																				the menu is limited but almost all of the dishes are excellent
not too crazy about their sake martini	sake martini	negative	crazy																							not too crazy about their sake martini
great bagels, spreads and a good place to hang out in	bagels	positive	great	good	spreads	positive																				great bagels , spreads and a good place to hang out in
this place is a great bargain			great																							this place is a great bargain
we happened upon this place purely by accident and were pleased with the results			pleased																							we happened upon this place purely by accident and were pleased with the results
unfortunately, the food is outstanding, but everything else about this restaurant is the pits	food	positive	outstanding																							unfortunately , the food is outstanding , but everything else about this restaurant is the pits
we always have a delicious meal and always leave feeling satisfied	meal	positive	delicious																							we always have a delicious meal and always leave feeling satisfied
dip the ingredients in with your chopsticks, swirl them around, and eat	ingredients	neutral			chopsticks	neutral																				dip the ingredients in with your chopsticks , swirl them around , and eat
first went here to enjoy their garden terrace	garden terrace	positive	enjoy																							first went here to enjoy their garden terrace
everyone i have spoken too there is super friendly, helpful, and willing to the extra mile for a customer			friendly	helpful																						everyone i have spoken too there is super friendly , helpful , and willing to the extra mile for a customer
the pizza was pretty good and huge	pizza	positive	good																							the pizza was pretty good and huge
the cuisine from what i've gathered is authentic taiwanese, though its very different from what i've been accustomed to in taipei	cuisine	neutral	different																							the cuisine from what i 've gathered is authentic taiwanese , though its very different from what i 've been accustomed to in taipei
heartland brewery is by far one of the best places in nyc to make new friends and catch up with old ones			best																							heartland brewery is by far one of the best places in nyc to make new friends and catch up with old ones
they are often crowded on the weekends but they are efficient and accurate with their service	crowded	negative	crowded	efficient							accurate															they are often crowded on the weekends but they are efficient and accurate with their service
we ordered the special, grilled branzino, that was so infused with bone, it was difficult to eat	grilled branzino	negative	difficult																							we ordered the special , grilled branzino , that was so infused with bone , it was difficult to eat
the wait staff is friendly, and the food has gotten better and better!	wait staff	positive	friendly	better	food	positive					better															the wait staff is friendly , and the food has gotten better and better !
right off the l in brooklyn this is a nice cozy place with good pizza	place	positive	cozy	good																						right off the l in brooklyn this is a nice cozy place with good pizza
i also ordered for delivery and the restaurant forgot half the order	delivery	negative	forgot																							i also ordered for delivery and the restaurant forgot half the order
the strong scents coming from the left and right of me negatively affected my taste buds	scents	negative	strong																							the strong scents coming from the left and right of me negatively affected my taste buds
we had the lobster sandwich and it was fantastic	lobster sandwich	positive																								we had the lobster sandwich and it was fantastic
had we been stalling i could understand where they were coming from, but we had been there less than an hour and they hadn't even brought us a check yet!	check	negative																								had we been stalling i could understand where they were coming from , but we had been there less than an hour and they had n't even brought us a check yet !
though the spider roll may look like a challenge to eat, with soft shell crab hanging out of the roll, it is well worth the price you pay for them	spider roll	conflict	challenge	well worth	shell crab	positive	price	positive																		though the spider roll may look like a challenge to eat , with soft shell crab hanging out of the roll , it is well worth the price you pay for them
i have tried to make reservations, but both times, the hostess didn't have my name	reservations	neutral			hostess	negative																				i have tried to make reservations , but both times , the hostess did n't have my name
their tuna tartar appetizer is to die for	tuna tartar appetizer	positive	die for																							their tuna tartar appetizer is to die for
this was one of the best restaurants i've ever been to			best																							this was one of the best restaurants i 've ever been to
an oasis of refinement food, though somewhat uneven, often reaches the pinnacles of new american fine cuisine - chef's passion (and kitchen's precise execution) is most evident in the fish dishes and soups	food	conflict	uneven	evident	cuisine	positive	chef	positive	kitchen	positive		fish dishes	positive													an oasis of refinement food , though somewhat uneven , often reaches the pinnacles of new american fine cuisine - chef 's passion ( and kitchen 's precise execution ) is most evident in the fish dishes and soups
i love indian food and consider myself to be quite an expert on it	indian food	positive	love																							i love indian food and consider myself to be quite an expert on it
some baby pizzas get their wish	baby pizzas	neutral																								some baby pizzas get their wish
plenty of choices to make your own creation			plenty																							plenty of choices to make your own creation
it was tiny and i felt like i was eating in someone's living room			tiny																							it was tiny and i felt like i was eating in someone 's living room
overall a oh ya even though there is waiting it is deff worth it	waiting	negative	worth																							overall a oh ya even though there is waiting it is deff worth it
vt is what baby pizzas hope to be when they grow up	baby pizzas	neutral																								vt is what baby pizzas hope to be when they grow up
from the terrible service, to the bland food, not to mention the unaccommodating managers, the overall experience was horrible	service	negative	terrible	bland	food	negative	managers	negative			unaccommodating															from the terrible service , to the bland food , not to mention the unaccommodating managers , the overall experience was horrible
lahore is a great place to duck into late-night when you need some really tasty food on the cheap--you'll likely have trouble finishing the amount of food you get for four dollars	food	positive	great	tasty	food	positive					cheap															lahore is a great place to duck into late-night when you need some really tasty food on the cheap -- you 'll likely have trouble finishing the amount of food you get for four dollars
the last time i went we were seated at a table in a corridor next to the kitchen	table	negative																								the last time i went we were seated at a table in a corridor next to the kitchen
good selection of wines ranging from affordable to high end	selection of wines	positive	good																							good selection of wines ranging from affordable to high end
nice restaurant overall, with classic upscale italian decor	italian decor	positive	nice	upscale																						nice restaurant overall , with classic upscale italian decor
the entire dining experience was wonderful!	dining experience	positive	wonderful																							the entire dining experience was wonderful !
the wine selection (by the glass and bottle) is wonderful and i always recommend that friends make a reservation if they're going to be in town	wine selection	positive	wonderful	recommend	reservation	neutral																				the wine selection ( by the glass and bottle ) is wonderful and i always recommend that friends make a reservation if they 're going to be in town
service is highly refined our seating was delayed 35 minutes past our reservation and the maitre d' apologized and regularly kept us apprised of progress	service	positive	refined	delayed	reservation	negative	maitre	positive																		service is highly refined our seating was delayed 35 minutes past our reservation and the maitre d ' apologized and regularly kept us apprised of progress
order the panang duck, it's fantastic	panang duck	positive																								order the panang duck , it 's fantastic
other than the crappy service from two individuals, it's great	service	negative	crappy																							other than the crappy service from two individuals , it 's great
they have authentic indian at amazin prices	indian	positive	authentic																							they have authentic indian at amazin prices
there's nice and quiet, small but enough for 6 (or more)			nice	quiet							small							enough								there 's nice and quiet , small but enough for 6 ( or more )
ambiance - relaxed and stylish	ambiance	positive	relaxed																							ambiance - relaxed and stylish
i've never felt more unwelcome than last month at jimmy's bronx cafe			unwelcome																							i 've never felt more unwelcome than last month at jimmy 's bronx cafe
luckily we saved room for the bbq salmon, sea bass and crispy duck	bbq salmon	positive			sea bass	positive	crispy duck	positive																		luckily we saved room for the bbq salmon , sea bass and crispy duck
yes, they use fancy ingredients, but even fancy ingredients don't make for good pizza unless someone knows how to get the crust right	ingredients	positive	fancy	fancy	ingredients	positive	pizza	negative	crust	neutral	good															yes , they use fancy ingredients , but even fancy ingredients do n't make for good pizza unless someone knows how to get the crust right
and yes dal bukhara is so dam good and so are all the kababs	dal bukhara	positive	good																							and yes dal bukhara is so dam good and so are all the kababs
i look forward to eating here again	eating	positive	look forward																							i look forward to eating here again
tuk tuk is one of those comfortable neighborhood joints where you know you will always have a good meal at a fair price	meal	positive	comfortable	good							fair															tuk tuk is one of those comfortable neighborhood joints where you know you will always have a good meal at a fair price
a glass of leaping lizard, a glass of prosecco, and the mussels had everything happy	glass of leaping lizard	positive			glass of prosecco	positive	mussels	positive																		a glass of leaping lizard , a glass of prosecco , and the mussels had everything happy
food was average and creme brulee was awful - the sugar was charred, not caramelized and smelled of kerosene	food	neutral	average	awful	creme brulee	negative	sugar	negative			charred															food was average and creme brulee was awful - the sugar was charred , not caramelized and smelled of kerosene
the food always tastes fresh and served promptly	food	positive	fresh		served	positive																				the food always tastes fresh and served promptly
the pizza here is delicious	pizza	positive																								the pizza here is delicious
pizza and garlic knots are great as well, i order from them quite often and the delivery is always super quick!	pizza	positive	great	quick	garlic knots	positive	delivery	positive																		pizza and garlic knots are great as well , i order from them quite often and the delivery is always super quick !
for great chinese food nearby, you have wu liang ye and grand sichuan just a block away	chinese food	positive	great																							for great chinese food nearby , you have wu liang ye and grand sichuan just a block away
i have never been disappointed in the red eye			disappointed																							i have never been disappointed in the red eye
hats off to the chef			hats off																							hats off to the chef
service could be improved but overall this is a place that understands the importance of little things (the heavy, black, antique-seeming teapot, for one) in the restaurant experience	service	negative	improved	antique-seeming	teapot	positive																				service could be improved but overall this is a place that understands the importance of little things ( the heavy , black , antique-seeming teapot , for one ) in the restaurant experience
the pizza is delicious - they use fresh mozzarella instead of the cheap, frozen, shredded cheese common to most pizzaria's	pizza	positive	delicious	fresh	fresh mozzarella	positive	cheese	negative			cheap							frozen	shredded							the pizza is delicious - they use fresh mozzarella instead of the cheap , frozen , shredded cheese common to most pizzaria 's
its an excellent place to relax and the food is one of the best in the city of new york	place	positive	excellent	best	food	positive																				its an excellent place to relax and the food is one of the best in the city of new york
service is friendly, and never had a problem walking in and getting a table	service	positive	friendly	problem	getting a table	positive																				service is friendly , and never had a problem walking in and getting a table
the food was bland oily	food	negative	bland oily																							the food was bland oily
what is even better, is that the prices are very affordable as well, and the food is really good	prices	positive	better	affordable	food	positive																				what is even better , is that the prices are very affordable as well , and the food is really good
the fish is fresh but the variety of fish is nothing out of ordinary	fish	positive	fresh		variety of fish	negative																				the fish is fresh but the variety of fish is nothing out of ordinary
and kruno, the beverage manager is the best bartender i have yet to come across	beverage manager	positive	best		bartender	positive																				and kruno , the beverage manager is the best bartender i have yet to come across
the food, drinks and service are clearly among the best in the city	food	positive	best		drinks	positive	service	positive																		the food , drinks and service are clearly among the best in the city
i went there in late afternoon for some bite size food and refleshment with my date	food	neutral			refleshment	neutral																				i went there in late afternoon for some bite size food and refleshment with my date
it's a really great deal, considering we got full off of four dollars			great																							it 's a really great deal , considering we got full off of four dollars
last time i went here, the waitress didn't come back after taking our order	waitress	negative																								last time i went here , the waitress did n't come back after taking our order
eating in, the atmosphere saves it, but at your desk, it's a very disappointing experience	atmosphere	positive	saves	disappointing																						eating in , the atmosphere saves it , but at your desk , it 's a very disappointing experience
granted the space is smaller than most, it is the best service you will find in even the largest of restaurants	space	negative	smaller	best	service	positive																				granted the space is smaller than most , it is the best service you will find in even the largest of restaurants
have recommended the place to friends, always gets good response			recommended	good																						have recommended the place to friends , always gets good response
i love the atmorphere peep!	atmorphere	positive	love																							i love the atmorphere peep !
enjoy!			enjoy																							enjoy !
this is one of my favorite restaurants and it is not to be missed			favorite																							this is one of my favorite restaurants and it is not to be missed
the other night we had the 30 three course meal and everything was delicious - if i could of licked the plate clean i would of	three course meal	positive	delicious																							the other night we had the 30 three course meal and everything was delicious - if i could of licked the plate clean i would of
even after getting pushed out by the no-class famous ray's, sal has risen again to carry on his father's uncle's legacies with a smile, true love for his community, and let's not forget the outstanding pizza!	pizza	positive	outstanding																							even after getting pushed out by the no-class famous ray 's , sal has risen again to carry on his father 's uncle 's legacies with a smile , true love for his community , and let 's not forget the outstanding pizza !
it's a rather cramped and busy restaurant and it closes early			cramped	busy																						it 's a rather cramped and busy restaurant and it closes early
the environment is romantic, but the food is horrible, the service is pathetic, and gabriella lies about everything she could	environment	positive	romantic	horrible	food	negative	service	negative			pathetic															the environment is romantic , but the food is horrible , the service is pathetic , and gabriella lies about everything she could
we had crawfish boiled and despite making a mess, it was a ton of fun and quite tasty as well	crawfish boiled	positive	fun	tasty																						we had crawfish boiled and despite making a mess , it was a ton of fun and quite tasty as well
what came to our table was burned beyond recognition and stringy	table	neutral	burned																							what came to our table was burned beyond recognition and stringy
i had the pad thai and the noodles were sticky	pad thai	negative			noodles	negative																				i had the pad thai and the noodles were sticky
so i've never actually been to m proper, but i've had it delivered a few times	delivered	neutral																								so i 've never actually been to m proper , but i 've had it delivered a few times
among all of the new 5th avenue restaurants, this offers by far one of the best values for your money	values for your money	positive	best																							among all of the new 5th avenue restaurants , this offers by far one of the best values for your money
frankly, when you compare what you can have here for lunch, versus mcds or so many other sandwich shops in the city, there is no comparison	lunch	positive																								frankly , when you compare what you can have here for lunch , versus mcds or so many other sandwich shops in the city , there is no comparison
the hostess is rude to the point of being offensive	hostess	negative	rude																							the hostess is rude to the point of being offensive
succulent steaks cooked precisely to your desired 'doneness' accompanied by salads and sides that don't look like leafy road kill	steaks	positive	desired	leafy	salads	positive	sides	positive																		succulent steaks cooked precisely to your desired 'doneness ' accompanied by salads and sides that do n't look like leafy road kill
lunch came with pickels and slaw, no extra charge	lunch	positive			pickels and slaw	neutral																				lunch came with pickels and slaw , no extra charge
decent wine at reasonable prices	wine	positive	decent	reasonable																						decent wine at reasonable prices
all conveniently delivered right to the door	delivered	positive	conveniently																							all conveniently delivered right to the door
nice family owned traditional restaurant			nice																							nice family owned traditional restaurant
this dish is my favorite and i always get it when i go there and never get tired of it	dish	positive	favorite																							this dish is my favorite and i always get it when i go there and never get tired of it
i also ordered the change mojito, which was out of this world	change mojito	positive	out of this world																							i also ordered the change mojito , which was out of this world
okay service			okay																							okay service
the only thing more wonderful than the food (which is exceptional) is the service	food	positive	wonderful	exceptional																						the only thing more wonderful than the food ( which is exceptional ) is the service
the food was just awful, atrocious actually	food	negative	awful	atrocious																						the food was just awful , atrocious actually
the anti-pasta was excellent, especially the calamari, as were the filling pasta mains	anti-pasta	positive	excellent		calamari	positive	filling pasta mains	positive																		the anti-pasta was excellent , especially the calamari , as were the filling pasta mains
the waitress suggested glasses of wine that went very well with the food	waitress	positive	well		glasses of wine	positive																				the waitress suggested glasses of wine that went very well with the food
we are very particular about sushi and were both please with every choice which included ceviche mix (special), crab dumplings, assorted sashimi, sushi and rolls, two types of sake, and the banana tempura	sushi	positive	please		ceviche mix (special)	positive	crab dumplings	positive	assorted sashimi	positive		sushi	positive	rolls	positive	sake	positive			banana tempura	positive					we are very particular about sushi and were both please with every choice which included ceviche mix ( special ) , crab dumplings , assorted sashimi , sushi and rolls , two types of sake , and the banana tempura
try their plain pizza with fresh garlic or eggplant	plain pizza	positive	fresh		garlic	positive																				try their plain pizza with fresh garlic or eggplant
ok, so the servers wander around a little clueless, but there's more than enough servers for the crowd they get--it's fine, you just have to make a small effort to get their attention	servers	negative	clueless		servers	conflict																				ok , so the servers wander around a little clueless , but there 's more than enough servers for the crowd they get -- it 's fine , you just have to make a small effort to get their attention
good luck getting a table	getting a table	negative																								good luck getting a table
the service is awful	service	negative																								the service is awful
the takeout menu says to keep an eye out for an expanded menu offering more italian dishes, i can't wait!	takeout menu	positive	expanded	more	menu	positive	italian dishes	positive																		the takeout menu says to keep an eye out for an expanded menu offering more italian dishes , i ca n't wait !
trust me, it will be great, and all of it will be devoured in no time			great																							trust me , it will be great , and all of it will be devoured in no time
amma has the worst value for money i have experienced in nyc over the past 2 years			worst																							amma has the worst value for money i have experienced in nyc over the past 2 years
i think this would be a pretty good spot if it were not so overpriced and overrated			good	overpriced																						i think this would be a pretty good spot if it were not so overpriced and overrated
regardless of whether there are two people or two hundred people ahead of you the hostess will take your name and tell you five minutes	hostess	positive																								regardless of whether there are two people or two hundred people ahead of you the hostess will take your name and tell you five minutes
the pizza is good though	pizza	positive	good																							the pizza is good though
bottles of wine are cheap and good	bottles of wine	positive	cheap																							bottles of wine are cheap and good
you will not be disapointed at all			disapointed																							you will not be disapointed at all
the have over 100 different beers to offer thier guest so that made my husband very happy and the food was delicious, if i must recommend a dish it must be the pumkin tortelini	beers	positive	different	happy	food	positive	dish	positive	pumkin tortelini	positive	delicious							recommend								the have over 100 different beers to offer thier guest so that made my husband very happy and the food was delicious , if i must recommend a dish it must be the pumkin tortelini
they didn't give us the dinner special until we asked for it	dinner special	negative																								they did n't give us the dinner special until we asked for it
you must have the crabmeat lasagna which is out of this world and the chocolate bread pudding for dessert	crabmeat lasagna	positive	out of this world		chocolate bread pudding	positive																				you must have the crabmeat lasagna which is out of this world and the chocolate bread pudding for dessert
word of advice, save room for pasta dishes and never leave until you've had the tiramisu	pasta dishes	positive																								word of advice , save room for pasta dishes and never leave until you 've had the tiramisu
very good service and very good prices	service	positive	good	good																						very good service and very good prices
i recently went to this restaurant with some co-workers for lunch and had an amazing time	lunch	neutral	amazing																							i recently went to this restaurant with some co-workers for lunch and had an amazing time
the service was impeccable and unobtrusive--the staff knows what they are there to do--to know their menu, present your meal, and attend to your needs	service	positive	impeccable	unobtrusive	staff	positive	menu	neutral	meal	neutral																the service was impeccable and unobtrusive -- the staff knows what they are there to do -- to know their menu , present your meal , and attend to your needs
our food was great too!	food	positive	great																							our food was great too !
the most annoying thing, though, is the fact that the servers seem to be trained to drive revenue	servers	negative	annoying																							the most annoying thing , though , is the fact that the servers seem to be trained to drive revenue
get your food to go, find a bench, and kick back with a plate of dumplings	food	neutral			plate of dumplings	positive																				get your food to go , find a bench , and kick back with a plate of dumplings
please try the filet mignon, its just the most tender piece ever	filet mignon	positive	tender																							please try the filet mignon , its just the most tender piece ever
everything we had was pretty good, but we have only been there once			good																							everything we had was pretty good , but we have only been there once
we were still sitting at the bar while we drank the sangria, but facing away from the bar when we turned back around, the 2 was gone the people next to us said the bartender took it	bar	neutral			sangria	neutral	bar	neutral	bartender	negative																we were still sitting at the bar while we drank the sangria , but facing away from the bar when we turned back around , the 2 was gone the people next to us said the bartender took it
the sake menu should not be overlooked!	sake menu	positive	overlooked																							the sake menu should not be overlooked !
the drinks are amazing and half off till 8pm	drinks	positive	amazing																							the drinks are amazing and half off till 8pm
i've been back to nha trang literally a hundred times for the beef cubes - they're that good	beef cubes	positive																								i 've been back to nha trang literally a hundred times for the beef cubes - they 're that good
with so many poor experiences to be had in the theater district, is truly an excellent find!			excellent																							with so many poor experiences to be had in the theater district , is truly an excellent find !
this has got to be one of the most overrated restaurants in brooklyn			overrated																							this has got to be one of the most overrated restaurants in brooklyn
it was rather pathetic that it took them over an hour to seat us			pathetic																							it was rather pathetic that it took them over an hour to seat us
we were seated promptly as we had reservations, however after that the service was slow	reservations	positive	promptly		service	negative																				we were seated promptly as we had reservations , however after that the service was slow
suan was a recommendation that i am glad we heeded			glad																							suan was a recommendation that i am glad we heeded
the food was pretty good, but a little flavorless and the portions very small, including dessert	food	conflict	good	flavorless	portions	negative					small															the food was pretty good , but a little flavorless and the portions very small , including dessert
it is set far from the small street it's on, and there is no traffic noise	traffic noise	positive																								it is set far from the small street it 's on , and there is no traffic noise
lived in shanghai most of my life and thought the food was comparable to the flagship green bo restaurant there	food	positive	comparable																							lived in shanghai most of my life and thought the food was comparable to the flagship green bo restaurant there
however, it's not worth a special trip			worth																							however , it 's not worth a special trip
nice value			nice																							nice value
and it was quick which is very important			quick																							and it was quick which is very important
this is a nice restaurant if you are looking for a good place to host an intimate dinner meeting with business associates	dinner meeting	neutral	nice	good																						this is a nice restaurant if you are looking for a good place to host an intimate dinner meeting with business associates
all the nyu students love this place so it makes for a fun young atmosphere			love	young																						all the nyu students love this place so it makes for a fun young atmosphere
the food here does a great service to the name (cantonese that is)	food	positive	great		cantonese	positive																				the food here does a great service to the name ( cantonese that is )
but, nothing stands out about the cooking			nothing stands out																							but , nothing stands out about the cooking
joya used to be a cool spot with decent food and a colorful - if not relaxed - atmosphere	food	positive	cool	decent							colorful							relaxed								joya used to be a cool spot with decent food and a colorful - if not relaxed - atmosphere
the prix fixe menu is worth every penny and you get more than enough (both in quantity and quality)	prix fixe menu	positive	worth	more than enough	quantity	positive	quality	positive																		the prix fixe menu is worth every penny and you get more than enough ( both in quantity and quality )
i've been here 3 times for lunch and it is one of my favorites in the city	lunch	neutral	favorites																							i 've been here 3 times for lunch and it is one of my favorites in the city
i had their eggs benedict for brunch, which were the worst in my entire life, i tried removing the hollondaise sauce completely that was how failed it was	eggs benedict	negative	worst	failed	brunch	neutral	hollondaise sauce	negative																		i had their eggs benedict for brunch , which were the worst in my entire life , i tried removing the hollondaise sauce completely that was how failed it was
i work near-by, and they have the best oatmeal in the neighborhood- not a packaged or quick-cooked item	oatmeal	positive	best																							i work near-by , and they have the best oatmeal in the neighborhood- not a packaged or quick-cooked item
always busy but fast moving			busy	fast moving																						always busy but fast moving
the food was really good, i had the onion soup and it was one of the best ever	food	positive	good	best	onion soup	positive																				the food was really good , i had the onion soup and it was one of the best ever
overall, a solid restaurant and at less than 40pp (including wine), a solid deal as well	wine	neutral	solid	solid																						overall , a solid restaurant and at less than 40pp ( including wine ) , a solid deal as well
since it literally is a complete hole in the wall, it's a bit intimidating at first, but you get over that very quickly as soon as the friendly staff welcomes you - don't hesitate to ask for help with what to get	staff	positive	intimidating	friendly																						since it literally is a complete hole in the wall , it 's a bit intimidating at first , but you get over that very quickly as soon as the friendly staff welcomes you - do n't hesitate to ask for help with what to get
it melted in my little mouth and the perfect consistency-not too fishy, creamy, and slightly buttery			perfect	fishy							creamy															it melted in my little mouth and the perfect consistency-not too fishy , creamy , and slightly buttery
when he finally did, he was unable to make a gin and tonic--couldn't find tonic	gin and tonic	neutral	unable																							when he finally did , he was unable to make a gin and tonic -- could n't find tonic
the dim sum is ok but doesn't taste that fresh, and the little dishes don't look steamy hot as they should (also note lack of chinese here)	dim sum	negative	ok	fresh	little dishes	negative					steamy hot															the dim sum is ok but does n't taste that fresh , and the little dishes do n't look steamy hot as they should ( also note lack of chinese here )
the service is ok, some of the people didn't get what they asked for	service	neutral	ok																							the service is ok , some of the people did n't get what they asked for
if you want good authentic thai this place is not the place to go	thai	negative	authentic																							if you want good authentic thai this place is not the place to go
i recommend getting a reservation even though we saw people seated without one	reservation	neutral	recommend																							i recommend getting a reservation even though we saw people seated without one
the only thing i moderately enjoyed was their grilled chicken special with edamame puree	grilled chicken special with edamame puree	neutral	enjoyed																							the only thing i moderately enjoyed was their grilled chicken special with edamame puree
if you want some roast duck, pork or chicken on rice with ginger, try them out!	roast duck	positive			pork	positive	chicken on rice with ginger	positive																		if you want some roast duck , pork or chicken on rice with ginger , try them out !
you order from a menu, so you leave feeling like you missed the full experience	menu	negative																								you order from a menu , so you leave feeling like you missed the full experience
one of the more authentic shanghainese restaurants in the us definitely the best in manhattan chinatown			authentic	best																						one of the more authentic shanghainese restaurants in the us definitely the best in manhattan chinatown
we love th pink pony			love																							we love th pink pony
staff is very accomodating	staff	positive																								staff is very accomodating
yourself a favor and have dinner here and see if you dont agree with me	dinner	neutral																								yourself a favor and have dinner here and see if you dont agree with me
definitely a great spot for a nice occasion or date			great	nice																						definitely a great spot for a nice occasion or date
very popular style izakaya (sake and small portion of sake-friendly dishes)	sake	positive	popular	small	portion	neutral	dishes	positive			sake-friendly															very popular style izakaya ( sake and small portion of sake-friendly dishes )
not pretentious and very economical			pretentious																							not pretentious and very economical
the food was terrific and the service classy, attentive, without being overbearing	food	positive	terrific	classy	service	positive					attentive															the food was terrific and the service classy , attentive , without being overbearing
fresh ingredients and everything is made to order	ingredients	positive	fresh																							fresh ingredients and everything is made to order
we have never had any problems with charging the meal or the tip, and the food was delivered quickly, but we live only a few minutes walk from them	meal	positive	problems	quickly	tip	positive	food	positive																		we have never had any problems with charging the meal or the tip , and the food was delivered quickly , but we live only a few minutes walk from them
they are tasty, but i suggest only eating one with meat because they tend not to mesh that well with the average american digestive system	meat	neutral	tasty																							they are tasty , but i suggest only eating one with meat because they tend not to mesh that well with the average american digestive system
somewhat pricey but what the heck			pricey																							somewhat pricey but what the heck
try the hot dogs too, they're snappy and delicious	hot dogs	positive	snappy																							try the hot dogs too , they 're snappy and delicious
delivery is fast too	delivery	positive	fast																							delivery is fast too
the noise level was unbearable, conversation impossible	noise level	negative	unbearable																							the noise level was unbearable , conversation impossible
personal pans are the perfect size for those hungry nights	personal pans	positive	perfect																							personal pans are the perfect size for those hungry nights
highly recommended is the spicy fried clam rolls and spider rolls	spicy fried clam rolls	positive	recommended		spider rolls	positive																				highly recommended is the spicy fried clam rolls and spider rolls
one of the earlier people commenting on the restaurant did not get the that some experimenting is going on with the menu in a positive way	menu	positive	positive																							one of the earlier people commenting on the restaurant did not get the that some experimenting is going on with the menu in a positive way
the atmosphere is great if your looking for a laid back scene and an inexpensive way to spend a weekend afternoon	atmosphere	positive	great	inexpensive																						the atmosphere is great if your looking for a laid back scene and an inexpensive way to spend a weekend afternoon
odd for ave b, not just odd, the place attracts an eclectic crowd to say the least	place	positive	odd	odd																						odd for ave b , not just odd , the place attracts an eclectic crowd to say the least
just got back from lunch at tamarind and it was excellent	lunch	positive																								just got back from lunch at tamarind and it was excellent
head and shoulders above its neighboors on east 6 st, taj mahal is also very comparable, in food quality, to the much overpraised (and underdeserving) baluchi's	food quality	positive	comparable																							head and shoulders above its neighboors on east 6 st , taj mahal is also very comparable , in food quality , to the much overpraised ( and underdeserving ) baluchi 's
the man that was hosting promised to save a table for our party of 7, then sat a party of 2 at the very table he was saving (mean while there were boths open all around)	man	negative			table	neutral	table	negative																		the man that was hosting promised to save a table for our party of 7 , then sat a party of 2 at the very table he was saving ( mean while there were boths open all around )
try the cheesecake!	cheesecake	positive																								try the cheesecake !
as we were sitting eating the subpar food the manager proceeded to berate a couple of his employees for putting out the wrong containers for condiments and explained to them how expensive these containers were	food	negative	subpar	wrong	manager	negative	employees	negative	containers for condiments	negative	expensive	containers	neutral													as we were sitting eating the subpar food the manager proceeded to berate a couple of his employees for putting out the wrong containers for condiments and explained to them how expensive these containers were
great indian food and the service is incredible	indian food	positive	great		service	positive																				great indian food and the service is incredible
rosario's is without a doubt one of the greatest pizzerias in existence			greatest																							rosario 's is without a doubt one of the greatest pizzerias in existence
decor is nice and minimalist, food simple yet very well presented and cooked, and the wine list matches the food very well	decor	positive	nice	minimalist	food	positive	wine list	positive	food	neutral	simple							well								decor is nice and minimalist , food simple yet very well presented and cooked , and the wine list matches the food very well
i had the salmon dish and while it was fine, for the price paid, i expected it to have some type of flavor	salmon dish	conflict	fine		price	neutral																				i had the salmon dish and while it was fine , for the price paid , i expected it to have some type of flavor
we ordered a tuna melt - it came with out cheese which just made it a tuna sandwich	tuna melt	negative			cheese	neutral	tuna sandwich	negative																		we ordered a tuna melt - it came with out cheese which just made it a tuna sandwich
we generally like good restaurants and eat out often but kai was way to expensive for what we got			expensive																							we generally like good restaurants and eat out often but kai was way to expensive for what we got
what a great place			great																							what a great place
don't eat here unless you're starving for thai food and you work next door	thai food	negative																								do n't eat here unless you 're starving for thai food and you work next door
this tiny williamsburg spot is always pleasantly surprising			pleasantly surprising																							this tiny williamsburg spot is always pleasantly surprising
for the people who want great food plus great service, roxy is a place to avoid!	food	negative	great	great	service	negative					avoid															for the people who want great food plus great service , roxy is a place to avoid !
i had the best ravioli ever	ravioli	positive	best																							i had the best ravioli ever
ive been here a bunch of times now and the service is always outstanding	service	positive																								ive been here a bunch of times now and the service is always outstanding
the bill is approximately 25 for 2 at lunch without drinks	bill	neutral			lunch	neutral																				the bill is approximately 25 for 2 at lunch without drinks
the food is great, service is ok	food	positive	great		service	neutral																				the food is great , service is ok
the overall price tag was very very expensive, something i did expect	price tag	negative	expensive																							the overall price tag was very very expensive , something i did expect
spice is great thai food, love the inexpensive appetizers	thai food	positive	great	love							inexpensive															spice is great thai food , love the inexpensive appetizers
the service was attentive	service	positive																								the service was attentive
great idea and base for restaurant, but work on the details, people who think this was good need to go back to the shore towns and rethink what it should have tasted like			great	good																						great idea and base for restaurant , but work on the details , people who think this was good need to go back to the shore towns and rethink what it should have tasted like
when you're sitting in their main dining room (which has a spectacular, hand-painted high ceiling) you'd never know there was a world outside	main dining room	positive	spectacular	hand-painted	ceiling	positive																				when you 're sitting in their main dining room ( which has a spectacular , hand-painted high ceiling ) you 'd never know there was a world outside
we visited bread bar during january restaurant week and were so pleased with the menu selections and service	menu selections	positive	pleased																							we visited bread bar during january restaurant week and were so pleased with the menu selections and service
also make sure you pay attention to the music being piped in - quite a weird selection	music	neutral	weird																							also make sure you pay attention to the music being piped in - quite a weird selection
you could get a much better dining experience for the same amount of money in a lot of other french bistros			better																							you could get a much better dining experience for the same amount of money in a lot of other french bistros
the establishment scores big points in presentation and style	establishment	positive	big points																							the establishment scores big points in presentation and style
the rest of the dim sum, though pricey by chinatown standards, is worth it	dim sum	conflict	pricey	worth																						the rest of the dim sum , though pricey by chinatown standards , is worth it
the wait staff is very friendly, if not overly efficient	wait staff	positive	friendly	overly efficient																						the wait staff is very friendly , if not overly efficient
the dim sum however was very good	dim sum	positive																								the dim sum however was very good
it's better than being on the roof of sutton place with 19 year old interns jabbing you in the ribs all night			better																							it 's better than being on the roof of sutton place with 19 year old interns jabbing you in the ribs all night
service has always been friendly and efficient	service	positive	friendly																							service has always been friendly and efficient
went there and had a combination of different seafood dishes and appetizers	seafood dishes	neutral																								went there and had a combination of different seafood dishes and appetizers
its a great place for a casual date or to entertain clients for lunch			great																							its a great place for a casual date or to entertain clients for lunch
the table next to us asked if he crushed the grapes himself when their long overdue bottle of wine finally arrived	grapes	neutral	overdue		bottle of wine	neutral																				the table next to us asked if he crushed the grapes himself when their long overdue bottle of wine finally arrived
prices are very good	prices	positive																								prices are very good
we could not catch our waiter's eye, and he ignored us	waiter	negative																								we could not catch our waiter 's eye , and he ignored us
fantastic place			fantastic																							fantastic place
plain and simple it's bad thai food	thai food	negative	plain	simple							bad															plain and simple it 's bad thai food
while certain staples are excellent (the burger, some of the pastas), the food is not really the point	staples	positive	excellent		burger	positive	pastas	positive	food	neutral																while certain staples are excellent ( the burger , some of the pastas ) , the food is not really the point
the dim sum was so-so, but not spectacular	dim sum	neutral	so-so																							the dim sum was so-so , but not spectacular
the food was so-so	food	neutral																								the food was so-so
the place is larger than most and features adequate seating unlike most joints, and has a bar which deserves a mention	place	positive	larger	adequate	seating	positive	bar	positive			deserves															the place is larger than most and features adequate seating unlike most joints , and has a bar which deserves a mention
threw my fiance's surprise 30th birthday dinner here couldn't be happier	dinner	neutral																								threw my fiance 's surprise 30th birthday dinner here could n't be happier
food -awesome	food	positive																								food -awesome
good music, great food, speedy service affordable prices	music	positive	good	great	food	positive	service	positive			speedy							affordable								good music , great food , speedy service affordable prices
the lobster sandwich is 24 and although it was good it was not nearly enough to warrant that price	lobster sandwich	conflict	good	enough																						the lobster sandwich is 24 and although it was good it was not nearly enough to warrant that price
may, the owner always has a smile on her and will warmly greet you	owner	positive	warmly																							may , the owner always has a smile on her and will warmly greet you
the sides were ok and incredibly salty	sides	negative	ok																							the sides were ok and incredibly salty
for some reason, all the seafood on the menu was unavailable except for the salmon	seafood	negative	unavailable		menu	negative																				for some reason , all the seafood on the menu was unavailable except for the salmon
not a large place, but it's cute and cozy	place	conflict	large	cute																						not a large place , but it 's cute and cozy
the beverages were excellent, and the dessert was good	beverages	positive	excellent		dessert	positive																				the beverages were excellent , and the dessert was good
the hostess and the waitress were incredibly rude and did everything they could to rush us out	hostess	negative	rude		waitress	negative																				the hostess and the waitress were incredibly rude and did everything they could to rush us out
next time, we wouldn't dare ordering anything else other than some simple asian appetizers and drinks	asian appetizers	positive	simple																							next time , we would n't dare ordering anything else other than some simple asian appetizers and drinks
please if your thinking about it go, and stay the wait you won't be disappointed	wait	negative																								please if your thinking about it go , and stay the wait you wo n't be disappointed
i must say the view of nyc is so beautiful!	view	positive	beautiful																							i must say the view of nyc is so beautiful !
if you'd like to have a nice light meal with an asian accent, long tan is a good place on the slope	meal	positive	nice	good																						if you 'd like to have a nice light meal with an asian accent , long tan is a good place on the slope
for all you lazy folks that don't want to come to alphabet city, i say, good - stay out			good																							for all you lazy folks that do n't want to come to alphabet city , i say , good - stay out
otherwise, this place has great service and prices and a nice friendly atmosphere	service	positive	great	friendly	prices	positive																				otherwise , this place has great service and prices and a nice friendly atmosphere
highly recommend this as great value for excellent sushi and service	value	positive	recommend	great	sushi	positive					excellent															highly recommend this as great value for excellent sushi and service
this place would be so much better served by being run by a group that actually understands customer service	served	negative	better																							this place would be so much better served by being run by a group that actually understands customer service
a++ the service was good to excellent along with the attitude	service	positive	good	excellent																						a++ the service was good to excellent along with the attitude
the food is awesome - definitely try the striped bass	food	positive	awesome		striped bass	positive																				the food is awesome - definitely try the striped bass
black white shakes came out good also	black white shakes	positive	good																							black white shakes came out good also
it's simply the best meal in nyc	meal	positive	best																							it 's simply the best meal in nyc
the seating was if they were trying to get the maximum amount of people into the restaurant, so be nice to your neighbor when you dine here	seating	negative																								the seating was if they were trying to get the maximum amount of people into the restaurant , so be nice to your neighbor when you dine here
i ordered the chu chu curry and my friend ordered the pad thai chicken	chu chu curry	neutral			pad thai chicken	neutral																				i ordered the chu chu curry and my friend ordered the pad thai chicken
we go on mondays for the prix fixe and our experience with the food has been comparable to blue ribbon	prix fixe	neutral	comparable		food	neutral																				we go on mondays for the prix fixe and our experience with the food has been comparable to blue ribbon
tuk tuk is my second favorite neighborhood thai place (the first being joya)			favorite																							tuk tuk is my second favorite neighborhood thai place ( the first being joya )
however, they've got the most amazing pastrami and the soups hit the spot	pastrami	positive	amazing	hit the spot	soups	positive																				however , they 've got the most amazing pastrami and the soups hit the spot
this is some really good, inexpensive sushi			good	inexpensive																						this is some really good , inexpensive sushi
my personal favorite is an everything bagel with lox spread, but all the bagles are unbeliavably good	bagel with lox spread	positive	favorite		bagles	positive																				my personal favorite is an everything bagel with lox spread , but all the bagles are unbeliavably good
i wouldn't even have complained at all if the food at least tasted good but the quality of food was crappy, too	food	negative	good	crappy	quality of food	negative																				i would n't even have complained at all if the food at least tasted good but the quality of food was crappy , too
for the next hour and a half we stood in the crowded lobby area of this touristy restaurant listening to all types of explanations of why we were not being seated	lobby area	negative	crowded																							for the next hour and a half we stood in the crowded lobby area of this touristy restaurant listening to all types of explanations of why we were not being seated
the pizza is delicious and the proprietor is one of the nicest in nyc	pizza	positive	delicious	nicest	proprietor	positive																				the pizza is delicious and the proprietor is one of the nicest in nyc
also good for client lunch meetings, esp	lunch meetings	neutral	good																							also good for client lunch meetings , esp
the decor is dark, cool and soothing, while the food's presentation is spectacular, considering the low prices	decor	positive	dark	cool	food's presentation	positive					soothing							spectacular	low							the decor is dark , cool and soothing , while the food 's presentation is spectacular , considering the low prices
the waitstaff were very nice and suggested swordfish for my husband he enjoyed his meal	waitstaff	positive	nice	enjoyed	swordfish	positive																				the waitstaff were very nice and suggested swordfish for my husband he enjoyed his meal
the setting is casual and romantic	setting	positive	casual																							the setting is casual and romantic
terrible, terrible management - deserves to be shut-down	management	negative	terrible	terrible																						terrible , terrible management - deserves to be shut-down
the desserts are more appealing then stuffy overpriced french restaurants	desserts	positive	appealing	overpriced																						the desserts are more appealing then stuffy overpriced french restaurants
the italian food has flavor (that can be sort of surprising on the ues), and the service turns from a nightmare to attentive, they sort of remind me of the ny yankees of the late 90's, no matter how bad it look, you knew that there was a rally just around the corner	italian food	positive	surprising	attentive	service	conflict					bad															the italian food has flavor ( that can be sort of surprising on the ues ) , and the service turns from a nightmare to attentive , they sort of remind me of the ny yankees of the late 90 's , no matter how bad it look , you knew that there was a rally just around the corner
i found the food to be outstanding, particulary the salmon dish i had	food	positive	outstanding		salmon dish	positive																				i found the food to be outstanding , particulary the salmon dish i had
mizu is home to creative and unique rolls not to found anywhere else	rolls	positive	creative	unique																						mizu is home to creative and unique rolls not to found anywhere else
baluchi's has solid food and a nice decor at reasonable prices	food	positive	solid	nice	decor	positive					reasonable															baluchi 's has solid food and a nice decor at reasonable prices
emilio, the owner, is often sitting in the front table greeting guests as they come and go	owner	positive																								emilio , the owner , is often sitting in the front table greeting guests as they come and go
i have been to spice three times- twice during lunch and once at dinner	lunch	neutral																								i have been to spice three times- twice during lunch and once at dinner
moules were excellent, lobster ravioli was very salty!	moules	positive	excellent	salty	lobster ravioli	negative																				moules were excellent , lobster ravioli was very salty !
i came to this restaurant expecting to be surprised but left bored and overcharged			bored																							i came to this restaurant expecting to be surprised but left bored and overcharged
a cheap eat for nyc, but not for dosa	eat	positive	cheap																							a cheap eat for nyc , but not for dosa
the seafood is amazing, there's a good wine list, and the ever-changing menu always offers some great surprises	seafood	positive	amazing	good	wine list	positive	menu	positive			ever-changing							great								the seafood is amazing , there 's a good wine list , and the ever-changing menu always offers some great surprises
i don't usually order wine with indian so i can't comment on their wine list or their wines	wine	neutral			indian	neutral	wine list	neutral																		i do n't usually order wine with indian so i ca n't comment on their wine list or their wines
pastrami or corned beef are juicy and piled high (ask for extra rye bread)	pastrami or corned beef	positive	juicy		rye bread	positive																				pastrami or corned beef are juicy and piled high ( ask for extra rye bread )
the food was just ok, at least for what food was available	food	neutral	ok		food	negative																				the food was just ok , at least for what food was available
the waitress was very patient with us and the food is phenomenal!	waitress	positive	patient	phenomenal	food	positive																				the waitress was very patient with us and the food is phenomenal !
the people that work there are always so friendly you forget you are in new york sometimes	people	positive	friendly																							the people that work there are always so friendly you forget you are in new york sometimes
we didn't even see a menu, as our waiter described both the specials and the main dishes	menu	neutral			waiter	positive	specials	neutral	main dishes	neutral																we did n't even see a menu , as our waiter described both the specials and the main dishes
the location and ambience is ok but the food is what makes up for it	location	neutral	ok	makes up	ambience	neutral	food	positive																		the location and ambience is ok but the food is what makes up for it
otherwise, good stuff for late nite eats	stuff	positive	good																							otherwise , good stuff for late nite eats
the dinner was ok, nothing i would have again	dinner	negative	ok																							the dinner was ok , nothing i would have again
i love and i know gourmet food by excellence!	gourmet food	positive	love																							i love and i know gourmet food by excellence !
i plan to come here again and look forward to trying their assortment of bruschetta, panini's	bruschetta	positive	look forward		panini	positive																				i plan to come here again and look forward to trying their assortment of bruschetta , panini 's
great people watching as others do the same to you			great																							great people watching as others do the same to you
he offers subpar service and has no personality	service	negative	subpar																							he offers subpar service and has no personality
the waitress remembers me and is very friendly, she knows what my regular is and that's the fried mini buns with the condensed milk and the assorted fruits on beancurd	waitress	positive	friendly		fried mini buns with the condensed milk and the assorted fruits on beancurd	positive																				the waitress remembers me and is very friendly , she knows what my regular is and that 's the fried mini buns with the condensed milk and the assorted fruits on beancurd
diner food at bistro prices is a bummer	food	negative			prices	negative																				diner food at bistro prices is a bummer
while we thoroughly enjoyed the food, it was annoying to scream across the table for conversation	food	positive	enjoyed	annoying																						while we thoroughly enjoyed the food , it was annoying to scream across the table for conversation
the portions are large and the servers always surprise us with a different starter	portions	positive	large	surprise	servers	positive					different															the portions are large and the servers always surprise us with a different starter
delicious bagels, especially when right out of the oven	bagels	positive	delicious																							delicious bagels , especially when right out of the oven
all the food was hot tasty	food	positive																								all the food was hot tasty
this is one great place to eat pizza more out but not a good place for take-out pizza	pizza	positive	great	good	take-out pizza	negative																				this is one great place to eat pizza more out but not a good place for take-out pizza
would recommend this place as a good date spot if you don't want to drop a ton of cash			recommend	good																						would recommend this place as a good date spot if you do n't want to drop a ton of cash
first of all, this place is *not* romantic, as claimed by citysearch's editorial review	place	negative	romantic																							first of all , this place is *not* romantic , as claimed by citysearch 's editorial review
the second you walk through the heavy vault like door, with people anticipating your arrival you get the sense that you are going to have the dining ride of a lifetime	door	neutral	heavy																							the second you walk through the heavy vault like door , with people anticipating your arrival you get the sense that you are going to have the dining ride of a lifetime
much more reasonably priced too!	priced	positive	reasonably																							much more reasonably priced too !
if you venture off the island of manhattan and can't seem to find a great italian restaurant, drive to corona			great																							if you venture off the island of manhattan and ca n't seem to find a great italian restaurant , drive to corona
the food was not very tasty, the portioins were tiny even for such a high quality restaurant	food	negative	tasty	tiny	portioins	negative					high															the food was not very tasty , the portioins were tiny even for such a high quality restaurant
my friend from milan and myself were pleasantly surprised when we arrived and everyone spoke italian			pleasantly surprised																							my friend from milan and myself were pleasantly surprised when we arrived and everyone spoke italian
others have to go to other restaurants and feel sad until they're eaten			sad																							others have to go to other restaurants and feel sad until they 're eaten
why make a reservation if you aren't going to keep it	reservation	negative																								why make a reservation if you are n't going to keep it
highly recommended!!!!!			recommended																							highly recommended ! ! ! ! !
went here last night and had a pleasant experience			pleasant																							went here last night and had a pleasant experience
the food is o.k., but not any better than what you get at a good neighborhood restaurant	food	neutral	better																							the food is o.k. , but not any better than what you get at a good neighborhood restaurant
while the 20 entree range is not overly expensive, in new york city, there is definitely better food in that range, and so sapphire, despite it's lovely atmosphere, will most likely not be a restaurant to which i will return	entree range	positive	overly expensive	better	food	negative	atmosphere	positive			lovely															while the 20 entree range is not overly expensive , in new york city , there is definitely better food in that range , and so sapphire , despite it 's lovely atmosphere , will most likely not be a restaurant to which i will return
i had been searching really hard for a restaurant in new york where i could really feel unwanted and ignored and i finally found it!			unwanted	ignored																						i had been searching really hard for a restaurant in new york where i could really feel unwanted and ignored and i finally found it !
well, their deliveries take for ever and the food is usually cold	deliveries	negative			food	negative																				well , their deliveries take for ever and the food is usually cold
the staff is no nonsense	staff	positive																								the staff is no nonsense
chinese desserts are known for healthful benefits in addition to the sweetness			healthful																							chinese desserts are known for healthful benefits in addition to the sweetness
wonderful at holiday time			wonderful																							wonderful at holiday time
and really large portions			large																							and really large portions
this is a great thai restaurant with a very friendly staff			great	friendly																						this is a great thai restaurant with a very friendly staff
i ordered the smoked salmon and roe appetizer and it was off flavor	smoked salmon and roe appetizer	negative	off flavor																							i ordered the smoked salmon and roe appetizer and it was off flavor
we went here for lunch a couple of weeks ago on a saturday, and i was thoroughly impressed with the food	lunch	neutral	impressed																							we went here for lunch a couple of weeks ago on a saturday , and i was thoroughly impressed with the food
i recommend the garlic shrimp, okra (bindi), and anything with lamb	garlic shrimp	positive	recommend		okra (bindi)	positive																				i recommend the garlic shrimp , okra ( bindi ) , and anything with lamb
as a japanese native, i've lived in the tristate area for over 8 years, but i was just so amazed at this place			amazed																							as a japanese native , i 've lived in the tristate area for over 8 years , but i was just so amazed at this place
to give you an idea of how good we thought it was, we ended up going to ping's three weekends in a row!!!			good																							to give you an idea of how good we thought it was , we ended up going to ping 's three weekends in a row ! ! !
the menu was impressive with selections ranging from a burger, to steak, to escargot	menu	positive	impressive		burger	neutral	steak	neutral																		the menu was impressive with selections ranging from a burger , to steak , to escargot
the food is great and authentic	food	positive	great																							the food is great and authentic
love yuka			love																							love yuka
anyway, the food is good, the price is right and they have a decent wine list	food	positive	good	right	price	positive	wine list	positive			decent															anyway , the food is good , the price is right and they have a decent wine list
prices are higher to dine in and their chicken tikka marsala is quite good	prices	negative	higher		chicken tikka marsala	positive																				prices are higher to dine in and their chicken tikka marsala is quite good
this place has many different styles of pizza and they are all amazing	styles of pizza	positive	different																							this place has many different styles of pizza and they are all amazing
the photos of the restaurant in its web site are way better than the real look			better																							the photos of the restaurant in its web site are way better than the real look
the food was lousy - too sweet or too salty and the portions tiny	food	negative	lousy	sweet	portions	negative					salty															the food was lousy - too sweet or too salty and the portions tiny
but the coconut rice was good	coconut rice	positive																								but the coconut rice was good
overall i would recommend it and go back again			recommend																							overall i would recommend it and go back again
pair you food with the excellent beers on tap or their well priced wine list	food	neutral	excellent	well	beers on tap	positive	wine list	positive																		pair you food with the excellent beers on tap or their well priced wine list
if you like your music blasted and the system isnt that great and if you want to pay at least 100 dollar bottle minimun then you'll love it here	music	negative	like	great	bottle minimun	negative					love															if you like your music blasted and the system isnt that great and if you want to pay at least 100 dollar bottle minimun then you 'll love it here
all of my co-workers stated that the food was amazing and wondered why they hadn't heard about this place	food	positive	amazing																							all of my co-workers stated that the food was amazing and wondered why they had n't heard about this place
the restaurant is rather small but we were lucky to get a table quickly	table	positive	small																							the restaurant is rather small but we were lucky to get a table quickly
i love this cozy around the way rest			love	cozy																						i love this cozy around the way rest
quality of food is excellent and price is cheap, stick to pork, fish, chicken, lamb and vegetables	quality of food	positive	excellent	cheap	price	positive	pork	positive	fish	positive		chicken	positive	lamb	positive											quality of food is excellent and price is cheap , stick to pork , fish , chicken , lamb and vegetables
this is my favorite italian restaurant in all of new york city			favorite																							this is my favorite italian restaurant in all of new york city
the place is a little tight and on a cold day, the seating by the entranceway can be pretty drafty	place	negative	tight		seating	negative																				the place is a little tight and on a cold day , the seating by the entranceway can be pretty drafty
but, they were too big for the bun			big																							but , they were too big for the bun
the food is fresh, delicious, and reasonably priced	food	positive	fresh	delicious							reasonably															the food is fresh , delicious , and reasonably priced
a few tips skip the turnip cake, roast pork buns and egg custards	turnip cake	negative			roast pork buns	negative	egg custards	negative																		a few tips skip the turnip cake , roast pork buns and egg custards
the bagels are fabulous	bagels	positive																								the bagels are fabulous
although they do the typical what kind of water would you like questions the service was good and overall very relaxing to place to eat	water	neutral	good	relaxing	service	positive	place	positive																		although they do the typical what kind of water would you like questions the service was good and overall very relaxing to place to eat
the food was very good, a great deal, and the place its self was great	food	positive	good	great	place	positive																				the food was very good , a great deal , and the place its self was great
a great choice at any cost and a great deal	cost	positive	great	great																						a great choice at any cost and a great deal
anybody who likes this place must be from a different planet, where greasy, dry and tasteless are complimentary			greasy	dry							tasteless															anybody who likes this place must be from a different planet , where greasy , dry and tasteless are complimentary
probably much busier for lunch, it's seldom crowded for dinner (too close to downtown)	lunch	neutral	busier	crowded	dinner	neutral																				probably much busier for lunch , it 's seldom crowded for dinner ( too close to downtown )
it takes forever to get a drink and they almost always forget to bring something (although they dont forget to charge you for it	drink	neutral	forever	forget							forget															it takes forever to get a drink and they almost always forget to bring something ( although they dont forget to charge you for it
the place itself is beautiful the bar scene seems to be happening	place	positive	beautiful		bar scene	positive																				the place itself is beautiful the bar scene seems to be happening
saturday, nov. 6th i had a group from work come in with about 35 people and the staff was amazing to accomodate us	staff	positive	amazing																							saturday , nov. 6th i had a group from work come in with about 35 people and the staff was amazing to accomodate us
good spreads, great beverage selections and bagels really tasty	spreads	positive	good	great	beverage selections	positive	bagels	positive																		good spreads , great beverage selections and bagels really tasty
first, the waiter who served us neglected to fill us in on the specials, which i would have chosen had i known about them	waiter	negative	neglected		served	negative	specials	positive																		first , the waiter who served us neglected to fill us in on the specials , which i would have chosen had i known about them
also, top the meal with a delicious and perfect slice of tiramisu	meal	neutral	delicious	perfect																						also , top the meal with a delicious and perfect slice of tiramisu
it seems like this is a place the locals like and the people working here liked it too			like	like							liked															it seems like this is a place the locals like and the people working here liked it too
check out the secret back room	secret back room	positive																								check out the secret back room
it's also attached to angel's share, which is a cool, more romantic bar			cool	romantic																						it 's also attached to angel 's share , which is a cool , more romantic bar
authentic food and they have real service, not just the rush you get sometimes when they try to push you out the door	food	positive	authentic	real	service	positive																				authentic food and they have real service , not just the rush you get sometimes when they try to push you out the door
stick to the gulab jamun	gulab jamun	positive																								stick to the gulab jamun
i am amazed by the poor reviews- i find this place to be standout italian in an area flooded with italian- great prices, great atmosphere, good service and a wonderful wine list	prices	positive	standout	great	atmosphere	positive	service	positive	wine list	positive	great							good	wonderful							i am amazed by the poor reviews- i find this place to be standout italian in an area flooded with italian- great prices , great atmosphere , good service and a wonderful wine list
i was back-to-back with the diner at the table behind me and wait staff had to hoist trays over our heads as they squeezed past us again and again	diner	neutral			table	negative	wait staff	negative																		i was back-to-back with the diner at the table behind me and wait staff had to hoist trays over our heads as they squeezed past us again and again
with the theater 2 blocks away we had a delicious meal in a beautiful room	meal	positive	delicious	beautiful																						with the theater 2 blocks away we had a delicious meal in a beautiful room
i was a little leary about mary's at first - it's small, crowded and you usually have to wait on line - but i'm glad i finally tried it			leary	small							crowded							glad								i was a little leary about mary 's at first - it 's small , crowded and you usually have to wait on line - but i 'm glad i finally tried it
we were not dissappointed in the least bit by this little gem			dissappointed																							we were not dissappointed in the least bit by this little gem
by far this is the only chinese desserts place i know in ny or anywhere close in the northeastern america that serves desserts with frog jelly in a couple of varieties and pig feet ginger simmered in black vinegar	desserts with frog jelly	positive			pig feet ginger simmered in black vinegar	positive																				by far this is the only chinese desserts place i know in ny or anywhere close in the northeastern america that serves desserts with frog jelly in a couple of varieties and pig feet ginger simmered in black vinegar
the food is great and reasonably priced	food	positive	great	reasonably																						the food is great and reasonably priced
the characters really make for an enjoyable experience			enjoyable																							the characters really make for an enjoyable experience
over the years the host, vittorio, and his crew, have always treated me as family--although with all the business this not-so-little gem does, it amazing he's even able to remember a consistent but not-so-frequent visitor	host	positive	amazing		crew	positive																				over the years the host , vittorio , and his crew , have always treated me as family -- although with all the business this not-so-little gem does , it amazing he 's even able to remember a consistent but not-so-frequent visitor
the restuarant itself is not large, but seems to have several round tables to accomodate large groups hoping to save a buck to eat authentic taiwanese	round tables	positive	large	large							authentic															the restuarant itself is not large , but seems to have several round tables to accomodate large groups hoping to save a buck to eat authentic taiwanese
my husband said he could've eaten several more, the portion was fine for me he even exclaimed that the french fries were the best he has had	portion	conflict	fine	best	french fries	positive																				my husband said he could 've eaten several more , the portion was fine for me he even exclaimed that the french fries were the best he has had
the food is delicious - from the specials to the regular menu-fare, the dishes are never a disappointment	food	positive	delicious		specials	positive	regular menu-fare	positive	dishes	positive																the food is delicious - from the specials to the regular menu-fare , the dishes are never a disappointment
prices are in line	prices	neutral	in line																							prices are in line
the combination of fresh tomato sauce, fresh mozz cheese, basil and the dough they make with imported flour, makes this is one of the better pizza's in ny	fresh tomato sauce	positive	fresh	fresh	fresh mozz cheese	positive	basil	positive	dough	positive	better	flour	positive	pizza	positive											the combination of fresh tomato sauce , fresh mozz cheese , basil and the dough they make with imported flour , makes this is one of the better pizza 's in ny
for all of you new to indian food, try the paneer roll, it is a piece of heaven	indian food	positive			paneer roll	positive																				for all of you new to indian food , try the paneer roll , it is a piece of heaven
both the fresh mozzerella slices and the plain cheese slice are phenomenal	fresh mozzerella slices	positive	fresh		plain cheese slice	positive																				both the fresh mozzerella slices and the plain cheese slice are phenomenal
it's constantly open, catering to the pakistani cabbies lined up on crosby st., so there's more turnover with the food than you'd expect (i.e., surprisingly fresh)	food	positive	surprisingly fresh																							it 's constantly open , catering to the pakistani cabbies lined up on crosby st. , so there 's more turnover with the food than you 'd expect ( i.e. , surprisingly fresh )
i had filet mignon with garlic mash	filet mignon with garlic mash	neutral																								i had filet mignon with garlic mash
the waitstaff were attentive, polite and helpful - an impressive feat in such close quarters	waitstaff	positive	attentive	polite							helpful							impressive								the waitstaff were attentive , polite and helpful - an impressive feat in such close quarters
- the bread at the beginning is super tasty and makes you want more - the pizza is delicious and comes in personal sizes, however be warned that the peter's favourite pizza with prosciutto and baby arugula is actually a margarite pizza with cold prosciutto and baby arugula on top, like a salad	bread	positive	tasty	delicious	pizza	positive	peter's favourite pizza with prosciutto and baby arugula	neutral	margarite pizza with cold prosciutto and baby arugula on top	neutral																- the bread at the beginning is super tasty and makes you want more - the pizza is delicious and comes in personal sizes , however be warned that the peter 's favourite pizza with prosciutto and baby arugula is actually a margarite pizza with cold prosciutto and baby arugula on top , like a salad
yes, the prices are high, but i felt it was worth it	prices	conflict	high	worth																						yes , the prices are high , but i felt it was worth it
have always found that the waiters will go out of their way to be helpful, despite the fact they are often busy with lots of diners	waiters	positive	helpful	busy																						have always found that the waiters will go out of their way to be helpful , despite the fact they are often busy with lots of diners
while this isn't classical restaurant fare, the chef has given new life to an old cuisine with some really innovative and tasty dishes that are genuinely indian without being heavy or same old restaurant burn-outs	chef	positive	classical	innovative	cuisine	neutral	dishes	positive	indian	positive	tasty							genuinely	heavy							while this is n't classical restaurant fare , the chef has given new life to an old cuisine with some really innovative and tasty dishes that are genuinely indian without being heavy or same old restaurant burn-outs
the owner truly caters to all your needs	owner	positive	caters																							the owner truly caters to all your needs
he takes real pride in his food and his business	food	positive																								he takes real pride in his food and his business
over the years, it has always provided a pleasurable dining experience with quality food and wine	dining	positive	pleasurable	quality	food	positive																				over the years , it has always provided a pleasurable dining experience with quality food and wine
the photobook menu was a cute touch, certainly helped my group and i pick the fried chicken, pork chop, and noodle dishes that we all ordered	menu	positive	cute		fried chicken	neutral	pork chop	neutral	noodle dishes	neutral																the photobook menu was a cute touch , certainly helped my group and i pick the fried chicken , pork chop , and noodle dishes that we all ordered
too large for just two people but nothing was left			large																							too large for just two people but nothing was left
a pleasant surprise			pleasant surprise																							a pleasant surprise
i asked for an open faced cheese sandwich and the manager basically told me to take my business elsewhere!	open faced cheese sandwich	neutral			manager	negative																				i asked for an open faced cheese sandwich and the manager basically told me to take my business elsewhere !
we were fans of the half-price saturday night option until some inedible squid during a recent visit	half-price saturday night option	positive	inedible		squid	negative																				we were fans of the half-price saturday night option until some inedible squid during a recent visit
pizza is terrific, as is homemade pasta	pizza	positive	terrific		homemade pasta	positive																				pizza is terrific , as is homemade pasta
example is the soup which was about 6 oz for 12 dollars and the mushrooms where 12 for about 1oz	soup	positive			mushrooms	positive																				example is the soup which was about 6 oz for 12 dollars and the mushrooms where 12 for about 1oz
service is not exactly five star, but thats not really a big deal	service	conflict	five star																							service is not exactly five star , but thats not really a big deal
there are other people waiting!	waiting	negative																								there are other people waiting !
from beginning appetizers, the scallops were incredible, to the delicious chocolate souffle with rasberry mint sorbet, we were delighted by the taste sensations	beginning appetizers	positive	incredible	delicious	scallops	positive	chocolate souffle with rasberry mint sorbet	positive	taste	positive	delighted															from beginning appetizers , the scallops were incredible , to the delicious chocolate souffle with rasberry mint sorbet , we were delighted by the taste sensations
consistently good japanese tapas	japanese tapas	positive	good																							consistently good japanese tapas
my goodness, everything from the fish to the rice to the seaweed was absolutely amazing	fish	positive			rice	positive	seaweed	positive																		my goodness , everything from the fish to the rice to the seaweed was absolutely amazing
this place started off a little iffy, but is now one of my favorite indian restaurants in nyc (and i'm indian, so i should know)			iffy	favorite																						this place started off a little iffy , but is now one of my favorite indian restaurants in nyc ( and i 'm indian , so i should know )
they also do a great job for restaurant week			great																							they also do a great job for restaurant week
the dishes offered were unique, very tasty and fresh from the lamb sausages, sardines with biscuits, large whole shrimp to the amazing pistachio ice cream (the best and freshest i've ever had)	dishes	positive	unique	tasty	lamb sausages	positive	sardines with biscuits	positive	large whole shrimp	positive	fresh	pistachio ice cream	positive					large	amazing			best	freshest			the dishes offered were unique , very tasty and fresh from the lamb sausages , sardines with biscuits , large whole shrimp to the amazing pistachio ice cream ( the best and freshest i 've ever had )
the food is reliable and the price is moderate	food	positive	reliable		price	neutral																				the food is reliable and the price is moderate
while the ambiance and atmosphere were great, the food and service could have been a lot better	ambiance	positive	great		atmosphere	positive	food	negative	service	negative																while the ambiance and atmosphere were great , the food and service could have been a lot better
we were in search of food and stumbled on this block of indian restaurants on east sixth street	food	neutral																								we were in search of food and stumbled on this block of indian restaurants on east sixth street
planet thailand has always been a hit with me, i go there usually for the sushi, which is great, the thai food is excellent too	sushi	positive	great	excellent	thai food	positive																				planet thailand has always been a hit with me , i go there usually for the sushi , which is great , the thai food is excellent too
very excited to hear that short-term chef jason narone has moved on, he truly was a low point of their sterling track record	chef	negative	excited																							very excited to hear that short-term chef jason narone has moved on , he truly was a low point of their sterling track record
well worth the trip, close to city hall and downtown subway stops			well worth																							well worth the trip , close to city hall and downtown subway stops
we recently decided to try this location, and to our delight, they have outdoor seating, perfect since i had my yorkie with me	outdoor seating	positive	delight	perfect																						we recently decided to try this location , and to our delight , they have outdoor seating , perfect since i had my yorkie with me
my husband had the mesclun, salmon, and ice cream and he enjoyed all 3 courses	mesclun	positive	enjoyed		salmon	positive	ice cream	positive																		my husband had the mesclun , salmon , and ice cream and he enjoyed all 3 courses
we were told that the wait was about twenty minutes and there would be no problem for our pm curtain call	wait	neutral																								we were told that the wait was about twenty minutes and there would be no problem for our pm curtain call
the food is usually good but it certainly isn't a relaxing place to go	food	positive	good	relaxing	place	negative																				the food is usually good but it certainly is n't a relaxing place to go
super friendly and knowledgable staff, fabulous bistro fare and a wonderful jazz brunch with great live jazz (the chilaquiles were awesome!	staff	positive	friendly	knowledgable	bistro fare	positive	jazz brunch	positive	live jazz	positive	fabulous	chilaquiles	positive					wonderful	great			awesome				super friendly and knowledgable staff , fabulous bistro fare and a wonderful jazz brunch with great live jazz ( the chilaquiles were awesome !
the prices were fantastic	prices	positive																								the prices were fantastic
what a great place!			great																							what a great place !
still, any quibbles about the bill were off-set by the pour-your-own measures of liquers which were courtesey of the house	bill	conflict	off-set		measures of liquers	positive																				still , any quibbles about the bill were off-set by the pour-your-own measures of liquers which were courtesey of the house
the table service could have been a little more attentive but as someone who also works in the service industry, i understood they were busy	table service	conflict	attentive		service	neutral																				the table service could have been a little more attentive but as someone who also works in the service industry , i understood they were busy
it's not mind-blowing, but to me, thai food never is and never will be	thai food	neutral	mind-blowing																							it 's not mind-blowing , but to me , thai food never is and never will be
food was very good as well, considering that we tried the budget selection (though i wish the pork belly that i ordered was roasted a bit longer, so that fat was more of a melt-in-your-mouth experience)	food	positive	good	longer	pork belly	negative	fat	negative																		food was very good as well , considering that we tried the budget selection ( though i wish the pork belly that i ordered was roasted a bit longer , so that fat was more of a melt-in-your-mouth experience )
even though it is a little loud, you don't have to yell at each other to talk			loud																							even though it is a little loud , you do n't have to yell at each other to talk
i've been to sapphire twice and both times the food was fine, if not good	food	positive	fine																							i 've been to sapphire twice and both times the food was fine , if not good
it is kinda nosiy and the tables are close together but it's still a beautiful place to enjoy a nice dinner	tables	negative	nosiy	close	place	positive					beautiful							enjoy	nice							it is kinda nosiy and the tables are close together but it 's still a beautiful place to enjoy a nice dinner
service was prompt, friendly and great	service	positive	friendly																							service was prompt , friendly and great
i haven't eat a lamb chop as delicious as that, the salads are really nice dressed with lemon and extra virgnin olive oil	lamb chop	positive	delicious	nice	salads	positive	lemon	positive	extra virgnin olive oil	positive																i have n't eat a lamb chop as delicious as that , the salads are really nice dressed with lemon and extra virgnin olive oil
the sushi was awful!	sushi	negative	awful																							the sushi was awful !
the pastrami sandwich was like buttah and with pickles and an icy cold beer to wash it down, it was a pleasurable experience	pastrami sandwich	positive	pleasurable		pickles	positive	beer	positive																		the pastrami sandwich was like buttah and with pickles and an icy cold beer to wash it down , it was a pleasurable experience
late nite omelletes are not good here, there is no variety!	omelletes	negative	good																							late nite omelletes are not good here , there is no variety !
after all that, they complained to me about the small tip			small																							after all that , they complained to me about the small tip
it's a great place to pick up a cheap lunch or dinner	lunch	positive	great	cheap																						it 's a great place to pick up a cheap lunch or dinner
behind this counter, two men are squeezed in	counter	negative	squeezed																							behind this counter , two men are squeezed in
whenever you need a sushi fix, mizu will be there with quality fish and great service	sushi fix	positive	quality	great	fish	positive																				whenever you need a sushi fix , mizu will be there with quality fish and great service
our waitress was sweet and accomodating, not overbearing	waitress	positive	sweet	accomodating																						our waitress was sweet and accomodating , not overbearing
went there with my wife and we had to wait for a table even though you could see there many that were empty with not reservation sigh on them	table	negative			reservation sigh	neutral																				went there with my wife and we had to wait for a table even though you could see there many that were empty with not reservation sigh on them
i was really disappointed ant wanted to tell everyone not to go eat or even take out food from there	food	negative	disappointed																							i was really disappointed ant wanted to tell everyone not to go eat or even take out food from there
the website and rating makes this place look wonderful but in reality it was very disappointing	place	conflict																								the website and rating makes this place look wonderful but in reality it was very disappointing
despite a slightly limited menu, everything prepared is done to perfection, ultra fresh and a work of food art	menu	negative	limited	perfection	food art	positive					fresh															despite a slightly limited menu , everything prepared is done to perfection , ultra fresh and a work of food art
the outdoor atmosphere of sitting on the sidewalk watching the world go by 50 feet away on 6th avenue on a cool evening was wonderful	outdoor atmosphere	positive																								the outdoor atmosphere of sitting on the sidewalk watching the world go by 50 feet away on 6th avenue on a cool evening was wonderful
it is not worth for that bucks			worth																							it is not worth for that bucks
brick oven gallery is my pick for best pizza restaurant anywhere	pizza	positive	best																							brick oven gallery is my pick for best pizza restaurant anywhere
add to that great service and great food at a reasonable price and you have yourself the beginning of a great evening	service	positive	great	great	food	positive	price	positive			reasonable							great								add to that great service and great food at a reasonable price and you have yourself the beginning of a great evening
for many people, this may not seem like aunthentic thai food because most places in nyc arent quite authentic	thai food	negative																								for many people , this may not seem like aunthentic thai food because most places in nyc arent quite authentic
oh, don't even let me start with how expensive the bills were!	bills	negative	expensive																							oh , do n't even let me start with how expensive the bills were !
the scallion pancakes and fried dumplings were nothing out of the ordinary	scallion pancakes	neutral			fried dumplings	neutral																				the scallion pancakes and fried dumplings were nothing out of the ordinary
all the appetizers and salads were fabulous, the steak was mouth watering and the pasta was delicious!!!	appetizers	positive	fabulous	watering	salads	positive	steak	positive	pasta	positive	delicious															all the appetizers and salads were fabulous , the steak was mouth watering and the pasta was delicious ! ! !
besides having the table we had been promised given to other restaurant patrons twice before we were actually seated, we were served dishes we hadn't ordered three times, received one of our orders 20 minutes after the rest of the table had been served (and that order was undercooked), and charged 45 more than we should have been on our bill	table	negative	undercooked		dishes	negative	table	negative	served	negative																besides having the table we had been promised given to other restaurant patrons twice before we were actually seated , we were served dishes we had n't ordered three times , received one of our orders 20 minutes after the rest of the table had been served ( and that order was undercooked ) , and charged 45 more than we should have been on our bill
the food now is inconsistent	food	negative																								the food now is inconsistent
you can also special order any kind of dumpling, etc	dumpling	positive																								you can also special order any kind of dumpling , etc
i was pretty much full after our fondue appetizer	fondue appetizer	neutral																								i was pretty much full after our fondue appetizer
the octopus eaters were floored by the octopus salad	octopus salad	positive																								the octopus eaters were floored by the octopus salad
we thought that this place is using too much of msg cooking in the foods	msg cooking	negative	too much																							we thought that this place is using too much of msg cooking in the foods
and the tom kha soup was pathetic	tom kha soup	negative																								and the tom kha soup was pathetic
i started out with a bombay beer which was big enough for two	bombay beer	positive	big																							i started out with a bombay beer which was big enough for two
the decor is vibrant and eye-pleasing with several semi-private boths on the right side of the dining hall, which are great for a date	decor	positive	vibrant	eye-pleasing	semi-private boths	positive	dining hall	positive			great															the decor is vibrant and eye-pleasing with several semi-private boths on the right side of the dining hall , which are great for a date
service was quick	service	positive																								service was quick
went there for an office lunch	office lunch	neutral																								went there for an office lunch
i have been doing all of the above at the heartland brewery for over 5 years now and i have never been disappointed!			disappointed																							i have been doing all of the above at the heartland brewery for over 5 years now and i have never been disappointed !
the sweet lassi was excellent as was the lamb chettinad and the garlic naan but the rasamalai was forgettable	sweet lassi	positive	excellent		lamb chettinad	positive	garlic naan	positive	rasamalai	negative																the sweet lassi was excellent as was the lamb chettinad and the garlic naan but the rasamalai was forgettable
we've been following chef lyle's food around new york for 15 years and while remaining classic, his innovations with bistro fare have made us return and return	chef	positive	classic		food	positive	bistro fare	positive																		we 've been following chef lyle 's food around new york for 15 years and while remaining classic , his innovations with bistro fare have made us return and return
the best thing i tasted were the lambchops			best																							the best thing i tasted were the lambchops
the spicy tuna and salmon are the best we've ever had	spicy tuna	positive	best		salmon	positive																				the spicy tuna and salmon are the best we 've ever had
even though its good seafood, the prices are too high	seafood	positive	good		prices	negative																				even though its good seafood , the prices are too high
in addition, the food is very good and the prices are reasonable	food	positive	good		prices	positive																				in addition , the food is very good and the prices are reasonable
upon entering, we were greeted by the owners, steven and frederick, who went out of their way to be more than gracious hosts	owners	positive	gracious																							upon entering , we were greeted by the owners , steven and frederick , who went out of their way to be more than gracious hosts
been going here since it opened have seen the quality value decrease considerably	quality value	negative	decrease																							been going here since it opened have seen the quality value decrease considerably
meat dishes now adorn the selections, although there's still a large number of vegetarian-friendly choices	meat dishes	neutral	large		vegetarian-friendly choices	positive																				meat dishes now adorn the selections , although there 's still a large number of vegetarian-friendly choices
i never had anything i didn't like here			like																							i never had anything i did n't like here
reasonable prices			reasonable																							reasonable prices
they bring service up a notch by offerng complementary amuse bouche to all tables and gave us a small dessert for our celebration	service	positive	notch	complementary	amuse bouche	positive	tables	positive	dessert	positive																they bring service up a notch by offerng complementary amuse bouche to all tables and gave us a small dessert for our celebration
try the crunchy tuna, it is to die for	crunchy tuna	positive	die for																							try the crunchy tuna , it is to die for
all in all, this midtown gem instantly became one of my favorite sushi restaurants in the city	sushi	positive	favorite																							all in all , this midtown gem instantly became one of my favorite sushi restaurants in the city
it is a lot of fun with live entertainment and all kinds of disney type special effects	live entertainment	positive	fun	special	special effects	positive																				it is a lot of fun with live entertainment and all kinds of disney type special effects
no refills on fountain drinks, though	fountain drinks	negative																								no refills on fountain drinks , though
wow over 100 beers to choose from	beers	positive																								wow over 100 beers to choose from
be careful of portions - they're huge	portions	positive																								be careful of portions - they 're huge
the steak tartare is a great bet, they fix it for you at the table	steak tartare	positive	great																							the steak tartare is a great bet , they fix it for you at the table
my first time there i happened not to like the crab croquette apt that i ordered and they were happy to change it for me without making no big deal	crab croquette apt	negative	like																							my first time there i happened not to like the crab croquette apt that i ordered and they were happy to change it for me without making no big deal
plus, on wednesday nights the house wine is unlimited!	house wine	positive	unlimited																							plus , on wednesday nights the house wine is unlimited !
it is by far my favorite restaurant in brooklyn			favorite																							it is by far my favorite restaurant in brooklyn
now it's so crowded and loud you can't even talk to the person next to you			crowded	loud																						now it 's so crowded and loud you ca n't even talk to the person next to you
love pizza 33..			love																							love pizza 33..
even my indian friend couldn't believe how good and tasty everything was			good	tasty																						even my indian friend could n't believe how good and tasty everything was
i'm from england, and haru's was the best i had in nyc			best																							i 'm from england , and haru 's was the best i had in nyc
the dim sum servings here are a bit larger than i'm used to	dim sum servings	neutral	larger																							the dim sum servings here are a bit larger than i 'm used to
however, in the summer of 2003, it seems the management has changed and the great big door has been replaced for a glass front ridding itself of the dark romantic getup	management	neutral	big		door	positive	glass front	negative																		however , in the summer of 2003 , it seems the management has changed and the great big door has been replaced for a glass front ridding itself of the dark romantic getup
we won't go to this place again for a good meal			good																							we wo n't go to this place again for a good meal
barbecued codfish was gorgeously moist - as if poached - yet the fabulous texture was let down by curiously bland seasoning - a spice rub might have overwhelmed, however herb mix or other sauce would have done much to enhance	barbecued codfish	positive	moist	fabulous	texture	conflict	seasoning	negative	spice rub	negative	bland	herb mix	negative	sauce	negative			overwhelmed								barbecued codfish was gorgeously moist - as if poached - yet the fabulous texture was let down by curiously bland seasoning - a spice rub might have overwhelmed , however herb mix or other sauce would have done much to enhance
after dinner, take your date to the huge dance floor, probably one of the biggest you'll see in ny	dinner	neutral	huge	biggest	dance floor	positive																				after dinner , take your date to the huge dance floor , probably one of the biggest you 'll see in ny
has the chef and owner changed	chef	neutral			owner	neutral																				has the chef and owner changed
my boyfriend and i recently had an early dinner at artisanal and was satisfied with our experience	dinner	positive	satisfied																							my boyfriend and i recently had an early dinner at artisanal and was satisfied with our experience
i absolutely loved this place			loved																							i absolutely loved this place
but don't ever order bacon late at nite (either platter or in sandwiches, for that matter don't from any take out place) as it is from the morning frying turns out hard almost like bacos, hurt my molars	bacon	negative	hurt		platter	negative	in sandwiches	negative	frying	negative		bacos	negative													but do n't ever order bacon late at nite ( either platter or in sandwiches , for that matter do n't from any take out place ) as it is from the morning frying turns out hard almost like bacos , hurt my molars
outstanding bagels, but you get what you pay for	bagels	positive	outstanding																							outstanding bagels , but you get what you pay for
pizza - the only pizza in nyc that should not have additional toppings - the crust tastes like the best, freshly baked bread!	pizza	positive	best	freshly baked	pizza	positive	toppings	neutral	crust	positive		bread	positive													pizza - the only pizza in nyc that should not have additional toppings - the crust tastes like the best , freshly baked bread !
if you're in town, it's worth searching for another place			worth																							if you 're in town , it 's worth searching for another place
i found it on a cold night, the perfect spot to warm up	spot	positive	perfect																							i found it on a cold night , the perfect spot to warm up
they even have a section in the menu called american chinese food!	menu	negative			american chinese food	negative																				they even have a section in the menu called american chinese food !
kalbi and nebbiolo do work together	kalbi	neutral			nebbiolo	neutral																				kalbi and nebbiolo do work together
best italian food i ever had (and being italian, that means alot)	italian food	positive	best																							best italian food i ever had ( and being italian , that means alot )
i will recommend scopa to all of my friends for a place to go for wonderful italian food	italian food	positive	recommend	wonderful																						i will recommend scopa to all of my friends for a place to go for wonderful italian food
located at the end of a magnificent block	located	positive																								located at the end of a magnificent block
this restaurant is not worth the time, effort, or money to say the least			worth																							this restaurant is not worth the time , effort , or money to say the least
looking around, i saw a room full of new yorkers enjoying a real meal in a real restaurant, not a clubhouse of the fabulous trying to be seen	room	neutral	enjoying	real	meal	positive	clubhouse	negative			real							fabulous								looking around , i saw a room full of new yorkers enjoying a real meal in a real restaurant , not a clubhouse of the fabulous trying to be seen
keep up the good work guys!			good																							keep up the good work guys !
hurley's is terrific!			terrific																							hurley 's is terrific !
they don't walk around with the trays of dim sum	trays of dim sum	neutral																								they do n't walk around with the trays of dim sum
great bar, most gorgeous bartenders you've ever seen (specifically the blond lady)	bar	positive	great	gorgeous	bartenders	positive																				great bar , most gorgeous bartenders you 've ever seen ( specifically the blond lady )
we were planning to get dessert but the waitress basically through the bill at us before we had a chance to order	dessert	neutral			waitress	negative	bill	neutral																		we were planning to get dessert but the waitress basically through the bill at us before we had a chance to order
i really loved the different and inovated touch that's the cheff gives to the food	cheff	positive	loved	different							inovated															i really loved the different and inovated touch that 's the cheff gives to the food
they came out over cooked and the cheese was almost non existant	cheese	negative	over cooked	non existant																						they came out over cooked and the cheese was almost non existant
my husband and i thougt it would be great to go to the jekyll and hyde pub for our anniversary, and to our surprise it was fantastic			great																							my husband and i thougt it would be great to go to the jekyll and hyde pub for our anniversary , and to our surprise it was fantastic
the food is good, especially their more basic dishes, and the drinks are delicious	food	positive	good		dishes	positive	drinks	positive																		the food is good , especially their more basic dishes , and the drinks are delicious
but the main hit was the whole grilled fish	whole grilled fish	positive	hit																							but the main hit was the whole grilled fish
i had the tuna tartare with sake, mushroom ravioli with pinot noir, and the chocolate sampler with a dessert wine for 49	tuna tartare	positive			sake	positive	mushroom ravioli	positive	pinot noir	positive		chocolate sampler	positive	dessert wine	positive											i had the tuna tartare with sake , mushroom ravioli with pinot noir , and the chocolate sampler with a dessert wine for 49
on a hot day it was fabulous to stop in and enjoy lunch			fabulous	enjoy																						on a hot day it was fabulous to stop in and enjoy lunch
the food is delicious and beautifully prepared along with the friendly and personable service	food	positive	delicious	beautifully							friendly							personable								the food is delicious and beautifully prepared along with the friendly and personable service
i usually go there later at night when i get off work so i don't have to deal with crowds or lines	crowds	negative																								i usually go there later at night when i get off work so i do n't have to deal with crowds or lines
pizza here is consistently good	pizza	positive																								pizza here is consistently good
we had a great tiem watching the shows and characters and ar food was just what we were looking for	shows	positive	great		characters	positive	food	positive																		we had a great tiem watching the shows and characters and ar food was just what we were looking for
after 2 tries by the waiter to take it away (we hadn't even looked at it yet, we had full beers yet to drink), the manager approached and told us they needed the table for people with reservations	waiter	negative			beers	neutral	manager	negative																		after 2 tries by the waiter to take it away ( we had n't even looked at it yet , we had full beers yet to drink ) , the manager approached and told us they needed the table for people with reservations
wouldn't recomend it for dinner!	dinner	negative	recomend																							would n't recomend it for dinner !
sauce was watery and the food didn't have much flavor	sauce	negative	watery		food	negative																				sauce was watery and the food did n't have much flavor
my husband and i enjoy sangria			enjoy																							my husband and i enjoy sangria
but after last night, spice grill is the only place i'm eating indian cuisine	indian cuisine	positive																								but after last night , spice grill is the only place i 'm eating indian cuisine
we both opted for a pasta dish and they were served timely and fresh	pasta dish	positive	timely		served	positive																				we both opted for a pasta dish and they were served timely and fresh
first the wrong bread came out with the appetizer, then when i tried to order a second glass of wine for my main course	bread	negative	wrong		appetizer	neutral	glass of wine	neutral	main course	neutral																first the wrong bread came out with the appetizer , then when i tried to order a second glass of wine for my main course
not sure where the previous reviewer, lonk, dined, but saul is in a great neighborhood and has great food!	neighborhood	positive	great	great	food	positive																				not sure where the previous reviewer , lonk , dined , but saul is in a great neighborhood and has great food !
in an area sadly lacking in decent thai food, this is one of the best spots	thai food	positive	decent	best																						in an area sadly lacking in decent thai food , this is one of the best spots
make reservations but expect to be delayed 15-20 minutes as the hosting staff was having difficulty seating guests who arrived with a reservation because they probably had a lot of walk ins being so close to time square	reservations	negative	delayed		hosting staff	negative	seating	negative	reservation	neutral																make reservations but expect to be delayed 15-20 minutes as the hosting staff was having difficulty seating guests who arrived with a reservation because they probably had a lot of walk ins being so close to time square
the food was average or above including some surprising tasty dishes	food	positive	average or above	tasty																						the food was average or above including some surprising tasty dishes
other apetizers and food	apetizers	neutral																								other apetizers and food
the noodle and rices dishes taste great	noodle and rices dishes	positive																								the noodle and rices dishes taste great
the food's as good as ever	food	positive	good																							the food 's as good as ever
the crust is thin, the ingredients are fresh and the staff is friendly	crust	positive	thin	fresh	ingredients	positive	staff	positive																		the crust is thin , the ingredients are fresh and the staff is friendly
also a little more expensive than your average bagel place	bagel	neutral	expensive																							also a little more expensive than your average bagel place
the food was undercooked-the sauce watery, and the vegetables raw	food	negative	watery		sauce	negative	vegetables	negative																		the food was undercooked-the sauce watery , and the vegetables raw
the secret is the lunch menu which offers a complimentary appetizer with every entree ordered	lunch menu	positive	secret	complimentary	appetizer	positive	entree	positive																		the secret is the lunch menu which offers a complimentary appetizer with every entree ordered
i absolutely love this place!!!			love																							i absolutely love this place ! ! !
the rice was poor quality and was cooked so badly it was hard	rice	negative	poor	badly	quality	negative	cooked	negative																		the rice was poor quality and was cooked so badly it was hard
we had champagne and caviar and felt like princesses!	champagne	positive			caviar	positive																				we had champagne and caviar and felt like princesses !
the shrimp scampi was excellent and the antipasti were plentiful	shrimp scampi	positive	excellent		antipasti	positive																				the shrimp scampi was excellent and the antipasti were plentiful
when my dessert came, there was a candle in it - not because anyone asked for one - but because the waiter must have seen me opening my birthday card and gift, and said he knew it was a special occassion of some sort	dessert	neutral			waiter	positive																				when my dessert came , there was a candle in it - not because anyone asked for one - but because the waiter must have seen me opening my birthday card and gift , and said he knew it was a special occassion of some sort
if it's just a quick martini at the bar (which i recommend jeffery's) or a mind blowing roast chicken, go to village!	martini	neutral	quick	recommend	bar	neutral	roast chicken	positive			mind blowing															if it 's just a quick martini at the bar ( which i recommend jeffery 's ) or a mind blowing roast chicken , go to village !
there was a long wait for a table outside, but it was a little too hot in the sun anyway so our insde table was very nice	wait	negative	long		table	neutral	insde table	positive																		there was a long wait for a table outside , but it was a little too hot in the sun anyway so our insde table was very nice
i would definently recommend this restaurant			recommend																							i would definently recommend this restaurant
if you like spicy food get the chicken vindaloo	spicy food	neutral	like		chicken vindaloo	neutral																				if you like spicy food get the chicken vindaloo
i love this place!			love																							i love this place !
i have never been disappointed but their true strength lays in their amazingly delicious and cheap lunch specials	lunch specials	positive	disappointed	amazingly delicious							cheap															i have never been disappointed but their true strength lays in their amazingly delicious and cheap lunch specials
so much more than the usual bar food, go there to enjoy the menu while sampling one of their hand-crafted beers	bar food	positive	more	enjoy	menu	positive	hand-crafted beers	positive			hand-crafted															so much more than the usual bar food , go there to enjoy the menu while sampling one of their hand-crafted beers
a big disappointment, all around			disappointment																							a big disappointment , all around
no free drink			free																							no free drink
i would say that all was fine and tasty but the heaviness on my stomach someting that i can't not mention or undermine			fine	tasty																						i would say that all was fine and tasty but the heaviness on my stomach someting that i ca n't not mention or undermine
this is my first time writing a review for a restaurant because the food and service was excellent	food	positive			service	positive																				this is my first time writing a review for a restaurant because the food and service was excellent
don't waste money on decor			waste																							do n't waste money on decor
they also have a back garden open in the summer - cute and french with outdoor seatin g - what more could you ask for	back garden	positive	cute		outdoor seatin	positive																				they also have a back garden open in the summer - cute and french with outdoor seatin g - what more could you ask for
i have never before eaten 40 pieces of relatively good nigiri			good																							i have never before eaten 40 pieces of relatively good nigiri
i'd call it an 'italian dinner'	dinner	neutral																								i 'd call it an 'italian dinner '
while the place is not a hotspot hangout, the drinks are unique and pack a lot of bang for the buck	place	negative	unique		drinks	positive																				while the place is not a hotspot hangout , the drinks are unique and pack a lot of bang for the buck
have frequented 'ino for several years and the food remains excellent	food	positive																								have frequented 'ino for several years and the food remains excellent
all the food was excellent - considering the quality of food in most moderately priced restaurants is mediocre this was slightly more pricey and well worth it	food	positive	excellent	pricey	quality of food	positive	priced	neutral			well worth															all the food was excellent - considering the quality of food in most moderately priced restaurants is mediocre this was slightly more pricey and well worth it
my friend got the mushroom pizza which tasted better	mushroom pizza	positive																								my friend got the mushroom pizza which tasted better
i had the cod with paella (spicy and very filling, i'm a big eater and could only eat half) while my boyfriend had the classic fish and chips (again, a big serving - at least 5 pieces of fish and a basketful of fries)	cod with paella	negative	spicy	filling	fish and chips	negative	serving	negative	fish	neutral	big	fries	neutral					big								i had the cod with paella ( spicy and very filling , i 'm a big eater and could only eat half ) while my boyfriend had the classic fish and chips ( again , a big serving - at least 5 pieces of fish and a basketful of fries )
it's a shame that a nice, convenient place like the pink pony can be so ruined by lousy service	place	positive	nice	convenient							lousy															it 's a shame that a nice , convenient place like the pink pony can be so ruined by lousy service
the porcini mushroom pasta special was tasteless, so was the seafood tagliatelle	porcini mushroom pasta special	negative	tasteless		seafood tagliatelle	negative																				the porcini mushroom pasta special was tasteless , so was the seafood tagliatelle
try the spicy wontons and the salt pepper shrimps	spicy wontons	positive			salt pepper shrimps	positive																				try the spicy wontons and the salt pepper shrimps
the food portions are really large	food portions	positive																								the food portions are really large
the fries are yummy	fries	positive																								the fries are yummy
best taiwanese food in ny!	taiwanese food	positive	best																							best taiwanese food in ny !
this place is a great stop for great food			great	great																						this place is a great stop for great food
all the pastas are fantastic and the homemade lasagna is some of the best that i have had in the city	pastas	positive	fantastic	best	homemade lasagna	positive																				all the pastas are fantastic and the homemade lasagna is some of the best that i have had in the city
fantastic!			fantastic																							fantastic !
highly recommended for a first date			recommended																							highly recommended for a first date
we laughed when he finally offered us a dessert menu and we left a 10 percent tip, which was generous, i feel	dessert menu	neutral			tip	positive																				we laughed when he finally offered us a dessert menu and we left a 10 percent tip , which was generous , i feel
and the prices were way to high for what you get	prices	negative	high																							and the prices were way to high for what you get
yet paired with such rude service, would never recommend for anyone interested in carrying any kind of conversation while there	service	negative	rude	recommend																						yet paired with such rude service , would never recommend for anyone interested in carrying any kind of conversation while there
the in-house lady dj on saturday nights has outrageously good taste in music, and moreover, takes requests	in-house lady dj	positive	good		music	positive																				the in-house lady dj on saturday nights has outrageously good taste in music , and moreover , takes requests
i need at least three rolls to be full, and that's at least 14.00!	rolls	neutral																								i need at least three rolls to be full , and that 's at least 14.00 !
all of it was simply amazing, unique and tasty and best of all it didn't break the bank			amazing	unique							tasty							best								all of it was simply amazing , unique and tasty and best of all it did n't break the bank
great wine list, reasonably priced--sara	wine list	positive	great	reasonably	priced	positive																				great wine list , reasonably priced -- sara
the hot dogs were cold in the middle and the buns were stale	hot dogs	negative	cold		buns	negative																				the hot dogs were cold in the middle and the buns were stale
beef noodle soup is good as well	beef noodle soup	positive	good																							beef noodle soup is good as well
the food's dazzling flavors overwhelm the palate, truly embracing the beauty of authentic thai cuisine	food	positive	overwhelm	embracing	flavors	positive	thai cuisine	positive			authentic															the food 's dazzling flavors overwhelm the palate , truly embracing the beauty of authentic thai cuisine
i recieved prompt service with a smile	service	positive	prompt																							i recieved prompt service with a smile
the place was quiet and delightful	place	positive	quiet																							the place was quiet and delightful
best i've found outside of the chinatown masters			best																							best i 've found outside of the chinatown masters
they are amazing!			amazing																							they are amazing !
the food is a diamond in rough--the food is delicious and homemade with the perfect balance of herbs and tomatoes	food	positive	diamond	delicious	food	positive	herbs	positive			homemade							perfect								the food is a diamond in rough -- the food is delicious and homemade with the perfect balance of herbs and tomatoes
as much as i like the food there, i can't bring myself to go back	food	positive	like																							as much as i like the food there , i ca n't bring myself to go back
the prices and ambience are especially great considering it's in the west village	prices	positive	great		ambience	positive																				the prices and ambience are especially great considering it 's in the west village
the soup is pretty good too	soup	positive	good																							the soup is pretty good too
it is so easy to get a reservation at a top place in nyc with a week's notice	reservation	positive	easy																							it is so easy to get a reservation at a top place in nyc with a week 's notice
i have never better enjoyed humble root vegetables or a mushroom consomme - and this chef accomplishes without fats	root vegetables	positive	better enjoyed		mushroom consomme	positive	chef	positive																		i have never better enjoyed humble root vegetables or a mushroom consomme - and this chef accomplishes without fats
if you go to roth's try to be served by mike, he is great!!	served	positive	great																							if you go to roth 's try to be served by mike , he is great ! !
not the food, not the ambiance, not the service, i agree with the previous reviews you wait and wait, the wait staff are very rude and when you get in they are looking to get you right out	food	neutral	rude		ambiance	neutral	service	neutral	wait staff	negative																not the food , not the ambiance , not the service , i agree with the previous reviews you wait and wait , the wait staff are very rude and when you get in they are looking to get you right out
i love ess-a-bagel, but i live on the west side, so i often go to murray's for convenience			love																							i love ess-a-bagel , but i live on the west side , so i often go to murray 's for convenience
the pizza was delivered cold and the cheese wasn't even fully melted!	pizza	negative	cold	melted	cheese	negative																				the pizza was delivered cold and the cheese was n't even fully melted !
we were very surprised by how good the food was on our first visit here on a sunday night	food	positive	surprised	good																						we were very surprised by how good the food was on our first visit here on a sunday night
nha trang, while being notorious for utter lack of comfort and decor, horribly slow wait staff and horribly quick meals, is one of the best vietnamese restaurants i've ever been to the pho is delicious and comes with very fresh vegtables	comfort	negative	notorious	lack	decor	negative	wait staff	negative	meals	negative	horribly slow	pho	positive					horribly quick	best			delicious	fresh			nha trang , while being notorious for utter lack of comfort and decor , horribly slow wait staff and horribly quick meals , is one of the best vietnamese restaurants i 've ever been to the pho is delicious and comes with very fresh vegtables
on the other hand, if you are not fooled easily, you will find hundreds of restaurants that will give you service and ambiance that is on par with alain ducasse, and food that will outshine in presentaion, taste, choice, quality and quantity	service	neutral	on par	outshine	ambiance	neutral	food	negative	presentaion	negative		taste	negative	choice	negative	quality	negative									on the other hand , if you are not fooled easily , you will find hundreds of restaurants that will give you service and ambiance that is on par with alain ducasse , and food that will outshine in presentaion , taste , choice , quality and quantity
i live in the neighborhood and my friends meet me down here not only for the bar scene but also the promise of the pizza place at 3am	bar scene	positive																								i live in the neighborhood and my friends meet me down here not only for the bar scene but also the promise of the pizza place at 3am
if i could rate the people this place would be off the charts - unfortunately - the pizza, sorry - not the best in nyc	people	positive	best		pizza	negative																				if i could rate the people this place would be off the charts - unfortunately - the pizza , sorry - not the best in nyc
the portions are now very small, the sauces are overly-ambitious usually inedible while the service is still good, the restaurant, due to its popularity, seems frantic	portions	negative	small	inedible	sauces	negative	service	positive			good															the portions are now very small , the sauces are overly-ambitious usually inedible while the service is still good , the restaurant , due to its popularity , seems frantic
for the price, you cannot eat this well in manhattan	price	positive	well																							for the price , you can not eat this well in manhattan
the owner is very friendly and a great guy, go try his pizza, you'll like it!	owner	positive	friendly	great	pizza	positive					like															the owner is very friendly and a great guy , go try his pizza , you 'll like it !
the atmosphere is great!!!	atmosphere	positive	great																							the atmosphere is great ! ! !
it can be a very fun experience with a group, and kids (6 and over) would love it			fun	love																						it can be a very fun experience with a group , and kids ( 6 and over ) would love it
i tend to judge a sushi restaurant by its sea urchin, which was heavenly at sushi rose	sea urchin	positive	heavenly																							i tend to judge a sushi restaurant by its sea urchin , which was heavenly at sushi rose
the service is a little scatty at times but all is forgiven when the food arrives	service	negative	scatty	forgiven	food	positive																				the service is a little scatty at times but all is forgiven when the food arrives
the atmosphere isn't the greatest, but i suppose that's how they keep the prices down	atmosphere	neutral	greatest		prices	positive																				the atmosphere is n't the greatest , but i suppose that 's how they keep the prices down
the pickles were great addition	pickles	positive	great																							the pickles were great addition
if your favorite chinese food is general tao chicken, then this is not your place	chinese food	neutral	favorite		general tao chicken	negative																				if your favorite chinese food is general tao chicken , then this is not your place
you must try the shrimp appetizers	shrimp appetizers	positive																								you must try the shrimp appetizers
not only is the cuisine the best around, the service has always been attentive and charming	cuisine	positive	best	attentive	service	positive																				not only is the cuisine the best around , the service has always been attentive and charming
the production is a symphony, alot of fun to experience.the food sublime for the most part	food	positive	fun	sublime																						the production is a symphony , alot of fun to experience.the food sublime for the most part
my wife and i have been going to nyc for years and wouldn't miss roxy, s food is expensive but it's new york!	food	conflict	expensive																							my wife and i have been going to nyc for years and would n't miss roxy , s food is expensive but it 's new york !
it's like you are transported to the italian countryside, very romantic and filled with antiques			romantic																							it 's like you are transported to the italian countryside , very romantic and filled with antiques
the restaurant was packed at first, so we waited at the bar for about 20 minutes before we were seated	bar	neutral																								the restaurant was packed at first , so we waited at the bar for about 20 minutes before we were seated
i hate this			hate																							i hate this
any if you have a reservation you'll wait for max 5 minutes - so have a drink at the bar	reservation	positive			drink	neutral																				any if you have a reservation you 'll wait for max 5 minutes - so have a drink at the bar
whether it's the parmesean porcini souffle or the lamb glazed with balsamic vinegar, you will surely be transported to northern italy with one bite	parmesean porcini souffle	positive			lamb glazed with balsamic vinegar	positive																				whether it 's the parmesean porcini souffle or the lamb glazed with balsamic vinegar , you will surely be transported to northern italy with one bite
that place was awesome,,, sally!			awesome																							that place was awesome , , , sally !
finally a reliable chinese restaurant!			reliable																							finally a reliable chinese restaurant !
but the thing that my wife and i hated was it was so loud and it felt like' bar' or' pub'	bar	negative	hated	loud	pub	negative																				but the thing that my wife and i hated was it was so loud and it felt like ' bar ' or ' pub '
however, it just so happens that there's an even more amazing place just down the street			amazing																							however , it just so happens that there 's an even more amazing place just down the street
while there are plenty of places to go for a good corned beef sandwich, katz's has a charm about it	corned beef sandwich	positive	good	charm																						while there are plenty of places to go for a good corned beef sandwich , katz 's has a charm about it
however, looking at the table next to ours, we both sort of wished we had ordered pizza, which looked perrrrrrrrrfect	pizza	positive																								however , looking at the table next to ours , we both sort of wished we had ordered pizza , which looked perrrrrrrrrfect
priced at upper intermediate range	priced	negative	upper intermediate																							priced at upper intermediate range
the fish was adequate, but inexpertly sliced	fish	conflict	adequate	inexpertly																						the fish was adequate , but inexpertly sliced
i recommend ordering in on a weeknight			recommend																							i recommend ordering in on a weeknight
try the olive cream cheese or the lox spread on a whole wheat everything bagel	olive cream cheese	positive			lox spread	positive																				try the olive cream cheese or the lox spread on a whole wheat everything bagel
while it's not nobu, it sure is a great deal and you definitely will leave feeling satisfied and full			great	satisfied																						while it 's not nobu , it sure is a great deal and you definitely will leave feeling satisfied and full
they didn't disappoint, service from the second i arrived at the door was extremely pleasant and attentive with almost one server per table	service	positive	disappoint	pleasant	server	positive					attentive															they did n't disappoint , service from the second i arrived at the door was extremely pleasant and attentive with almost one server per table
the rice to fish ration was also good--they didn't try to overpack the rice	rice to fish ration	positive	good	overpack																						the rice to fish ration was also good -- they did n't try to overpack the rice
they used shredded cheese on top!	shredded cheese	neutral																								they used shredded cheese on top !
katz's deli is a great ny experience			great																							katz 's deli is a great ny experience
the only positive was the wait staff, which was prompt, knowledgable, and likeable	wait staff	positive	positive	prompt							knowledgable															the only positive was the wait staff , which was prompt , knowledgable , and likeable
i couldn't reccommend their godmother pizza any higher	godmother pizza	positive	reccommend																							i could n't reccommend their godmother pizza any higher
i am not a vegetarian but, almost all the dishes were great	dishes	positive																								i am not a vegetarian but , almost all the dishes were great
i was very impressed by this low-key upper eastsider and their authentically thai cuisine!!!	thai cuisine	positive	impressed	authentically																						i was very impressed by this low-key upper eastsider and their authentically thai cuisine ! ! !
for the location, the prices are very reasonable	location	neutral			prices	positive																				for the location , the prices are very reasonable
the food is okay and the prices here are mediocre	food	neutral	okay		prices	neutral																				the food is okay and the prices here are mediocre
my friend's food was also the complete opposite of what it's supposed to taste like (and look like)	food	negative	opposite																							my friend 's food was also the complete opposite of what it 's supposed to taste like ( and look like )
i ordered the crab cocktail and it was soaked in a lime juice concoction where all you could taste was the lime	crab cocktail	negative			lime juice concoction	neutral																				i ordered the crab cocktail and it was soaked in a lime juice concoction where all you could taste was the lime
i would like to return and try some of the other menu items when i don't have to rush off to a show	menu items	positive																								i would like to return and try some of the other menu items when i do n't have to rush off to a show
we have been to this place many times, and always have great food, wine, and service	food	positive	great		wine	positive																				we have been to this place many times , and always have great food , wine , and service
alain ducasse is the best of everything, i mean everything was excelent.i			best																							alain ducasse is the best of everything , i mean everything was excelent.i
not a typical pizza joint, but good for a low key and fairly cheap nice sit down dinner			typical	good							nice															not a typical pizza joint , but good for a low key and fairly cheap nice sit down dinner
the corned beef was tender and melted in my mouth	corned beef	positive	tender																							the corned beef was tender and melted in my mouth
the best chicken pad tai, i've ever had	chicken pad tai	positive	best																							the best chicken pad tai , i 've ever had
20 for all you can eat sushi cannot be beaten	sushi	neutral																								20 for all you can eat sushi can not be beaten
over 100 different choices to create your own			different																							over 100 different choices to create your own
haru serves very fresh fish, has a trendy, modern ambiance, prime location on park avenue south and friendly service	fish	positive	fresh	trendy	ambiance	positive	location	positive			modern							prime	friendly							haru serves very fresh fish , has a trendy , modern ambiance , prime location on park avenue south and friendly service
warm and friendly in the winter and terrific outdoor seating in the warmer months	outdoor seating	positive	warm	friendly							terrific															warm and friendly in the winter and terrific outdoor seating in the warmer months
very romantic fires - i've literally spent hours at lanterna, drinking wine from their extensive wine and enjoying the ambience	wine	positive	romantic	extensive	wine	positive					enjoying															very romantic fires - i 've literally spent hours at lanterna , drinking wine from their extensive wine and enjoying the ambience
we got a little tipsy from the sake but isn't that what saturday nights with the girlfriends are all about	sake	neutral	tipsy																							we got a little tipsy from the sake but is n't that what saturday nights with the girlfriends are all about
i loved it and will be back soon			loved																							i loved it and will be back soon
always a nice crowd, but never loud	crowd	positive	nice																							always a nice crowd , but never loud
my turkey burger was not cooked at all, my friends salmon was completely raw	turkey burger	negative			salmon	negative																				my turkey burger was not cooked at all , my friends salmon was completely raw
the service is spotty, sometimes really friendly and sometimes barely there	service	conflict	spotty	friendly																						the service is spotty , sometimes really friendly and sometimes barely there
decor is minimalist and clean - nothing to distract or commend	decor	neutral	minimalist	clean																						decor is minimalist and clean - nothing to distract or commend
his drinks are very inventive, delicious and classy	drinks	positive	inventive	delicious																						his drinks are very inventive , delicious and classy
great food, great prices, great service	food	positive	great	great	prices	positive					great															great food , great prices , great service
this isn't your corner chinese food takeout	chinese food	neutral																								this is n't your corner chinese food takeout
try ordering from the regular menu, then you would not regret!	menu	positive	regret																							try ordering from the regular menu , then you would not regret !
told us to sit anywhere, and when we sat he said the table was reserved	table	negative																								told us to sit anywhere , and when we sat he said the table was reserved
uni from maine vs california, sea vs freshwater eel) to get a good taste comparison	eel	neutral	good																							uni from maine vs california , sea vs freshwater eel ) to get a good taste comparison
we started with lox and mussels (the best ive ever had, ever) and had the cod and trout for dinner	lox	positive	best		mussels	positive	cod	neutral	trout	neutral																we started with lox and mussels ( the best ive ever had , ever ) and had the cod and trout for dinner
food is great	food	positive																								food is great
there is a lot of variety even for people who eat vegetarian like me			a lot of																							there is a lot of variety even for people who eat vegetarian like me
i recommend the meatballs and caprese salad and the beans on toast were a wonderful start to the meal!	meatballs	positive	recommend	wonderful	caprese salad	positive	beans on toast	positive	meal	neutral																i recommend the meatballs and caprese salad and the beans on toast were a wonderful start to the meal !
this place is incredibly tiny	place	negative																								this place is incredibly tiny
i didn't complain, i liked the atmosphere so much	atmosphere	positive	liked																							i did n't complain , i liked the atmosphere so much
the wine is always good, the tapas are always yummy, especially with the warm pita bread	wine	positive	good	yummy	tapas	positive	pita bread	positive			warm															the wine is always good , the tapas are always yummy , especially with the warm pita bread
but when you are seated the waitresses are great, they explain everything on the menu, and the price of the food is really cheap for the service you get	waitresses	positive	great	cheap	menu	neutral	price	positive	food	neutral		service	positive													but when you are seated the waitresses are great , they explain everything on the menu , and the price of the food is really cheap for the service you get
i've been to several places for dim sum and this has got to be the worst	dim sum	negative																								i 've been to several places for dim sum and this has got to be the worst
i love this place			love																							i love this place
go to volare for 1st class service and terrific food	service	positive	1st class	terrific																						go to volare for 1st class service and terrific food
it's super-trendy and there's always someone to take that empty seat, so it seems that customer service has been deemed not of the essence	seat	neutral	super-trendy		service	positive																				it 's super-trendy and there 's always someone to take that empty seat , so it seems that customer service has been deemed not of the essence
dinner took almost 4 hours without any lag time	dinner	negative																								dinner took almost 4 hours without any lag time
the people in the restaurant were pretty obnoxious and loud	people	negative	obnoxious																							the people in the restaurant were pretty obnoxious and loud
the sandwiches are dry, tasteless and way overpriced	sandwiches	negative	dry	tasteless																						the sandwiches are dry , tasteless and way overpriced
the fried rice is really good too	fried rice	positive	good																							the fried rice is really good too
we were well attended to by the enthusiastic staff especially the manager tony gaskin who made excellent suggestions for our menu selections	staff	positive	well	enthusiastic	manager	positive	menu selections	positive			excellent															we were well attended to by the enthusiastic staff especially the manager tony gaskin who made excellent suggestions for our menu selections
made my dining experience uncomfortable	dining experience	negative																								made my dining experience uncomfortable
still stay away, the table next to us walked out after my table and aanother were serves eventhough they were there much longer	serves	negative																								still stay away , the table next to us walked out after my table and aanother were serves eventhough they were there much longer
i was with a party of 7 (close but not next the the front doors) and we were eating with our coats on	front doors	neutral																								i was with a party of 7 ( close but not next the the front doors ) and we were eating with our coats on
a very inviting restaurant, with friendly service			inviting	friendly																						a very inviting restaurant , with friendly service
the back garden sitting area is very pleasant, where you can see their personal herb garden	back garden sitting area	positive	pleasant		personal herb garden	positive																				the back garden sitting area is very pleasant , where you can see their personal herb garden
i was very disappointed with this restaurant			disappointed																							i was very disappointed with this restaurant
the drinks are always welll made and wine selection is fairly priced	drinks	positive	fairly		wine selection	neutral																				the drinks are always welll made and wine selection is fairly priced
we also had shared a house salad that was fresh	house salad	positive																								we also had shared a house salad that was fresh
the ceiling is amazing!	ceiling	positive	amazing																							the ceiling is amazing !
i'm glad i was introduced to this place and this is a rare gem in ny			glad																							i 'm glad i was introduced to this place and this is a rare gem in ny
and at the conclusion of this culinary nightmare the check was given to our table by knocking over a glass of water	check	neutral			table	neutral	glass of water	neutral																		and at the conclusion of this culinary nightmare the check was given to our table by knocking over a glass of water
the space is a bit too small for live music, so on jazz nights, it can be loud and cramped	space	negative	small	loud	live music	neutral	jazz nights	neutral																		the space is a bit too small for live music , so on jazz nights , it can be loud and cramped
food was average but tasty	food	positive	average																							food was average but tasty
big wong gets big ups for a fine establishment			fine																							big wong gets big ups for a fine establishment
the entree was bland and small, dessert was not inspired	entree	negative	bland	small	dessert	negative																				the entree was bland and small , dessert was not inspired
i highly recommend it			recommend																							i highly recommend it
oh and it's too tiny for families with strollers			tiny																							oh and it 's too tiny for families with strollers
the staff was the friendliest that have seen in new york	staff	positive	friendliest																							the staff was the friendliest that have seen in new york
with the exception of our lemon salad that had so much pepper on it that our eyes started watering, the food here was decent, not great	lemon salad	negative	decent		pepper	negative	food	neutral																		with the exception of our lemon salad that had so much pepper on it that our eyes started watering , the food here was decent , not great
the pad thai, lad nar and various other dishes all look good on paper but, i've had better thai food in less asthetically pleasing places	pad thai	conflict	good	better	lad nar	conflict	dishes	conflict	thai food	neutral	pleasing															the pad thai , lad nar and various other dishes all look good on paper but , i 've had better thai food in less asthetically pleasing places
delicious food at a great price but do not go here on a cold day and sit by the front door	food	positive	delicious	great	price	positive	front door	neutral																		delicious food at a great price but do not go here on a cold day and sit by the front door
my picks guizhou chicken, fish with hot bean source, fish fillet in spicy source (special menu)	guizhou chicken	positive			fish with hot bean source	positive	fish fillet in spicy source	positive	special menu	positive																my picks guizhou chicken , fish with hot bean source , fish fillet in spicy source ( special menu )
overall, i'm still impressed that the place even exists and the prices are quite decent but then again, its chinatown	prices	positive	impressed	decent																						overall , i 'm still impressed that the place even exists and the prices are quite decent but then again , its chinatown
admittedly some nights inside the restaurant were rather warm, but the open kitchen is part of the charm	open kitchen	positive	warm																							admittedly some nights inside the restaurant were rather warm , but the open kitchen is part of the charm
my six year old loved it			loved																							my six year old loved it
pizza was a little soggy	pizza	negative																								pizza was a little soggy
the food inludes famous scrumptious bombay style chaat such as bhelpuri, sevpuri and samosa chaats, as well as other great indian appetizers	food	positive	scrumptious	great	bombay style chaat	positive	bhelpuri	positive	sevpuri	positive		samosa chaats	positive	indian appetizers	positive											the food inludes famous scrumptious bombay style chaat such as bhelpuri , sevpuri and samosa chaats , as well as other great indian appetizers
the singapore mai fun had no curry flavor whatsoever	singapore mai fun	negative			curry flavor	negative																				the singapore mai fun had no curry flavor whatsoever
the only problem is that the manager is a complete incompetent	manager	negative																								the only problem is that the manager is a complete incompetent
i'm still mad that i had to pay for lousy food			mad	lousy																						i 'm still mad that i had to pay for lousy food
this restaurant used to be our regular thursday night dinner location	dinner location	neutral																								this restaurant used to be our regular thursday night dinner location
definite go if you're used to good indian restaurant food from abroad	indian restaurant food	positive	good																							definite go if you 're used to good indian restaurant food from abroad
thr at moshphere is compact, modern, yet cozy	at moshphere	positive	compact	modern																						thr at moshphere is compact , modern , yet cozy
by far, the best pizza in manhattan	pizza	positive	best																							by far , the best pizza in manhattan
the waiter actually poured water on my hand and walked away	waiter	negative			water	neutral																				the waiter actually poured water on my hand and walked away
worse of all, 60 was erroneously added to our 80 bill			worse	erroneously																						worse of all , 60 was erroneously added to our 80 bill
too cold to enjoy			cold																							too cold to enjoy
no more reservations, expensive tips and annoying stuff	reservations	positive	expensive	annoying	tips	positive																				no more reservations , expensive tips and annoying stuff
try the sea bass	sea bass	positive																								try the sea bass
20 gets you unlimited sushi of a very high quality - i even took a friend here from japan who said it was one of the best sushi places in the us that he has been to	sushi	positive	unlimited	high	quality	positive	sushi places	positive			best															20 gets you unlimited sushi of a very high quality - i even took a friend here from japan who said it was one of the best sushi places in the us that he has been to
inside is a little cramped, but to be expected			cramped																							inside is a little cramped , but to be expected
during our meal, the management came over and checked on us and even bought us a round of drinks	meal	neutral			management	positive	round of drinks	neutral																		during our meal , the management came over and checked on us and even bought us a round of drinks
but they don't have a toaster, which is strange	toaster	negative																								but they do n't have a toaster , which is strange
so, for good food i'd recommend it, but not for a fun night out	food	positive	good	recommend																						so , for good food i 'd recommend it , but not for a fun night out
a must for all the dosa lovers	dosa	positive	must																							a must for all the dosa lovers
the portions are huge, so it might be good to order three things to split (rather than one appetizer and entree per person) for two people	portions	positive	huge	good	appetizer	neutral	entree	neutral																		the portions are huge , so it might be good to order three things to split ( rather than one appetizer and entree per person ) for two people
someone else recommended the dessert - we also left that	dessert	negative	recommended																							someone else recommended the dessert - we also left that
the exotic food is beautifully presented and is a delight in delicious combinations	exotic food	positive	beautifully	delicious																						the exotic food is beautifully presented and is a delight in delicious combinations
the staff is very attentive and we can almost always get a table	staff	positive	attentive																							the staff is very attentive and we can almost always get a table
if you are a vegetarian, this really isn't a good place to go			good																							if you are a vegetarian , this really is n't a good place to go
try the mediterranean salad, it is a true experience for your taste buds!!	mediterranean salad	positive	true																							try the mediterranean salad , it is a true experience for your taste buds ! !
this quaint and romantic trattoria is at the top of my manhattan restaurant list			quaint	romantic																						this quaint and romantic trattoria is at the top of my manhattan restaurant list
i've been there three times and have always had wonderful experiences			wonderful																							i 've been there three times and have always had wonderful experiences
people are always friendly	people	positive																								people are always friendly
the cream cheeses are out of this world and i love that coffee!!	cream cheeses	positive	out of this world	love	coffee	positive																				the cream cheeses are out of this world and i love that coffee ! !
from the entrees to the sides to the drinks, everything was creatively prepared yet still simple	entrees	positive	creatively prepared		sides	positive	drinks	positive																		from the entrees to the sides to the drinks , everything was creatively prepared yet still simple
service was prompt and courteous	service	positive	prompt																							service was prompt and courteous
it was not above ordinary and the beef version had cheap (undercooked) beef	beef version	negative	above ordinary	cheap							undercooked															it was not above ordinary and the beef version had cheap ( undercooked ) beef
chance is a small cozy restaurant, with a romantic feel to it, the decor is great	decor	positive	cozy	romantic																						chance is a small cozy restaurant , with a romantic feel to it , the decor is great
got club soda, filled with ice, no lime	club soda, filled with ice, no lime	neutral																								got club soda , filled with ice , no lime
only wine and beer are served, but the house varities are actually quite good	wine	neutral			beer	neutral	served	negative	house varities	positive																only wine and beer are served , but the house varities are actually quite good
this place must have cost the owners afortune to build	cost	negative			owners	neutral																				this place must have cost the owners afortune to build
oh, and the complimentary pudding dessert was just enough- yummy!	pudding dessert	positive	yummy																							oh , and the complimentary pudding dessert was just enough- yummy !
we split a tasty vegetable samosa and the malai tikka wrap	vegetable samosa	positive	tasty		malai tikka wrap	positive																				we split a tasty vegetable samosa and the malai tikka wrap
knowledge of the chef and the waitress are below average	chef	negative	below average		waitress	negative																				knowledge of the chef and the waitress are below average
decent wine selection too	wine selection	positive	decent																							decent wine selection too
go with a group of friends and you will have a great time			great																							go with a group of friends and you will have a great time
it saves walking in and waiting for a table in the often noisy, crowded bar at dinnertime	waiting	negative	noisy	crowded	table	negative	bar	negative																		it saves walking in and waiting for a table in the often noisy , crowded bar at dinnertime
i have to say i have never had a disapointing meal here	meal	positive	disapointing																							i have to say i have never had a disapointing meal here
it's one of our favorite places to eat in ny			favorite																							it 's one of our favorite places to eat in ny
the place does get crowded, so i recommend going between 4-5 pm			crowded																							the place does get crowded , so i recommend going between 4-5 pm
disappointing food, lousy service	food	negative	disappointing	lousy																						disappointing food , lousy service
i'm from sichuan, this is the restaurant i recommend going			recommend																							i 'm from sichuan , this is the restaurant i recommend going
this lovely french-asian fusion restaurant stands out amongst other great restaurants on smith street			lovely	great																						this lovely french-asian fusion restaurant stands out amongst other great restaurants on smith street
if you want a casual neighborhood bistro that has great food and excellent service, this is the place	food	positive	casual	great	service	positive					excellent															if you want a casual neighborhood bistro that has great food and excellent service , this is the place
great place to go for a drink too because they have 100 kinds of beer	drink	neutral	great		kinds of beer	positive																				great place to go for a drink too because they have 100 kinds of beer
over price, and small portions	price	negative	over	small																						over price , and small portions
but their best dish is thh thai spiced curry noodles with shrimp - a dish that would cost 23.95 is most places, but it is 16 here	dish	positive	best		thai spiced curry noodles with shrimp	positive	dish	positive	cost	positive																but their best dish is thh thai spiced curry noodles with shrimp - a dish that would cost 23.95 is most places , but it is 16 here
good, dark atmosphere and the music is a nice touch	atmosphere	positive	good	dark	music	positive					nice															good , dark atmosphere and the music is a nice touch
my husband said the portions were very small, but if my main cours e was good to eat the portion would've been fine for me	portions	negative	small	good	main cours	negative	portion	positive			fine															my husband said the portions were very small , but if my main cours e was good to eat the portion would 've been fine for me
this thai restaurant is a couple blocks away from sripraphai (another delicious thai restaurant)			delicious																							this thai restaurant is a couple blocks away from sripraphai ( another delicious thai restaurant )
our friendly server made great food suggestions and also sent both the sommelier and the fromager to the table to help suggest different pairings for wine and cheese	server	positive	friendly	great	food suggestions	positive	sommelier	positive	fromager	positive		wine	neutral													our friendly server made great food suggestions and also sent both the sommelier and the fromager to the table to help suggest different pairings for wine and cheese
perhaps the last reviewer (who stated she was treated with attitude) lives in a parallel universe because i have never had anything but a perfect experience at yasuda			perfect																							perhaps the last reviewer ( who stated she was treated with attitude ) lives in a parallel universe because i have never had anything but a perfect experience at yasuda
that said, i thought scalini fedeli was one of the best dining experiences i've ever had			best																							that said , i thought scalini fedeli was one of the best dining experiences i 've ever had
because we didn't have a reservation, we could only sit in the back garden, but it was great, secluded and perfect in nice weather	reservation	negative	great	secluded	back garden	positive					perfect															because we did n't have a reservation , we could only sit in the back garden , but it was great , secluded and perfect in nice weather
stuffing yourself with japanese food is a rare thing	japanese food	neutral	rare																							stuffing yourself with japanese food is a rare thing
while the food was good (certainly no il mulino) the service was horrendous	food	positive	good		service	negative																				while the food was good ( certainly no il mulino ) the service was horrendous
it is expensive but well worth the money			expensive	well worth																						it is expensive but well worth the money
service is not what one would expect from a joint in this price category	service	negative	expect		price category	negative																				service is not what one would expect from a joint in this price category
our family never expected such incredible entertainment in a restaurant	entertainment	positive	incredible																							our family never expected such incredible entertainment in a restaurant
i would recommend reservations on weekends though	reservations	neutral	recommend																							i would recommend reservations on weekends though
great pizza for lunch place	pizza	positive	great																							great pizza for lunch place
the food was very expensive (we spent 160 for lunch for two) but extremely tasty	food	conflict	expensive		lunch	negative																				the food was very expensive ( we spent 160 for lunch for two ) but extremely tasty
we were a group of 8 and well seved			well																							we were a group of 8 and well seved
i love their spicy scallop roll, and my boyfriend consistently gets the sesame chicken	scallop roll	positive	love		sesame chicken	positive																				i love their spicy scallop roll , and my boyfriend consistently gets the sesame chicken
i'm no food critic, but i'd like to think i have a tiny bit of experience under my belt having lived in ny for the last 11 years	food	neutral																								i 'm no food critic , but i 'd like to think i have a tiny bit of experience under my belt having lived in ny for the last 11 years
best dish is nori-wrapped tuna	dish	positive	best		nori-wrapped tuna	positive																				best dish is nori-wrapped tuna
some servers make you feel like they are doing you a favor to bring you the food	servers	negative																								some servers make you feel like they are doing you a favor to bring you the food
an excellent alternative to fast food joints and ordering in but, the food was slightly disappointing	fast food	negative	excellent		food	negative																				an excellent alternative to fast food joints and ordering in but , the food was slightly disappointing
mermaid inn is an overall good restaurant with really good seafood			good	good																						mermaid inn is an overall good restaurant with really good seafood
the staff is also attentive and friendly	staff	positive	attentive																							the staff is also attentive and friendly
the all you can eat deal is truly amazing here	all you can eat deal	positive	amazing																							the all you can eat deal is truly amazing here
that is a problem since we paid about 20 bucks a dish, and had to order 5 dishes to get a decent taste	dish	negative	decent		dishes	negative																				that is a problem since we paid about 20 bucks a dish , and had to order 5 dishes to get a decent taste
they were such a rip-off (8.95 for four small meat patties in steamed buns) and not worth trying	meat patties in steamed buns	negative	rip-off	worth																						they were such a rip-off ( 8.95 for four small meat patties in steamed buns ) and not worth trying
all of the pizzas are terrific and the price is even better!	pizzas	positive	terrific	better	price	positive																				all of the pizzas are terrific and the price is even better !
it is about food and ambiance, and imagine how dreadful it will be it we only had to listen to an idle engine	food	negative	dreadful		ambiance	negative																				it is about food and ambiance , and imagine how dreadful it will be it we only had to listen to an idle engine
the food was good too	food	positive	good																							the food was good too
immediately after we paid, the waiter took the money and said, okay, you guys are outta here	waiter	negative																								immediately after we paid , the waiter took the money and said , okay , you guys are outta here
the menu seemed to have a wide variety of dishes for seafood lovers and interesting ways of preparing them	menu	positive	wide	interesting	variety of dishes	positive	seafood	positive																		the menu seemed to have a wide variety of dishes for seafood lovers and interesting ways of preparing them
the white bean brushetta to start was incredible and the pasta was phenomenal	white bean brushetta	positive	incredible		pasta	positive																				the white bean brushetta to start was incredible and the pasta was phenomenal
the rest of the menu is limited by everything is good eats	menu	conflict	limited	good																						the rest of the menu is limited by everything is good eats
the menu is nothing like the one on the website	menu	negative																								the menu is nothing like the one on the website
great food, great lay out and awesome service	food	positive	great	great	lay out	positive					awesome															great food , great lay out and awesome service
ive asked a cart attendant for a lotus leaf wrapped rice and she replied back rice and just walked away	cart attendant	negative			lotus leaf wrapped rice	neutral	rice	neutral																		ive asked a cart attendant for a lotus leaf wrapped rice and she replied back rice and just walked away
chennai garden is my favorite indian restaurant in the city			favorite																							chennai garden is my favorite indian restaurant in the city
my roommate and i love this place			love																							my roommate and i love this place
i have lived in japan for 7 years and the taste of the food and the feel of the restaurant is like being back in japan	taste	positive			food	positive	feel	positive																		i have lived in japan for 7 years and the taste of the food and the feel of the restaurant is like being back in japan
not worth it			worth																							not worth it
they have it all--great price, food, and service	price	positive	great		food	positive																				they have it all -- great price , food , and service
so close, but not good enough			good enough																							so close , but not good enough
the flavors are great, and the menu is extensive	flavors	positive	great		menu	positive																				the flavors are great , and the menu is extensive
the food was amazing, the service was so attentive and personable, and how about that ambience!	food	positive	amazing	attentive	service	positive	ambience	positive																		the food was amazing , the service was so attentive and personable , and how about that ambience !
this place has the best interior i have seen anywhere in the northside of w'burg, and will impress whoever you bring there	place	positive	best	impress	interior	positive																				this place has the best interior i have seen anywhere in the northside of w'burg , and will impress whoever you bring there
the food has been consistant for years and it never lets you down	food	positive	consistant																							the food has been consistant for years and it never lets you down
i found the variety of the sashimi plate to be satisfying - fresh and yummy	sashimi plate	positive	satisfying	fresh																						i found the variety of the sashimi plate to be satisfying - fresh and yummy
and forget what you read under me, the atmosphere isn't that bad either	atmosphere	neutral	bad																							and forget what you read under me , the atmosphere is n't that bad either
we couldn't carry our conversation as we were routinely interrupted by waitress and servants asking us to order and hinting that we're taking too much time--amazing, we just sat down	waitress	negative	interrupted		servants	negative																				we could n't carry our conversation as we were routinely interrupted by waitress and servants asking us to order and hinting that we 're taking too much time -- amazing , we just sat down
sometimes i get good food and ok service	food	positive	good	ok																						sometimes i get good food and ok service
it's a place for people who pay a lot for mediocre food, noise and a chance to be with their fellow bridge and tunnel folks	food	neutral	mediocre		noise	negative																				it 's a place for people who pay a lot for mediocre food , noise and a chance to be with their fellow bridge and tunnel folks
this was a great surprise			great surprise																							this was a great surprise
the food was spicy and delicious	food	positive	spicy																							the food was spicy and delicious
a little overpriced but worth it once you take a bite			overpriced	worth																						a little overpriced but worth it once you take a bite
bartender was unable to tear himself away from friends at bar	bartender	negative	unable																							bartender was unable to tear himself away from friends at bar
anyways, if you're in the neighborhood to eat good food, i wouldn't waste my time trying to find something, rather go across the street to tamari	food	positive	good																							anyways , if you 're in the neighborhood to eat good food , i would n't waste my time trying to find something , rather go across the street to tamari
dahkin also offers prix fixe lunch and buffet	prix fixe lunch	positive																								dahkin also offers prix fixe lunch and buffet
although the place could be a little more eye catching and roomier, at the same time, it doesn't really matter	place	conflict	eye catching	roomier																						although the place could be a little more eye catching and roomier , at the same time , it does n't really matter
great place to grab a hot bagel on the way to work	hot bagel	positive	great																							great place to grab a hot bagel on the way to work
one would think we'd get an apology or complimentary drinks - instead, we got a snobby waiter wouldn't even take our order for 15 minutes and gave us lip when we asked him to do so	drinks	neutral	snobby		waiter	negative																				one would think we 'd get an apology or complimentary drinks - instead , we got a snobby waiter would n't even take our order for 15 minutes and gave us lip when we asked him to do so
one of my favorite places in manhattan			favorite																							one of my favorite places in manhattan
we were looking forward to nice glass of sangria when we arrived	glass of sangria	positive	nice																							we were looking forward to nice glass of sangria when we arrived
i would highly recommand requesting a table by the window	table by the window	positive																								i would highly recommand requesting a table by the window
while we enjoyed the food, we were highly disappointed by the poor service (waiter was not quite competent and slow service) and lack of remorse	food	positive	enjoyed	disappointed	service	negative	waiter	negative	service	negative	poor							competent	slow			lack				while we enjoyed the food , we were highly disappointed by the poor service ( waiter was not quite competent and slow service ) and lack of remorse
i stumbled upon this great pizzeria as i explored my new neighborhood			great																							i stumbled upon this great pizzeria as i explored my new neighborhood
after hearing a lot of great things about the restaurant, and passing by it on a daily basis, we decided to try			great																							after hearing a lot of great things about the restaurant , and passing by it on a daily basis , we decided to try
the service, however, was a bright flower in a garden	service	positive	bright																							the service , however , was a bright flower in a garden
we've been to grocery three times and not once has an item on the menu disappointed	menu	positive																								we 've been to grocery three times and not once has an item on the menu disappointed
the food is very good too but for the most part, it's just regular food, nothing special	food	positive	good	regular	food	neutral					nothing special															the food is very good too but for the most part , it 's just regular food , nothing special
a touch more jalapeno heat for contrast and it would have been very good indeed	jalapeno	positive	good																							a touch more jalapeno heat for contrast and it would have been very good indeed
tried the pad see ew on the recommendation of the last reviewer since it's one of my favorite dishes	pad see ew	neutral	favorite																							tried the pad see ew on the recommendation of the last reviewer since it 's one of my favorite dishes
the location is perfect	location	positive																								the location is perfect
guacamole+shrimp appetizer was really great, we both had the filet, very good, didn't much like the frites that came with, but the filet was so good, neither of us cared	guacamole+shrimp appetizer	positive	great	good	filet	positive	frites	negative	filet	positive	good															guacamole+shrimp appetizer was really great , we both had the filet , very good , did n't much like the frites that came with , but the filet was so good , neither of us cared
the lunch special is an asbolute steal	lunch special	positive																								the lunch special is an asbolute steal
nothing fancy but really good food with pretty reasonable price	food	positive	nothing fancy	good							reasonable															nothing fancy but really good food with pretty reasonable price
the chicken pot pie is excpetiona, the cheeseburger huge and delictable, and the service professional wan warm	the chicken pot pie	positive	huge	delictable	cheeseburger	positive	service	positive			professional															the chicken pot pie is excpetiona , the cheeseburger huge and delictable , and the service professional wan warm
while i quite liked the food and the ambience, i'm not quite sure if it they really deserve it the michelin rating they have displayed so prooudly in the window	food	positive	liked		ambience	positive																				while i quite liked the food and the ambience , i 'm not quite sure if it they really deserve it the michelin rating they have displayed so prooudly in the window
i'm surprised about some of the bad reviews posted here - i've been to tamarind about 5 or 6 times and always come away extremely satisfied and looking forward to returning			satisfied																							i 'm surprised about some of the bad reviews posted here - i 've been to tamarind about 5 or 6 times and always come away extremely satisfied and looking forward to returning
there are a few italian employees who may not speak the best english but for me that adds to the experience	employees	conflict	best																							there are a few italian employees who may not speak the best english but for me that adds to the experience
not worth the prices			worth																							not worth the prices
from the moment you enter till the moment you walk out the friendly and helpful staff was was just fantastic	staff	positive	friendly	helpful																						from the moment you enter till the moment you walk out the friendly and helpful staff was was just fantastic
service was good and food is wonderful	service	positive	good		food	positive																				service was good and food is wonderful
she gets 10 for her excellent service and advice	service	positive	excellent																							she gets 10 for her excellent service and advice
the quality of food at this restaurant accompanied by fantastic live jazz makes this place a perfect 10!	quality of food	positive	fantastic	perfect	live jazz	positive																				the quality of food at this restaurant accompanied by fantastic live jazz makes this place a perfect 10 !
(always ask the bartender for the seasonal beer!!!	bartender	neutral			seasonal beer	positive																				( always ask the bartender for the seasonal beer ! ! !
if your visiting, you'll enjoy the ambiance and the fact that it's in time sq	ambiance	positive	enjoy																							if your visiting , you 'll enjoy the ambiance and the fact that it 's in time sq
sandwiches tho pricey are over stuffed - can serve 2 persons easily thus cost effective!	sandwiches	conflict	pricey	over stuffed							cost effective															sandwiches tho pricey are over stuffed - can serve 2 persons easily thus cost effective !
service and food is what any one would expect when spending that type of money	service	neutral	expect		food	neutral																				service and food is what any one would expect when spending that type of money
love the atmosphere - felt like i was in paris	atmosphere	positive	love																							love the atmosphere - felt like i was in paris
every course was better than the next	course	positive	better																							every course was better than the next
not cheap, but not that expensive either			cheap	expensive																						not cheap , but not that expensive either
the staff is incredibly helpful and attentive	staff	positive	helpful																							the staff is incredibly helpful and attentive
if presentation and service is your thing, then this magic show works	service	positive																								if presentation and service is your thing , then this magic show works
apparently, the good cook works then	cook	positive	good																							apparently , the good cook works then
i was pleasantly suprised			pleasantly suprised																							i was pleasantly suprised
the yellowtail was particularly good as well	yellowtail	positive	good																							the yellowtail was particularly good as well
i ate clams oreganta and spectacular salad with perfectly marinated cucumbers and tomatoes with lots of shrimp and basil	clams oreganta	positive			salad with perfectly marinated cucumbers and tomatoes with lots of shrimp and basil	positive																				i ate clams oreganta and spectacular salad with perfectly marinated cucumbers and tomatoes with lots of shrimp and basil
the menu changed, portions were even smaller than before, a lentil dish was salty beyond edibility, a basmati rice dish lacked flavor	menu	negative	changed	smaller	portions	negative	lentil dish	negative	basmati rice dish	negative	salty							lacked								the menu changed , portions were even smaller than before , a lentil dish was salty beyond edibility , a basmati rice dish lacked flavor
spice is sleek, modern and cool with a menu that will not hurt your wallet	menu	positive	sleek	modern							cool															spice is sleek , modern and cool with a menu that will not hurt your wallet
patroon features a nice cigar bar and has great staff	cigar bar	positive	nice	great																						patroon features a nice cigar bar and has great staff
very affordable and excellent ambient!	ambient	positive	affordable	excellent																						very affordable and excellent ambient !
i have never had cheescake like this	cheescake	positive																								i have never had cheescake like this
bill a little high, but worth it	bill	conflict	high	worth																						bill a little high , but worth it
everyone i bring here always loves it			loves																							everyone i bring here always loves it
my co-workers had to wait almost an hour for delivery, only to discover that what they got was not what they ordered	delivery	negative																								my co-workers had to wait almost an hour for delivery , only to discover that what they got was not what they ordered
worth a visit			worth																							worth a visit
its a go-to for dates as well as entertaining out of town guests	entertaining	positive																								its a go-to for dates as well as entertaining out of town guests
why do people rave about the ambience			rave																							why do people rave about the ambience
were meeting up with some friends for a drink at lafayette 161 and happened to walk by thai angel famished	drink	neutral																								were meeting up with some friends for a drink at lafayette 161 and happened to walk by thai angel famished
fluke sashimi drizzled with jalapeno-lime olive oil, the fruit of the oil nicely highlighting the fish's sweetness	fluke sashimi	positive	nicely		jalapeno-lime olive oil	positive	fruit of the oil	positive	fish	positive																fluke sashimi drizzled with jalapeno-lime olive oil , the fruit of the oil nicely highlighting the fish 's sweetness
great sushi experience	sushi	positive	great																							great sushi experience
if you're looking for a great meal at a decent price, go to del frisco's!	meal	positive	great	decent	price	positive																				if you 're looking for a great meal at a decent price , go to del frisco 's !
my steak au poivre was one of the worst i've had	steak au poivre	negative	worst																							my steak au poivre was one of the worst i 've had
on a recent sunday afternoon, a friend and i accidently found this great restaurant on our way to see the pulitzer prize winning play doubt			great																							on a recent sunday afternoon , a friend and i accidently found this great restaurant on our way to see the pulitzer prize winning play doubt
the owner and staff are all japanese as well and that adds to the entire ambiance	owner	positive			staff	positive																				the owner and staff are all japanese as well and that adds to the entire ambiance
try the congee and the donut like deep fried dough they call ow ley soh, a delicious and sweet tasting bread	congee	positive	delicious	sweet tasting	donut like deep fried dough they call ow ley soh	positive																				try the congee and the donut like deep fried dough they call ow ley soh , a delicious and sweet tasting bread
although the tables may be closely situated, the candle-light, food-quality and service overcompensate	tables	negative	closely situated		candle-light	positive	food-quality	positive	service	positive																although the tables may be closely situated , the candle-light , food-quality and service overcompensate
the food was delicious and the waiter was incredibly helpful and attentive (considering we were the only ones there for the first hour)	food	positive	delicious	helpful	waiter	positive					attentive															the food was delicious and the waiter was incredibly helpful and attentive ( considering we were the only ones there for the first hour )
from the spectacular caviar to the hospitable waitstaff, i felt like royalty and enjoyed every second of it	caviar	positive	spectacular	hospitable	waitstaff	positive					enjoyed															from the spectacular caviar to the hospitable waitstaff , i felt like royalty and enjoyed every second of it
i will be going back and heartily recommend it!			recommend																							i will be going back and heartily recommend it !
definitely worth the trip to battery park city!			worth																							definitely worth the trip to battery park city !
perhaps this food is considered extreme to an upper east side resident, but for the rest of us who've actually eaten ethnic food, this is simply dull	food	conflict	extreme		ethnic food	negative																				perhaps this food is considered extreme to an upper east side resident , but for the rest of us who 've actually eaten ethnic food , this is simply dull
the place was real empty but that was because this was the first sunday they ever opened	place	negative	empty																							the place was real empty but that was because this was the first sunday they ever opened
this little place definitely exceeded my expectations and you sure get a lot of food for your money	place	conflict	exceeded	a lot of	food	positive																				this little place definitely exceeded my expectations and you sure get a lot of food for your money
ambience is delightful, service impeccable	ambience	positive	delightful		service	positive																				ambience is delightful , service impeccable
service was excellent, and the ac worked very well too (thank god, it was hot!)	service	positive	excellent	well	ac	positive																				service was excellent , and the ac worked very well too ( thank god , it was hot ! )
tasty but expensive			tasty																							tasty but expensive
both are delicious, the cooks are friendly and are willing to take a moment and speak to you and shake your hand	cooks	positive	delicious	friendly																						both are delicious , the cooks are friendly and are willing to take a moment and speak to you and shake your hand
my friend ordered some of their special sushi rolls which had excellent presentation and tasted great!	sushi rolls	positive	excellent	great																						my friend ordered some of their special sushi rolls which had excellent presentation and tasted great !
although be warned their dinner menu to sit and take ou t prices are different	dinner menu to sit	neutral	warned		take ou	neutral	prices	neutral																		although be warned their dinner menu to sit and take ou t prices are different
the staff was accomodating, the food was absolutely delicious and the place is lovely	staff	positive	accomodating	delicious	food	positive	place	positive																		the staff was accomodating , the food was absolutely delicious and the place is lovely
they smell like they stuff them with old canned vegetables like the spinach mushroom calzone	canned vegetables	negative	old		spinach mushroom calzone	negative																				they smell like they stuff them with old canned vegetables like the spinach mushroom calzone
to celebrate a birthday, three of us went to mare anticipating great food			great																							to celebrate a birthday , three of us went to mare anticipating great food
there was a great deal for 6 blue point oysters and a beer or glass of wine for 8!	blue point oysters	neutral	great		beer	neutral	glass of wine	neutral																		there was a great deal for 6 blue point oysters and a beer or glass of wine for 8 !
i went to pams with my girlfriend, and i love it			love																							i went to pams with my girlfriend , and i love it
i am relatively new to the area and tried pick a bgel on 2nd and was disappointed with the service and i thought the food was overated and on the pricey side	service	negative	disappointed	overated	food	negative					pricey															i am relatively new to the area and tried pick a bgel on 2nd and was disappointed with the service and i thought the food was overated and on the pricey side
the staff was knowledgeable and full of personality	staff	positive	knowledgeable																							the staff was knowledgeable and full of personality
great staff			great																							great staff
only complaint would be that at an average cost of 12- 15 per meal, i'd like not to have to worry about finding a seat!	cost	negative	complaint	average	meal	neutral	seat	negative			worry about															only complaint would be that at an average cost of 12- 15 per meal , i 'd like not to have to worry about finding a seat !
to finish off such a delightful dinner experience you must have dessert, especially the white chocolate bread pudding with gelato and hot chocolate	dinner	positive	delightful		dessert	positive	white chocolate bread pudding with gelato and hot chocolate	positive																		to finish off such a delightful dinner experience you must have dessert , especially the white chocolate bread pudding with gelato and hot chocolate
the banana tower is an amazing dessert as well	banana tower	positive	amazing		dessert	positive																				the banana tower is an amazing dessert as well
excellent atmosphere, delicious dishes good and friendly service	atmosphere	positive	excellent	delicious	dishes	positive					good							friendly								excellent atmosphere , delicious dishes good and friendly service
a cool place to hang with your friends for a couple of healthy drinks and desserts	place	positive	cool	healthy	drinks	positive																				a cool place to hang with your friends for a couple of healthy drinks and desserts
great vibe, lots of people	vibe	positive	great																							great vibe , lots of people
i like mamoun's food as well, but side by side, kati rolls just produce tastier food hands down	food	positive	like	tastier	food	positive																				i like mamoun 's food as well , but side by side , kati rolls just produce tastier food hands down
the service is a bit slow, but harkens back to my years growing up in napoli, italy where things are not rushed and when you sit down for dinner the table is yours all night	service	negative	slow		dinner	neutral	table	positive																		the service is a bit slow , but harkens back to my years growing up in napoli , italy where things are not rushed and when you sit down for dinner the table is yours all night
i love this place!			love																							i love this place !
but that wasn't the icing on the cake a tiramisu that resembled nothing i have ever had	icing on the cake	negative			tiramisu	negative																				but that was n't the icing on the cake a tiramisu that resembled nothing i have ever had
great food and the prices are very reasonable	food	positive	great		prices	positive																				great food and the prices are very reasonable
wine list is not huge but def well selected	wine list	conflict	huge																							wine list is not huge but def well selected
a cool bar with great food, and tons of excellent beer	bar	positive	cool	great	food	positive					excellent															a cool bar with great food , and tons of excellent beer
the ambience is authentic and relaxing and we have always received attentive and prompt service	ambience	positive	authentic	relaxing							attentive							prompt								the ambience is authentic and relaxing and we have always received attentive and prompt service
fresh, authentic, french cuisine in substantial portions	french cuisine	positive	fresh	authentic							substantial															fresh , authentic , french cuisine in substantial portions
drinks got screwed up, she acted put upon	drinks	negative	screwed up																							drinks got screwed up , she acted put upon
the one vegetarian entree (abby's treasure) was actually quite a surprise - it was delicious and had wintermelon covering an assortment of fresh mushrooms and vegetables	vegetarian entree	positive	surprise	delicious	abby's treasure	positive	wintermelon	positive	assortment of fresh mushrooms and vegetables	positive	fresh															the one vegetarian entree ( abby 's treasure ) was actually quite a surprise - it was delicious and had wintermelon covering an assortment of fresh mushrooms and vegetables
at 5 dumplings for 1, you just cannot go wrong	dumplings	positive																								at 5 dumplings for 1 , you just can not go wrong
but the pizza is way to expensive	pizza	negative																								but the pizza is way to expensive
and the staff is also young, energeic and hot!!!!	staff	positive	young	energeic							hot															and the staff is also young , energeic and hot ! ! ! !
even better, they know how to cook french classics like steak au poivre and onglet without burning it to death or overcooking it	steak au poivre	positive	better		onglet	positive																				even better , they know how to cook french classics like steak au poivre and onglet without burning it to death or overcooking it
service was decent, but not as smooth as i would expect from a place with these prices and reputation	service	conflict	decent	smooth	prices	negative																				service was decent , but not as smooth as i would expect from a place with these prices and reputation
we had a wonderful meal at naples 45 a month ago on a visit to nyc	meal	positive	wonderful																							we had a wonderful meal at naples 45 a month ago on a visit to nyc
good drink			good																							good drink
great food (spinach and corn dumplings and massamman curry), very friendly and no nonsense service and a clean and funky bathroom	food	positive	great	friendly	spinach and corn dumplings	positive	massamman curry	positive	service	positive	nonsense							clean	funky							great food ( spinach and corn dumplings and massamman curry ) , very friendly and no nonsense service and a clean and funky bathroom
romantic if you want it to be (brightly lit)			romantic																							romantic if you want it to be ( brightly lit )
i recommend it!			recommend																							i recommend it !
my chow fun and chow see was really bland and oily	chow fun and chow see	negative	bland																							my chow fun and chow see was really bland and oily
even though i made the reservation at 3pm for the same night through dinnerbroker, we were seated at a table with one of the best view!	reservation	positive	best		seated	positive	table	positive																		even though i made the reservation at 3pm for the same night through dinnerbroker , we were seated at a table with one of the best view !
we did notice however, that some tables had what looked like pita instead of naan	pita	negative																								we did notice however , that some tables had what looked like pita instead of naan
the grilled cheese at home afterwards was better.!!	grilled cheese	positive																								the grilled cheese at home afterwards was better. ! !
the red sliding doors may be unique but they do not block off the cold air from the outside	doors	conflict	unique																							the red sliding doors may be unique but they do not block off the cold air from the outside
the food is expensive, but worth every bite	food	conflict	expensive	worth																						the food is expensive , but worth every bite
when we were finally seated our waitress came by twice-1 for our order and 2-for our check	waitress	negative																								when we were finally seated our waitress came by twice-1 for our order and 2-for our check
in summer-eat outside on a terrace (another great feature of suan)!!!	terrace	positive	great																							in summer-eat outside on a terrace ( another great feature of suan ) ! ! !
we did have to wait at the bar for approx	bar	neutral																								we did have to wait at the bar for approx
you fellas above says its the best taiwanese restaurant in town			best																							you fellas above says its the best taiwanese restaurant in town
if you love seafood, you would love this place!	seafood	positive	love	love	place	positive																				if you love seafood , you would love this place !
good, fast service			good	fast																						good , fast service
dakshin is one of the few affordable and tasty indian restaurant in the upper east side			affordable	tasty																						dakshin is one of the few affordable and tasty indian restaurant in the upper east side
they charge different prices all the time	prices	negative	different																							they charge different prices all the time
i was in love with pongsri on 48th, but compared to suan it is slow in service and overpriced	service	negative	love	slow																						i was in love with pongsri on 48th , but compared to suan it is slow in service and overpriced
it's charmingly small and that leads to an atmoshere that is extremely cozy and romantic, even	atmoshere	positive	charmingly small	cozy							romantic															it 's charmingly small and that leads to an atmoshere that is extremely cozy and romantic , even
it is obvious that no one in the restaurant has any idea about or experience with japanese cuisin e	japanese cuisin	negative																								it is obvious that no one in the restaurant has any idea about or experience with japanese cuisin e
in terms of the food itself--nothing special, we limited ourselves to several appetizers	food	neutral	nothing special	limited																						in terms of the food itself -- nothing special , we limited ourselves to several appetizers
love the jazz bands on fri and sat	jazz bands	positive	love																							love the jazz bands on fri and sat
overall, excellent restaurant!			excellent																							overall , excellent restaurant !
to begin, we were told there was a 30 minute wait and started to leave, when the hostess offered to call us on our cell phone when the table was ready	wait	negative			hostess	positive	table	positive																		to begin , we were told there was a 30 minute wait and started to leave , when the hostess offered to call us on our cell phone when the table was ready
the servers give you some sample slices of your order while you wait (shortly i might add)	servers	positive																								the servers give you some sample slices of your order while you wait ( shortly i might add )
the service was ok	service	neutral																								the service was ok
i ate here for the first time and absolutely loved it!			loved																							i ate here for the first time and absolutely loved it !
the manager claimed that he could not compensate us for anything on the bill which just shows the lack of sophistication from the entire group	manager	negative	lack		bill	neutral																				the manager claimed that he could not compensate us for anything on the bill which just shows the lack of sophistication from the entire group
this is by far my favorite place in the neighborhood			favorite																							this is by far my favorite place in the neighborhood
but too far east!			far																							but too far east !
highly highly highly recommended!			recommended																							highly highly highly recommended !
it's the only place you can get yummy authentic japanese comfort food	japanese comfort food	positive	authentic																							it 's the only place you can get yummy authentic japanese comfort food
we came here on a crowded saturday night and were seated right away despite being 15 minutes late for our reservation	seated	positive	late																							we came here on a crowded saturday night and were seated right away despite being 15 minutes late for our reservation
this place is cool enough to be in the east village, but french enough to make you feel like you could be in a bistro in a back alley in paris			cool																							this place is cool enough to be in the east village , but french enough to make you feel like you could be in a bistro in a back alley in paris
we were fast to order the appetizer platter since we were very hungry	appetizer platter	neutral	fast																							we were fast to order the appetizer platter since we were very hungry
no dress codes, no attitudes, plenty of comfort companionship, a great place to relax in an always busy midtown	dress codes	positive	great		attitudes	positive	place	positive																		no dress codes , no attitudes , plenty of comfort companionship , a great place to relax in an always busy midtown
largest and freshest pieces of sushi, and delicious!	pieces of sushi	positive	largest	freshest							delicious															largest and freshest pieces of sushi , and delicious !
even the pasta is delicious here (a rarity in new york pizza restaurants)	pasta	positive	delicious																							even the pasta is delicious here ( a rarity in new york pizza restaurants )
but when we looked at the menu, there weren't a lot of choices, most of them were dumplings in the appetizer section	menu	negative	a lot of		dumplings	neutral	appetizer	negative																		but when we looked at the menu , there were n't a lot of choices , most of them were dumplings in the appetizer section
maybe i say so because it looked promising for people who like artery-clogging jewish deli food, but turns out to be poorly run and awful	jewish deli food	conflict	like	poorly																						maybe i say so because it looked promising for people who like artery-clogging jewish deli food , but turns out to be poorly run and awful
after my 3rd time the manager remembered me and treated me like an usual customer	manager	positive																								after my 3rd time the manager remembered me and treated me like an usual customer
when he's not making authentic neapolitan pizza in the open brick oven or lightly frying zucchini blossoms, he's visiting the regulars (a growing legion) and checking on newcomers	neapolitan pizza	positive			zucchini blossoms	positive																				when he 's not making authentic neapolitan pizza in the open brick oven or lightly frying zucchini blossoms , he 's visiting the regulars ( a growing legion ) and checking on newcomers
wait staff is blantently unappreciative of your business but its the best pie on the uws!	wait staff	negative	unappreciative	best	pie	positive																				wait staff is blantently unappreciative of your business but its the best pie on the uws !
the ingredients taste fresher, the crust is thinner and crispier, the slice is less oily, and it's never burnt like it occasionally is at joe's	ingredients	positive	fresher	thinner	crust	positive	slice	positive			crispier							oily								the ingredients taste fresher , the crust is thinner and crispier , the slice is less oily , and it 's never burnt like it occasionally is at joe 's
the prices were cheap compared to the quality of service and food	prices	positive	cheap		service	positive																				the prices were cheap compared to the quality of service and food
top spot in town for vietnamese classics, better than places that cost a lot more	vietnamese classics	positive	top	better																						top spot in town for vietnamese classics , better than places that cost a lot more
less wait time for me!	wait time	positive	less																							less wait time for me !
this was the perfect quiet, relaxing, and delicious accompaniment to our afternoon of theater			quiet	relaxing							delicious															this was the perfect quiet , relaxing , and delicious accompaniment to our afternoon of theater
having discovered ping's on the internet, we entered with qualms but were instantly put to ease by the fish tanks that greet you as u walk in	fish tanks	positive																								having discovered ping 's on the internet , we entered with qualms but were instantly put to ease by the fish tanks that greet you as u walk in
you cannot go wrong at the red eye grill			wrong																							you can not go wrong at the red eye grill
it appears to be the owner's first venture and it shows	owner	negative																								it appears to be the owner 's first venture and it shows
i come from a family of pizzeria owners, and i'm almost ashamed to say that the pizza in fornino's blows my families receipies away	pizza	positive	ashamed																							i come from a family of pizzeria owners , and i 'm almost ashamed to say that the pizza in fornino 's blows my families receipies away
we ordered some beef and noodle soup dishes from the thai section of the menu but nothing we got was thai	beef	negative			noodle soup dishes	negative	menu	negative																		we ordered some beef and noodle soup dishes from the thai section of the menu but nothing we got was thai
they have a huge selection of different cream cheeses and all of their salads are great	cream cheeses	positive	huge	different	salads	positive																				they have a huge selection of different cream cheeses and all of their salads are great
the lobster sandwich is good and the spaghetti with scallops and shrimp is great	lobster sandwich	positive	good		spaghetti with scallops and shrimp	positive																				the lobster sandwich is good and the spaghetti with scallops and shrimp is great
the dim sum is delectable while the prices are quite easy on the wallet	dim sum	positive	delectable	easy	prices	positive																				the dim sum is delectable while the prices are quite easy on the wallet
the worst excuse for japanese food i've ever encountered	japanese food	negative	worst																							the worst excuse for japanese food i 've ever encountered
a million better places to go in the city			better																							a million better places to go in the city
okay-i don't mind the oily part (cause most are cooked that way) but it was way too bland			oily																							okay-i do n't mind the oily part ( cause most are cooked that way ) but it was way too bland
i ordered a chicken teriyaki dish and found that the chicken was extremely dry	chicken teriyaki dish	negative			chicken	negative																				i ordered a chicken teriyaki dish and found that the chicken was extremely dry
i love it			love																							i love it
we had pam's special fried fish and it was amazing	pam's special fried fish	positive	special																							we had pam 's special fried fish and it was amazing
there is no excuse for such lousy service!	service	negative	lousy																							there is no excuse for such lousy service !
my boyfriend had the new england chowder it was good but i think the award should go to the lobster bisque	new england chowder	positive	good		lobster bisque	positive																				my boyfriend had the new england chowder it was good but i think the award should go to the lobster bisque
so, a little inconsistency there but either way, both pizzas were really good	pizzas	positive																								so , a little inconsistency there but either way , both pizzas were really good
overall the restaurant is more expensive than our other sushi favorites, but everything was delicious	sushi	neutral	expensive																							overall the restaurant is more expensive than our other sushi favorites , but everything was delicious
i had the duck breast special on my last visit and it was incredible	duck breast special	positive																								i had the duck breast special on my last visit and it was incredible
i must say it's a little pricey for the food because it was not as spectacular as the view	food	negative	pricey	spectacular																						i must say it 's a little pricey for the food because it was not as spectacular as the view
these innovators of french indian fusion do a great job of making dishes as interesting as possible while still being accessible	french indian fusion	positive	great	interesting	dishes	positive																				these innovators of french indian fusion do a great job of making dishes as interesting as possible while still being accessible
just don't take the seat between the bar and the back half of the restaurant, i saw a woman get nudged 40times sitting there	seat	negative			bar	neutral																				just do n't take the seat between the bar and the back half of the restaurant , i saw a woman get nudged 40times sitting there
no gimmicks here--the food speaks for itself in its freshness and preparation	food	positive																								no gimmicks here -- the food speaks for itself in its freshness and preparation
we were worried we would have trouble getting in, but somehow managed to have a short wait			short																							we were worried we would have trouble getting in , but somehow managed to have a short wait
everything i had was good, and i'm a eater			good																							everything i had was good , and i 'm a eater
the service is awful--the last time i was there (and i do mean the last time) we were told that they needed our table so we would have to leave	service	negative	awful		table	negative																				the service is awful -- the last time i was there ( and i do mean the last time ) we were told that they needed our table so we would have to leave
we could only get through an appetizer and cheese fondue	appetizer	neutral			cheese fondue	neutral																				we could only get through an appetizer and cheese fondue
to me it exemplifies soho, cute, artsy, interesting			cute	artsy																						to me it exemplifies soho , cute , artsy , interesting
both times we waited well over a half hour for a table (even though we had reservations)	table	negative			reservations	negative																				both times we waited well over a half hour for a table ( even though we had reservations )
happy to be a regular at this place and would warmly recommend it to anyone			happy	recommend																						happy to be a regular at this place and would warmly recommend it to anyone
i've been eating at taj mahal for over twenty years and have found them to be the most excellent of the indian eateries on this block of indian restaurants			excellent																							i 've been eating at taj mahal for over twenty years and have found them to be the most excellent of the indian eateries on this block of indian restaurants
night without a reservation, we had to wait at the bar for a little while, but the manager was so nice and made our wait a great experience	reservation	neutral	nice	great	bar	neutral	manager	positive	wait	positive																night without a reservation , we had to wait at the bar for a little while , but the manager was so nice and made our wait a great experience
try the green curry!!!	green curry	positive																								try the green curry ! ! !
we were also seated promptly at the time of our reservation and the service was very quick and professional	reservation	positive	promptly	quick	service	positive																				we were also seated promptly at the time of our reservation and the service was very quick and professional
you rarely have to wait for a seat and the currys (masaman, green, red) are full of flavor and come super spicy if you ask for it	seat	positive	rarely	full	currys (masaman, green, red)	positive	flavor	positive																		you rarely have to wait for a seat and the currys ( masaman , green , red ) are full of flavor and come super spicy if you ask for it
the food there are sastifying	food	positive																								the food there are sastifying
i highly recommend to anyone to give this place a try			recommend																							i highly recommend to anyone to give this place a try
i highly recommend visiting this restaurant and having dinner and drinks!	dinner	positive	recommend		drinks	positive																				i highly recommend visiting this restaurant and having dinner and drinks !
the bar is very well stocked with interesting beers and well priced wines	bar	positive	well stocked	interesting	beers	positive					well															the bar is very well stocked with interesting beers and well priced wines
last memorial day, i tried to make reservations but was told they were closed that weekend (interesting, but)	reservations	negative																								last memorial day , i tried to make reservations but was told they were closed that weekend ( interesting , but )
the food was good	food	positive																								the food was good
i have enjoyed everything i have ever gotten and the fish is so fresh and always prepared in a great way	fish	positive	enjoyed	fresh							great															i have enjoyed everything i have ever gotten and the fish is so fresh and always prepared in a great way
i love to visit murrays for my bagel fix	bagel	positive	love																							i love to visit murrays for my bagel fix
we made early dinner reservations and were thoroughly impressed, reminds me of my grandfather, its old school italian scenery with lots of fun stuff to admire	dinner reservations	positive	impressed		scenery	positive																				we made early dinner reservations and were thoroughly impressed , reminds me of my grandfather , its old school italian scenery with lots of fun stuff to admire
the place was nice and calm	place	positive	nice																							the place was nice and calm
cheese plate is a varied delight and great bargain at 10	cheese plate	positive	varied	great																						cheese plate is a varied delight and great bargain at 10
i could have drank 4 glasses of water and still been parched - so watch out	glasses of water	neutral	parched																							i could have drank 4 glasses of water and still been parched - so watch out
when we sat, we got great and fast service			great	fast																						when we sat , we got great and fast service
most of the servers are very attentive, friendly and quite attractive	servers	positive	attentive	friendly																						most of the servers are very attentive , friendly and quite attractive
service is average	service	neutral																								service is average
but they've done a really nice job of offering all the typical pizzeria faves plus some terrific specials like the godmother pizza (a sort of traditional flat pizza with an olive oil-brushed crust and less tomato sauce than usual)	specials	positive	nice	typical	godmother pizza (a sort of traditional flat pizza with an olive oil-brushed crust and less tomato sauce than usual)	positive					terrific															but they 've done a really nice job of offering all the typical pizzeria faves plus some terrific specials like the godmother pizza ( a sort of traditional flat pizza with an olive oil-brushed crust and less tomato sauce than usual )
they forgot a sandwich, didn't include plastic forks, and didn't include pita with the hummus platter	sandwich	neutral	forgot		plastic forks	neutral	pita	neutral	hummus platter	neutral																they forgot a sandwich , did n't include plastic forks , and did n't include pita with the hummus platter
the steak is good, the fish is good and the sushi was surprisingly great	steak	positive	good	good	fish	positive	sushi	positive																		the steak is good , the fish is good and the sushi was surprisingly great
i am reluctant to write because i would not want my jem of a pizza place to become overcrowded	pizza	positive																								i am reluctant to write because i would not want my jem of a pizza place to become overcrowded
the service was poor, restaurant poorly lit, staff not very attentive and i would have rather eaten at a mcdonald's than this joint	service	negative	poor	poorly	staff	negative					attentive															the service was poor , restaurant poorly lit , staff not very attentive and i would have rather eaten at a mcdonald 's than this joint
my gf and i still choose to eat there a lot because of diverse cocktails, the chill decor, and the decent sushi	cocktails	positive	diverse	decent	decor	positive																				my gf and i still choose to eat there a lot because of diverse cocktails , the chill decor , and the decent sushi
we ended the dinner with a surprisingly light and flaky apple tarte tatin	dinner	neutral	light	flaky	apple tarte tatin	positive																				we ended the dinner with a surprisingly light and flaky apple tarte tatin
the buffet had a nice selection	buffet	positive	nice																							the buffet had a nice selection
this restaurant is such a great place			great																							this restaurant is such a great place
terrible experience			terrible																							terrible experience
i love the place			love																							i love the place
service was slow had to wait to order and get food although not crowded	service	negative	slow		food	neutral																				service was slow had to wait to order and get food although not crowded
will have to return to try the chocolate!	chocolate	positive																								will have to return to try the chocolate !
the food was below average, the service was pathetic, there was no ambience at all	food	negative	below average	pathetic	service	negative	ambience	negative																		the food was below average , the service was pathetic , there was no ambience at all
i really enjoyed the shows put on by the actors	shows	positive	enjoyed																							i really enjoyed the shows put on by the actors
the miso soup lacked flavor and the fish was unfortunately not as well prepared as in the past	miso soup	negative	lacked	well prepared	flavor	negative	fish	negative																		the miso soup lacked flavor and the fish was unfortunately not as well prepared as in the past
they are the best bagels i've had	bagels	positive	best																							they are the best bagels i 've had
i've read some of the previews reviews - people are either not new yorkers or have more appreciation for ambience then food	ambience	neutral																								i 've read some of the previews reviews - people are either not new yorkers or have more appreciation for ambience then food
toons has recently been redone, so it's now a very attractive space			attractive																							toons has recently been redone , so it 's now a very attractive space
160 for 2 filets, 2 sides, an appetizer and drinks	filets	neutral			sides	neutral	appetizer	neutral																		160 for 2 filets , 2 sides , an appetizer and drinks
we arrived for dinner expecting to be impressed by a place that has an impressive past - but, that's just it--the past!	dinner	neutral	impressed	impressive																						we arrived for dinner expecting to be impressed by a place that has an impressive past - but , that 's just it -- the past !
however, i think this place is a good hang out spot			good																							however , i think this place is a good hang out spot
the menu is prix fixe, so be prepared to spend at least 60 per person, but it is well worth itsuperb food	menu	negative	well worth		prix fixe	neutral																				the menu is prix fixe , so be prepared to spend at least 60 per person , but it is well worth itsuperb food
rao is a good restaurant, but it's nothing special			good																							rao is a good restaurant , but it 's nothing special
we had the most wonderful waitress			wonderful																							we had the most wonderful waitress
while the staff at this little bistro is very friendly, i have never experienced more incompetency	staff	positive	friendly																							while the staff at this little bistro is very friendly , i have never experienced more incompetency
the quail was fantastic and unique and the pastas were full of flavor	quail	positive	fantastic	unique	pastas	positive					full															the quail was fantastic and unique and the pastas were full of flavor
when we left at pm, it was packed and noisy			packed																							when we left at pm , it was packed and noisy
the zucchini and mashed potatoes are a blend of garlic and butter which simply melts in your mouth	zucchini	positive			mashed potatoes	positive	garlic	positive	butter	positive																the zucchini and mashed potatoes are a blend of garlic and butter which simply melts in your mouth
decor is nice though service can be spotty	decor	positive	nice		service	negative																				decor is nice though service can be spotty
aside from the rushed service, we were very impressed with the food and the drinks	service	negative	rushed	impressed	food	positive																				aside from the rushed service , we were very impressed with the food and the drinks
i would highly recommend this place to anyone who is looking for a fine indian dining experience that is definitely a value for your dollar	indian dining experience	positive	recommend																							i would highly recommend this place to anyone who is looking for a fine indian dining experience that is definitely a value for your dollar
and even with it's pub atmosphere they were great to my kids too!	pub atmosphere	conflict	great																							and even with it 's pub atmosphere they were great to my kids too !
this big draw is the all you can sushi here for 19.95!	sushi	positive	draw																							this big draw is the all you can sushi here for 19.95 !
i consider the best grand sichuan restaurant in nyc			best																							i consider the best grand sichuan restaurant in nyc
the specials are usually quite good too	specials	positive	good																							the specials are usually quite good too
they've the best desserts and mixed drinks as well as snack foods	desserts	positive	best		mixed drinks	positive	snack foods	positive																		they 've the best desserts and mixed drinks as well as snack foods
try the chocolate mud cake (warmed) with 2 scoops of dulce de leche gelato	chocolate mud cake (warmed)	positive			dulce de leche gelato	positive																				try the chocolate mud cake ( warmed ) with 2 scoops of dulce de leche gelato
while the new restaurant still features much of the same classical furniture that made tiffin so attractive, the menu has been overhauled	classical furniture	positive	classical	attractive	menu	negative																				while the new restaurant still features much of the same classical furniture that made tiffin so attractive , the menu has been overhauled
the best burger i have had in the village	burger	positive	best																							the best burger i have had in the village
three of us arrived for dinner about on a week night without reservations	dinner	neutral																								three of us arrived for dinner about on a week night without reservations
the blond wood decor is very soothing, the premium sake is excellent and the service is great	blond wood decor	positive	soothing	excellent	sake	positive	service	positive																		the blond wood decor is very soothing , the premium sake is excellent and the service is great
there is usually a wait but it is well worth it	wait	conflict	well worth																							there is usually a wait but it is well worth it
only drawback - they won't toast your bagel, and they don't make eggs for the bagel	bagel	negative	drawback		eggs	negative																				only drawback - they wo n't toast your bagel , and they do n't make eggs for the bagel
as always we had a great glass of wine while we waited	glass of wine	positive	great																							as always we had a great glass of wine while we waited
the wait staff is pleasant, fun, and for the most part gorgeous (in the wonderful aesthetic beautification way, not in that she's-way-cuter-than-me-that-b * way)	wait staff	positive	pleasant	fun							gorgeous							aesthetic								the wait staff is pleasant , fun , and for the most part gorgeous ( in the wonderful aesthetic beautification way , not in that she's-way-cuter-than-me-that-b * way )
of course this atmosphere is lacking, but what do you expect from a 24 hour bagel place anyways	atmosphere	negative	lacking		bagel	neutral																				of course this atmosphere is lacking , but what do you expect from a 24 hour bagel place anyways
service was very good and warm	service	positive	good																							service was very good and warm
for dinner i had the chicken tikka-masala and some garlic naan	dinner	neutral			chicken tikka-masala	neutral	garlic naan	neutral																		for dinner i had the chicken tikka-masala and some garlic naan
cornelia street looks like a broadway set for west side story and the inside of po is so cool quaint you really can't top the setting for a romantic dinner in nyc	setting	positive	cool	romantic	dinner	positive																				cornelia street looks like a broadway set for west side story and the inside of po is so cool quaint you really ca n't top the setting for a romantic dinner in nyc
food was good and the view of the new york city skiline was terrific even on a foggy rainy day like that of when i went	food	positive	good	terrific	view	positive																				food was good and the view of the new york city skiline was terrific even on a foggy rainy day like that of when i went
also, because it is so thin, it gets cold very quickly and its not that filling			cold																							also , because it is so thin , it gets cold very quickly and its not that filling
the food is nothing like its menu description	food	negative			menu description	negative																				the food is nothing like its menu description
try the pad se-ew or chicken with cashew nuts for a memorable and repeatable experience	pad se-ew	positive	memorable	repeatable	chicken with cashew nuts	positive																				try the pad se-ew or chicken with cashew nuts for a memorable and repeatable experience
the food is decent at best, and the ambience, well, it's a matter of opinion, some may consider it to be a sweet thing, i thought it was just annoying	food	neutral	decent	best	ambience	conflict					sweet															the food is decent at best , and the ambience , well , it 's a matter of opinion , some may consider it to be a sweet thing , i thought it was just annoying
the best place to bring kids or any friends who want to do something different			best																							the best place to bring kids or any friends who want to do something different
the service was a bit slow, but they were very friendly	service	negative	slow																							the service was a bit slow , but they were very friendly
it's a small cute restaurant			cute																							it 's a small cute restaurant
leon is an east village gem casual but hip, with well prepared basic french bistro fare, good specials, a warm and lively atmosphere	french bistro fare	positive	casual	well prepared	specials	positive					good							warm	lively							leon is an east village gem casual but hip , with well prepared basic french bistro fare , good specials , a warm and lively atmosphere
the food is above average for midtown and sligtly better than some of the other heartland breweries in the city	food	positive	above average	better																						the food is above average for midtown and sligtly better than some of the other heartland breweries in the city
thius is a must for anyone who loves shabu-shabu			loves																							thius is a must for anyone who loves shabu-shabu
the food was absolutely horrible!	food	negative	horrible																							the food was absolutely horrible !
food doesn't appear to be cooked on premisis but there's a high turnover so its pretty fresh	food	conflict																								food does n't appear to be cooked on premisis but there 's a high turnover so its pretty fresh
restaurant was dirty and unkempt			dirty																							restaurant was dirty and unkempt
nice place though			nice																							nice place though
it is a small restuarant so go early and it will be nice and quiet- go late and it will be packed!			nice	packed																						it is a small restuarant so go early and it will be nice and quiet- go late and it will be packed !
the people with carts of food don't understand you because they don't speak english, their job is to give you the delicious food you point at	people with carts of food	negative	delicious		food	positive																				the people with carts of food do n't understand you because they do n't speak english , their job is to give you the delicious food you point at
the crackling calamari salad, which is usually a cheap disaster at many restaurants, is crispy and lightly dressed	crackling calamari salad	positive	crispy	lightly dressed																						the crackling calamari salad , which is usually a cheap disaster at many restaurants , is crispy and lightly dressed
the thai ice tea was amazingly smooth and yummy!	thai ice tea	positive	smooth	yummy																						the thai ice tea was amazingly smooth and yummy !
we've never had any problems with the staff but maybe we've been lucky	staff	positive																								we 've never had any problems with the staff but maybe we 've been lucky
drinks way over priced	drinks	negative	over																							drinks way over priced
the main downside to the place is the nazi-like guy running it who constantly complains about the noise level	guy	negative	downside		noise level	negative																				the main downside to the place is the nazi-like guy running it who constantly complains about the noise level
what i didn't like was how the food came right after it was ordered	food	negative	like																							what i did n't like was how the food came right after it was ordered
moderate prices			moderate																							moderate prices
we had a great time at the jekyll and hyde pub last night			great																							we had a great time at the jekyll and hyde pub last night
i think i've had some the best meals of my life at minnow	meals	positive	best																							i think i 've had some the best meals of my life at minnow
my biggest complaint was the un-tasty food although presented well	food	conflict																								my biggest complaint was the un-tasty food although presented well
this tiny restaurant is as cozy as it gets, with that certain parisian flair			tiny	cozy																						this tiny restaurant is as cozy as it gets , with that certain parisian flair
most importantly, food is excellent	food	positive																								most importantly , food is excellent
great roofdeck, nice group of 30 somethings, but no music, kind of quiet	roofdeck	positive	great	nice	music	negative																				great roofdeck , nice group of 30 somethings , but no music , kind of quiet
the best part of the experience was knowing that the manager (a bubbly, friendly young woman with a great smile) truly cared about how we were doing	manager	positive	best	friendly							truly															the best part of the experience was knowing that the manager ( a bubbly , friendly young woman with a great smile ) truly cared about how we were doing
however, service was as plain as sesame crusted salmon i had	service	neutral	plain		sesame crusted salmon	neutral																				however , service was as plain as sesame crusted salmon i had
i would highly recommend it			recommend																							i would highly recommend it
it's great to go for a quick lunch either alone or with a friend	lunch	positive	great	quick																						it 's great to go for a quick lunch either alone or with a friend
the food was mediocre at best but it was the horrible service that made me vow never to go back	food	neutral	best	horrible	service	negative																				the food was mediocre at best but it was the horrible service that made me vow never to go back
you get what you pay for and with that logic in mind, spice is a great place to grab some cheap eats and drinks in a beautiful setting	eats	positive	great	cheap	drinks	positive					beautiful															you get what you pay for and with that logic in mind , spice is a great place to grab some cheap eats and drinks in a beautiful setting
the service was terrible, we had to wait for everything and ask several of different people for the same thing before we were allowed to be served	service	negative	terrible																							the service was terrible , we had to wait for everything and ask several of different people for the same thing before we were allowed to be served
other than being a little crowded and a bit overpriced, the atmosphere is filled with energy (and the beautiful people of course) and the food was surprising good!	atmosphere	positive	crowded	overpriced	people	positive	food	positive			beautiful							surprising good								other than being a little crowded and a bit overpriced , the atmosphere is filled with energy ( and the beautiful people of course ) and the food was surprising good !
saul is the best restaurant on smith street and in brooklyn			best																							saul is the best restaurant on smith street and in brooklyn
waiters are slow but sweet	waiters	conflict	slow																							waiters are slow but sweet
i have been here a few times for dinner, once for brunch and twice for lunch	dinner	neutral			brunch	neutral																				i have been here a few times for dinner , once for brunch and twice for lunch
the real kicker of the menu, however, is the beef cubes or the chicken with chili and lemon grass	menu	neutral			beef cubes	positive	chicken with chili and lemon grass	positive																		the real kicker of the menu , however , is the beef cubes or the chicken with chili and lemon grass
it was good, but was not what i thought it would be			good																							it was good , but was not what i thought it would be
the music is the best among all the indian restaurants i have visited	music	positive	best																							the music is the best among all the indian restaurants i have visited
the bread and lamb chops i had before the meal were quite good, however	bread	positive	good		lamb chops	positive	meal	neutral																		the bread and lamb chops i had before the meal were quite good , however
instead ordered an ice cold beer which to me works with indian	beer	positive																								instead ordered an ice cold beer which to me works with indian
good for dates or with friends			good																							good for dates or with friends
they never brought us complimentary noodles, ignored repeated requests for sugar, and threw our dishes on the table	noodles	negative	ignored		sugar	negative	dishes	negative																		they never brought us complimentary noodles , ignored repeated requests for sugar , and threw our dishes on the table
one of the best chicken tikka masala	chicken tikka masala	positive	best																							one of the best chicken tikka masala
the kitchen however, is almost always slow	kitchen	negative																								the kitchen however , is almost always slow
the corned beef and pastrami are excellent, much less fatty than those big tourist places around times square	corned beef	positive	excellent	less fatty	pastrami	positive																				the corned beef and pastrami are excellent , much less fatty than those big tourist places around times square
cute place, nice wait staff but would never go there again	place	positive	cute	nice	wait staff	positive																				cute place , nice wait staff but would never go there again
we had a good time			good																							we had a good time
also, the hostess called me today to thank us for coming and mentioned how she hoped that my girlfriend enjoyed her birthday - unexpected, but a truly above and beyond thing to do	hostess	positive																								also , the hostess called me today to thank us for coming and mentioned how she hoped that my girlfriend enjoyed her birthday - unexpected , but a truly above and beyond thing to do
people are rude bit again it's new york!	people	negative	rude																							people are rude bit again it 's new york !
we all felt it was worth it			worth																							we all felt it was worth it
the plain slice is great and if you get toppings, the whole slice is topped with them, not sparsely sprinkled on like some places	plain slice	positive	great		toppings	positive																				the plain slice is great and if you get toppings , the whole slice is topped with them , not sparsely sprinkled on like some places
service was also horrible and the ambience is not that great	service	negative	horrible		ambience	negative																				service was also horrible and the ambience is not that great
service is great, takeout is good too	service	positive	great	good	takeout	positive																				service is great , takeout is good too
the pizza is overpriced and soggy	pizza	negative	overpriced																							the pizza is overpriced and soggy
everything is excellent, the menu is quite extensive, and you eat with a view on both sides of the city	menu	positive	excellent	extensive	view	positive																				everything is excellent , the menu is quite extensive , and you eat with a view on both sides of the city
for the quality of food, a little too expensive	quality of food	negative																								for the quality of food , a little too expensive
came looking for this place because i heard good things			good																							came looking for this place because i heard good things
here's to the fake fish tanks too	fish tanks	negative	fake																							here 's to the fake fish tanks too
its worth the wait though	wait	conflict	worth																							its worth the wait though
i've never had bad service and the fish is fresh and delicious	service	positive	bad	fresh	fish	positive																				i 've never had bad service and the fish is fresh and delicious
the first time i went, and was completely taken by the live jazz band and atmosphere, i ordered the lobster cobb salad	live jazz band	positive			atmosphere	positive	lobster cobb salad	neutral																		the first time i went , and was completely taken by the live jazz band and atmosphere , i ordered the lobster cobb salad
we decided to eat in tea room which was small and cute	tea room	positive	small																							we decided to eat in tea room which was small and cute
what an amazing meal and experience!	meal	positive	amazing																							what an amazing meal and experience !
it is the best deal in town for a monday night dinner at a fine restaurant	dinner	positive	best	fine																						it is the best deal in town for a monday night dinner at a fine restaurant
nothing special about this place			special																							nothing special about this place
also, the sandwiches (nearing 7) didn't come with anything like chips or a side	sandwiches	negative			chips	neutral																				also , the sandwiches ( nearing 7 ) did n't come with anything like chips or a side
the wait here is long for dim sum, but if you don't like sharing tables or if the typical raucous dim sum atmosphere is not your gig, this is a sleek (for chinatown) alternative	wait	negative	long	sleek	dim sum	neutral	tables	positive	dim sum atmosphere	neutral																the wait here is long for dim sum , but if you do n't like sharing tables or if the typical raucous dim sum atmosphere is not your gig , this is a sleek ( for chinatown ) alternative
this place has good potential, but needs a significant amount of work before we can justify spending that much money on indian food you can get everywhere else	money	negative	good	much	indian food	neutral																				this place has good potential , but needs a significant amount of work before we can justify spending that much money on indian food you can get everywhere else
everything is always cooked to perfection, the service is excellent, the decor cool and understated	service	positive	excellent	cool	decor	positive																				everything is always cooked to perfection , the service is excellent , the decor cool and understated
the thai food is good	thai food	positive																								the thai food is good
great selection of wine, and seafood	selection of wine	positive	great																							great selection of wine , and seafood
acceptable prices			acceptable																							acceptable prices
we were seated at the sushi bar in front of yasuda	sushi bar	neutral																								we were seated at the sushi bar in front of yasuda
as i made the title, it's an affordable restaurant for great taste			affordable	great																						as i made the title , it 's an affordable restaurant for great taste
they even scoop it out nice (for those on a diet) not too much not to little			nice																							they even scoop it out nice ( for those on a diet ) not too much not to little
definitely not worth the price!	price	negative	worth																							definitely not worth the price !
orsay, is a very pleasnt throw back to traditional french food, and french service as well	french food	positive	traditional		service	positive																				orsay , is a very pleasnt throw back to traditional french food , and french service as well
it's easy to get a table for a large group and you don't get hustled out	table	positive	easy																							it 's easy to get a table for a large group and you do n't get hustled out
salads are a delicious way to begin the meal	salads	positive	delicious																							salads are a delicious way to begin the meal
i ordered tamarind duck and my wife ordered noodles with ground beef, and we were both delighted by the way the dishes evoked thai flavors in unexpected ways	tamarind duck	positive	delighted		noodles with ground beef	positive	dishes	positive	thai flavors	positive																i ordered tamarind duck and my wife ordered noodles with ground beef , and we were both delighted by the way the dishes evoked thai flavors in unexpected ways
if you've ever been along the river in weehawken you have an idea of the top of view the chart house has to offer	view	positive																								if you 've ever been along the river in weehawken you have an idea of the top of view the chart house has to offer
i loved it			loved																							i loved it
they're are better taiwanese restaurants and they are located in flushing, queens			better																							they 're are better taiwanese restaurants and they are located in flushing , queens
i had the black cod with yuzu sauce, which was wonderful	black cod with yuzu sauce	positive																								i had the black cod with yuzu sauce , which was wonderful
prices too high for this cramped and unappealing resturant	prices	negative	high	cramped							unappealing															prices too high for this cramped and unappealing resturant
this quiet dark asian bistro is well worth the trip			well worth																							this quiet dark asian bistro is well worth the trip
i would highly recommend this place!			recommend																							i would highly recommend this place !
total hipster-wannabe attitude in an otherwise sweet spot			sweet																							total hipster-wannabe attitude in an otherwise sweet spot
yes, there might be a wait if you have no reservations	wait	negative																								yes , there might be a wait if you have no reservations
everything, from the soft bread, soggy salad, and 50 minute wait time, with an incredibly rude service to deliver below average food	bread	negative	soft	soggy	salad	negative	wait	negative	service	negative	rude							below average								everything , from the soft bread , soggy salad , and 50 minute wait time , with an incredibly rude service to deliver below average food
- i asked for them spicy and they were delicious)			delicious																							- i asked for them spicy and they were delicious )
it is terrific, as is the value			terrific																							it is terrific , as is the value
downstairs lounge is always a good attraction	downstairs lounge	positive	good																							downstairs lounge is always a good attraction
the food was amazing, and the service was prompt and helpful, but not over-bearing or rushed	food	positive	amazing	prompt	service	positive					helpful							over-bearing								the food was amazing , and the service was prompt and helpful , but not over-bearing or rushed
(food was delivered by a busboy, not waiter) we got no cheese offered for the pasta, our water and wine glasses remained empty our entire meal, when we would have easily spent another 20 on wine	food	neutral	empty		busboy	negative	waiter	negative	cheese	negative		pasta	negative	water and wine glasses	negative	meal	neutral									( food was delivered by a busboy , not waiter ) we got no cheese offered for the pasta , our water and wine glasses remained empty our entire meal , when we would have easily spent another 20 on wine
the takeout is great too since they give high quality tupperware as well	takeout	positive	great	high																						the takeout is great too since they give high quality tupperware as well
could be pricey without a prix fixe meal	prix fixe meal	negative	pricey																							could be pricey without a prix fixe meal
this is definitely an excellent date spot because of the ambiance and on the weekends the night scene is more than alive	spot	positive	excellent		ambiance	positive	night scene	positive																		this is definitely an excellent date spot because of the ambiance and on the weekends the night scene is more than alive
one of us actually liked the expresso - that's it	expresso	positive	liked																							one of us actually liked the expresso - that 's it
everyone was more then happy with his choices			happy																							everyone was more then happy with his choices
again, the waitress was awesome	waitress	positive																								again , the waitress was awesome
worth the trip from manhattan			worth																							worth the trip from manhattan
i loved everythig about it-especially the shows and actors	shows	positive	loved																							i loved everythig about it-especially the shows and actors
the food was just ok, i would never go back	food	neutral	ok																							the food was just ok , i would never go back
got a little loud after 8pm when the joint got full			loud																							got a little loud after 8pm when the joint got full
scalina fedeli reminded me why service is so integral to fine dining	service	positive	integral																							scalina fedeli reminded me why service is so integral to fine dining
i recommend the thai popcorn SMILE	thai popcorn	positive	recommend																							i recommend the thai popcorn SMILE
everything looks great, the drinks, the decor, the food, even the people	drinks	positive	great		decor	positive	food	positive																		everything looks great , the drinks , the decor , the food , even the people
as soon as my father lifted his pen from the check a chef appeared to usher us out	check	neutral			chef	negative																				as soon as my father lifted his pen from the check a chef appeared to usher us out
the parathas and kebabs are made when ordered ensuring a level of freshness that is unsurpassed	parathas	positive			kebabs	positive																				the parathas and kebabs are made when ordered ensuring a level of freshness that is unsurpassed
great neighborhood joint			great																							great neighborhood joint
the tuna and wasabe potatoes are excellent	tuna	positive			wasabe potatoes	positive																				the tuna and wasabe potatoes are excellent
the only disappointment was the coat check girls who didn't seem to know what a customer is on a realtively non-busy night (for the coat check girls)	coat check girls	negative	disappointment		coat check girls	negative																				the only disappointment was the coat check girls who did n't seem to know what a customer is on a realtively non-busy night ( for the coat check girls )
ummm the beer was cold	beer	positive																								ummm the beer was cold
it is sometimes a little cramped, and can get a little warm, but hello, it's nyc!			cramped	warm																						it is sometimes a little cramped , and can get a little warm , but hello , it 's nyc !
we had great desserts (including the best cannoli i've ever had) and then they offered an after dinner drink, on the house	desserts	positive	great	best	cannoli	positive	after dinner drink	positive																		we had great desserts ( including the best cannoli i 've ever had ) and then they offered an after dinner drink , on the house
good crowd, good outdoor seating, with a hip japanese vibe	outdoor seating	positive	good	good							hip															good crowd , good outdoor seating , with a hip japanese vibe
even with the prix fixe pricing, this restaurant is not worth it	prix fixe pricing	conflict	worth																							even with the prix fixe pricing , this restaurant is not worth it
we asked to be moved (which took half an hour), and then were seated in a high traffic area in the back, even though the rest of the room was practically empty	area	negative			room	neutral																				we asked to be moved ( which took half an hour ) , and then were seated in a high traffic area in the back , even though the rest of the room was practically empty
good to find a restaurant where the owners have some imagination and they have actually pulled it off, like in this case	owners	positive	good																							good to find a restaurant where the owners have some imagination and they have actually pulled it off , like in this case
however, their popularity has yet to slow down, and i still find myself drawn to their ambiance and delectable reputation	ambiance	positive	drawn																							however , their popularity has yet to slow down , and i still find myself drawn to their ambiance and delectable reputation
where tanks in other chinatown restaurants display a lurking myriad of sad-looking marine life in their murky waters, the tanks at ping's are clear as glass with healthy-looking creatures who do not yet know that they will be part of some dim sum lover's brunch	tanks	negative	sad-looking	clear	tanks	positive	dim sum	neutral			healthy-looking															where tanks in other chinatown restaurants display a lurking myriad of sad-looking marine life in their murky waters , the tanks at ping 's are clear as glass with healthy-looking creatures who do not yet know that they will be part of some dim sum lover 's brunch
the view is spectacular, and the food is great	view	positive	spectacular		food	positive																				the view is spectacular , and the food is great
the place wasn't too hard to find, but it was kind of packed, as soon as my boyfriend and i got our food, the line reached the door	place	conflict	hard	packed	food	neutral																				the place was n't too hard to find , but it was kind of packed , as soon as my boyfriend and i got our food , the line reached the door
good bagels and good cream cheese	bagels	positive	good	good	cream cheese	positive																				good bagels and good cream cheese
it is also extremely well priced			well																							it is also extremely well priced
always great service!	service	positive	great																							always great service !
i am happy i did the food was awsome	food	positive	happy																							i am happy i did the food was awsome
we ordered the chicken casserole, but what we got were a few small pieces of chicken, all dark meat and on the bone	chicken casserole	negative	few	dark	chicken	negative	meat	negative																		we ordered the chicken casserole , but what we got were a few small pieces of chicken , all dark meat and on the bone
a bit breezy up there on the mezzanine from the wind coming from the tracks	mezzanine	negative																								a bit breezy up there on the mezzanine from the wind coming from the tracks
i went to df for valentines day dinner	valentines day dinner	neutral																								i went to df for valentines day dinner
i recommend the jelly fish, drunken chicken and the soupy dumplings, certainly the stir fry blue crab	jelly fish	positive	recommend		drunken chicken	positive	soupy dumplings	positive	stir fry blue crab	positive																i recommend the jelly fish , drunken chicken and the soupy dumplings , certainly the stir fry blue crab
i loved the shows			loved																							i loved the shows
we could have made a meal of the yummy dumplings from the dumpling menu	meal	positive	yummy		dumplings	positive	dumpling menu	positive																		we could have made a meal of the yummy dumplings from the dumpling menu
the aesthetics of this place are like an airport lounge	aesthetics	negative			place	negative																				the aesthetics of this place are like an airport lounge
then, get ripped on free box wine	box wine	positive	free																							then , get ripped on free box wine
my wife and i ate here earlier this week and have not stopped ranting and raving about the food			raving																							my wife and i ate here earlier this week and have not stopped ranting and raving about the food
if you don't mind pre-sliced low quality fish, unfriendly staff and a sushi chef that looks like he is miserable then this is your place	fish	negative	low	unfriendly	staff	negative	sushi chef	negative			miserable															if you do n't mind pre-sliced low quality fish , unfriendly staff and a sushi chef that looks like he is miserable then this is your place
the food itself was just ok - nothing spectacular - but the service was awful	food	neutral	ok	spectacular	service	negative																				the food itself was just ok - nothing spectacular - but the service was awful
the pizza is yummy and i like the atmoshpere	pizza	positive	yummy	like																						the pizza is yummy and i like the atmoshpere
as there were so many to choose from we wandered up and down the street looking in the windows and such noticicing many empty seats, except at taj mahal	seats	negative																								as there were so many to choose from we wandered up and down the street looking in the windows and such noticicing many empty seats , except at taj mahal
also, don't plan on asking for your favorite roll, if it's not on the menu, you can't have it	roll	negative	favorite		menu	negative																				also , do n't plan on asking for your favorite roll , if it 's not on the menu , you ca n't have it
good food			good																							good food
those rolls were big, but not good and sashimi wasn't fresh	rolls	conflict	big	good	sashimi	negative																				those rolls were big , but not good and sashimi was n't fresh
the pesto pizza was excellent, thin-crust pizza with a nice amount of spicy italian chees e that i'd never heard of before	pesto pizza	positive	excellent	nice	thin-crust pizza	positive	italian chees	positive																		the pesto pizza was excellent , thin-crust pizza with a nice amount of spicy italian chees e that i 'd never heard of before
if your into thai..you cannot miss this great restaurant			great																							if your into thai..you can not miss this great restaurant
going to ballato's is like coming home and eating in my own kitchen, an absolute delight!			delight																							going to ballato 's is like coming home and eating in my own kitchen , an absolute delight !
however, go for the ambience, and consider the food just a companion for a trip across the world!	ambience	positive			food	negative																				however , go for the ambience , and consider the food just a companion for a trip across the world !
i think this is one of the more underrated places in the city			underrated																							i think this is one of the more underrated places in the city
food was good not great not worth the wait or another visit	food	conflict	good	great	wait	negative					worth															food was good not great not worth the wait or another visit
i think the restaurant was too loud (when full) to be romantic			loud																							i think the restaurant was too loud ( when full ) to be romantic
i have had so many dinners here and it's always been perfect - on a date with my husband, with my mom, with girlfriends and larger groups	dinners	positive	perfect																							i have had so many dinners here and it 's always been perfect - on a date with my husband , with my mom , with girlfriends and larger groups
when you want a piece of beef, head on over	beef	positive																								when you want a piece of beef , head on over
delicate spices, onions, eggs and a kick-ass roti	spices	positive	delicate		onions	positive	eggs	positive																		delicate spices , onions , eggs and a kick-ass roti
incredible food at a very agreable price brings me back just about every other day to this authentic thai restaurant	food	positive	incredible	authentic	price	positive																				incredible food at a very agreable price brings me back just about every other day to this authentic thai restaurant
also, if you don't want to sit at a certain table, you don't have to!	table	positive																								also , if you do n't want to sit at a certain table , you do n't have to !
a little pricey but it really hits the spot on a sunday morning!			pricey																							a little pricey but it really hits the spot on a sunday morning !
the menu has lots of options i hope to go back to try those potato pancakes	menu	positive	lots of		potato pancakes	positive																				the menu has lots of options i hope to go back to try those potato pancakes
as soon as i wake up on a saturday or sunday it is the first thing on my mind is when and how i will be getting to fried dumpling	fried dumpling	positive																								as soon as i wake up on a saturday or sunday it is the first thing on my mind is when and how i will be getting to fried dumpling
my wife and i will usually only order one primi and one secondi and split them, as they tend to offer large portions	primi	positive	large		secondi	positive																				my wife and i will usually only order one primi and one secondi and split them , as they tend to offer large portions
i've overheard comments from him to his employees that should not have been delivered in the dining area and i've been sitting there while he lectured another customer	employees	negative			dining area	neutral																				i 've overheard comments from him to his employees that should not have been delivered in the dining area and i 've been sitting there while he lectured another customer
this was the worst dining experience i've ever had	dining experience	negative	worst																							this was the worst dining experience i 've ever had
i have been coming here for years and have nothing but good things to say about the service and the great staff at la lanterna	service	positive	good	great	staff	positive																				i have been coming here for years and have nothing but good things to say about the service and the great staff at la lanterna
the bruschetta and panini's are so yummy!	bruschetta	positive	yummy		panini	positive																				the bruschetta and panini 's are so yummy !
food was okay, nothing great	food	neutral	okay																							food was okay , nothing great
every waitress and customer who passed by me bumped into my chair	waitress	neutral																								every waitress and customer who passed by me bumped into my chair
always popular, always full, always a wait			popular	full																						always popular , always full , always a wait
if the omakase is to showcase technique and variety, serving almost 40 of items bbq-ed and a spicy tuna roll wrapped with not-so-fresh nori seems to be a rather limp performance	serving	neutral	not-so-fresh	limp	spicy tuna roll	negative	nori	negative																		if the omakase is to showcase technique and variety , serving almost 40 of items bbq-ed and a spicy tuna roll wrapped with not-so-fresh nori seems to be a rather limp performance
i can't wait for summer, when they serve outside on their gigantic patio			gigantic																							i ca n't wait for summer , when they serve outside on their gigantic patio
best pastrami i ever had and great portion without being ridiculous	pastrami	positive	best	great	portion	positive																				best pastrami i ever had and great portion without being ridiculous
if you are someone who appreciates the same things but hope to have food to spare or share, kai may not be the best option	food	neutral	best																							if you are someone who appreciates the same things but hope to have food to spare or share , kai may not be the best option
i'd definitely recommend this little place			recommend																							i 'd definitely recommend this little place
the first 2 courses were very good, but the chocolate sampler was too rich for me and the dessert wine far too sweet	courses	positive	good	too rich	chocolate sampler	negative	dessert wine	negative			too sweet															the first 2 courses were very good , but the chocolate sampler was too rich for me and the dessert wine far too sweet
butter was melted, white wine warm, cheese oozing everywhere	butter	negative	melted	warm	white wine	negative	cheese	negative			oozing															butter was melted , white wine warm , cheese oozing everywhere
we had a party in their private room and they made it truly memorable and were very helpful in the planning	private room	neutral	memorable	helpful																						we had a party in their private room and they made it truly memorable and were very helpful in the planning
it cannot be the ambience, because the place is very cramped and some guests have to sit in an aisle	ambience	negative	cramped		place	negative																				it can not be the ambience , because the place is very cramped and some guests have to sit in an aisle
we were disappointed with the pre-fixe menu of only 2 choices per course (other restaurants offer 3 choices) and ended up ordering a la carte	pre-fixe menu	negative	disappointed		choices per course	neutral	ordering a la carte	negative																		we were disappointed with the pre-fixe menu of only 2 choices per course ( other restaurants offer 3 choices ) and ended up ordering a la carte
authentic pakistani food	pakistani food	positive	authentic																							authentic pakistani food
the staff has always been friendly without seeming grating, and the chef has greeted us on a couple of occasions	staff	positive	friendly		chef	positive																				the staff has always been friendly without seeming grating , and the chef has greeted us on a couple of occasions
the eggplant parmesan is also great, and my friend who grew up in manhattan claims that no one serves a better baked ziti with meatsauce	eggplant parmesan	positive	great	better	serves	positive	baked ziti with meatsauce	positive																		the eggplant parmesan is also great , and my friend who grew up in manhattan claims that no one serves a better baked ziti with meatsauce
service was very good - prompt, attentive and non-intrusive	service	positive	good	prompt							attentive															service was very good - prompt , attentive and non-intrusive
my entree of hot pot with seafood was full of imitation crabmeat with a couple pieces of shrimp and squid, and was unnecessarily heated with a burner	entree	positive	unnecessarily		hot pot with seafood	negative	crabmeat	negative	shrimp	negative		squid	negative													my entree of hot pot with seafood was full of imitation crabmeat with a couple pieces of shrimp and squid , and was unnecessarily heated with a burner
in such a crappy part of town to find a good value for lunch, this place is great	value	positive	good		lunch	positive																				in such a crappy part of town to find a good value for lunch , this place is great
its not curry in a slurry crap, and regular run of the mill food	curry	neutral																								its not curry in a slurry crap , and regular run of the mill food
in fact, while leaving the place we saw two people looking at the menu, and i couldn't help telling them that the food was horrible	menu	neutral			food	negative																				in fact , while leaving the place we saw two people looking at the menu , and i could n't help telling them that the food was horrible
the bread is the soft paratha bread (unlike the plain bread they use in calcutta), and the stuffing is tandoori styled and very flavorful	bread	positive	styled		paratha bread	positive	bread	negative	stuffing	positive		tandoori	positive													the bread is the soft paratha bread ( unlike the plain bread they use in calcutta ) , and the stuffing is tandoori styled and very flavorful
service is friendly, prices are good - delivery time was a little slow, but for the way this pizza tastes, i'm willing to overlook it	service	positive	friendly	good	prices	positive	delivery time	negative	pizza	positive	slow															service is friendly , prices are good - delivery time was a little slow , but for the way this pizza tastes , i 'm willing to overlook it
the food can get pricey but the prixe fixe tasting menu is the greatest food for a good price and they cater the food to any food allergies or food you don't like	food	conflict	pricey	greatest	food	positive	price	positive	food	positive	good	food	neutral	food	negative											the food can get pricey but the prixe fixe tasting menu is the greatest food for a good price and they cater the food to any food allergies or food you do n't like
the service is excellent, the decor is great, and the food is delicious and comes in large portions	service	positive	excellent	great	decor	positive	food	positive			delicious							large								the service is excellent , the decor is great , and the food is delicious and comes in large portions
an excellent service			excellent																							an excellent service
the food however, is what one might expect	food	neutral																								the food however , is what one might expect
i love their thai noodles with shrimp and chicken and coconut juice is the must!	thai noodles with shrimp and chicken and coconut juice	positive	love																							i love their thai noodles with shrimp and chicken and coconut juice is the must !
the pizza was really good	pizza	positive																								the pizza was really good
food is average, and i would say even the chain restaurant baluchi's tastes better	food	neutral	average																							food is average , and i would say even the chain restaurant baluchi 's tastes better
the food is tasty and portion sizes are appropriate	food	positive	tasty		portion sizes	positive																				the food is tasty and portion sizes are appropriate
kosher dills are the perfect compliment for your unforgetable sandwich and they give you plenty of them	kosher dills	positive	perfect	unforgetable	sandwich	positive																				kosher dills are the perfect compliment for your unforgetable sandwich and they give you plenty of them
their sushi, kamikaze and other rolls are fresh and well presented	sushi	positive	fresh	well presented	kamikaze	positive	rolls	positive																		their sushi , kamikaze and other rolls are fresh and well presented
for authentic thai food, look no further than toons	thai food	positive	authentic																							for authentic thai food , look no further than toons
the highlight of the night was the mayonaisse for my side of fries i received from one of the food runners, which is not good considering the bill was nearly 100	mayonaisse	negative	good		fries	negative	food runners	neutral	bill	negative																the highlight of the night was the mayonaisse for my side of fries i received from one of the food runners , which is not good considering the bill was nearly 100
i choose to go with one of the special, the braised lamb shank in red wine, which was excellent	special	positive			braised lamb shank in red wine	positive																				i choose to go with one of the special , the braised lamb shank in red wine , which was excellent
if anyones has doubt of not knowing enough about wines, please check their wine list	wines	neutral			wine list	positive																				if anyones has doubt of not knowing enough about wines , please check their wine list
the only concern i have is with the slighly all-business waitstaff who order and throw the food down, rushing you out	waitstaff	negative			food	neutral																				the only concern i have is with the slighly all-business waitstaff who order and throw the food down , rushing you out
have the iced tea	iced tea	positive																								have the iced tea
small servings for main entree, i had salmon (wasnt impressed) girlfriend had chicken, it was good	servings	negative	impressed		entree	negative	salmon	negative	chicken	positive																small servings for main entree , i had salmon ( wasnt impressed ) girlfriend had chicken , it was good
you can actually get 2 salads worth if u take it home and add it to some lettuce!	salads	negative	worth		lettuce	neutral																				you can actually get 2 salads worth if u take it home and add it to some lettuce !
the food is very good for it's price, better than most fried dumplings i've had	food	positive	good	better	price	positive	fried dumplings	negative																		the food is very good for it 's price , better than most fried dumplings i 've had
there are much better places in ny with better prices			better	better																						there are much better places in ny with better prices
very neighborhoody, very quick and sufficient			quick																							very neighborhoody , very quick and sufficient
everything is delicious, though, my gf and i come here once a week sometimes- you will get addicted!			delicious																							everything is delicious , though , my gf and i come here once a week sometimes- you will get addicted !
other guests enjoyed pizza, santa fe chopped salad and fish and chips	pizza	positive	enjoyed		santa fe chopped salad	positive	fish and chips	positive																		other guests enjoyed pizza , santa fe chopped salad and fish and chips
the ambience is very calm and quiet	ambience	positive	calm																							the ambience is very calm and quiet
both times i was extremely dissappointed by the service, which was boarderline rude	service	negative	dissappointed																							both times i was extremely dissappointed by the service , which was boarderline rude
the spicy tuna roll is huge and probably the best that i've had at this price range	tuna roll	positive	huge	best	price range	positive																				the spicy tuna roll is huge and probably the best that i 've had at this price range
price and quality of fish alone will keep us from making a return visit	price	negative			quality	negative	fish	negative																		price and quality of fish alone will keep us from making a return visit
our waiter and all of the people helping him were attentive and genuine	waiter	positive	attentive																							our waiter and all of the people helping him were attentive and genuine
the place is a bistro which means simple dishes and wine served efficiently in a bustling atmosphere	place	positive	simple	efficiently	dishes	positive	served	positive			bustling															the place is a bistro which means simple dishes and wine served efficiently in a bustling atmosphere
this is one of the best comfort food places in the city	comfort food	positive	best																							this is one of the best comfort food places in the city
overall, the ingredients and technique are there and i am encouraged enough to return at lunch or dinner to see whether the boldness of the flavour palette improves	ingredients	positive			technique	positive	lunch	neutral	dinner	neutral																overall , the ingredients and technique are there and i am encouraged enough to return at lunch or dinner to see whether the boldness of the flavour palette improves
i had a huge pastrami sandwich on a roll	pastrami sandwich	positive	huge																							i had a huge pastrami sandwich on a roll
though you will undoubtedly be seated at a table with what seems like barely enough room (no matter what the size of your party), the warm atomosphere is worth the cramped quarters- you'll have fun and forgot about the tight spot you're in	table	negative	warm	worth	room	negative	atomosphere	positive	spot	negative	cramped															though you will undoubtedly be seated at a table with what seems like barely enough room ( no matter what the size of your party ) , the warm atomosphere is worth the cramped quarters- you 'll have fun and forgot about the tight spot you 're in
considering their price of 6.25 for lunch specia l, the dish was ridiculously small	price	negative	ridiculously small		lunch specia	negative	dish	negative																		considering their price of 6.25 for lunch specia l , the dish was ridiculously small
this is the pinnacle of indian fast food (all fast foods in my opinion)	indian fast food	positive																								this is the pinnacle of indian fast food ( all fast foods in my opinion )
besides, when you have bad service, that's less money you have to tip	service	negative	bad		money	negative																				besides , when you have bad service , that 's less money you have to tip
i thanked my friend who recommended me this restaurant and will certainly recommend it to others			recommended	recommend																						i thanked my friend who recommended me this restaurant and will certainly recommend it to others
service was devine, oysters where a sensual as they come, and the price can't be beat!!!	service	positive	devine		oysters	positive	price	positive																		service was devine , oysters where a sensual as they come , and the price ca n't be beat ! ! !
compared to ess-a, tal offers a less doughy bagel!	bagel	negative	less doughy																							compared to ess-a , tal offers a less doughy bagel !
ballato's is consistently delicious authentic italian food	italian food	positive	authentic																							ballato 's is consistently delicious authentic italian food
the service was attentive, yet discreet	service	positive	attentive																							the service was attentive , yet discreet
they offer the same menu but have creative drinks that are loaded with alcohol and cheeky names--but they do cost you	menu	neutral	same	creative	drinks	positive					cheeky															they offer the same menu but have creative drinks that are loaded with alcohol and cheeky names -- but they do cost you
we went to eat at the jekyll and hyde restaurant on friday night and really enjoyed the fun atmosphere and good food	atmosphere	positive	enjoyed	fun							good															we went to eat at the jekyll and hyde restaurant on friday night and really enjoyed the fun atmosphere and good food
the food was pretty tradional but it was hot and good with large portions	food	positive	hot	good							large															the food was pretty tradional but it was hot and good with large portions
unless you are eating in the pizzeria side of this place, and are not in a rush, this place is a bad idea	place	negative	bad		place	negative																				unless you are eating in the pizzeria side of this place , and are not in a rush , this place is a bad idea
you have to increase the service a lot	service	negative																								you have to increase the service a lot
ambiance is barely romantic but management tries	ambiance	negative	barely romantic		management	positive																				ambiance is barely romantic but management tries
i must warn the reader that the portions sizes are very small (especially the appetizers), so if you plan to eat until you are full and do not intend to order the chef's special tasting menu, prepare to order and pay for an appetizer (1 dish for each person because the portions are not for sharing), a main entree, and the cold udon at the end of the meal	portions	negative	small	special	appetizers	negative	chef	positive	menu	positive		appetizer	negative	dish	negative	portions	negative			main entree	neutral			cold udon	neutral	i must warn the reader that the portions sizes are very small ( especially the appetizers ) , so if you plan to eat until you are full and do not intend to order the chef 's special tasting menu , prepare to order and pay for an appetizer ( 1 dish for each person because the portions are not for sharing ) , a main entree , and the cold udon at the end of the meal
after we got our sashimi order, i could not believe how small the portions were!	sashimi	neutral	small		portions	negative																				after we got our sashimi order , i could not believe how small the portions were !
after the main course came, we didn't see our waiter for at least 40 minutes!	main course	neutral			waiter	negative																				after the main course came , we did n't see our waiter for at least 40 minutes !
when family came in he gave them apps to test their palets, and then ordered for them	apps	neutral																								when family came in he gave them apps to test their palets , and then ordered for them
i was pleasantly surprised to find this gem in hoboken			pleasantly surprised																							i was pleasantly surprised to find this gem in hoboken
the dosas are skimpy, unattractive and drip with grease, and personally i'd drink popcorn topping before i'd eat another one of these	dosas	negative	skimpy	unattractive	popcorn topping	neutral																				the dosas are skimpy , unattractive and drip with grease , and personally i 'd drink popcorn topping before i 'd eat another one of these
after a seafood craving, i checked citysearch and chose to go to fish based on a previous review and the citysearch info	seafood	neutral																								after a seafood craving , i checked citysearch and chose to go to fish based on a previous review and the citysearch info
right off the major deegan you get ladies from all over the city	ladies	positive																								right off the major deegan you get ladies from all over the city
always fresh and delicious			fresh																							always fresh and delicious
the food was very good, but not very thai	food	conflict	good																							the food was very good , but not very thai
thalia is a beautiful restaurant with beautiful people serving you, but the food doesn't quite match up	people serving	positive	beautiful	beautiful	food	negative																				thalia is a beautiful restaurant with beautiful people serving you , but the food does n't quite match up
the fillings may be unconventional but the dosa batter is definitely authentic and the combinations very tasty	fillings	neutral	unconventional	authentic	dosa batter	positive																				the fillings may be unconventional but the dosa batter is definitely authentic and the combinations very tasty
this is the perfect spot for meeting friends, having lunch, dinner, pre-theatre or after-theatre drinks!	spot	positive	perfect		lunch	positive	dinner	positive	pre-theatre or after-theatre drinks	positive																this is the perfect spot for meeting friends , having lunch , dinner , pre-theatre or after-theatre drinks !
this is a fun restaurant to go to			fun																							this is a fun restaurant to go to
the mussaman curry that i ordered was as thin as water and aside from the poorly fried tofu that i ordered in it, they graciously provided me with one piece of poorly cooked potato	mussaman curry	negative	thin	poorly	fried tofu	negative					poorly cooked															the mussaman curry that i ordered was as thin as water and aside from the poorly fried tofu that i ordered in it , they graciously provided me with one piece of poorly cooked potato
had a late night dinner on a saturday night	dinner	neutral																								had a late night dinner on a saturday night
a restaurant that doesn't try to do anything except serve great food with great service in a pleasant atmosphere	food	positive	great	great	service	positive					pleasant															a restaurant that does n't try to do anything except serve great food with great service in a pleasant atmosphere
their sake martini is wonderful	sake martini	positive																								their sake martini is wonderful
well, this place is so ghetto its not even funny	place	negative																								well , this place is so ghetto its not even funny
once they ran out of gnochi and made it for me from scratch!	gnochi	neutral																								once they ran out of gnochi and made it for me from scratch !
we would like to thank marcelo and grace for a wonderful dining experience!!!	dining	positive	wonderful																							we would like to thank marcelo and grace for a wonderful dining experience ! ! !
found service above average, but that could be because we were 13 of us	service	positive	above average																							found service above average , but that could be because we were 13 of us
bagels are ok, but be sure not to make any special requests!	bagels	neutral	ok																							bagels are ok , but be sure not to make any special requests !
it's to die for!			die for																							it 's to die for !
cute and decorative			cute																							cute and decorative
overall a disappointing experience for that price category	price	negative	disappointing																							overall a disappointing experience for that price category
i've had the lunch buffet at chennai a couple of times, when i have been in the neighborhood	lunch buffet	neutral																								i 've had the lunch buffet at chennai a couple of times , when i have been in the neighborhood
the food was exceptional	food	positive																								the food was exceptional
another great place to take out-of-towners!			great																							another great place to take out-of-towners !
but, hey, there is anything better with a decent vegetarian selection in astoria			decent																							but , hey , there is anything better with a decent vegetarian selection in astoria
a thai restaurant out of rice during dinner	rice	neutral																								a thai restaurant out of rice during dinner
(and i have eaten my share) which impresses me for having such a large amount of people to serve			impresses	large																						( and i have eaten my share ) which impresses me for having such a large amount of people to serve
overall a worthwhile experience			worthwhile																							overall a worthwhile experience
the service is friendly, if not the most prompt in the world, the food is great, and the prices, while not cheap, won't put your wallet out of commission	service	positive	friendly	prompt	food	positive	prices	conflict			great							cheap								the service is friendly , if not the most prompt in the world , the food is great , and the prices , while not cheap , wo n't put your wallet out of commission
the most fun restaurant i have ever been too!			fun																							the most fun restaurant i have ever been too !
best drumsticks over rice and sour spicy soup in town!	drumsticks over rice	positive	best		sour spicy soup	positive																				best drumsticks over rice and sour spicy soup in town !
some of the finest latin women you'll see in your life hang out at jimmy's			finest																							some of the finest latin women you 'll see in your life hang out at jimmy 's
slightly above average wines start at 70+ with only one selection listed at 30+	wines	negative	above average																							slightly above average wines start at 70+ with only one selection listed at 30+
their whitefish salad is excellent--all whitefish with a little mayo	whitefish salad	positive	excellent		whitefish	positive																				their whitefish salad is excellent -- all whitefish with a little mayo
and it all comes at a very reasonable price (congee, noodles, and rice dishes are no more than 3-6 each)	price	positive	reasonable		congee	neutral	noodles	neutral	rice dishes	neutral																and it all comes at a very reasonable price ( congee , noodles , and rice dishes are no more than 3-6 each )
i had a great experience			great																							i had a great experience
the chicken parm was edible but had canned tomato sauce and boxed pasta and the chicken with portobello mushrooms consisted of dry, inedible chicken with terrible sauce	chicken parm	conflict	edible	dry	tomato sauce	negative	pasta	negative	chicken with portobello mushrooms	negative	inedible	chicken	negative					terrible								the chicken parm was edible but had canned tomato sauce and boxed pasta and the chicken with portobello mushrooms consisted of dry , inedible chicken with terrible sauce
the waitresses are nice--also you can just get counter service sit	waitresses	positive	nice		counter service	positive																				the waitresses are nice -- also you can just get counter service sit
the only friendly staff member was the guy at the bar	staff member	positive	friendly		guy	positive																				the only friendly staff member was the guy at the bar
you can certainly find restaurants that offer a superior fine dining experience, but for superb food at reasonable prices, la villa can't be beat	food	positive	superior	superb	prices	positive					reasonable															you can certainly find restaurants that offer a superior fine dining experience , but for superb food at reasonable prices , la villa ca n't be beat
won't or can't is not in the service directory	service	positive																								wo n't or ca n't is not in the service directory
i cannot imagine a friendlier staff working in a restaurant	staff	positive	friendlier																							i can not imagine a friendlier staff working in a restaurant
i do suggest to ask to be seated upstairs if you are looking to be a little cozy	upstairs	positive																								i do suggest to ask to be seated upstairs if you are looking to be a little cozy
saul is pretty good, but definitely not great	saul	neutral	good																							saul is pretty good , but definitely not great
i would recommend roxy's for that, but not for their food			recommend																							i would recommend roxy 's for that , but not for their food
we always get a sampling of appetizers and share	appetizers	neutral																								we always get a sampling of appetizers and share
overall i was impressed and will return, it's a great qpr (quality to price ratio)	quality	positive	impressed	great	price	positive																				overall i was impressed and will return , it 's a great qpr ( quality to price ratio )
it is nearly impossible to get a table, so if you ever have the chance to go here for dinner, do not pass it up	table	negative	impossible		dinner	positive																				it is nearly impossible to get a table , so if you ever have the chance to go here for dinner , do not pass it up
their pad penang is delicious and everything else is fantastic	pad penang	positive	delicious																							their pad penang is delicious and everything else is fantastic
the puke green walls leave a lot to be desired, but the food is very good	walls	negative			food	positive																				the puke green walls leave a lot to be desired , but the food is very good
i like cafe noir dont get me wrong, it is jsut that the people who work there are evil and incompetent!!	people	negative	like	evil							incompetent															i like cafe noir dont get me wrong , it is jsut that the people who work there are evil and incompetent ! !
our son loves pizza and we have a certified neapolitan pizzaria in our home city (seattle), we liked this nearly as much - and the differences were more about personal preference than any reflection on either restaurant	pizza	positive	loves	liked																						our son loves pizza and we have a certified neapolitan pizzaria in our home city ( seattle ) , we liked this nearly as much - and the differences were more about personal preference than any reflection on either restaurant
big and soft as well as good lunch food	lunch food	positive	big	soft							good															big and soft as well as good lunch food
no food snobs allowed, this place is for people who appreciate good food	food	neutral	good																							no food snobs allowed , this place is for people who appreciate good food
suan is a great place that i often take my friends (classmates) too			great																							suan is a great place that i often take my friends ( classmates ) too
as for the bar, this is another bad idea	bar	negative	bad																							as for the bar , this is another bad idea
unlike hh up the block, this place actually gives you hearty and hot bagels this town is known for	bagels	positive	hearty	hot																						unlike hh up the block , this place actually gives you hearty and hot bagels this town is known for
the barebecued salmon is elegantly spiced and not at all dry	barebecued salmon	positive	elegantly																							the barebecued salmon is elegantly spiced and not at all dry
same owner as the guy who owns typhoon, which is just down the street on st. marks and 1st ave	owner	neutral																								same owner as the guy who owns typhoon , which is just down the street on st. marks and 1st ave
what generous portions!	portions	positive	generous																							what generous portions !
the workers there also absolutely load the bagel with cream cheese (gets a little messy)	workers	neutral			bagel	neutral	cream cheese	neutral																		the workers there also absolutely load the bagel with cream cheese ( gets a little messy )
the wine the service was very good too	wine	positive	good		service	positive																				the wine the service was very good too
so, the menu is written in chalk above your head and it all sounds delicious	menu	neutral																								so , the menu is written in chalk above your head and it all sounds delicious
the highly spiced chai tea was great too	chai tea	positive	great																							the highly spiced chai tea was great too
seriously, this is the best all you can eat in town- as everyone says, the spicy tuna hand rolls are the best- have 4 of these, and you've broken even	spicy tuna hand rolls	positive	best																							seriously , this is the best all you can eat in town- as everyone says , the spicy tuna hand rolls are the best- have 4 of these , and you 've broken even
there is not a single place in chinatown where you have a nice neighborhood feeling like here			nice																							there is not a single place in chinatown where you have a nice neighborhood feeling like here
while sapphire is certainly not lacking in ambiance, and probably has the best decor of any indian restaurant i have been to in new york city, the food was not what i had hoped for	ambiance	positive	lacking	best	decor	positive	food	negative																		while sapphire is certainly not lacking in ambiance , and probably has the best decor of any indian restaurant i have been to in new york city , the food was not what i had hoped for
i would highly recommend this place to anyone looking for a casual atmosphere that whisks you away to the left bank of the river seine	atmosphere	positive	recommend	casual																						i would highly recommend this place to anyone looking for a casual atmosphere that whisks you away to the left bank of the river seine
the meat dishes were only so-so	meat dishes	neutral																								the meat dishes were only so-so
his wife tanya, the hostess, completes the comforting atmosphere by being delightfully warm and gracious	hostess	positive	comforting	warm	atmosphere	positive																				his wife tanya , the hostess , completes the comforting atmosphere by being delightfully warm and gracious
we liked it so much, that we will always make it a point to dine here when we visit new york			liked																							we liked it so much , that we will always make it a point to dine here when we visit new york
the menu consisted of standard brassiere food, better then places like balthazar etc	menu	positive	better		brassiere food	positive																				the menu consisted of standard brassiere food , better then places like balthazar etc
but the best part about ls is the late night atmosphere, delightfully free of the bts	atmosphere	positive	best	delightfully																						but the best part about ls is the late night atmosphere , delightfully free of the bts
the staff there is very attentive and down to earth	staff	positive	attentive	down to earth																						the staff there is very attentive and down to earth
you don't go to mizu for excellent service, you go for the large amounts of food, the amiable atmosphere, and the hole-in-the-wall feeling of the place	service	negative	excellent	large	food	positive	atmosphere	positive			amiable															you do n't go to mizu for excellent service , you go for the large amounts of food , the amiable atmosphere , and the hole-in-the-wall feeling of the place
the service is always bad though, don't expect much of anything from your server, and i would not recommend bringing a date here either	service	negative	bad	expect	server	negative					recommend															the service is always bad though , do n't expect much of anything from your server , and i would not recommend bringing a date here either
monday nights are a bargain at the 28 prix fix - this includes a three course meal plus *three* glasses of wine paired with each course	prix fix	positive			three course meal	positive	glasses of wine	positive																		monday nights are a bargain at the 28 prix fix - this includes a three course meal plus *three* glasses of wine paired with each course
wonderful!			wonderful																							wonderful !
the service is descent even when this small place is packed	service	positive	small		place	negative																				the service is descent even when this small place is packed
this is the best sushi in new york city - hands down	sushi	positive	best																							this is the best sushi in new york city - hands down
i have eaten a lot of pizza here	pizza	neutral																								i have eaten a lot of pizza here
this place is worth an one-hour drive			worth																							this place is worth an one-hour drive
great value for the quality ingredients			great	quality																						great value for the quality ingredients
the thali was small, thoroughly unremarkable, and 14.95	thali	negative	small	unremarkable																						the thali was small , thoroughly unremarkable , and 14.95
truly the mark of an attentive waiter			attentive																							truly the mark of an attentive waiter
the food here is rather good, but only if you like to wait for it	food	positive	good	like																						the food here is rather good , but only if you like to wait for it
i got an excellent piece of cheesecake and we had several other nice pastries	cheesecake	positive	excellent	nice																						i got an excellent piece of cheesecake and we had several other nice pastries
the staff is very kind and well trained, they're fast, they are always prompt to jump behind the bar and fix drinks, they know details of every item in the menu and make excelent recomendations	staff	positive	kind	well trained	bar	neutral	drinks	neutral	menu	neutral	fast							prompt								the staff is very kind and well trained , they 're fast , they are always prompt to jump behind the bar and fix drinks , they know details of every item in the menu and make excelent recomendations
the makhani was ok--the korma was bland	makhani	neutral	ok		korma	negative																				the makhani was ok -- the korma was bland
the food is inventive but still keeps traditional indian flavoring	food	positive	inventive	traditional																						the food is inventive but still keeps traditional indian flavoring
all i can say is wow!			wow																							all i can say is wow !
though the service could be better (possibly due to more than one very large group in the house), it is very cordial and warm, as is the general clientele	service	conflict	better	cordial							warm															though the service could be better ( possibly due to more than one very large group in the house ) , it is very cordial and warm , as is the general clientele
the decor in this place is very diner-ish and the kind of place you expect in the east village - not romantic, just simple, small and sparse	decor	positive	diner-ish	romantic	place	positive					simple							small								the decor in this place is very diner-ish and the kind of place you expect in the east village - not romantic , just simple , small and sparse
this is a cute place and could be good but they need to get their act together	place	positive	cute	good																						this is a cute place and could be good but they need to get their act together
the lox is always fresh too	lox	positive	fresh																							the lox is always fresh too
service was very friendly	service	positive																								service was very friendly
so all i'm trying to say is this restaurant is by far the best thai food restaurant i've ever been to	thai food	positive	best																							so all i 'm trying to say is this restaurant is by far the best thai food restaurant i 've ever been to
food was ok - fish was cooked well	food	neutral	ok		fish	positive																				food was ok - fish was cooked well
we actually left hungry and went across the street to wo hop at 15 mott street for some good chinese food	chinese food	positive	good																							we actually left hungry and went across the street to wo hop at 15 mott street for some good chinese food
the duck confit is always amazing and the foie gras terrine with figs was out of this world	duck confit	positive	amazing	out of this world	foie gras terrine with figs	positive																				the duck confit is always amazing and the foie gras terrine with figs was out of this world
the whole set up is truly unprofessional and i wish cafe noir would get some good staff, because despite the current one this is a great place	staff	negative	unprofessional	good							great															the whole set up is truly unprofessional and i wish cafe noir would get some good staff , because despite the current one this is a great place
i have reservations about the all you can eat deal, however--the choices are fairly limited and you can probably order more food than you can eat for less than 18 by just going off the menu	reservations	neutral	limited		choices	negative	food	neutral																		i have reservations about the all you can eat deal , however -- the choices are fairly limited and you can probably order more food than you can eat for less than 18 by just going off the menu
we ended our great experience by having gulab jamun (dessert) recommended by the waiter	gulab jamun (dessert)	positive	great	recommended																						we ended our great experience by having gulab jamun ( dessert ) recommended by the waiter
the place is sleek, modern and playfull and i will return again frequently	place	positive	sleek	modern																						the place is sleek , modern and playfull and i will return again frequently
i have known about this secret for the last 13 years, emilio (the godfather) has continued to serve food and wine for the gods at mortal prices	food	positive	mortal		wine	positive																				i have known about this secret for the last 13 years , emilio ( the godfather ) has continued to serve food and wine for the gods at mortal prices
after being told that our party of three would be seated in 10 minutes and watching other parties (multiples of 2 and higher) seated for 40 minutes, the three of us were squished into a small 2-person table	2-person table	negative																								after being told that our party of three would be seated in 10 minutes and watching other parties ( multiples of 2 and higher ) seated for 40 minutes , the three of us were squished into a small 2-person table
and the bill was outragous	bill	negative																								and the bill was outragous
the service was attentive, yet unimposing, the food was far better than many notorious restaurants in midtown and the wine list is extensive and well priced	service	conflict	attentive	unimposing	food	positive	wine list	positive			better							extensive	well							the service was attentive , yet unimposing , the food was far better than many notorious restaurants in midtown and the wine list is extensive and well priced
kind, attentive wait staff	wait staff	positive	kind	attentive																						kind , attentive wait staff
salads were fantastic	salads	positive																								salads were fantastic
the owners and employees are friendly and their pizza is fantastic	owners	positive	friendly		employees	positive	pizza	positive																		the owners and employees are friendly and their pizza is fantastic
the food is yummy, especially their cooked-to-perfection mussels in spicy tomato sauce and their shoestring crispy fries	food	positive	yummy	cooked-to-perfection	mussels in spicy tomato sauce	positive					crispy															the food is yummy , especially their cooked-to-perfection mussels in spicy tomato sauce and their shoestring crispy fries
the food is authentic italian - delicious!	food	positive	authentic	delicious																						the food is authentic italian - delicious !
a great addition to smith street finally, a place that's not pretentious and filled with women wearing ugg boots			great																							a great addition to smith street finally , a place that 's not pretentious and filled with women wearing ugg boots
i complete the total bagel experience by having it lightly toasted	bagel	positive																								i complete the total bagel experience by having it lightly toasted
the service is good and ambience is good for a date or group outing	service	positive	good	good	ambience	positive																				the service is good and ambience is good for a date or group outing
a great way to make some money is to buy a case of snapple from costco and sell it right outside for only 2.50	case of snapple	neutral	great																							a great way to make some money is to buy a case of snapple from costco and sell it right outside for only 2.50
it's all about the food!!	food	positive																								it 's all about the food ! !
the staff is excellent, specjal that girl behind the bar, european chic	staff	positive	excellent		bar	neutral																				the staff is excellent , specjal that girl behind the bar , european chic
stick with the chicken, beef, and lamb dishes	chicken	positive			beef	positive	lamb dishes	positive																		stick with the chicken , beef , and lamb dishes
the service was bad, the food took to forever to come, we sat on the upper level	service	negative	bad	forever	food	negative																				the service was bad , the food took to forever to come , we sat on the upper level
the decor is nice, but more casual than fine dining	decor	conflict	nice	casual																						the decor is nice , but more casual than fine dining
this restaurant is a wonderful place to go many times and it is reasonably priced			wonderful	reasonably																						this restaurant is a wonderful place to go many times and it is reasonably priced
conveniently located too, being right on bedford ave			conveniently																							conveniently located too , being right on bedford ave
bottom line b+ for the food, f for the service	food	positive																								bottom line b+ for the food , f for the service
the only thing the waiters don't do for you is wipe your chin when you leave	waiters	positive																								the only thing the waiters do n't do for you is wipe your chin when you leave
stick to dimsum, not super overpriced noodles	dimsum	positive	overpriced																							stick to dimsum , not super overpriced noodles
the service is fine and they allow you to enjoy the view	service	positive	fine	enjoy																						the service is fine and they allow you to enjoy the view
we, there were four of us, arrived at noon - the place was empty - and the staff acted like we were imposing on them and they were very rude	staff	negative																								we , there were four of us , arrived at noon - the place was empty - and the staff acted like we were imposing on them and they were very rude
delicious simple food in nice outdoor atmosphere	food	positive	simple	nice																						delicious simple food in nice outdoor atmosphere
the food is good, but very expensive for the casualness of it	food	conflict	good	expensive																						the food is good , but very expensive for the casualness of it
the only fallback on this restaurant is the prices			fallback																							the only fallback on this restaurant is the prices
i've been to naples 45 for dinner twice	dinner	neutral																								i 've been to naples 45 for dinner twice
the hot and sour soup was unbearably hot and tasted of only pepper and nothing else	soup	negative	unbearably hot		pepper	negative																				the hot and sour soup was unbearably hot and tasted of only pepper and nothing else
i love the pics of andy warhol when he used to frequent the place (he painted the ballato's sign in the window)			love																							i love the pics of andy warhol when he used to frequent the place ( he painted the ballato 's sign in the window )
try sushimi cucumber roll	sushimi cucumber roll	positive																								try sushimi cucumber roll
the food is delicious	food	positive																								the food is delicious
their wines by the glass are a great accompaniment and you can eat like a king with wine for under 30	wines by the glass	positive	great		wine	neutral																				their wines by the glass are a great accompaniment and you can eat like a king with wine for under 30
yeah shanghai is also great but not quite as good--they use the same amount of salt but without sweetness to balance out	salt	negative	great	good																						yeah shanghai is also great but not quite as good -- they use the same amount of salt but without sweetness to balance out
believe us, we've been eating sushi for over 15 yrs	sushi	neutral																								believe us , we 've been eating sushi for over 15 yrs
worth it for a special occasion, or any time!			worth																							worth it for a special occasion , or any time !
the atmosphere is much better than sripraphai (more modern and sleek)	atmosphere	positive	better																							the atmosphere is much better than sripraphai ( more modern and sleek )
i recommend to anyone who wants to dress up and impress the lady			recommend																							i recommend to anyone who wants to dress up and impress the lady
the food is outstanding and the service is quick, friendly and very professional	food	positive	outstanding	quick	service	positive					friendly															the food is outstanding and the service is quick , friendly and very professional
the bagels always warm, soft on the inside, crispy on the outside and enormous in size	bagels	positive	warm	soft							crispy							enormous								the bagels always warm , soft on the inside , crispy on the outside and enormous in size
i had a late dinner at lucky stike, a great name for a joint if ever i saw one	dinner	neutral	great																							i had a late dinner at lucky stike , a great name for a joint if ever i saw one
service is fast and friendly	service	positive	fast																							service is fast and friendly
and they have these home made potato chips at the bar that are the most delicious things in the world!	potato chips	positive	delicious		bar	neutral																				and they have these home made potato chips at the bar that are the most delicious things in the world !
my husband and i enjoyed each of the 6 taste size portions and left completely full	portions	positive	enjoyed																							my husband and i enjoyed each of the 6 taste size portions and left completely full
we all ate pasta entre'es, which were great	pasta entre'es	positive																								we all ate pasta entre'es , which were great
the steak was excellent and one of the best i have had (i tasted the butter intitally but in no way did it overwhelm the flavor of the meat)	steak	positive	excellent	best	butter	negative	flavor	neutral	meat	positive																the steak was excellent and one of the best i have had ( i tasted the butter intitally but in no way did it overwhelm the flavor of the meat )
great experience overall			great																							great experience overall
the ambience is pretty and nice for conversation, so a casual lunch here would probably be best	ambience	positive	nice	casual	lunch	positive																				the ambience is pretty and nice for conversation , so a casual lunch here would probably be best
terrific menu full of unique rolls and special dishes	menu	positive	terrific	unique	rolls	positive					special															terrific menu full of unique rolls and special dishes
the service is ok but could be better	service	negative	ok																							the service is ok but could be better
we love the food, drinks, and atmosphere!	food	positive	love		drinks	positive	atmosphere	positive																		we love the food , drinks , and atmosphere !
i was here a few weeks back and we had the worst customer service experience at a restaurant ever	customer service	negative	worst																							i was here a few weeks back and we had the worst customer service experience at a restaurant ever
nothing against a good sales call, but the tactics at amma are just too obvious			good																							nothing against a good sales call , but the tactics at amma are just too obvious
went on a 3 day oyster binge, with fish bringing up the closing, and i am so glad this was the place it o trip ended, because it was so great!	oyster	neutral	glad	great	fish	neutral	place	positive																		went on a 3 day oyster binge , with fish bringing up the closing , and i am so glad this was the place it o trip ended , because it was so great !
took my mom for mother's day, and the maitre d' was pretty rude	maitre d'	negative																								took my mom for mother 's day , and the maitre d ' was pretty rude
my husband and i have been there a couple of times and each time we sat at the sushi bar (chef yoshi) and ordered everything ala carte	sushi bar	neutral			chef	neutral	ala carte	neutral																		my husband and i have been there a couple of times and each time we sat at the sushi bar ( chef yoshi ) and ordered everything ala carte
if you are looking for a good quality, cheap eats - this is the place	quality	positive	good	cheap																						if you are looking for a good quality , cheap eats - this is the place
the service was friendly and the atmosphere was casual	service	positive	friendly		atmosphere	positive																				the service was friendly and the atmosphere was casual
when i lived upstate for a while i would buy freeze the bagels and they would still be better than any else	bagels	neutral	better																							when i lived upstate for a while i would buy freeze the bagels and they would still be better than any else
i recommend their pad see ew, pork chops or tofu plates	pad see ew	positive	recommend		pork chops	positive	tofu plates	positive																		i recommend their pad see ew , pork chops or tofu plates
never in my life did i think that i could be satisfied both in taste and in quantity for 3.00 in nyc	taste	positive	satisfied		quantity	positive																				never in my life did i think that i could be satisfied both in taste and in quantity for 3.00 in nyc
this is the best secret place in midtown', i heard that from the bartender, after having brilliant food (try steak with portobello mushrooms) and drinks on the bar last tuesday	bartender	neutral	best	brilliant	food	positive	steak with portobello mushrooms	positive	drinks	positive		bar	neutral													this is the best secret place in midtown ' , i heard that from the bartender , after having brilliant food ( try steak with portobello mushrooms ) and drinks on the bar last tuesday
the service was excellent - friendly and attentive	service	positive	excellent	friendly																						the service was excellent - friendly and attentive
20 minutes for our reservation but it gave us time to have a few cocktails and enjoy our surroundings and each other	reservation	negative	enjoy		cocktails	positive	surroundings	positive																		20 minutes for our reservation but it gave us time to have a few cocktails and enjoy our surroundings and each other
the dinner menu is diverse and top-notch as well	dinner menu	positive	diverse	top-notch																						the dinner menu is diverse and top-notch as well
it is what modern cuisine is all about	cuisine	positive																								it is what modern cuisine is all about
i don't like indian food too much and this was delicious, however you want to factor that into the equation	indian food	positive	like	delicious																						i do n't like indian food too much and this was delicious , however you want to factor that into the equation
at taj, vegetarians can rejoice-all the dishes are manna from heaven	dishes	positive																								at taj , vegetarians can rejoice-all the dishes are manna from heaven
having hunted around for a quiet, romantic, yet not hideously expensive restaurant i stumbled across reviews for la lanterna and gave it a shot			quiet	romantic							expensive															having hunted around for a quiet , romantic , yet not hideously expensive restaurant i stumbled across reviews for la lanterna and gave it a shot
we live in new jersey and whenever we go into new york city we buy bagels to eat hot and then to freeze (they told me that if i call in the order, they'd bring it out to the car so i wouldn't have to look for parking)	bagels	neutral																								we live in new jersey and whenever we go into new york city we buy bagels to eat hot and then to freeze ( they told me that if i call in the order , they 'd bring it out to the car so i would n't have to look for parking )
jimmy's is hands down the hottest night spot in the bronx	spot	positive	hottest																							jimmy 's is hands down the hottest night spot in the bronx
and i would have to agree with the masses in terms of service - delivery is their achilles' heel	service	negative			delivery	negative																				and i would have to agree with the masses in terms of service - delivery is their achilles ' heel
the 300 bill was a bit steep, but the experience was great	bill	negative	steep																							the 300 bill was a bit steep , but the experience was great
nice ambiance, nice little bar, good bartender, francois, and good service	ambiance	positive	nice	nice	bar	positive	bartender	positive			good							good								nice ambiance , nice little bar , good bartender , francois , and good service
the calamari comes with an incredible sauce, and the duck noodles are yummy as well	calamari	positive	incredible	yummy	sauce	positive	duck noodles	positive																		the calamari comes with an incredible sauce , and the duck noodles are yummy as well
i would definitely go back--if only for some of those exotic martinis on the blackboard	martinis	positive	exotic																							i would definitely go back -- if only for some of those exotic martinis on the blackboard
simple comfort food and what hot and lage portions	comfort food	positive	comfort	hot																						simple comfort food and what hot and lage portions
stay away from the two specialty rolls on the menu, though- too much avocado and rice will fill you up right quick	rolls	negative			menu	neutral	avocado	negative	rice	negative																stay away from the two specialty rolls on the menu , though- too much avocado and rice will fill you up right quick
we didn't get drink refills and she didn't even offer us the option of dessert	drink refills	negative																								we did n't get drink refills and she did n't even offer us the option of dessert
beautiful experience			beautiful																							beautiful experience
the bagels are also reasonably priced for nyc	bagels	positive	reasonably		priced	positive																				the bagels are also reasonably priced for nyc
if you can handle that, it's a great place for a business dinner, fun with friends or simply a table for 2	business dinner	positive	great	fun	table	positive																				if you can handle that , it 's a great place for a business dinner , fun with friends or simply a table for 2
decor leaves something to be desired	decor	negative																								decor leaves something to be desired
also, specify if you like your food spicy- its rather bland if you don't	food	neutral	bland																							also , specify if you like your food spicy- its rather bland if you do n't
our waiter was fine, the place looks nice in that not-trying-too-hard way, but at those prices, a little more should be expected of your food	waiter	positive	fine	nice	place	positive	prices	negative																		our waiter was fine , the place looks nice in that not-trying-too-hard way , but at those prices , a little more should be expected of your food
coming from boston this place is like emma's pizza in kendall square in cambridge (although they have more funky toppings!)	toppings	positive																								coming from boston this place is like emma 's pizza in kendall square in cambridge ( although they have more funky toppings ! )
in an effort to increase turnover, the restaurant offers no desserts beyond the complimentary espresso cup filled with chocolate mousse	desserts	negative			espresso cup filled with chocolate mousse	positive																				in an effort to increase turnover , the restaurant offers no desserts beyond the complimentary espresso cup filled with chocolate mousse
i've been to this restaurant more than a dozen times and when i'm craving for pho, lemon grass chicken or beef cube on rice, this is the place to go	pho	positive	craving		lemon grass chicken	positive	beef cube on rice	positive																		i 've been to this restaurant more than a dozen times and when i 'm craving for pho , lemon grass chicken or beef cube on rice , this is the place to go
oh yes, and if you are a fan of indian oldies film stars, there are plenty of portraits of indian actors and actresses in classic black white that adorn the walls, some of which, i would love to know where they obtained	portraits	positive	plenty																							oh yes , and if you are a fan of indian oldies film stars , there are plenty of portraits of indian actors and actresses in classic black white that adorn the walls , some of which , i would love to know where they obtained
the food is spectacular, from the appitizers to the main course, and then of course the desserts, (wow) you'll need no more	food	positive	spectacular		appitizers	positive	main course	positive	desserts	positive																the food is spectacular , from the appitizers to the main course , and then of course the desserts , ( wow ) you 'll need no more
the neighborhood was nice though so check out another restaurant instead			nice																							the neighborhood was nice though so check out another restaurant instead
my fish was delicious in an incredible curry sauce	fish	positive	delicious		curry sauce	positive																				my fish was delicious in an incredible curry sauce
if you are in search of the most authentic nyc deli experience look no further than the famous and historic katz's deli down on the lower east side	deli	positive	authentic	famous																						if you are in search of the most authentic nyc deli experience look no further than the famous and historic katz 's deli down on the lower east side
even upon delivery, their juicy pork buns are quite good	pork buns	positive																								even upon delivery , their juicy pork buns are quite good
the space is nice but when we order our drink we were in for a surprise	space	positive	nice		drink	negative																				the space is nice but when we order our drink we were in for a surprise
the entire place and the treatment we received felt as a conveyor belt	place	negative																								the entire place and the treatment we received felt as a conveyor belt
joe's pizza used to have the best slice until this pizzeria opened up	slice	positive	best																							joe 's pizza used to have the best slice until this pizzeria opened up
they are still living in the dark ages and do not have an answering machine, so if you want to make a reservation you are limited	reservation	negative																								they are still living in the dark ages and do not have an answering machine , so if you want to make a reservation you are limited
the food is amazing, rich pastas and fresh doughy pizza	food	positive	amazing	rich	pastas	positive					fresh															the food is amazing , rich pastas and fresh doughy pizza
food was very good, but not what i would consider out of this world	food	positive	good																							food was very good , but not what i would consider out of this world
i had lobster bisque it has 2 oz of maine lobster in it	lobster bisque	positive			maine lobster	positive																				i had lobster bisque it has 2 oz of maine lobster in it
try the pad thai, it's fabulous and their prices are so cheap!	pad thai	positive	fabulous	cheap	prices	positive																				try the pad thai , it 's fabulous and their prices are so cheap !
food is great and inexpensive	food	positive	great																							food is great and inexpensive
dessert - can't be missed, so save room!!!	dessert	positive	missed																							dessert - ca n't be missed , so save room ! ! !
it can be a little confusing as to where one goes to order, but once the food is ordered, you are in for a treat	food	positive	confusing																							it can be a little confusing as to where one goes to order , but once the food is ordered , you are in for a treat
ingredients are organic which is a real plus for me	ingredients	positive	organic	plus																						ingredients are organic which is a real plus for me
it was so bad i actually refused to pay for my food			bad																							it was so bad i actually refused to pay for my food
i recommend this spot to anyone who enjoys fine cuisine at reasonable prices	cuisine	positive	fine	reasonable																						i recommend this spot to anyone who enjoys fine cuisine at reasonable prices
the staff was very attentive, the ambience lovely, and the food superb	staff	positive	attentive	lovely	ambience	positive	food	positive																		the staff was very attentive , the ambience lovely , and the food superb
i love when restaurants think using fancy expensive ingrediants makes the food fine cuisine, even with no idea how to use them	ingrediants	positive	love	expensive	food	positive	cuisine	positive			fine															i love when restaurants think using fancy expensive ingrediants makes the food fine cuisine , even with no idea how to use them
the pizza and wine were excellent-the service too--but what really made this place was the backyard dining area	pizza	positive			wine	positive	service	positive	backyard dining area	positive																the pizza and wine were excellent-the service too -- but what really made this place was the backyard dining area
the waiters are sweet, the food is tasty and the bill is never too large	waiters	positive	sweet	tasty	food	positive	bill	positive																		the waiters are sweet , the food is tasty and the bill is never too large
the service was superb, they treat you like family	service	positive	superb																							the service was superb , they treat you like family
we all had the tasting menu and unlike some of the other reviews, i felt there was more than enough food	menu	positive	enough																							we all had the tasting menu and unlike some of the other reviews , i felt there was more than enough food
the menu may be small, but everything on it is delicious	menu	negative	small																							the menu may be small , but everything on it is delicious
too bad latin quarters closed			bad																							too bad latin quarters closed
- for dessert we split chocolate cake and vanilla gelato (with espresso), which were tasty, but i thought a bit overpriced	dessert	conflict	tasty		chocolate cake	conflict	vanilla gelato (with espresso)	conflict																		- for dessert we split chocolate cake and vanilla gelato ( with espresso ) , which were tasty , but i thought a bit overpriced
when i visited my friend who lives in the upper eastside, she recommended that we go to this restaurant			recommended																							when i visited my friend who lives in the upper eastside , she recommended that we go to this restaurant
warm, comfortable surroundings, nice appointments (witness the etched glass and brickwork separating the dining rooms)	surroundings	positive	warm	comfortable	dining rooms	neutral					nice															warm , comfortable surroundings , nice appointments ( witness the etched glass and brickwork separating the dining rooms )
we arrived on time for our reservation and seated promptly.the	reservation	positive																								we arrived on time for our reservation and seated promptly.the
the well mannered, pleasant staff that tony has in his employ	staff	positive	well	pleasant																						the well mannered , pleasant staff that tony has in his employ
the flavors robust and subtle	flavors	positive	robust																							the flavors robust and subtle
all i can say is 2 pints during happy hour and the some of the cheapest oysters you'll find in the city, though the quality is some of the best	oysters	positive	cheapest		quality	positive																				all i can say is 2 pints during happy hour and the some of the cheapest oysters you 'll find in the city , though the quality is some of the best
we concluded with tiramisu chocolate cake, both were delicious	tiramisu chocolate cake	positive																								we concluded with tiramisu chocolate cake , both were delicious
the counter service is bad	counter service	negative																								the counter service is bad
service here was great, food was fantastic	service	positive	great		food	positive																				service here was great , food was fantastic
its a little out of the way if you don't live in the neighborhood, but definitely worth the trip from wherever you are			worth																							its a little out of the way if you do n't live in the neighborhood , but definitely worth the trip from wherever you are
this is such a lovely, peaceful place to eat outside	place	positive	lovely	peaceful																						this is such a lovely , peaceful place to eat outside
the sauce is delicious and the crust is perfect	sauce	positive	delicious		crust	positive																				the sauce is delicious and the crust is perfect
this is a great place to take out-of-towners, and perfect for watching the sunset			great	perfect																						this is a great place to take out-of-towners , and perfect for watching the sunset
since my first dinner i have had the chance to have brunch at orsay 3x	dinner	neutral			brunch	neutral																				since my first dinner i have had the chance to have brunch at orsay 3x
you will pay a lot for the decore, but the food is no better or worse than a lot of other chinese and asian fusion places in ny	decore	negative	a lot	better	food	neutral					worse							a lot								you will pay a lot for the decore , but the food is no better or worse than a lot of other chinese and asian fusion places in ny
they have some great entrees here as well	entrees	positive	great																							they have some great entrees here as well
the food, served in small tasting portions (as an option) is very good with each dish being better than the next	food	positive	good	better	served	neutral	portions	positive	dish	positive																the food , served in small tasting portions ( as an option ) is very good with each dish being better than the next
you guys are awesome!			awesome																							you guys are awesome !
they do cater to american palates, but if you like it hot let them know and they are more than willing to oblige!	cater	positive																								they do cater to american palates , but if you like it hot let them know and they are more than willing to oblige !
i loved this place!!			loved																							i loved this place ! !
i care more about the food and ambience	food	neutral																								i care more about the food and ambience
oh, but wait, we were out of drinks (which were also delightfully overpriced)	drinks	negative	overpriced																							oh , but wait , we were out of drinks ( which were also delightfully overpriced )
i would highly recommend this place to everyone for any occasion!			recommend																							i would highly recommend this place to everyone for any occasion !
the service is fantastic	service	positive																								the service is fantastic
i recommend that you try this hidden spot which will surely blowup very soon			recommend																							i recommend that you try this hidden spot which will surely blowup very soon
the garlic mashed potatoes are hands down the best in the city!	garlic mashed potatoes	positive	best																							the garlic mashed potatoes are hands down the best in the city !
food and service was okay	food	neutral			service	neutral																				food and service was okay
the lamb meat was under-cooked and extrmely chewy	lamb meat	negative	under-cooked																							the lamb meat was under-cooked and extrmely chewy
the best pad thai i've ever had	pad thai	positive	best																							the best pad thai i 've ever had
over time, the food quality has decreased substantially, it is a lot less crowded than it used to, and the service must definitely be part of the reason	food quality	negative	decreased	crowded	service	negative																				over time , the food quality has decreased substantially , it is a lot less crowded than it used to , and the service must definitely be part of the reason
great pizza and fantastic service	pizza	positive	great	fantastic																						great pizza and fantastic service
we were seated outside and the waiter spilled red wine and hot tea on myself and my date	outside	neutral			waiter	negative	red wine	neutral	hot tea	neutral																we were seated outside and the waiter spilled red wine and hot tea on myself and my date
i would just ask for no oil next time	oil	negative																								i would just ask for no oil next time
while this is a pretty place in that overly cute french way, the food was insultingly horrible	place	positive	pretty	cute	food	negative					insultingly horrible															while this is a pretty place in that overly cute french way , the food was insultingly horrible
i went there for lunch and it was not as good as i expected from the reviews i read	lunch	neutral	good																							i went there for lunch and it was not as good as i expected from the reviews i read
the wine list isn't great, and the desserts are shipped in from bruno's down the street, which is not as good as it used to be	wine list	negative	great	good	desserts	negative																				the wine list is n't great , and the desserts are shipped in from bruno 's down the street , which is not as good as it used to be
i ordered a lassi and asked 4 times for it but never got it	lassi	neutral																								i ordered a lassi and asked 4 times for it but never got it
their coffee is quite good too!	coffee	positive	good																							their coffee is quite good too !
i would not recommend this place to anyone			recommend																							i would not recommend this place to anyone
great wine list (italian), good food, service was initially fine	wine list	positive	great	good	food	positive	service	conflict																		great wine list ( italian ) , good food , service was initially fine
despite the fact that the space is large, they've overcrowded the floor with tables	space	positive	large	overcrowded																						despite the fact that the space is large , they 've overcrowded the floor with tables
i know, you were too busy showing off your vintage tee shirt and looking bored, but my agenda is i'm here to eat and enjoy the company of friends, seeking a pleasant experience			enjoy	pleasant																						i know , you were too busy showing off your vintage tee shirt and looking bored , but my agenda is i 'm here to eat and enjoy the company of friends , seeking a pleasant experience
as far as the service goes, the waitresses were not particularly friendly, but they got the job done	service	conflict	friendly		waitresses	conflict																				as far as the service goes , the waitresses were not particularly friendly , but they got the job done
they are not helpful in the least and will give you the grand run around so by the time the event date rolls around you will not only regret chosing this place, but also become hostile!	place	negative	helpful	regret																						they are not helpful in the least and will give you the grand run around so by the time the event date rolls around you will not only regret chosing this place , but also become hostile !
normally that would be improper, however they were all delicious and my host did not complain	host	neutral	improper	delicious																						normally that would be improper , however they were all delicious and my host did not complain
taxan delicious!	taxan	positive	delicious																							taxan delicious !
perhaps it was an off night, but it was suprisingly average for a 9.3 rating			average																							perhaps it was an off night , but it was suprisingly average for a 9.3 rating
southern indian cuisine is still there, too	southern indian cuisine	neutral																								southern indian cuisine is still there , too
restaurant snobs need not bother, this is a small, neighborhood kind of place			small																							restaurant snobs need not bother , this is a small , neighborhood kind of place
have been dozens of times and never failed to enjoy the experience			enjoy																							have been dozens of times and never failed to enjoy the experience
they couldn't even make a salad that was appealing	salad	negative																								they could n't even make a salad that was appealing
of course the reason its so packed is because the food is so delicious!	food	positive	packed	delicious																						of course the reason its so packed is because the food is so delicious !
the jukebox plays everything from italian opera to the strokes	jukebox	positive																								the jukebox plays everything from italian opera to the strokes
plus they made a perfect martini			perfect																							plus they made a perfect martini
i am not sure if i would call the food here indian as it is a fusion of what seems to be french with an indian or exotic touch	food	neutral																								i am not sure if i would call the food here indian as it is a fusion of what seems to be french with an indian or exotic touch
the waiter was attentive	waiter	positive																								the waiter was attentive
their margarita is best i've had since i've returned from naples!	margarita	positive	best																							their margarita is best i 've had since i 've returned from naples !
i highly recommend the restaurant based on our experience last night			recommend																							i highly recommend the restaurant based on our experience last night
the tastes makes your mouth water for more	tastes	positive																								the tastes makes your mouth water for more
i came into the city to try out this restaurant because a friend had recommended it to my husband			recommended																							i came into the city to try out this restaurant because a friend had recommended it to my husband
their sake list was extensive, but we were looking for purple haze, which wasn't listed but made for us upon request!	sake list	positive	extensive		purple haze	conflict																				their sake list was extensive , but we were looking for purple haze , which was n't listed but made for us upon request !
the tables are crammed way too close, the menu is typical of any italian restaurant, and the wine list is simply overpriced	tables	negative	crammed	close	menu	neutral	wine list	negative			typical															the tables are crammed way too close , the menu is typical of any italian restaurant , and the wine list is simply overpriced
the food was actually aweful	food	negative																								the food was actually aweful
there is actually space to breathe and the decor sets the tone for an intimate dinner	space	positive	intimate		decor	positive																				there is actually space to breathe and the decor sets the tone for an intimate dinner
we went around on a friday and it had died down a bit by then so the service was great!	service	positive	great																							we went around on a friday and it had died down a bit by then so the service was great !
my husband and i both ordered the steak, medium	steak	neutral																								my husband and i both ordered the steak , medium
this place has realy fresh sushi and a nice large menu of japanese classic cuisine	sushi	positive	fresh	large	menu	positive	japanese classic cuisine	positive																		this place has realy fresh sushi and a nice large menu of japanese classic cuisine
the sushi is average and the prices are anything but	sushi	neutral	average		prices	neutral																				the sushi is average and the prices are anything but
my wife and i also enjoyed the spinach, the shanghai low mein, and other attractions	spinach	positive	enjoyed		shanghai low mein	positive																				my wife and i also enjoyed the spinach , the shanghai low mein , and other attractions
owner must have coem on this website to give himself credit	owner	neutral																								owner must have coem on this website to give himself credit
turned out there was full service upstairs and sat down	service	positive	full																							turned out there was full service upstairs and sat down
several of the dim sum orders had about 6-8 pieces	dim sum orders	neutral																								several of the dim sum orders had about 6-8 pieces
if you have a dumpling fetish i suggest you try some here!	dumpling	positive																								if you have a dumpling fetish i suggest you try some here !
the food is consistently wonderful - i've been coming here for years, and the owner has always been accomodating and friendly	food	positive	wonderful	accomodating	owner	positive																				the food is consistently wonderful - i 've been coming here for years , and the owner has always been accomodating and friendly
the waiters and owners were nonchalant about this and promised to call the exterminator but weren't as dismayed or apologetic as i would have expected	waiters	negative	nonchalant		owners	negative																				the waiters and owners were nonchalant about this and promised to call the exterminator but were n't as dismayed or apologetic as i would have expected
and the food was fantastic	food	positive																								and the food was fantastic
if you're looking for a place to sit down, have a drink and conversations with friends, go to sweet-n-tart and order yourself a hong-kong styled milk and tea with tapioca pearls (hot)	drink	neutral			hong-kong styled milk	positive	tea with tapioca pearls (hot)	positive																		if you 're looking for a place to sit down , have a drink and conversations with friends , go to sweet-n-tart and order yourself a hong-kong styled milk and tea with tapioca pearls ( hot )
aside from the sea urchin, the chef recommended an assortment of fish including fatty yellow tail, boton shrimp, blue fin torro (fatty tuna), sea eel, etc	sea urchin	neutral			chef	neutral	assortment of fish	neutral	fatty yellow tail	neutral		boton shrimp	neutral	blue fin torro (fatty tuna)	neutral	sea eel	neutral									aside from the sea urchin , the chef recommended an assortment of fish including fatty yellow tail , boton shrimp , blue fin torro ( fatty tuna ) , sea eel , etc
they're also friendlier here, especially the owner, kenny	owner	positive	friendlier																							they 're also friendlier here , especially the owner , kenny
while the room is not particularly comfortable, once you're seated you'll forget about everything except what's on your plate	room	negative	comfortable																							while the room is not particularly comfortable , once you 're seated you 'll forget about everything except what 's on your plate
i've lived in nyc all my life and had never before seen so many waterbugs in one place (except in a really bad dream)	waterbugs	negative																								i 've lived in nyc all my life and had never before seen so many waterbugs in one place ( except in a really bad dream )
winnie and her staff are the best crew you can find serving you	staff	positive	best		crew	positive	serving	positive																		winnie and her staff are the best crew you can find serving you
you can even get packages of the chutneys to stock your fridge!	chutneys	positive																								you can even get packages of the chutneys to stock your fridge !
slightly on the pricey side but worth it!			pricey	worth																						slightly on the pricey side but worth it !
if it isn't for the food (a+++), it must be the service or the ambience	food	positive			service	positive																				if it is n't for the food ( a+++ ) , it must be the service or the ambience
during the course of the past 3 months, the chef and staff changed and it was not for the better	chef	negative			staff	negative																				during the course of the past 3 months , the chef and staff changed and it was not for the better
i like the ambience, it's very dark and original	ambience	positive	like	dark																						i like the ambience , it 's very dark and original
this place is not worth the prices			worth																							this place is not worth the prices
our last time there a few weeks ago was early at 5pm and it was very crowded and noisy			crowded																							our last time there a few weeks ago was early at 5pm and it was very crowded and noisy
pick a bagel has the best bagels in the city	bagels	positive	best																							pick a bagel has the best bagels in the city
you are paying for the atmosphere, which is nice, but can be had in numerous places in bay ridge	atmosphere	conflict	nice																							you are paying for the atmosphere , which is nice , but can be had in numerous places in bay ridge
it is one the nicest outdoor restaurants i have ever seen in ny--i am from italy and this place rivals the ones in my country			nicest																							it is one the nicest outdoor restaurants i have ever seen in ny -- i am from italy and this place rivals the ones in my country
yes you have to wait to be seated and because its small there is no waiting area and the seat at the bar was all taken	wait	negative	small		waiting area	negative	seat	negative	bar	neutral																yes you have to wait to be seated and because its small there is no waiting area and the seat at the bar was all taken
the last two times i ordered from here my food was soo spicy that i could barely eat it, and the spice took away from the flavor of the dish	food	negative	barely		spice	negative	flavor	negative																		the last two times i ordered from here my food was soo spicy that i could barely eat it , and the spice took away from the flavor of the dish
the fried dumplings are great!	fried dumplings	positive	great																							the fried dumplings are great !
this place has the best chinese style bbq ribs in the city	bbq ribs	positive	best																							this place has the best chinese style bbq ribs in the city
ive been here so many times the waiters know my name	waiters	neutral																								ive been here so many times the waiters know my name
the decor is very simple but comfortable	decor	conflict	simple																							the decor is very simple but comfortable
the' kamasutra' and' bombay cosmopolitan' are excellent and will have you tipsy in no time	kamasutra	positive	excellent		bombay cosmopolitan	positive																				the ' kamasutra ' and ' bombay cosmopolitan ' are excellent and will have you tipsy in no time
this is the perfect date spot for williamsburg couples	date spot	positive	perfect																							this is the perfect date spot for williamsburg couples
the dim sum here is only so-so	dim sum	neutral																								the dim sum here is only so-so
6 and there is much tasty food, all of it fresh and continually refilled	food	positive	tasty	fresh																						6 and there is much tasty food , all of it fresh and continually refilled
seating is ok even though sometimes there's alot of people	seating	neutral	ok																							seating is ok even though sometimes there 's alot of people
even with a relatively inexpensive botle of wine, if you can call 70.00 inexpensive, the cost is through the roof for better than average fare	botle of wine	conflict	inexpensive	inexpensive	cost	negative					better															even with a relatively inexpensive botle of wine , if you can call 70.00 inexpensive , the cost is through the roof for better than average fare
service was slow, but the people were friendly	service	negative	slow		people	positive																				service was slow , but the people were friendly
the steak was very fatty and the sauce was overpowering and not very tasty	steak	negative	fatty	overpowering	sauce	negative																				the steak was very fatty and the sauce was overpowering and not very tasty
the food is alright - some stuff is good - some is not (like the steak dish which tends to be dry)	food	conflict	alright	good	steak dish	negative					dry															the food is alright - some stuff is good - some is not ( like the steak dish which tends to be dry )
not only would i not recommend jimmy's restaurants to friends, i would strongly suggest they go anywhere but			recommend																							not only would i not recommend jimmy 's restaurants to friends , i would strongly suggest they go anywhere but
they have a very diverse menu so its something for everybody	menu	positive	diverse																							they have a very diverse menu so its something for everybody
the staff was too busy ordering sushi for dinner and then laying it out to eat on the bar to even bring me my check	staff	negative	busy		sushi	neutral	dinner	neutral	bar	neutral																the staff was too busy ordering sushi for dinner and then laying it out to eat on the bar to even bring me my check
the bagel was huge	bagel	neutral																								the bagel was huge
get the tuna of gari	tuna	positive																								get the tuna of gari
i like the somosas, chai, and the chole, but the dhosas and dhal were kinda dissapointing	somosas	positive	like		chai	positive	chole	positive	dhosas	negative		dhal	negative													i like the somosas , chai , and the chole , but the dhosas and dhal were kinda dissapointing
it was a very nice surprise			nice																							it was a very nice surprise
the staff has been nice, but they seemed really stressed and the unisex bathroom needs to be cleaned more often	staff	conflict	nice	stressed	bathroom	negative					cleaned															the staff has been nice , but they seemed really stressed and the unisex bathroom needs to be cleaned more often
i have been to casimir over 5 times and i have always had a great time there			great																							i have been to casimir over 5 times and i have always had a great time there
the service was the only thing good about this restaurant	service	positive	good																							the service was the only thing good about this restaurant
service - friendly and attentive	service	positive	friendly																							service - friendly and attentive
i love going there!			love																							i love going there !
i cannot recommend og more highly if i tried - check it out for yourself			recommend																							i can not recommend og more highly if i tried - check it out for yourself
service was very prompt but slightly rushed	service	conflict	prompt																							service was very prompt but slightly rushed
great food, great decor, great service	food	positive	great	great	decor	positive					great															great food , great decor , great service
and, atlhough tables opened up next to us and we asked for a slightly larger space, they left us awkardly seated	tables	neutral	larger		space	neutral																				and , atlhough tables opened up next to us and we asked for a slightly larger space , they left us awkardly seated
the palak paneer was standard, and i was not a fan of the malai kofta	palak paneer	neutral	standard		malai kofta	neutral																				the palak paneer was standard , and i was not a fan of the malai kofta
i've dined at alain ducasse's restaurant in monte carlo for half the price for the same excellent dining experience	price	positive	excellent		dining	positive																				i 've dined at alain ducasse 's restaurant in monte carlo for half the price for the same excellent dining experience
yeah, sometimes the service can be slow	service	negative																								yeah , sometimes the service can be slow
the service was attentive without being overbearing and each dish we tried was wonderful from the spring rolls to the cod with pineapple tempura	service	positive	attentive	overbearing	dish	positive	spring rolls	positive	cod with pineapple tempura	positive	wonderful															the service was attentive without being overbearing and each dish we tried was wonderful from the spring rolls to the cod with pineapple tempura
but trust me it is so worth it			worth																							but trust me it is so worth it
the perfect spot			perfect																							the perfect spot
the only weird thing was if we got a bottle, the waitress would have simply multiplied the glass price x4, which makes no sense whatsoever	bottle	neutral	weird		waitress	negative	price	negative																		the only weird thing was if we got a bottle , the waitress would have simply multiplied the glass price x4 , which makes no sense whatsoever
i would not have been so disappointed with the portions if the qualities were good enough to make up for it, but they were not!	portions	negative	disappointed	good	qualities	negative																				i would not have been so disappointed with the portions if the qualities were good enough to make up for it , but they were not !
they're rude at times, and not very friendly			rude																							they 're rude at times , and not very friendly
i'm happy to have nosh in the neighborhood and the food is very comforting	food	positive	happy																							i 'm happy to have nosh in the neighborhood and the food is very comforting
good atmosphere, combination of all the hottest music dress cod e is relatively strict except on fridays	atmosphere	positive	good	hottest	dress cod	negative					strict															good atmosphere , combination of all the hottest music dress cod e is relatively strict except on fridays
i would highly recommend nina's to anyone who wants to have a romantic dinner in a heart warming surrounding filled with candles and family pictures	dinner	positive	recommend	romantic	surrounding	positive	candles	positive			warming															i would highly recommend nina 's to anyone who wants to have a romantic dinner in a heart warming surrounding filled with candles and family pictures
all the desserts the group tried got favorable reviews	desserts	positive	favorable																							all the desserts the group tried got favorable reviews
there's something smooth about sipping sake upper east side style	sake	positive	smooth																							there 's something smooth about sipping sake upper east side style
it's a nice place to relax and have conversation	place	positive	nice																							it 's a nice place to relax and have conversation
this place has got to be the best japanese restaurant in the new york area			best																							this place has got to be the best japanese restaurant in the new york area
best reuben sandwich ever!	reuben sandwich	positive	best																							best reuben sandwich ever !
lucky strike is a great casual place to just grab a bite to eat	place	positive	great																							lucky strike is a great casual place to just grab a bite to eat
going to volare is like going to your favorite aunt's house for dinner, assuming that your aunt is a great italian cook	dinner	neutral	great																							going to volare is like going to your favorite aunt 's house for dinner , assuming that your aunt is a great italian cook
the sushi has been from average to below average, the wait service has always been sub-par the atmosphere goes from nice to really irritating (if you sit in the area beyond the kitchen, the acousitcs are horrid, everything echoes is extremely loud)	sushi	negative	average	below average	wait service	negative	atmosphere	conflict	area	negative	nice							irritating	horrid			loud				the sushi has been from average to below average , the wait service has always been sub-par the atmosphere goes from nice to really irritating ( if you sit in the area beyond the kitchen , the acousitcs are horrid , everything echoes is extremely loud )
i loved it and would go again			loved																							i loved it and would go again
frites were delicious if a bit on the thick side	frites	positive	delicious																							frites were delicious if a bit on the thick side
so so so so so good!			good																							so so so so so good !
very good value			good																							very good value
here you get the zen feel without feeling rigid	zen feel	positive																								here you get the zen feel without feeling rigid
i would recommend putting your name down and then getting a drink at a local bar first though because of the wait time	drink	neutral	recommend		bar	neutral	wait time	negative																		i would recommend putting your name down and then getting a drink at a local bar first though because of the wait time
i fell in love with the egg noodles in the beef broth with shrimp dumplings and slices of bbq roast pork	egg noodles in the beef broth with shrimp dumplings and slices of bbq roast pork	positive	love																							i fell in love with the egg noodles in the beef broth with shrimp dumplings and slices of bbq roast pork
i keep my fingers crossed the whole subway ride hoping that there will be a table i can sit at by myself and not have to share with the rice congee soup people	table	neutral			rice congee soup	neutral																				i keep my fingers crossed the whole subway ride hoping that there will be a table i can sit at by myself and not have to share with the rice congee soup people
it was huge, delicious, fresh, and will be the reason we return			huge	delicious							fresh															it was huge , delicious , fresh , and will be the reason we return
light, refreshing summer rolls (not fried) remind me of vietnamese places in paris	summer rolls	positive	light	refreshing																						light , refreshing summer rolls ( not fried ) remind me of vietnamese places in paris
the sushi seemed pretty fresh and was adequately proportioned	sushi	positive	fresh	adequately																						the sushi seemed pretty fresh and was adequately proportioned
but the service was a bit slow	service	negative																								but the service was a bit slow
spreads and toppings are great - though a bit pricey	spreads	positive	great		toppings	positive																				spreads and toppings are great - though a bit pricey
when i saw that their website had a link to da ciro in napoli, i knew there was going to be good pizza!	pizza	positive	good																							when i saw that their website had a link to da ciro in napoli , i knew there was going to be good pizza !
indoor was very cozy and cute	indoor	positive	cozy																							indoor was very cozy and cute
we had a 3 hour brunch - they definitely do not rush you- and they kept the unlimited mimosas flowing the whole time	brunch	positive	unlimited		mimosas	positive																				we had a 3 hour brunch - they definitely do not rush you- and they kept the unlimited mimosas flowing the whole time
and their prices are very high - they actually think that they can get away with charging such prices for such terrible food and service!	prices	negative	high	terrible	prices	negative	food	negative	service	negative																and their prices are very high - they actually think that they can get away with charging such prices for such terrible food and service !
they're terrific!!			terrific																							they 're terrific ! !
the service is good and the resturant is clean	service	positive	good																							the service is good and the resturant is clean
just stick with the small dishes!	dishes	negative																								just stick with the small dishes !
the cafe itself was really nice with comfortable outdoor chairs and tables, but the service could have been better	cafe	positive	nice	comfortable	outdoor chairs	positive	tables	positive	service	negative																the cafe itself was really nice with comfortable outdoor chairs and tables , but the service could have been better
although we were looking for regular lettuce and some walnuts the salads we got were great	lettuce	neutral			walnuts	neutral	salads	positive																		although we were looking for regular lettuce and some walnuts the salads we got were great
excellent lunch buffet for only 6.95	lunch buffet	positive	excellent																							excellent lunch buffet for only 6.95
we were sorry to check them off our list as we had enjoyed and recommended the place in the past			enjoyed	recommended																						we were sorry to check them off our list as we had enjoyed and recommended the place in the past
both are very reasonably priced (around 8 for dinner and 5 for lunch), and are delicious and filling	priced	positive	reasonably	delicious	dinner	positive	lunch	positive																		both are very reasonably priced ( around 8 for dinner and 5 for lunch ) , and are delicious and filling
the portion sizes here are huge, and the sushi is good	portion sizes	positive	huge		sushi	positive																				the portion sizes here are huge , and the sushi is good
my boyfriend ate tuna and it was cooked perfectly!	tuna	positive	perfectly																							my boyfriend ate tuna and it was cooked perfectly !
this wasn't the expected menu comprised only of pad thai and tom yum soup, but i thought that was what made the place so special	menu	neutral	expected		pad thai	neutral	tom yum soup	neutral																		this was n't the expected menu comprised only of pad thai and tom yum soup , but i thought that was what made the place so special
good food at the restaurant (a bit expensive, but great if you want to impress your date)	food	positive	good	expensive							great															good food at the restaurant ( a bit expensive , but great if you want to impress your date )
i highly recommend caviar russe to anyone who wants delicious top grade caviar and fantastic service	caviar	positive	recommend	top grade							fantastic															i highly recommend caviar russe to anyone who wants delicious top grade caviar and fantastic service
you can't say its cheap because food is cheaper in chinatown	food	conflict	cheap	cheaper																						you ca n't say its cheap because food is cheaper in chinatown
i have eaten there 3-4 times and the food was always good	food	positive																								i have eaten there 3-4 times and the food was always good
keep up the good work			good																							keep up the good work
i wasn't thrilled to have to wait on line for thirty minutes, but i guess that's the price you pay for a popular place	wait	negative	popular																							i was n't thrilled to have to wait on line for thirty minutes , but i guess that 's the price you pay for a popular place
great eats, good times	eats	positive	great	good																						great eats , good times
for years, i thought tuscan cuisine was the best, but salvatore converted me to the hearty neapolitan fare on my first visit	tuscan cuisine	conflict	best		neapolitan fare	positive																				for years , i thought tuscan cuisine was the best , but salvatore converted me to the hearty neapolitan fare on my first visit
the service was great as well	service	positive	great																							the service was great as well
try the lobster teriyaki and the rose special roll	lobster teriyaki	positive			rose special roll	positive																				try the lobster teriyaki and the rose special roll
another plus is most of the entrees are approx	entrees	positive	plus																							another plus is most of the entrees are approx
the food was delicious, the atmosphere was relaxed, and we have now adopted plate 347 as our secret on second!	food	positive	delicious	relaxed	atmosphere	positive																				the food was delicious , the atmosphere was relaxed , and we have now adopted plate 347 as our secret on second !
from the moment we walked in they were more than accomodating even though the place was packed	place	negative																								from the moment we walked in they were more than accomodating even though the place was packed
it is loud, hot and dark			loud	hot																						it is loud , hot and dark
i found the food, service and value exceptional everytime i have been there	food	positive	exceptional		service	positive	value	positive																		i found the food , service and value exceptional everytime i have been there
we ate at this thai place following the reviews but very unhappy with the foods			unhappy																							we ate at this thai place following the reviews but very unhappy with the foods
the food is definitely good, but i left a bit disappointed	food	positive	good																							the food is definitely good , but i left a bit disappointed
i am a 100 lb girl, had a glass of wine and a glass of beer prior to the dinner, and i was still hungry after my visit to this place!	glass of wine	neutral			glass of beer	neutral	dinner	neutral																		i am a 100 lb girl , had a glass of wine and a glass of beer prior to the dinner , and i was still hungry after my visit to this place !
the drinks are a saving grace, but service staff, please, get over yourselves	drinks	positive	saving grace		service staff	negative																				the drinks are a saving grace , but service staff , please , get over yourselves
there is a downside if you're ordering in--the delivery guys have major attitude	delivery guys	negative	downside																							there is a downside if you 're ordering in -- the delivery guys have major attitude
the all-italian staff is warm and engaging from the start	staff	positive	warm	engaging																						the all-italian staff is warm and engaging from the start
the prices are exceptionally reasonable for food of this caliber	prices	positive	reasonable		food	positive																				the prices are exceptionally reasonable for food of this caliber
if you go here - your focus should be the tamarind margaritas	tamarind margaritas	positive																								if you go here - your focus should be the tamarind margaritas
it is the best hidden spot there and i rave about it to everyone			best																							it is the best hidden spot there and i rave about it to everyone
the filet mignon dish was superb!	filet mignon dish	positive	superb																							the filet mignon dish was superb !
i had been a regular due to the consistently good food and ease of getting a table	food	positive	good	ease	getting a table	positive																				i had been a regular due to the consistently good food and ease of getting a table
this place is the most japanese it can ever get	place	positive																								this place is the most japanese it can ever get
great food, lt's of it, more then one person can eat!	food	positive	great																							great food , lt 's of it , more then one person can eat !
i didn't expect to like nosh as much as i did, but the pastrami on challah sandwich i had was otherworldly, the soups are like mom's, and the knishes give yonah schimmel's a run for its money	pastrami on challah sandwich	positive	otherworldly		soups	positive	knishes	positive																		i did n't expect to like nosh as much as i did , but the pastrami on challah sandwich i had was otherworldly , the soups are like mom 's , and the knishes give yonah schimmel 's a run for its money
the atmosphere is nothing special, but it feels like a sushi establishment in tokyo	atmosphere	neutral	special																							the atmosphere is nothing special , but it feels like a sushi establishment in tokyo
cozy romantic atomosphere with only around 15 tables at most	atomosphere	positive	romantic		tables	positive																				cozy romantic atomosphere with only around 15 tables at most
this place is worth going even if only for their beer			worth																							this place is worth going even if only for their beer
i really like both the scallops and the mahi mahi (on saffron risotto -yum!)	scallops	positive			mahi mahi (on saffron risotto	positive																				i really like both the scallops and the mahi mahi ( on saffron risotto -yum ! )
the ambience was so fun, and the prices were great, on top of the fact that the food was really tasty	ambience	positive	fun	great	prices	positive	food	positive																		the ambience was so fun , and the prices were great , on top of the fact that the food was really tasty
do not get the go go hamburgers, no matter what the reviews say	go go hamburgers	negative																								do not get the go go hamburgers , no matter what the reviews say
the sandwhiches are out-of-this world!	sandwhiches	positive																								the sandwhiches are out-of-this world !
decor is charming	decor	positive																								decor is charming
the food was very well prepared	food	positive	well prepared																							the food was very well prepared
good, because hey, it's more food, but bad because dim sum is supposed to be smaller portions so you can try out more dishes and smaller so that each dish is cheap	food	positive	good	more	dim sum	negative	portions	negative	dishes	neutral	bad	dish	neutral					smaller	more			smaller				good , because hey , it 's more food , but bad because dim sum is supposed to be smaller portions so you can try out more dishes and smaller so that each dish is cheap
while most people can attest to spending over 50 on drinks in new york bars and hardly feeling a thing, the drinks here are plentiful and unique	drinks	negative	plentiful		bars	negative	drinks	positive																		while most people can attest to spending over 50 on drinks in new york bars and hardly feeling a thing , the drinks here are plentiful and unique
the food arrived 20 minutes after i called, cold and soggy	food	negative	cold																							the food arrived 20 minutes after i called , cold and soggy
if you go for the pre-theatre menu, it's an even greater deal	pre-theatre menu	positive	greater																							if you go for the pre-theatre menu , it 's an even greater deal
if you are someone who appreciates simplicity, elegance, and wonderfully presented and tasting seafood and vegetables regardless of portion size, kai is your place	seafood	positive	wonderfully presented	tasting	vegetables	positive	portion size	negative																		if you are someone who appreciates simplicity , elegance , and wonderfully presented and tasting seafood and vegetables regardless of portion size , kai is your place
the prices cannot be beat for the quality, quantity, freshness and taste	prices	positive			quality	positive	quantity	positive	freshness	positive																the prices can not be beat for the quality , quantity , freshness and taste
check it out, it won't hurt your stomach or your wallet	stomach	positive																								check it out , it wo n't hurt your stomach or your wallet
incredibly poor service an food quality at exorbitant prices	service	negative	poor	exorbitant	food quality	negative																				incredibly poor service an food quality at exorbitant prices
i have been about 4 times and have always had a great meal			great																							i have been about 4 times and have always had a great meal
i go back in line like three times on average until i can't walk anymore	line	negative																								i go back in line like three times on average until i ca n't walk anymore
we usually just get some of the dinner specials and they are very reasonably priced and very tasty	dinner specials	positive	reasonably		priced	positive																				we usually just get some of the dinner specials and they are very reasonably priced and very tasty
horrible food and horrible service	food	negative	horrible	horrible																						horrible food and horrible service
the wine and cheese plate are plentiful and can't wait to try the fondue or table grilling	wine	positive	plentiful		cheese	positive	fondue	positive	table grilling	positive																the wine and cheese plate are plentiful and ca n't wait to try the fondue or table grilling
bleecker st pizza is the best!			best																							bleecker st pizza is the best !
they treated us well and the food was extremely fresh and well-prepared	food	positive	well	fresh																						they treated us well and the food was extremely fresh and well-prepared
the big complaint no toasting available	toasting	negative	complaint																							the big complaint no toasting available
even if the food wasn't this good, the garden is a great place to sit outside and relax	food	positive	good	great	garden	positive	place	positive																		even if the food was n't this good , the garden is a great place to sit outside and relax
volare virgins or weekly regulars, everyone gets treated the same and you can't ask for more than that when the service is this friendly	service	positive																								volare virgins or weekly regulars , everyone gets treated the same and you ca n't ask for more than that when the service is this friendly
the food came out wrong, the waiter was no where to be found and the wine showed up at the end of the meal	food	negative	wrong		waiter	negative	wine	negative																		the food came out wrong , the waiter was no where to be found and the wine showed up at the end of the meal
the chicken and steak were seasoned and cooked to perfection, and the lamb sandwhich is great for heartier appetites	chicken	positive	perfection	great	steak	positive	lamb sandwhich	positive			heartier															the chicken and steak were seasoned and cooked to perfection , and the lamb sandwhich is great for heartier appetites
we saw them heating up at least one frozen item though i'm not sure which dim sum dish it was	dim sum dish	negative																								we saw them heating up at least one frozen item though i 'm not sure which dim sum dish it was
no you're going to go back because the food was good	food	positive																								no you 're going to go back because the food was good
the food was great and the service was even better	food	positive	great		service	positive																				the food was great and the service was even better
traditional french decour was pleasant though the hall was rather noisy - the restaurant was full and we had to raise our voices to be able to maintain a conversation	traditional french decour	positive	pleasant	noisy	hall	negative					full															traditional french decour was pleasant though the hall was rather noisy - the restaurant was full and we had to raise our voices to be able to maintain a conversation
the fish is fresh and each piece is sliced to perfection and seasoned by the sushi chef (usually with a little fresh wasabi and soy sauce but also sometimes with some sea salt)	fish	positive	fresh	perfection	sushi chef	positive	wasabi	positive	soy sauce	positive	fresh	sea salt	positive													the fish is fresh and each piece is sliced to perfection and seasoned by the sushi chef ( usually with a little fresh wasabi and soy sauce but also sometimes with some sea salt )
consequently, their burgers fell apart in their hands and made such a mess that they did'nt feel like finishing them	burgers	negative																								consequently , their burgers fell apart in their hands and made such a mess that they did'nt feel like finishing them
my son and his girlfriend both wanted cheeseburgers and they were huge!	cheeseburgers	positive	huge																							my son and his girlfriend both wanted cheeseburgers and they were huge !
i really recommend the very simple unda (egg) rolls	unda (egg) rolls	positive	recommend	simple																						i really recommend the very simple unda ( egg ) rolls
this is the only thai place i go too in nyc, it's wonderful, and live relaxed jazz on certain nights	jazz	positive	wonderful	relaxed																						this is the only thai place i go too in nyc , it 's wonderful , and live relaxed jazz on certain nights
we were seated and ignored by waitstaff			ignored																							we were seated and ignored by waitstaff
if you are in a big group, this place is perfect because it recomends sharing - they have lazy susans on most tables - even families can feel comfortable here	lazy susans	positive	perfect	comfortable	tables	positive																				if you are in a big group , this place is perfect because it recomends sharing - they have lazy susans on most tables - even families can feel comfortable here
they showed up 15 minutes after the tuna melt	tuna	positive																								they showed up 15 minutes after the tuna melt
tasty steak, pork loin, the works	steak	positive	tasty		pork loin	positive																				tasty steak , pork loin , the works
i went with 5 friends and we lingered at the table for a bit and didn't feel rushed at all even though there was a wait	table	neutral	rushed																							i went with 5 friends and we lingered at the table for a bit and did n't feel rushed at all even though there was a wait
i'd highly recommend it for a special occasion--it provides and intimate setting and nice service	setting	positive	recommend	intimate							nice															i 'd highly recommend it for a special occasion -- it provides and intimate setting and nice service
the burger was great, also	burger	positive	great																							the burger was great , also
they did give a 15 discount at the end, wasn't enough, as they knew the service was horrible	discount	negative	enough		service	negative																				they did give a 15 discount at the end , was n't enough , as they knew the service was horrible
just because it's cheap does not mean the portions are small or the food is nasty, it is great!	portions	positive	cheap	small	food	positive					nasty							great								just because it 's cheap does not mean the portions are small or the food is nasty , it is great !
the pizza was great	pizza	positive																								the pizza was great
i had never had edamame pureed before but i thought it was innovative and tasty (could've used a bit more salt)	edamame pureed	positive	innovative	tasty																						i had never had edamame pureed before but i thought it was innovative and tasty ( could 've used a bit more salt )
when we notified him that he didn't mention the specials, he didn't apologize but let us know that we made a very good decision regardless	specials	neutral																								when we notified him that he did n't mention the specials , he did n't apologize but let us know that we made a very good decision regardless
kenny the owner is always there and he treats my family like we are part of his family	owner	positive																								kenny the owner is always there and he treats my family like we are part of his family
they need a kick out of it but until then the sushi is pretty good and the place is consistent	sushi	positive	good		place	positive																				they need a kick out of it but until then the sushi is pretty good and the place is consistent
i've had to wait only a few times during lunch but this place is definitely worth the wait	lunch	neutral	worth																							i 've had to wait only a few times during lunch but this place is definitely worth the wait
all in all the food was above average and i would return to see how they operate with four or less dinners	food	positive	above average																							all in all the food was above average and i would return to see how they operate with four or less dinners
judging from previous posts this used to be a good place, but not any longer			good																							judging from previous posts this used to be a good place , but not any longer
delicious food, excellent service, and a pretty atmosphere make this a great choice for dinner and the 5.99 lunch buffet makes it an even better choice for lunch!	food	positive	delicious	excellent	service	positive	atmosphere	positive	dinner	positive	pretty	lunch buffet	positive	lunch	positive			great	better							delicious food , excellent service , and a pretty atmosphere make this a great choice for dinner and the 5.99 lunch buffet makes it an even better choice for lunch !
for appetizers, i recommend the shrimp fritters and dumplings	appetizers	neutral	recommend		shrimp fritters	positive																				for appetizers , i recommend the shrimp fritters and dumplings
and cheap!			cheap																							and cheap !
the restaurant is dark and not very attractive and then you have spot lights shining on you putting you in the worst light possible, reaching for sunglasses	spot lights	negative	dark	attractive							worst															the restaurant is dark and not very attractive and then you have spot lights shining on you putting you in the worst light possible , reaching for sunglasses
try the times square cocktail--ginger lemonade with vodka (also available without vodka)	times square cocktail	positive			ginger lemonade with vodka	positive																				try the times square cocktail -- ginger lemonade with vodka ( also available without vodka )
nice find			nice																							nice find
great wine, great food	wine	positive	great	great																						great wine , great food
the service was mediocre, and the lack of air conditioning made for a less than comfortable meal	service	neutral	mediocre	lack	air conditioning	negative					comfortable															the service was mediocre , and the lack of air conditioning made for a less than comfortable meal
the food and staff always surprise me with the new heights they are taken to	food	positive	surprise		staff	positive																				the food and staff always surprise me with the new heights they are taken to
amazing!			amazing																							amazing !
honestly the worst sushi my husband and i had in our entire lives	sushi	negative	worst																							honestly the worst sushi my husband and i had in our entire lives
there is nothing more pleasant than that			pleasant																							there is nothing more pleasant than that
i would recommend this place to anyone and would without a doubt come again			recommend																							i would recommend this place to anyone and would without a doubt come again
however, if you want great food at a great price and don't mind the decor, you can't beat this place	food	positive	great	great	price	positive	decor	negative																		however , if you want great food at a great price and do n't mind the decor , you ca n't beat this place
our tiny table for two (dinner plates hung over edge) was right in the middle of one of the lanes of waiter traffic	table	negative	tiny		dinner plates	negative	waiter traffic	negative																		our tiny table for two ( dinner plates hung over edge ) was right in the middle of one of the lanes of waiter traffic
sake collection was excellent (try nanbu bijin), but pricy	sake collection	conflict	excellent		nanbu bijin	positive																				sake collection was excellent ( try nanbu bijin ) , but pricy
interesting other dishes for a change include chicken in curry sauc e and salmon caserole	dishes	positive	interesting		chicken in curry sauc	positive	salmon caserole	positive																		interesting other dishes for a change include chicken in curry sauc e and salmon caserole
one of my favorite restaurants in the neighborhood			favorite																							one of my favorite restaurants in the neighborhood
one of my favorites though was the angry lobster, a cold lobster salad that was magnificent	angry lobster	positive	favorites		cold lobster salad	positive																				one of my favorites though was the angry lobster , a cold lobster salad that was magnificent
ask for usha, the nicest bartender in manhattan	bartender	positive	nicest																							ask for usha , the nicest bartender in manhattan
the service is outstanding and my crab-cake eggs benedict could not have been better	service	positive	outstanding		crab-cake eggs benedict	positive																				the service is outstanding and my crab-cake eggs benedict could not have been better
the place's decor and hidden bathrooms made for a good laugh	decor	positive	good laugh		bathrooms	positive																				the place 's decor and hidden bathrooms made for a good laugh
its location is good and the fact that hutner college is near and their prices are very reasonable, makes students go back to suan again and again	location	positive	good	reasonable	prices	positive																				its location is good and the fact that hutner college is near and their prices are very reasonable , makes students go back to suan again and again
however, i think jeckll and hydes t is one of those places that is fun to do once			fun																							however , i think jeckll and hydes t is one of those places that is fun to do once
a wonderful place!	place	positive	wonderful																							a wonderful place !
service was on par but not wonderful	service	conflict	on par																							service was on par but not wonderful
i went to amma after a friend recommended it			recommended																							i went to amma after a friend recommended it
kind of a small place but i guess if they are not too busy might be able to fit a group or kids	place	negative	small	busy																						kind of a small place but i guess if they are not too busy might be able to fit a group or kids
we also ordered two hot dogs thinking they would be pretty good since there is a whole section on the menu devoted to them	hot dogs	neutral	good		menu	neutral																				we also ordered two hot dogs thinking they would be pretty good since there is a whole section on the menu devoted to them
i've had the chicken with garlic sauce, chicken with black bean sauce, and hunan chicken	chicken with garlic sauce	neutral			chicken with black bean sauce	neutral	hunan chicken	neutral																		i 've had the chicken with garlic sauce , chicken with black bean sauce , and hunan chicken
because of the delicate thin crust, take-out pies get soggy in their boxes	crust	negative	delicate	soggy	take-out pies	negative																				because of the delicate thin crust , take-out pies get soggy in their boxes
the dish had like 6 pieces of beef in it	dish	neutral			beef	neutral																				the dish had like 6 pieces of beef in it
we got in line and were served while in line a bannan fritter	served	neutral			bannan fritter	neutral																				we got in line and were served while in line a bannan fritter
it might have been a little too spicy for my friend, which you can couteract with eat more rice and keeping water on hand	rice	neutral	too spicy		water	neutral																				it might have been a little too spicy for my friend , which you can couteract with eat more rice and keeping water on hand
this place is always very crowded and popular	place	positive	crowded																							this place is always very crowded and popular
appetizers are somewhere around 7 each and the main dishes are between 11 and 16	appetizers	neutral			main dishes	neutral																				appetizers are somewhere around 7 each and the main dishes are between 11 and 16
i don't know about you guys, but when i go somewhere to eat i go for the food not for the atmosphere	food	neutral																								i do n't know about you guys , but when i go somewhere to eat i go for the food not for the atmosphere
a gentleman, maybe the manager, came to our table, and without so much as a smile or greeting asked for our order	gentleman	negative			manager	negative	table	neutral																		a gentleman , maybe the manager , came to our table , and without so much as a smile or greeting asked for our order
i've had pizza both times and the caprese salad appetizer	pizza	neutral			caprese salad appetizer	neutral																				i 've had pizza both times and the caprese salad appetizer
he was terribly thirsty after the meal too	meal	negative																								he was terribly thirsty after the meal too
i wasn't there for the half-price saturday night special, but tuesday night	half-price saturday night special	neutral																								i was n't there for the half-price saturday night special , but tuesday night
if you like the food and the value you get from some of chinatown restaurants, this is not the place for you	food	neutral	like		value	neutral																				if you like the food and the value you get from some of chinatown restaurants , this is not the place for you
get the soup and a nosh (pastrami sandwich) for 8 and you're golden	soup	positive			nosh (pastrami sandwich)	positive																				get the soup and a nosh ( pastrami sandwich ) for 8 and you 're golden
i have to say that if this what makes it easier to get a saet a lunch - i dont mind	lunch	neutral	easier																							i have to say that if this what makes it easier to get a saet a lunch - i dont mind
my family and i ate here last night for our annual christmas dinner with the family members who would rather spend the holidays with friends out-of-town	christmas dinner	neutral																								my family and i ate here last night for our annual christmas dinner with the family members who would rather spend the holidays with friends out-of-town
we were told that they were booked solid and no other table was available	table	negative																								we were told that they were booked solid and no other table was available
the restaraurant is very small so reservations are a must	reservations	neutral	small																							the restaraurant is very small so reservations are a must
to my right, the hostess stood over a busboy and hissed rapido, rapido as he tried to clear and re-set a table for six	hostess	negative			busboy	neutral	table	neutral																		to my right , the hostess stood over a busboy and hissed rapido , rapido as he tried to clear and re-set a table for six
then we ordered a dinosaur rolls and white tuna sashimi	dinosaur rolls	neutral			white tuna sashimi	neutral																				then we ordered a dinosaur rolls and white tuna sashimi
interior was so so			so so																							interior was so so
they were able to squeeze me in at 6 after i called the night before my anniversary for a friday night reservation and told me they'd treat us well for the occasion	reservation	neutral																								they were able to squeeze me in at 6 after i called the night before my anniversary for a friday night reservation and told me they 'd treat us well for the occasion
note that they do not serve beer, you must bring your own	beer	negative																								note that they do not serve beer , you must bring your own
we ate outside at haru's sake bar because haru's restaurant next door was overflowing	bar	neutral																								we ate outside at haru 's sake bar because haru 's restaurant next door was overflowing
better than the bagel shop on the corner, but not worth going out of your way for, in my opinion			better	worth																						better than the bagel shop on the corner , but not worth going out of your way for , in my opinion
we shared a bottle of sake, an order of edamames, and she had the sushi plat e while i had the sashimi	bottle of sake	neutral			edamames	neutral	sushi plat	neutral																		we shared a bottle of sake , an order of edamames , and she had the sushi plat e while i had the sashimi
i can't believe people complain about no cheese sticks	cheese sticks	neutral																								i ca n't believe people complain about no cheese sticks
from the appetizers we ate, the dim sum and other variety of foods, it was impossible to criticize the food	appetizers	positive			dim sum	positive	foods	positive																		from the appetizers we ate , the dim sum and other variety of foods , it was impossible to criticize the food
each table has a pot of boiling water sunken into its surface, and you get platters of thin sliced meats, various vegetables, and rice and glass noodles	table	neutral	thin	various	pot of boiling water	neutral	meats	neutral	vegetables	neutral		rice	neutral	glass noodles	neutral											each table has a pot of boiling water sunken into its surface , and you get platters of thin sliced meats , various vegetables , and rice and glass noodles
