tokens	ner_tags	lang	text
['De', 'Boston', 'Red', 'Sox', 'is', 'de', 'vaste', 'bespeler', 'van', 'het', 'stadion', ',', 'waar', 'eerder', 'ook', 'andere', 'sportclubs', 'te', 'zien', 'waren', '.']	[0, 3, 4, 4, 0, 0, 0, 0, 0, 0, 0, 0, 0, 0, 0, 0, 0, 0, 0, 0, 0]	nl	De Boston Red Sox is de vaste bespeler van het stadion, waar eerder ook andere sportclubs te zien waren.
['Het', 'werd', 'uitgegeven', 'voor', 'de', 'Wii', 'U', 'op', 'de', 'lanceerdag', 'van', 'de', 'console', ',', '30', 'november', '2012', '.']	[0, 0, 0, 0, 0, 7, 8, 0, 0, 0, 0, 0, 0, 0, 0, 0, 0, 0]	nl	Het werd uitgegeven voor de Wii U op de lanceerdag van de console, 30 november 2012.
['Daar', 'was', 'Oekraïne', 'opnieuw', 'de', 'tegenstander', '.']	[0, 0, 5, 0, 0, 0, 0]	nl	Daar was Oekraïne opnieuw de tegenstander.
['Hoewel', 'ongeveer', '105.000', 'personen', 'de', 'taal', 'spreken', ',', 'leven', 'slechts', '98.000', 'mensen', 'in', 'Kiribati', ',', 'ongeveer', '97,2', '%', 'van', 'de', 'hele', 'bevolking', '.']	[0, 0, 0, 0, 0, 0, 0, 0, 0, 0, 0, 0, 0, 5, 0, 0, 0, 0, 0, 0, 0, 0, 0]	nl	Hoewel ongeveer 105.000 personen de taal spreken, leven slechts 98.000 mensen in Kiribati, ongeveer 97,2% van de hele bevolking.
"['Halverwege', 'de', 'jaren', ""'"", '20', 'werd', 'de', 'Alfa', 'Romeo', 'RL', 'te', 'groot', 'en', 'te', 'log', 'geacht', 'en', 'werd', 'begonnen', 'aan', 'de', 'ontwikkeling', 'van', 'een', 'kleinere', ',', 'lichtere', 'variant', '.']"	[0, 0, 0, 0, 0, 0, 0, 7, 8, 8, 0, 0, 0, 0, 0, 0, 0, 0, 0, 0, 0, 0, 0, 0, 0, 0, 0, 0, 0]	nl	Halverwege de jaren '20 werd de Alfa Romeo RL te groot en te log geacht en werd begonnen aan de ontwikkeling van een kleinere, lichtere variant.
['In', '2007', 'bevestigde', 'Brian', 'May', 'de', 'geruchten', 'dat', 'het', 'drietal', 'een', 'nieuw', 'album', 'zouden', 'gaan', 'opnemen', '.']	[0, 0, 0, 1, 2, 0, 0, 0, 0, 0, 0, 0, 0, 0, 0, 0, 0]	nl	In 2007 bevestigde Brian May de geruchten dat het drietal een nieuw album zouden gaan opnemen.
['In', '947', 'werd', 'ook', 'de', 'kerk', 'van', 'Budel', 'met', 'de', 'tienden', 'aan', 'dit', 'klooster', 'geschonken', '.']	[0, 0, 0, 0, 0, 0, 0, 5, 0, 0, 0, 0, 0, 0, 0, 0]	nl	In 947 werd ook de kerk van Budel met de tienden aan dit klooster geschonken.
['Jean', 'Roba', 'stond', 'hem', 'bij', 'met', 'het', 'tekenwerk', 'en', 'Greg', 'schreef', 'één', 'scenario', '.']	[1, 2, 0, 0, 0, 0, 0, 0, 0, 1, 0, 0, 0, 0]	nl	Jean Roba stond hem bij met het tekenwerk en Greg schreef één scenario.
['Hij', 'tekende', 'in', 'juli', '2017', 'bij', 'Cercle', 'Brugge', '.']	[0, 0, 0, 0, 0, 0, 3, 4, 0]	nl	Hij tekende in juli 2017 bij Cercle Brugge.
['Hugo', 'de', 'Vries', 'introduceerde', 'ook', 'begrippen', 'als', 'mutatie', 'en', 'gen', ',', 'en', 'stelde', 'dat', 'nieuwe', 'soorten', 'kunnen', 'ontstaan', 'door', 'middel', 'van', 'een', 'enkele', 'mutatie', '(', 'het', 'zogenaamde', 'saltationisme', ')', '.']	[1, 2, 2, 0, 0, 0, 0, 0, 0, 0, 0, 0, 0, 0, 0, 0, 0, 0, 0, 0, 0, 0, 0, 0, 0, 0, 0, 0, 0, 0]	nl	Hugo de Vries introduceerde ook begrippen als mutatie en gen, en stelde dat nieuwe soorten kunnen ontstaan door middel van een enkele mutatie (het zogenaamde saltationisme).
['Er', 'is', 'een', 'door', 'de', 'koning', 'van', 'Maleisië', 'benoemde', 'gouverneur', '.']	[0, 0, 0, 0, 0, 0, 0, 5, 0, 0, 0]	nl	Er is een door de koning van Maleisië benoemde gouverneur.
['De', 'film', 'springt', 'enkele', 'jaren', 'verder', 'naar', 'een', 'live-uitzending', 'net', 'voor', 'de', 'start', 'van', 'de', 'Ronde', 'van', 'Vlaanderen', '.']	[0, 0, 0, 0, 0, 0, 0, 0, 0, 0, 0, 0, 0, 0, 0, 7, 8, 8, 0]	nl	De film springt enkele jaren verder naar een live-uitzending net voor de start van de Ronde van Vlaanderen.
['Op', '22', 'april', '2011', 'trouwde', 'ze', 'met', 'acteur', 'Eddie', 'Cibrian', '.']	[0, 0, 0, 0, 0, 0, 0, 0, 1, 2, 0]	nl	Op 22 april 2011 trouwde ze met acteur Eddie Cibrian.
['Met', 'de', 'hulp', 'van', 'Ethiopië', 'keerden', 'op', '28', 'december', '2006', 'overheidstroepen', 'terug', 'naar', 'de', 'hoofdstad', 'Mogadishu', '.']	[0, 0, 0, 0, 5, 0, 0, 0, 0, 0, 0, 0, 0, 0, 0, 5, 0]	nl	Met de hulp van Ethiopië keerden op 28 december 2006 overheidstroepen terug naar de hoofdstad Mogadishu.
['In', 'het', 'seizoen', '2012', '/', '13', 'speelde', 'hij', 'kort', 'voor', 'FK', 'Partizan', 'waarna', 'hij', 'heel', 'kort', 'voor', 'Esteghlal', 'FC', 'in', 'Iran', 'ging', 'spelen', '.']	[0, 0, 0, 0, 0, 0, 0, 0, 0, 0, 3, 4, 0, 0, 0, 0, 0, 3, 4, 0, 5, 0, 0, 0]	nl	In het seizoen 2012 / 13 speelde hij kort voor FK Partizan waarna hij heel kort voor Esteghlal FC in Iran ging spelen.
"['""', 'Zoo', 'Tycoon', '2', '""', 'is', 'het', 'vervolg', 'op', 'het', 'bedrijfssimulatiespel', 'Zoo', 'Tycoon', 'en', 'is', 'uitgebracht', 'in', 'november', '2004', '.']"	[0, 7, 8, 0, 0, 0, 0, 0, 0, 0, 0, 7, 8, 0, 0, 0, 0, 0, 0, 0]	nl	"""Zoo Tycoon 2"" is het vervolg op het bedrijfssimulatiespel Zoo Tycoon en is uitgebracht in november 2004."
['De', 'soort', 'is', 'endemisch', 'in', 'Taiwan', '.']	[0, 0, 0, 0, 0, 5, 0]	nl	De soort is endemisch in Taiwan.
['Hij', 'speelt', 'sinds', '2013', 'bij', 'Beşiktaş', 'JK', '.']	[0, 0, 0, 0, 0, 3, 4, 0]	nl	Hij speelt sinds 2013 bij Beşiktaş JK.
"['Zowel', '""', 'Mariner', '6', '""', 'als', '""', '7', '""', 'toonden', 'echter', 'aan', ',', 'dat', 'dit', 'geenszins', 'het', 'geval', 'is', '.']"	[0, 0, 7, 8, 0, 0, 0, 0, 0, 0, 0, 0, 0, 0, 0, 0, 0, 0, 0, 0]	nl	"Zowel ""Mariner 6"" als ""7"" toonden echter aan, dat dit geenszins het geval is."
['In', '2018', 'werd', 'hij', 'geëerd', 'gedurende', 'het', 'gehele', '13e', 'seizoen', 'van', 'De', 'Wereld', 'Draait', 'Door', '.']	[0, 0, 0, 0, 0, 0, 0, 0, 0, 0, 0, 7, 8, 8, 8, 0]	nl	In 2018 werd hij geëerd gedurende het gehele 13e seizoen van De Wereld Draait Door.
['De', 'groep', 'werd', 'voor', 'het', 'eerst', 'wetenschappelijk', 'beschreven', 'door', 'Edward', 'Drinker', 'Cope', 'in', '1862', '.']	[0, 0, 0, 0, 0, 0, 0, 0, 0, 1, 2, 2, 0, 0, 0]	nl	De groep werd voor het eerst wetenschappelijk beschreven door Edward Drinker Cope in 1862.
"['De', 'wetenschappelijke', 'naam', 'van', 'de', 'soort', 'is', ',', 'als', '""', 'Papilio', 'aeilus', '""', ',', 'voor', 'het', 'eerst', 'geldig', 'gepubliceerd', 'in', '1780', 'door', 'Caspar', 'Stoll', '.']"	[0, 0, 0, 0, 0, 0, 0, 0, 0, 0, 0, 0, 0, 0, 0, 0, 0, 0, 0, 0, 0, 0, 1, 2, 0]	nl	"De wetenschappelijke naam van de soort is, als ""Papilio aeilus"", voor het eerst geldig gepubliceerd in 1780 door Caspar Stoll."
"['Al', 'in', '1752', 'was', 'de', 'erfenis', 'helemaal', 'op', 'en', 'kreeg', 'zij', 'van', 'de', 'gemeenteraad', 'veertig', 'daalders', 'in', 'ruil', 'voor', 'een', 'aantal', 'onverkochte', 'exemplaren', 'van', '""', 'Die', 'Kunst', 'der', 'Fuge', '""', 'en', 'van', 'de', 'zang', '-', 'en', 'instrumentale', 'partijen', 'van', 'kerkelijke', 'cantates', 'van', 'haar', 'overleden', 'echtgenoot', '.']"	[0, 0, 0, 0, 0, 0, 0, 0, 0, 0, 0, 0, 0, 0, 0, 0, 0, 0, 0, 0, 0, 0, 0, 0, 0, 7, 8, 8, 8, 0, 0, 0, 0, 0, 0, 0, 0, 0, 0, 0, 0, 0, 0, 0, 0, 0]	nl	"Al in 1752 was de erfenis helemaal op en kreeg zij van de gemeenteraad veertig daalders in ruil voor een aantal onverkochte exemplaren van ""Die Kunst der Fuge"" en van de zang - en instrumentale partijen van kerkelijke cantates van haar overleden echtgenoot."
['Ze', 'bracht', 'haar', 'laatste', 'levensjaren', 'teruggetrokken', 'door', 'in', 'Winchester', '.']	[0, 0, 0, 0, 0, 0, 0, 0, 5, 0]	nl	Ze bracht haar laatste levensjaren teruggetrokken door in Winchester.
"['Tsunami', ""'s"", 'komen', 'het', 'meest', 'voor', 'rondom', 'de', 'Grote', 'Oceaan', ',', 'omdat', 'langs', 'alle', 'randen', 'van', 'deze', 'oceaan', 'door', 'platentektoniek', 'veelvuldig', 'aardbevingen', 'plaatsvinden', '.']"	[0, 0, 0, 0, 0, 0, 0, 0, 5, 6, 0, 0, 0, 0, 0, 0, 0, 0, 0, 0, 0, 0, 0, 0]	nl	Tsunami 's komen het meest voor rondom de Grote Oceaan, omdat langs alle randen van deze oceaan door platentektoniek veelvuldig aardbevingen plaatsvinden.
['In', 'deze', 'lijn', 'lag', 'de', '600', 'meter', 'lange', 'Moerputtenbrug', ',', 'die', 'sinds', 'oktober', '2006', 'dienstdoet', 'als', 'voetgangersbrug', 'door', 'het', 'natuurgebied', '.']	[0, 0, 0, 0, 0, 0, 0, 0, 5, 0, 0, 0, 0, 0, 0, 0, 0, 0, 0, 0, 0]	nl	In deze lijn lag de 600 meter lange Moerputtenbrug, die sinds oktober 2006 dienstdoet als voetgangersbrug door het natuurgebied.
['In', '1929', 'lag', 'hij', 'aan', 'de', 'leiding', 'in', 'de', 'Lightweight', 'TT', ',', 'maar', 'hij', 'moest', 'met', 'motorpech', 'opgeven', '.']	[0, 0, 0, 0, 0, 0, 0, 0, 0, 7, 8, 0, 0, 0, 0, 0, 0, 0, 0]	nl	In 1929 lag hij aan de leiding in de Lightweight TT, maar hij moest met motorpech opgeven.
['Hier', 'is', 'de', 'geschiedenis', 'van', 'Cyprus', 'in', 'feite', 'een', 'geschiedenis', 'tussen', 'oost', 'en', 'west', 'in', 'het', 'klein', '.']	[0, 0, 0, 0, 0, 5, 0, 0, 0, 0, 0, 0, 0, 0, 0, 0, 0, 0]	nl	Hier is de geschiedenis van Cyprus in feite een geschiedenis tussen oost en west in het klein.
['Veel', 'zaken', 'waren', 'al', 'bekend', ',', 'maar', 'het', 'rapport', 'geeft', 'wel', 'een', 'beeld', 'van', 'de', 'activiteiten', 'van', 'de', 'dienst', 'op', 'het', 'hoogtepunt', 'van', 'de', 'Koude', 'Oorlog', '.']	[0, 0, 0, 0, 0, 0, 0, 0, 0, 0, 0, 0, 0, 0, 0, 0, 0, 0, 0, 0, 0, 0, 0, 0, 7, 8, 0]	nl	Veel zaken waren al bekend, maar het rapport geeft wel een beeld van de activiteiten van de dienst op het hoogtepunt van de Koude Oorlog.
['Sinds', '2017', 'komt', 'hij', 'uit', 'voor', 'Slovan', 'Bratislava', '.']	[0, 0, 0, 0, 0, 0, 3, 4, 0]	nl	Sinds 2017 komt hij uit voor Slovan Bratislava.
['Ook', 'Lee', 'Marvin', ',', 'Robert', 'Mitchum', 'en', 'Burt', 'Lancaster', 'zagen', 'van', 'de', 'rol', 'af', ',', 'terwijl', 'John', 'Wayne', 'die', 'de', 'rol', 'graag', 'had', 'willen', 'spelen', 'door', 'de', 'producent', 'werd', 'afgewezen', '.']	[0, 1, 2, 0, 1, 2, 0, 1, 2, 0, 0, 0, 0, 0, 0, 0, 1, 2, 0, 0, 0, 0, 0, 0, 0, 0, 0, 0, 0, 0, 0]	nl	Ook Lee Marvin, Robert Mitchum en Burt Lancaster zagen van de rol af, terwijl John Wayne die de rol graag had willen spelen door de producent werd afgewezen.
['Hij', 'oefende', 'twee', 'uur', 'per', 'dag', 'en', 'op', 'negenjarige', 'leeftijd', 'speelde', 'hij', 'Buddy', 'Rich', 'al', 'na', '.']	[0, 0, 0, 0, 0, 0, 0, 0, 0, 0, 0, 0, 1, 2, 0, 0, 0]	nl	Hij oefende twee uur per dag en op negenjarige leeftijd speelde hij Buddy Rich al na.
"['Onder', 'de', 'heerschappij', 'van', 'Ferdinando', 'II', 'de', ""'"", 'Medici', 'begon', 'echter', 'het', 'economische', 'verval', ',', 'dat', 'een', 'dieptepunt', 'bereikte', 'onder', 'Cosimo', 'III', 'de', ""'"", 'Medici', '.']"	[0, 0, 0, 0, 1, 2, 2, 2, 2, 0, 0, 0, 0, 0, 0, 0, 0, 0, 0, 0, 1, 2, 2, 2, 2, 0]	nl	Onder de heerschappij van Ferdinando II de 'Medici begon echter het economische verval, dat een dieptepunt bereikte onder Cosimo III de' Medici.
['Net', 'als', 'in', '2014', 'rijdt', 'hij', 'voor', 'ART', 'Grand', 'Prix', '.']	[0, 0, 0, 0, 0, 0, 0, 3, 4, 4, 0]	nl	Net als in 2014 rijdt hij voor ART Grand Prix.
['Het', 'toernooi', 'werd', 'gehouden', 'in', 'België', 'en', 'Nederland', ',', 'en', 'duurde', 'van', '10', 'juni', '2000', 'tot', '2', 'juli', '2000', '.']	[0, 0, 0, 0, 0, 5, 0, 5, 0, 0, 0, 0, 0, 0, 0, 0, 0, 0, 0, 0]	nl	Het toernooi werd gehouden in België en Nederland, en duurde van 10 juni 2000 tot 2 juli 2000.
['Op', '6', 'januari', '2003', 'ging', 'officieel', 'de', 'eerste', 'schop', 'de', 'grond', 'in', 'bij', 'Swalmen', '.']	[0, 0, 0, 0, 0, 0, 0, 0, 0, 0, 0, 0, 0, 5, 0]	nl	Op 6 januari 2003 ging officieel de eerste schop de grond in bij Swalmen.
['Ze', 'is', 'samen', 'met', 'Bruce', 'Springsteen', 'en', 'Barbra', 'Streisand', 'de', 'enige', 'solo-artiest', 'met', 'nummer', '1-studio', 'albums', 'in', 'de', 'Verenigde', 'Staten', 'in', 'vier', 'verschillende', 'decennia', '(', 'jaren', '80', ',', 'jaren', '90', ',', 'jaren', '00', 'en', 'jaren', '10', ')', '.']	[0, 0, 0, 0, 1, 2, 0, 1, 2, 0, 0, 0, 0, 0, 0, 0, 0, 0, 5, 6, 0, 0, 0, 0, 0, 0, 0, 0, 0, 0, 0, 0, 0, 0, 0, 0, 0, 0]	nl	Ze is samen met Bruce Springsteen en Barbra Streisand de enige solo-artiest met nummer 1-studio albums in de Verenigde Staten in vier verschillende decennia (jaren 80, jaren 90, jaren 00 en jaren 10).
['Hij', 'verplaatste', 'het', 'hoofdkantoor', 'van', 'zijn', 'imperium', '(', 'dat', 'toen', 'reeds', 'op', '5', 'continenten', 'actief', 'was', ')', 'naar', 'Boedapest', 'en', 'ging', 'verder', 'met', 'zijn', 'investeringen', 'in', 'nachtclubs', ',', 'restaurants', 'en', 'brouwerijen', '.']	[0, 0, 0, 0, 0, 0, 0, 0, 0, 0, 0, 0, 0, 0, 0, 0, 0, 0, 5, 0, 0, 0, 0, 0, 0, 0, 0, 0, 0, 0, 0, 0]	nl	Hij verplaatste het hoofdkantoor van zijn imperium (dat toen reeds op 5 continenten actief was) naar Boedapest en ging verder met zijn investeringen in nachtclubs, restaurants en brouwerijen.
['Hij', 'reed', 'Parijs-Roubaix', '14', 'keer', 'en', 'moest', 'alleen', 'in', '1980', 'opgeven', '.']	[0, 0, 7, 0, 0, 0, 0, 0, 0, 0, 0, 0]	nl	Hij reed Parijs-Roubaix 14 keer en moest alleen in 1980 opgeven.
"['De', 'serie', 'werd', 'later', 'opgevolgd', 'door', '""', 'Pirates', 'of', 'the', 'Caribbean', ':', 'Legends', 'of', 'the', 'Brethren', 'Court', '""', '.']"	[0, 0, 0, 0, 0, 0, 0, 7, 8, 8, 8, 8, 8, 8, 8, 8, 8, 0, 0]	nl	"De serie werd later opgevolgd door ""Pirates of the Caribbean: Legends of the Brethren Court""."
['In', 'deze', 'tempel', 'heeft', 'de', 'Ark', 'van', 'het', 'Verbond', 'nooit', 'gestaan', ',', 'omdat', 'deze', 'vanaf', 'de', 'periode', 'rond', 'de', 'verwoesting', 'van', 'de', 'tempel', 'van', 'Salomo', 'verdwenen', 'was', '.']	[0, 0, 0, 0, 0, 7, 8, 8, 8, 0, 0, 0, 0, 0, 0, 0, 0, 0, 0, 0, 0, 0, 0, 0, 1, 0, 0, 0]	nl	In deze tempel heeft de Ark van het Verbond nooit gestaan, omdat deze vanaf de periode rond de verwoesting van de tempel van Salomo verdwenen was.
"['Een', 'van', 'deze', 'komedies', ',', '""', 'Marley', '&', 'Me', '""', 'ging', 'de', 'boeken', 'in', 'als', 'meest', 'succesvolle', 'opening', 'van', 'een', 'film', 'tijdens', 'het', 'kerstweekend', '.']"	[0, 0, 0, 0, 0, 0, 7, 8, 8, 0, 0, 0, 0, 0, 0, 0, 0, 0, 0, 0, 0, 0, 0, 0, 0]	nl	"Een van deze komedies, ""Marley & Me"" ging de boeken in als meest succesvolle opening van een film tijdens het kerstweekend."
['Op', '12', 'maart', ',', 'onderweg', 'naar', 'de', 'Falklandeilanden', ',', 'stak', 'er', 'een', 'nog', 'hevigere', 'storm', 'op', '.']	[0, 0, 0, 0, 0, 0, 0, 5, 0, 0, 0, 0, 0, 0, 0, 0, 0]	nl	Op 12 maart, onderweg naar de Falklandeilanden, stak er een nog hevigere storm op.
['In', 'een', 'lichting', 'met', 'onder', 'andere', 'Richard', 'Witschge', ',', 'Dennis', 'Bergkamp', ',', 'Bryan', 'Roy', ',', 'Michel', 'Kreek', ',', 'Ronald', 'de', 'Boer', 'en', 'Frank', 'de', 'Boer', '.']	[0, 0, 0, 0, 0, 0, 1, 2, 0, 1, 2, 0, 1, 2, 0, 1, 2, 0, 1, 2, 2, 0, 1, 2, 2, 0]	nl	In een lichting met onder andere Richard Witschge, Dennis Bergkamp, Bryan Roy, Michel Kreek, Ronald de Boer en Frank de Boer.
['In', 'andere', 'delen', 'van', 'de', 'wereld', 'zijn', 'vlooien', 'een', 'bekende', 'plaag', ',', 'in', 'Zuid-Afrika', 'bijvoorbeeld', 'zijn', 'mensenvlooien', 'heel', 'gewoon', ',', 'vooral', 'onder', 'de', 'arme', 'bevolking', '.']	[0, 0, 0, 0, 0, 0, 0, 0, 0, 0, 0, 0, 0, 5, 0, 0, 0, 0, 0, 0, 0, 0, 0, 0, 0, 0]	nl	In andere delen van de wereld zijn vlooien een bekende plaag, in Zuid-Afrika bijvoorbeeld zijn mensenvlooien heel gewoon, vooral onder de arme bevolking.
['Zijn', 'partij', 'verloor', 'de', 'verkiezingen', 'en', 'ging', 'van', '16,7', '%', 'in', '2006', '(', 'in', 'kartel', 'met', 'Vivant', ')', 'naar', '10,8', '%', 'en', 'verloor', 'daardoor', '2', 'verkozenen', '.']	[0, 0, 0, 0, 0, 0, 0, 0, 0, 0, 0, 0, 0, 0, 0, 0, 3, 0, 0, 0, 0, 0, 0, 0, 0, 0, 0]	nl	Zijn partij verloor de verkiezingen en ging van 16,7% in 2006 (in kartel met Vivant) naar 10,8% en verloor daardoor 2 verkozenen.
['Nederlandse', 'tekenaars', 'zijn', 'Peter', 'Pontiac', ',', 'Joost', 'Swarte', ',', 'Theo', 'van', 'den', 'Boogaard', ',', 'Ever', 'Meulen', '.']	[0, 0, 0, 1, 2, 0, 1, 2, 0, 1, 2, 2, 2, 0, 1, 2, 0]	nl	Nederlandse tekenaars zijn Peter Pontiac, Joost Swarte, Theo van den Boogaard, Ever Meulen.
['Een', 'jaar', 'later', 'bij', 'de', 'wereldkampioenschappen', 'van', '2001', 'in', 'Edmonton', 'werd', 'ze', 'wederom', 'gediskwalificeerd', ',', 'waarop', 'ze', 'overwoog', 'te', 'stoppen', '.']	[0, 0, 0, 0, 0, 0, 0, 0, 0, 5, 0, 0, 0, 0, 0, 0, 0, 0, 0, 0, 0]	nl	Een jaar later bij de wereldkampioenschappen van 2001 in Edmonton werd ze wederom gediskwalificeerd, waarop ze overwoog te stoppen.
['Tijdens', 'de', 'Tweede', 'Wereldoorlog', 'was', 'hij', '1ste', 'luitenant', 'van', 'de', 'Wehrmacht', '.']	[0, 0, 7, 8, 0, 0, 0, 0, 0, 0, 3, 0]	nl	Tijdens de Tweede Wereldoorlog was hij 1ste luitenant van de Wehrmacht.
['In', '1933', 'moet', 'hij', 'door', 'de', 'opkomst', 'van', 'het', 'nationaalsocialisme', 'Berlijn', 'ontvluchten', '.']	[0, 0, 0, 0, 0, 0, 0, 0, 0, 0, 5, 0, 0]	nl	In 1933 moet hij door de opkomst van het nationaalsocialisme Berlijn ontvluchten.
['Hij', 'liep', '13,31', ',', 'waarmee', 'hij', 'als', 'zesde', 'en', 'laatste', 'eindigde', 'van', 'het', 'viertal', 'Amerikaanse', 'finalisten', ',', 'van', 'wie', 'David', 'Oliver', 'in', '13,00', 'ditmaal', 'de', 'snelste', 'bleek', '.']	[0, 0, 0, 0, 0, 0, 0, 0, 0, 0, 0, 0, 0, 0, 7, 0, 0, 0, 0, 1, 2, 0, 0, 0, 0, 0, 0, 0]	nl	Hij liep 13,31, waarmee hij als zesde en laatste eindigde van het viertal Amerikaanse finalisten, van wie David Oliver in 13,00 ditmaal de snelste bleek.
['Inmiddels', 'was', 'hij', 'tevens', 'een', 'vaste', 'keuze', 'in', 'het', 'Engels', 'voetbalelftal', '.']	[0, 0, 0, 0, 0, 0, 0, 0, 0, 3, 4, 0]	nl	Inmiddels was hij tevens een vaste keuze in het Engels voetbalelftal.
['Slechts', 'één', 'keer', 'mocht', 'hij', 'van', 'trainer', 'Hugo', 'Broos', 'opdraven', 'in', 'een', 'wedstrijd', 'op', 'het', 'hoogste', 'niveau', '.']	[0, 0, 0, 0, 0, 0, 0, 1, 2, 0, 0, 0, 0, 0, 0, 0, 0, 0]	nl	Slechts één keer mocht hij van trainer Hugo Broos opdraven in een wedstrijd op het hoogste niveau.
['Eind', '2008', 'raakte', 'bassist', 'Chi', 'Cheng', 'betrokken', 'bij', 'een', 'auto-ongeluk', 'en', 'raakte', 'in', 'coma', '.']	[0, 0, 0, 0, 1, 2, 0, 0, 0, 0, 0, 0, 0, 0, 0]	nl	Eind 2008 raakte bassist Chi Cheng betrokken bij een auto-ongeluk en raakte in coma.
['Kolonel', 'Lansana', 'Conté', 'nam', 'de', 'macht', 'over', '.']	[0, 1, 2, 0, 0, 0, 0, 0]	nl	Kolonel Lansana Conté nam de macht over.
['Het', 'belangrijkste', 'was', 'een', 'ontwerp', 'van', 'Joseph', 'Forgeur', ',', 'Jean', 'Barbanson', ',', 'Joseph-Stanislas', 'Fleussu', 'en', 'Charles', 'Liedts', ',', 'dat', 'meer', 'nadruk', 'legde', 'op', 'provinciale', 'autonomie', 'en', 'democratie', '.']	[0, 0, 0, 0, 0, 0, 1, 2, 0, 1, 2, 0, 1, 2, 0, 1, 2, 0, 0, 0, 0, 0, 0, 0, 0, 0, 0, 0]	nl	Het belangrijkste was een ontwerp van Joseph Forgeur, Jean Barbanson, Joseph-Stanislas Fleussu en Charles Liedts, dat meer nadruk legde op provinciale autonomie en democratie.
['Campings', 'ouders', 'waren', 'ook', 'emigranten', 'uit', 'Nederland', '.']	[0, 0, 0, 0, 0, 0, 5, 0]	nl	Campings ouders waren ook emigranten uit Nederland.
['In', 'het', 'begin', 'van', 'de', '19e', 'eeuw', ',', 'toen', 'de', 'paleontologische', 'wetenschap', 'nog', 'in', 'de', 'kinderschoenen', 'stond', ',', 'werden', 'hier', 'voor', 'het', 'eerst', 'nauwkeurig', 'prehistorische', 'zeereptielen', 'uitgegraven', 'en', 'beschreven', 'door', 'pioniers', 'in', 'de', 'paleontologie', 'als', 'Mary', 'Anning', 'en', 'William', 'Conybeare', '.']	[0, 0, 0, 0, 0, 0, 0, 0, 0, 0, 0, 0, 0, 0, 0, 0, 0, 0, 0, 0, 0, 0, 0, 0, 0, 0, 0, 0, 0, 0, 0, 0, 0, 0, 0, 1, 2, 0, 1, 2, 0]	nl	In het begin van de 19e eeuw, toen de paleontologische wetenschap nog in de kinderschoenen stond, werden hier voor het eerst nauwkeurig prehistorische zeereptielen uitgegraven en beschreven door pioniers in de paleontologie als Mary Anning en William Conybeare.
['Herodotus', 'zegt', 'echter', 'dat', 'de', 'formatie', 'niet', 'gebroken', 'werd', 'bij', 'de', 'aanval', '.']	[1, 0, 0, 0, 0, 0, 0, 0, 0, 0, 0, 0, 0]	nl	Herodotus zegt echter dat de formatie niet gebroken werd bij de aanval.
['Na', 'terugkeer', 'op', 'aarde', 'werd', 'ze', 'benoemd', 'tot', 'commandant', 'van', 'een', 'geheel', 'uit', 'vrouwen', 'bestaande', 'crew', 'voor', 'de', 'volgende', 'missie', 'naar', 'Saljoet', '7', ',', 'welke', 'in', 'het', 'kader', 'stond', 'van', 'Internationale', 'Vrouwendag', '.']	[0, 0, 0, 0, 0, 0, 0, 0, 0, 0, 0, 0, 0, 0, 0, 0, 0, 0, 0, 0, 0, 7, 8, 0, 0, 0, 0, 0, 0, 0, 7, 8, 0]	nl	Na terugkeer op aarde werd ze benoemd tot commandant van een geheel uit vrouwen bestaande crew voor de volgende missie naar Saljoet 7, welke in het kader stond van Internationale Vrouwendag.
['Ethiopië', 'diende', 'namelijk', 'in', 'het', 'tijdperk', 'van', 'dekolonisatie', 'als', 'inspiratiebron', 'voor', 'Afrikaanse', 'koloniën', 'die', 'onafhankelijk', 'wilden', 'worden', ',', 'omdat', 'dit', 'land', ',', 'behoudens', 'een', 'korte', 'periode', 'onder', 'Italiaanse', 'bezetting', ',', 'nooit', 'een', 'kolonie', 'is', 'geweest', '.']	[5, 0, 0, 0, 0, 0, 0, 0, 0, 0, 0, 7, 0, 0, 0, 0, 0, 0, 0, 0, 0, 0, 0, 0, 0, 0, 0, 7, 0, 0, 0, 0, 0, 0, 0, 0]	nl	Ethiopië diende namelijk in het tijdperk van dekolonisatie als inspiratiebron voor Afrikaanse koloniën die onafhankelijk wilden worden, omdat dit land, behoudens een korte periode onder Italiaanse bezetting, nooit een kolonie is geweest.
['De', 'eerste', 'acht', 'schrijvers', 'wezen', 'hem', 'echter', 'af', ',', 'waaronder', 'John', 'Steinbeck', 'en', 'Thornton', 'Wilder', '.']	[0, 0, 0, 0, 0, 0, 0, 0, 0, 0, 1, 2, 0, 1, 2, 0]	nl	De eerste acht schrijvers wezen hem echter af, waaronder John Steinbeck en Thornton Wilder.
['Voor', 'de', 'hoofdrol', 'was', 'Charles', 'Bronson', 'uitverkoren', '.']	[0, 0, 0, 0, 1, 2, 0, 0]	nl	Voor de hoofdrol was Charles Bronson uitverkoren.
"['Zo', 'won', 'ze', 'een', 'Oscar', 'voor', 'haar', 'rol', 'in', '""', 'Come', 'Back', ',', 'Little', 'Sheba', '""', '(', '1952', ')', '.']"	[0, 0, 0, 0, 7, 0, 0, 0, 0, 0, 7, 8, 8, 8, 8, 0, 0, 0, 0, 0]	nl	"Zo won ze een Oscar voor haar rol in ""Come Back, Little Sheba"" (1952)."
['Op', '22', 'mei', '2014', 'nam', 'FC', 'Kopenhagen', 'hem', 'over', 'van', 'FC', 'Utrecht', ',', 'naar', 'verluidt', 'voor', 'een', 'bedrag', 'van', 'ruim', 'twee', 'miljoen', 'euro', '.']	[0, 0, 0, 0, 0, 3, 4, 0, 0, 0, 3, 4, 0, 0, 0, 0, 0, 0, 0, 0, 0, 0, 0, 0]	nl	Op 22 mei 2014 nam FC Kopenhagen hem over van FC Utrecht, naar verluidt voor een bedrag van ruim twee miljoen euro.
['Deze', 'huurde', 'Giuseppe', 'Merosi', 'in', 'om', 'nieuwe', 'modellen', 'te', 'ontwikkelen', 'die', 'daadwerkelijk', 'geschikt', 'zouden', 'zijn', 'voor', 'de', 'Italiaanse', 'markt', '.']	[0, 0, 1, 2, 0, 0, 0, 0, 0, 0, 0, 0, 0, 0, 0, 0, 0, 7, 0, 0]	nl	Deze huurde Giuseppe Merosi in om nieuwe modellen te ontwikkelen die daadwerkelijk geschikt zouden zijn voor de Italiaanse markt.
['Vanuit', 'Khorasan', 'bouwden', 'deze', 'Turkse', 'nomaden', 'in', 'de', 'elfde', 'eeuw', 'het', 'grote', 'Seltsjoekenrijk', 'op', '.']	[0, 5, 0, 0, 7, 0, 0, 0, 0, 0, 0, 0, 5, 0, 0]	nl	Vanuit Khorasan bouwden deze Turkse nomaden in de elfde eeuw het grote Seltsjoekenrijk op.
['Met', 'een', 'oppervlakte', 'van', '3161,3', 'km', '²', 'is', 'het', 'qua', 'omvang', 'de', '60e', 'provincie', 'in', 'Thailand', '.']	[0, 0, 0, 0, 0, 0, 0, 0, 0, 0, 0, 0, 0, 0, 0, 5, 0]	nl	Met een oppervlakte van 3161,3 km ² is het qua omvang de 60e provincie in Thailand.
['De', 'gemeente', 'wordt', 'gekenmerkt', 'door', 'de', 'Hondsrug', 'die', 'de', 'as', 'van', 'de', 'gemeente', 'vormt', '.']	[0, 0, 0, 0, 0, 0, 5, 0, 0, 0, 0, 0, 0, 0, 0]	nl	De gemeente wordt gekenmerkt door de Hondsrug die de as van de gemeente vormt.
['verkocht', 'in', 'Nederland', '60.000', 'exemplaren', '.']	[0, 0, 5, 0, 0, 0]	nl	verkocht in Nederland 60.000 exemplaren.
['Op', 'Celebes', 'is', 'er', 'in', 'januari', 'een', 'drachtig', 'vrouwtje', 'gevangen', '.']	[0, 5, 0, 0, 0, 0, 0, 0, 0, 0, 0]	nl	Op Celebes is er in januari een drachtig vrouwtje gevangen.
['De', 'pilaren', 'bestaan', 'uit', 'glad', 'gepolijst', 'zandsteen', 'en', 'zijn', 'allemaal', 'afkomstig', 'uit', 'Chunar', '.']	[0, 0, 0, 0, 0, 0, 0, 0, 0, 0, 0, 0, 5, 0]	nl	De pilaren bestaan uit glad gepolijst zandsteen en zijn allemaal afkomstig uit Chunar.
['Op', '1', 'januari', '2005', 'werden', 'de', 'gemeenten', 'Groenlo', 'en', 'Lichtenvoorde', 'samengevoegd', '.']	[0, 0, 0, 0, 0, 0, 0, 5, 0, 5, 0, 0]	nl	Op 1 januari 2005 werden de gemeenten Groenlo en Lichtenvoorde samengevoegd.
['Op', 'dat', 'moment', 'wilde', 'hij', 'zelf', 'sc', 'Heerenveen', 'al', 'verlaten', ',', 'maar', 'de', 'club', 'wilde', 'hem', 'aan', 'zijn', 'contract', 'houden', '.']	[0, 0, 0, 0, 0, 0, 3, 4, 0, 0, 0, 0, 0, 0, 0, 0, 0, 0, 0, 0, 0]	nl	Op dat moment wilde hij zelf sc Heerenveen al verlaten, maar de club wilde hem aan zijn contract houden.
['Eind', 'jaren', 'tachtig', 'groeide', 'het', 'in', 'omvang', 'San', 'Francisco', 'voorbij', 'dat', 'in', 'zijn', 'groei', 'beperkt', 'wordt', 'door', 'de', 'ligging', 'op', 'een', 'landtong', '.']	[0, 0, 0, 0, 0, 0, 0, 5, 6, 0, 0, 0, 0, 0, 0, 0, 0, 0, 0, 0, 0, 0, 0]	nl	Eind jaren tachtig groeide het in omvang San Francisco voorbij dat in zijn groei beperkt wordt door de ligging op een landtong.
['Vanaf', 'dan', 'haalde', 'hij', 'onder', 'trainer', 'Ariël', 'Jacobs', 'ook', 'enkele', 'keren', 'de', 'selectie', '.']	[0, 0, 0, 0, 0, 0, 1, 2, 0, 0, 0, 0, 0, 0]	nl	Vanaf dan haalde hij onder trainer Ariël Jacobs ook enkele keren de selectie.
['In', 'het', 'zuiden', 'van', 'Zesgehuchten', 'zijn', 'vondsten', 'gedaan', 'die', 'duiden', 'op', 'kleine', 'nederzettingen', 'uit', 'de', 'nieuwe', 'steentijd', '(', 'ongeveer', '3000', 'voor', 'Christus', ')', '.']	[0, 0, 0, 0, 5, 0, 0, 0, 0, 0, 0, 0, 0, 0, 0, 0, 0, 0, 0, 0, 0, 0, 0, 0]	nl	In het zuiden van Zesgehuchten zijn vondsten gedaan die duiden op kleine nederzettingen uit de nieuwe steentijd (ongeveer 3000 voor Christus).
['De', 'Zveno', 'streefde', 'naar', 'een', 'autoritair', 'geregeerd', 'en', 'corporatieve', 'staat', '.']	[0, 3, 0, 0, 0, 0, 0, 0, 0, 0, 0]	nl	De Zveno streefde naar een autoritair geregeerd en corporatieve staat.
['Hij', 'wilde', 'neutraal', 'blijven', 'tegenover', 'de', 'twee', 'partijen', 'van', 'de', 'Koude', 'Oorlog', ',', 'de', 'westerse', 'wereld', 'en', 'de', 'Sovjet-Unie', ',', 'en', 'zocht', 'samenwerking', 'met', 'andere', 'landen', 'die', 'zich', 'niet', 'aan', 'een', 'der', 'machtsblokken', 'wilden', 'binden', '.']	[0, 0, 0, 0, 0, 0, 0, 0, 0, 0, 7, 8, 0, 0, 0, 0, 0, 0, 5, 0, 0, 0, 0, 0, 0, 0, 0, 0, 0, 0, 0, 0, 0, 0, 0, 0]	nl	Hij wilde neutraal blijven tegenover de twee partijen van de Koude Oorlog, de westerse wereld en de Sovjet-Unie, en zocht samenwerking met andere landen die zich niet aan een der machtsblokken wilden binden.
['De', 'volgende', 'opleiding', 'die', 'in', 'twee', 'talen', 'aangeboden', 'zou', 'worden', 'kwam', 'er', 'pas', 'na', 'de', 'Tweede', 'Wereldoorlog', '.']	[0, 0, 0, 0, 0, 0, 0, 0, 0, 0, 0, 0, 0, 0, 0, 7, 8, 0]	nl	De volgende opleiding die in twee talen aangeboden zou worden kwam er pas na de Tweede Wereldoorlog.
['In', '1911', 'verdween', 'de', '750cc', '-', 'klasse', 'weer', 'en', 'reed', 'men', 'in', 'de', 'Junior', 'TT', 'met', '350cc', '-', 'machines', 'en', 'in', 'de', 'Senior', 'TT', 'met', '500cc', '-', 'machines', ',', 'ongeacht', 'het', 'aantal', 'cilinders', '.']	[0, 0, 0, 0, 0, 0, 0, 0, 0, 0, 0, 0, 0, 7, 8, 0, 0, 0, 0, 0, 0, 0, 7, 8, 0, 0, 0, 0, 0, 0, 0, 0, 0, 0]	nl	In 1911 verdween de 750cc - klasse weer en reed men in de Junior TT met 350cc - machines en in de Senior TT met 500cc - machines, ongeacht het aantal cilinders.
['Het', 'dorp', ',', 'in', 'de', 'regio', 'Zeeuws-Vlaanderen', ',', 'ligt', 'aan', 'het', 'Kanaal', 'Gent-Terneuzen', 'en', 'heeft', 'inwoners', '(', ')', '.']	[0, 0, 0, 0, 0, 0, 5, 0, 0, 0, 0, 5, 6, 0, 0, 0, 0, 0, 0]	nl	Het dorp, in de regio Zeeuws-Vlaanderen, ligt aan het Kanaal Gent-Terneuzen en heeft inwoners ().
['Op', '15', 'november', '1998', 'maakte', 'hij', 'zijn', 'debuut', 'tegen', 'FC', 'Utrecht', '.']	[0, 0, 0, 0, 0, 0, 0, 0, 0, 3, 4, 0]	nl	Op 15 november 1998 maakte hij zijn debuut tegen FC Utrecht.
['Op', '5', 'februari', 'maakte', 'hij', 'daar', 'zijn', 'debuut', ',', 'tijdens', 'een', '2', '-', '2', 'gelijkspel', 'tegen', 'KV', 'Mechelen', '.']	[0, 0, 0, 0, 0, 0, 0, 0, 0, 0, 0, 0, 0, 0, 0, 0, 3, 4, 0]	nl	Op 5 februari maakte hij daar zijn debuut, tijdens een 2 - 2 gelijkspel tegen KV Mechelen.
['De', 'bronzen', 'letters', 'zijn', 'ontworpen', 'door', 'Peter', 'Behrens', '.']	[0, 0, 0, 0, 0, 0, 1, 2, 0]	nl	De bronzen letters zijn ontworpen door Peter Behrens.
"['Ook', 'dronk', 'hij', 'alleen', 'producten', 'van', 'McDonald', ""'s"", '.']"	[0, 0, 0, 0, 0, 0, 3, 4, 0]	nl	Ook dronk hij alleen producten van McDonald 's.
['De', 'wetenschappelijke', 'naam', 'van', 'de', 'soort', 'is', 'voor', 'het', 'eerst', 'geldig', 'gepubliceerd', 'door', 'Carl', 'Linnaeus', 'in', '1763', '.']	[0, 0, 0, 0, 0, 0, 0, 0, 0, 0, 0, 0, 0, 1, 2, 0, 0, 0]	nl	De wetenschappelijke naam van de soort is voor het eerst geldig gepubliceerd door Carl Linnaeus in 1763.
['Hij', 'trad', 'in', 'dat', 'duel', 'na', '72', 'minuten', 'aan', 'als', 'vervanger', 'van', 'aanvaller', 'Wellington', 'Sánchez', '.']	[0, 0, 0, 0, 0, 0, 0, 0, 0, 0, 0, 0, 0, 1, 2, 0]	nl	Hij trad in dat duel na 72 minuten aan als vervanger van aanvaller Wellington Sánchez.
['Bovendien', 'werden', 'delen', 'van', 'het', 'huidige', 'Slovenië', 'bij', 'Noricum', 'gevoegd', '.']	[0, 0, 0, 0, 0, 0, 5, 0, 5, 0, 0]	nl	Bovendien werden delen van het huidige Slovenië bij Noricum gevoegd.
['De', 'KOSPI', 'Index', 'is', 'de', 'belangrijkste', 'aandelenindex', 'van', 'de', 'effectenbeurs', '.']	[0, 3, 4, 0, 0, 0, 0, 0, 0, 0, 0]	nl	De KOSPI Index is de belangrijkste aandelenindex van de effectenbeurs.
['Nieuw-Nederland', 'was', 'toentertijd', 'echter', 'in', 'oorlog', 'met', 'indianenstammen', 'in', 'de', 'Oorlog', 'van', 'Kieft', '.']	[5, 0, 0, 0, 0, 0, 0, 0, 0, 0, 7, 8, 8, 0]	nl	Nieuw-Nederland was toentertijd echter in oorlog met indianenstammen in de Oorlog van Kieft.
['Daarmee', 'wist', 'het', 'duo', 'zich', 'in', 'de', 'kijker', 'te', 'spelen', 'bij', 'grote', 'artiesten', 'als', 'Mariah', 'Carey', 'en', 'Whitney', 'Houston', ',', 'die', 'van', 'hun', 'diensten', 'gebruik', 'maakten', 'voor', 'dansbare', 'tracks', '.']	[0, 0, 0, 0, 0, 0, 0, 0, 0, 0, 0, 0, 0, 0, 1, 2, 0, 1, 2, 0, 0, 0, 0, 0, 0, 0, 0, 0, 0, 0]	nl	Daarmee wist het duo zich in de kijker te spelen bij grote artiesten als Mariah Carey en Whitney Houston, die van hun diensten gebruik maakten voor dansbare tracks.
['Uiteindelijk', 'mondt', 'hij', 'via', 'twee', 'armen', 'uit', 'in', 'de', 'Seine', ',', 'een', 'arm', 'in', 'Viry-Châtillon', 'en', 'de', 'andere', 'in', 'Athis-Mons', '.']	[0, 0, 0, 0, 0, 0, 0, 0, 0, 5, 0, 0, 0, 0, 5, 0, 0, 0, 0, 5, 0]	nl	Uiteindelijk mondt hij via twee armen uit in de Seine, een arm in Viry-Châtillon en de andere in Athis-Mons.
['Hij', 'vertegenwooridgde', 'zijn', 'vaderland', 'op', 'de', 'Olympische', 'Winterspelen', '2014', 'in', 'Sotsji', 'en', 'op', 'de', 'Olympische', 'Winterspelen', '2018', 'in', 'Pyeongchang', '.']	[0, 0, 0, 0, 0, 0, 7, 8, 8, 0, 5, 0, 0, 0, 7, 8, 8, 0, 5, 0]	nl	Hij vertegenwooridgde zijn vaderland op de Olympische Winterspelen 2014 in Sotsji en op de Olympische Winterspelen 2018 in Pyeongchang.
['Dit', 'had', 'ook', 'te', 'maken', 'met', 'de', 'opkomst', 'van', 'de', 'jonge', 'Emiliano', 'Insúa', '.']	[0, 0, 0, 0, 0, 0, 0, 0, 0, 0, 0, 1, 2, 0]	nl	Dit had ook te maken met de opkomst van de jonge Emiliano Insúa.
['De', 'tegenhanger', 'bij', 'de', 'dames', 'is', 'de', 'Fed', 'Cup', '.']	[0, 0, 0, 0, 0, 0, 0, 7, 8, 0]	nl	De tegenhanger bij de dames is de Fed Cup.
"['Naast', 'het', 'zingen', ',', 'verscheen', 'hij', 'ook', 'als', 'acteur', 'in', 'een', 'aantal', 'speelfilms', ',', 'zoals', '""', 'Leaving', 'Las', 'Vegas', '""', ',', '""', 'Blues', 'Brothers', '2000', '""', 'en', '""', 'Baywatch', 'Nights', '""', '.']"	[0, 0, 0, 0, 0, 0, 0, 0, 0, 0, 0, 0, 0, 0, 0, 0, 7, 8, 8, 0, 0, 0, 7, 8, 8, 0, 0, 0, 7, 8, 0, 0]	nl	"Naast het zingen, verscheen hij ook als acteur in een aantal speelfilms, zoals ""Leaving Las Vegas"", ""Blues Brothers 2000"" en ""Baywatch Nights""."
['Hij', 'stroomde', 'in', '2005', 'door', 'vanuit', 'de', 'jeugd', 'van', 'Real', 'Sociedad', '.']	[0, 0, 0, 0, 0, 0, 0, 0, 0, 3, 4, 0]	nl	Hij stroomde in 2005 door vanuit de jeugd van Real Sociedad.
['créa', 'la', 'femme', ',', 'kwam', 'hij', 'naar', 'Hollywood', '.']	[0, 0, 0, 0, 0, 0, 0, 5, 0]	nl	créa la femme, kwam hij naar Hollywood.
['Ook', 'in', 'het', 'in', '1969', 'drooggelegde', 'Lauwersmeer', 'werden', 'enkele', 'broedparen', 'waargenomen', '.']	[0, 0, 0, 0, 0, 0, 5, 0, 0, 0, 0, 0]	nl	Ook in het in 1969 drooggelegde Lauwersmeer werden enkele broedparen waargenomen.
['Op', 'de', 'Olympische', 'Zomerspelen', '2000', 'in', 'Sydney', 'versloeg', 'hij', 'Robert', 'Scheidt', 'en', 'won', 'hij', 'zijn', 'eerste', 'olympische', 'titel', '.']	[0, 0, 7, 8, 8, 0, 5, 0, 0, 1, 2, 0, 0, 0, 0, 0, 0, 0, 0]	nl	Op de Olympische Zomerspelen 2000 in Sydney versloeg hij Robert Scheidt en won hij zijn eerste olympische titel.
['Feyenoord', 'wees', 'dit', 'eerste', 'bod', 'af', '.']	[3, 0, 0, 0, 0, 0, 0]	nl	Feyenoord wees dit eerste bod af.
['Zijn', 'sociale', 'gevoel', 'is', 'waarschijnlijk', 'zo', 'ontwikkeld', 'door', 'zijn', 'tijd', 'in', 'de', 'afgelegen', 'en', 'arme', 'provincie', 'Gansu', '.']	[0, 0, 0, 0, 0, 0, 0, 0, 0, 0, 0, 0, 0, 0, 0, 0, 5, 0]	nl	Zijn sociale gevoel is waarschijnlijk zo ontwikkeld door zijn tijd in de afgelegen en arme provincie Gansu.
['Hij', 'kwam', 'in', 'januari', '2008', 'tot', 'overeenstemming', 'over', 'een', 'vierjarig', 'contract', 'bij', 'Borussia', 'Dortmund', ',', 'dat', 'zes', 'maanden', 'later', 'inging', '.']	[0, 0, 0, 0, 0, 0, 0, 0, 0, 0, 0, 0, 3, 4, 0, 0, 0, 0, 0, 0, 0]	nl	Hij kwam in januari 2008 tot overeenstemming over een vierjarig contract bij Borussia Dortmund, dat zes maanden later inging.
['In', 'de', 'zomer', 'van', '2016', 'tekende', 'hij', 'een', 'contract', 'tot', 'eind', '2018', 'in', 'Japan', 'bij', 'Sagan', 'Tosu', '.']	[0, 0, 0, 0, 0, 0, 0, 0, 0, 0, 0, 0, 0, 5, 0, 3, 4, 0]	nl	In de zomer van 2016 tekende hij een contract tot eind 2018 in Japan bij Sagan Tosu.
"['In', 'Oost-Afrika', 'komt', 'dit', 'hoen', 'voor', 'tot', 'op', '1800', '""', 'm', 'boven', 'de', 'zeespiegel', '.']"	[0, 5, 0, 0, 0, 0, 0, 0, 0, 0, 0, 0, 0, 0, 0]	nl	"In Oost-Afrika komt dit hoen voor tot op 1800 ""m boven de zeespiegel."
['Naast', 'Grand', 'Central', 'Terminal', ',', 'ligt', 'ook', 'Grand', 'Central-42', 'nd', 'Street', 'dichtbij', '.']	[0, 5, 6, 6, 0, 0, 0, 5, 6, 6, 6, 0, 0]	nl	Naast Grand Central Terminal, ligt ook Grand Central-42 nd Street dichtbij.
['Een', 'jaar', 'later', 'noemde', 'Pelé', 'hem', 'als', 'een', 'van', 'de', '125', 'grootste', 'nog', 'levende', 'voetballers', 'ooit', '.']	[0, 0, 0, 0, 1, 0, 0, 0, 0, 0, 0, 0, 0, 0, 0, 0, 0]	nl	Een jaar later noemde Pelé hem als een van de 125 grootste nog levende voetballers ooit.
['De', 'geestelijkheid', 'had', 'ook', 'niet', 'al', 'te', 'veel', 'wereldse', 'invloed', ':', 'de', 'katholieke', 'kerk', 'werd', 'tot', 'op', 'zekere', 'hoogte', 'onderdrukt', 'sinds', 'het', 'uitbreken', 'van', 'de', 'Tachtigjarige', 'Oorlog', ';', 'de', 'jonge', 'protestantse', 'kerk', 'was', 'verdeeld', '.']	[0, 0, 0, 0, 0, 0, 0, 0, 0, 0, 0, 0, 0, 0, 0, 0, 0, 0, 0, 0, 0, 0, 0, 0, 0, 7, 8, 0, 0, 0, 0, 0, 0, 0, 0]	nl	De geestelijkheid had ook niet al te veel wereldse invloed: de katholieke kerk werd tot op zekere hoogte onderdrukt sinds het uitbreken van de Tachtigjarige Oorlog; de jonge protestantse kerk was verdeeld.
['Officieel', 'werd', 'hij', 'door', 'AvtoVAZ', 'als', 'deskundige', 'binnengehaald', 'om', 'een', 'beter', 'managementsysteem', 'voor', 'het', 'bedrijf', 'te', 'ontwikkelen', '.']	[0, 0, 0, 0, 3, 0, 0, 0, 0, 0, 0, 0, 0, 0, 0, 0, 0, 0]	nl	Officieel werd hij door AvtoVAZ als deskundige binnengehaald om een beter managementsysteem voor het bedrijf te ontwikkelen.
['Hij', 'is', 'de', 'oudere', 'broer', 'van', 'Ikechukwu', 'Uche', '.']	[0, 0, 0, 0, 0, 0, 1, 2, 0]	nl	Hij is de oudere broer van Ikechukwu Uche.
['De', 'Sovjet-Unie', 'gold', 'als', 'de', 'grote', 'overwinnaar', 'van', 'de', 'Tweede', 'Wereldoorlog', ',', 'maar', 'had', 'immense', 'verliezen', 'geleden', '.']	[0, 5, 0, 0, 0, 0, 0, 0, 0, 7, 8, 0, 0, 0, 0, 0, 0, 0]	nl	De Sovjet-Unie gold als de grote overwinnaar van de Tweede Wereldoorlog, maar had immense verliezen geleden.
['Na', 'het', 'behalen', 'van', 'het', 'diploma', 'gymnasium', 'A', 'in', '1987', 'studeerde', 'hij', 'achtereenvolgens', 'economie', '(', 'doctoraalexamen', '1991', ')', 'en', 'Nederlands', 'recht', '(', 'doctoraalexamen', 'in', '1994', ')', 'aan', 'de', 'Universiteit', 'van', 'Amsterdam', '.']	[0, 0, 0, 0, 0, 0, 0, 0, 0, 0, 0, 0, 0, 0, 0, 0, 0, 0, 0, 7, 0, 0, 0, 0, 0, 0, 0, 0, 5, 6, 6, 0]	nl	Na het behalen van het diploma gymnasium A in 1987 studeerde hij achtereenvolgens economie (doctoraalexamen 1991) en Nederlands recht (doctoraalexamen in 1994) aan de Universiteit van Amsterdam.
['De', 'regel', 'vind', 'zijn', 'oorsprong', 'in', 'Noord-Brabant', '.']	[0, 0, 0, 0, 0, 0, 5, 0]	nl	De regel vind zijn oorsprong in Noord-Brabant.
"['Een', 'bekende', 'soort', 'is', 'de', 'Europese', 'meerval', '(', '""', 'Silurus', 'glanis', '""', ')', ',', 'die', 'in', 'Nederland', 'en', 'België', 'zeldzaam', 'is', 'maar', 'niet', 'meer', 'op', 'de', 'rode', 'lijst', 'staat', '.']"	[0, 0, 0, 0, 0, 0, 0, 0, 0, 0, 0, 0, 0, 0, 0, 0, 5, 0, 5, 0, 0, 0, 0, 0, 0, 0, 0, 0, 0, 0]	nl	"Een bekende soort is de Europese meerval (""Silurus glanis""), die in Nederland en België zeldzaam is maar niet meer op de rode lijst staat."
['Tijdens', 'het', 'seizoen', 'stond', 'hij', 'tweemaal', 'op', 'het', 'podium', 'op', 'het', 'Autódromo', 'Oscar', 'Alfredo', 'Gálvez', '.']	[0, 0, 0, 0, 0, 0, 0, 0, 0, 0, 0, 5, 6, 6, 6, 0]	nl	Tijdens het seizoen stond hij tweemaal op het podium op het Autódromo Oscar Alfredo Gálvez.
['Tijdens', 'de', 'race', 'van', '1969', 'vertrok', 'hij', 'vanaf', 'de', 'tweede', 'startplaats', ',', 'reed', 'hij', '116', 'ronden', 'aan', 'de', 'leiding', 'en', 'finishte', 'hij', 'op', 'de', 'eerste', 'plaats', 'voor', 'Dan', 'Gurney', 'en', 'Bobby', 'Unser', '.']	[0, 0, 0, 0, 0, 0, 0, 0, 0, 0, 0, 0, 0, 0, 0, 0, 0, 0, 0, 0, 0, 0, 0, 0, 0, 0, 0, 1, 2, 0, 1, 2, 0]	nl	Tijdens de race van 1969 vertrok hij vanaf de tweede startplaats, reed hij 116 ronden aan de leiding en finishte hij op de eerste plaats voor Dan Gurney en Bobby Unser.
['Na', '2007', 'werd', 'het', 'rustiger', 'in', 'Irak', ',', 'maar', 'aanslagen', 'bleven', 'plaatsvinden', '.']	[0, 0, 0, 0, 0, 0, 5, 0, 0, 0, 0, 0, 0]	nl	Na 2007 werd het rustiger in Irak, maar aanslagen bleven plaatsvinden.
['In', 'de', 'jaren', 'twintig', 'wekte', 'een', 'nieuwe', 'annexatiedreiging', 'door', 'Den', 'Haag', 'veel', 'beroering', '.']	[0, 0, 0, 0, 0, 0, 0, 0, 0, 5, 6, 0, 0, 0]	nl	In de jaren twintig wekte een nieuwe annexatiedreiging door Den Haag veel beroering.
['Door', 'de', 'verbreding', 'werd', 'naast', 'de', 'bestaande', 'Hollandse', 'Brug', 'een', 'nieuwe', 'tweede', 'brug', 'gebouwd', '.']	[0, 0, 0, 0, 0, 0, 0, 5, 6, 0, 0, 0, 0, 0, 0]	nl	Door de verbreding werd naast de bestaande Hollandse Brug een nieuwe tweede brug gebouwd.
['Wegens', 'bloedverwantschap', 'werd', 'het', 'huwelijk', 'in', '1175', 'door', 'Paus', 'Alexander', 'III', 'ontbonden', '.']	[0, 0, 0, 0, 0, 0, 0, 0, 1, 2, 2, 0, 0]	nl	Wegens bloedverwantschap werd het huwelijk in 1175 door Paus Alexander III ontbonden.
['De', 'verhalen', 'doken', 'voor', 'het', 'eerst', 'op', 'in', 'de', 'buurt', 'van', 'Auvergne', '.']	[0, 0, 0, 0, 0, 0, 0, 0, 0, 0, 0, 5, 0]	nl	De verhalen doken voor het eerst op in de buurt van Auvergne.
['Hij', 'verruilde', 'KRC', 'Genk', 'in', 'juli', '2018', 'voor', 'UC', 'Sampdoria', '.']	[0, 0, 3, 4, 0, 0, 0, 0, 3, 4, 0]	nl	Hij verruilde KRC Genk in juli 2018 voor UC Sampdoria.
['Ook', 'tijdens', 'de', 'Tachtigjarige', 'Oorlog', ',', 'vooral', 'in', '1581', ',', 'liepen', 'de', 'kerkgebouwen', 'grote', 'schade', 'op', '.']	[0, 0, 0, 7, 8, 0, 0, 0, 0, 0, 0, 0, 0, 0, 0, 0, 0]	nl	Ook tijdens de Tachtigjarige Oorlog, vooral in 1581, liepen de kerkgebouwen grote schade op.
"['Veel', 'voorkomende', 'thema', ""'s"", 'zijn', ""'"", 'opkomen', 'voor', 'je', 'mening', ""'"", ',', ""'"", 'de', 'democratie', ""'"", 'en', ""'"", 'men', 'moet', 'zijn', 'geschiedenis', 'kennen', ""'"", 'zoals', 'bij', 'Jan', 'Terlouw', 'en', 'Thea', 'Beckman', '.']"	[0, 0, 0, 0, 0, 0, 0, 0, 0, 0, 0, 0, 0, 0, 0, 0, 0, 0, 0, 0, 0, 0, 0, 0, 0, 0, 1, 2, 0, 1, 2, 0]	nl	Veel voorkomende thema 's zijn 'opkomen voor je mening', 'de democratie' en 'men moet zijn geschiedenis kennen' zoals bij Jan Terlouw en Thea Beckman.
['Door', 'Johan', 'Cruijff', 'werd', 'hij', 'in', '2011', 'naar', 'voren', 'geschoven', 'als', 'beoogd', 'voorzitter', 'van', 'AFC', 'Ajax', '.']	[0, 1, 2, 0, 0, 0, 0, 0, 0, 0, 0, 0, 0, 0, 3, 4, 0]	nl	Door Johan Cruijff werd hij in 2011 naar voren geschoven als beoogd voorzitter van AFC Ajax.
['Zij', 'vormen', 'een', 'verbinding', 'tussen', 'het', 'noorden', 'en', 'zuiden', 'van', 'Parijs', '.']	[0, 0, 0, 0, 0, 0, 0, 0, 0, 0, 5, 0]	nl	Zij vormen een verbinding tussen het noorden en zuiden van Parijs.
['Na', 'zijn', 'studie', 'werd', 'hij', 'advocaat', 'in', 'Haarlem', '.']	[0, 0, 0, 0, 0, 0, 0, 5, 0]	nl	Na zijn studie werd hij advocaat in Haarlem.
['Deze', 'werd', 'later', 'voltooid', 'door', 'Lodewijk', 'van', 'Velthem', ',', 'die', 'er', 'vervolgens', 'nog', 'een', 'vijfde', 'en', 'laatste', 'partie', 'aan', 'toevoegde', '.']	[0, 0, 0, 0, 0, 1, 2, 2, 0, 0, 0, 0, 0, 0, 0, 0, 0, 0, 0, 0, 0]	nl	Deze werd later voltooid door Lodewijk van Velthem, die er vervolgens nog een vijfde en laatste partie aan toevoegde.
['Het', 'is', 'verboden', 'om', 'Israëlieten', 'voor', 'altijd', 'in', 'slavernij', 'te', 'houden', '(', 'Exodus', '21:2', ')', ',', 'de', 'verkoop', 'van', 'dochters', 'als', 'slavinnen', 'wordt', 'gereguleerd', '(', 'Exodus', '21:7', '-', '11', ')', 'en', 'het', 'roven', 'van', 'Israëlieten', 'om', 'hen', 'als', 'slaaf', 'te', 'verkopen', 'met', 'de', 'dood', 'bestraft', '(', 'Deuteronomium', '24', ':', '7', ')', '.']	[0, 0, 0, 0, 7, 0, 0, 0, 0, 0, 0, 0, 7, 0, 0, 0, 0, 0, 0, 0, 0, 0, 0, 0, 0, 7, 0, 0, 0, 0, 0, 0, 0, 0, 7, 0, 0, 0, 0, 0, 0, 0, 0, 0, 0, 0, 7, 0, 0, 0, 0, 0]	nl	Het is verboden om Israëlieten voor altijd in slavernij te houden (Exodus 21:2), de verkoop van dochters als slavinnen wordt gereguleerd (Exodus 21:7 - 11) en het roven van Israëlieten om hen als slaaf te verkopen met de dood bestraft (Deuteronomium 24: 7).
['Op', 'de', 'derde', 'dag', 'werd', 'Vostok', '6', 'gelanceerd', 'en', 'beide', 'ruimtevaartuigen', 'naderden', 'elkaar', 'tot', 'op', '5', 'kilometer', '.']	[0, 0, 0, 0, 0, 7, 8, 0, 0, 0, 0, 0, 0, 0, 0, 0, 0, 0]	nl	Op de derde dag werd Vostok 6 gelanceerd en beide ruimtevaartuigen naderden elkaar tot op 5 kilometer.
['Landinwaarts', 'komt', 'de', 'hagedis', 'voor', 'tot', 'in', 'de', 'stad', 'Matjiesfontein', '.']	[0, 0, 0, 0, 0, 0, 0, 0, 0, 5, 0]	nl	Landinwaarts komt de hagedis voor tot in de stad Matjiesfontein.
['Vier', 'jaar', 'later', ',', 'in', '1952', ',', 'stelde', 'de', 'voormalig', 'gouverneur', 'zich', 'wederom', 'verkiesbaar', ',', 'maar', 'won', 'nu', 'alleen', 'in', 'zijn', 'thuisstaat', 'Minnesota', '.']	[0, 0, 0, 0, 0, 0, 0, 0, 0, 0, 0, 0, 0, 0, 0, 0, 0, 0, 0, 0, 0, 0, 5, 0]	nl	Vier jaar later, in 1952, stelde de voormalig gouverneur zich wederom verkiesbaar, maar won nu alleen in zijn thuisstaat Minnesota.
['Hierdoor', 'was', 'Helmond', 'Sport', 'doorgedrongen', 'tot', 'de', 'tweede', 'ronde', 'van', 'de', 'play-offs', '.']	[0, 0, 3, 4, 0, 0, 0, 0, 0, 0, 0, 0, 0]	nl	Hierdoor was Helmond Sport doorgedrongen tot de tweede ronde van de play-offs.
"['Land', 'dat', 'is', 'uitgegeven', 'door', 'Linden', 'Lab', 'als', '""', 'mainland', '""', 'is', 'ofwel', 'te', 'koop', ',', 'ofwel', ""'"", 'onderhoudsland', ""'"", 'van', 'Linden', 'Lab', '.']"	[0, 0, 0, 0, 0, 3, 4, 0, 0, 0, 0, 0, 0, 0, 0, 0, 0, 0, 0, 0, 0, 3, 4, 0]	nl	"Land dat is uitgegeven door Linden Lab als ""mainland"" is ofwel te koop, ofwel 'onderhoudsland' van Linden Lab."
['In', 'Pakistan', 'is', 'de', 'gekko', 'in', 'een', 'groot', 'deel', 'van', 'het', 'land', 'te', 'vinden', '.']	[0, 5, 0, 0, 0, 0, 0, 0, 0, 0, 0, 0, 0, 0, 0]	nl	In Pakistan is de gekko in een groot deel van het land te vinden.
['De', 'soort', 'komt', 'alleen', 'voor', 'op', 'Kreta', '.']	[0, 0, 0, 0, 0, 0, 5, 0]	nl	De soort komt alleen voor op Kreta.
['Zijn', 'titelkerk', 'werd', 'de', 'San', 'Patrizio', '.']	[0, 0, 0, 0, 5, 6, 0]	nl	Zijn titelkerk werd de San Patrizio.
['De', 'volledigste', 'catalogus', 'is', 'die', 'van', 'Peter', 'Ryom', ',', 'genaamd', 'de', 'Ryom-Verzeichnis', ',', 'gepubliceerd', 'in', '1973', '.']	[0, 0, 0, 0, 0, 0, 1, 2, 0, 0, 0, 7, 0, 0, 0, 0, 0]	nl	De volledigste catalogus is die van Peter Ryom, genaamd de Ryom-Verzeichnis, gepubliceerd in 1973.
['Door', 'gezinshereniging', 'en', 'gezinsvorming', 'ontstonden', 'na', '1975', 'grote', 'moslimgemeenschappen', 'in', 'West-Europa', '.']	[0, 0, 0, 0, 0, 0, 0, 0, 0, 0, 5, 0]	nl	Door gezinshereniging en gezinsvorming ontstonden na 1975 grote moslimgemeenschappen in West-Europa.
['Daarop', 'kwam', 'het', 'tot', 'ernstige', 'ongeregeldheden', 'met', 'Franse', 'kolonisten', 'in', 'Algerije', 'die', 'zich', 'tegen', 'de', 'onafhankelijkheid', 'verzetten', '.']	[0, 0, 0, 0, 0, 0, 0, 7, 0, 0, 5, 0, 0, 0, 0, 0, 0, 0]	nl	Daarop kwam het tot ernstige ongeregeldheden met Franse kolonisten in Algerije die zich tegen de onafhankelijkheid verzetten.
['De', 'wetenschappelijke', 'naam', 'van', 'deze', 'soort', 'is', 'voor', 'het', 'eerst', 'geldig', 'gepubliceerd', 'in', '1893', 'door', 'Paul', 'Mabille', '.']	[0, 0, 0, 0, 0, 0, 0, 0, 0, 0, 0, 0, 0, 0, 0, 1, 2, 0]	nl	De wetenschappelijke naam van deze soort is voor het eerst geldig gepubliceerd in 1893 door Paul Mabille.
['Daarnaast', 'is', 'de', 'soort', 'ook', 'in', 'Korea', 'en', 'Mongolië', 'aangetroffen', '.']	[0, 0, 0, 0, 0, 0, 5, 0, 5, 0, 0]	nl	Daarnaast is de soort ook in Korea en Mongolië aangetroffen.
['De', 'club', 'stond', 'op', 'dat', 'moment', 'tweede', 'achter', 'FC', 'Dordrecht', ',', 'met', 'een', 'achterstand', 'van', 'acht', 'punten', '.']	[0, 0, 0, 0, 0, 0, 0, 0, 3, 4, 0, 0, 0, 0, 0, 0, 0, 0]	nl	De club stond op dat moment tweede achter FC Dordrecht, met een achterstand van acht punten.
['Op', 'het', 'terrein', 'staat', 'het', 'Nationaal', 'Monument', 'Westerbork', 'op', 'de', 'plek', 'waar', 'de', 'spoorbaan', 'eindigde', '.']	[0, 0, 0, 0, 0, 5, 6, 6, 0, 0, 0, 0, 0, 0, 0, 0]	nl	Op het terrein staat het Nationaal Monument Westerbork op de plek waar de spoorbaan eindigde.
['Hij', 'begon', 'voortvarend', 'bij', 'de', 'club', 'en', 'was', 'onder', 'coach', 'Armin', 'Veh', 'elke', 'wedstrijd', 'verzekerd', 'van', 'een', 'basisplaats', '.']	[0, 0, 0, 0, 0, 0, 0, 0, 0, 0, 1, 2, 0, 0, 0, 0, 0, 0, 0]	nl	Hij begon voortvarend bij de club en was onder coach Armin Veh elke wedstrijd verzekerd van een basisplaats.
['Een', 'jaar', 'later', 'veroverde', 'hij', 'met', 'KRC', 'Genk', 'opnieuw', 'de', 'titel', '.']	[0, 0, 0, 0, 0, 0, 3, 4, 0, 0, 0, 0]	nl	Een jaar later veroverde hij met KRC Genk opnieuw de titel.
['Tijdens', 'de', 'Falklandoorlog', 'in', 'de', 'jaren', '80', 'werd', 'het', 'gevechtstuig', 'ingezet', '.']	[0, 0, 7, 0, 0, 0, 0, 0, 0, 0, 0, 0]	nl	Tijdens de Falklandoorlog in de jaren 80 werd het gevechtstuig ingezet.
['In', 'de', 'competitie', 'draaide', 'FC', 'Groningen', 'solide', 'mee', 'in', 'de', 'middenmoot', ',', 'met', 'een', 'achtste', 'positie', 'als', 'resultaat', '.']	[0, 0, 0, 0, 3, 4, 0, 0, 0, 0, 0, 0, 0, 0, 0, 0, 0, 0, 0]	nl	In de competitie draaide FC Groningen solide mee in de middenmoot, met een achtste positie als resultaat.
['Daarna', 'keerde', 'hij', 'terug', 'naar', 'Gent', ',', 'waar', 'hij', 'onder', 'Trond', 'Sollied', 'in', 'het', 'seizoen', '1999', '/', '00', 'tien', 'keer', 'speelde', '.']	[0, 0, 0, 0, 0, 5, 0, 0, 0, 0, 1, 2, 0, 0, 0, 0, 0, 0, 0, 0, 0, 0]	nl	Daarna keerde hij terug naar Gent, waar hij onder Trond Sollied in het seizoen 1999 / 00 tien keer speelde.
['In', '2007', 'werd', 'het', 'lidmaatschap', 'van', 'Pakistan', 'tijdelijk', 'opgeheven', 'nadat', 'Pervez', 'Musharraf', 'ondanks', 'internationale', 'druk', 'weigerde', 'de', 'noodtoestand', 'in', 'te', 'trekken', 'die', 'hij', 'afkondigde', 'om', 'tot', 'president', 'herkozen', 'te', 'worden', '.']	[0, 0, 0, 0, 0, 0, 5, 0, 0, 0, 1, 2, 0, 0, 0, 0, 0, 0, 0, 0, 0, 0, 0, 0, 0, 0, 0, 0, 0, 0, 0]	nl	In 2007 werd het lidmaatschap van Pakistan tijdelijk opgeheven nadat Pervez Musharraf ondanks internationale druk weigerde de noodtoestand in te trekken die hij afkondigde om tot president herkozen te worden.
['Al', 'deze', 'hoge', 'pieken', 'liggen', 'in', 'het', 'zuidoostelijke', 'grensgebied', 'met', 'Lesotho', '.']	[0, 0, 0, 0, 0, 0, 0, 0, 0, 0, 5, 0]	nl	Al deze hoge pieken liggen in het zuidoostelijke grensgebied met Lesotho.
['Het', 'toernooi', 'vond', 'plaats', 'in', 'Daugavpils', 'op', '18', 'en', '19', 'juli', '.']	[0, 0, 0, 0, 0, 5, 0, 0, 0, 0, 0, 0]	nl	Het toernooi vond plaats in Daugavpils op 18 en 19 juli.
['Op', '17', 'april', '2010', 'debuteerde', 'hij', 'in', 'de', 'Ligue', '1', 'tegen', 'Stade', 'Rennais', '.']	[0, 0, 0, 0, 0, 0, 0, 0, 7, 8, 0, 3, 4, 0]	nl	Op 17 april 2010 debuteerde hij in de Ligue 1 tegen Stade Rennais.
['Marius', 'Petipa', 'stelde', 'eisen', 'rond', 'het', 'tempo', 'van', 'de', 'muziek', 'en', 'het', 'aantal', 'maten', 'van', 'de', 'passages', '.']	[1, 2, 0, 0, 0, 0, 0, 0, 0, 0, 0, 0, 0, 0, 0, 0, 0, 0]	nl	Marius Petipa stelde eisen rond het tempo van de muziek en het aantal maten van de passages.
['Zijn', 'komst', 'ging', 'ten', 'koste', 'van', 'Patrick', 'Lodewijks', ',', 'wiens', 'contract', 'niet', 'werd', 'verlengd', 'en', 'die', 'hierop', 'naar', 'Feyenoord', 'toog', '.']	[0, 0, 0, 0, 0, 0, 1, 2, 0, 0, 0, 0, 0, 0, 0, 0, 0, 0, 3, 0, 0]	nl	Zijn komst ging ten koste van Patrick Lodewijks, wiens contract niet werd verlengd en die hierop naar Feyenoord toog.
['De', 'grootste', 'groep', 'mensen', 'met', 'een', 'migratieachtergrond', 'zijn', 'in', 'Nederland', 'van', 'Nederlands-Indische', 'afkomst', ',', 'met', '15', '%', 'en', 'de', 'Duitse', 'migranten', 'komen', 'op', 'plaats', 'twee', 'met', '14', '%', '.']	[0, 0, 0, 0, 0, 0, 0, 0, 0, 5, 0, 7, 0, 0, 0, 0, 0, 0, 0, 7, 0, 0, 0, 0, 0, 0, 0, 0, 0]	nl	De grootste groep mensen met een migratieachtergrond zijn in Nederland van Nederlands-Indische afkomst, met 15% en de Duitse migranten komen op plaats twee met 14%.
['De', 'groep', 'werd', 'voor', 'het', 'eerst', 'wetenschappelijk', 'beschreven', 'door', 'Robert', 'Friedrich', 'Wilhelm', 'Mertens', 'in', '1939', '.']	[0, 0, 0, 0, 0, 0, 0, 0, 0, 1, 2, 2, 2, 0, 0, 0]	nl	De groep werd voor het eerst wetenschappelijk beschreven door Robert Friedrich Wilhelm Mertens in 1939.
['Hiervan', 'zijn', 'er', 'ongeveer', '20', 'buitenlands', 'waarvan', 'de', 'meeste', 'afkomstig', 'uit', 'de', 'Volksrepubliek', 'China', '.']	[0, 0, 0, 0, 0, 0, 0, 0, 0, 0, 0, 0, 5, 6, 0]	nl	Hiervan zijn er ongeveer 20 buitenlands waarvan de meeste afkomstig uit de Volksrepubliek China.
['Hij', 'speelde', 'hierna', 'nog', 'vier', 'seizoenen', 'bij', 'FC', 'Groningen', ',', 'waar', 'hij', 'in', '1998', 'op', '36-jarige', 'leeftijd', 'zijn', 'carrière', 'beëindigde', '.']	[0, 0, 0, 0, 0, 0, 0, 3, 4, 0, 0, 0, 0, 0, 0, 0, 0, 0, 0, 0, 0]	nl	Hij speelde hierna nog vier seizoenen bij FC Groningen, waar hij in 1998 op 36-jarige leeftijd zijn carrière beëindigde.
['De', 'Middelzee', 'was', 'toen', 'al', 'dichtgeslibd', 'en', 'had', 'haar', 'waterafvoerende', 'functie', 'verloren', '.']	[0, 5, 0, 0, 0, 0, 0, 0, 0, 0, 0, 0, 0]	nl	De Middelzee was toen al dichtgeslibd en had haar waterafvoerende functie verloren.
"['""', 'Honkbal', '""', 'stond', 'voor', 'de', 'zevende', 'maal', 'op', 'het', 'programma', 'tijdens', 'de', '""', 'Olympische', 'Zomerspelen', '1988', '""', 'in', 'Seoel', '.']"	[0, 7, 0, 0, 0, 0, 0, 0, 0, 0, 0, 0, 0, 0, 7, 8, 8, 0, 0, 5, 0]	nl	"""Honkbal"" stond voor de zevende maal op het programma tijdens de ""Olympische Zomerspelen 1988"" in Seoel."
['Hij', 'sloot', 'zijn', 'carrière', 'in', '2009', 'af', 'bij', 'Enosis', 'Neon', 'Paralimni', '.']	[0, 0, 0, 0, 0, 0, 0, 0, 3, 4, 4, 0]	nl	Hij sloot zijn carrière in 2009 af bij Enosis Neon Paralimni.
['De', 'eilandengroep', 'wordt', 'geclaimd', 'door', 'Argentinië', '.']	[0, 0, 0, 0, 0, 5, 0]	nl	De eilandengroep wordt geclaimd door Argentinië.
['In', 'de', 'Filipijnen', 'wilde', 'hij', 'zijn', 'politieke', 'machtsbasis', 'vergroten', 'om', 'zo', 'invloed', 'uit', 'te', 'kunnen', 'oefenen', 'op', 'de', 'komende', 'gebeurtenissen', '.']	[0, 0, 5, 0, 0, 0, 0, 0, 0, 0, 0, 0, 0, 0, 0, 0, 0, 0, 0, 0, 0]	nl	In de Filipijnen wilde hij zijn politieke machtsbasis vergroten om zo invloed uit te kunnen oefenen op de komende gebeurtenissen.
['Deze', 'beheert', 'de', 'plaatselijke', 'natuurijsbaan', ',', 'heeft', 'een', 'trainingsgroep', 'op', 'de', 'kunstijsbaan', 'in', 'Enschede', 'en', 'doet', 'aan', 'fietsen', '(', 'toerwielrennen', 'in', 'groepsverband', ')', '.']	[0, 0, 0, 0, 0, 0, 0, 0, 0, 0, 0, 0, 0, 5, 0, 0, 0, 0, 0, 0, 0, 0, 0, 0]	nl	Deze beheert de plaatselijke natuurijsbaan, heeft een trainingsgroep op de kunstijsbaan in Enschede en doet aan fietsen (toerwielrennen in groepsverband).
['Michael', 'J.', 'Fox', 'en', 'de', 'andere', 'acteurs', 'die', 'wel', 'terugkeerden', ',', 'moesten', 'vaak', 'speciale', 'make-up', 'op', 'om', 'te', 'verhullen', 'dat', 'ze', 'zichtbaar', 'waren', 'verouderd', 'sinds', 'de', 'vorige', 'film', '.']	[1, 2, 2, 0, 0, 0, 0, 0, 0, 0, 0, 0, 0, 0, 0, 0, 0, 0, 0, 0, 0, 0, 0, 0, 0, 0, 0, 0, 0]	nl	Michael J. Fox en de andere acteurs die wel terugkeerden, moesten vaak speciale make-up op om te verhullen dat ze zichtbaar waren verouderd sinds de vorige film.
['Tezelfdertijd', 'raakte', 'hij', 'bevriend', 'met', 'Bertolt', 'Brecht', ',', 'die', 'zich', 'omstreeks', 'dezelfde', 'tijd', 'eveneens', 'tot', 'het', 'Marxisme', 'had', 'bekeerd', '.']	[0, 0, 0, 0, 0, 1, 2, 0, 0, 0, 0, 0, 0, 0, 0, 0, 7, 0, 0, 0]	nl	Tezelfdertijd raakte hij bevriend met Bertolt Brecht, die zich omstreeks dezelfde tijd eveneens tot het Marxisme had bekeerd.
"['In', '2009', 'werd', ""zo'n"", '66', '%', 'van', 'alle', 'energie', 'geothermisch', 'opgewekt', '(', 'zie', 'bijvoorbeeld', 'Nesjavellir', ')', ',', '19', '%', 'wordt', 'opgewekt', 'door', 'waterkracht', 'en', 'de', 'overige', 'energie', 'wordt', 'geproduceerd', 'met', 'ingevoerde', 'fossiele', 'brandstoffen', ',', 'zoals', 'aardolie', 'en', 'in', 'mindere', 'mate', 'steenkool', '.']"	[0, 0, 0, 0, 0, 0, 0, 0, 0, 0, 0, 0, 0, 0, 5, 0, 0, 0, 0, 0, 0, 0, 0, 0, 0, 0, 0, 0, 0, 0, 0, 0, 0, 0, 0, 0, 0, 0, 0, 0, 0, 0]	nl	In 2009 werd zo'n 66% van alle energie geothermisch opgewekt (zie bijvoorbeeld Nesjavellir), 19% wordt opgewekt door waterkracht en de overige energie wordt geproduceerd met ingevoerde fossiele brandstoffen, zoals aardolie en in mindere mate steenkool.
['De', 'hoop', 'is', 'dat', 'deze', 'net', 'als', 'langs', 'de', 'Donau', 'zich', 'in', 'de', 'ooibossen', 'zal', 'vestigen', '.']	[0, 0, 0, 0, 0, 0, 0, 0, 0, 5, 0, 0, 0, 0, 0, 0, 0]	nl	De hoop is dat deze net als langs de Donau zich in de ooibossen zal vestigen.
['Colombia', 'besloot', 'daarop', 'eveneens', 'om', 'het', 'leger', 'aan', 'de', 'grens', 'te', 'versterken', '.']	[5, 0, 0, 0, 0, 0, 0, 0, 0, 0, 0, 0, 0]	nl	Colombia besloot daarop eveneens om het leger aan de grens te versterken.
['De', 'Verenigde', 'Staten', 'bombardeerden', 'het', 'platteland', '.']	[0, 5, 6, 0, 0, 0, 0]	nl	De Verenigde Staten bombardeerden het platteland.
['In', '1970', 'keerde', 'hij', 'terug', 'naar', 'Vietnam', '.']	[0, 0, 0, 0, 0, 0, 5, 0]	nl	In 1970 keerde hij terug naar Vietnam.
['Daarna', 'werd', 'het', 'op', '19', 'juni', 'uitgebracht', 'in', 'de', 'Verenigde', 'Staten', '.']	[0, 0, 0, 0, 0, 0, 0, 0, 0, 5, 6, 0]	nl	Daarna werd het op 19 juni uitgebracht in de Verenigde Staten.
['Hij', 'werd', 'geboren', 'in', 'Oostende', ',', 'waar', 'zijn', 'vader', 'van', '1992', 'tot', '1996', 'voor', 'KV', 'Oostende', 'voetbalde', '.']	[0, 0, 0, 0, 5, 0, 0, 0, 0, 0, 0, 0, 0, 0, 3, 4, 0, 0]	nl	Hij werd geboren in Oostende, waar zijn vader van 1992 tot 1996 voor KV Oostende voetbalde.
"['Hij', 'was', 'de', 'broer', 'van', 'de', 'beeldhouwers', 'Begga', ""D'Haese"", 'en', 'Roel', ""D'Haese"", '.']"	[0, 0, 0, 0, 0, 0, 0, 1, 2, 0, 1, 2, 0]	nl	Hij was de broer van de beeldhouwers Begga D'Haese en Roel D'Haese.
"['Deze', 'drie', 'stroken', 'zijn', 'samen', '5,2', '""', 'km', 'lang', 'en', 'worden', 'ingepast', 'tussen', 'de', 'eerste', 'en', 'tweede', 'beklimming', 'van', 'de', 'Kemmelberg', '.']"	[0, 0, 0, 0, 0, 0, 0, 0, 0, 0, 0, 0, 0, 0, 0, 0, 0, 0, 0, 0, 5, 0]	nl	"Deze drie stroken zijn samen 5,2 ""km lang en worden ingepast tussen de eerste en tweede beklimming van de Kemmelberg."
"['Een', 'vervolgserie', 'getiteld', '""', 'Atom', 'Man', 'vs.', 'Superman', '""', 'verscheen', 'in', '1950', '.']"	[0, 0, 0, 0, 7, 8, 8, 8, 0, 0, 0, 0, 0]	nl	"Een vervolgserie getiteld ""Atom Man vs. Superman"" verscheen in 1950."
['Dit', 'komt', 'door', 'het', 'gebrek', 'aan', 'infrastructuur', ',', 'de', 'geïsoleerde', 'ligging', 'van', 'Tuvalu', 'en', 'de', 'hoge', 'prijs', 'van', 'de', 'vluchten', 'die', 'daarmee', 'gepaard', 'gaat', '.']	[0, 0, 0, 0, 0, 0, 0, 0, 0, 0, 0, 0, 5, 0, 0, 0, 0, 0, 0, 0, 0, 0, 0, 0, 0]	nl	Dit komt door het gebrek aan infrastructuur, de geïsoleerde ligging van Tuvalu en de hoge prijs van de vluchten die daarmee gepaard gaat.
['Indertijd', 'vonden', 'sommigen', 'dat', 'Renault', 'hiermee', 'zijn', 'eigen', 'glazen', 'ingooide', ',', 'maar', 'de', 'Renault', '5', 'was', 'een', 'heel', 'ander', 'type', 'auto', '.']	[0, 0, 0, 0, 3, 0, 0, 0, 0, 0, 0, 0, 0, 7, 8, 0, 0, 0, 0, 0, 0, 0]	nl	Indertijd vonden sommigen dat Renault hiermee zijn eigen glazen ingooide, maar de Renault 5 was een heel ander type auto.
['In', 'januari', '2016', 'verbond', 'hij', 'zich', 'voor', 'anderhalf', 'jaar', 'aan', 'Astra', 'Giurgiu', '.']	[0, 0, 0, 0, 0, 0, 0, 0, 0, 0, 3, 4, 0]	nl	In januari 2016 verbond hij zich voor anderhalf jaar aan Astra Giurgiu.
['Het', 'verhaal', 'van', 'de', 'film', 'is', 'gebaseerd', 'op', 'dat', 'uit', 'het', 'gelijknamige', 'boek', 'van', 'Michael', 'Palmer', ',', 'dat', 'vijf', 'jaar', 'eerder', 'verscheen', '.']	[0, 0, 0, 0, 0, 0, 0, 0, 0, 0, 0, 0, 0, 0, 1, 2, 0, 0, 0, 0, 0, 0, 0]	nl	Het verhaal van de film is gebaseerd op dat uit het gelijknamige boek van Michael Palmer, dat vijf jaar eerder verscheen.
"['Zijn', 'tweede', 'Oscarnominatie', 'kreeg', 'hij', 'voor', '""', 'The', 'Tree', 'of', 'Life', '""', '(', '2011', ')', '.']"	[0, 0, 0, 0, 0, 0, 0, 7, 8, 8, 8, 0, 0, 0, 0, 0]	nl	"Zijn tweede Oscarnominatie kreeg hij voor ""The Tree of Life"" (2011)."
['Verder', 'won', 'hij', 'met', 'zijn', 'ploeg', 'de', 'eerste', 'etappe', '(', 'ploegentijdrit', ')', 'en', 'schreef', 'hij', 'de', 'individuele', 'tijdrit', 'op', 'zijn', 'naam', 'door', 'Denis', 'Mensjov', 'en', 'Fabian', 'Cancellara', 'te', 'kloppen', '.']	[0, 0, 0, 0, 0, 0, 0, 0, 0, 0, 0, 0, 0, 0, 0, 0, 0, 0, 0, 0, 0, 0, 1, 2, 0, 1, 2, 0, 0, 0]	nl	Verder won hij met zijn ploeg de eerste etappe (ploegentijdrit) en schreef hij de individuele tijdrit op zijn naam door Denis Mensjov en Fabian Cancellara te kloppen.
"['""', 'MDNA', '""', 'bracht', 'ook', 'twee', 'promo-singles', 'voort', '.']"	[0, 7, 0, 0, 0, 0, 0, 0, 0]	nl	"""MDNA"" bracht ook twee promo-singles voort."
['Op', '29', 'augustus', '2012', 'werd', 'hij', 'verkocht', 'aan', 'RCD', 'Espanyol', '.']	[0, 0, 0, 0, 0, 0, 0, 0, 3, 4, 0]	nl	Op 29 augustus 2012 werd hij verkocht aan RCD Espanyol.
['Met', 'zijn', 'arrangementen', 'had', 'hij', 'veel', 'invloed', 'op', 'tijdgenoten', ',', 'onder', 'wie', 'Quincy', 'Jones', '.']	[0, 0, 0, 0, 0, 0, 0, 0, 0, 0, 0, 0, 1, 2, 0]	nl	Met zijn arrangementen had hij veel invloed op tijdgenoten, onder wie Quincy Jones.
['In', 'de', 'tweede', 'helft', 'kwam', 'hij', 'als', 'vervanger', 'van', 'Bojan', 'Krkić', 'in', 'het', 'veld', '.']	[0, 0, 0, 0, 0, 0, 0, 0, 0, 1, 2, 0, 0, 0, 0]	nl	In de tweede helft kwam hij als vervanger van Bojan Krkić in het veld.
['Hij', 'schreef', 'in', 'het', 'Afrikaans', 'en', 'het', 'Engels', 'en', 'was', 'professor', 'Engels', 'aan', 'de', 'universiteit', 'van', 'Kaapstad', '.']	[0, 0, 0, 0, 7, 0, 0, 7, 0, 0, 0, 7, 0, 0, 0, 0, 5, 0]	nl	Hij schreef in het Afrikaans en het Engels en was professor Engels aan de universiteit van Kaapstad.
['Vanaf', '1998', 'speelde', 'hij', 'regelmatig', 'in', 'een', 'kwartet', 'met', 'John', 'Abercrombie', '.']	[0, 0, 0, 0, 0, 0, 0, 0, 0, 1, 2, 0]	nl	Vanaf 1998 speelde hij regelmatig in een kwartet met John Abercrombie.
['Damascus', 'was', 'immers', 'dichtbij', 'en', 'rijk', '.']	[5, 0, 0, 0, 0, 0, 0]	nl	Damascus was immers dichtbij en rijk.
['De', 'soort', 'komt', 'voor', 'in', 'Canada', 'en', 'de', 'Verenigde', 'Staten', '.']	[0, 0, 0, 0, 0, 5, 0, 0, 5, 6, 0]	nl	De soort komt voor in Canada en de Verenigde Staten.
['Hij', 'deed', 'mee', 'in', 'de', 'finale', 'en', 'reed', 'uiteindelijk', 'als', '11de', 'over', 'de', 'meet', ',', 'op', '8', 'seconden', 'van', 'de', 'winnaar', 'Paolo', 'Bettini', 'en', 'net', 'voor', 'zijn', 'afscheidnemende', 'vriend', 'en', 'landgenoot', 'Michael', 'Boogerd', '.']	[0, 0, 0, 0, 0, 0, 0, 0, 0, 0, 0, 0, 0, 0, 0, 0, 0, 0, 0, 0, 0, 1, 2, 0, 0, 0, 0, 0, 0, 0, 0, 1, 2, 0]	nl	Hij deed mee in de finale en reed uiteindelijk als 11de over de meet, op 8 seconden van de winnaar Paolo Bettini en net voor zijn afscheidnemende vriend en landgenoot Michael Boogerd.
['In', '1863', 'verbleven', '44.994', 'bannelingen', 'in', 'het', 'gouvernement', 'Jenisej', ',', 'ongeveer', '1', '/', '7e', 'van', 'de', 'totale', 'bevolking', '.']	[0, 0, 0, 0, 0, 0, 0, 0, 5, 0, 0, 0, 0, 0, 0, 0, 0, 0, 0]	nl	In 1863 verbleven 44.994 bannelingen in het gouvernement Jenisej, ongeveer 1 / 7e van de totale bevolking.
['Het', 'dialect', 'is', 'ontstaan', 'in', 'het', 'begin', 'van', 'de', '19e', 'eeuw', 'en', 'is', 'gebaseerd', 'op', 'het', 'Armeense', 'dialect', 'van', 'Istanboel', '.']	[0, 0, 0, 0, 0, 0, 0, 0, 0, 0, 0, 0, 0, 0, 0, 0, 7, 0, 0, 5, 0]	nl	Het dialect is ontstaan in het begin van de 19e eeuw en is gebaseerd op het Armeense dialect van Istanboel.
['Zestig', 'jaar', 'heerste', 'er', 'rust', 'in', 'Griekenland', ',', 'maar', 'in', '88', 'v', '.']	[0, 0, 0, 0, 0, 0, 5, 0, 0, 0, 0, 0, 0]	nl	Zestig jaar heerste er rust in Griekenland, maar in 88 v.
['Ze', 'is', 'de', 'jongere', 'zus', 'van', 'Phylicia', 'Rashad', '.']	[0, 0, 0, 0, 0, 0, 1, 2, 0]	nl	Ze is de jongere zus van Phylicia Rashad.
['De', 'hiërarchie', 'van', 'de', 'gelug', 'en', 'met', 'name', 'de', 'abten', 'van', 'de', 'grote', 'kloosters', 'rondom', 'Lhasa', 'begonnen', 'zich', 'echter', 'van', 'hem', 'af', 'te', 'keren', '.']	[0, 0, 0, 0, 0, 0, 0, 0, 0, 0, 0, 0, 0, 0, 0, 5, 0, 0, 0, 0, 0, 0, 0, 0, 0]	nl	De hiërarchie van de gelug en met name de abten van de grote kloosters rondom Lhasa begonnen zich echter van hem af te keren.
['In', 'België', 'is', 'het', 'protestantisme', 'een', 'minderheidsstroming', 'van', 'het', 'christendom', '.']	[0, 5, 0, 0, 0, 0, 0, 0, 0, 0, 0]	nl	In België is het protestantisme een minderheidsstroming van het christendom.
"['De', 'kustlijn', 'van', '853', '""', 'km', 'grenst', 'over', 'het', 'gehele', 'zuiden', 'aan', 'de', 'Golf', 'van', 'Guinee', ',', 'een', 'deel', 'van', 'de', 'Atlantische', 'Oceaan', '.']"	[0, 0, 0, 0, 0, 0, 0, 0, 0, 0, 0, 0, 0, 5, 6, 6, 0, 0, 0, 0, 0, 5, 6, 0]	nl	"De kustlijn van 853 ""km grenst over het gehele zuiden aan de Golf van Guinee, een deel van de Atlantische Oceaan."
['Hierna', 'volgt', 'een', 'drumsolo', '(', 'toen', 'deze', 'moest', 'worden', 'opgenomen', 'was', 'er', 'maar', 'één', 'tom', 'aanwezig', 'voor', 'drummer', 'Nick', 'Mason', ',', 'dus', 'moest', 'na', 'elke', 'slag', 'de', 'tom', 'herstemd', 'worden', 'om', 'de', 'geluidsverschillen', 'te', 'verkrijgen', ')', ',', 'waarna', 'het', 'nummer', 'echt', 'begint', '.']	[0, 0, 0, 0, 0, 0, 0, 0, 0, 0, 0, 0, 0, 0, 0, 0, 0, 0, 1, 2, 0, 0, 0, 0, 0, 0, 0, 0, 0, 0, 0, 0, 0, 0, 0, 0, 0, 0, 0, 0, 0, 0, 0]	nl	Hierna volgt een drumsolo (toen deze moest worden opgenomen was er maar één tom aanwezig voor drummer Nick Mason, dus moest na elke slag de tom herstemd worden om de geluidsverschillen te verkrijgen), waarna het nummer echt begint.
['Hij', 'was', 'daar', 'drie', 'seizoenen', 'een', 'vaste', 'waarde', 'onder', 'coach', 'Martin', 'Jol', '.']	[0, 0, 0, 0, 0, 0, 0, 0, 0, 0, 1, 2, 0]	nl	Hij was daar drie seizoenen een vaste waarde onder coach Martin Jol.
"['Dit', 'leidde', 'tot', 'de', 'vorming', 'van', 'een', 'nieuwe', 'regering', ',', 'onder', 'leiding', 'van', 'Massimo', ""D'Alema"", '.']"	[0, 0, 0, 0, 0, 0, 0, 0, 0, 0, 0, 0, 0, 1, 2, 0]	nl	Dit leidde tot de vorming van een nieuwe regering, onder leiding van Massimo D'Alema.
"['Een', 'ongelovige', 'wordt', 'in', 'de', 'Koran', 'een', '""', 'kāfir', '""', 'genoemd', '.']"	[0, 0, 0, 0, 0, 7, 0, 0, 0, 0, 0, 0]	nl	"Een ongelovige wordt in de Koran een ""kāfir"" genoemd."
"['""', 'Gehandicaptensport', '""', '-', 'in', 'Vlaanderen', 'ook', '""', 'G-sport', '""', 'genoemd', '-', 'is', 'sport', 'voor', 'personen', 'met', 'een', 'handicap', '.']"	[0, 0, 0, 0, 0, 5, 0, 0, 0, 0, 0, 0, 0, 0, 0, 0, 0, 0, 0, 0]	nl	"""Gehandicaptensport"" - in Vlaanderen ook ""G-sport"" genoemd - is sport voor personen met een handicap."
['Destijds', 'werd', 'ze', 'getraind', 'door', 'oud-wereldkampioene', 'Ruth', 'Schleiermacher', '.']	[0, 0, 0, 0, 0, 0, 1, 2, 0]	nl	Destijds werd ze getraind door oud-wereldkampioene Ruth Schleiermacher.
"['""', 'Saint', 'Lucia', '""', 'is', 'bestuurlijk', 'onderverdeeld', 'in', 'elf', '""', 'kwartieren', '""', '(', 'Engels', ':', '""', 'quarters', '""', ')', '.']"	[0, 5, 6, 0, 0, 0, 0, 0, 0, 0, 0, 0, 0, 7, 0, 0, 0, 0, 0, 0]	nl	"""Saint Lucia"" is bestuurlijk onderverdeeld in elf ""kwartieren"" (Engels: ""quarters"")."
['Hoewel', 'Patagonië', 'omringd', 'is', 'door', 'zee', ',', 'is', 'het', 'achter', 'de', 'Andes', 'droog', 'omdat', 'de', 'relatieve', 'luchtvochtigheid', 'verlaagd', 'is', 'door', 'de', 'stijgingsregens', 'aan', 'de', 'westkant', 'van', 'de', 'Andes', '.']	[0, 5, 0, 0, 0, 0, 0, 0, 0, 0, 0, 5, 0, 0, 0, 0, 0, 0, 0, 0, 0, 0, 0, 0, 0, 0, 0, 5, 0]	nl	Hoewel Patagonië omringd is door zee, is het achter de Andes droog omdat de relatieve luchtvochtigheid verlaagd is door de stijgingsregens aan de westkant van de Andes.
['Met', 'hun', 'zware', 'artillerie', 'zijn', 'ze', 'nog', 'ingezet', 'voor', 'kustbombardementen', 'in', 'Libanon', 'en', 'Irak', '.']	[0, 0, 0, 0, 0, 0, 0, 0, 0, 0, 0, 5, 0, 5, 0]	nl	Met hun zware artillerie zijn ze nog ingezet voor kustbombardementen in Libanon en Irak.
['Daarnaast', 'ondergaat', 'hij', 'een', 'niet', 'geringe', 'invloed', 'van', 'romantische', 'schrijvers', 'zoals', 'Victor', 'Hugo', '.']	[0, 0, 0, 0, 0, 0, 0, 0, 0, 0, 0, 1, 2, 0]	nl	Daarnaast ondergaat hij een niet geringe invloed van romantische schrijvers zoals Victor Hugo.
['De', 'vroege', 'romans', 'lijken', 'nog', 'beïnvloed', 'door', 'Edgar', 'Wallace', '.']	[0, 0, 0, 0, 0, 0, 0, 1, 2, 0]	nl	De vroege romans lijken nog beïnvloed door Edgar Wallace.
['Op', '11', 'maart', '2007', 'in', 'een', 'uitwedstrijd', 'tegen', 'FC', 'Twente', 'maakte', 'hij', 'daar', 'zijn', 'debuut', '.']	[0, 0, 0, 0, 0, 0, 0, 0, 3, 4, 0, 0, 0, 0, 0, 0]	nl	Op 11 maart 2007 in een uitwedstrijd tegen FC Twente maakte hij daar zijn debuut.
['Uit', 'vondsten', 'in', 'de', 'Olduvaikloof', 'is', 'bekend', 'dat', 'schildpadden', 'al', '2', 'miljoen', 'jaar', 'geleden', 'werden', 'gegeten', '.']	[0, 0, 0, 0, 5, 0, 0, 0, 0, 0, 0, 0, 0, 0, 0, 0, 0]	nl	Uit vondsten in de Olduvaikloof is bekend dat schildpadden al 2 miljoen jaar geleden werden gegeten.
"['Dit', 'verhaal', 'wordt', 'overigens', 'niet', 'in', 'de', '""', 'Ilias', '""', 'van', 'Homerus', 'verteld', ',', 'zoals', 'men', 'dikwijls', 'denkt', '.']"	[0, 0, 0, 0, 0, 0, 0, 0, 7, 0, 0, 1, 0, 0, 0, 0, 0, 0, 0]	nl	"Dit verhaal wordt overigens niet in de ""Ilias"" van Homerus verteld, zoals men dikwijls denkt."
['Hij', 'integreerde', 'de', 'vonkinductor', 'van', 'Heinrich', 'Daniel', 'Ruhmkorff', ',', 'vaak', 'als', 'Ruhmkorff-inductor', 'aangeduid', '.']	[0, 0, 0, 0, 0, 1, 2, 2, 0, 0, 0, 0, 0, 0]	nl	Hij integreerde de vonkinductor van Heinrich Daniel Ruhmkorff, vaak als Ruhmkorff-inductor aangeduid.
['In', '1985', 'en', '1987', 'won', 'hij', 'de', 'prestigieuze', 'Daytona', '500', '.']	[0, 0, 0, 0, 0, 0, 0, 0, 7, 8, 0]	nl	In 1985 en 1987 won hij de prestigieuze Daytona 500.
['Minister', 'Wim', 'Deetman', 'komt', 'daardoor', 'fel', 'onder', 'vuur', 'te', 'liggen', 'van', 'de', 'oppositie', 'en', 'van', 'de', 'studenten', '.']	[0, 1, 2, 0, 0, 0, 0, 0, 0, 0, 0, 0, 0, 0, 0, 0, 0, 0]	nl	Minister Wim Deetman komt daardoor fel onder vuur te liggen van de oppositie en van de studenten.
['Toen', 'FC', 'Cartagena', 'op', 'het', 'einde', 'van', 'het', 'seizoen', '2011', '-', '2012', 'zijn', 'plaats', 'in', 'de', 'zilveren', 'divisie', 'verloor', ',', 'keerde', 'hij', 'in', 'juni', '2012', 'voor', 'twee', 'seizoenen', 'terug', 'naar', 'de', 'havenstad', '.']	[0, 3, 4, 0, 0, 0, 0, 0, 0, 0, 0, 0, 0, 0, 0, 0, 0, 0, 0, 0, 0, 0, 0, 0, 0, 0, 0, 0, 0, 0, 0, 0, 0]	nl	Toen FC Cartagena op het einde van het seizoen 2011 - 2012 zijn plaats in de zilveren divisie verloor, keerde hij in juni 2012 voor twee seizoenen terug naar de havenstad.
['De', 'films', 'worden', 'ondersteund', 'door', 'voetbalbond', 'FIFA', ',', 'waardoor', 'in', 'de', 'film', 'echte', 'clubs', 'gebruikt', 'kunnen', 'worden', ',', 'terwijl', 'ook', 'vele', 'voetbalspelers', 'in', 'de', 'film', 'te', 'zien', 'zijn', '.']	[0, 0, 0, 0, 0, 0, 3, 0, 0, 0, 0, 0, 0, 0, 0, 0, 0, 0, 0, 0, 0, 0, 0, 0, 0, 0, 0, 0, 0]	nl	De films worden ondersteund door voetbalbond FIFA, waardoor in de film echte clubs gebruikt kunnen worden, terwijl ook vele voetbalspelers in de film te zien zijn.
['Tijdens', 'de', 'Tweede', 'Wereldoorlog', 'werd', 'het', 'eiland', 'verlaten', '.']	[0, 0, 7, 8, 0, 0, 0, 0, 0]	nl	Tijdens de Tweede Wereldoorlog werd het eiland verlaten.
['Hij', 'hield', 'zichzelf', 'voor', 'een', 'bijzondere', 'beschermeling', 'van', 'de', 'god', 'en', 'schreef', 'aan', 'diens', 'tussenkomst', 'de', 'in', 'de', 'slag', 'bij', 'Actium', 'behaalde', 'overwinning', 'toe', '.']	[0, 0, 0, 0, 0, 0, 0, 0, 0, 0, 0, 0, 0, 0, 0, 0, 0, 0, 7, 8, 8, 0, 0, 0, 0]	nl	Hij hield zichzelf voor een bijzondere beschermeling van de god en schreef aan diens tussenkomst de in de slag bij Actium behaalde overwinning toe.
"['Even', 'leek', 'het', 'erop', 'dat', ""z'n"", 'carrière', 'voorbij', 'was', 'totdat', 'hij', 'plotseling', 'een', 'eenjarig', 'contract', 'tekende', 'bij', 'de', 'Colorado', 'Avalanche', ',', 'het', 'team', 'waar', 'hij', ""z'n"", 'grootste', 'succes', 'heeft', 'behaald', '.']"	[0, 0, 0, 0, 0, 0, 0, 0, 0, 0, 0, 0, 0, 0, 0, 0, 0, 0, 3, 4, 0, 0, 0, 0, 0, 0, 0, 0, 0, 0, 0]	nl	Even leek het erop dat z'n carrière voorbij was totdat hij plotseling een eenjarig contract tekende bij de Colorado Avalanche, het team waar hij z'n grootste succes heeft behaald.
['De', 'achtbaan', 'werd', 'gebouwd', 'door', 'het', 'Zwitserse', 'Bolliger', '&', 'Mabillard', 'en', 'opende', 'op', '16', 'april', '2011', '.']	[0, 0, 0, 0, 0, 0, 7, 3, 4, 4, 0, 0, 0, 0, 0, 0, 0]	nl	De achtbaan werd gebouwd door het Zwitserse Bolliger & Mabillard en opende op 16 april 2011.
['De', 'organisaties', 'die', 'in', 'Nederland', 'en', 'Vlaanderen', 'betrokken', 'zijn', 'bij', 'het', 'lezen', ',', 'produceren', 'en', 'onderwijzen', 'van', 'braille', 'werken', 'samen', 'in', 'de', 'braille-autoriteit', '.']	[0, 0, 0, 0, 5, 0, 5, 0, 0, 0, 0, 0, 0, 0, 0, 0, 0, 0, 0, 0, 0, 0, 0, 0]	nl	De organisaties die in Nederland en Vlaanderen betrokken zijn bij het lezen, produceren en onderwijzen van braille werken samen in de braille-autoriteit.
['Nadat', 'trainer', 'Alfred', 'Schreuder', 'ontslagen', 'werd', ',', 'kreeg', 'hij', 'onder', 'diens', 'vervanger', 'René', 'Hake', 'een', 'basisplaats', 'toegekend', '.']	[0, 0, 1, 2, 0, 0, 0, 0, 0, 0, 0, 0, 1, 2, 0, 0, 0, 0]	nl	Nadat trainer Alfred Schreuder ontslagen werd, kreeg hij onder diens vervanger René Hake een basisplaats toegekend.
['Hij', 'maakte', 'zijn', 'debuut', 'op', '13', 'april', '2007', 'in', 'een', 'met', '1', '-', '1', 'gelijkgespeelde', 'uitwedstrijd', 'tegen', 'Sparta', 'Rotterdam', ',', 'waar', 'de', 'aanvaller', 'aan', 'het', 'begin', 'van', 'de', 'tweede', 'helft', 'inviel', 'voor', 'Etienne', 'Shew-Atjon', 'en', 'in', 'de', '68e', 'minuut', 'de', 'gelijkmaker', 'scoorde', '.']	[0, 0, 0, 0, 0, 0, 0, 0, 0, 0, 0, 0, 0, 0, 0, 0, 0, 3, 4, 0, 0, 0, 0, 0, 0, 0, 0, 0, 0, 0, 0, 0, 1, 2, 0, 0, 0, 0, 0, 0, 0, 0, 0]	nl	Hij maakte zijn debuut op 13 april 2007 in een met 1 - 1 gelijkgespeelde uitwedstrijd tegen Sparta Rotterdam, waar de aanvaller aan het begin van de tweede helft inviel voor Etienne Shew-Atjon en in de 68e minuut de gelijkmaker scoorde.
['ProRail', 'is', 'hiervan', 'een', 'voorbeeld', 'in', 'Nederland', '.']	[3, 0, 0, 0, 0, 0, 5, 0]	nl	ProRail is hiervan een voorbeeld in Nederland.
"['Toen', 'nazi', ""'s"", 'in', 'Oostenrijk', 'tevergeefs', 'een', 'coup', 'pleegden', 'tegen', 'bondskanselier', 'Engelbert', 'Dollfuss', '-', 'die', 'daarbij', 'overigens', 'wel', 'om', 'het', 'leven', 'kwam', '-', ',', 'mobiliseerde', 'Italië', 'tegen', 'Duitsland', '.']"	[0, 0, 0, 0, 5, 0, 0, 0, 0, 0, 0, 1, 2, 0, 0, 0, 0, 0, 0, 0, 0, 0, 0, 0, 0, 5, 0, 5, 0]	nl	Toen nazi 's in Oostenrijk tevergeefs een coup pleegden tegen bondskanselier Engelbert Dollfuss - die daarbij overigens wel om het leven kwam -, mobiliseerde Italië tegen Duitsland.
['De', 'folkmetalband', 'Eluveitie', 'maakt', 'ook', 'gebruik', 'van', 'een', 'mandola', '.']	[0, 0, 3, 0, 0, 0, 0, 0, 0, 0]	nl	De folkmetalband Eluveitie maakt ook gebruik van een mandola.
['Werkzoekenden', 'kunnen', 'zich', 'bijscholen', 'of', 'omscholen', 'aan', 'het', 'plaatselijke', 'competentiecentrum', 'van', 'de', 'Vlaamse', 'Dienst', 'voor', 'Arbeidsbemiddeling', 'en', 'Beroepsopleiding', '.']	[0, 0, 0, 0, 0, 0, 0, 0, 0, 0, 0, 0, 3, 4, 4, 4, 4, 4, 0]	nl	Werkzoekenden kunnen zich bijscholen of omscholen aan het plaatselijke competentiecentrum van de Vlaamse Dienst voor Arbeidsbemiddeling en Beroepsopleiding.
['Tijdens', 'zijn', 'periode', 'bij', 'IFK', 'Göteborg', 'werd', 'hij', 'tweemaal', 'uitgeleend', '.']	[0, 0, 0, 0, 3, 4, 0, 0, 0, 0, 0]	nl	Tijdens zijn periode bij IFK Göteborg werd hij tweemaal uitgeleend.
['Hij', 'ontscheepte', 'op', '1', 'maart', '1815', 'in', 'Golfe-Juan', 'nabij', 'Cannes', ',', 'in', 'gezelschap', 'van', 'een', 'aantal', 'getrouwen', 'die', 'hem', 'steunden', 'bij', 'het', 'heroveren', 'van', 'zijn', 'keizerstitel', '.']	[0, 0, 0, 0, 0, 0, 0, 5, 0, 5, 0, 0, 0, 0, 0, 0, 0, 0, 0, 0, 0, 0, 0, 0, 0, 0, 0]	nl	Hij ontscheepte op 1 maart 1815 in Golfe-Juan nabij Cannes, in gezelschap van een aantal getrouwen die hem steunden bij het heroveren van zijn keizerstitel.
['Samen', 'met', 'Michael', 'Phelps', ',', 'Ryan', 'Lochte', 'en', 'Ricky', 'Berens', 'legde', 'hij', 'beslag', 'op', 'de', 'gouden', 'medaille', 'op', 'de', '4x200', 'meter', 'vrije', 'slag', '.']	[0, 0, 1, 2, 0, 1, 2, 0, 1, 2, 0, 0, 0, 0, 0, 0, 0, 0, 0, 0, 0, 0, 0, 0]	nl	Samen met Michael Phelps, Ryan Lochte en Ricky Berens legde hij beslag op de gouden medaille op de 4x200 meter vrije slag.
['Het', 'gebied', 'langs', 'de', 'rivier', 'wordt', 'aangeduid', 'als', 'Amstelland', '.']	[0, 0, 0, 0, 0, 0, 0, 0, 5, 0]	nl	Het gebied langs de rivier wordt aangeduid als Amstelland.
['In', '2000', 'werd', 'ook', 'Anny', 'Schilder', 'bij', 'de', 'band', 'gevraagd', '.']	[0, 0, 0, 0, 1, 2, 0, 0, 0, 0, 0]	nl	In 2000 werd ook Anny Schilder bij de band gevraagd.
['De', 'stijl', 'van', 'Aki', 'Kaurismäki', 'kan', 'omschreven', 'worden', 'als', 'melancholisch', 'en', 'romantisch', '.']	[0, 0, 0, 1, 2, 0, 0, 0, 0, 0, 0, 0, 0]	nl	De stijl van Aki Kaurismäki kan omschreven worden als melancholisch en romantisch.
"['Het', 'spel', 'is', 'het', 'vervolg', 'op', 'het', 'boek', '""', 'Bram', 'Stoker', ""'s"", 'Dracula', '""', '.']"	[0, 0, 0, 0, 0, 0, 0, 0, 0, 7, 8, 8, 8, 0, 0]	nl	"Het spel is het vervolg op het boek ""Bram Stoker 's Dracula""."
"['Zijn', 'eerste', 'zelf', 'geregisseerde', ',', 'geschreven', 'en', 'geproduceerde', 'film', 'is', '""', 'Way', 'of', 'the', 'Dragon', '""', '.']"	[0, 0, 0, 0, 0, 0, 0, 0, 0, 0, 0, 7, 8, 8, 8, 0, 0]	nl	"Zijn eerste zelf geregisseerde, geschreven en geproduceerde film is ""Way of the Dragon""."
['Hij', 'was', 'de', 'broer', 'van', 'Pavel', 'Vranický', '.']	[0, 0, 0, 0, 0, 1, 2, 0]	nl	Hij was de broer van Pavel Vranický.
['Op', 'aanraden', 'van', 'zijn', 'familie', 'nam', 'hij', 'deel', 'aan', 'audities', 'voor', 'Glee', '.']	[0, 0, 0, 0, 0, 0, 0, 0, 0, 0, 0, 7, 0]	nl	Op aanraden van zijn familie nam hij deel aan audities voor Glee.
['In', 'het', 'zuidwesten', 'en', 'langs', 'de', 'grens', 'met', 'Ethiopië', 'neemt', 'de', 'hoeveelheid', 'neerslag', 'toe', ',', 'voornamelijk', 'van', 'april', 'tot', 'oktober', ',', 'als', 'de', 'zuidwestmoesson', 'waait', '.']	[0, 0, 0, 0, 0, 0, 0, 0, 5, 0, 0, 0, 0, 0, 0, 0, 0, 0, 0, 0, 0, 0, 0, 0, 0, 0]	nl	In het zuidwesten en langs de grens met Ethiopië neemt de hoeveelheid neerslag toe, voornamelijk van april tot oktober, als de zuidwestmoesson waait.
"['Het', 'begrip', 'werd', 'geïntroduceerd', 'door', 'Gaston', 'Bachelard', 'in', 'werken', 'als', '""', 'Le', 'nouvel', 'esprit', 'scientifique', '""', '(', '1934', ')', 'en', '""', 'La', 'formation', 'de', ""l'esprit"", 'scientifique', '""', '(', '1938', ')', '.']"	[0, 0, 0, 0, 0, 1, 2, 0, 0, 0, 0, 0, 0, 0, 0, 0, 0, 0, 0, 0, 0, 0, 0, 0, 0, 0, 0, 0, 0, 0, 0]	nl	"Het begrip werd geïntroduceerd door Gaston Bachelard in werken als ""Le nouvel esprit scientifique"" (1934) en ""La formation de l'esprit scientifique"" (1938)."
['Ze', 'was', 'inmiddels', 'toegetreden', 'tot', 'het', 'management', 'van', 'Sharon', 'Osbourne', '.']	[0, 0, 0, 0, 0, 0, 0, 0, 1, 2, 0]	nl	Ze was inmiddels toegetreden tot het management van Sharon Osbourne.
['Hij', 'tekende', 'vervolgens', 'op', '21', 'maart', '2014', 'bij', 'New', 'England', 'Revolution', '.']	[0, 0, 0, 0, 0, 0, 0, 0, 3, 4, 4, 0]	nl	Hij tekende vervolgens op 21 maart 2014 bij New England Revolution.
['Vele', 'bekende', 'op-artartiesten', 'kwamen', 'uit', 'de', 'Verenigde', 'Staten', ',', 'bijvoorbeeld', 'Frank', 'Stella', ',', 'Ellsworth', 'Kelly', 'en', 'Kenneth', 'Noland', '.']	[0, 0, 0, 0, 0, 0, 5, 6, 0, 0, 1, 2, 0, 1, 2, 0, 1, 2, 0]	nl	Vele bekende op-artartiesten kwamen uit de Verenigde Staten, bijvoorbeeld Frank Stella, Ellsworth Kelly en Kenneth Noland.
"['Om', 'het', 'doel', 'te', 'bereiken', ',', 'baseerden', 'veel', 'Arabische', 'en', 'Europese', 'alchemisten', 'zich', 'direct', 'of', 'indirect', 'op', 'de', 'natuurfilosofie', 'van', 'Aristoteles', '(', '""', 'Physica', '""', ',', '""', 'Meteorologica', '""', ')', ',', 'waarin', 'verondersteld', 'werd', 'dat', 'elk', 'van', 'de', 'vier', 'elementen', 'in', 'een', 'ander', 'kon', 'worden', 'omgezet', 'door', 'het', 'met', 'een', 'andere', 'kwaliteit', '–', 'heet', ',', 'koud', ',', 'vochtig', 'of', 'droog', '–', 'te', 'combineren', '.']"	[0, 0, 0, 0, 0, 0, 0, 0, 7, 0, 0, 0, 0, 0, 0, 0, 0, 0, 0, 0, 1, 0, 0, 7, 0, 0, 0, 7, 0, 0, 0, 0, 0, 0, 0, 0, 0, 0, 0, 0, 0, 0, 0, 0, 0, 0, 0, 0, 0, 0, 0, 0, 0, 0, 0, 0, 0, 0, 0, 0, 0, 0, 0, 0]	nl	"Om het doel te bereiken, baseerden veel Arabische en Europese alchemisten zich direct of indirect op de natuurfilosofie van Aristoteles (""Physica"", ""Meteorologica""), waarin verondersteld werd dat elk van de vier elementen in een ander kon worden omgezet door het met een andere kwaliteit – heet, koud, vochtig of droog – te combineren."
['Deze', 'was', 'ruim', 'verspreid', 'in', 'Taiwan', ',', 'Japan', ',', 'Korea', 'en', 'Vietnam', '.']	[0, 0, 0, 0, 0, 5, 0, 5, 0, 5, 0, 5, 0]	nl	Deze was ruim verspreid in Taiwan, Japan, Korea en Vietnam.
['Daarna', 'trok', 'hij', 'naar', 'het', 'Tanganyikameer', 'en', 'deed', 'daar', 'hetzelfde', '.']	[0, 0, 0, 0, 0, 5, 0, 0, 0, 0, 0]	nl	Daarna trok hij naar het Tanganyikameer en deed daar hetzelfde.
['Op', '3', 'oktober', 'bereikte', 'zij', 'de', 'finale', 'van', 'het', 'WTA-toernooi', 'van', 'Tokio', ',', 'waar', 'zij', 'door', 'opgave', 'van', 'Jelena', 'Janković', 'met', '5', '-', '2', 'haar', 'eerste', 'titel', 'van', '2009', 'binnensleepte', '.']	[0, 0, 0, 0, 0, 0, 0, 0, 0, 7, 8, 8, 0, 0, 0, 0, 0, 0, 1, 2, 0, 0, 0, 0, 0, 0, 0, 0, 0, 0, 0]	nl	Op 3 oktober bereikte zij de finale van het WTA-toernooi van Tokio, waar zij door opgave van Jelena Janković met 5 - 2 haar eerste titel van 2009 binnensleepte.
['Het', 'topmodel', 'was', 'de', '6,0', 'liter', 'W12', 'met', '420', 'pk', 'die', 'ook', 'in', 'de', 'Audi', 'A8', 'te', 'vinden', 'was', '.']	[0, 0, 0, 0, 0, 0, 0, 0, 0, 0, 0, 0, 0, 0, 7, 8, 0, 0, 0, 0]	nl	Het topmodel was de 6,0 liter W12 met 420 pk die ook in de Audi A8 te vinden was.
['Schepen', 'van', '/', 'naar', 'het', 'Julianakanaal', 'vermeden', 'zo', 'twee', 'sluizen', '.']	[0, 0, 0, 0, 0, 5, 0, 0, 0, 0, 0]	nl	Schepen van / naar het Julianakanaal vermeden zo twee sluizen.
['Na', 'twee', 'dagen', 'ging', 'het', 'boven', 'Bulgarije', 'al', 'mis', ':', 'door', 'een', 'scheur', 'in', 'de', 'extra', 'radiator', 'stroomde', 'het', 'koelwater', 'weg', 'en', 'raakte', 'de', 'motor', 'oververhit', '.']	[0, 0, 0, 0, 0, 0, 5, 0, 0, 0, 0, 0, 0, 0, 0, 0, 0, 0, 0, 0, 0, 0, 0, 0, 0, 0, 0]	nl	Na twee dagen ging het boven Bulgarije al mis: door een scheur in de extra radiator stroomde het koelwater weg en raakte de motor oververhit.
['Door', 'een', 'kwetsuur', 'kreeg', 'hij', 'niet', 'veel', 'spelgerechtigheid', 'tijdens', 'de', 'heenronde', 'van', 'het', 'seizoen', '2009', '-', '2010', ',', 'waardoor', 'hij', 'tijdens', 'de', 'hivernale', 'transfer', 'periode', 'voor', 'zes', 'maanden', 'werd', 'uitgeleend', 'aan', 'FC', 'Cartagena', '.']	[0, 0, 0, 0, 0, 0, 0, 0, 0, 0, 0, 0, 0, 0, 0, 0, 0, 0, 0, 0, 0, 0, 0, 0, 0, 0, 0, 0, 0, 0, 0, 3, 4, 0]	nl	Door een kwetsuur kreeg hij niet veel spelgerechtigheid tijdens de heenronde van het seizoen 2009 - 2010, waardoor hij tijdens de hivernale transfer periode voor zes maanden werd uitgeleend aan FC Cartagena.
['Vlak', 'buiten', 'de', 'stad', ',', 'aan', 'de', 'zuidkant', ',', 'ligt', 'het', 'enige', 'deel', 'van', 'Noorwegen', 'dat', 'vlak', 'is', '.']	[0, 0, 0, 0, 0, 0, 0, 0, 0, 0, 0, 0, 0, 0, 5, 0, 0, 0, 0]	nl	Vlak buiten de stad, aan de zuidkant, ligt het enige deel van Noorwegen dat vlak is.
['Hij', 'scoorde', 'het', 'winnende', 'doelpunt', 'in', 'de', 'blessuretijd', 'van', 'de', 'playoff-finale', 'van', 'de', 'Indian', 'Super', 'League', 'waardoor', 'hij', 'landskampioen', 'werd', 'met', 'zijn', 'club', '.']	[0, 0, 0, 0, 0, 0, 0, 0, 0, 0, 0, 0, 0, 3, 4, 4, 0, 0, 0, 0, 0, 0, 0, 0]	nl	Hij scoorde het winnende doelpunt in de blessuretijd van de playoff-finale van de Indian Super League waardoor hij landskampioen werd met zijn club.
['Het', 'land', 'grenst', 'in', 'het', 'noorden', 'aan', 'Ethiopië', ',', 'in', 'het', 'oosten', 'aan', 'Somalië', ',', 'in', 'het', 'zuidoosten', 'aan', 'de', 'Indische', 'Oceaan', ',', 'in', 'het', 'zuiden', 'aan', 'Tanzania', ',', 'in', 'het', 'zuidwesten', 'aan', 'het', 'Victoriameer', ',', 'in', 'het', 'westen', 'aan', 'Oeganda', 'en', 'in', 'het', 'noordwesten', 'aan', 'Zuid-Soedan', '.']	[0, 0, 0, 0, 0, 0, 0, 5, 0, 0, 0, 0, 0, 5, 0, 0, 0, 0, 0, 0, 5, 6, 0, 0, 0, 0, 0, 5, 0, 0, 0, 0, 0, 0, 5, 0, 0, 0, 0, 0, 5, 0, 0, 0, 0, 0, 5, 0]	nl	Het land grenst in het noorden aan Ethiopië, in het oosten aan Somalië, in het zuidoosten aan de Indische Oceaan, in het zuiden aan Tanzania, in het zuidwesten aan het Victoriameer, in het westen aan Oeganda en in het noordwesten aan Zuid-Soedan.
['De', 'rivier', 'vormt', 'de', 'grens', 'met', 'Rusland', ':', 'aan', 'de', 'overzijde', 'ligt', 'Ivangorod', '.']	[0, 0, 0, 0, 0, 0, 5, 0, 0, 0, 0, 0, 5, 0]	nl	De rivier vormt de grens met Rusland: aan de overzijde ligt Ivangorod.
['Later', 'dat', 'jaar', 'werd', 'het', 'nummer', 'opnieuw', 'opgenomen', 'voor', 'het', 'album', 'End', 'of', 'the', 'Century', 'met', 'Phil', 'Spector', 'als', 'producer', '.']	[0, 0, 0, 0, 0, 0, 0, 0, 0, 0, 0, 7, 8, 8, 8, 0, 1, 2, 0, 0, 0]	nl	Later dat jaar werd het nummer opnieuw opgenomen voor het album End of the Century met Phil Spector als producer.
['De', 'republiek', 'heeft', '710.275', 'inwoners', '(', 'census', '2002', ')', ',', 'de', 'oppervlakte', 'bedraagt', '7953,6', 'km', '²', 'en', 'de', 'hoofdstad', 'is', 'Vladikavkaz', '.']	[0, 0, 0, 0, 0, 0, 0, 0, 0, 0, 0, 0, 0, 0, 0, 0, 0, 0, 0, 0, 5, 0]	nl	De republiek heeft 710.275 inwoners (census 2002), de oppervlakte bedraagt 7953,6 km ² en de hoofdstad is Vladikavkaz.
['Het', 'dichtstbijgelegen', 'land', 'is', 'Marokko', ',', 'waarmee', 'de', 'stad', 'echter', 'weinig', 'contacten', 'heeft', '.']	[0, 0, 0, 0, 5, 0, 0, 0, 0, 0, 0, 0, 0, 0]	nl	Het dichtstbijgelegen land is Marokko, waarmee de stad echter weinig contacten heeft.
['In', 'het', 'spel', 'Echochrome', 'voor', 'de', 'PlayStation', '3', 'komt', 'de', 'onwaarschijnlijke', 'driehoek', 'ook', 'tot', 'uiting', ',', 'samen', 'met', 'andere', 'onmogelijke', 'figuren', '.']	[0, 0, 0, 7, 0, 0, 7, 8, 0, 0, 0, 0, 0, 0, 0, 0, 0, 0, 0, 0, 0, 0]	nl	In het spel Echochrome voor de PlayStation 3 komt de onwaarschijnlijke driehoek ook tot uiting, samen met andere onmogelijke figuren.
['In', 'Taiwan', 'is', 'er', 'onderzoek', 'gedaan', 'naar', 'de', 'effecten', 'van', 'constructies', 'die', 'voor', 'een', 'dijk', 'aangelegd', 'worden', 'om', 'golven', 'te', 'breken', '.']	[0, 5, 0, 0, 0, 0, 0, 0, 0, 0, 0, 0, 0, 0, 0, 0, 0, 0, 0, 0, 0, 0]	nl	In Taiwan is er onderzoek gedaan naar de effecten van constructies die voor een dijk aangelegd worden om golven te breken.
['Deze', 'sociaal-cognitieve', 'leertheorie', 'van', 'Albert', 'Bandura', 'kon', 'zich', 'niet', 'verenigen', 'met', 'de', 'andere', 'conditioneringstheorieën', 'doordat', 'hij', ',', 'in', 'tegenstelling', 'tot', 'de', 'andere', ',', 'wel', 'onderscheid', 'maakte', 'tussen', 'mens', 'en', 'dier', '.']	[0, 0, 0, 0, 1, 2, 0, 0, 0, 0, 0, 0, 0, 0, 0, 0, 0, 0, 0, 0, 0, 0, 0, 0, 0, 0, 0, 0, 0, 0, 0]	nl	Deze sociaal-cognitieve leertheorie van Albert Bandura kon zich niet verenigen met de andere conditioneringstheorieën doordat hij, in tegenstelling tot de andere, wel onderscheid maakte tussen mens en dier.
['De', 'gemeente', 'Hilversum', 'wilde', 'het', 'schilderij', 'verkopen', 'en', 'met', 'de', 'opbrengst', 'een', 'pand', 'restaureren', '.']	[0, 0, 5, 0, 0, 0, 0, 0, 0, 0, 0, 0, 0, 0, 0]	nl	De gemeente Hilversum wilde het schilderij verkopen en met de opbrengst een pand restaureren.
['De', 'versie', 'voor', 'Sega', 'Master', 'System', 'verscheen', 'in', '1989', 'en', 'gebruikt', 'zijn', 'eigen', 'game-engine', '.']	[0, 0, 0, 7, 8, 8, 0, 0, 0, 0, 0, 0, 0, 0, 0]	nl	De versie voor Sega Master System verscheen in 1989 en gebruikt zijn eigen game-engine.
"['Het', 'succes', 'van', 'de', 'eerste', 'film', 'zorgde', 'ervoor', 'dat', 'ook', 'twee', 'opvolgers', 'werden', 'gemaakt', ',', '""', 'The', 'Matrix', 'Reloaded', '""', 'en', '""', 'The', 'Matrix', 'Revolutions', '""', ',', 'beide', 'uit', '2003', '.']"	[0, 0, 0, 0, 0, 0, 0, 0, 0, 0, 0, 0, 0, 0, 0, 0, 7, 8, 8, 0, 0, 0, 7, 8, 8, 0, 0, 0, 0, 0, 0]	nl	"Het succes van de eerste film zorgde ervoor dat ook twee opvolgers werden gemaakt, ""The Matrix Reloaded"" en ""The Matrix Revolutions"", beide uit 2003."
['Het', 'belangrijkste', 'nummer', 'van', 'de', 'film', 'is', 'echter', 'As', 'Time', 'Goes', 'By', '.']	[0, 0, 0, 0, 0, 0, 0, 0, 7, 8, 8, 8, 0]	nl	Het belangrijkste nummer van de film is echter As Time Goes By.
['Aan', 'het', 'einde', 'van', 'de', 'Eerste', 'Wereldoorlog', 'bestond', 'deze', 'cohorte', 'officieel', 'niet', 'meer', '.']	[0, 0, 0, 0, 0, 7, 8, 0, 0, 0, 0, 0, 0, 0]	nl	Aan het einde van de Eerste Wereldoorlog bestond deze cohorte officieel niet meer.
['Chr.', 'werd', 'haar', 'tempel', 'ingewijd', ',', 'die', 'haar', 'houten', 'cultusbeeld', 'uit', 'Veii', 'huisvestte', '.']	[0, 0, 0, 0, 0, 0, 0, 0, 0, 0, 0, 5, 0, 0]	nl	Chr. werd haar tempel ingewijd, die haar houten cultusbeeld uit Veii huisvestte.
['De', 'voorwaarden', 'om', 'er', 'te', 'worden', 'begraven', 'zijn', 'dezelfde', 'als', 'die', 'van', 'de', 'vijftien', 'andere', 'begraafplaatsen', 'binnen', 'de', 'stad', ':', 'men', 'moet', 'op', 'het', 'moment', 'van', 'overlijden', 'in', 'Parijs', 'wonen', 'en', 'er', 'zijn', 'overleden', ',', 'of', 'kunnen', 'worden', 'begraven', 'in', 'een', 'bestaand', 'grafmonument', '.']	[0, 0, 0, 0, 0, 0, 0, 0, 0, 0, 0, 0, 0, 0, 0, 0, 0, 0, 0, 0, 0, 0, 0, 0, 0, 0, 0, 0, 5, 0, 0, 0, 0, 0, 0, 0, 0, 0, 0, 0, 0, 0, 0, 0]	nl	De voorwaarden om er te worden begraven zijn dezelfde als die van de vijftien andere begraafplaatsen binnen de stad: men moet op het moment van overlijden in Parijs wonen en er zijn overleden, of kunnen worden begraven in een bestaand grafmonument.
['In', 'Parijs', 'ging', 'men', 'aanvankelijk', 'van', 'de', 'literatuur', 'uit', 'met', 'André', 'Breton', ',', 'die', 'later', 'een', 'belangrijke', 'rol', 'zal', 'spelen', 'in', 'het', 'surrealisme', '.']	[0, 5, 0, 0, 0, 0, 0, 0, 0, 0, 1, 2, 0, 0, 0, 0, 0, 0, 0, 0, 0, 0, 0, 0]	nl	In Parijs ging men aanvankelijk van de literatuur uit met André Breton, die later een belangrijke rol zal spelen in het surrealisme.
['In', 'tegenstelling', 'tot', 'in', 'het', 'interbellum', 'veroorzaakte', 'het', 'einde', 'van', 'de', 'Tweede', 'Wereldoorlog', 'geen', 'economische', 'depressie', '.']	[0, 0, 0, 0, 0, 0, 0, 0, 0, 0, 0, 7, 8, 0, 0, 0, 0]	nl	In tegenstelling tot in het interbellum veroorzaakte het einde van de Tweede Wereldoorlog geen economische depressie.
"['Tijdens', 'zijn', 'diensttijd', 'in', 'de', 'Tweede', 'Wereldoorlog', ',', 'die', 'hij', 'doorbracht', 'als', 'eerste', 'stuurman', 'op', 'een', 'legertransportschip', 'in', 'de', 'Grote', 'Oceaan', ',', 'schreef', 'hij', 'zijn', 'eerste', 'roman', ',', ""'"", 'Williwaw', ""'"", '.']"	[0, 0, 0, 0, 0, 7, 8, 0, 0, 0, 0, 0, 0, 0, 0, 0, 0, 0, 0, 5, 6, 0, 0, 0, 0, 0, 0, 0, 0, 7, 0, 0]	nl	Tijdens zijn diensttijd in de Tweede Wereldoorlog, die hij doorbracht als eerste stuurman op een legertransportschip in de Grote Oceaan, schreef hij zijn eerste roman, 'Williwaw'.
['Voor', 'deze', 'missie', 'ben', 'je', 'gewapend', 'met', 'een', 'Thompson', 'submachine', 'gun', ',', 'en', 'tijdens', 'de', 'missie', 'kun', 'je', 'wapens', 'zoals', 'de', 'MP40', 'en', 'de', 'M1', 'Garand', 'oppakken', '.']	[0, 0, 0, 0, 0, 0, 0, 0, 7, 0, 0, 0, 0, 0, 0, 0, 0, 0, 0, 0, 0, 7, 0, 0, 7, 8, 0, 0]	nl	Voor deze missie ben je gewapend met een Thompson submachine gun, en tijdens de missie kun je wapens zoals de MP40 en de M1 Garand oppakken.
['Voor', 'personeel', 'is', 'bijvoorbeeld', ',', 'net', 'als', 'in', 'het', 'primair', 'en', 'voortgezet', 'onderwijs', ',', 'de', 'Algemene', 'Onderwijsbond', 'actief', '.']	[0, 0, 0, 0, 0, 0, 0, 0, 0, 0, 0, 0, 0, 0, 0, 3, 4, 0, 0]	nl	Voor personeel is bijvoorbeeld, net als in het primair en voortgezet onderwijs, de Algemene Onderwijsbond actief.
['De', 'traditionele', 'overlevering', ',', 'waarbij', 'de', 'Koran', 'door', 'Mohammed', 'werd', 'ontvangen', 'en', 'door', 'hem', 'en', 'zijn', 'naaste', 'metgezellen', 'werd', 'gememoriseerd', 'om', 'kort', 'na', 'Mohammeds', 'dood', 'schriftelijk', 'te', 'worden', 'vastgelegd', ',', 'kan', 'eveneens', 'niet', 'door', 'een', 'wetenschappelijke', 'benadering', 'bevestigd', 'worden', '.']	[0, 0, 0, 0, 0, 0, 7, 0, 1, 0, 0, 0, 0, 0, 0, 0, 0, 0, 0, 0, 0, 0, 0, 1, 0, 0, 0, 0, 0, 0, 0, 0, 0, 0, 0, 0, 0, 0, 0, 0]	nl	De traditionele overlevering, waarbij de Koran door Mohammed werd ontvangen en door hem en zijn naaste metgezellen werd gememoriseerd om kort na Mohammeds dood schriftelijk te worden vastgelegd, kan eveneens niet door een wetenschappelijke benadering bevestigd worden.
['De', 'intro', 'van', 'het', 'nummer', 'bevat', 'vooral', 'geluid', 'van', 'de', 'basgitaar', ',', 'welke', 'Cliff', 'Burton', 'van', '1984', 'tot', '1986', 'met', 'de', 'vingers', 'speelde', '(', 'zonder', 'plectrum', ')', '.']	[0, 0, 0, 0, 0, 0, 0, 0, 0, 0, 0, 0, 0, 1, 2, 0, 0, 0, 0, 0, 0, 0, 0, 0, 0, 0, 0, 0]	nl	De intro van het nummer bevat vooral geluid van de basgitaar, welke Cliff Burton van 1984 tot 1986 met de vingers speelde (zonder plectrum).
"['Deze', 'alfabetische', '""', 'lijst', '""', 'bevat', 'de', '300', '""', 'gemeenten', 'in', 'het', 'Vlaams', 'Gewest', '""', '.']"	[0, 0, 0, 0, 0, 0, 0, 0, 0, 0, 0, 0, 5, 6, 0, 0]	nl	"Deze alfabetische ""lijst"" bevat de 300 ""gemeenten in het Vlaams Gewest""."
['Hij', 'scoorde', '53', 'punten', 'in', 'een', 'derby', 'tegen', 'de', 'Houston', 'Rockets', '.']	[0, 0, 0, 0, 0, 0, 0, 0, 0, 3, 4, 0]	nl	Hij scoorde 53 punten in een derby tegen de Houston Rockets.
['Peper', 'wordt', 'echter', 'geproduceerd', 'in', 'de', 'meeste', 'tropische', 'gebieden', ',', 'onder', 'meer', 'in', 'Indonesië', ',', 'Maleisië', ',', 'Brazilië', ',', 'Vietnam', 'en', 'Cambodja', '.']	[0, 0, 0, 0, 0, 0, 0, 0, 0, 0, 0, 0, 0, 5, 0, 5, 0, 5, 0, 5, 0, 5, 0]	nl	Peper wordt echter geproduceerd in de meeste tropische gebieden, onder meer in Indonesië, Maleisië, Brazilië, Vietnam en Cambodja.
['Diego', 'Maradona', ',', 'Daniel', 'Passarella', ',', 'Gerd', 'Müller', ',', 'Ferenc', 'Puskás', 'en', 'Roberto', 'Rivellino', 'waren', 'om', 'verscheidene', 'redenen', 'niet', 'beschikbaar', ',', 'waardoor', 'er', 'in', 'totaal', '7', 'spelers', 'ontbreken', 'in', 'de', 'speciale', 'uitgave', '.']	[1, 2, 0, 1, 2, 0, 1, 2, 0, 1, 2, 0, 1, 2, 0, 0, 0, 0, 0, 0, 0, 0, 0, 0, 0, 0, 0, 0, 0, 0, 0, 0, 0]	nl	Diego Maradona, Daniel Passarella, Gerd Müller, Ferenc Puskás en Roberto Rivellino waren om verscheidene redenen niet beschikbaar, waardoor er in totaal 7 spelers ontbreken in de speciale uitgave.
['Daarbij', 'werd', 'hij', 'op', 'dat', 'moment', 'de', 'hoogst', 'gerangschikte', 'speler', 'van', 'Zwitserland', '.']	[0, 0, 0, 0, 0, 0, 0, 0, 0, 0, 0, 5, 0]	nl	Daarbij werd hij op dat moment de hoogst gerangschikte speler van Zwitserland.
['Thubten', 'Gyatso', 'stond', 'voor', 'de', 'ingewikkelde', 'opgaaf', 'om', 'tussen', 'al', 'deze', 'belangen', 'te', 'balanceren', '.']	[1, 2, 0, 0, 0, 0, 0, 0, 0, 0, 0, 0, 0, 0, 0]	nl	Thubten Gyatso stond voor de ingewikkelde opgaaf om tussen al deze belangen te balanceren.
['Hij', 'kon', 'zijn', 'werk', 'niet', 'voltooien', 'doordat', 'Paus', 'Pius', 'IV', 'overleed', 'en', 'de', 'kapel', 'nodig', 'was', 'voor', 'de', 'pausverkiezing', ',', 'waarbij', 'de', 'steiger', 'werd', 'verwijderd', '.']	[0, 0, 0, 0, 0, 0, 0, 1, 2, 2, 0, 0, 0, 0, 0, 0, 0, 0, 0, 0, 0, 0, 0, 0, 0, 0]	nl	Hij kon zijn werk niet voltooien doordat Paus Pius IV overleed en de kapel nodig was voor de pausverkiezing, waarbij de steiger werd verwijderd.
['In', '2011', 'stapte', 'hij', 'over', 'naar', 'SSC', 'Napoli', ',', 'waar', 'hij', 'vanaf', 'het', 'seizoen', '2011', '/', '12', 'een', 'vaste', 'waarde', 'was', '.']	[0, 0, 0, 0, 0, 0, 3, 4, 0, 0, 0, 0, 0, 0, 0, 0, 0, 0, 0, 0, 0, 0]	nl	In 2011 stapte hij over naar SSC Napoli, waar hij vanaf het seizoen 2011 / 12 een vaste waarde was.
['Chr.', 'door', 'Assurbanipal', 'onderworpen', 'en', 'het', 'land', 'verwoest', '.']	[0, 0, 1, 0, 0, 0, 0, 0, 0]	nl	Chr. door Assurbanipal onderworpen en het land verwoest.
['In', '2013', 'transfereerde', 'hij', 'naar', 'het', 'Schotse', 'Ross', 'County', 'FC', '.']	[0, 0, 0, 0, 0, 0, 7, 3, 4, 4, 0]	nl	In 2013 transfereerde hij naar het Schotse Ross County FC.
['Aan', 'het', 'eind', 'van', 'het', 'seizoen', 'werd', 'zijn', 'contract', 'niet', 'verlengd', 'en', 'werd', 'hij', 'vervangen', 'door', 'Alexander', 'Albon', '.']	[0, 0, 0, 0, 0, 0, 0, 0, 0, 0, 0, 0, 0, 0, 0, 0, 1, 2, 0]	nl	Aan het eind van het seizoen werd zijn contract niet verlengd en werd hij vervangen door Alexander Albon.
['Later', 'zou', 'hij', 'nog', 'eenmaal', 'deelnemen', 'aan', 'een', 'expeditie', 'naar', 'Antarctica', 'onder', 'leiding', 'van', ',', 'opnieuw', ',', 'Douglas', 'Mawson', '.']	[0, 0, 0, 0, 0, 0, 0, 0, 0, 0, 5, 0, 0, 0, 0, 0, 0, 1, 2, 0]	nl	Later zou hij nog eenmaal deelnemen aan een expeditie naar Antarctica onder leiding van, opnieuw, Douglas Mawson.
['Het', 'land', 'grenst', 'daarnaast', 'aan', 'de', 'Oostzee', 'en', 'Noordzee', '.']	[0, 0, 0, 0, 0, 0, 5, 0, 5, 0]	nl	Het land grenst daarnaast aan de Oostzee en Noordzee.
['Op', 'economisch', 'vlak', 'wordt', 'Douala', 'meestal', 'beschouwd', 'als', 'hoofdstad', ',', 'dit', 'door', 'de', 'economisch', 'zeer', 'belangrijke', 'haven', '.']	[0, 0, 0, 0, 5, 0, 0, 0, 0, 0, 0, 0, 0, 0, 0, 0, 0, 0]	nl	Op economisch vlak wordt Douala meestal beschouwd als hoofdstad, dit door de economisch zeer belangrijke haven.
['Hierin', 'debuteerde', 'hij', 'op', '19', 'juli', '2012', ',', 'toen', 'hij', 'in', 'de', 'basisopstelling', 'begon', 'tijdens', 'de', 'eerste', 'van', 'twee', 'wedstrijden', 'in', 'de', 'tweede', 'kwalificatieronde', 'van', 'het', 'toernooi', ',', 'uit', 'tegen', 'Lokomotiv', 'Plovdiv', '.']	[0, 0, 0, 0, 0, 0, 0, 0, 0, 0, 0, 0, 0, 0, 0, 0, 0, 0, 0, 0, 0, 0, 0, 0, 0, 0, 0, 0, 0, 0, 3, 4, 0]	nl	Hierin debuteerde hij op 19 juli 2012, toen hij in de basisopstelling begon tijdens de eerste van twee wedstrijden in de tweede kwalificatieronde van het toernooi, uit tegen Lokomotiv Plovdiv.
['Zijn', 'de', 'beelden', 'naar', 'alle', 'waarschijnlijkheid', 'illegaal', ',', 'dan', 'kijkt', 'Child', 'Focus', 'waar', 'de', 'beelden', 'worden', 'gehost', '.']	[0, 0, 0, 0, 0, 0, 0, 0, 0, 0, 3, 4, 0, 0, 0, 0, 0, 0]	nl	Zijn de beelden naar alle waarschijnlijkheid illegaal, dan kijkt Child Focus waar de beelden worden gehost.
['Andere', 'streken', 'die', 'ze', 'bezocht', 'waren', 'de', 'Hadramaut', 'en', 'Afghanistan', '.']	[0, 0, 0, 0, 0, 0, 0, 5, 0, 5, 0]	nl	Andere streken die ze bezocht waren de Hadramaut en Afghanistan.
"['De', 'ruïnehagedis', 'werd', 'voor', 'het', 'eerst', 'in', '1810', 'door', 'Constantine', 'Samuel', 'Rafinesque-Schmaltz', 'wetenschappelijk', 'beschreven', 'als', '""', 'Lacerta', 'sicula', '""', '.']"	[0, 0, 0, 0, 0, 0, 0, 0, 0, 1, 2, 2, 0, 0, 0, 0, 0, 0, 0, 0]	nl	"De ruïnehagedis werd voor het eerst in 1810 door Constantine Samuel Rafinesque-Schmaltz wetenschappelijk beschreven als ""Lacerta sicula""."
['Twee', 'derde', 'woont', 'in', 'het', 'nieuwe', 'deel', 'in', 'de', 'gemeente', 'Haarlemmermeer', '.']	[0, 0, 0, 0, 0, 0, 0, 0, 0, 0, 5, 0]	nl	Twee derde woont in het nieuwe deel in de gemeente Haarlemmermeer.
['Gedurende', 'de', '6', 'maanden', 'die', 'hij', 'in', 'Rusland', 'verbleef', ',', 'ontwikkelde', 'hij', 'nieuwe', 'grafische', 'methoden', 'voor', 'het', 'ontwerpen', 'van', 'opslagtanks', ',', 'methoden', 'die', 'hij', 'indiende', 'als', 'proefschrift', 'voor', 'een', 'doctoraat', '.']	[0, 0, 0, 0, 0, 0, 0, 5, 0, 0, 0, 0, 0, 0, 0, 0, 0, 0, 0, 0, 0, 0, 0, 0, 0, 0, 0, 0, 0, 0, 0]	nl	Gedurende de 6 maanden die hij in Rusland verbleef, ontwikkelde hij nieuwe grafische methoden voor het ontwerpen van opslagtanks, methoden die hij indiende als proefschrift voor een doctoraat.
['In', '1927', 'zong', 'ze', 'in', 'een', 'serie', 'theatershows', ',', 'waarin', 'ook', 'het', 'orkest', 'van', 'Duke', 'Ellington', 'optrad', '.']	[0, 0, 0, 0, 0, 0, 0, 0, 0, 0, 0, 0, 0, 0, 1, 2, 0, 0]	nl	In 1927 zong ze in een serie theatershows, waarin ook het orkest van Duke Ellington optrad.
['Zweden', 'wijzigde', 'bij', 'het', 'aangaan', 'van', 'de', 'unie', 'de', 'naam', 'van', 'zijn', 'munteenheid', ':', 'de', 'oude', 'rijksdaalder', 'werd', 'vervangen', 'door', 'de', 'kroon', '.']	[5, 0, 0, 0, 0, 0, 0, 0, 0, 0, 0, 0, 0, 0, 0, 0, 0, 0, 0, 0, 0, 0, 0]	nl	Zweden wijzigde bij het aangaan van de unie de naam van zijn munteenheid: de oude rijksdaalder werd vervangen door de kroon.
['Hij', 'gaf', 'toen', 'de', 'assist', 'waaruit', 'Denis', 'Suárez', 'het', 'enige', 'doelpunt', 'van', 'de', 'wedstrijd', 'inschoot', '.']	[0, 0, 0, 0, 0, 0, 1, 2, 0, 0, 0, 0, 0, 0, 0, 0]	nl	Hij gaf toen de assist waaruit Denis Suárez het enige doelpunt van de wedstrijd inschoot.
['De', 'wetenschappelijke', 'naam', 'van', 'de', 'soort', 'werd', 'voor', 'het', 'eerst', 'geldig', 'gepubliceerd', 'in', '1859', 'door', 'Carl', 'Ludwig', 'Doleschall', '.']	[0, 0, 0, 0, 0, 0, 0, 0, 0, 0, 0, 0, 0, 0, 0, 1, 2, 2, 0]	nl	De wetenschappelijke naam van de soort werd voor het eerst geldig gepubliceerd in 1859 door Carl Ludwig Doleschall.
['In', 'noordoostelijke', 'richting', 'gaat', 'het', 'over', 'in', 'het', 'Markermeer', ',', 'in', 'zuidoostelijke', 'richting', 'in', 'het', 'Gooimeer', '.']	[0, 0, 0, 0, 0, 0, 0, 0, 5, 0, 0, 0, 0, 0, 0, 5, 0]	nl	In noordoostelijke richting gaat het over in het Markermeer, in zuidoostelijke richting in het Gooimeer.
['Al', 'snel', 'na', 'de', 'invasie', 'begon', 'de', 'Jodenvervolging', '.']	[0, 0, 0, 0, 0, 0, 0, 7, 0]	nl	Al snel na de invasie begon de Jodenvervolging.
['De', 'Britse', 'chemicus', 'William', 'Hyde', 'Wollaston', 'vond', 'in', '1809', 'de', 'reflectiegoniometer', 'uit', '.']	[0, 0, 0, 1, 2, 2, 0, 0, 0, 0, 0, 0, 0]	nl	De Britse chemicus William Hyde Wollaston vond in 1809 de reflectiegoniometer uit.
['In', 'de', 'vorm', 'van', 'de', 'gouden', 'plaat', 'van', 'het', 'pioneerprogramma', 'en', 'de', 'Voyager', 'Golden', 'Record', ',', 'met', 'de', 'opzet', 'dat', 'een', 'eventuele', 'buitenaardse', 'intelligentie', 'de', 'berichten', 'misschien', 'zal', 'ontvangen', 'en', 'begrijpen', '.']	[0, 0, 0, 0, 0, 0, 0, 0, 0, 0, 0, 0, 7, 8, 8, 0, 0, 0, 0, 0, 0, 0, 0, 0, 0, 0, 0, 0, 0, 0, 0, 0]	nl	In de vorm van de gouden plaat van het pioneerprogramma en de Voyager Golden Record, met de opzet dat een eventuele buitenaardse intelligentie de berichten misschien zal ontvangen en begrijpen.
['Onder', 'zijn', 'leiding', 'laat', 'FC', 'Twente', 'goed', 'en', 'aantrekkelijk', 'voetbal', 'zien', '.']	[0, 0, 0, 0, 3, 4, 0, 0, 0, 0, 0, 0]	nl	Onder zijn leiding laat FC Twente goed en aantrekkelijk voetbal zien.
"['Het', 'nummer', 'ontstond', 'als', 'een', 'soort', 'extensie', 'van', '""', '""', 'Map', 'of', 'the', 'Problematique', '""', ',', 'maar', 'vormde', 'later', 'een', 'geheel', 'eigen', 'lied', '.']"	[0, 0, 0, 0, 0, 0, 0, 0, 0, 0, 7, 8, 8, 8, 0, 0, 0, 0, 0, 0, 0, 0, 0, 0]	nl	"Het nummer ontstond als een soort extensie van """" Map of the Problematique "", maar vormde later een geheel eigen lied."
"['""', 'Cryptotis', 'colombiana', '""', 'is', 'een', 'spitsmuis', 'uit', 'Colombia', '.']"	[0, 0, 0, 0, 0, 0, 0, 0, 5, 0]	nl	"""Cryptotis colombiana"" is een spitsmuis uit Colombia."
['Deze', 'goederen', 'bestonden', 'uit', 'een', 'aantal', 'boerderijen', 'en', 'huizen', 'in', 'onder', 'andere', 'Tiel', ',', 'Aalburg', 'en', 'Asch', '.']	[0, 0, 0, 0, 0, 0, 0, 0, 0, 0, 0, 0, 5, 0, 5, 0, 5, 0]	nl	Deze goederen bestonden uit een aantal boerderijen en huizen in onder andere Tiel, Aalburg en Asch.
['Het', 'hele', 'gebied', 'wordt', 'nu', 'nog', 'steeds', 'als', 'een', 'van', 'de', 'mooiste', 'natuurgebieden', 'in', 'de', 'Verenigde', 'Staten', 'gezien', '.']	[0, 0, 0, 0, 0, 0, 0, 0, 0, 0, 0, 0, 0, 0, 0, 5, 6, 0, 0]	nl	Het hele gebied wordt nu nog steeds als een van de mooiste natuurgebieden in de Verenigde Staten gezien.
['Nadien', 'heeft', 'het', 'fokcentrum', 'zeker', '400', 'wisenten', 'grootgebracht', ',', 'om', 'deze', 'later', 'weer', 'uit', 'te', 'zetten', 'in', 'gebieden', 'in', 'Rusland', '(', 'en', 'elders', ')', 'waar', 'ze', 'ooit', 'voorkwamen', '.']	[0, 0, 0, 0, 0, 0, 0, 0, 0, 0, 0, 0, 0, 0, 0, 0, 0, 0, 0, 5, 0, 0, 0, 0, 0, 0, 0, 0, 0]	nl	Nadien heeft het fokcentrum zeker 400 wisenten grootgebracht, om deze later weer uit te zetten in gebieden in Rusland (en elders) waar ze ooit voorkwamen.
['Na', 'de', 'Tweede', 'Wereldoorlog', 'werd', 'het', 'konijn', 'een', 'populair', 'gezelschapsdier', '.']	[0, 0, 7, 8, 0, 0, 0, 0, 0, 0, 0]	nl	Na de Tweede Wereldoorlog werd het konijn een populair gezelschapsdier.
['Na', 'het', 'overlijden', 'van', 'Antonio', 'Puerta', 'in', 'augustus', '2007', 'schoof', 'hij', 'definitief', 'door', 'naar', 'het', 'eerste', 'elftal', '.']	[0, 0, 0, 0, 1, 2, 0, 0, 0, 0, 0, 0, 0, 0, 0, 0, 0, 0]	nl	Na het overlijden van Antonio Puerta in augustus 2007 schoof hij definitief door naar het eerste elftal.
"['""', 'To', 'Bring', 'You', 'My', 'Love', '""', 'was', 'wereldwijd', 'een', 'succes', 'en', 'verkocht', 'meer', 'dan', '1', 'miljoen', 'exemplaren', '.']"	[0, 7, 8, 8, 8, 8, 0, 0, 0, 0, 0, 0, 0, 0, 0, 0, 0, 0, 0]	nl	"""To Bring You My Love"" was wereldwijd een succes en verkocht meer dan 1 miljoen exemplaren."
['Hij', 'tekende', 'in', 'september', '2019', 'een', 'eenjarige', 'verbintenis', 'bij', 'Hannover', '96', ',', 'dat', 'hem', 'transfervrij', 'overnam', 'van', 'VfB', 'Stuttgart', '.']	[0, 0, 0, 0, 0, 0, 0, 0, 0, 3, 4, 0, 0, 0, 0, 0, 0, 3, 4, 0]	nl	Hij tekende in september 2019 een eenjarige verbintenis bij Hannover 96, dat hem transfervrij overnam van VfB Stuttgart.
"['Het', 'begrip', ""'"", 'Nedersaksisch', ""'"", 'wordt', 'nog', 'nauwelijks', 'geaccepteerd', ',', 'vrijwel', 'alleen', 'historisch', 'taalkundigen', 'hanteren', 'het', 'begrip', '.']"	[0, 0, 0, 7, 0, 0, 0, 0, 0, 0, 0, 0, 0, 0, 0, 0, 0, 0]	nl	Het begrip 'Nedersaksisch' wordt nog nauwelijks geaccepteerd, vrijwel alleen historisch taalkundigen hanteren het begrip.
['Door', 'de', 'sterke', 'immigratiedruk', 'vanuit', 'Rotterdam', 'wordt', 'dit', 'dialect', 'in', 'zijn', 'voortbestaan', 'bedreigd', '.']	[0, 0, 0, 0, 0, 5, 0, 0, 0, 0, 0, 0, 0, 0]	nl	Door de sterke immigratiedruk vanuit Rotterdam wordt dit dialect in zijn voortbestaan bedreigd.
['Op', '16', 'februari', '2004', 'werd', 'in', 'Bangkok', '(', 'Thailand', ')', 'bekendgemaakt', ',', 'dat', 'een', 'luipaard', 'aan', 'het', 'H5N1', '-', 'virus', 'was', 'bezweken', 'en', 'dat', 'een', 'tijger', 'aan', 'het', 'herstellen', 'was', 'van', 'een', 'infectie', 'met', 'het', 'virus', '.']	[0, 0, 0, 0, 0, 0, 5, 0, 5, 0, 0, 0, 0, 0, 0, 0, 0, 0, 0, 0, 0, 0, 0, 0, 0, 0, 0, 0, 0, 0, 0, 0, 0, 0, 0, 0, 0]	nl	Op 16 februari 2004 werd in Bangkok (Thailand) bekendgemaakt, dat een luipaard aan het H5N1 - virus was bezweken en dat een tijger aan het herstellen was van een infectie met het virus.
['Het', 'is', 'daarmee', 'de', 'vijfde', 'gemeente', 'van', 'het', 'Zwitserse', 'kanton', 'Graubünden', '.']	[0, 0, 0, 0, 0, 0, 0, 0, 7, 0, 5, 0]	nl	Het is daarmee de vijfde gemeente van het Zwitserse kanton Graubünden.
['Zijn', 'opvolger', 'werd', 'de', 'sociaaldemocratische', 'leider', 'Francisco', 'Largo', 'Caballero', '.']	[0, 0, 0, 0, 0, 0, 1, 2, 2, 0]	nl	Zijn opvolger werd de sociaaldemocratische leider Francisco Largo Caballero.
['In', '1899', 'gaf', 'hij', 'een', 'concert', 'met', 'de', 'Berliner', 'Philharmoniker', ',', 'waarmee', 'hij', 'naam', 'maakte', '.']	[0, 0, 0, 0, 0, 0, 0, 0, 3, 4, 0, 0, 0, 0, 0, 0]	nl	In 1899 gaf hij een concert met de Berliner Philharmoniker, waarmee hij naam maakte.
['Door', 'de', 'vlugge', 'uitschakeling', 'van', 'het', 'fort', 'en', 'het', 'intact', 'blijven', 'van', 'twee', 'bruggen', 'over', 'het', 'Albertkanaal', 'kon', 'het', 'Duitse', 'leger', 'snel', 'doorstoten', '.']	[0, 0, 0, 0, 0, 0, 0, 0, 0, 0, 0, 0, 0, 0, 0, 0, 5, 0, 0, 7, 0, 0, 0, 0]	nl	Door de vlugge uitschakeling van het fort en het intact blijven van twee bruggen over het Albertkanaal kon het Duitse leger snel doorstoten.
['In', '1920', 'werd', 'de', 'stad', 'geannexeerd', 'door', 'Roemenië', '.']	[0, 0, 0, 0, 0, 0, 0, 5, 0]	nl	In 1920 werd de stad geannexeerd door Roemenië.
['De', 'tussen', '1907', 'en', '1911', 'gebouwde', 'brug', 'vormt', 'met', 'het', 'Köln', 'Hauptbahnhof', 'een', 'van', 'de', 'belangrijkste', 'knooppunten', 'van', 'het', 'Duitse', 'en', 'Europese', 'spoornet', '.']	[0, 0, 0, 0, 0, 0, 0, 0, 0, 0, 5, 6, 0, 0, 0, 0, 0, 0, 0, 7, 0, 0, 0, 0]	nl	De tussen 1907 en 1911 gebouwde brug vormt met het Köln Hauptbahnhof een van de belangrijkste knooppunten van het Duitse en Europese spoornet.
['Rinus', 'Michels', 'maakte', 'in', 'de', 'aanloop', 'weinig', 'gebruik', 'van', 'de', 'verdediger', '.']	[1, 2, 0, 0, 0, 0, 0, 0, 0, 0, 0, 0]	nl	Rinus Michels maakte in de aanloop weinig gebruik van de verdediger.
['Ook', 'in', 'Forge', 'of', 'Empires', 'wordt', 'het', 'gebruikt', '.']	[0, 0, 7, 8, 8, 0, 0, 0, 0]	nl	Ook in Forge of Empires wordt het gebruikt.
['Het', 'meer', 'wordt', 'dan', 'tijdelijk', 'het', 'grootste', 'zoetwatermeer', 'in', 'Zuidoost-Azië', '.']	[0, 0, 0, 0, 0, 0, 0, 0, 0, 5, 0]	nl	Het meer wordt dan tijdelijk het grootste zoetwatermeer in Zuidoost-Azië.
"['In', 'Frankrijk', 'noemt', 'men', 'frieten', '""', 'pommes', 'frites', '""', '.']"	[0, 5, 0, 0, 0, 0, 0, 0, 0, 0]	nl	"In Frankrijk noemt men frieten ""pommes frites""."
"['Het', 'is', 'de', 'tweede', 'verfilming', 'van', 'het', 'toneelstuk', '""', 'Gestern', 'und', 'heute', '""', 'van', 'Christa', 'Winsloe', '.']"	[0, 0, 0, 0, 0, 0, 0, 0, 0, 0, 0, 0, 0, 0, 1, 2, 0]	nl	"Het is de tweede verfilming van het toneelstuk ""Gestern und heute"" van Christa Winsloe."
"['In', 'het', 'bijzonder', 'Isaac', 'Barrow', 'wordt', 'vaak', 'gecrediteerd', 'met', 'de', 'vroege', 'ontwikkeling', 'van', 'het', '""', 'afgeleide', '""', 'begrip', '.']"	[0, 0, 0, 1, 2, 0, 0, 0, 0, 0, 0, 0, 0, 0, 0, 0, 0, 0, 0]	nl	"In het bijzonder Isaac Barrow wordt vaak gecrediteerd met de vroege ontwikkeling van het ""afgeleide"" begrip."
"['Oud-voetballer', 'René', 'van', 'der', 'Gijp', 'maakte', 'hier', 'een', 'nieuwe', 'variant', 'op', ',', 'genaamd', '""', ""M'n"", 'zusje', 'komt', 'zo', '""', '.']"	[0, 1, 2, 2, 2, 0, 0, 0, 0, 0, 0, 0, 0, 0, 0, 0, 0, 0, 0, 0]	nl	"Oud-voetballer René van der Gijp maakte hier een nieuwe variant op, genaamd ""M'n zusje komt zo""."
['In', '2015', 'verkaste', 'hij', 'naar', 'SC', 'Freiburg', ',', 'waar', 'hij', 'voor', 'drie', 'jaar', 'tekende', '.']	[0, 0, 0, 0, 0, 3, 4, 0, 0, 0, 0, 0, 0, 0, 0]	nl	In 2015 verkaste hij naar SC Freiburg, waar hij voor drie jaar tekende.
['Newwavers', 'luisterden', 'in', 'de', 'jaren', '1980', 'zowel', 'naar', 'gitaarmuziek', 'zoals', 'The', 'Sisters', 'of', 'Mercy', ',', 'naar', 'electro', 'of', 'electronic', 'body', 'music', 'zoals', 'Front', '242', ',', 'als', 'naar', 'industrial', 'zoals', 'Einstürzende', 'Neubauten', '.']	[0, 0, 0, 0, 0, 0, 0, 0, 0, 0, 3, 4, 4, 4, 0, 0, 0, 0, 0, 0, 0, 0, 3, 4, 0, 0, 0, 0, 0, 3, 4, 0]	nl	Newwavers luisterden in de jaren 1980 zowel naar gitaarmuziek zoals The Sisters of Mercy, naar electro of electronic body music zoals Front 242, als naar industrial zoals Einstürzende Neubauten.
['De', 'stad', 'werd', 'vernoemd', 'naar', 'generaal', 'Mariano', 'Guadalupe', 'Vallejo', '.']	[0, 0, 0, 0, 0, 0, 1, 2, 2, 0]	nl	De stad werd vernoemd naar generaal Mariano Guadalupe Vallejo.
['Ze', 'is', 'op', 'de', 'meeste', 'platen', 'van', 'Sun', 'Ra', 'uit', 'die', 'periode', 'ook', 'te', 'horen', '.']	[0, 0, 0, 0, 0, 0, 0, 1, 2, 0, 0, 0, 0, 0, 0, 0]	nl	Ze is op de meeste platen van Sun Ra uit die periode ook te horen.
"['Het', 'spel', 'kwam', 'in', '1992', 'uit', 'voor', 'het', 'platform', '""', 'Nintendo', 'Entertainment', 'System', '""', '.']"	[0, 0, 0, 0, 0, 0, 0, 0, 0, 0, 7, 8, 8, 0, 0]	nl	"Het spel kwam in 1992 uit voor het platform ""Nintendo Entertainment System""."
['De', 'wetenschappelijke', 'naam', 'van', 'de', 'soort', 'werd', 'in', '1870', 'gepubliceerd', 'door', 'Otto', 'Staudinger', '.']	[0, 0, 0, 0, 0, 0, 0, 0, 0, 0, 0, 1, 2, 0]	nl	De wetenschappelijke naam van de soort werd in 1870 gepubliceerd door Otto Staudinger.
['praalgraven', 'van', 'de', 'verloskundige', 'Jan', 'Palfijn', ',', 'uitvinder', 'van', 'de', 'verlostang', '.']	[0, 0, 0, 0, 1, 2, 0, 0, 0, 0, 0, 0]	nl	praalgraven van de verloskundige Jan Palfijn, uitvinder van de verlostang.
['Na', 'de', 'Tweede', 'Wereldoorlog', 'groeide', 'de', 'luchtvaartindustrie', 'sterk', ',', 'zoals', 'Lockheed', ',', 'Convair', 'en', 'later', 'de', 'ruimtevaart', '.']	[0, 0, 7, 8, 0, 0, 0, 0, 0, 0, 3, 0, 3, 0, 0, 0, 0, 0]	nl	Na de Tweede Wereldoorlog groeide de luchtvaartindustrie sterk, zoals Lockheed, Convair en later de ruimtevaart.
['FC', 'Twente', 'verloor', 'die', 'wedstrijd', '.']	[3, 4, 0, 0, 0, 0]	nl	FC Twente verloor die wedstrijd.
['Tijdens', 'de', 'Eerste', 'Wereldoorlog', 'waren', 'er', 'enige', 'honderden', 'soldaten', 'gelegerd', 'in', 'het', 'fort', '.']	[0, 0, 7, 8, 0, 0, 0, 0, 0, 0, 0, 0, 0, 0]	nl	Tijdens de Eerste Wereldoorlog waren er enige honderden soldaten gelegerd in het fort.
['Hij', 'maakte', 'zijn', 'debuut', 'voor', 'Sparta', 'Rotterdam', 'door', 'in', 'de', 'gewonnen', 'wedstrijd', 'tegen', 'SC', 'Cambuur', 'in', 'de', 'basis', 'te', 'starten', '.']	[0, 0, 0, 0, 0, 3, 4, 0, 0, 0, 0, 0, 0, 3, 4, 0, 0, 0, 0, 0, 0]	nl	Hij maakte zijn debuut voor Sparta Rotterdam door in de gewonnen wedstrijd tegen SC Cambuur in de basis te starten.
['Sindsdien', 'maakten', 'daardoor', 'ook', 'de', 'kernen', 'Gronsveld', 'en', 'Rijckholt', 'deel', 'uit', 'van', 'de', 'gemeente', '.']	[0, 0, 0, 0, 0, 0, 5, 0, 5, 0, 0, 0, 0, 0, 0]	nl	Sindsdien maakten daardoor ook de kernen Gronsveld en Rijckholt deel uit van de gemeente.
['Opnieuw', 'viel', 'hij', 'op', 'en', 'in', '2009', 'tekende', 'hij', 'een', 'contract', 'bij', 'de', 'Mexicaanse', 'topclub', 'Club', 'América', '.']	[0, 0, 0, 0, 0, 0, 0, 0, 0, 0, 0, 0, 0, 7, 0, 3, 4, 0]	nl	Opnieuw viel hij op en in 2009 tekende hij een contract bij de Mexicaanse topclub Club América.
['Haïti', 'behoort', 'dan', 'ook', 'tot', 'de', 'mislukte', 'staten', '.']	[5, 0, 0, 0, 0, 0, 0, 0, 0]	nl	Haïti behoort dan ook tot de mislukte staten.
['Het', 'regionaal', 'openbaar', 'vervoer', 'wordt', 'verzorgd', 'door', 'de', 'Metropolitan', 'Transportation', 'Authority', '.']	[0, 0, 0, 0, 0, 0, 0, 0, 3, 4, 4, 0]	nl	Het regionaal openbaar vervoer wordt verzorgd door de Metropolitan Transportation Authority.
['Sinds', '2011', 'staan', 'er', 'in', 'de', 'zomermaanden', 'strandhuisjes', 'van', 'Landal', 'GreenParks', 'bij', 'Julianadorp', 'aan', 'Zee', '.']	[0, 0, 0, 0, 0, 0, 0, 0, 0, 3, 4, 0, 5, 6, 6, 0]	nl	Sinds 2011 staan er in de zomermaanden strandhuisjes van Landal GreenParks bij Julianadorp aan Zee.
['De', 'VARA', 'werd', 'veroordeeld', 'tot', 'een', 'rectificatie', 'en', 'een', 'schadevergoeding', '.']	[0, 3, 0, 0, 0, 0, 0, 0, 0, 0, 0]	nl	De VARA werd veroordeeld tot een rectificatie en een schadevergoeding.
['Het', 'ontsproot', 'eerder', 'uit', 'zijn', 'gevoel', 'navolger', 'te', 'zijn', 'van', 'de', 'Renaissance', 'en', 'de', 'Verlichting', '.']	[0, 0, 0, 0, 0, 0, 0, 0, 0, 0, 0, 7, 0, 0, 7, 0]	nl	Het ontsproot eerder uit zijn gevoel navolger te zijn van de Renaissance en de Verlichting.
['Om', '15.45', 'had', 'zich', 'een', 'groep', 'van', '300', 'mensen', 'verzameld', 'voor', 'de', 'rechtbank', 'van', 'Los', 'Angeles', 'County', '.']	[0, 0, 0, 0, 0, 0, 0, 0, 0, 0, 0, 0, 0, 0, 5, 6, 6, 0]	nl	Om 15.45 had zich een groep van 300 mensen verzameld voor de rechtbank van Los Angeles County.
['Hij', 'viel', 'die', 'dag', 'uit', 'bij', 'RKC', 'Waalwijk', 'in', 'de', '82e', 'minuut', 'in', 'voor', 'Marc', 'Janko', '.']	[0, 0, 0, 0, 0, 0, 3, 4, 0, 0, 0, 0, 0, 0, 1, 2, 0]	nl	Hij viel die dag uit bij RKC Waalwijk in de 82e minuut in voor Marc Janko.
['Hij', 'was', 'die', 'dag', 'matchwinner', 'in', 'een', 'met', '2', '–', '1', 'gewonnen', 'wedstrijd', 'tegen', 'VfL', 'Wolfsburg', '.']	[0, 0, 0, 0, 0, 0, 0, 0, 0, 0, 0, 0, 0, 0, 3, 4, 0]	nl	Hij was die dag matchwinner in een met 2 – 1 gewonnen wedstrijd tegen VfL Wolfsburg.
['Vanaf', 'de', 'F-pupillen', 'speelde', 'hij', 'in', 'de', 'jeugdopleiding', 'van', 'Sparta', 'Rotterdam', '.']	[0, 0, 0, 0, 0, 0, 0, 0, 0, 3, 4, 0]	nl	Vanaf de F-pupillen speelde hij in de jeugdopleiding van Sparta Rotterdam.
['Hoewel', 'de', 'mankracht', 'van', 'de', 'Wehrmacht', 'in', '1943', 'tot', 'boven', 'de', 'twaalf', 'miljoen', 'steeg', ',', 'viel', 'de', 'sterkte', 'aan', 'het', 'oostfront', 'onder', 'de', 'drie', 'miljoen', ',', 'mede', 'omdat', 'de', 'meesten', 'er', 'alles', 'aan', 'deden', 'om', 'elders', 'ingezet', 'te', 'worden', '.']	[0, 0, 0, 0, 0, 3, 0, 0, 0, 0, 0, 0, 0, 0, 0, 0, 0, 0, 0, 0, 0, 0, 0, 0, 0, 0, 0, 0, 0, 0, 0, 0, 0, 0, 0, 0, 0, 0, 0, 0]	nl	Hoewel de mankracht van de Wehrmacht in 1943 tot boven de twaalf miljoen steeg, viel de sterkte aan het oostfront onder de drie miljoen, mede omdat de meesten er alles aan deden om elders ingezet te worden.
['Veel', 'van', 'zijn', 'orden', 'gaf', 'hij', 'in', 'bruikleen', 'aan', 'het', 'Museum', 'van', 'de', 'Kanselarij', 'van', 'de', 'Nederlandse', 'Ridderorden', 'op', 'Paleis', 'Het', 'Loo', '.']	[0, 0, 0, 0, 0, 0, 0, 0, 0, 0, 5, 6, 6, 6, 6, 6, 6, 6, 0, 5, 6, 6, 0]	nl	Veel van zijn orden gaf hij in bruikleen aan het Museum van de Kanselarij van de Nederlandse Ridderorden op Paleis Het Loo.
['Deze', 'wedstrijd', 'werd', 'met', '2', '-', '0', 'verloren', 'van', 'Werder', 'Bremen', '.']	[0, 0, 0, 0, 0, 0, 0, 0, 0, 3, 4, 0]	nl	Deze wedstrijd werd met 2 - 0 verloren van Werder Bremen.
['Het', 'komt', 'alleen', 'in', 'Nederland', 'veel', 'voor', '.']	[0, 0, 0, 0, 5, 0, 0, 0]	nl	Het komt alleen in Nederland veel voor.
['Hij', 'debuteerde', 'op', '13', 'oktober', '2007', 'in', 'een', 'vriendschappelijke', 'interland', 'tegen', 'Finland', '.']	[0, 0, 0, 0, 0, 0, 0, 0, 0, 0, 0, 5, 0]	nl	Hij debuteerde op 13 oktober 2007 in een vriendschappelijke interland tegen Finland.
['In', 'het', 'begin', 'van', 'zijn', 'acteercarrière', 'speelde', 'hij', 'vooral', 'mee', 'in', 'toneelstukken', 'in', 'Wenen', '.']	[0, 0, 0, 0, 0, 0, 0, 0, 0, 0, 0, 0, 0, 5, 0]	nl	In het begin van zijn acteercarrière speelde hij vooral mee in toneelstukken in Wenen.
['Een', 'familie', 'onder', 'deze', 'naam', 'wordt', 'algemeen', 'erkend', 'door', 'systemen', 'voor', 'plantentaxonomie', ',', 'en', 'ook', 'door', 'het', 'APG-systeem', '(', '1998', ')', '.']	[0, 0, 0, 0, 0, 0, 0, 0, 0, 0, 0, 0, 0, 0, 0, 0, 0, 7, 0, 0, 0, 0]	nl	Een familie onder deze naam wordt algemeen erkend door systemen voor plantentaxonomie, en ook door het APG-systeem (1998).
['Hij', 'begon', 'zijn', 'voetbalcarrière', 'bij', 'Asante', 'Kotoko', 'in', 'zijn', 'geboortestad', 'Kumasi', '.']	[0, 0, 0, 0, 0, 3, 4, 0, 0, 0, 5, 0]	nl	Hij begon zijn voetbalcarrière bij Asante Kotoko in zijn geboortestad Kumasi.
['De', 'Rode', 'Zee', 'bleef', 'vrij', 'voor', 'geallieerd', 'transport', '.']	[0, 5, 6, 0, 0, 0, 0, 0, 0]	nl	De Rode Zee bleef vrij voor geallieerd transport.
['In', '1820', 'trad', 'hij', ',', 'na', 'eerder', 'afgewezen', 'te', 'zijn', ',', 'in', 'dienst', 'bij', 'de', 'Koninklijke', 'Marine', '.']	[0, 0, 0, 0, 0, 0, 0, 0, 0, 0, 0, 0, 0, 0, 0, 3, 4, 0]	nl	In 1820 trad hij, na eerder afgewezen te zijn, in dienst bij de Koninklijke Marine.
['Naar', 'het', 'einde', 'van', 'zijn', 'leven', 'legde', 'hij', 'zich', 'steeds', 'meer', 'toe', 'op', 'schilderen', 'en', 'vissen', 'in', 'het', 'schilderachtige', 'Samois-sur-Seine', '.']	[0, 0, 0, 0, 0, 0, 0, 0, 0, 0, 0, 0, 0, 0, 0, 0, 0, 0, 0, 5, 0]	nl	Naar het einde van zijn leven legde hij zich steeds meer toe op schilderen en vissen in het schilderachtige Samois-sur-Seine.
['In', 'de', 'nabijheid', 'van', 'een', 'voorde', 'in', 'de', 'Wezer', 'werd', 'op', 'een', 'vier', 'meter', 'hoog', 'natuurlijk', 'terras', 'over', 'een', 'bron', 'een', 'eenvoudige', 'zaalkerk', 'gebouwd', '.']	[0, 0, 0, 0, 0, 0, 0, 0, 5, 0, 0, 0, 0, 0, 0, 0, 0, 0, 0, 0, 0, 0, 0, 0, 0]	nl	In de nabijheid van een voorde in de Wezer werd op een vier meter hoog natuurlijk terras over een bron een eenvoudige zaalkerk gebouwd.
['De', 'grijze', 'herfstuil', 'is', 'in', 'Nederland', 'en', 'België', 'een', 'zeldzame', 'soort', ',', 'in', 'Nederland', 'beperkt', 'de', 'soort', 'zich', 'tot', 'de', 'zuidelijke', 'helft', 'van', 'het', 'land', '.']	[0, 0, 0, 0, 0, 5, 0, 5, 0, 0, 0, 0, 0, 5, 0, 0, 0, 0, 0, 0, 0, 0, 0, 0, 0, 0]	nl	De grijze herfstuil is in Nederland en België een zeldzame soort, in Nederland beperkt de soort zich tot de zuidelijke helft van het land.
['Tijdens', 'de', 'periode', 'van', 'de', 'split', 'van', 'de', 'Eagles', ',', 'tussen', '1980', 'en', '1994', ',', 'begon', 'hij', 'aan', 'een', 'solocarrière', 'als', 'singer-songwriter', '.']	[0, 0, 0, 0, 0, 0, 0, 0, 3, 0, 0, 0, 0, 0, 0, 0, 0, 0, 0, 0, 0, 0, 0]	nl	Tijdens de periode van de split van de Eagles, tussen 1980 en 1994, begon hij aan een solocarrière als singer-songwriter.
"['""', 'Schuldig', 'in', 'eigen', 'ogen', '""', 'is', 'een', 'detectiveverhaal', 'van', 'Agatha', 'Christie', '.']"	[0, 0, 0, 0, 0, 0, 0, 0, 0, 0, 1, 2, 0]	nl	"""Schuldig in eigen ogen"" is een detectiveverhaal van Agatha Christie."
['Dit', 'zou', 'tevens', 'de', 'eerste', 'grote', 'film', 'van', 'Anton', 'Corbijn', 'worden', '.']	[0, 0, 0, 0, 0, 0, 0, 0, 1, 2, 0, 0]	nl	Dit zou tevens de eerste grote film van Anton Corbijn worden.
['Het', 'park', 'is', '435', 'ha', 'groot', 'en', 'beslaat', 'de', 'zuidelijke', 'kaap', 'van', 'Botany', 'Bay', '.']	[0, 0, 0, 0, 0, 0, 0, 0, 0, 0, 0, 0, 5, 6, 0]	nl	Het park is 435 ha groot en beslaat de zuidelijke kaap van Botany Bay.
['Het', 'seizoen', '1992', '/', '93', 'werd', 'het', 'laatste', 'seizoen', 'bij', 'FC', 'Twente', '.']	[0, 0, 0, 0, 0, 0, 0, 0, 0, 0, 3, 4, 0]	nl	Het seizoen 1992 / 93 werd het laatste seizoen bij FC Twente.
['Het', 'gebied', 'wordt', 'aan', 'de', 'westkant', 'begrensd', 'door', 'de', 'achtbaan', 'Zuid-Chinese', 'zee', ',', 'die', 'gebouwd', 'is', 'op', 'de', 'rand', 'van', 'de', 'afgronden', 'aan', 'de', 'regenwoud', '.']	[0, 0, 0, 0, 0, 0, 0, 0, 0, 0, 5, 6, 0, 0, 0, 0, 0, 0, 0, 0, 0, 0, 0, 0, 0, 0]	nl	Het gebied wordt aan de westkant begrensd door de achtbaan Zuid-Chinese zee, die gebouwd is op de rand van de afgronden aan de regenwoud.
['De', 'wetenschappelijke', 'naam', 'van', 'de', 'soort', 'is', 'voor', 'het', 'eerst', 'geldig', 'gepubliceerd', 'in', '1770', 'door', 'Dru', 'Drury', '.']	[0, 0, 0, 0, 0, 0, 0, 0, 0, 0, 0, 0, 0, 0, 0, 1, 2, 0]	nl	De wetenschappelijke naam van de soort is voor het eerst geldig gepubliceerd in 1770 door Dru Drury.
['Roger', 'Ebert', 'gaf', 'de', 'film', '3,5', 'uit', '4', 'sterren', '.']	[1, 2, 0, 0, 0, 0, 0, 0, 0, 0]	nl	Roger Ebert gaf de film 3,5 uit 4 sterren.
"['Hij', 'was', 'echter', 'niet', 'tevreden', 'en', 'reisde', 'af', 'naar', 'Rwanda', 'om', 'wilde', 'berggorilla', ""'s"", 'te', 'bestuderen', '.']"	[0, 0, 0, 0, 0, 0, 0, 0, 0, 5, 0, 0, 0, 0, 0, 0, 0]	nl	Hij was echter niet tevreden en reisde af naar Rwanda om wilde berggorilla 's te bestuderen.
['Dit', 'is', 'de', 'periode', 'van', 'zeer', 'grote', 'vertaalprojecten', 'vanuit', 'het', 'Sanskriet', 'naar', 'het', 'Tibetaans', '.']	[0, 0, 0, 0, 0, 0, 0, 0, 0, 0, 7, 0, 0, 7, 0]	nl	Dit is de periode van zeer grote vertaalprojecten vanuit het Sanskriet naar het Tibetaans.
['In', '2004', 'verkaste', 'de', 'middenvelder', 'naar', 'VfL', 'Wolfsburg', '.']	[0, 0, 0, 0, 0, 0, 3, 4, 0]	nl	In 2004 verkaste de middenvelder naar VfL Wolfsburg.
['Ook', 'soera', 'Het', 'Licht', '31', 'en', 'verschillende', 'Ahadith', 'maken', 'gewag', 'van', 'de', 'verplichting', 'tot', 'het', 'dragen', 'van', 'hoofddoeken', 'en', 'sluiers', 'voor', 'gelovige', 'vrouwen', '.']	[0, 7, 8, 8, 0, 0, 0, 7, 0, 0, 0, 0, 0, 0, 0, 0, 0, 0, 0, 0, 0, 0, 0, 0]	nl	Ook soera Het Licht 31 en verschillende Ahadith maken gewag van de verplichting tot het dragen van hoofddoeken en sluiers voor gelovige vrouwen.
['Daar', 'zou', 'hij', 'reservedoelman', 'zijn', 'van', 'de', 'ploeg', ',', 'die', 'de', 'promotie', 'naar', 'de', 'Primera', 'División', 'afdwong', '.']	[0, 0, 0, 0, 0, 0, 0, 0, 0, 0, 0, 0, 0, 0, 3, 4, 0, 0]	nl	Daar zou hij reservedoelman zijn van de ploeg, die de promotie naar de Primera División afdwong.
['Het', 'bevat', 'pinguïns', 'in', 'plaats', 'van', 'lemmingen', 'die', 'geïnspireerd', 'zijn', 'op', 'Tux', ',', 'de', 'mascotte', 'van', 'Linux', '.']	[0, 0, 0, 0, 0, 0, 0, 0, 0, 0, 0, 7, 0, 0, 0, 0, 7, 0]	nl	Het bevat pinguïns in plaats van lemmingen die geïnspireerd zijn op Tux, de mascotte van Linux.
['Hij', 'was', 'van', 'september', '2011', 'tot', 'september', '2017', 'president', 'van', 'Singapore', '.']	[0, 0, 0, 0, 0, 0, 0, 0, 0, 0, 5, 0]	nl	Hij was van september 2011 tot september 2017 president van Singapore.
['Voor', 'haar', 'rol', 'in', 'de', 'laatste', 'film', 'werd', 'ze', 'genomineerd', 'voor', 'een', 'Young', 'Artist', 'Award', '.']	[0, 0, 0, 0, 0, 0, 0, 0, 0, 0, 0, 0, 3, 4, 4, 0]	nl	Voor haar rol in de laatste film werd ze genomineerd voor een Young Artist Award.
['In', '1989', ',', 'toen', 'de', 'onafhankelijkheidsbeweging', 'Rahvarinne', 'de', 'overhand', 'kreeg', ',', 'werd', 'het', 'monument', 'opnieuw', 'opgebouwd', '.']	[0, 0, 0, 0, 0, 0, 3, 0, 0, 0, 0, 0, 0, 0, 0, 0, 0]	nl	In 1989, toen de onafhankelijkheidsbeweging Rahvarinne de overhand kreeg, werd het monument opnieuw opgebouwd.
['Eerder', 'had', 'hij', 'in', 'de', 'halve', 'finale', 'zijn', 'persoonlijk', 'record', 'van', '6,54', ',', 'enkele', 'weken', 'daarvoor', 'in', 'Boston', 'gelopen', ',', 'geëvenaard', '.']	[0, 0, 0, 0, 0, 0, 0, 0, 0, 0, 0, 0, 0, 0, 0, 0, 0, 5, 0, 0, 0, 0]	nl	Eerder had hij in de halve finale zijn persoonlijk record van 6,54, enkele weken daarvoor in Boston gelopen, geëvenaard.
['Van', '1955', 'tot', '1977', 'was', 'zij', 'werkzaam', 'als', 'advocaat', 'en', 'procureur', 'in', 'haar', 'woonplaats', 'Bussum', '.']	[0, 0, 0, 0, 0, 0, 0, 0, 0, 0, 0, 0, 0, 0, 5, 0]	nl	Van 1955 tot 1977 was zij werkzaam als advocaat en procureur in haar woonplaats Bussum.
"['Sinds', 'de', 'invoering', 'van', 'het', 'geregistreerd', 'partnerschap', 'in', 'onder', 'andere', 'Nederland', ',', 'kunnen', 'ook', 'hieruit', 'feestelijke', 'vieringen', 'voortvloeien', ',', 'evenals', 'het', 'zoveel', 'jaar', '""', 'officieel', '""', 'samenwonend', 'zijn', '.']"	[0, 0, 0, 0, 0, 0, 0, 0, 0, 0, 5, 0, 0, 0, 0, 0, 0, 0, 0, 0, 0, 0, 0, 0, 0, 0, 0, 0, 0]	nl	"Sinds de invoering van het geregistreerd partnerschap in onder andere Nederland, kunnen ook hieruit feestelijke vieringen voortvloeien, evenals het zoveel jaar ""officieel"" samenwonend zijn."
['Daardoor', 'kregen', 'de', 'gebieden', 'tussen', 'de', 'veengebieden', 'en', 'de', 'dichtgeslibde', 'Middelzee', 'veel', 'water', 'te', 'verwerken', 'dat', 'ze', 'moeilijk', 'konden', 'afvoeren', '.']	[0, 0, 0, 0, 0, 0, 0, 0, 0, 0, 5, 0, 0, 0, 0, 0, 0, 0, 0, 0, 0]	nl	Daardoor kregen de gebieden tussen de veengebieden en de dichtgeslibde Middelzee veel water te verwerken dat ze moeilijk konden afvoeren.
['Op', '12', 'oktober', '2015', 'gaf', 'Microsoft', 'versie', '23.10565', 'van', 'Edge', 'uit', '.']	[0, 0, 0, 0, 0, 3, 0, 0, 0, 7, 0, 0]	nl	Op 12 oktober 2015 gaf Microsoft versie 23.10565 van Edge uit.
['Hij', 'debuteerde', 'in', '2005', 'in', 'het', 'Argentijns', 'voetbalelftal', '.']	[0, 0, 0, 0, 0, 0, 3, 4, 0]	nl	Hij debuteerde in 2005 in het Argentijns voetbalelftal.
['In', 'november', 'probeerde', 'de', 'internationale', 'gemeenschap', 'een', 'eind', 'te', 'maken', 'aan', 'het', 'conflict', 'door', 'een', 'vredesplan', 'dat', 'door', 'de', 'speciale', 'VN-gezant', 'Cyrus', 'Vance', 'werd', 'voorgesteld', '.']	[0, 0, 0, 0, 0, 0, 0, 0, 0, 0, 0, 0, 0, 0, 0, 0, 0, 0, 0, 0, 0, 1, 2, 0, 0, 0]	nl	In november probeerde de internationale gemeenschap een eind te maken aan het conflict door een vredesplan dat door de speciale VN-gezant Cyrus Vance werd voorgesteld.
['Tot', 'aan', 'de', 'Tweede', 'Wereldoorlog', 'was', 'het', 'een', 'stad', 'met', 'voornamelijk', 'Joodse', 'bevolking', '.']	[0, 0, 0, 7, 8, 0, 0, 0, 0, 0, 0, 7, 0, 0]	nl	Tot aan de Tweede Wereldoorlog was het een stad met voornamelijk Joodse bevolking.
['Het', 'ontbrak', 'Ulundi', 'echter', 'ten', 'zeerste', 'aan', 'goede', 'infrastructuur', 'om', 'een', 'effectieve', 'regeringsplaats', 'te', 'zijn', '.']	[0, 0, 5, 0, 0, 0, 0, 0, 0, 0, 0, 0, 0, 0, 0, 0]	nl	Het ontbrak Ulundi echter ten zeerste aan goede infrastructuur om een effectieve regeringsplaats te zijn.
['Dominee', 'Hendrik', 'de', 'Cock', 'kon', 'zich', 'niet', 'verenigen', 'met', 'de', 'vrijzinnige', 'opvattingen', 'en', 'manier', 'van', 'preken', 'in', 'de', 'Nederlandse', 'Hervormde', 'Kerk', '.']	[0, 1, 2, 2, 0, 0, 0, 0, 0, 0, 0, 0, 0, 0, 0, 0, 0, 0, 3, 4, 4, 0]	nl	Dominee Hendrik de Cock kon zich niet verenigen met de vrijzinnige opvattingen en manier van preken in de Nederlandse Hervormde Kerk.
"['De', 'loopbrug', 'is', 'verbonden', 'met', 'de', 'Burgers', ""'"", 'Bush', '.']"	[0, 0, 0, 0, 0, 0, 5, 6, 6, 0]	nl	De loopbrug is verbonden met de Burgers 'Bush.
['Het', 'was', 'ook', 'via', 'de', 'ontdekking', 'van', 'de', 'pulsar', 'in', '1967', 'door', 'Jocelyn', 'Bell', 'Burnell', 'dat', 'neutronensterren', 'werden', 'ontdekt', '.']	[0, 0, 0, 0, 0, 0, 0, 0, 0, 0, 0, 0, 1, 2, 2, 0, 0, 0, 0, 0]	nl	Het was ook via de ontdekking van de pulsar in 1967 door Jocelyn Bell Burnell dat neutronensterren werden ontdekt.
['Enkele', 'wapens', 'die', 'het', 'heeft', 'ontwikkeld', 'zijn', 'de', 'Fajr-3', ',', 'de', 'Shahab-3', 'raket', 'en', 'verschillende', 'onbemande', 'vliegtuigen', '.']	[0, 0, 0, 0, 0, 0, 0, 0, 7, 0, 0, 7, 0, 0, 0, 0, 0, 0]	nl	Enkele wapens die het heeft ontwikkeld zijn de Fajr-3, de Shahab-3 raket en verschillende onbemande vliegtuigen.
['Toen', 'in', '2008', 'voor', 'de', 'derde', 'keer', 'een', 'Falcon', '1', 'lancering', 'mislukte', 'stond', 'SpaceX', 'aan', 'de', 'rand', 'van', 'de', 'afgrond', '.']	[0, 0, 0, 0, 0, 0, 0, 0, 7, 8, 0, 0, 0, 3, 0, 0, 0, 0, 0, 0, 0]	nl	Toen in 2008 voor de derde keer een Falcon 1 lancering mislukte stond SpaceX aan de rand van de afgrond.
['In', '2013', 'liep', 'zijn', 'contract', 'af', 'en', 'na', 'een', 'half', 'jaar', 'zonder', 'club', 'gezeten', 'te', 'hebben', 'tekende', 'hij', 'begin', '2014', 'tot', 'het', 'einde', 'van', 'het', 'kalenderjaar', 'voor', 'Taraz', 'FK', 'uit', 'Kazachstan', '.']	[0, 0, 0, 0, 0, 0, 0, 0, 0, 0, 0, 0, 0, 0, 0, 0, 0, 0, 0, 0, 0, 0, 0, 0, 0, 0, 0, 3, 4, 0, 5, 0]	nl	In 2013 liep zijn contract af en na een half jaar zonder club gezeten te hebben tekende hij begin 2014 tot het einde van het kalenderjaar voor Taraz FK uit Kazachstan.
"['Het', 'Zuiderzeemuseum', 'bezit', 'opnames', 'van', 'liederen', ',', 'ooggetuigenverslagen', ',', 'foto', ""'s"", 'van', 'de', 'eigenaar', 'in', 'actie', 'en', 'twee', 'sterren', ',', 'waarvan', 'er', 'een', 'in', 'oude', 'luister', 'is', 'hersteld', '.']"	[0, 5, 0, 0, 0, 0, 0, 0, 0, 0, 0, 0, 0, 0, 0, 0, 0, 0, 0, 0, 0, 0, 0, 0, 0, 0, 0, 0, 0]	nl	Het Zuiderzeemuseum bezit opnames van liederen, ooggetuigenverslagen, foto 's van de eigenaar in actie en twee sterren, waarvan er een in oude luister is hersteld.
['Het', 'eten', 'van', 'kogelvis', 'is', 'in', 'Japan', 'nog', 'steeds', 'populair', '.']	[0, 0, 0, 0, 0, 0, 5, 0, 0, 0, 0]	nl	Het eten van kogelvis is in Japan nog steeds populair.
['In', '1922', 'werd', 'de', 'Sovjet-Unie', 'opgericht', ',', 'bestaande', 'uit', 'Russische', 'Socialistische', 'Federatieve', 'Sovjetrepubliek', ',', 'Wit-Russische', 'Socialistische', 'Sovjetrepubliek', ',', 'Oekraïense', 'Socialistische', 'Sovjetrepubliek', 'en', 'de', 'Transkaukasische', 'Socialistische', 'Federatieve', 'Sovjetrepubliek', '.']	[0, 0, 0, 0, 5, 0, 0, 0, 0, 5, 6, 6, 6, 0, 5, 6, 6, 0, 5, 6, 6, 0, 0, 5, 6, 6, 6, 0]	nl	In 1922 werd de Sovjet-Unie opgericht, bestaande uit Russische Socialistische Federatieve Sovjetrepubliek, Wit-Russische Socialistische Sovjetrepubliek, Oekraïense Socialistische Sovjetrepubliek en de Transkaukasische Socialistische Federatieve Sovjetrepubliek.
['Eens', 'geïntroduceerd', 'in', 'de', 'literaire', 'milieus', 'van', 'Wenen', 'begon', 'hij', 'te', 'schrijven', '.']	[0, 0, 0, 0, 0, 0, 0, 5, 0, 0, 0, 0, 0]	nl	Eens geïntroduceerd in de literaire milieus van Wenen begon hij te schrijven.
['In', 'plaats', 'daarvan', 'werd', 'op', '13', 'december', '2007', 'het', 'Verdrag', 'van', 'Lissabon', 'getekend', '.']	[0, 0, 0, 0, 0, 0, 0, 0, 0, 3, 4, 4, 0, 0]	nl	In plaats daarvan werd op 13 december 2007 het Verdrag van Lissabon getekend.
['In', 'zijn', 'werk', 'neemt', 'het', 'land', 'Suriname', 'een', 'belangrijke', 'plaats', 'in', ',', 'hoewel', 'hij', 'zich', 'altijd', 'nadrukkelijk', 'als', 'kosmopoliet', 'heeft', 'opgesteld', '.']	[0, 0, 0, 0, 0, 0, 5, 0, 0, 0, 0, 0, 0, 0, 0, 0, 0, 0, 0, 0, 0, 0]	nl	In zijn werk neemt het land Suriname een belangrijke plaats in, hoewel hij zich altijd nadrukkelijk als kosmopoliet heeft opgesteld.
['Aan', 'de', 'andere', 'kant', 'van', 'de', 'Finse', 'Golf', 'ligt', 'het', 'veel', 'jongere', 'Helsinki', '.']	[0, 0, 0, 0, 0, 0, 5, 6, 0, 0, 0, 0, 5, 0]	nl	Aan de andere kant van de Finse Golf ligt het veel jongere Helsinki.
['Hij', 'wist', 'zich', 'daar', 'wel', 'te', 'ontwikkelen', 'tot', 'een', 'basisspeler', ',', 'maar', 'naar', 'het', 'aantrekken', 'van', 'een', 'paar', 'nieuwe', 'spitsen', 'waaronder', 'Sylvan', 'Ebanks-Blake', '.']	[0, 0, 0, 0, 0, 0, 0, 0, 0, 0, 0, 0, 0, 0, 0, 0, 0, 0, 0, 0, 0, 1, 2, 0]	nl	Hij wist zich daar wel te ontwikkelen tot een basisspeler, maar naar het aantrekken van een paar nieuwe spitsen waaronder Sylvan Ebanks-Blake.
['De', 'grootste', 'plaats', ',', 'Hoofddorp', ',', 'telt', 'ongeveer', '75.000', 'inwoners', '.']	[0, 0, 0, 0, 5, 0, 0, 0, 0, 0, 0]	nl	De grootste plaats, Hoofddorp, telt ongeveer 75.000 inwoners.
['In', 'de', 'zomer', 'van', '2011', 'werd', 'hij', 'verhuurd', 'aan', 'FC', 'Augsburg', '.']	[0, 0, 0, 0, 0, 0, 0, 0, 0, 3, 4, 0]	nl	In de zomer van 2011 werd hij verhuurd aan FC Augsburg.
['Door', 'hem', 'kon', 'zijn', 'neef', ',', 'de', 'beroemde', 'architect', 'Christopher', 'Wren', ',', 'een', 'schitterende', 'gotische', 'deur', 'vervaardigen', 'voor', 'de', 'noordzijde', 'van', 'de', 'kathedraal', '.']	[0, 0, 0, 0, 0, 0, 0, 0, 0, 1, 2, 0, 0, 0, 0, 0, 0, 0, 0, 0, 0, 0, 0, 0]	nl	Door hem kon zijn neef, de beroemde architect Christopher Wren, een schitterende gotische deur vervaardigen voor de noordzijde van de kathedraal.
['Begin', '18e', 'eeuw', 'hield', 'de', 'piraat', 'Olivier', 'Levasseur', 'zich', 'hier', 'een', 'tijdje', 'schuil', '.']	[0, 0, 0, 0, 0, 0, 1, 2, 0, 0, 0, 0, 0, 0]	nl	Begin 18e eeuw hield de piraat Olivier Levasseur zich hier een tijdje schuil.
"['Het', 'nummer', 'bevat', 'een', 'sample', 'uit', '""', 'The', 'Graduate', '""', '.']"	[0, 0, 0, 0, 0, 0, 0, 7, 8, 0, 0]	nl	"Het nummer bevat een sample uit ""The Graduate""."
['De', 'officier', 'van', 'justitie', 'Koos', 'Plooij', 'eiste', 'een', 'levenslange', 'gevangenisstraf', '.']	[0, 0, 0, 0, 1, 2, 0, 0, 0, 0, 0]	nl	De officier van justitie Koos Plooij eiste een levenslange gevangenisstraf.
"['Er', 'is', 'wel', 'beweerd', 'dat', 'hij', 'zelfmoord', 'gepleegd', 'zou', 'hebben', 'vanwege', 'de', 'annexatie', 'van', 'Oostenrijk', 'door', 'de', 'nazi', ""'s"", 'en', 'ook', 'dat', 'hij', 'vanwege', 'zijn', 'oppositie', 'tegen', 'de', 'Anschluss', 'vermoord', 'zou', 'zijn', '.']"	[0, 0, 0, 0, 0, 0, 0, 0, 0, 0, 0, 0, 0, 0, 5, 0, 0, 0, 0, 0, 0, 0, 0, 0, 0, 0, 0, 0, 7, 0, 0, 0, 0]	nl	Er is wel beweerd dat hij zelfmoord gepleegd zou hebben vanwege de annexatie van Oostenrijk door de nazi 's en ook dat hij vanwege zijn oppositie tegen de Anschluss vermoord zou zijn.
['Het', 'ontwerp', 'is', 'geïnspireerd', 'op', 'de', 'Opéra', 'Garnier', 'in', 'Parijs', '.']	[0, 0, 0, 0, 0, 0, 5, 6, 0, 5, 0]	nl	Het ontwerp is geïnspireerd op de Opéra Garnier in Parijs.
['Dit', 'vergrootte', 'haar', 'landelijke', 'bekendheid', 'en', 'haar', 'populariteit', 'in', 'Schotland', '.']	[0, 0, 0, 0, 0, 0, 0, 0, 0, 5, 0]	nl	Dit vergrootte haar landelijke bekendheid en haar populariteit in Schotland.
"['Begin', 'jaren', 'negentig', 'werden', '""', 'Thunderbirds', '""', 'en', 'andere', 'supermarionationseries', 'opnieuw', 'uitgezonden', ',', 'en', 'wederom', 'met', 'groot', 'succes', '.']"	[0, 0, 0, 0, 0, 7, 0, 0, 0, 0, 0, 0, 0, 0, 0, 0, 0, 0, 0]	nl	"Begin jaren negentig werden ""Thunderbirds"" en andere supermarionationseries opnieuw uitgezonden, en wederom met groot succes."
['In', 'de', 'voormalige', 'Sovjet-Unie', 'werd', 'de', 'ongedempte', 'pulserende', 'brander', 'gebruikt', 'om', 'de', 'olieleidingen', 'die', 'door', 'Siberië', 'gelegd', 'werden', 'voor', 'het', 'lassen', 'voor', 'te', 'verwarmen', '.']	[0, 0, 0, 5, 0, 0, 0, 0, 0, 0, 0, 0, 0, 0, 0, 5, 0, 0, 0, 0, 0, 0, 0, 0, 0]	nl	In de voormalige Sovjet-Unie werd de ongedempte pulserende brander gebruikt om de olieleidingen die door Siberië gelegd werden voor het lassen voor te verwarmen.
['In', '1984', 'werd', 'hij', 'overgenomen', 'door', 'Sakaryaspor', 'waar', 'hij', 'vier', 'jaar', 'lang', 'zou', 'voetballen', '.']	[0, 0, 0, 0, 0, 0, 3, 0, 0, 0, 0, 0, 0, 0, 0]	nl	In 1984 werd hij overgenomen door Sakaryaspor waar hij vier jaar lang zou voetballen.
['In', 'september', '2008', 'gaf', 'hij', 'in', 'het', 'kader', 'van', 'de', 'concertreeks', 'Symphonica', 'in', 'Rosso', 'vier', 'uitverkochte', 'concerten', 'in', 'het', 'GelreDome', 'in', 'Arnhem', '.']	[0, 0, 0, 0, 0, 0, 0, 0, 0, 0, 0, 7, 8, 8, 0, 0, 0, 0, 0, 5, 0, 5, 0]	nl	In september 2008 gaf hij in het kader van de concertreeks Symphonica in Rosso vier uitverkochte concerten in het GelreDome in Arnhem.
['Bij', 'de', 'club', 'uit', 'Maastricht', 'speelde', 'hij', 'in', '3', 'seizoenen', 'alle', 'wedstrijden', '.']	[0, 0, 0, 0, 5, 0, 0, 0, 0, 0, 0, 0, 0]	nl	Bij de club uit Maastricht speelde hij in 3 seizoenen alle wedstrijden.
['Het', 'was', 'gebaseerd', 'op', 'zijn', 'eigen', 'ervaringen', 'als', 'navigator', 'bij', 'de', 'luchtmacht', 'tijdens', 'de', 'Tweede', 'Wereldoorlog', '.']	[0, 0, 0, 0, 0, 0, 0, 0, 0, 0, 0, 0, 0, 0, 7, 8, 0]	nl	Het was gebaseerd op zijn eigen ervaringen als navigator bij de luchtmacht tijdens de Tweede Wereldoorlog.
"['Daarnaast', 'was', 'ze', 'ook', 'coach', 'bij', 'de', 'talentenjacht', '""', 'The', 'Voice', 'UK', '""', '.']"	[0, 0, 0, 0, 0, 0, 0, 0, 0, 7, 8, 8, 0, 0]	nl	"Daarnaast was ze ook coach bij de talentenjacht ""The Voice UK""."
['Zijn', 'vader', 'werd', 'echter', 'op', '8', 'juni', 'door', 'de', 'legioenen', 'bij', 'Antiochië', 'in', 'Syrië', 'verslagen', 'en', 'Elagabalus', 'werd', 'keizer', '.']	[0, 0, 0, 0, 0, 0, 0, 0, 0, 0, 0, 5, 0, 5, 0, 0, 1, 0, 0, 0]	nl	Zijn vader werd echter op 8 juni door de legioenen bij Antiochië in Syrië verslagen en Elagabalus werd keizer.
['Met', 'het', 'uitbreken', 'van', 'de', 'Tweede', 'Wereldoorlog', 'ontstond', 'er', 'bij', 'een', 'deel', 'van', 'de', 'Tsjetsjenen', 'eindelijk', 'enige', 'hoop', '.']	[0, 0, 0, 0, 0, 7, 8, 0, 0, 0, 0, 0, 0, 0, 5, 0, 0, 0, 0]	nl	Met het uitbreken van de Tweede Wereldoorlog ontstond er bij een deel van de Tsjetsjenen eindelijk enige hoop.
['Aan', 'secundair', 'onderwijs', 'werd', 'tot', 'na', 'de', 'Tweede', 'Wereldoorlog', 'nauwelijks', 'gedacht', ',', 'tenzij', 'voor', 'de', 'opleiding', 'van', 'zwarte', 'geestelijken', '.']	[0, 0, 0, 0, 0, 0, 0, 7, 8, 0, 0, 0, 0, 0, 0, 0, 0, 0, 0, 0]	nl	Aan secundair onderwijs werd tot na de Tweede Wereldoorlog nauwelijks gedacht, tenzij voor de opleiding van zwarte geestelijken.
['In', 'België', 'werden', 'personen', 'na', 'pauselijke', 'adelverlening', 'middels', 'inlijving', 'ook', 'nationaal', 'als', 'adel', 'erkend', '.']	[0, 5, 0, 0, 0, 0, 0, 0, 0, 0, 0, 0, 0, 0, 0]	nl	In België werden personen na pauselijke adelverlening middels inlijving ook nationaal als adel erkend.
['Korte', 'tijd', 'was', 'hij', 'legerchirurg', 'gedurende', 'de', 'Eerste', 'Wereldoorlog', '.']	[0, 0, 0, 0, 0, 0, 0, 7, 8, 0]	nl	Korte tijd was hij legerchirurg gedurende de Eerste Wereldoorlog.
['Inclusief', '24', 'bladzijden', 'tellend', 'boekje', 'over', 'de', 'historie', 'van', 'Deep', 'Purple', 'en', 'het', 'opnameproces', 'van', 'deze', 'lp', '.']	[0, 0, 0, 0, 0, 0, 0, 0, 0, 3, 4, 0, 0, 0, 0, 0, 0, 0]	nl	Inclusief 24 bladzijden tellend boekje over de historie van Deep Purple en het opnameproces van deze lp.
['In', 'bijvoorbeeld', 'Indonesië', 'is', 'dat', 'echter', '2', 'jaar', 'en', '10', 'maanden', 'celstraf', '.']	[0, 0, 5, 0, 0, 0, 0, 0, 0, 0, 0, 0, 0]	nl	In bijvoorbeeld Indonesië is dat echter 2 jaar en 10 maanden celstraf.
['Afhankelijk', 'van', 'de', 'moesson', 'kennen', 'de', 'meeste', 'delen', 'van', 'het', 'land', 'een', 'regentijd', 'en', 'een', 'droge', 'periode', ';', 'alleen', 'op', 'Sumatra', 'en', 'Kalimantan', 'is', 'de', 'neerslag', 'over', 'het', 'gehele', 'jaar', 'vrij', 'gelijkmatig', 'verdeeld', '.']	[0, 0, 0, 0, 0, 0, 0, 0, 0, 0, 0, 0, 0, 0, 0, 0, 0, 0, 0, 0, 5, 0, 5, 0, 0, 0, 0, 0, 0, 0, 0, 0, 0, 0]	nl	Afhankelijk van de moesson kennen de meeste delen van het land een regentijd en een droge periode; alleen op Sumatra en Kalimantan is de neerslag over het gehele jaar vrij gelijkmatig verdeeld.
['Het', 'is', 'de', 'thuisbasis', 'van', 'het', 'Koninklijk', 'Concertgebouworkest', '.']	[0, 0, 0, 0, 0, 0, 3, 4, 0]	nl	Het is de thuisbasis van het Koninklijk Concertgebouworkest.
['Bij', 'Chabarovsk', 'maakt', 'de', 'lijn', 'een', 'scherpe', 'draai', 'naar', 'het', 'zuiden', 'om', 'de', 'havenstad', 'Vladivostok', 'te', 'bereiken', '.']	[0, 5, 0, 0, 0, 0, 0, 0, 0, 0, 0, 0, 0, 0, 5, 0, 0, 0]	nl	Bij Chabarovsk maakt de lijn een scherpe draai naar het zuiden om de havenstad Vladivostok te bereiken.
['In', 'de', 'vroege', '20ste', 'eeuw', 'begonnen', 'verschillende', 'historici', ',', 'onder', 'aanvoering', 'van', 'Johan', 'Huizinga', ',', 'eerdere', 'geschiedschrijvingen', 'te', 'ontdoen', 'van', 'hun', 'romantische', 'and', 'nationalistische', 'ondertonen', '.']	[0, 0, 0, 0, 0, 0, 0, 0, 0, 0, 0, 0, 1, 2, 0, 0, 0, 0, 0, 0, 0, 0, 0, 0, 0, 0]	nl	In de vroege 20ste eeuw begonnen verschillende historici, onder aanvoering van Johan Huizinga, eerdere geschiedschrijvingen te ontdoen van hun romantische and nationalistische ondertonen.
['Dit', 'veengebied', 'werd', 'in', 'het', 'westen', 'begrensd', 'door', 'de', 'Hondsrug', 'en', 'in', 'het', 'oosten', 'door', 'de', 'Duitse', 'grens', '.']	[0, 0, 0, 0, 0, 0, 0, 0, 0, 5, 0, 0, 0, 0, 0, 0, 7, 0, 0]	nl	Dit veengebied werd in het westen begrensd door de Hondsrug en in het oosten door de Duitse grens.
"['De', '""', 'kolder', '""', 'stamt', 'uit', 'de', 'Middeleeuwen', 'en', 'was', 'een', 'lederen', 'vest', 'zonder', 'mouwen', ',', 'dat', 'tot', 'de', 'knie', 'reikte', '.']"	[0, 0, 0, 0, 0, 0, 0, 7, 0, 0, 0, 0, 0, 0, 0, 0, 0, 0, 0, 0, 0, 0]	nl	"De ""kolder"" stamt uit de Middeleeuwen en was een lederen vest zonder mouwen, dat tot de knie reikte."
['De', 'hal', 'is', 'ontworpen', 'door', 'Laurens', 'Bisscheroux', '(', '1934', '-', '1997', ')', 'en', 'geopend', 'in', '1966', '.']	[0, 0, 0, 0, 0, 1, 2, 0, 0, 0, 0, 0, 0, 0, 0, 0, 0]	nl	De hal is ontworpen door Laurens Bisscheroux (1934 - 1997) en geopend in 1966.
['Daar', 'en', 'in', 'Hongarije', 'zelf', 'leefden', 'aanzienlijke', 'Duitse', 'minderheden', '.']	[0, 0, 0, 5, 0, 0, 0, 7, 0, 0]	nl	Daar en in Hongarije zelf leefden aanzienlijke Duitse minderheden.
"['Later', 'dat', 'jaar', 'werd', 'het', 'album', '""', 'Homogenic', '""', 'uitgebracht', '.']"	[0, 0, 0, 0, 0, 0, 0, 7, 0, 0, 0]	nl	"Later dat jaar werd het album ""Homogenic"" uitgebracht."
['De', 'film', 'staat', 'bekend', 'als', 'de', 'doorbraak', 'van', 'de', 'Belgische', 'karateka', 'Jean-Claude', 'Van', 'Damme', 'als', 'acteur', ',', 'die', 'echter', 'maar', 'een', 'kleine', 'rol', 'vervulde', '.']	[0, 0, 0, 0, 0, 0, 0, 0, 0, 7, 0, 1, 2, 2, 0, 0, 0, 0, 0, 0, 0, 0, 0, 0, 0]	nl	De film staat bekend als de doorbraak van de Belgische karateka Jean-Claude Van Damme als acteur, die echter maar een kleine rol vervulde.
['Tegen', 'ADO', 'Den', 'Haag', 'speelde', 'hij', ',', 'maar', 'verliet', 'hij', 'het', 'veld', 'in', 'de', 'eerste', 'helft', 'na', 'een', '(', 'onbedoelde', ')', 'elleboogstoot', 'van', 'een', 'ADO', 'Den', 'Haag', 'speler', '.']	[0, 3, 4, 4, 0, 0, 0, 0, 0, 0, 0, 0, 0, 0, 0, 0, 0, 0, 0, 0, 0, 0, 0, 0, 3, 4, 4, 0, 0]	nl	Tegen ADO Den Haag speelde hij, maar verliet hij het veld in de eerste helft na een (onbedoelde) elleboogstoot van een ADO Den Haag speler.
['De', 'film', 'zelf', 'won', 'in', 'Frankrijk', 'een', 'César', 'voor', 'de', 'beste', 'buitenlandse', 'film', '.']	[0, 0, 0, 0, 0, 5, 0, 7, 0, 0, 0, 0, 0, 0]	nl	De film zelf won in Frankrijk een César voor de beste buitenlandse film.
['Er', 'liggen', 'diverse', 'meren', 'in', 'vulkanische', 'kraters', ',', 'de', 'belangrijkste', 'zijn', 'het', 'Lago', 'de', 'Ilopango', '(', '70', 'km', '²', ')', 'en', 'het', 'Lago', 'de', 'Coatepeque', '(', '26', 'km', '²', ')', '.']	[0, 0, 0, 0, 0, 0, 0, 0, 0, 0, 0, 0, 5, 6, 6, 0, 0, 0, 0, 0, 0, 0, 5, 6, 6, 0, 0, 0, 0, 0, 0]	nl	Er liggen diverse meren in vulkanische kraters, de belangrijkste zijn het Lago de Ilopango (70 km ²) en het Lago de Coatepeque (26 km ²).
['In', 'het', 'verdrag', 'stond', 'ook', 'een', 'artikel', 'over', 'de', 'opdeling', 'van', 'de', 'Atlantische', 'Oceaan', ',', 'in', 'noord', 'en', 'zuid', '.']	[0, 0, 0, 0, 0, 0, 0, 0, 0, 0, 0, 0, 5, 6, 0, 0, 0, 0, 0, 0]	nl	In het verdrag stond ook een artikel over de opdeling van de Atlantische Oceaan, in noord en zuid.
['Nederland', 'en', 'België', 'speelden', 'er', 'respectievelijk', '3', 'en', '2', 'wedstrijden', ',', 'waaronder', 'de', 'wedstrijd', 'tegen', 'elkaar', '.']	[5, 0, 5, 0, 0, 0, 0, 0, 0, 0, 0, 0, 0, 0, 0, 0, 0]	nl	Nederland en België speelden er respectievelijk 3 en 2 wedstrijden, waaronder de wedstrijd tegen elkaar.
['Hij', 'werd', 'opgevolgd', 'door', 'Wil', 'Boessen', '.']	[0, 0, 0, 0, 1, 2, 0]	nl	Hij werd opgevolgd door Wil Boessen.
['Ook', 'Leipzig', 'en', 'Darmstadt', 'beleefden', 'dergelijke', 'bewegingen', 'in', 'de', 'kunst', '.']	[0, 5, 0, 5, 0, 0, 0, 0, 0, 0, 0]	nl	Ook Leipzig en Darmstadt beleefden dergelijke bewegingen in de kunst.
['Op', '26', 'juli', '2005', 'laat', 'het', 'Amerikaanse', 'leger', 'weten', 'dat', 'het', '12.000', 'à', '17.000', 'personen', 'gevangen', 'houdt', 'in', 'Irak', '.']	[0, 0, 0, 0, 0, 0, 7, 0, 0, 0, 0, 0, 0, 0, 0, 0, 0, 0, 5, 0]	nl	Op 26 juli 2005 laat het Amerikaanse leger weten dat het 12.000 à 17.000 personen gevangen houdt in Irak.
['Aangrenzende', 'gemeenten', 'zijn', 'Tienen', ',', 'Lubbeek', ',', 'Tielt-Winge', ',', 'Bekkevoort', 'en', 'Kortenaken', '.']	[0, 0, 0, 5, 0, 5, 0, 5, 0, 5, 0, 5, 0]	nl	Aangrenzende gemeenten zijn Tienen, Lubbeek, Tielt-Winge, Bekkevoort en Kortenaken.
['In', 'juni', '1994', 'getuigen', 'bandleden', 'Stone', 'Gossard', 'en', 'Jeff', 'Ament', 'hiervoor', '.']	[0, 0, 0, 0, 0, 1, 2, 0, 1, 2, 0, 0]	nl	In juni 1994 getuigen bandleden Stone Gossard en Jeff Ament hiervoor.
['Wegens', 'dreigende', 'sloop', 'waren', 'er', 'plannen', 'om', 'de', 'muur', 'te', 'verplaatsen', 'naar', 'het', 'Museumplein', ',', 'iets', 'wat', 'technisch', 'onmogelijk', 'bleek', '.']	[0, 0, 0, 0, 0, 0, 0, 0, 0, 0, 0, 0, 0, 5, 0, 0, 0, 0, 0, 0, 0]	nl	Wegens dreigende sloop waren er plannen om de muur te verplaatsen naar het Museumplein, iets wat technisch onmogelijk bleek.
['De', 'soort', 'komt', 'voor', 'in', 'het', 'westen', 'van', 'de', 'Verenigde', 'Staten', '.']	[0, 0, 0, 0, 0, 0, 0, 0, 0, 5, 6, 0]	nl	De soort komt voor in het westen van de Verenigde Staten.
['De', 'status', 'van', 'nationaal', 'park', 'werd', 'officieel', 'verleend', 'op', '29', 'april', '2005', ',', 'na', 'een', 'proces', 'dat', 'in', '1998', 'door', 'de', 'fylkesmann', 'van', 'Hordaland', 'was', 'gestart', '.']	[0, 0, 0, 0, 0, 0, 0, 0, 0, 0, 0, 0, 0, 0, 0, 0, 0, 0, 0, 0, 0, 0, 0, 5, 0, 0, 0]	nl	De status van nationaal park werd officieel verleend op 29 april 2005, na een proces dat in 1998 door de fylkesmann van Hordaland was gestart.
['Eenmaal', 'in', 'Pretoria', 'teruggekeerd', 'werd', 'hij', 'verzorgd', 'en', 'ontdekten', 'dokters', 'dat', 'hij', 'een', 'aderbloeding', 'had', 'en', 'zijn', 'maagspieren', 'gescheurd', 'waren', '.']	[0, 0, 5, 0, 0, 0, 0, 0, 0, 0, 0, 0, 0, 0, 0, 0, 0, 0, 0, 0, 0]	nl	Eenmaal in Pretoria teruggekeerd werd hij verzorgd en ontdekten dokters dat hij een aderbloeding had en zijn maagspieren gescheurd waren.
['Ze', 'werd', 'gespeeld', 'door', 'Beatrice', 'Arthur', '.']	[0, 0, 0, 0, 1, 2, 0]	nl	Ze werd gespeeld door Beatrice Arthur.
['In', '2004', 'werd', 'de', 'lesbische', 'mensenrechtenactiviste', 'FannyAnn', 'Eddy', 'vermoord', '.']	[0, 0, 0, 0, 0, 0, 1, 2, 0, 0]	nl	In 2004 werd de lesbische mensenrechtenactiviste FannyAnn Eddy vermoord.
['Enkele', 'landen', ',', 'waaronder', 'Albanië', '(', 'Enver', 'Hoxha', ')', ',', 'bleven', 'echter', 'een', 'strak', 'stalinistische', 'koers', 'varen', 'tot', 'begin', 'jaren', '1990', '.']	[0, 0, 0, 0, 5, 0, 1, 2, 0, 0, 0, 0, 0, 0, 0, 0, 0, 0, 0, 0, 0, 0]	nl	Enkele landen, waaronder Albanië (Enver Hoxha), bleven echter een strak stalinistische koers varen tot begin jaren 1990.
"['Zijn', 'eerste', 'grote', 'overwinning', 'was', 'de', 'enorm', 'lange', '(', 'meer', 'dan', '550', '""', 'km', ')', 'eendagswedstrijd', 'Bordeaux-Parijs', 'in', '1950', '.']"	[0, 0, 0, 0, 0, 0, 0, 0, 0, 0, 0, 0, 0, 0, 0, 0, 7, 0, 0, 0]	nl	"Zijn eerste grote overwinning was de enorm lange (meer dan 550 ""km) eendagswedstrijd Bordeaux-Parijs in 1950."
['In', 'het', 'seizoen', '2006', '/', '2007', 'werd', 'gereden', 'met', 'Jeroen', 'Bleekemolen', 'als', 'coureur', 'en', 'Renger', 'van', 'der', 'Zande', 'als', 'reservecoureur', ';', 'Jeroen', 'Bleekemolen', 'eindigde', 'op', 'een', 'zesde', 'plaats', '.']	[0, 0, 0, 0, 0, 0, 0, 0, 0, 1, 2, 0, 0, 0, 1, 2, 2, 2, 0, 0, 0, 1, 2, 0, 0, 0, 0, 0, 0]	nl	In het seizoen 2006 / 2007 werd gereden met Jeroen Bleekemolen als coureur en Renger van der Zande als reservecoureur; Jeroen Bleekemolen eindigde op een zesde plaats.
['Het', 'was', 'de', 'eerste', 'Engelstalige', 'film', 'die', 'de', 'Deense', 'Susanne', 'Bier', 'regisseerde', ',', 'na', 'meer', 'dan', 'tien', 'Deense', 'producties', '.']	[0, 0, 0, 0, 0, 0, 0, 0, 0, 1, 2, 0, 0, 0, 0, 0, 0, 7, 0, 0]	nl	Het was de eerste Engelstalige film die de Deense Susanne Bier regisseerde, na meer dan tien Deense producties.
['Op', '7', 'januari', '2009', 'werd', 'hij', 'voor', 'anderhalf', 'seizoen', 'uitgeleend', 'aan', 'FC', 'Augsburg', '.']	[0, 0, 0, 0, 0, 0, 0, 0, 0, 0, 0, 3, 4, 0]	nl	Op 7 januari 2009 werd hij voor anderhalf seizoen uitgeleend aan FC Augsburg.
['Vanaf', 'hier', 'heeft', 'de', 'bezoeker', 'een', 'uitzicht', 'over', 'Hamburg', 'en', 'zicht', 'op', 'de', 'verschillende', 'niveaus', 'van', 'de', 'hal', '.']	[0, 0, 0, 0, 0, 0, 0, 0, 5, 0, 0, 0, 0, 0, 0, 0, 0, 0, 0]	nl	Vanaf hier heeft de bezoeker een uitzicht over Hamburg en zicht op de verschillende niveaus van de hal.
['In', 'de', 'halve', 'finale', 'bleek', 'Andy', 'Murray', 'echter', 'te', 'sterk', '.']	[0, 0, 0, 0, 0, 1, 2, 0, 0, 0, 0]	nl	In de halve finale bleek Andy Murray echter te sterk.
['Hij', 'speelt', 'ook', 'voor', 'het', 'Kazachs', 'voetbalelftal', '.']	[0, 0, 0, 0, 0, 3, 4, 0]	nl	Hij speelt ook voor het Kazachs voetbalelftal.
['De', 'opvolger', 'van', 'de', '600', ',', 'de', 'DAF', '750', 'uit', '1961', ',', 'kreeg', 'een', 'zwaardere', 'motor', 'omdat', '22', 'pk', 'toch', 'wel', 'erg', 'mager', 'was', '.']	[0, 0, 0, 0, 0, 0, 0, 7, 8, 0, 0, 0, 0, 0, 0, 0, 0, 0, 0, 0, 0, 0, 0, 0, 0]	nl	De opvolger van de 600, de DAF 750 uit 1961, kreeg een zwaardere motor omdat 22 pk toch wel erg mager was.
['In', 'de', 'Junior', 'TT', 'stond', 'hij', 'op', 'poleposition', 'en', 'hij', 'reed', 'ook', 'de', 'snelste', 'ronde', ',', 'maar', 'viel', 'uit', '.']	[0, 0, 7, 8, 0, 0, 0, 0, 0, 0, 0, 0, 0, 0, 0, 0, 0, 0, 0, 0]	nl	In de Junior TT stond hij op poleposition en hij reed ook de snelste ronde, maar viel uit.
['In', 'de', 'wiskunde', 'legde', 'hij', 'de', 'basis', 'voor', 'de', 'analytische', 'meetkunde', 'en', 'leverde', 'bijdragen', 'aan', 'de', 'natuurkunde', 'en', 'fysiologie', ',', 'maar', 'zijn', 'Verhandeling', 'over', 'de', 'methode', '(', '1637', ')', 'behoort', 'tot', 'zijn', 'invloedrijkste', 'werk', '.']	[0, 0, 0, 0, 0, 0, 0, 0, 0, 0, 0, 0, 0, 0, 0, 0, 0, 0, 0, 0, 0, 0, 7, 8, 8, 8, 0, 0, 0, 0, 0, 0, 0, 0, 0]	nl	In de wiskunde legde hij de basis voor de analytische meetkunde en leverde bijdragen aan de natuurkunde en fysiologie, maar zijn Verhandeling over de methode (1637) behoort tot zijn invloedrijkste werk.
['In', 'dit', 'nieuw', 'voorstel', 'zouden', 'Overijssel', ',', 'Gelderland', ',', 'Noord-Holland', 'en', 'Zuid-Holland', 'in', 'tweeën', 'worden', 'gedeeld', 'en', 'Noord-Brabant', 'in', 'drieën', '.']	[0, 0, 0, 0, 0, 5, 0, 5, 0, 5, 0, 5, 0, 0, 0, 0, 0, 5, 0, 0, 0]	nl	In dit nieuw voorstel zouden Overijssel, Gelderland, Noord-Holland en Zuid-Holland in tweeën worden gedeeld en Noord-Brabant in drieën.
['De', 'speler', 'bleef', 'echter', 'in', 'België', 'en', 'tijdens', 'het', 'seizoen', '2014', '-', '2015', 'zou', 'de', 'ploeg', 'derde', 'eindigen', '.']	[0, 0, 0, 0, 0, 5, 0, 0, 0, 0, 0, 0, 0, 0, 0, 0, 0, 0, 0]	nl	De speler bleef echter in België en tijdens het seizoen 2014 - 2015 zou de ploeg derde eindigen.
['Volgens', 'de', 'officiële', 'Koreaanse', 'muntencatalogus', '(', 'Hanja', ':', '高麗朝鮮時代貨幣', ';', 'Hangul', ':', '고여조선시대화폐', ')', 'zijn', 'er', '3078', 'verschillende', 'varianten', 'van', 'de', '1', ',', '2', 'en', '5', 'mun-munten', 'bekend', 'en', '48', 'varianten', 'van', 'de', '100', 'mun-munt', '.']	[0, 0, 0, 7, 0, 0, 7, 0, 0, 0, 7, 0, 0, 0, 0, 0, 0, 0, 0, 0, 0, 0, 0, 0, 0, 0, 0, 0, 0, 0, 0, 0, 0, 0, 0, 0]	nl	Volgens de officiële Koreaanse muntencatalogus (Hanja: 高麗朝鮮時代貨幣; Hangul: 고여조선시대화폐) zijn er 3078 verschillende varianten van de 1, 2 en 5 mun-munten bekend en 48 varianten van de 100 mun-munt.
['Het', 'is', 'een', 'ontwerp', 'van', 'Evert', 'Margry', 'en', 'is', 'een', 'Rijksmonument', '.']	[0, 0, 0, 0, 0, 1, 2, 0, 0, 0, 0, 0]	nl	Het is een ontwerp van Evert Margry en is een Rijksmonument.
['Gebouwd', 'naar', 'het', 'voorbeeld', 'in', 'Lourdes', 'met', 'ingemetseld', 'een', 'stuk', 'rots', 'uit', 'Lourdes', '.']	[0, 0, 0, 0, 0, 5, 0, 0, 0, 0, 0, 0, 5, 0]	nl	Gebouwd naar het voorbeeld in Lourdes met ingemetseld een stuk rots uit Lourdes.
['Michael', 'Cretu', 'begon', 'al', 'in', 'de', 'late', 'jaren', '1970', 'met', 'zijn', 'muziekcarrière', 'in', 'diverse', 'bands', '.']	[1, 2, 0, 0, 0, 0, 0, 0, 0, 0, 0, 0, 0, 0, 0, 0]	nl	Michael Cretu begon al in de late jaren 1970 met zijn muziekcarrière in diverse bands.
['17.000', 'en', 'in', 'Scandinavië', 'ca', '.']	[0, 0, 0, 5, 0, 0]	nl	17.000 en in Scandinavië ca.
['Douglas', 'MacArthur', 'zou', 'met', 'een', 'zuidelijke', 'as', 'over', 'de', 'zone', 'van', 'Nieuw-Guinea', 'naar', 'het', 'westen', 'opdringen', '.']	[1, 2, 0, 0, 0, 0, 0, 0, 0, 0, 0, 5, 0, 0, 0, 0, 0]	nl	Douglas MacArthur zou met een zuidelijke as over de zone van Nieuw-Guinea naar het westen opdringen.
['In', 'juli', '2004', 'trok', 'hij', 'naar', 'SKA-Energia', 'Chabarovsk', '.']	[0, 0, 0, 0, 0, 0, 3, 4, 0]	nl	In juli 2004 trok hij naar SKA-Energia Chabarovsk.
['Hij', 'werd', 'tweemaal', 'verhuurd', 'aan', 'Bugsaşspor', '.']	[0, 0, 0, 0, 0, 3, 0]	nl	Hij werd tweemaal verhuurd aan Bugsaşspor.
['Van', '1879', 'tot', '1884', 'was', 'hij', 'ook', 'deeltijdsdocent', 'logica', 'aan', 'de', 'wiskundefaculteit', 'van', 'de', 'Johns', 'Hopkins-universiteit', '.']	[0, 0, 0, 0, 0, 0, 0, 0, 0, 0, 0, 0, 0, 0, 5, 6, 0]	nl	Van 1879 tot 1884 was hij ook deeltijdsdocent logica aan de wiskundefaculteit van de Johns Hopkins-universiteit.
['Ze', 'zijn', 'verwant', 'aan', 'de', 'Miami', 'Marlins', '.']	[0, 0, 0, 0, 0, 3, 4, 0]	nl	Ze zijn verwant aan de Miami Marlins.
"['De', 'oppervlakte', 'bedraagt', 'in', 'totaal', '1468', '""', 'km', '²', ',', 'de', 'hoofdplaats', 'is', 'Lerwick', 'en', 'het', 'raadsgebied', 'heeft', 'inwoners', '(', ')', '.']"	[0, 0, 0, 0, 0, 0, 0, 0, 0, 0, 0, 0, 0, 5, 0, 0, 0, 0, 0, 0, 0, 0]	nl	"De oppervlakte bedraagt in totaal 1468 ""km ², de hoofdplaats is Lerwick en het raadsgebied heeft inwoners ()."
['Op', '1', 'januari', '2014', 'trad', 'Letland', 'toe', 'tot', 'de', 'eurozone', ',', 'op', '1', 'januari', '2015', 'ook', 'Litouwen', '.']	[0, 0, 0, 0, 0, 5, 0, 0, 0, 0, 0, 0, 0, 0, 0, 0, 5, 0]	nl	Op 1 januari 2014 trad Letland toe tot de eurozone, op 1 januari 2015 ook Litouwen.
['In', 'plaats', 'daarvan', 'was', 'het', 'zoals', 'op', 'de', 'meeste', 'plaatsen', 'in', 'Meso-Amerika', 'een', 'mozaïek', 'van', 'stadstaten', '.']	[0, 0, 0, 0, 0, 0, 0, 0, 0, 0, 0, 5, 0, 0, 0, 0, 0]	nl	In plaats daarvan was het zoals op de meeste plaatsen in Meso-Amerika een mozaïek van stadstaten.
['Daar', 'was', 'hij', 'tweede', 'keuze', 'achter', 'Claudio', 'Bravo', '.']	[0, 0, 0, 0, 0, 0, 1, 2, 0]	nl	Daar was hij tweede keuze achter Claudio Bravo.
['Stad', 'en', 'omgeving', 'behoren', 'tot', 'de', 'belangrijkste', 'industriegebieden', 'van', 'Italië', '.']	[0, 0, 0, 0, 0, 0, 0, 0, 0, 5, 0]	nl	Stad en omgeving behoren tot de belangrijkste industriegebieden van Italië.
['Met', 'hen', 'was', 'hij', 'in', '1820', 'ook', 'betrokken', 'bij', 'de', 'oprichting', 'van', 'de', 'Royal', 'Astronomical', 'Society', 'met', 'William', 'Herschel', 'als', 'eerste', 'voorzitter', '.']	[0, 0, 0, 0, 0, 0, 0, 0, 0, 0, 0, 0, 0, 3, 4, 4, 0, 1, 2, 0, 0, 0, 0]	nl	Met hen was hij in 1820 ook betrokken bij de oprichting van de Royal Astronomical Society met William Herschel als eerste voorzitter.
['Ook', 'vertelt', 'ze', 'hoe', 'hierbij', 'de', 'Steen', 'van', 'Rosetta', 'zou', 'kunnen', 'helpen', '.']	[0, 0, 0, 0, 0, 0, 7, 8, 8, 0, 0, 0, 0]	nl	Ook vertelt ze hoe hierbij de Steen van Rosetta zou kunnen helpen.
"['In', 'dat', 'jaar', 'vond', 'echter', 'de', 'Rwandese', 'Genocide', 'plaats', ',', 'en', ""zo'n"", '400.000', 'vluchtelingen', 'overspoelden', 'de', 'hellingen', 'van', 'de', 'berg', '.']"	[0, 0, 0, 0, 0, 0, 7, 8, 0, 0, 0, 0, 0, 0, 0, 0, 0, 0, 0, 0, 0]	nl	In dat jaar vond echter de Rwandese Genocide plaats, en zo'n 400.000 vluchtelingen overspoelden de hellingen van de berg.
['De', 'stad', 'ligt', 'op', 'een', '12', 'meter', 'hoge', 'klif', 'aan', 'de', 'Caraïbische', 'Zee', 'in', 'de', 'Riviera', 'Maya', 'en', 'is', 'daarmee', 'een', 'populaire', 'bestemming', 'voor', 'toeristen', '.']	[0, 0, 0, 0, 0, 0, 0, 0, 0, 0, 0, 5, 6, 0, 0, 5, 6, 0, 0, 0, 0, 0, 0, 0, 0, 0]	nl	De stad ligt op een 12 meter hoge klif aan de Caraïbische Zee in de Riviera Maya en is daarmee een populaire bestemming voor toeristen.
"['Later', 'in', 'de', 'jaren', ""'"", '80', 'schreef', 'hij', 'een', 'aantal', 'gedichten', ',', 'onder', 'andere', 'over', 'Michelle', 'Pfeiffer', ',', 'die', 'gebundeld', 'werden', 'in', '""', 'My', 'Eden', 'after', 'burns', '""', '.']"	[0, 0, 0, 0, 0, 0, 0, 0, 0, 0, 0, 0, 0, 0, 0, 1, 2, 0, 0, 0, 0, 0, 0, 0, 0, 0, 0, 0, 0]	nl	"Later in de jaren '80 schreef hij een aantal gedichten, onder andere over Michelle Pfeiffer, die gebundeld werden in ""My Eden after burns""."
['Hij', 'werd', 'na', '62', 'minuten', 'vervangen', 'door', 'Reynald', 'Pedros', '.']	[0, 0, 0, 0, 0, 0, 0, 1, 2, 0]	nl	Hij werd na 62 minuten vervangen door Reynald Pedros.
['De', 'bolletjesvaren', 'is', 'oorspronkelijk', 'afkomstig', 'uit', 'Oost-Azië', 'en', 'het', 'oosten', 'van', 'Noord-Amerika', '.']	[0, 0, 0, 0, 0, 0, 5, 0, 0, 0, 0, 5, 0]	nl	De bolletjesvaren is oorspronkelijk afkomstig uit Oost-Azië en het oosten van Noord-Amerika.
['De', 'wetenschappelijke', 'naam', 'van', 'de', 'soort', 'werd', 'voor', 'het', 'eerst', 'geldig', 'gepubliceerd', 'in', '1875', 'door', 'Eugène', 'Simon', '.']	[0, 0, 0, 0, 0, 0, 0, 0, 0, 0, 0, 0, 0, 0, 0, 1, 2, 0]	nl	De wetenschappelijke naam van de soort werd voor het eerst geldig gepubliceerd in 1875 door Eugène Simon.
"['De', 'hardste', 'woorden', ',', 'met', 'name', 'het', ""'"", 'Dies', 'Irae', ""'"", '(', 'dag', 'des', 'oordeels', ')', 'liet', 'hij', 'weg', '.']"	[0, 0, 0, 0, 0, 0, 0, 0, 7, 8, 0, 0, 0, 0, 0, 0, 0, 0, 0, 0]	nl	De hardste woorden, met name het 'Dies Irae' (dag des oordeels) liet hij weg.
"['Ze', 'staan', 'in', 'de', 'Verenigde', 'Staten', 'bekend', '""', 'maypop', '""', ',', '""', 'may', 'apple', '""', 'en', '""', 'apricot', 'plant', '""', '.']"	[0, 0, 0, 0, 5, 6, 0, 0, 0, 0, 0, 0, 0, 0, 0, 0, 0, 0, 0, 0, 0]	nl	"Ze staan in de Verenigde Staten bekend ""maypop"", ""may apple"" en ""apricot plant""."
['De', 'matrix', 'is', 'genoemd', 'naar', 'James', 'Joseph', 'Sylvester', '.']	[0, 0, 0, 0, 0, 1, 2, 2, 0]	nl	De matrix is genoemd naar James Joseph Sylvester.
['De', 'stilste', 'dode', 'kamer', 'is', 'een', 'dode', 'kamer', 'van', 'Microsoft', ',', 'deze', 'dode', 'kamer', 'staat', 'in', 'het', 'Guinness', 'Book', 'of', 'Records', 'en', 'de', 'geluidssterkte', 'is', 'daar', '-', '20,6', 'decibel', '.']	[0, 0, 0, 0, 0, 0, 0, 0, 0, 3, 0, 0, 0, 0, 0, 0, 0, 7, 8, 8, 8, 0, 0, 0, 0, 0, 0, 0, 0, 0]	nl	De stilste dode kamer is een dode kamer van Microsoft, deze dode kamer staat in het Guinness Book of Records en de geluidssterkte is daar - 20,6 decibel.
['Het', 'werd', 'in', 'de', 'eerste', 'drie', 'seizoenen', 'gepresenteerd', 'door', 'Martine', 'Bijl', 'en', 'vanaf', 'het', 'vierde', 'seizoen', 'door', 'André', 'van', 'Duin', '.']	[0, 0, 0, 0, 0, 0, 0, 0, 0, 1, 2, 0, 0, 0, 0, 0, 0, 1, 2, 2, 0]	nl	Het werd in de eerste drie seizoenen gepresenteerd door Martine Bijl en vanaf het vierde seizoen door André van Duin.
['Deze', 'soort', 'komt', 'alleen', 'in', 'het', 'wild', 'voor', 'in', 'Azië', 'in', 'bergachtige', 'bosgebieden', ',', 'vooral', 'in', 'het', 'oosten', 'en', 'het', 'zuiden', '.']	[0, 0, 0, 0, 0, 0, 0, 0, 0, 5, 0, 0, 0, 0, 0, 0, 0, 0, 0, 0, 0, 0]	nl	Deze soort komt alleen in het wild voor in Azië in bergachtige bosgebieden, vooral in het oosten en het zuiden.
['Sinds', '2010', 'heeft', 'hij', 'een', 'rol', 'in', 'de', 'televisieserie', 'Rookie', 'Blue', '.']	[0, 0, 0, 0, 0, 0, 0, 0, 0, 7, 8, 0]	nl	Sinds 2010 heeft hij een rol in de televisieserie Rookie Blue.
['Een', 'van', 'die', 'conflicten', 'was', 'de', 'Gulik-Kleefse', 'Successieoorlog', '.']	[0, 0, 0, 0, 0, 0, 7, 8, 0]	nl	Een van die conflicten was de Gulik-Kleefse Successieoorlog.
['De', 'soennieten', 'hadden', '(', 'onder', 'Saddam', 'Hoessein', ')', 'echter', 'de', 'politiek', 'in', 'handen', ',', 'al', 'sinds', 'enkele', 'eeuwen', '.']	[0, 0, 0, 0, 0, 1, 2, 0, 0, 0, 0, 0, 0, 0, 0, 0, 0, 0, 0]	nl	De soennieten hadden (onder Saddam Hoessein) echter de politiek in handen, al sinds enkele eeuwen.
"['In', 'Engeland', 'wordt', 'dit', 'snoepgoed', 'sinds', 'jaar', 'en', 'dag', '""', 'liquorice', 'allsorts', '""', 'genoemd', '.']"	[0, 5, 0, 0, 0, 0, 0, 0, 0, 0, 0, 0, 0, 0, 0]	nl	"In Engeland wordt dit snoepgoed sinds jaar en dag ""liquorice allsorts"" genoemd."
['Hij', 'viel', 'in', 'dat', 'duel', 'na', '77', 'minuten', 'in', 'voor', 'aanvoerder', 'Tony', 'Adams', '.']	[0, 0, 0, 0, 0, 0, 0, 0, 0, 0, 0, 1, 2, 0]	nl	Hij viel in dat duel na 77 minuten in voor aanvoerder Tony Adams.
"['""', 'Despicable', 'Me', ':', 'Minion', 'Mayhem', '""', 'is', 'een', 'pretparkattractie', 'in', 'Universal', 'Studios', 'Florida', 'dat', 'in', '2012', 'geopend', 'werd', '.']"	[0, 7, 8, 8, 8, 8, 0, 0, 0, 0, 0, 5, 6, 6, 0, 0, 0, 0, 0, 0]	nl	"""Despicable Me: Minion Mayhem"" is een pretparkattractie in Universal Studios Florida dat in 2012 geopend werd."
['Een', 'jaar', 'later', 'keerde', 'hij', 'alweer', 'terug', 'naar', 'Nederland', ':', 'hij', 'ging', 'aan', 'de', 'slag', 'bij', 'SC', 'Cambuur', '.']	[0, 0, 0, 0, 0, 0, 0, 0, 5, 0, 0, 0, 0, 0, 0, 0, 3, 4, 0]	nl	Een jaar later keerde hij alweer terug naar Nederland: hij ging aan de slag bij SC Cambuur.
['Daarmee', 'bleef', 'de', 'socialistische', 'partij', 'maar', 'net', 'groter', 'dan', 'het', 'Vlaams', 'Blok', 'dat', '9,4', '%', 'van', 'de', 'kiezers', 'wist', 'te', 'overtuigen', '.']	[0, 0, 0, 0, 0, 0, 0, 0, 0, 0, 3, 4, 0, 0, 0, 0, 0, 0, 0, 0, 0, 0]	nl	Daarmee bleef de socialistische partij maar net groter dan het Vlaams Blok dat 9,4% van de kiezers wist te overtuigen.
['Hij', 'werd', 'spoedig', 'daarna', 'opgepakt', 'en', 'verbannen', 'naar', 'Siberië', '.']	[0, 0, 0, 0, 0, 0, 0, 0, 5, 0]	nl	Hij werd spoedig daarna opgepakt en verbannen naar Siberië.
['Hij', 'werd', 'opgevolgd', 'door', 'Arjan', 'van', 'der', 'Laan', '.']	[0, 0, 0, 0, 1, 2, 2, 2, 0]	nl	Hij werd opgevolgd door Arjan van der Laan.
['Aan', 'de', 'monding', 'zou', 'de', 'legendarische', 'stadstaat', 'Tartessos', 'gelegen', 'hebben', '.']	[0, 0, 0, 0, 0, 0, 0, 5, 0, 0, 0]	nl	Aan de monding zou de legendarische stadstaat Tartessos gelegen hebben.
['is', 'een', 'single', 'van', 'de', 'Nederlandse', 'popgroep', 'Vengaboys', '.']	[0, 0, 0, 0, 0, 7, 0, 3, 0]	nl	is een single van de Nederlandse popgroep Vengaboys.
['Als', 'scholier', 'kwam', 'hij', 'in', 'contact', 'met', 'de', 'Vlaamse', 'Beweging', '.']	[0, 0, 0, 0, 0, 0, 0, 0, 3, 4, 0]	nl	Als scholier kwam hij in contact met de Vlaamse Beweging.
['Er', 'zijn', 'twee', 'soorten', 'die', 'voorkomen', 'in', 'delen', 'van', 'Afrika', '.']	[0, 0, 0, 0, 0, 0, 0, 0, 0, 5, 0]	nl	Er zijn twee soorten die voorkomen in delen van Afrika.
['Ook', 'was', 'hij', 'van', '1788', 'tot', '1790', 'lid', 'van', 'de', 'Senaat', 'van', 'North', 'Carolina', '.']	[0, 0, 0, 0, 0, 0, 0, 0, 0, 0, 0, 0, 5, 6, 0]	nl	Ook was hij van 1788 tot 1790 lid van de Senaat van North Carolina.
['Hij', 'begon', 'met', 'voetbal', 'bij', 'FK', 'Baník', 'Most', 'en', 'speelde', 'bij', 'FK', 'Teplice', ',', 'maar', 'het', 'grootste', 'deel', 'van', 'zijn', 'carrière', 'voor', 'Dukla', 'Praag', '.']	[0, 0, 0, 0, 0, 3, 4, 4, 0, 0, 0, 3, 4, 0, 0, 0, 0, 0, 0, 0, 0, 0, 3, 4, 0]	nl	Hij begon met voetbal bij FK Baník Most en speelde bij FK Teplice, maar het grootste deel van zijn carrière voor Dukla Praag.
['Hij', 'is', 'een', 'zoon', 'van', 'oud-voetballer', 'Moises', 'Bicentini', '.']	[0, 0, 0, 0, 0, 0, 1, 2, 0]	nl	Hij is een zoon van oud-voetballer Moises Bicentini.
['Na', 'Maniac', 'Mansion', 'is', 'dit', 'het', 'tweede', 'spel', 'waarbij', 'er', 'gebruik', 'werd', 'gemaakt', 'van', 'SCUMM', '.']	[0, 7, 8, 0, 0, 0, 0, 0, 0, 0, 0, 0, 0, 0, 7, 0]	nl	Na Maniac Mansion is dit het tweede spel waarbij er gebruik werd gemaakt van SCUMM.
['Het', 'bedrijf', 'nam', '49', '%', 'van', 'de', 'aandelen', 'van', 'het', 'in', '2008', 'opgerichte', 'Qbuzz', ',', 'dat', 'in', 'het', 'openbaar', 'vervoer', 'per', 'bus', 'een', 'snelle', 'groei', 'doormaakte', ',', 'en', 'breidde', 'dat', 'in', '2013', 'uit', 'tot', '100', '%', '.']	[0, 0, 0, 0, 0, 0, 0, 0, 0, 0, 0, 0, 0, 3, 0, 0, 0, 0, 0, 0, 0, 0, 0, 0, 0, 0, 0, 0, 0, 0, 0, 0, 0, 0, 0, 0, 0]	nl	Het bedrijf nam 49% van de aandelen van het in 2008 opgerichte Qbuzz, dat in het openbaar vervoer per bus een snelle groei doormaakte, en breidde dat in 2013 uit tot 100%.
['Hij', 'komt', 'voor', 'in', 'Californië', '.']	[0, 0, 0, 0, 5, 0]	nl	Hij komt voor in Californië.
"['Zangeres', 'Kylie', 'Minogue', 'zingt', 'mee', 'op', 'het', 'nummer', '""', 'In', 'denial', '""', '.']"	[0, 1, 2, 0, 0, 0, 0, 0, 0, 0, 0, 0, 0]	nl	"Zangeres Kylie Minogue zingt mee op het nummer ""In denial""."
['Uit', 'Nederland', 'was', 'onder', 'meer', 'Anton', 'Pannekoek', 'en', 'Henriette', 'Roland', 'Holst', 'aanwezig', '.']	[0, 5, 0, 0, 0, 1, 2, 0, 1, 2, 2, 0, 0]	nl	Uit Nederland was onder meer Anton Pannekoek en Henriette Roland Holst aanwezig.
['De', 'filmmuziek', 'is', 'van', 'Alfred', 'Newman', 'afgewisseld', 'met', 'populaire', 'liedjes', 'uit', 'de', 'tijd', 'dat', 'de', 'film', 'werd', 'gemaakt', 'en', 'enkele', 'stukken', 'klassieke', 'muziek', '.']	[0, 0, 0, 0, 1, 2, 0, 0, 0, 0, 0, 0, 0, 0, 0, 0, 0, 0, 0, 0, 0, 0, 0, 0]	nl	De filmmuziek is van Alfred Newman afgewisseld met populaire liedjes uit de tijd dat de film werd gemaakt en enkele stukken klassieke muziek.
['Zijn', 'originele', 'functie', 'was', 'de', 'corpsdistricten', 'te', 'controleren', 'die', 'het', 'militaire', 'bestuur', 'van', 'de', 'Britse', 'zone', 'van', 'bezet', 'Duitsland', 'vormden', '.']	[0, 0, 0, 0, 0, 0, 0, 0, 0, 0, 0, 0, 0, 0, 7, 0, 0, 0, 5, 0, 0]	nl	Zijn originele functie was de corpsdistricten te controleren die het militaire bestuur van de Britse zone van bezet Duitsland vormden.
['In', '1997', 'werd', 'hij', 'als', 'eerste', 'ingewijd', 'in', 'de', 'Rockabilly', 'Hall', 'of', 'Fame', ',', 'een', 'jaar', 'later', 'gevolgd', 'door', 'een', 'inwijding', 'in', 'de', 'Rock', 'and', 'Roll', 'Hall', 'of', 'Fame', '.']	[0, 0, 0, 0, 0, 0, 0, 0, 0, 5, 6, 6, 6, 0, 0, 0, 0, 0, 0, 0, 0, 0, 0, 5, 6, 6, 6, 6, 6, 0]	nl	In 1997 werd hij als eerste ingewijd in de Rockabilly Hall of Fame, een jaar later gevolgd door een inwijding in de Rock and Roll Hall of Fame.
['Hij', 'speelde', 'hier', 'drie', 'seizoenen', 'met', 'andere', 'topvoetballers', 'zoals', 'Frans', 'de', 'Munck', ',', 'Cor', 'van', 'der', 'Hart', ',', 'Bram', 'Appel', 'en', 'Jan', 'Notermans', '.']	[0, 0, 0, 0, 0, 0, 0, 0, 0, 1, 2, 2, 0, 1, 2, 2, 2, 0, 1, 2, 0, 1, 2, 0]	nl	Hij speelde hier drie seizoenen met andere topvoetballers zoals Frans de Munck, Cor van der Hart, Bram Appel en Jan Notermans.
['Zuid-Amerika', 'en', 'Oceanië', 'zijn', 'ook', 'plaatsen', 'waar', 'verscheidene', 'soorten', 'voorkomen', '.']	[5, 0, 5, 0, 0, 0, 0, 0, 0, 0, 0]	nl	Zuid-Amerika en Oceanië zijn ook plaatsen waar verscheidene soorten voorkomen.
['In', '2007', 'verkaste', 'hij', 'naar', 'Spanje', 'om', 'bij', 'Valencia', 'CF', 'te', 'gaan', 'spelen', '.']	[0, 0, 0, 0, 0, 5, 0, 0, 3, 4, 0, 0, 0, 0]	nl	In 2007 verkaste hij naar Spanje om bij Valencia CF te gaan spelen.
['Criticus', 'Roger', 'Ebert', 'beloonde', 'de', 'film', 'met', '3,5', 'van', 'de', '4', 'sterren', '.']	[0, 1, 2, 0, 0, 0, 0, 0, 0, 0, 0, 0, 0]	nl	Criticus Roger Ebert beloonde de film met 3,5 van de 4 sterren.
['Dustin', 'Hoffman', 'was', 'eigenlijk', 'alleen', 'bezig', 'met', 'de', 'financiering', 'van', 'de', 'film', 'maar', 'deed', 'uiteindelijk', 'mee', 'als', 'acteur', '.']	[1, 2, 0, 0, 0, 0, 0, 0, 0, 0, 0, 0, 0, 0, 0, 0, 0, 0, 0]	nl	Dustin Hoffman was eigenlijk alleen bezig met de financiering van de film maar deed uiteindelijk mee als acteur.
['De', 'stad', 'werd', 'tevens', 'het', 'administratieve', 'centrum', 'van', 'het', 'Perzische', 'Rijk', ',', 'dat', 'in', 'die', 'tijd', 'de', 'hele', 'bekende', 'wereld', 'aanvoerde', '.']	[0, 0, 0, 0, 0, 0, 0, 0, 0, 5, 6, 0, 0, 0, 0, 0, 0, 0, 0, 0, 0, 0]	nl	De stad werd tevens het administratieve centrum van het Perzische Rijk, dat in die tijd de hele bekende wereld aanvoerde.
['De', 'markgraaf', 'vlucht', 'in', '1625', 'voor', 'de', 'troepen', 'van', 'Albrecht', 'von', 'Wallenstein', '.']	[0, 0, 0, 0, 0, 0, 0, 0, 0, 1, 2, 2, 0]	nl	De markgraaf vlucht in 1625 voor de troepen van Albrecht von Wallenstein.
['De', 'single', 'werd', 'in', 'de', 'Verenigde', 'Staten', 'uitgebracht', 'op', '15', 'maart', '2005', '.']	[0, 0, 0, 0, 0, 5, 6, 0, 0, 0, 0, 0, 0]	nl	De single werd in de Verenigde Staten uitgebracht op 15 maart 2005.
['Hij', 'debuteerde', 'op', '19', 'november', '2008', 'in', 'het', 'Deens', 'voetbalelftal', '.']	[0, 0, 0, 0, 0, 0, 0, 0, 3, 4, 0]	nl	Hij debuteerde op 19 november 2008 in het Deens voetbalelftal.
['Zoals', 'alle', 'lemuren', 'is', 'de', 'diadeemsifaka', 'endemisch', 'op', 'Madagaskar', '.']	[0, 0, 0, 0, 0, 0, 0, 0, 5, 0]	nl	Zoals alle lemuren is de diadeemsifaka endemisch op Madagaskar.
['Hij', 'speelde', 'een', 'gastrol', 'in', 'Hannah', 'Montana', 'in', '2007', '.']	[0, 0, 0, 0, 0, 7, 8, 0, 0, 0]	nl	Hij speelde een gastrol in Hannah Montana in 2007.
['In', 'maart', '2019', 'verruilde', 'hij', 'NAC', 'Breda', 'voor', 'AIK', 'Fotboll', '.']	[0, 0, 0, 0, 0, 3, 4, 0, 3, 4, 0]	nl	In maart 2019 verruilde hij NAC Breda voor AIK Fotboll.
['In', '1981', ',', 'op', 'achttienjarige', 'leeftijd', ',', 'verhuisde', 'hij', 'naar', 'Toronto', 'om', 'zijn', 'muzikale', 'carrière', 'te', 'vervolgen', '.']	[0, 0, 0, 0, 0, 0, 0, 0, 0, 0, 5, 0, 0, 0, 0, 0, 0, 0]	nl	In 1981, op achttienjarige leeftijd, verhuisde hij naar Toronto om zijn muzikale carrière te vervolgen.
"['In', '1987', 'voltooide', 'hij', 'met', 'Quincy', 'Jones', 'zijn', 'studioalbum', '""', 'Bad', '""', '.']"	[0, 0, 0, 0, 0, 1, 2, 0, 0, 0, 7, 0, 0]	nl	"In 1987 voltooide hij met Quincy Jones zijn studioalbum ""Bad""."
['In', '1996', 'ging', 'hij', 'terug', 'naar', 'Engeland', 'en', 'vormde', 'daar', 'een', 'duo', 'met', 'Kevin', 'Dempsey', '.']	[0, 0, 0, 0, 0, 0, 5, 0, 0, 0, 0, 0, 0, 1, 2, 0]	nl	In 1996 ging hij terug naar Engeland en vormde daar een duo met Kevin Dempsey.
['Met', 'de', 'invoering', 'van', 'het', 'nationale-vervoerbewijzensysteem', 'werd', 'het', 'bijvoorbeeld', 'mogelijk', 'om', 'een', 'in', 'Nederlands-Limburg', 'gekochte', 'strippenkaart', 'in', 'Drenthe', 'te', 'gebruiken', '.']	[0, 0, 0, 0, 0, 0, 0, 0, 0, 0, 0, 0, 0, 7, 0, 0, 0, 5, 0, 0, 0]	nl	Met de invoering van het nationale-vervoerbewijzensysteem werd het bijvoorbeeld mogelijk om een in Nederlands-Limburg gekochte strippenkaart in Drenthe te gebruiken.
['Deze', 'servers', 'staan', 'in', 'Duitsland', '.']	[0, 0, 0, 0, 5, 0]	nl	Deze servers staan in Duitsland.
['Deze', 'beek', 'is', 'verzand', 'nadat', 'in', '1385', 'bij', 'Dorkwerd', 'een', 'kanaal', 'werd', 'gegraven', '.']	[0, 0, 0, 0, 0, 0, 0, 0, 5, 0, 0, 0, 0, 0]	nl	Deze beek is verzand nadat in 1385 bij Dorkwerd een kanaal werd gegraven.
['Net', 'als', 'het', 'groepswerk', 'waren', 'ook', 'deze', ',', 'voor', 'die', 'tijd', 'nieuwe', 'methoden', ',', 'afkomstig', 'uit', 'de', 'Verenigde', 'Staten', '.']	[0, 0, 0, 0, 0, 0, 0, 0, 0, 0, 0, 0, 0, 0, 0, 0, 0, 5, 6, 0]	nl	Net als het groepswerk waren ook deze, voor die tijd nieuwe methoden, afkomstig uit de Verenigde Staten.
['Hiervoor', 'was', 'ze', 'jarenlang', 'bevriend', 'geweest', 'met', 'de', 'Amerikaanse', 'hordeloper', 'Greg', 'Foster', '.']	[0, 0, 0, 0, 0, 0, 0, 0, 7, 0, 1, 2, 0]	nl	Hiervoor was ze jarenlang bevriend geweest met de Amerikaanse hordeloper Greg Foster.
['Het', 'ligt', 'op', 'de', 'landtong', 'de', 'Koerse', 'Schoorwal', '.']	[0, 0, 0, 0, 0, 0, 5, 6, 0]	nl	Het ligt op de landtong de Koerse Schoorwal.
['Dat', 'verhuurde', 'hem', 'in', 'juli', '2014', 'voor', 'één', 'seizoen', 'aan', 'FC', 'Dordrecht', '.']	[0, 0, 0, 0, 0, 0, 0, 0, 0, 0, 3, 4, 0]	nl	Dat verhuurde hem in juli 2014 voor één seizoen aan FC Dordrecht.
['Zo', 'viel', 'hem', 'op', 'hoe', 'regenwormen', 'een', 'berg', 'bladeren', 'tot', 'humus', 'hadden', 'verwerkt', ',', 'en', 'in', 'november', 'gaf', 'hij', 'een', 'voordracht', 'voor', 'de', 'Geological', 'Society', 'over', 'de', 'functie', 'van', 'deze', 'dieren', 'bij', 'bodemvorming', '.']	[0, 0, 0, 0, 0, 0, 0, 0, 0, 0, 0, 0, 0, 0, 0, 0, 0, 0, 0, 0, 0, 0, 0, 3, 4, 0, 0, 0, 0, 0, 0, 0, 0, 0]	nl	Zo viel hem op hoe regenwormen een berg bladeren tot humus hadden verwerkt, en in november gaf hij een voordracht voor de Geological Society over de functie van deze dieren bij bodemvorming.
['Waar', 'hij', 'zijn', 'opleiding', 'kreeg', 'staat', 'niet', 'vast', ',', 'maar', 'zijn', 'stijl', 'was', 'in', 'zijn', 'vroege', 'periode', 'sterk', 'beïnvloed', 'door', 'het', 'werk', 'van', 'Petrus', 'Christus', 'en', 'in', 'zijn', 'latere', 'werk', 'kan', 'men', 'de', 'invloed', 'van', 'Rogier', 'van', 'der', 'Weyden', 'ontdekken', '.']	[0, 0, 0, 0, 0, 0, 0, 0, 0, 0, 0, 0, 0, 0, 0, 0, 0, 0, 0, 0, 0, 0, 0, 1, 2, 0, 0, 0, 0, 0, 0, 0, 0, 0, 0, 1, 2, 2, 2, 0, 0]	nl	Waar hij zijn opleiding kreeg staat niet vast, maar zijn stijl was in zijn vroege periode sterk beïnvloed door het werk van Petrus Christus en in zijn latere werk kan men de invloed van Rogier van der Weyden ontdekken.
['Het', 'hemelobject', 'werd', 'op', '1', 'mei', '1826', 'ontdekt', 'door', 'de', 'Schotse', 'astronoom', 'James', 'Dunlop', '.']	[0, 0, 0, 0, 0, 0, 0, 0, 0, 0, 0, 0, 1, 2, 0]	nl	Het hemelobject werd op 1 mei 1826 ontdekt door de Schotse astronoom James Dunlop.
['Op', 'het', 'einde', 'van', 'het', 'seizoen', 'keerde', 'hij', 'terug', 'naar', 'Deportivo', 'La', 'Coruña', '.']	[0, 0, 0, 0, 0, 0, 0, 0, 0, 0, 3, 4, 4, 0]	nl	Op het einde van het seizoen keerde hij terug naar Deportivo La Coruña.
['In', 'de', 'eerste', 'race', 'eindigde', 'hij', 'als', 'vierde', ',', 'maar', 'door', 'de', 'diskwalificatie', 'van', 'Jolyon', 'Palmer', 'eindigde', 'hij', 'zelfs', 'nog', 'als', 'derde', '.']	[0, 0, 0, 0, 0, 0, 0, 0, 0, 0, 0, 0, 0, 0, 1, 2, 0, 0, 0, 0, 0, 0, 0]	nl	In de eerste race eindigde hij als vierde, maar door de diskwalificatie van Jolyon Palmer eindigde hij zelfs nog als derde.
['Rik', 'Verheye', 'moest', 'enkel', 'de', 'winnaar', 'van', 'de', 'derde', 'voorronde', 'Michael', 'Pas', 'laten', 'voorgaan', '.']	[1, 2, 0, 0, 0, 0, 0, 0, 0, 0, 1, 2, 0, 0, 0]	nl	Rik Verheye moest enkel de winnaar van de derde voorronde Michael Pas laten voorgaan.
"['Volgens', 'Sub', 'Pop', 'had', 'de', 'band', '""', 'een', 'hunk-achtige', 'leadzanger', 'en', 'fuseerde', 'het', 'Led', 'Zeppelin', 'met', 'de', 'Butthole', 'Surfers', '""', '.']"	[0, 3, 4, 0, 0, 0, 0, 0, 0, 0, 0, 0, 0, 3, 4, 0, 0, 3, 4, 0, 0]	nl	"Volgens Sub Pop had de band ""een hunk-achtige leadzanger en fuseerde het Led Zeppelin met de Butthole Surfers""."
['Tunis', 'is', 'op', 'zoek', 'naar', 'meer', 'buitenlandse', 'investeringen', 'en', 'probeert', 'samen', 'te', 'werken', 'met', 'de', 'vakbonden', 'om', 'de', 'arbeidskostenverstoring', 'te', 'beperken', '.']	[5, 0, 0, 0, 0, 0, 0, 0, 0, 0, 0, 0, 0, 0, 0, 0, 0, 0, 0, 0, 0, 0]	nl	Tunis is op zoek naar meer buitenlandse investeringen en probeert samen te werken met de vakbonden om de arbeidskostenverstoring te beperken.
['De', 'rol', 'van', 'Jack', 'Palance', 'werd', 'in', 'eerste', 'instantie', 'aangeboden', 'aan', 'Marlon', 'Brando', '.']	[0, 0, 0, 1, 2, 0, 0, 0, 0, 0, 0, 1, 2, 0]	nl	De rol van Jack Palance werd in eerste instantie aangeboden aan Marlon Brando.
['Mede', 'daardoor', 'heeft', 'het', 'lang', 'geduurd', 'voordat', 'het', 'atoom', 'officieel', 'erkend', 'werd', 'door', 'de', 'IUPAC', '.']	[0, 0, 0, 0, 0, 0, 0, 0, 0, 0, 0, 0, 0, 0, 3, 0]	nl	Mede daardoor heeft het lang geduurd voordat het atoom officieel erkend werd door de IUPAC.
['Vanaf', 'oktober', '1909', 'vestigde', 'hij', 'zich', 'in', 'Parijs', '.']	[0, 0, 0, 0, 0, 0, 0, 5, 0]	nl	Vanaf oktober 1909 vestigde hij zich in Parijs.
['Per', 'centimeter', 'zitten', 'er', '13', 'tot', '16', 'opgerichte', '(', 'eilanden', ')', 'of', 'platte', '(', 'Nieuw-Guinea', ')', 'schubben', 'op', '.']	[0, 0, 0, 0, 0, 0, 0, 0, 0, 0, 0, 0, 0, 0, 5, 0, 0, 0, 0]	nl	Per centimeter zitten er 13 tot 16 opgerichte (eilanden) of platte (Nieuw-Guinea) schubben op.
['Dit', 'betekent', 'het', 'begin', 'van', 'de', 'serie', 'Static', 'Shock', '.']	[0, 0, 0, 0, 0, 0, 0, 7, 8, 0]	nl	Dit betekent het begin van de serie Static Shock.
['Hij', 'begon', 'op', '7', 'september', '2014', 'voor', 'het', 'eerst', 'in', 'de', 'basisopstelling', 'in', 'een', 'competitiewedstrijd', ',', 'tegen', 'SE', 'Palmeiras', '.']	[0, 0, 0, 0, 0, 0, 0, 0, 0, 0, 0, 0, 0, 0, 0, 0, 0, 3, 4, 0]	nl	Hij begon op 7 september 2014 voor het eerst in de basisopstelling in een competitiewedstrijd, tegen SE Palmeiras.
['Driekwart', 'van', 'de', 'regio', 'valt', 'onder', 'de', 'deelstaat', 'Opper-Oostenrijk', '.']	[0, 0, 0, 0, 0, 0, 0, 0, 5, 0]	nl	Driekwart van de regio valt onder de deelstaat Opper-Oostenrijk.
['De', 'film', 'maakte', 'van', 'Marlene', 'Dietrich', 'direct', 'een', 'internationale', 'ster', '.']	[0, 0, 0, 0, 1, 2, 0, 0, 0, 0, 0]	nl	De film maakte van Marlene Dietrich direct een internationale ster.
['De', 'nederzetting', 'kreeg', 'in', '1912', 'gemeentestatus', 'en', 'kreeg', 'zijn', 'naam', 'van', 'de', 'voormalige', 'kolonist', 'René', 'Robert', 'Cavelier', 'de', 'La', 'Salle', '.']	[0, 0, 0, 0, 0, 0, 0, 0, 0, 0, 0, 0, 0, 0, 1, 2, 2, 2, 2, 2, 0]	nl	De nederzetting kreeg in 1912 gemeentestatus en kreeg zijn naam van de voormalige kolonist René Robert Cavelier de La Salle.
['Zijn', 'debuut', 'volgde', 'in', 'de', 'eerste', 'competitiewedstrijd', 'van', 'het', 'seizoen', 'tegen', 'Girondins', 'de', 'Bordeaux', ',', 'die', 'met', '0', '–', '2', 'gewonnen', 'werd', '.']	[0, 0, 0, 0, 0, 0, 0, 0, 0, 0, 0, 3, 4, 4, 0, 0, 0, 0, 0, 0, 0, 0, 0]	nl	Zijn debuut volgde in de eerste competitiewedstrijd van het seizoen tegen Girondins de Bordeaux, die met 0 – 2 gewonnen werd.
['Intussen', 'begon', 'men', 'in', 'Ingolstadt', 'aan', 'de', 'wederopbouw', 'en', 'daar', 'werd', 'op', '11', 'november', '1949', 'de', 'nieuwe', 'Auto-Union', 'fabriek', 'in', 'gebruik', 'genomen', '.']	[0, 0, 0, 0, 5, 0, 0, 0, 0, 0, 0, 0, 0, 0, 0, 0, 0, 3, 0, 0, 0, 0, 0]	nl	Intussen begon men in Ingolstadt aan de wederopbouw en daar werd op 11 november 1949 de nieuwe Auto-Union fabriek in gebruik genomen.
['Op', 'dit', 'toernooi', 'strandde', 'hij', 'in', 'de', 'halve', 'finales', 'van', 'de', '50', 'meter', 'vrije', 'slag', ',', 'samen', 'met', 'Luca', 'Dotto', ',', 'Michele', 'Santucci', 'en', 'Filippo', 'Magnini', 'eindigde', 'hij', 'als', 'vierde', 'op', 'de', '4x100', 'meter', 'vrije', 'slag', '.']	[0, 0, 0, 0, 0, 0, 0, 0, 0, 0, 0, 0, 0, 0, 0, 0, 0, 0, 1, 2, 0, 1, 2, 0, 1, 2, 0, 0, 0, 0, 0, 0, 0, 0, 0, 0, 0]	nl	Op dit toernooi strandde hij in de halve finales van de 50 meter vrije slag, samen met Luca Dotto, Michele Santucci en Filippo Magnini eindigde hij als vierde op de 4x100 meter vrije slag.
['e4', 'Pc6', 'die', 'op', 'naam', 'van', 'Aaron', 'Nimzowitsch', 'staat', 'is', 'geanalyseerd', 'door', 'Efim', 'Bogoljoebov', '.']	[0, 0, 0, 0, 0, 0, 1, 2, 0, 0, 0, 0, 1, 2, 0]	nl	e4 Pc6 die op naam van Aaron Nimzowitsch staat is geanalyseerd door Efim Bogoljoebov.
['In', 'maart', '1833', 'en', 'opnieuw', 'in', 'maart', '1834', 'bezocht', 'Charles', 'Darwin', 'de', 'eilanden', 'en', 'schreef', 'dat', 'het', 'daar', 'het', 'enige', 'oorspronkelijke', 'landzoogdier', 'was', '.']	[0, 0, 0, 0, 0, 0, 0, 0, 0, 1, 2, 0, 0, 0, 0, 0, 0, 0, 0, 0, 0, 0, 0, 0]	nl	In maart 1833 en opnieuw in maart 1834 bezocht Charles Darwin de eilanden en schreef dat het daar het enige oorspronkelijke landzoogdier was.
['Hierdoor', 'kwam', 'het', 'gebied', 'aan', 'Kentucky', '.']	[0, 0, 0, 0, 0, 5, 0]	nl	Hierdoor kwam het gebied aan Kentucky.
['In', '2019', 'werd', 'hij', 'zelf', 'opgevolgd', 'door', 'Maurice', 'Steijn', '.']	[0, 0, 0, 0, 0, 0, 0, 1, 2, 0]	nl	In 2019 werd hij zelf opgevolgd door Maurice Steijn.
['Het', 'is', 'het', 'enige', 'gebied', 'in', 'Zweden', 'waar', 'muskusossen', 'voorkomen', 'en', 'van', 'de', 'grote', 'roofdieren', 'zijn', 'beer', ',', 'veelvraat', 'en', 'lynx', 'vertegenwoordigd', '.']	[0, 0, 0, 0, 0, 0, 5, 0, 0, 0, 0, 0, 0, 0, 0, 0, 0, 0, 0, 0, 0, 0, 0]	nl	Het is het enige gebied in Zweden waar muskusossen voorkomen en van de grote roofdieren zijn beer, veelvraat en lynx vertegenwoordigd.
['Het', 'album', 'bevatte', 'grotendeels', 'covers', 'van', 'onder', 'andere', 'Chrissie', 'Hynde', 'en', 'Roxy', 'Music', '.']	[0, 0, 0, 0, 0, 0, 0, 0, 1, 2, 0, 3, 4, 0]	nl	Het album bevatte grotendeels covers van onder andere Chrissie Hynde en Roxy Music.
['Op', '30', 'juli', 'werd', 'hij', 'door', 'dopingexpert', 'Werner', 'Franke', 'beschuldigd', 'van', 'dopinggebruik', '.']	[0, 0, 0, 0, 0, 0, 0, 1, 2, 0, 0, 0, 0]	nl	Op 30 juli werd hij door dopingexpert Werner Franke beschuldigd van dopinggebruik.
['In', 'België', 'zijn', 'de', 'waterbeheerders', 'verantwoordelijk', 'voor', 'het', 'onderhoud', 'en', 'de', 'aanleg', 'van', 'dijken', '.']	[0, 5, 0, 0, 0, 0, 0, 0, 0, 0, 0, 0, 0, 0, 0]	nl	In België zijn de waterbeheerders verantwoordelijk voor het onderhoud en de aanleg van dijken.
['Hij', 'verruilde', 'New', 'England', 'Revolution', 'in', 'augustus', '2018', 'voor', 'Sporting', 'Kansas', 'City', '.']	[0, 0, 3, 4, 4, 0, 0, 0, 0, 3, 4, 4, 0]	nl	Hij verruilde New England Revolution in augustus 2018 voor Sporting Kansas City.
['Omdat', 'zij', 'een', 'tweeling', 'waren', 'hadden', 'Eteocles', 'en', 'Polynices', 'afgesproken', 'dat', 'zij', 'elk', 'om', 'beurten', 'één', 'jaar', 'zouden', 'regeren', '.']	[0, 0, 0, 0, 0, 0, 1, 0, 1, 0, 0, 0, 0, 0, 0, 0, 0, 0, 0, 0]	nl	Omdat zij een tweeling waren hadden Eteocles en Polynices afgesproken dat zij elk om beurten één jaar zouden regeren.
['De', 'finale', 'werd', 'gehouden', 'op', '24', 'mei', 'en', 'werd', 'gewonnen', 'door', 'Rusland', '.']	[0, 0, 0, 0, 0, 0, 0, 0, 0, 0, 0, 5, 0]	nl	De finale werd gehouden op 24 mei en werd gewonnen door Rusland.
['Architect', 'van', 'de', 'nieuwe', 'alliantie', 'was', 'Piet', 'Steenkamp', '.']	[0, 0, 0, 0, 0, 0, 1, 2, 0]	nl	Architect van de nieuwe alliantie was Piet Steenkamp.
['Wel', 'werd', 'hij', 'nipt', 'geklopt', 'in', 'een', 'sprint-à-deux', 'door', 'Pieter', 'Weening', '.']	[0, 0, 0, 0, 0, 0, 0, 0, 0, 1, 2, 0]	nl	Wel werd hij nipt geklopt in een sprint-à-deux door Pieter Weening.
['Hij', 'reageerde', 'ermee', 'op', 'de', 'zeebeving', 'die', 'nabij', 'Sendai', 'had', 'plaatsgevonden', '.']	[0, 0, 0, 0, 0, 0, 0, 0, 5, 0, 0, 0]	nl	Hij reageerde ermee op de zeebeving die nabij Sendai had plaatsgevonden.
['Hij', 'groeide', 'op', 'in', 'Berlijn', '.']	[0, 0, 0, 0, 5, 0]	nl	Hij groeide op in Berlijn.
['Zijn', 'eerste', 'bekende', 'composities', 'zijn', 'liederen', 'met', 'pianobegeleiding', 'uit', '1848', ',', 'waarvan', 'hij', 'twee', 'partituren', 'heeft', 'voorgelegd', 'aan', 'Hector', 'Berlioz', '.']	[0, 0, 0, 0, 0, 0, 0, 0, 0, 0, 0, 0, 0, 0, 0, 0, 0, 0, 1, 2, 0]	nl	Zijn eerste bekende composities zijn liederen met pianobegeleiding uit 1848, waarvan hij twee partituren heeft voorgelegd aan Hector Berlioz.
['De', 'hoofdpersonen', 'in', 'de', 'film', 'worden', 'gespeeld', 'door', 'Will', 'Smith', 'en', 'Martin', 'Lawrence', '.']	[0, 0, 0, 0, 0, 0, 0, 0, 1, 2, 0, 1, 2, 0]	nl	De hoofdpersonen in de film worden gespeeld door Will Smith en Martin Lawrence.
['Internet', 'Explorer', 'ondersteunde', 'cookies', 'pas', 'vanaf', 'versie', '2.0', '.']	[7, 8, 0, 0, 0, 0, 0, 0, 0]	nl	Internet Explorer ondersteunde cookies pas vanaf versie 2.0.
['Een', 'bekende', 'naam', 'uit', 'de', 'Turkse', 'filmindustrie', 'is', 'Yılmaz', 'Güney', ',', 'een', 'schrijver', '/', 'acteur', 'die', 'controversiële', 'films', 'maakte', '.']	[0, 0, 0, 0, 0, 7, 0, 0, 1, 2, 0, 0, 0, 0, 0, 0, 0, 0, 0, 0]	nl	Een bekende naam uit de Turkse filmindustrie is Yılmaz Güney, een schrijver / acteur die controversiële films maakte.
"['Hij', 'mocht', 'de', 'laatste', 'drie', 'minuten', 'van', 'de', 'wedstrijd', 'meedoen', 'als', 'vervanger', 'van', 'Kristof', ""D'haene"", '.']"	[0, 0, 0, 0, 0, 0, 0, 0, 0, 0, 0, 0, 0, 1, 2, 0]	nl	Hij mocht de laatste drie minuten van de wedstrijd meedoen als vervanger van Kristof D'haene.
"['Sindsdien', 'zijn', 'de', 'rode', 'brulapen', 'van', 'de', 'Guyana', ""'s"", '""', 'Alouatta', 'macconnelli', '""', 'genoemd', '.']"	[0, 0, 0, 0, 0, 0, 0, 5, 0, 0, 0, 0, 0, 0, 0]	nl	"Sindsdien zijn de rode brulapen van de Guyana 's ""Alouatta macconnelli"" genoemd."
['Onder', 'bondscoach', 'Alejandro', 'Sabella', 'had', 'hij', 'een', 'basisplaats', '.']	[0, 0, 1, 2, 0, 0, 0, 0, 0]	nl	Onder bondscoach Alejandro Sabella had hij een basisplaats.
['De', 'zeven', 'sjeikdommen', 'begonnen', 'daarop', 'besprekingen', 'over', 'hun', 'toekomst', ',', 'waarbij', 'in', 'eerste', 'instantie', 'ook', 'de', 'sjeiks', 'van', 'Bahrein', 'en', 'Qatar', 'betrokken', 'waren', '.']	[0, 0, 0, 0, 0, 0, 0, 0, 0, 0, 0, 0, 0, 0, 0, 0, 0, 0, 5, 0, 5, 0, 0, 0]	nl	De zeven sjeikdommen begonnen daarop besprekingen over hun toekomst, waarbij in eerste instantie ook de sjeiks van Bahrein en Qatar betrokken waren.
"['In', '1892', 'benoemde', 'Othniel', 'Charles', 'Marsh', 'een', '""', 'Ornithomimus', 'minutus', '""', 'gebaseerd', 'op', 'specimen', 'YPM', '1049', ',', 'een', 'slanke', 'middenvoet', '.']"	[0, 0, 0, 1, 2, 2, 0, 0, 0, 0, 0, 0, 0, 0, 0, 0, 0, 0, 0, 0, 0]	nl	"In 1892 benoemde Othniel Charles Marsh een ""Ornithomimus minutus"" gebaseerd op specimen YPM 1049, een slanke middenvoet."
"['De', 'wetenschappelijke', 'naam', 'van', 'de', 'soort', 'werd', 'als', '""', 'Cervus', 'alces', '""', 'in', '1758', 'gepubliceerd', 'door', 'Carl', 'Linnaeus', '.']"	[0, 0, 0, 0, 0, 0, 0, 0, 0, 0, 0, 0, 0, 0, 0, 0, 1, 2, 0]	nl	"De wetenschappelijke naam van de soort werd als ""Cervus alces"" in 1758 gepubliceerd door Carl Linnaeus."
"['Het', 'is', 'afkomstig', 'van', 'het', 'album', '""', 'Takk', '...', '""', '.']"	[0, 0, 0, 0, 0, 0, 0, 7, 8, 0, 0]	nl	"Het is afkomstig van het album ""Takk...""."
['Hij', 'ontmoette', 'weinig', 'weerstand', ',', 'maar', 'ziekte', 'onder', 'zijn', 'troepen', 'dwong', 'hem', 'een', 'begonnen', 'beleg', 'van', 'Parijs', 'op', 'te', 'geven', '.']	[0, 0, 0, 0, 0, 0, 0, 0, 0, 0, 0, 0, 0, 0, 0, 0, 5, 0, 0, 0, 0]	nl	Hij ontmoette weinig weerstand, maar ziekte onder zijn troepen dwong hem een begonnen beleg van Parijs op te geven.
['In', 'het', 'seizoen', '2011', '-', '2012', 'startte', 'FC', 'Eindhoven', 'sterk', 'aan', 'de', 'competitie', '.']	[0, 0, 0, 0, 0, 0, 0, 3, 4, 0, 0, 0, 0, 0]	nl	In het seizoen 2011 - 2012 startte FC Eindhoven sterk aan de competitie.
['In', '2005', 'werd', 'hij', 'de', '35ste', 'winnaar', 'van', 'de', 'Templetonprijs', 'voor', 'vooruitgang', 'in', 'de', 'godsdienst', '.']	[0, 0, 0, 0, 0, 0, 0, 0, 0, 7, 0, 0, 0, 0, 0, 0]	nl	In 2005 werd hij de 35ste winnaar van de Templetonprijs voor vooruitgang in de godsdienst.
"['Postmodernisme', ',', 'wetenschap', 'en', 'antiwetenschap', '""', 'van', 'de', 'fysici', 'Alan', 'Sokal', 'en', 'Jean', 'Bricmont', '.']"	[0, 0, 0, 0, 0, 0, 0, 0, 0, 1, 2, 0, 1, 2, 0]	nl	"Postmodernisme, wetenschap en antiwetenschap ""van de fysici Alan Sokal en Jean Bricmont."
['Op', 'hun', 'terugtocht', 'vielen', 'ze', 'op', 'wens', 'van', 'de', 'centrale', 'regering', 'de', 'noordelijke', 'militie', 'van', 'Achmed', 'Sjah', 'Massoud', 'aan', ',', 'hoewel', 'deze', 'vrije', 'aftocht', 'was', 'beloofd', '.']	[0, 0, 0, 0, 0, 0, 0, 0, 0, 0, 0, 0, 0, 0, 0, 1, 2, 2, 0, 0, 0, 0, 0, 0, 0, 0, 0]	nl	Op hun terugtocht vielen ze op wens van de centrale regering de noordelijke militie van Achmed Sjah Massoud aan, hoewel deze vrije aftocht was beloofd.
"['In', 'de', 'film', '""', 'Dimensions', '""', 'wordt', 'deze', 'aanpak', 'visueel', 'uitgelegd', 'aan', 'de', 'hand', 'van', 'tweedimensionale', 'wezens', 'in', 'het', 'werk', 'van', 'Maurits', 'Cornelis', 'Escher', '.']"	[0, 0, 0, 0, 7, 0, 0, 0, 0, 0, 0, 0, 0, 0, 0, 0, 0, 0, 0, 0, 0, 1, 2, 2, 0]	nl	"In de film ""Dimensions"" wordt deze aanpak visueel uitgelegd aan de hand van tweedimensionale wezens in het werk van Maurits Cornelis Escher."
['Tot', 'aan', 'de', 'Tweede', 'Wereldoorlog', 'waren', 'er', 'veel', 'sportclubs', 'die', 'hun', 'oorsprong', 'vonden', 'in', 'het', 'keizerrijk', 'Oostenrijk-Hongarije', '.']	[0, 0, 0, 7, 8, 0, 0, 0, 0, 0, 0, 0, 0, 0, 0, 0, 5, 0]	nl	Tot aan de Tweede Wereldoorlog waren er veel sportclubs die hun oorsprong vonden in het keizerrijk Oostenrijk-Hongarije.
"['In', 'kalksteengebergte', 'ook', 'wel', 'in', 'naaldbos', ',', 'tot', 'op', '2300', '""', 'm', 'boven', 'de', 'zeespiegel', 'in', 'Turkije', '.']"	[0, 0, 0, 0, 0, 0, 0, 0, 0, 0, 0, 0, 0, 0, 0, 0, 5, 0]	nl	"In kalksteengebergte ook wel in naaldbos, tot op 2300 ""m boven de zeespiegel in Turkije."
['Die', 'houden', 'respectievelijk', 'een', 'stok', 'suikerriet', 'en', 'een', 'kokospalm', 'vast', ',', 'die', 'beiden', 'heel', 'veel', 'voorkomen', 'op', 'Saint', 'Kitts', 'en', 'Nevis', '.']	[0, 0, 0, 0, 0, 0, 0, 0, 0, 0, 0, 0, 0, 0, 0, 0, 0, 5, 6, 6, 6, 0]	nl	Die houden respectievelijk een stok suikerriet en een kokospalm vast, die beiden heel veel voorkomen op Saint Kitts en Nevis.
['Al', 'na', 'een', 'half', 'seizoen', 'mocht', 'hij', 'vertrekken', ',', 'waarop', 'VVV-Venlo', 'hem', 'in', 'juli', '2018', 'aantrok', 'en', 'een', 'contract', 'voor', 'één', 'jaar', 'gaf', ',', 'met', 'een', 'optie', 'voor', 'een', 'jaar', 'extra', '.']	[0, 0, 0, 0, 0, 0, 0, 0, 0, 0, 3, 0, 0, 0, 0, 0, 0, 0, 0, 0, 0, 0, 0, 0, 0, 0, 0, 0, 0, 0, 0, 0]	nl	Al na een half seizoen mocht hij vertrekken, waarop VVV-Venlo hem in juli 2018 aantrok en een contract voor één jaar gaf, met een optie voor een jaar extra.
"['In', '1994', 'verfilmde', 'Joeri', 'Kara', 'de', 'roman', '""', 'De', 'Meester', 'en', 'Margarita', '""', 'van', 'Michail', 'Boelgakov', '.']"	[0, 0, 0, 1, 2, 0, 0, 0, 7, 8, 8, 8, 0, 0, 1, 2, 0]	nl	"In 1994 verfilmde Joeri Kara de roman ""De Meester en Margarita"" van Michail Boelgakov."
['Deze', 'fabriek', 'ging', 'failliet', 'omdat', 'er', 'een', 'ongeluk', 'gebeurde', 'waarbij', 'veertien', 'doden', 'vielen', 'en', 'omdat', 'er', 'in', 'het', 'agrarische', 'Bulgarije', 'nauwelijks', 'markt', 'was', 'voor', 'de', 'kogellagers', '.']	[0, 0, 0, 0, 0, 0, 0, 0, 0, 0, 0, 0, 0, 0, 0, 0, 0, 0, 0, 5, 0, 0, 0, 0, 0, 0, 0]	nl	Deze fabriek ging failliet omdat er een ongeluk gebeurde waarbij veertien doden vielen en omdat er in het agrarische Bulgarije nauwelijks markt was voor de kogellagers.
['Predicatief', 'dualisme', 'is', 'een', 'visie', ',', 'die', 'verbonden', 'is', 'met', 'de', 'meeste', 'fysicalisten', 'zoals', 'Donald', 'Davidson', 'en', 'Jerry', 'Fodor', ',', 'die', 'volhouden', 'dat', ',', 'terwijl', 'er', 'alleen', 'ontologische', 'categorieën', 'van', 'substanties', 'en', 'eigenschappen', 'van', 'substanties', 'bestaan', ',', 'het', 'predicaat', 'waarmee', 'we', 'mentale', 'verschijnselen', 'beschrijven', ',', 'meestal', 'niet', 'herschreven', 'of', 'gereduceerd', 'kan', 'worden', 'in', 'fysische', 'predicaten', 'van', 'de', 'natuurlijke', 'taal', '.']	[0, 0, 0, 0, 0, 0, 0, 0, 0, 0, 0, 0, 0, 0, 1, 2, 0, 1, 2, 0, 0, 0, 0, 0, 0, 0, 0, 0, 0, 0, 0, 0, 0, 0, 0, 0, 0, 0, 0, 0, 0, 0, 0, 0, 0, 0, 0, 0, 0, 0, 0, 0, 0, 0, 0, 0, 0, 0, 0, 0]	nl	Predicatief dualisme is een visie, die verbonden is met de meeste fysicalisten zoals Donald Davidson en Jerry Fodor, die volhouden dat, terwijl er alleen ontologische categorieën van substanties en eigenschappen van substanties bestaan, het predicaat waarmee we mentale verschijnselen beschrijven, meestal niet herschreven of gereduceerd kan worden in fysische predicaten van de natuurlijke taal.
['In', '2020', 'keerde', 'hij', 'terug', 'bij', 'FC', 'Lahti', '.']	[0, 0, 0, 0, 0, 0, 3, 4, 0]	nl	In 2020 keerde hij terug bij FC Lahti.
['Niet', 'veel', 'later', 'ging', 'hij', 'studeren', 'bij', 'de', 'beeldhouwer', 'Bertoldo', 'di', 'Giovanni', ',', 'voormalig', 'pupil', 'van', 'Donatello', '.']	[0, 0, 0, 0, 0, 0, 0, 0, 0, 1, 2, 2, 0, 0, 0, 0, 1, 0]	nl	Niet veel later ging hij studeren bij de beeldhouwer Bertoldo di Giovanni, voormalig pupil van Donatello.
['Op', '19', 'juni', '2014', 'werd', 'het', 'spel', 'uitgebracht', 'op', 'de', 'Xbox', 'One', '.']	[0, 0, 0, 0, 0, 0, 0, 0, 0, 0, 7, 8, 0]	nl	Op 19 juni 2014 werd het spel uitgebracht op de Xbox One.
['Door', 'deze', 'eisen', 'zou', 'de', 'kathedraal', 'met', 'zijn', 'zijkant', 'naar', 'de', 'Nevski', 'Prospekt', 'komen', 'te', 'liggen', '.']	[0, 0, 0, 0, 0, 0, 0, 0, 0, 0, 0, 5, 6, 0, 0, 0, 0]	nl	Door deze eisen zou de kathedraal met zijn zijkant naar de Nevski Prospekt komen te liggen.
['Een', 'dag', 'later', 'stelde', 'Georgië', 'hierop', 'een', 'economische', 'blokkade', 'in', 'en', 'werden', 'er', 'troepen', 'naar', 'het', 'gebied', 'gestuurd', '.']	[0, 0, 0, 0, 5, 0, 0, 0, 0, 0, 0, 0, 0, 0, 0, 0, 0, 0, 0]	nl	Een dag later stelde Georgië hierop een economische blokkade in en werden er troepen naar het gebied gestuurd.
['Tijdens', 'en', 'na', 'de', 'inval', 'woonde', 'ze', 'niet', 'in', 'Koeweit', '.']	[0, 0, 0, 0, 0, 0, 0, 0, 0, 5, 0]	nl	Tijdens en na de inval woonde ze niet in Koeweit.
['Edwin', 'Rutten', 'trad', 'ook', 'op', 'als', 'orgeldraaier', 'die', 'af', 'en', 'toe', 'liedjes', 'zong', 'terwijl', 'hij', 'aan', 'een', 'klein', 'draaiorgeltje', 'draaide', 'dat', 'de', 'bijbehorende', 'muziek', 'speelde', '.']	[1, 2, 0, 0, 0, 0, 0, 0, 0, 0, 0, 0, 0, 0, 0, 0, 0, 0, 0, 0, 0, 0, 0, 0, 0, 0]	nl	Edwin Rutten trad ook op als orgeldraaier die af en toe liedjes zong terwijl hij aan een klein draaiorgeltje draaide dat de bijbehorende muziek speelde.
['Tijdens', 'de', 'Irak-Iranoorlog', '(', '1980', '-', '1988', ')', 'gebruikte', 'Irak', 'grote', 'hoeveelheden', 'chemische', 'wapens', ',', 'waaronder', 'ook', 'tabun', '.']	[0, 0, 7, 0, 0, 0, 0, 0, 0, 5, 0, 0, 0, 0, 0, 0, 0, 0, 0]	nl	Tijdens de Irak-Iranoorlog (1980 - 1988) gebruikte Irak grote hoeveelheden chemische wapens, waaronder ook tabun.
['De', 'middenvelder', 'werd', 'in', 'oktober', '2001', 'benoemd', 'tot', 'aanvoerder', 'van', 'het', 'team', ',', 'toen', 'eerste', 'aanvoerder', 'en', 'vedette', 'Roberto', 'Baggio', 'geblesseerd', 'raakte', 'aan', 'zijn', 'knie', '.']	[0, 0, 0, 0, 0, 0, 0, 0, 0, 0, 0, 0, 0, 0, 0, 0, 0, 0, 1, 2, 0, 0, 0, 0, 0, 0]	nl	De middenvelder werd in oktober 2001 benoemd tot aanvoerder van het team, toen eerste aanvoerder en vedette Roberto Baggio geblesseerd raakte aan zijn knie.
['Ook', 'wordt', 'de', 'soort', 'een', 'enkele', 'keer', 'in', 'Groot-Brittannië', 'en', 'Nederland', 'aangetroffen', '.']	[0, 0, 0, 0, 0, 0, 0, 0, 5, 0, 5, 0, 0]	nl	Ook wordt de soort een enkele keer in Groot-Brittannië en Nederland aangetroffen.
['In', 'Oost-Azië', 'bestaan', 'boeddhistische', 'kloosters', 'en', 'nonnenkloosters', '.']	[0, 5, 0, 0, 0, 0, 0, 0]	nl	In Oost-Azië bestaan boeddhistische kloosters en nonnenkloosters.
['Hij', 'viel', 'in', 'dat', 'duel', 'na', '77', 'minuten', 'in', 'voor', 'aanvaller', 'Niall', 'Quinn', '.']	[0, 0, 0, 0, 0, 0, 0, 0, 0, 0, 0, 1, 2, 0]	nl	Hij viel in dat duel na 77 minuten in voor aanvaller Niall Quinn.
['Op', '11', 'september', '1599', ',', 'de', 'dag', 'voor', 'hun', 'geplande', 'vertrek', 'naar', 'Johor', ',', 'werden', 'eten', 'en', 'drinken', 'aan', 'boord', 'gebracht', 'waaraan', 'een', 'verdovend', 'middel', 'was', 'toegediend', '.']	[0, 0, 0, 0, 0, 0, 0, 0, 0, 0, 0, 0, 5, 0, 0, 0, 0, 0, 0, 0, 0, 0, 0, 0, 0, 0, 0, 0]	nl	Op 11 september 1599, de dag voor hun geplande vertrek naar Johor, werden eten en drinken aan boord gebracht waaraan een verdovend middel was toegediend.
['De', 'bijbehorende', 'videoclip', 'kwam', 'tot', 'stand', 'onder', 'leiding', 'van', 'Kevin', 'Godley', 'en', 'Lol', 'Creme', ',', 'toen', 'al', 'lang', 'ex-10', 'cc', '.']	[0, 0, 0, 0, 0, 0, 0, 0, 0, 1, 2, 0, 1, 2, 0, 0, 0, 0, 0, 0, 0]	nl	De bijbehorende videoclip kwam tot stand onder leiding van Kevin Godley en Lol Creme, toen al lang ex-10 cc.
['In', 'Scandinavië', 'komt', 'de', 'kikker', 'voor', 'tot', 'boven', 'de', 'poolcirkel', '.']	[0, 5, 0, 0, 0, 0, 0, 0, 0, 0, 0]	nl	In Scandinavië komt de kikker voor tot boven de poolcirkel.
['Sinds', 'augustus', '2020', 'is', 'hij', 'hoofdtrainer', 'van', 'FC', 'Barcelona', '.']	[0, 0, 0, 0, 0, 0, 0, 3, 4, 0]	nl	Sinds augustus 2020 is hij hoofdtrainer van FC Barcelona.
['Toen', 'een', 'snelle', 'overwinning', 'op', 'de', 'Sovjet-Unie', 'mislukt', 'was', ',', 'begon', 'er', 'een', 'uitputtingsoorlog', ',', 'waarbij', 'Duitsland', 'in', 'termen', 'van', 'mankracht', ',', 'grondstoffen', 'en', 'in', 'het', 'bijzonder', 'olietoevoer', 'ernstig', 'in', 'het', 'nadeel', 'was', '.']	[0, 0, 0, 0, 0, 0, 5, 0, 0, 0, 0, 0, 0, 0, 0, 0, 5, 0, 0, 0, 0, 0, 0, 0, 0, 0, 0, 0, 0, 0, 0, 0, 0, 0]	nl	Toen een snelle overwinning op de Sovjet-Unie mislukt was, begon er een uitputtingsoorlog, waarbij Duitsland in termen van mankracht, grondstoffen en in het bijzonder olietoevoer ernstig in het nadeel was.
['De', 'belangrijkste', 'onder', 'hen', 'was', 'Sher', 'Shah', 'Suri', ',', 'de', 'gouverneur', 'van', 'Bihar', '.']	[0, 0, 0, 0, 0, 1, 2, 2, 0, 0, 0, 0, 5, 0]	nl	De belangrijkste onder hen was Sher Shah Suri, de gouverneur van Bihar.
['In', 'de', 'tussentijd', 'werd', 'hij', 'uitgeleend', 'aan', 'Millwall', 'FC', '.']	[0, 0, 0, 0, 0, 0, 0, 3, 4, 0]	nl	In de tussentijd werd hij uitgeleend aan Millwall FC.
['Zijn', 'optreden', 'vormde', 'een', 'van', 'de', 'hoogtepunten', 'van', 'het', 'Amerikaanse', 'gedeelte', 'van', 'Live', 'Aid', '.']	[0, 0, 0, 0, 0, 0, 0, 0, 0, 7, 0, 0, 7, 8, 0]	nl	Zijn optreden vormde een van de hoogtepunten van het Amerikaanse gedeelte van Live Aid.
['De', 'bediening', 'gebeurt', 'vanuit', 'een', 'centraal', 'punt', 'in', 'Schijndel', '.']	[0, 0, 0, 0, 0, 0, 0, 0, 5, 0]	nl	De bediening gebeurt vanuit een centraal punt in Schijndel.
['In', '2006', 'en', '2007', 'vond', 'de', 'uitreiking', 'plaats', 'in', 'de', 'Heineken', 'Music', 'Hall', 'te', 'Amsterdam', '.']	[0, 0, 0, 0, 0, 0, 0, 0, 0, 0, 5, 6, 6, 0, 5, 0]	nl	In 2006 en 2007 vond de uitreiking plaats in de Heineken Music Hall te Amsterdam.
['De', 'serie', 'draait', 'om', 'Zorro', 'die', 'vast', 'zich', 'tussen', 'zijn', 'strijd', 'voor', 'rechtvaardigheid', 'en', 'zijn', 'liefde', 'voor', 'een', 'mooie', 'vrouw', '.']	[0, 0, 0, 0, 7, 0, 0, 0, 0, 0, 0, 0, 0, 0, 0, 0, 0, 0, 0, 0, 0]	nl	De serie draait om Zorro die vast zich tussen zijn strijd voor rechtvaardigheid en zijn liefde voor een mooie vrouw.
['Vandaag', 'herinnert', 'alleen', 'Huis', 'Oudegein', 'nog', 'aan', 'deze', 'tijd', '.']	[0, 0, 0, 5, 6, 0, 0, 0, 0, 0]	nl	Vandaag herinnert alleen Huis Oudegein nog aan deze tijd.
['De', 'eerste', 'moderne', 'omzetting', 'werd', 'echter', 'eerst', 'in', 'de', '18e', 'eeuw', 'gedaan', 'met', 'de', 'onafhankelijkheid', 'van', 'de', 'Verenigde', 'Staten', '.']	[0, 0, 0, 0, 0, 0, 0, 0, 0, 0, 0, 0, 0, 0, 0, 0, 0, 5, 6, 0]	nl	De eerste moderne omzetting werd echter eerst in de 18e eeuw gedaan met de onafhankelijkheid van de Verenigde Staten.
['Lunarmodulepiloot', 'Alan', 'Bean', 'wist', 'waar', 'deze', 'knop', 'zich', 'bevond', 'en', 'met', 'het', 'omzetten', 'naar', 'de', 'AUX-stand', 'waren', 'de', 'problemen', 'verholpen', '.']	[0, 1, 2, 0, 0, 0, 0, 0, 0, 0, 0, 0, 0, 0, 0, 0, 0, 0, 0, 0, 0]	nl	Lunarmodulepiloot Alan Bean wist waar deze knop zich bevond en met het omzetten naar de AUX-stand waren de problemen verholpen.
['Zijn', 'internationale', 'carrière', 'begon', 'op', '16-jarige', 'leeftijd', 'in', '1989', 'toen', 'hij', 'mocht', 'aantreden', 'in', 'de', 'wedstrijd', 'tegen', 'Pakistan', '.']	[0, 0, 0, 0, 0, 0, 0, 0, 0, 0, 0, 0, 0, 0, 0, 0, 0, 5, 0]	nl	Zijn internationale carrière begon op 16-jarige leeftijd in 1989 toen hij mocht aantreden in de wedstrijd tegen Pakistan.
"['Het', 'verhaal', 'is', 'gebaseerd', 'op', 'de', 'Sentai', 'serie', '""', 'Chouriki', 'Sentai', 'Ohranger', '""', '.']"	[0, 0, 0, 0, 0, 0, 0, 0, 0, 7, 8, 8, 0, 0]	nl	"Het verhaal is gebaseerd op de Sentai serie ""Chouriki Sentai Ohranger""."
['Een', 'tweede', 'deel', 'kwam', 'uit', 'in', '2011', ',', 'Johnny', 'English', 'Reborn', '.']	[0, 0, 0, 0, 0, 0, 0, 0, 7, 8, 8, 0]	nl	Een tweede deel kwam uit in 2011, Johnny English Reborn.
['Na', 'amper', 'zes', 'maanden', 'werd', 'hij', 'voor', 'vier', 'miljoen', 'euro', 'verkocht', 'aan', 'TSG', '1899', 'Hoffenheim', '.']	[0, 0, 0, 0, 0, 0, 0, 0, 0, 0, 0, 0, 3, 4, 4, 0]	nl	Na amper zes maanden werd hij voor vier miljoen euro verkocht aan TSG 1899 Hoffenheim.
['Deze', 'populatie', 'werd', 'in', '2009', 'geschat', 'op', '25.000', 'tot', '42.000', 'paar', ',', 'waarvan', 'de', 'helft', 'in', 'Spanje', '.']	[0, 0, 0, 0, 0, 0, 0, 0, 0, 0, 0, 0, 0, 0, 0, 0, 5, 0]	nl	Deze populatie werd in 2009 geschat op 25.000 tot 42.000 paar, waarvan de helft in Spanje.
['Dit', 'slaat', 'op', 'drie', 'zangers', 'die', 'tijdens', 'de', 'Tweede', 'Wereldoorlog', 'optraden', 'om', 'de', 'troepen', 'te', 'vermaken', ':', 'Al', 'Jolson', ',', 'Bob', 'Hope', 'en', 'Jack', 'Benny', '.']	[0, 0, 0, 0, 0, 0, 0, 0, 7, 8, 0, 0, 0, 0, 0, 0, 0, 1, 2, 0, 1, 2, 0, 1, 2, 0]	nl	Dit slaat op drie zangers die tijdens de Tweede Wereldoorlog optraden om de troepen te vermaken: Al Jolson, Bob Hope en Jack Benny.
"['""', 'Metacritic', '""', 'gaf', 'de', 'film', 'een', 'score', 'van', '57', '%', '.']"	[0, 7, 0, 0, 0, 0, 0, 0, 0, 0, 0, 0]	nl	"""Metacritic"" gaf de film een score van 57%."
['Hij', 'vertelt', 'haar', 'over', 'de', 'grote', 'kansen', 'die', 'op', 'hen', 'wachten', 'in', 'het', 'snel', 'groeiende', 'San', 'Francisco', '.']	[0, 0, 0, 0, 0, 0, 0, 0, 0, 0, 0, 0, 0, 0, 0, 5, 6, 0]	nl	Hij vertelt haar over de grote kansen die op hen wachten in het snel groeiende San Francisco.
['De', 'hoofdplaats', 'van', 'de', 'Noordoostpolder', 'biedt', 'veel', 'werkgelegenheid', '.']	[0, 0, 0, 0, 5, 0, 0, 0, 0]	nl	De hoofdplaats van de Noordoostpolder biedt veel werkgelegenheid.
['De', 'Ronde', 'van', 'Nederland', 'kende', 'een', 'oranje', 'leiderstrui', '.']	[0, 7, 8, 8, 0, 0, 0, 0, 0]	nl	De Ronde van Nederland kende een oranje leiderstrui.
['Vanaf', '930', 'kwam', 'het', 'tot', 'een', 'krachtmeting', 'met', 'Herbert', 'II', 'van', 'Vermandois', '.']	[0, 0, 0, 0, 0, 0, 0, 0, 1, 2, 2, 2, 0]	nl	Vanaf 930 kwam het tot een krachtmeting met Herbert II van Vermandois.
"['Hij', 'werd', 'joods', 'opgevoed', 'en', 'speelde', 'in', 'Woody', 'Allen', ""'s"", 'film', '""', 'Radio', 'Days', '""', '(', '1987', ')', 'een', 'Joodse', 'jongen', 'uit', 'de', 'jaren', '40', 'van', 'de', 'twintigste', 'eeuw', ',', 'gedurende', 'de', 'Tweede', 'Wereldoorlog', '.']"	[0, 0, 7, 0, 0, 0, 0, 1, 2, 0, 0, 0, 7, 8, 0, 0, 0, 0, 0, 7, 0, 0, 0, 0, 0, 0, 0, 0, 0, 0, 0, 0, 7, 8, 0]	nl	"Hij werd joods opgevoed en speelde in Woody Allen 's film ""Radio Days"" (1987) een Joodse jongen uit de jaren 40 van de twintigste eeuw, gedurende de Tweede Wereldoorlog."
['In', 'deze', 'functie', 'volgde', 'hij', 'Karla', 'Peijs', 'op', '.']	[0, 0, 0, 0, 0, 1, 2, 0, 0]	nl	In deze functie volgde hij Karla Peijs op.
['Door', 'onenigheden', 'binnen', 'de', 'familie', 'werd', 'in', '2006', '49,9', '%', 'van', 'de', 'aandelen', 'verkocht', 'aan', 'Lehman', 'Brothers', '.']	[0, 0, 0, 0, 0, 0, 0, 0, 0, 0, 0, 0, 0, 0, 0, 3, 4, 0]	nl	Door onenigheden binnen de familie werd in 2006 49,9% van de aandelen verkocht aan Lehman Brothers.
['Hij', 'studeerde', 'rechten', 'in', 'Parijs', ',', 'maar', 'voltooide', 'die', 'studies', 'niet', '.']	[0, 0, 0, 0, 5, 0, 0, 0, 0, 0, 0, 0]	nl	Hij studeerde rechten in Parijs, maar voltooide die studies niet.
['Zijn', 'vader', 'Maarten', 'Krabbé', 'en', 'grootvader', 'Hendrik', 'Maarten', 'Krabbé', 'waren', 'bekende', 'schilders', ',', 'evenals', 'zijn', 'middelste', 'zoon', 'Jasper', 'Krabbé', 'nu', 'is', '.']	[0, 0, 1, 2, 0, 0, 1, 2, 2, 0, 0, 0, 0, 0, 0, 0, 0, 1, 2, 0, 0, 0]	nl	Zijn vader Maarten Krabbé en grootvader Hendrik Maarten Krabbé waren bekende schilders, evenals zijn middelste zoon Jasper Krabbé nu is.
['De', 'farad', 'is', 'genoemd', 'naar', 'Michael', 'Faraday', '.']	[0, 0, 0, 0, 0, 1, 2, 0]	nl	De farad is genoemd naar Michael Faraday.
['Haar', 'witte', 'huwelijksjapon', 'werd', 'ontworpen', 'door', 'Cristobal', 'Balenciaga', '.']	[0, 0, 0, 0, 0, 0, 1, 2, 0]	nl	Haar witte huwelijksjapon werd ontworpen door Cristobal Balenciaga.
['Verder', 'zijn', 'er', 'ook', 'dubbele', 'verkoopskantoren', ',', 'die', 'voor', 'twee', 'landen', 'verkopen', ':', 'namelijk', 'Duitsland', '/', 'Oostenrijk', 'en', 'Spanje', '/', 'Portugal', '.']	[0, 0, 0, 0, 0, 0, 0, 0, 0, 0, 0, 0, 0, 0, 5, 0, 5, 0, 5, 0, 5, 0]	nl	Verder zijn er ook dubbele verkoopskantoren, die voor twee landen verkopen: namelijk Duitsland / Oostenrijk en Spanje / Portugal.
['Daar', 'kreeg', 'ze', 'kleine', 'filmrollen', 'en', 'werd', 'bevriend', 'met', 'de', 'ster', 'Ginger', 'Rogers', '.']	[0, 0, 0, 0, 0, 0, 0, 0, 0, 0, 0, 1, 2, 0]	nl	Daar kreeg ze kleine filmrollen en werd bevriend met de ster Ginger Rogers.
"['Een', '""', 'wat', '""', 'is', 'een', 'boeddhistische', 'tempel', 'in', 'Cambodja', ',', 'Laos', 'of', 'Thailand', '.']"	[0, 0, 0, 0, 0, 0, 0, 0, 0, 5, 0, 5, 0, 5, 0]	nl	"Een ""wat"" is een boeddhistische tempel in Cambodja, Laos of Thailand."
['De', 'bekende', 'Britse', 'econoom', 'John', 'Maynard', 'Keynes', ',', 'die', 'als', 'topambtenaar', 'de', 'vredesbesprekingen', 'had', 'bijgewoond', ',', 'waarschuwde', 'indertijd', 'in', 'een', 'boek', 'voor', 'de', 'zijns', 'inziens', 'desastreuze', 'gevolgen', 'van', 'dit', 'vredesverdrag', '.']	[0, 0, 0, 0, 1, 2, 2, 0, 0, 0, 0, 0, 0, 0, 0, 0, 0, 0, 0, 0, 0, 0, 0, 0, 0, 0, 0, 0, 0, 0, 0]	nl	De bekende Britse econoom John Maynard Keynes, die als topambtenaar de vredesbesprekingen had bijgewoond, waarschuwde indertijd in een boek voor de zijns inziens desastreuze gevolgen van dit vredesverdrag.
['Zijn', 'laatste', 'functie', 'was', 'in', 'Straatsburg', ',', 'de', 'stad', 'waar', 'hij', 'ook', 'overleed', '.']	[0, 0, 0, 0, 0, 5, 0, 0, 0, 0, 0, 0, 0, 0]	nl	Zijn laatste functie was in Straatsburg, de stad waar hij ook overleed.
['Het', 'is', 'gelegen', 'in', 'Pigeon', 'Forge', ',', 'Tennessee', 'in', 'de', 'Verenigde', 'Staten', '.']	[0, 0, 0, 0, 5, 6, 0, 5, 0, 0, 5, 6, 0]	nl	Het is gelegen in Pigeon Forge, Tennessee in de Verenigde Staten.
"['Het', 'victoriaans', 'tijdperk', 'wordt', 'dikwijls', 'gezien', 'als', 'een', 'lange', 'periode', 'van', 'vrede', 'en', 'voorspoed', ',', 'bekend', 'als', '""', 'Pax', 'Britannica', '""', '.']"	[0, 0, 0, 0, 0, 0, 0, 0, 0, 0, 0, 0, 0, 0, 0, 0, 0, 0, 7, 8, 0, 0]	nl	"Het victoriaans tijdperk wordt dikwijls gezien als een lange periode van vrede en voorspoed, bekend als ""Pax Britannica""."
"['De', 'jaarlijkse', 'wedstrijd', 'over', 'dat', 'parcours', ',', 'de', 'echte', 'marathon', 'dus', ',', 'eindigt', 'ook', 'in', 'dit', 'stokoude', 'stadion', 'en', 'bij', 'de', 'Olympische', 'Zomerspelen', '2004', 'is', 'het', 'stadion', 'eveneens', 'gebruikt', '–', 'maar', 'niet', 'voor', 'de', 'gewone', 'atletiekwedstrijden', ',', 'waar', ""zo'n"", 'klein', 'stadion', 'totaal', 'niet', 'meer', 'geschikt', 'voor', 'is', '.']"	[0, 0, 0, 0, 0, 0, 0, 0, 0, 0, 0, 0, 0, 0, 0, 0, 0, 0, 0, 0, 0, 7, 8, 8, 0, 0, 0, 0, 0, 0, 0, 0, 0, 0, 0, 0, 0, 0, 0, 0, 0, 0, 0, 0, 0, 0, 0, 0]	nl	De jaarlijkse wedstrijd over dat parcours, de echte marathon dus, eindigt ook in dit stokoude stadion en bij de Olympische Zomerspelen 2004 is het stadion eveneens gebruikt – maar niet voor de gewone atletiekwedstrijden, waar zo'n klein stadion totaal niet meer geschikt voor is.
['Hij', 'raakte', 'bevriend', 'met', 'Franz', 'Schubert', '.']	[0, 0, 0, 0, 1, 2, 0]	nl	Hij raakte bevriend met Franz Schubert.
"['Deze', 'kerk', 'vormde', 'de', 'basis', 'van', 'de', 'Gereformeerde', 'Kerken', 'in', 'Hersteld', 'Verband', '(', 'kortweg', '""', 'HV-kerk', '""', 'genoemd', ')', '.']"	[0, 0, 0, 0, 0, 0, 0, 3, 4, 4, 4, 4, 0, 0, 0, 0, 0, 0, 0, 0]	nl	"Deze kerk vormde de basis van de Gereformeerde Kerken in Hersteld Verband (kortweg ""HV-kerk"" genoemd)."
['De', 'wetenschappelijke', 'naam', 'van', 'het', 'geslacht', 'werd', 'in', '1825', 'voorgesteld', 'door', 'Johann', 'Baptist', 'von', 'Spix', '.']	[0, 0, 0, 0, 0, 0, 0, 0, 0, 0, 0, 1, 2, 2, 2, 0]	nl	De wetenschappelijke naam van het geslacht werd in 1825 voorgesteld door Johann Baptist von Spix.
['Later', 'is', 'deze', 'positie', 'ingenomen', 'door', 'Joel', 'Dorn', '.']	[0, 0, 0, 0, 0, 0, 1, 2, 0]	nl	Later is deze positie ingenomen door Joel Dorn.
['In', '1891', 'werd', 'hij', 'afdelingssecretaris', 'van', 'de', 'Sociaal-Democratische', 'Bond', 'in', 'Amsterdam', '.']	[0, 0, 0, 0, 0, 0, 0, 3, 4, 0, 5, 0]	nl	In 1891 werd hij afdelingssecretaris van de Sociaal-Democratische Bond in Amsterdam.
['Ook', 'werkte', 'hij', 'samen', 'met', 'zijn', 'broer', ',', 'de', 'gitarist', 'Wolfgang', 'Muthspiel', ',', 'waarmee', 'hij', 'een', 'duo', 'vormde', '.']	[0, 0, 0, 0, 0, 0, 0, 0, 0, 0, 1, 2, 0, 0, 0, 0, 0, 0, 0]	nl	Ook werkte hij samen met zijn broer, de gitarist Wolfgang Muthspiel, waarmee hij een duo vormde.
"['Haar', 'bekendste', 'film', 'is', '""', 'Bridesmaids', '""', ',', 'waarvoor', 'ze', 'een', 'twintigtal', 'nominaties', 'kreeg', '.']"	[0, 0, 0, 0, 0, 7, 0, 0, 0, 0, 0, 0, 0, 0, 0]	nl	"Haar bekendste film is ""Bridesmaids"", waarvoor ze een twintigtal nominaties kreeg."
"['King', ""'s"", 'Quest', 'is', 'een', 'grafisch', 'avonturenspel', '.']"	[7, 8, 8, 0, 0, 0, 0, 0]	nl	King 's Quest is een grafisch avonturenspel.
['Het', 'is', 'ook', 'de', 'hoogste', 'berg', 'van', 'de', 'Aleoeten', '.']	[0, 0, 0, 0, 0, 0, 0, 0, 5, 0]	nl	Het is ook de hoogste berg van de Aleoeten.
['Zij', 'gingen', 'in', 'dezelfde', 'straat', 'in', 'het', 'huis', 'Belcourt', 'wonen', '.']	[0, 0, 0, 0, 0, 0, 0, 0, 5, 0, 0]	nl	Zij gingen in dezelfde straat in het huis Belcourt wonen.
['De', 'soort', 'komt', 'voor', 'in', 'Kreta', '.']	[0, 0, 0, 0, 0, 5, 0]	nl	De soort komt voor in Kreta.
['Na', 'de', 'oorlog', 'was', 'hij', 'van', '1919', 'tot', '1921', 'provinciegouverneur', 'van', 'Oost-Vlaanderen', '.']	[0, 0, 0, 0, 0, 0, 0, 0, 0, 0, 0, 5, 0]	nl	Na de oorlog was hij van 1919 tot 1921 provinciegouverneur van Oost-Vlaanderen.
['Zijn', 'tweelingbroer', 'was', 'Maurice', 'Gibb', '.']	[0, 0, 0, 1, 2, 0]	nl	Zijn tweelingbroer was Maurice Gibb.
['De', 'speler', 'maakt', 'in', 'de', 'landingen', 'mee', 'op', 'de', 'stranden', 'van', 'Normandië', 'en', 'gaat', 'zo', 'door', 'tot', 'Parijs', 'bereikt', 'is', '.']	[0, 0, 0, 0, 0, 0, 0, 0, 0, 0, 0, 5, 0, 0, 0, 0, 0, 5, 0, 0, 0]	nl	De speler maakt in de landingen mee op de stranden van Normandië en gaat zo door tot Parijs bereikt is.
['Ook', 'het', 'bestuur', 'van', 'de', 'Verenigde', 'Arabische', 'Emiraten', ',', 'evenals', 'vele', 'ambassades', 'en', 'vele', 'aardoliebedrijven', 'zijn', 'gevestigd', 'in', 'het', 'emiraat', '.']	[0, 0, 0, 0, 0, 5, 6, 6, 0, 0, 0, 0, 0, 0, 0, 0, 0, 0, 0, 0, 0]	nl	Ook het bestuur van de Verenigde Arabische Emiraten, evenals vele ambassades en vele aardoliebedrijven zijn gevestigd in het emiraat.
['Die', 'reisde', 'vanwege', 'de', 'onlusten', 'in', 'Noord-Ierland', 'niet', 'naar', 'de', 'Ulster', 'Grand', 'Prix', ',', 'ook', 'al', 'omdat', 'hij', 'zijn', 'wereldtitel', 'al', 'lang', 'had', 'veiliggesteld', '.']	[0, 0, 0, 0, 0, 0, 5, 0, 0, 0, 7, 8, 8, 0, 0, 0, 0, 0, 0, 0, 0, 0, 0, 0, 0]	nl	Die reisde vanwege de onlusten in Noord-Ierland niet naar de Ulster Grand Prix, ook al omdat hij zijn wereldtitel al lang had veiliggesteld.
['van', 'William', 'Steig', 'gebaseerd', 'is', '.']	[0, 1, 2, 0, 0, 0]	nl	van William Steig gebaseerd is.
['Tot', 'en', 'met', 'het', 'Europees', 'kampioenschap', 'voetbal', '2008', 'speelde', 'hij', '57', 'interlands', ',', 'waarin', 'hij', 'vier', 'keer', 'wist', 'te', 'scoren', '.']	[0, 0, 0, 0, 7, 8, 8, 8, 0, 0, 0, 0, 0, 0, 0, 0, 0, 0, 0, 0, 0]	nl	Tot en met het Europees kampioenschap voetbal 2008 speelde hij 57 interlands, waarin hij vier keer wist te scoren.
['Er', 'zijn', 'smalle', 'stroken', 'van', 'laagland', 'langs', 'de', 'kust', 'van', 'de', 'Adriatische', 'Zee', 'en', 'langs', 'delen', 'aan', 'de', 'kust', 'van', 'de', 'Tyrreense', 'Zee', '.']	[0, 0, 0, 0, 0, 0, 0, 0, 0, 0, 0, 5, 6, 0, 0, 0, 0, 0, 0, 0, 0, 5, 6, 0]	nl	Er zijn smalle stroken van laagland langs de kust van de Adriatische Zee en langs delen aan de kust van de Tyrreense Zee.
['Hij', 'verloor', 'uiteindelijk', 'zijn', 'basisplaats', 'aan', 'Zbigniew', 'Małkowski', 'en', 'zijn', 'contract', 'werd', 'niet', 'verlengd', '.']	[0, 0, 0, 0, 0, 0, 1, 2, 0, 0, 0, 0, 0, 0, 0]	nl	Hij verloor uiteindelijk zijn basisplaats aan Zbigniew Małkowski en zijn contract werd niet verlengd.
['De', 'verfilming', '(', 'Fons', 'Rademakers', ',', '1976', ')', 'van', 'het', 'boek', 'heeft', 'ervoor', 'gezorgd', 'dat', 'de', 'roman', 'bij', 'een', 'nieuw', 'publiek', 'weer', 'onder', 'de', 'aandacht', 'werd', 'gebracht', '.']	[0, 0, 0, 1, 2, 0, 0, 0, 0, 0, 0, 0, 0, 0, 0, 0, 0, 0, 0, 0, 0, 0, 0, 0, 0, 0, 0, 0]	nl	De verfilming (Fons Rademakers, 1976) van het boek heeft ervoor gezorgd dat de roman bij een nieuw publiek weer onder de aandacht werd gebracht.
['Hij', 'speelt', 'bij', 'Clyde', 'FC', '.']	[0, 0, 0, 3, 4, 0]	nl	Hij speelt bij Clyde FC.
['Ook', 'vond', 'de', 'finale', 'van', 'de', 'UEFA', 'Europa', 'League', '2014', '/', '15', 'hier', 'plaats', '.']	[0, 0, 0, 0, 0, 0, 7, 8, 8, 8, 8, 8, 0, 0, 0]	nl	Ook vond de finale van de UEFA Europa League 2014 / 15 hier plaats.
['Na', 'een', 'proefperiode', 'in', 'januari', '2015', 'tekende', 'de', 'middenvelder', 'een', 'contract', 'voor', 'anderhalf', 'seizoen', 'bij', 'VVV-Venlo', '.']	[0, 0, 0, 0, 0, 0, 0, 0, 0, 0, 0, 0, 0, 0, 0, 3, 0]	nl	Na een proefperiode in januari 2015 tekende de middenvelder een contract voor anderhalf seizoen bij VVV-Venlo.
['Hij', 'ligt', 'begraven', 'op', 'het', 'Cimetière', 'du', 'Montparnasse', 'in', 'Parijs', '.']	[0, 0, 0, 0, 0, 5, 6, 6, 0, 5, 0]	nl	Hij ligt begraven op het Cimetière du Montparnasse in Parijs.
['Deze', 'muziek', 'werd', 'ook', 'uitgebracht', 'op', 'een', 'soundtrackalbum', 'door', 'het', 'platenlabel', 'ANTI', '-', '.']	[0, 0, 0, 0, 0, 0, 0, 0, 0, 0, 0, 3, 4, 0]	nl	Deze muziek werd ook uitgebracht op een soundtrackalbum door het platenlabel ANTI -.
['Zij', 'woont', 'en', 'werkt', 'in', 'Berlijn', '.']	[0, 0, 0, 0, 0, 5, 0]	nl	Zij woont en werkt in Berlijn.
['In', 'Brazilië', 'werd', 'een', 'rouwperiode', 'van', 'zeven', 'dagen', 'afgekondigd', '.']	[0, 5, 0, 0, 0, 0, 0, 0, 0, 0]	nl	In Brazilië werd een rouwperiode van zeven dagen afgekondigd.
['Hij', 'won', 'het', 'kampioenschap', 'in', '2006', 'waarmee', 'hij', 'de', 'kampioenschapsreeks', 'van', 'Ingo', 'Hoffmann', 'verbrak', '.']	[0, 0, 0, 0, 0, 0, 0, 0, 0, 0, 0, 1, 2, 0, 0]	nl	Hij won het kampioenschap in 2006 waarmee hij de kampioenschapsreeks van Ingo Hoffmann verbrak.
['Enkele', 'ontvangers', 'van', 'deze', 'prijs', 'zijn', 'Albert', 'Einstein', 'in', '1926', 'en', 'Stephen', 'Hawking', 'in', '1985', '.']	[0, 0, 0, 0, 0, 0, 1, 2, 0, 0, 0, 1, 2, 0, 0, 0]	nl	Enkele ontvangers van deze prijs zijn Albert Einstein in 1926 en Stephen Hawking in 1985.
['In', '2013', 'vertrok', 'hij', 'naar', 'Rio', 'Ave', 'FC', '.']	[0, 0, 0, 0, 0, 3, 4, 4, 0]	nl	In 2013 vertrok hij naar Rio Ave FC.
['Na', 'haar', 'overlijden', 'trouwde', 'hij', 'met', 'de', 'historica', 'Nanda', 'van', 'der', 'Zee', '(', '1951', '–', '2014', ')', '.']	[0, 0, 0, 0, 0, 0, 0, 0, 1, 2, 2, 2, 0, 0, 0, 0, 0, 0]	nl	Na haar overlijden trouwde hij met de historica Nanda van der Zee (1951 – 2014).
['Het', 'traject', 'tussen', 'dit', 'knooppunt', 'en', 'De', 'Meern', 'kreeg', 'zes', 'rijstroken', 'en', 'in', 'omgekeerde', 'richting', 'vijf', 'rijstroken', '.']	[0, 0, 0, 0, 0, 0, 5, 6, 0, 0, 0, 0, 0, 0, 0, 0, 0, 0]	nl	Het traject tussen dit knooppunt en De Meern kreeg zes rijstroken en in omgekeerde richting vijf rijstroken.
['Binnen', '24', 'uur', 'na', 'uitgave', 'had', 'Activision', 'al', 'meer', 'dan', 'een', 'half', 'miljard', 'dollar', 'aan', 'spellen', 'verkocht', 'aan', 'winkels', '.']	[0, 0, 0, 0, 0, 0, 3, 0, 0, 0, 0, 0, 0, 0, 0, 0, 0, 0, 0, 0]	nl	Binnen 24 uur na uitgave had Activision al meer dan een half miljard dollar aan spellen verkocht aan winkels.
['Hulagu', '’s', 'belegering', 'en', 'vernietiging', 'van', 'Bagdad', 'in', '1258', 'wordt', 'gezien', 'als', 'het', 'einde', 'van', 'het', 'gouden', 'tijdperk', 'van', 'de', 'islamitische', 'wereld', '.']	[1, 0, 0, 0, 0, 0, 5, 0, 0, 0, 0, 0, 0, 0, 0, 0, 0, 0, 0, 0, 0, 0, 0]	nl	Hulagu ’s belegering en vernietiging van Bagdad in 1258 wordt gezien als het einde van het gouden tijdperk van de islamitische wereld.
['Hij', 'verruilde', 'Vissel', 'Kobe', 'in', 'januari', '2020', 'voor', 'Antalyaspor', '.']	[0, 0, 3, 4, 0, 0, 0, 0, 3, 0]	nl	Hij verruilde Vissel Kobe in januari 2020 voor Antalyaspor.
"['Hij', 'komt', 'uit', 'de', 'jeugdopleiding', 'van', 'OGC', 'Nice', ',', 'waarna', 'hij', 'in', 'het', 'seizoen', '2004', ""-'"", '05', 'in', 'het', 'shirt', 'van', 'Lille', 'OSC', 'debuteerde', 'in', 'het', 'profvoetbal', '.']"	[0, 0, 0, 0, 0, 0, 3, 4, 0, 0, 0, 0, 0, 0, 0, 0, 0, 0, 0, 0, 0, 3, 4, 0, 0, 0, 0, 0]	nl	Hij komt uit de jeugdopleiding van OGC Nice, waarna hij in het seizoen 2004 -' 05 in het shirt van Lille OSC debuteerde in het profvoetbal.
['In', '2000', 'ging', 'ze', 'met', 'zanger', 'Tony', 'Bennett', 'op', 'tournee', '.']	[0, 0, 0, 0, 0, 0, 1, 2, 0, 0, 0]	nl	In 2000 ging ze met zanger Tony Bennett op tournee.
"['""', 'Phrynobatrachus', 'giorgii', '""', 'komt', 'voor', 'in', 'delen', 'van', 'Afrika', 'en', 'leeft', 'endemisch', 'in', 'Congo-Kinshasa', '.']"	[0, 0, 0, 0, 0, 0, 0, 0, 0, 5, 0, 0, 0, 0, 5, 0]	nl	"""Phrynobatrachus giorgii"" komt voor in delen van Afrika en leeft endemisch in Congo-Kinshasa."
"['In', 'januari', '2006', 'bracht', 'de', 'single', '""', 'When', 'I', 'Think', 'of', 'you', '""', 'uit', '.']"	[0, 0, 0, 0, 0, 0, 0, 7, 8, 8, 8, 8, 0, 0, 0]	nl	"In januari 2006 bracht de single ""When I Think of you"" uit."
['Op', 'dinsdag', '17', 'juni', '2008', 'maakte', 'Jan', 'Marijnissen', 'in', 'een', 'persconferentie', 'bekend', 'dat', 'hij', 'om', 'gezondheidsredenen', 'afscheid', 'nam', 'als', 'fractieleider', '.']	[0, 0, 0, 0, 0, 0, 1, 2, 0, 0, 0, 0, 0, 0, 0, 0, 0, 0, 0, 0, 0]	nl	Op dinsdag 17 juni 2008 maakte Jan Marijnissen in een persconferentie bekend dat hij om gezondheidsredenen afscheid nam als fractieleider.
['In', '1952', 'speelde', 'hij', 'mee', 'in', 'de', 'Schaakolympiade', 'te', 'Helsinki', '.']	[0, 0, 0, 0, 0, 0, 0, 7, 0, 5, 0]	nl	In 1952 speelde hij mee in de Schaakolympiade te Helsinki.
"['Steven', 'Spielberg', 'bracht', 'in', '1977', '""', 'Close', 'Encounters', 'of', 'the', 'Third', 'Kind', '""', ',', 'en', 'in', 'hetzelfde', 'jaar', 'verscheen', 'de', 'eerste', '""', 'Star', 'Wars', '""', 'film', 'in', 'de', 'bioscoop', ',', 'destijds', 'gewoon', 'onder', 'de', 'naam', '""', 'Star', 'Wars', '""', 'maar', 'na', 'de', 'latere', 'vervolgfilms', 'nu', 'bekend', 'als', '""', 'Star', 'Wars', ':', 'Episode', 'IV', ':', 'A', 'New', 'Hope', '""', '.']"	[1, 2, 0, 0, 0, 0, 7, 8, 8, 8, 8, 8, 0, 0, 0, 0, 0, 0, 0, 0, 0, 0, 7, 8, 0, 0, 0, 0, 0, 0, 0, 0, 0, 0, 0, 0, 7, 8, 0, 0, 0, 0, 0, 0, 0, 0, 0, 0, 7, 8, 8, 8, 8, 8, 8, 8, 8, 0, 0]	nl	"Steven Spielberg bracht in 1977 ""Close Encounters of the Third Kind"", en in hetzelfde jaar verscheen de eerste ""Star Wars"" film in de bioscoop, destijds gewoon onder de naam ""Star Wars"" maar na de latere vervolgfilms nu bekend als ""Star Wars: Episode IV: A New Hope""."
['De', 'onderfamilie', 'werd', 'eerst', 'in', '1828', 'beschreven', 'door', 'Jean', 'Baptiste', 'Boisduval', '.']	[0, 0, 0, 0, 0, 0, 0, 0, 1, 2, 2, 0]	nl	De onderfamilie werd eerst in 1828 beschreven door Jean Baptiste Boisduval.
['Hoewel', 'het', 'gerucht', 'ging', 'dat', 'de', 'zanglijnen', 'van', 'de', 'ex-Sugababes', 'Mutya', 'Buena', 'en', 'Siobhán', 'Donaghy', 'opnieuw', 'zouden', 'worden', 'ingezongen', 'door', 'hun', 'opvolgers', 'Heidi', 'Range', 'and', 'Amelle', 'Berrabah', ',', 'zijn', 'de', 'opgenomen', 'versies', 'allemaal', 'de', 'originele', 'albumversies', '.']	[0, 0, 0, 0, 0, 0, 0, 0, 0, 0, 1, 2, 0, 1, 2, 0, 0, 0, 0, 0, 0, 0, 1, 2, 0, 1, 2, 0, 0, 0, 0, 0, 0, 0, 0, 0, 0]	nl	Hoewel het gerucht ging dat de zanglijnen van de ex-Sugababes Mutya Buena en Siobhán Donaghy opnieuw zouden worden ingezongen door hun opvolgers Heidi Range and Amelle Berrabah, zijn de opgenomen versies allemaal de originele albumversies.
"['Het', 'verhaal', 'is', 'in', 'grote', 'lijnen', 'gelijk', 'aan', 'dat', 'van', 'de', 'vierde', 'film', 'uit', 'de', 'originele', 'reeks', ';', '""', 'Conquest', 'of', 'the', 'Planet', 'of', 'the', 'Apes', '""', '(', '1972', ')', '.']"	[0, 0, 0, 0, 0, 0, 0, 0, 0, 0, 0, 0, 0, 0, 0, 0, 0, 0, 0, 7, 8, 8, 8, 8, 8, 8, 0, 0, 0, 0, 0]	nl	"Het verhaal is in grote lijnen gelijk aan dat van de vierde film uit de originele reeks; ""Conquest of the Planet of the Apes"" (1972)."
['In', 'de', 'finale', 'tegen', 'Aalborg', 'BK', 'maakte', 'hij', 'zelf', 'het', 'enige', 'doelpunt', 'van', 'de', 'wedstrijd', '.']	[0, 0, 0, 0, 3, 4, 0, 0, 0, 0, 0, 0, 0, 0, 0, 0]	nl	In de finale tegen Aalborg BK maakte hij zelf het enige doelpunt van de wedstrijd.
['Het', 'daaropvolgende', 'seizoen', '2018', '/', '19', 'tekende', 'hij', 'bij', 'SD', 'Ponferradina', '.']	[0, 0, 0, 0, 0, 0, 0, 0, 0, 3, 4, 0]	nl	Het daaropvolgende seizoen 2018 / 19 tekende hij bij SD Ponferradina.
['Hij', 'tekende', 'in', 'juli', '2017', 'een', 'contract', 'tot', 'medio', '2019', 'bij', 'Sivasspor', ',', 'dat', 'hem', 'overnam', 'van', 'IFK', 'Göteborg', '.']	[0, 0, 0, 0, 0, 0, 0, 0, 0, 0, 0, 3, 0, 0, 0, 0, 0, 3, 4, 0]	nl	Hij tekende in juli 2017 een contract tot medio 2019 bij Sivasspor, dat hem overnam van IFK Göteborg.
['In', '2019', 'werd', 'de', 'Erasmusprijs', 'aan', 'hem', 'toegekend', '.']	[0, 0, 0, 0, 7, 0, 0, 0, 0]	nl	In 2019 werd de Erasmusprijs aan hem toegekend.
['Hij', 'schreef', 'zijn', 'teksten', 'met', 'René', 'Daalder', '.']	[0, 0, 0, 0, 0, 1, 2, 0]	nl	Hij schreef zijn teksten met René Daalder.
['Dit', 'spel', 'is', 'geschikt', 'voor', 'de', 'pc', ',', 'Xbox', '360', 'en', 'PlayStation', '3', '.']	[0, 0, 0, 0, 0, 0, 0, 0, 7, 8, 0, 7, 8, 0]	nl	Dit spel is geschikt voor de pc, Xbox 360 en PlayStation 3.
['Hij', 'moest', 'er', 'de', 'concurrentie', 'aangaan', 'met', '36-jarige', 'ervaren', 'rot', 'en', 'ex-international', 'Graeme', 'Le', 'Saux', '.']	[0, 0, 0, 0, 0, 0, 0, 0, 0, 0, 0, 0, 1, 2, 2, 0]	nl	Hij moest er de concurrentie aangaan met 36-jarige ervaren rot en ex-international Graeme Le Saux.
['Het', 'team', 'kreeg', 'ook', 'een', 'nieuwe', 'hoofdsponsor', ',', 'Benetton', '.']	[0, 0, 0, 0, 0, 0, 0, 0, 3, 0]	nl	Het team kreeg ook een nieuwe hoofdsponsor, Benetton.
['Het', 'ligt', 'vlak', 'bij', 'de', 'stad', 'Zagazig', '.']	[0, 0, 0, 0, 0, 0, 5, 0]	nl	Het ligt vlak bij de stad Zagazig.
['Hierna', 'draait', 'ze', 'terug', 'naar', 'het', 'zuiden', 'om', 'Lijiang', 'nogmaals', 'te', 'passeren', ',', 'nu', 'langs', 'de', 'oostzijde', ',', 'op', 'een', 'hoogte', 'van', 'ongeveer', '1400', 'meter', '.']	[0, 0, 0, 0, 0, 0, 0, 0, 5, 0, 0, 0, 0, 0, 0, 0, 0, 0, 0, 0, 0, 0, 0, 0, 0, 0]	nl	Hierna draait ze terug naar het zuiden om Lijiang nogmaals te passeren, nu langs de oostzijde, op een hoogte van ongeveer 1400 meter.
"['In', '1999', 'en', '2001', 'volgden', 'nominaties', 'voor', 'respectievelijk', '""', 'The', 'Truman', 'Show', '""', 'en', '""', 'Pollock', '""', '.']"	[0, 0, 0, 0, 0, 0, 0, 0, 0, 7, 8, 8, 0, 0, 0, 7, 0, 0]	nl	"In 1999 en 2001 volgden nominaties voor respectievelijk ""The Truman Show"" en ""Pollock""."
['De', 'gehele', 'reis', 'was', 'bedoeld', 'om', 'Canada', 'niet', 'in', 'een', 'isolement', '(', 'isolationisme', ')', 'te', 'laten', 'vallen', '.']	[0, 0, 0, 0, 0, 0, 5, 0, 0, 0, 0, 0, 0, 0, 0, 0, 0, 0]	nl	De gehele reis was bedoeld om Canada niet in een isolement (isolationisme) te laten vallen.
['Hij', 'heeft', 'na', 'zijn', 'verhuizing', 'naar', 'Taiwan', 'nog', 'drie', 'keer', 'Hongkong', 'bezocht', '.']	[0, 0, 0, 0, 0, 0, 5, 0, 0, 0, 5, 0, 0]	nl	Hij heeft na zijn verhuizing naar Taiwan nog drie keer Hongkong bezocht.
['Sinds', 'de', 'winter', 'van', '2013', 'op', '2014', 'is', 'New', 'Delhi', 'de', 'stad', 'met', 'de', 'meeste', 'luchtvervuiling', '.']	[0, 0, 0, 0, 0, 0, 0, 0, 5, 6, 0, 0, 0, 0, 0, 0, 0]	nl	Sinds de winter van 2013 op 2014 is New Delhi de stad met de meeste luchtvervuiling.
['In', 'België', 'bereikte', 'de', 'single', 'nummer', '28', 'en', 'in', 'Nederland', 'nummer', '44', '.']	[0, 5, 0, 0, 0, 0, 0, 0, 0, 5, 0, 0, 0]	nl	In België bereikte de single nummer 28 en in Nederland nummer 44.
['De', 'soort', 'komt', 'van', 'oorsprong', 'voor', 'in', 'Noord-Amerika', 'en', 'delen', 'van', 'Zuid-Amerika', '.']	[0, 0, 0, 0, 0, 0, 0, 5, 0, 0, 0, 5, 0]	nl	De soort komt van oorsprong voor in Noord-Amerika en delen van Zuid-Amerika.
['In', '1964', 'kreeg', 'hij', 'toestemming', 'voor', 'de', 'officiële', 'biografie', 'van', 'voormalig', 'president', 'Dwight', 'D.', 'Eisenhower', '.']	[0, 0, 0, 0, 0, 0, 0, 0, 0, 0, 0, 0, 1, 2, 2, 0]	nl	In 1964 kreeg hij toestemming voor de officiële biografie van voormalig president Dwight D. Eisenhower.
['De', 'zee', 'ligt', 'tussen', 'de', 'westkust', 'van', 'Finland', 'en', 'de', 'oostkust', 'van', 'Zweden', '.']	[0, 0, 0, 0, 0, 0, 0, 5, 0, 0, 0, 0, 5, 0]	nl	De zee ligt tussen de westkust van Finland en de oostkust van Zweden.
['Alle', 'soorten', 'uit', 'het', 'geslacht', 'komen', 'alleen', 'voor', 'in', 'het', 'zuidelijke', 'deel', 'van', 'Afrika', '.']	[0, 0, 0, 0, 0, 0, 0, 0, 0, 0, 0, 0, 0, 5, 0]	nl	Alle soorten uit het geslacht komen alleen voor in het zuidelijke deel van Afrika.
['Andere', 'socialistische', 'politici', ',', 'zoals', 'Aristide', 'Briand', ',', 'ondergingen', 'hetzelfde', 'lot', '.']	[0, 0, 0, 0, 0, 1, 2, 0, 0, 0, 0, 0]	nl	Andere socialistische politici, zoals Aristide Briand, ondergingen hetzelfde lot.
"['Haar', 'vader', 'Ryan', ""O'Neal"", 'bezocht', 'regelmatig', 'de', 'set', 'om', 'zijn', 'dochter', 'goed', 'in', 'de', 'gaten', 'te', 'houden', 'tijdens', 'haar', 'expliciete', 'scènes', '.']"	[0, 0, 1, 2, 0, 0, 0, 0, 0, 0, 0, 0, 0, 0, 0, 0, 0, 0, 0, 0, 0, 0]	nl	Haar vader Ryan O'Neal bezocht regelmatig de set om zijn dochter goed in de gaten te houden tijdens haar expliciete scènes.
['De', 'film', 'werd', 'geregisseerd', 'door', 'Richard', 'Fleischer', '.']	[0, 0, 0, 0, 0, 1, 2, 0]	nl	De film werd geregisseerd door Richard Fleischer.
['Thomas', 'Jefferson', 'en', 'zijn', 'nieuwe', 'partij', 'wilden', 'de', 'grondwet', 'niet', 'ratificeren', 'zonder', 'de', 'rechten', 'van', 'de', 'burger', 'te', 'omschrijven', '.']	[1, 2, 0, 0, 0, 0, 0, 0, 0, 0, 0, 0, 0, 0, 0, 0, 0, 0, 0, 0]	nl	Thomas Jefferson en zijn nieuwe partij wilden de grondwet niet ratificeren zonder de rechten van de burger te omschrijven.
['Zijn', 'vader', 'was', 'hoogleraar', 'Byzantijnse', 'geschiedenis', 'en', 'middeleeuws', 'en', 'modern', 'Grieks', 'in', 'München', ';', 'zijn', 'moeder', 'was', 'een', 'dochter', 'van', 'de', 'rector', 'van', 'het', 'gymnasium', 'in', 'München', ',', 'waar', 'hij', 'later', 'naar', 'school', 'ging', '.']	[0, 0, 0, 0, 7, 0, 0, 0, 0, 0, 7, 0, 5, 0, 0, 0, 0, 0, 0, 0, 0, 0, 0, 0, 0, 0, 5, 0, 0, 0, 0, 0, 0, 0, 0]	nl	Zijn vader was hoogleraar Byzantijnse geschiedenis en middeleeuws en modern Grieks in München; zijn moeder was een dochter van de rector van het gymnasium in München, waar hij later naar school ging.
['In', 'totaal', 'zou', 'hij', 'dat', 'seizoen', 'aan', '9', 'wedstrijden', 'komen', ',', 'hij', 'moest', 'keepers', 'Bogdan', 'Lobonț', 'en', 'Joey', 'Didulica', 'voor', 'zich', 'dulden', 'in', 'de', 'pikorde', '.']	[0, 0, 0, 0, 0, 0, 0, 0, 0, 0, 0, 0, 0, 0, 1, 2, 0, 1, 2, 0, 0, 0, 0, 0, 0, 0]	nl	In totaal zou hij dat seizoen aan 9 wedstrijden komen, hij moest keepers Bogdan Lobonț en Joey Didulica voor zich dulden in de pikorde.
['Voorheen', 'kerkte', 'men', 'in', 'Hillegersberg', '.']	[0, 0, 0, 0, 5, 0]	nl	Voorheen kerkte men in Hillegersberg.
['Begin', '2014', 'werd', 'dit', 'echter', 'verbeterd', 'door', 'Shalane', 'Flanagan', '.']	[0, 0, 0, 0, 0, 0, 0, 1, 2, 0]	nl	Begin 2014 werd dit echter verbeterd door Shalane Flanagan.
['Daarmee', 'passeerde', 'hij', 'Gary', 'Speed', '.']	[0, 0, 0, 1, 2, 0]	nl	Daarmee passeerde hij Gary Speed.
['In', 'juli', '2016', 'maakte', 'hij', 'de', 'overstap', 'naar', 'Almere', 'City', 'FC', '.']	[0, 0, 0, 0, 0, 0, 0, 0, 3, 4, 4, 0]	nl	In juli 2016 maakte hij de overstap naar Almere City FC.
['Tijdens', 'de', 'ijzertijd', 'waren', 'de', 'Hallstattcultuur', '(', '700', '-', '500', 'v', '.']	[0, 0, 0, 0, 0, 5, 0, 0, 0, 0, 0, 0]	nl	Tijdens de ijzertijd waren de Hallstattcultuur (700 - 500 v.
['Hij', 'was', 'de', 'jongere', 'broer', 'van', 'Said', 'Qutb', 'en', 'een', 'van', 'zijn', 'belangrijkste', 'navolgers', '.']	[0, 0, 0, 0, 0, 0, 1, 2, 0, 0, 0, 0, 0, 0, 0]	nl	Hij was de jongere broer van Said Qutb en een van zijn belangrijkste navolgers.
['Het', 'was', 'pas', 'bij', 'zijn', 'terugkeer', 'naar', 'Californië', 'dat', 'dit', 'veranderde', '.']	[0, 0, 0, 0, 0, 0, 0, 5, 0, 0, 0, 0]	nl	Het was pas bij zijn terugkeer naar Californië dat dit veranderde.
['Bij', 'zijn', 'huidige', 'club', 'Borussia', 'Dortmund', 'heeft', 'hij', 'nog', 'een', 'contract', 'tot', 'medio', '2018', '.']	[0, 0, 0, 0, 3, 4, 0, 0, 0, 0, 0, 0, 0, 0, 0]	nl	Bij zijn huidige club Borussia Dortmund heeft hij nog een contract tot medio 2018.
['In', '2018', 'werden', 'Nord-Trøndelag', 'en', 'Sør-Trøndelag', 'samengevoegd', 'tot', 'Trøndelag', '.']	[0, 0, 0, 5, 0, 5, 0, 0, 5, 0]	nl	In 2018 werden Nord-Trøndelag en Sør-Trøndelag samengevoegd tot Trøndelag.
['De', 'bevolking', 'die', 'in', 'de', '13e', '-', 'eeuwse', 'oorlogen', 'en', 'de', '14e', '-', 'eeuwse', 'pestepidemie', 'uitgedund', 'was', ',', 'werd', 'aangevuld', 'met', 'boerenkolonisten', 'uit', 'het', 'Duitse', 'Rijk', 'en', 'met', 'name', 'ook', 'de', 'Nederlanden', '.']	[0, 0, 0, 0, 0, 0, 0, 0, 0, 0, 0, 0, 0, 0, 0, 0, 0, 0, 0, 0, 0, 0, 0, 0, 5, 6, 0, 0, 0, 0, 0, 5, 0]	nl	De bevolking die in de 13e - eeuwse oorlogen en de 14e - eeuwse pestepidemie uitgedund was, werd aangevuld met boerenkolonisten uit het Duitse Rijk en met name ook de Nederlanden.
['Ze', 'groeide', 'op', 'in', 'een', 'intellectueel', 'stimulerende', 'omgeving', ',', 'ging', 'naar', '‘', 'college', '’', 'in', 'Edinburgh', 'en', 'studeerde', 'later', 'aan', 'de', 'toneelacademie', 'in', 'Londen', '.']	[0, 0, 0, 0, 0, 0, 0, 0, 0, 0, 0, 0, 0, 0, 0, 5, 0, 0, 0, 0, 0, 0, 0, 5, 0]	nl	Ze groeide op in een intellectueel stimulerende omgeving, ging naar ‘ college ’ in Edinburgh en studeerde later aan de toneelacademie in Londen.
"['Dit', 'kostte', 'international', 'Peet', 'Petersen', ""z'n"", 'basisplaats', '.']"	[0, 0, 0, 1, 2, 0, 0, 0]	nl	Dit kostte international Peet Petersen z'n basisplaats.
['In', '2014', 'besloot', 'hij', 'voor', 'het', 'Angolees', 'voetbalelftal', 'uit', 'te', 'komen', '.']	[0, 0, 0, 0, 0, 0, 3, 4, 0, 0, 0, 0]	nl	In 2014 besloot hij voor het Angolees voetbalelftal uit te komen.
['Het', 'scenario', 'kwam', 'in', 'handen', 'van', 'Elizabeth', 'Taylor', 'die', 'de', 'rol', 'van', 'de', 'prostituee', 'graag', 'wilde', 'spelen', '.']	[0, 0, 0, 0, 0, 0, 1, 2, 0, 0, 0, 0, 0, 0, 0, 0, 0, 0]	nl	Het scenario kwam in handen van Elizabeth Taylor die de rol van de prostituee graag wilde spelen.
['Hij', 'verving', 'Michael', 'Thwaite', 'na', 'rust', 'en', 'ontving', 'in', 'de', '73e', 'minuut', 'van', 'scheidsrechter', 'Subkhiddin', 'Mohd', 'Salleh', 'gelijk', 'zijn', 'eerste', 'kaart', '.']	[0, 0, 1, 2, 0, 0, 0, 0, 0, 0, 0, 0, 0, 0, 1, 2, 2, 0, 0, 0, 0, 0]	nl	Hij verving Michael Thwaite na rust en ontving in de 73e minuut van scheidsrechter Subkhiddin Mohd Salleh gelijk zijn eerste kaart.
['Hij', 'maakte', 'op', '26', 'september', '2015', 'zijn', 'debuut', 'in', 'de', 'wedstrijd', 'tegen', 'SD', 'Eibar', '.']	[0, 0, 0, 0, 0, 0, 0, 0, 0, 0, 0, 0, 3, 4, 0]	nl	Hij maakte op 26 september 2015 zijn debuut in de wedstrijd tegen SD Eibar.
['De', 'architectuur', 'en', 'de', 'ligging', 'van', 'deze', 'grote', 'gebouwencomplexen', 'verwezen', 'naar', 'de', 'middeleeuwse', 'burchten', 'in', 'Pruisen', '.']	[0, 0, 0, 0, 0, 0, 0, 0, 0, 0, 0, 0, 0, 0, 0, 5, 0]	nl	De architectuur en de ligging van deze grote gebouwencomplexen verwezen naar de middeleeuwse burchten in Pruisen.
['Het', 'rijk', 'werd', 'sinds', 'keizer', 'Valentinianus', 'I', ',', 'die', 'Jovianus', 'in', '364', 'opvolgde', ',', 'opnieuw', 'door', 'twee', 'keizers', 'geregeerd', '.']	[0, 0, 0, 0, 0, 1, 2, 0, 0, 1, 0, 0, 0, 0, 0, 0, 0, 0, 0, 0]	nl	Het rijk werd sinds keizer Valentinianus I, die Jovianus in 364 opvolgde, opnieuw door twee keizers geregeerd.
['De', 'film', 'ging', 'in', 'première', 'op', '9', 'september', 'op', 'het', 'Internationaal', 'filmfestival', 'van', 'Toronto', '.']	[0, 0, 0, 0, 0, 0, 0, 0, 0, 0, 7, 8, 8, 8, 0]	nl	De film ging in première op 9 september op het Internationaal filmfestival van Toronto.
"['Een', 'eerste', 'teaser', 'voor', 'de', 'film', 'werd', 'vertoond', 'voorafgaand', 'aan', 'de', 'film', '""', 'Transformers', ':', 'Revenge', 'of', 'the', 'Fallen', '""', '.']"	[0, 0, 0, 0, 0, 0, 0, 0, 0, 0, 0, 0, 0, 7, 8, 8, 8, 8, 8, 0, 0]	nl	"Een eerste teaser voor de film werd vertoond voorafgaand aan de film ""Transformers: Revenge of the Fallen""."
['Hij', 'verruilde', 'VfL', 'Wolfsburg', 'in', 'juli', '2017', 'voor', 'AS', 'Monaco', '.']	[0, 0, 3, 4, 0, 0, 0, 0, 3, 4, 0]	nl	Hij verruilde VfL Wolfsburg in juli 2017 voor AS Monaco.
['Deze', 'soort', 'komt', 'voor', 'in', 'de', 'kalksteengrotten', 'van', 'Kentucky', 'en', 'Indiana', '.']	[0, 0, 0, 0, 0, 0, 0, 0, 5, 0, 5, 0]	nl	Deze soort komt voor in de kalksteengrotten van Kentucky en Indiana.
['In', 'juli', '2020', 'verliet', 'hij', 'Çaykur', 'Rizespor', '.']	[0, 0, 0, 0, 0, 3, 4, 0]	nl	In juli 2020 verliet hij Çaykur Rizespor.
['Dit', 'record', 'werd', 'verbroken', 'in', 'de', '21ste', 'eeuw', ':', 'in', 'de', 'winters', 'van', '1999', '-', '2000', ',', '2000', '-', '2001', 'en', '2001', '-', '2002', 'werd', 'Mongolië', 'getroffen', 'door', 'drie', 'dzuds', 'achter', 'elkaar', ',', 'waardoor', 'in', 'totaal', '11', 'miljoen', 'dieren', 'stierven', '.']	[0, 0, 0, 0, 0, 0, 0, 0, 0, 0, 0, 0, 0, 0, 0, 0, 0, 0, 0, 0, 0, 0, 0, 0, 0, 5, 0, 0, 0, 0, 0, 0, 0, 0, 0, 0, 0, 0, 0, 0, 0]	nl	Dit record werd verbroken in de 21ste eeuw: in de winters van 1999 - 2000, 2000 - 2001 en 2001 - 2002 werd Mongolië getroffen door drie dzuds achter elkaar, waardoor in totaal 11 miljoen dieren stierven.
['Omstreden', 'is', 'een', 'mogelijke', 'nauwe', 'verwantschap', 'aan', 'de', 'recent', 'uitgestorven', 'hopspreeuw', 'van', 'Réunion', '.']	[0, 0, 0, 0, 0, 0, 0, 0, 0, 0, 0, 0, 5, 0]	nl	Omstreden is een mogelijke nauwe verwantschap aan de recent uitgestorven hopspreeuw van Réunion.
['Zij', 'nam', 'de', 'rol', 'van', 'een', 'gematigd-rechtse', 'systeempartij', 'niet', 'aan', 'en', 'vocht', 'tegen', 'de', 'republiek', ',', 'vooral', 'onder', 'haar', 'voorzitter', 'Alfred', 'Hugenberg', '(', 'sinds', '1928', ')', '.']	[0, 0, 0, 0, 0, 0, 0, 0, 0, 0, 0, 0, 0, 0, 0, 0, 0, 0, 0, 0, 1, 2, 0, 0, 0, 0, 0]	nl	Zij nam de rol van een gematigd-rechtse systeempartij niet aan en vocht tegen de republiek, vooral onder haar voorzitter Alfred Hugenberg (sinds 1928).
['Ze', 'toerde', 'door', 'Scandinavië', 'en', 'won', 'landelijke', 'prijzen', '.']	[0, 0, 0, 5, 0, 0, 0, 0, 0]	nl	Ze toerde door Scandinavië en won landelijke prijzen.
"['Python', 'heeft', 'zijn', 'naam', 'te', 'danken', 'aan', 'het', 'favoriete', 'televisieprogramma', 'van', 'Guido', 'van', 'Rossum', ',', 'Monty', 'Python', ""'s"", 'Flying', 'Circus', '.']"	[0, 0, 0, 0, 0, 0, 0, 0, 0, 0, 0, 1, 2, 2, 0, 7, 8, 8, 8, 8, 0]	nl	Python heeft zijn naam te danken aan het favoriete televisieprogramma van Guido van Rossum, Monty Python 's Flying Circus.
['De', 'opvatting', 'dat', 'de', 'neanderthaler', 'uitstierf', 'omdat', 'hij', 'in', 'vergelijking', 'met', 'de', 'moderne', 'mens', 'een', 'lagere', 'levensverwachting', 'had', ',', 'is', 'door', 'de', 'antropoloog', 'Erik', 'Trinkaus', 'weerlegd', '.']	[0, 0, 0, 0, 0, 0, 0, 0, 0, 0, 0, 0, 0, 0, 0, 0, 0, 0, 0, 0, 0, 0, 0, 1, 2, 0, 0]	nl	De opvatting dat de neanderthaler uitstierf omdat hij in vergelijking met de moderne mens een lagere levensverwachting had, is door de antropoloog Erik Trinkaus weerlegd.
"['""', 'Atelopus', 'spumarius', '""', 'leeft', 'in', 'delen', 'van', 'Zuid-Amerika', 'en', 'komt', 'voor', 'in', 'de', 'landen', 'Brazilië', ',', 'Ecuador', 'en', 'Peru', '.']"	[0, 0, 0, 0, 0, 0, 0, 0, 5, 0, 0, 0, 0, 0, 0, 5, 0, 5, 0, 5, 0]	nl	"""Atelopus spumarius"" leeft in delen van Zuid-Amerika en komt voor in de landen Brazilië, Ecuador en Peru."
['Zo', 'wordt', 'de', 'zwart-witte', 'combinatie', 'in', 'de', 'Levant', 'gedragen', ',', 'de', 'rood-witte', 'met', 'name', 'in', 'Jordanië', ',', 'de', 'blauw-witte', 'in', 'de', 'Verenigde', 'Arabische', 'Emiraten', 'en', 'een', 'veelkleurige', 'wordt', 'in', 'verband', 'gebracht', 'met', 'Oman', '.']	[0, 0, 0, 0, 0, 0, 0, 5, 0, 0, 0, 0, 0, 0, 0, 5, 0, 0, 0, 0, 0, 5, 6, 6, 0, 0, 0, 0, 0, 0, 0, 0, 5, 0]	nl	Zo wordt de zwart-witte combinatie in de Levant gedragen, de rood-witte met name in Jordanië, de blauw-witte in de Verenigde Arabische Emiraten en een veelkleurige wordt in verband gebracht met Oman.
['Verder', 'won', 'hij', 'tien', 'etappes', 'in', 'de', 'Ronde', 'van', 'Italië', ',', 'waaronder', 'een', 'ploegentijdrit', ',', 'en', 'droeg', 'hij', 'in', 'de', 'Giro', 'van', '1952', 'twee', 'dagen', 'en', 'in', 'de', 'Giro', 'van', '1957', 'vier', 'dagen', 'de', 'roze', 'leiderstrui', '.']	[0, 0, 0, 0, 0, 0, 0, 7, 8, 8, 0, 0, 0, 0, 0, 0, 0, 0, 0, 0, 7, 0, 0, 0, 0, 0, 0, 0, 7, 0, 0, 0, 0, 0, 0, 0, 0]	nl	Verder won hij tien etappes in de Ronde van Italië, waaronder een ploegentijdrit, en droeg hij in de Giro van 1952 twee dagen en in de Giro van 1957 vier dagen de roze leiderstrui.
['De', 'grootte', 'van', 'de', 'populatie', 'werd', 'in', '2016', 'door', 'BirdLife', 'International', 'geschat', 'op', '670', 'tot', '6700', 'volwassen', 'individuen', 'en', 'de', 'populatie-aantallen', 'nemen', 'afdoor', 'habitatverlies', 'en', 'vangst', 'door', 'de', 'plaatselijke', 'bevolking', '.']	[0, 0, 0, 0, 0, 0, 0, 0, 0, 3, 4, 0, 0, 0, 0, 0, 0, 0, 0, 0, 0, 0, 0, 0, 0, 0, 0, 0, 0, 0, 0]	nl	De grootte van de populatie werd in 2016 door BirdLife International geschat op 670 tot 6700 volwassen individuen en de populatie-aantallen nemen afdoor habitatverlies en vangst door de plaatselijke bevolking.
"['In', 'de', 'jaren', 'veertig', 'vestigde', 'hij', 'in', 'Healesville', 'Sanctuary', 'een', '""', 'platypusary', '""', '.']"	[0, 0, 0, 0, 0, 0, 0, 5, 6, 0, 0, 0, 0, 0]	nl	"In de jaren veertig vestigde hij in Healesville Sanctuary een ""platypusary""."
['De', 'hoofdrollen', 'werden', 'gespeeld', 'door', 'Jack', 'Lemmon', 'en', 'Shirley', 'MacLaine', '.']	[0, 0, 0, 0, 0, 1, 2, 0, 1, 2, 0]	nl	De hoofdrollen werden gespeeld door Jack Lemmon en Shirley MacLaine.
['In', 'de', 'Eerste', 'Wereldoorlog', 'werden', 'voor', 'het', 'eerst', 'op', 'grote', 'schaal', 'chemische', 'wapens', 'gebruikt', '.']	[0, 0, 7, 8, 0, 0, 0, 0, 0, 0, 0, 0, 0, 0, 0]	nl	In de Eerste Wereldoorlog werden voor het eerst op grote schaal chemische wapens gebruikt.
['In', 'drie', 'seizoenen', 'kon', 'hij', 'in', '66', 'wedstrijden', '34', 'maal', 'scoren', '(', 'aan', 'de', 'zijde', 'van', 'Andrzej', 'Niedzielan', ')', '.']	[0, 0, 0, 0, 0, 0, 0, 0, 0, 0, 0, 0, 0, 0, 0, 0, 1, 2, 0, 0]	nl	In drie seizoenen kon hij in 66 wedstrijden 34 maal scoren (aan de zijde van Andrzej Niedzielan).
['Tijdens', 'de', 'Olympische', 'Zomerspelen', '2000', 'in', 'Sydney', 'nam', 'ze', 'als', 'reserve', 'deel', 'aan', 'de', 'series', 'van', 'de', 'estafette', ',', 'en', 'won', 'zo', 'een', 'zilveren', 'medaille', '.']	[0, 0, 7, 8, 8, 0, 5, 0, 0, 0, 0, 0, 0, 0, 0, 0, 0, 0, 0, 0, 0, 0, 0, 0, 0, 0]	nl	Tijdens de Olympische Zomerspelen 2000 in Sydney nam ze als reserve deel aan de series van de estafette, en won zo een zilveren medaille.
['Spoedig', 'daarna', 'probeert', 'Polynices', 'hetzelfde', ',', 'eerst', 'door', 'overreding', 'en', 'later', 'door', 'geweld', '.']	[0, 0, 0, 1, 0, 0, 0, 0, 0, 0, 0, 0, 0, 0]	nl	Spoedig daarna probeert Polynices hetzelfde, eerst door overreding en later door geweld.
['Ook', 'minister', 'Tjerk', 'Westerterp', 'verbiedt', 'aanleg', 'van', 'nieuwe', 'metrolijnen', ',', 'gezien', 'de', 'hoge', 'overschrijding', 'van', 'de', 'geplande', 'kosten', '.']	[0, 0, 1, 2, 0, 0, 0, 0, 0, 0, 0, 0, 0, 0, 0, 0, 0, 0, 0]	nl	Ook minister Tjerk Westerterp verbiedt aanleg van nieuwe metrolijnen, gezien de hoge overschrijding van de geplande kosten.
"['Geholpen', 'door', 'de', 'communistische', 'pers', 'in', 'het', 'buitenland', 'zette', 'de', 'Sovjet-Unie', 'een', 'campagne', 'op', 'touw', 'om', 'de', 'schuld', 'van', 'de', 'massamoorden', 'in', 'de', 'schoenen', 'van', 'de', 'nazi', ""'s"", 'te', 'schuiven', '.']"	[0, 0, 0, 0, 0, 0, 0, 0, 0, 0, 5, 0, 0, 0, 0, 0, 0, 0, 0, 0, 0, 0, 0, 0, 0, 0, 0, 0, 0, 0, 0]	nl	Geholpen door de communistische pers in het buitenland zette de Sovjet-Unie een campagne op touw om de schuld van de massamoorden in de schoenen van de nazi 's te schuiven.
['Voor', 'het', 'seizoen', '2012', '-', '2013', 'ondertekende', 'hij', 'een', 'contract', 'bij', 'FC', 'Cartagena', ',', 'een', 'andere', 'ploeg', 'die', 'het', 'behoud', 'niet', 'kon', 'waarmaken', 'tijdens', 'het', 'voorgaande', 'seizoen', 'en', 'die', 'tot', 'doel', 'heeft', 'om', 'terug', 'te', 'keren', 'naar', 'de', 'zilveren', 'categorie', '.']	[0, 0, 0, 0, 0, 0, 0, 0, 0, 0, 0, 3, 4, 0, 0, 0, 0, 0, 0, 0, 0, 0, 0, 0, 0, 0, 0, 0, 0, 0, 0, 0, 0, 0, 0, 0, 0, 0, 0, 0, 0]	nl	Voor het seizoen 2012 - 2013 ondertekende hij een contract bij FC Cartagena, een andere ploeg die het behoud niet kon waarmaken tijdens het voorgaande seizoen en die tot doel heeft om terug te keren naar de zilveren categorie.
['Deze', 'top', 'is', 'tegelijkertijd', 'het', 'hoogste', 'punt', 'op', 'de', 'Duitse', 'linkeroever', 'van', 'de', 'Rijn', 'en', 'van', 'de', 'Duitse', 'deelstaat', 'Rijnland-Palts', '.']	[0, 0, 0, 0, 0, 0, 0, 0, 0, 7, 0, 0, 0, 5, 0, 0, 0, 7, 0, 5, 0]	nl	Deze top is tegelijkertijd het hoogste punt op de Duitse linkeroever van de Rijn en van de Duitse deelstaat Rijnland-Palts.
['Drie', 'dagen', 'later', 'speelde', 'hij', 'opnieuw', 'mee', 'tijdens', 'de', 'wedstrijd', 'tegen', 'FC', 'Tranzit', '.']	[0, 0, 0, 0, 0, 0, 0, 0, 0, 0, 0, 3, 4, 0]	nl	Drie dagen later speelde hij opnieuw mee tijdens de wedstrijd tegen FC Tranzit.
['In', 'fonologisch', 'opzicht', 'wordt', 'het', 'specifieke', 'karakter', 'van', 'het', 'Nederlands', 'bepaald', 'door', 'een', 'Nederfrankische', 'grondslag', '(', 'de', 'begrippen', 'Oudnederlands', 'en', 'Oudnederfrankisch', 'worden', 'vaak', 'door', 'elkaar', 'heen', 'gebruikt', ')', '.']	[0, 0, 0, 0, 0, 0, 0, 0, 0, 7, 0, 0, 0, 7, 0, 0, 0, 0, 7, 0, 7, 0, 0, 0, 0, 0, 0, 0, 0]	nl	In fonologisch opzicht wordt het specifieke karakter van het Nederlands bepaald door een Nederfrankische grondslag (de begrippen Oudnederlands en Oudnederfrankisch worden vaak door elkaar heen gebruikt).
['De', 'Wulka', 'is', 'de', 'belangrijkste', 'toeleverende', 'rivier', '.']	[0, 5, 0, 0, 0, 0, 0, 0]	nl	De Wulka is de belangrijkste toeleverende rivier.
['Bekende', 'toepassingen', 'die', 'allang', 'in', 'productie', 'zijn', 'Twitter', 'en', 'LinkedIn', '.']	[0, 0, 0, 0, 0, 0, 0, 7, 0, 3, 0]	nl	Bekende toepassingen die allang in productie zijn Twitter en LinkedIn.
['De', 'single', 'was', 'te', 'winnen', 'via', 'de', 'website', 'van', 'Kaiser', 'Chiefs', 'in', '2005', 'waarna', 'de', 'winnaars', 'de', 'single', 'thuis', 'kregen', 'gestuurd', 'rond', 'Kerstmis', '2005', '.']	[0, 0, 0, 0, 0, 0, 0, 0, 0, 3, 4, 0, 0, 0, 0, 0, 0, 0, 0, 0, 0, 0, 7, 7, 0]	nl	De single was te winnen via de website van Kaiser Chiefs in 2005 waarna de winnaars de single thuis kregen gestuurd rond Kerstmis 2005.
['De', 'kleinkunstenaar', 'en', 'zanger', 'Daniël', 'Samkalden', 'is', 'zijn', 'kleinzoon', '.']	[0, 0, 0, 0, 1, 2, 0, 0, 0, 0]	nl	De kleinkunstenaar en zanger Daniël Samkalden is zijn kleinzoon.
['In', '1733', 'trouwde', 'hij', 'met', 'Elisabeth', 'Christine', 'van', 'Brunswijk-Bevern', ',', 'dochter', 'van', 'hertog', 'Ferdinand', 'Albrecht', 'II', 'van', 'Brunswijk-Wolfenbüttel', ',', 'van', 'wie', 'hij', 'na', 'zeven', 'jaar', 'huwelijk', 'gescheiden', 'leefde', '.']	[0, 0, 0, 0, 0, 1, 2, 2, 2, 0, 0, 0, 0, 1, 2, 2, 2, 2, 0, 0, 0, 0, 0, 0, 0, 0, 0, 0, 0]	nl	In 1733 trouwde hij met Elisabeth Christine van Brunswijk-Bevern, dochter van hertog Ferdinand Albrecht II van Brunswijk-Wolfenbüttel, van wie hij na zeven jaar huwelijk gescheiden leefde.
['Hoewel', 'het', 'kantoor', 'van', 'de', 'burgemeester', 'zich', 'bevindt', 'in', 'het', 'gebouw', ',', 'wordt', 'het', 'personeel', 'van', 'de', 'dertien', 'gemeentelijke', 'afdelingen', 'gehuisvest', 'in', 'het', 'nabij', 'gelegen', 'Manhattan', 'Municipal', 'Building', ',', 'een', 'van', 'de', 'grootste', 'overheidsgebouwen', 'van', 'de', 'wereld', '.']	[0, 0, 0, 0, 0, 0, 0, 0, 0, 0, 0, 0, 0, 0, 0, 0, 0, 0, 0, 0, 0, 0, 0, 0, 0, 5, 6, 6, 0, 0, 0, 0, 0, 0, 0, 0, 0, 0]	nl	Hoewel het kantoor van de burgemeester zich bevindt in het gebouw, wordt het personeel van de dertien gemeentelijke afdelingen gehuisvest in het nabij gelegen Manhattan Municipal Building, een van de grootste overheidsgebouwen van de wereld.
['De', 'stad', 'raakte', 'volledig', 'in', 'verval', 'en', 'Teheran', 'nam', 'de', 'rol', 'als', 'regionaal', 'centrum', 'over', '.']	[0, 0, 0, 0, 0, 0, 0, 5, 0, 0, 0, 0, 0, 0, 0, 0]	nl	De stad raakte volledig in verval en Teheran nam de rol als regionaal centrum over.
['Sindsdien', 'zijn', 'er', 'zes', 'series', 'gemaakt', 'door', 'Gene', 'Roddenberry', 'en', 'zijn', 'opvolgers', '.']	[0, 0, 0, 0, 0, 0, 0, 1, 2, 0, 0, 0, 0]	nl	Sindsdien zijn er zes series gemaakt door Gene Roddenberry en zijn opvolgers.
['Dit', 'is', 'ongeveer', '200', 'keer', 'zo', 'veel', 'als', 'de', 'normale', 'hoeveelheid', 'vulkanisme', 'tijdens', 'het', 'Paleoceen', '.']	[0, 0, 0, 0, 0, 0, 0, 0, 0, 0, 0, 0, 0, 0, 5, 0]	nl	Dit is ongeveer 200 keer zo veel als de normale hoeveelheid vulkanisme tijdens het Paleoceen.
['Tijdens', 'de', 'Ronde', 'van', 'Italië', 'wordt', 'er', 'een', 'speciale', 'bonus', 'uitgereikt', ',', 'de', 'Cima', 'Coppi', ',', 'voor', 'de', 'eerste', 'renner', 'die', 'het', 'hoogste', 'punt', 'van', 'die', 'ronde', 'bereikt', '.']	[0, 0, 7, 8, 8, 0, 0, 0, 0, 0, 0, 0, 0, 7, 8, 0, 0, 0, 0, 0, 0, 0, 0, 0, 0, 0, 0, 0, 0]	nl	Tijdens de Ronde van Italië wordt er een speciale bonus uitgereikt, de Cima Coppi, voor de eerste renner die het hoogste punt van die ronde bereikt.
['Hedendaagse', 'schrijvers', 'zijn', 'Pieter', 'Aspe', ',', 'Herman', 'Brusselmans', ',', 'Kristien', 'Hemmerechts', 'en', 'Anne', 'Provoost', '.']	[0, 0, 0, 1, 2, 0, 1, 2, 0, 1, 2, 0, 1, 2, 0]	nl	Hedendaagse schrijvers zijn Pieter Aspe, Herman Brusselmans, Kristien Hemmerechts en Anne Provoost.
['Na', 'zijn', 'terugkeer', 'in', 'Algiers', 'in', '1903', 'nam', 'hij', 'opnieuw', 'de', 'functie', 'van', 'gouverneur-generaal', 'op', 'zich', '.']	[0, 0, 0, 0, 5, 0, 0, 0, 0, 0, 0, 0, 0, 0, 0, 0, 0]	nl	Na zijn terugkeer in Algiers in 1903 nam hij opnieuw de functie van gouverneur-generaal op zich.
"['De', 'gamba', 'heeft', 'vijf', 'tot', 'zeven', '(', 'meest', 'zes', ')', 'snaren', ',', 'gestemd', 'als', 'volgt', 'van', 'hoog', 'naar', 'laag', '(', 'tenorgamba', ')', ':', 'd', ""'"", 'a', 'e', 'c', 'G', 'D.', 'Een', 'zevende', 'snaar', '(', 'A', ')', 'werd', 'toegevoegd', 'door', 'Monsieur', 'de', 'Sainte-Colombe', ',', 'deze', 'liet', 'een', 'gevoeliger', 'speelwijze', 'toe', '.']"	[0, 0, 0, 0, 0, 0, 0, 0, 0, 0, 0, 0, 0, 0, 0, 0, 0, 0, 0, 0, 0, 0, 0, 0, 0, 0, 0, 0, 0, 0, 0, 0, 0, 0, 0, 0, 0, 0, 0, 1, 2, 2, 0, 0, 0, 0, 0, 0, 0, 0]	nl	De gamba heeft vijf tot zeven (meest zes) snaren, gestemd als volgt van hoog naar laag (tenorgamba): d 'a e c G D. Een zevende snaar (A) werd toegevoegd door Monsieur de Sainte-Colombe, deze liet een gevoeliger speelwijze toe.
['Na', 'de', 'officiële', 'speeltijd', 'stond', 'het', '1', '-', '1', ',', 'door', 'doelpunten', 'van', 'Fabrizio', 'Ravanelli', 'en', 'Jari', 'Litmanen', '.']	[0, 0, 0, 0, 0, 0, 0, 0, 0, 0, 0, 0, 0, 1, 2, 0, 1, 2, 0]	nl	Na de officiële speeltijd stond het 1 - 1, door doelpunten van Fabrizio Ravanelli en Jari Litmanen.
"['Symbian', 'staat', 'onder', 'de', 'kenners', 'bekend', 'als', 'het', 'besturingssysteem', 'met', 'de', 'grote', 'compatibiliteit', 'met', 'andere', 'besturingssystemen', 'op', 'pda', ""'s"", '.']"	[7, 0, 0, 0, 0, 0, 0, 0, 0, 0, 0, 0, 0, 0, 0, 0, 0, 0, 0, 0]	nl	Symbian staat onder de kenners bekend als het besturingssysteem met de grote compatibiliteit met andere besturingssystemen op pda 's.
['De', 'geelbuikbladroller', 'is', 'in', 'Nederland', 'en', 'in', 'België', 'een', 'algemene', 'soort', ',', 'die', 'verspreid', 'over', 'het', 'hele', 'gebied', 'kan', 'worden', 'gezien', '.']	[0, 0, 0, 0, 5, 0, 0, 5, 0, 0, 0, 0, 0, 0, 0, 0, 0, 0, 0, 0, 0, 0]	nl	De geelbuikbladroller is in Nederland en in België een algemene soort, die verspreid over het hele gebied kan worden gezien.
['Het', 'spel', 'kwam', 'in', '1983', 'uit', 'als', 'arcadespel', ',', 'maar', 'werd', 'een', 'jaar', 'later', 'gepoort', 'naar', 'de', 'MSX', 'en', 'de', 'Nintendo', 'Entertainment', 'System', '.']	[0, 0, 0, 0, 0, 0, 0, 0, 0, 0, 0, 0, 0, 0, 0, 0, 0, 7, 0, 0, 7, 8, 8, 0]	nl	Het spel kwam in 1983 uit als arcadespel, maar werd een jaar later gepoort naar de MSX en de Nintendo Entertainment System.
['Pas', 'vanaf', 'de', 'Eerste', 'Wereldoorlog', 'kwam', 'hieraan', 'een', 'einde', '.']	[0, 0, 0, 7, 8, 0, 0, 0, 0, 0]	nl	Pas vanaf de Eerste Wereldoorlog kwam hieraan een einde.
['De', 'oorspronkelijke', 'stemmen', 'werden', 'ingesproken', 'door', 'Brad', 'Pitt', ',', 'Catherine', 'Zeta-Jones', ',', 'Michelle', 'Pfeiffer', 'en', 'Joseph', 'Fiennes', '.']	[0, 0, 0, 0, 0, 0, 1, 2, 0, 1, 2, 0, 1, 2, 0, 1, 2, 0]	nl	De oorspronkelijke stemmen werden ingesproken door Brad Pitt, Catherine Zeta-Jones, Michelle Pfeiffer en Joseph Fiennes.
['Station', 'Simpelveld', 'bestaat', 'nog', 'steeds', '.']	[5, 6, 0, 0, 0, 0]	nl	Station Simpelveld bestaat nog steeds.
['Zijn', 'debuut', 'in', 'de', 'Primera', 'División', 'volgde', 'op', '7', 'oktober', '2001', '.']	[0, 0, 0, 0, 3, 4, 0, 0, 0, 0, 0, 0]	nl	Zijn debuut in de Primera División volgde op 7 oktober 2001.
['De', 'film', 'titel', 'komt', 'van', 'een', 'hit', 'uit', '1974', 'van', 'de', 'Grand', 'Funk', 'Railroad', ',', 'maar', 'het', 'lied', 'wordt', 'niet', 'getoond', 'in', 'de', 'film', 'zelf', '.']	[0, 0, 0, 0, 0, 0, 0, 0, 0, 0, 0, 3, 4, 4, 0, 0, 0, 0, 0, 0, 0, 0, 0, 0, 0, 0]	nl	De film titel komt van een hit uit 1974 van de Grand Funk Railroad, maar het lied wordt niet getoond in de film zelf.
['Hij', 'volgde', 'Ruud', 'Kaiser', 'op', 'die', 'eerder', 'die', 'week', 'werd', 'ontslagen', '.']	[0, 0, 1, 2, 0, 0, 0, 0, 0, 0, 0, 0]	nl	Hij volgde Ruud Kaiser op die eerder die week werd ontslagen.
['De', 'hoofdplaats', 'was', 'Rauwerd', '.']	[0, 0, 0, 5, 0]	nl	De hoofdplaats was Rauwerd.
['Tegenwoordig', 'heeft', 'de', 'keten', 'twintig', 'vestigingen', 'in', 'Zweden', '.']	[0, 0, 0, 0, 0, 0, 0, 5, 0]	nl	Tegenwoordig heeft de keten twintig vestigingen in Zweden.
['Ze', 'was', 'gebouwd', 'op', 'een', 'laag', ',', 'driehoekig', ',', 'plateau', 'ongeveer', '3,5', 'kilometer', 'van', 'de', 'Golf', 'van', 'Korinthe', '.']	[0, 0, 0, 0, 0, 0, 0, 0, 0, 0, 0, 0, 0, 0, 0, 5, 6, 6, 0]	nl	Ze was gebouwd op een laag, driehoekig, plateau ongeveer 3,5 kilometer van de Golf van Korinthe.
"['Het', 'dorp', 'is', 'alleen', 'bereikbaar', 'over', 'zee', 'via', 'het', ',', 'volgens', 'het', '""', 'Guinness', 'Book', 'of', 'Records', '""', ',', 'kleinste', 'haventje', 'ter', 'wereld', '.']"	[0, 0, 0, 0, 0, 0, 0, 0, 0, 0, 0, 0, 0, 7, 8, 8, 8, 0, 0, 0, 0, 0, 0, 0]	nl	"Het dorp is alleen bereikbaar over zee via het, volgens het ""Guinness Book of Records"", kleinste haventje ter wereld."
['Maar', 'omdat', 'Spanje', 'als', 'mogelijkheid', 'wegviel', ',', 'besloot', 'hij', 'uiteindelijk', 'zich', 'terug', 'te', 'trekken', '.']	[0, 0, 5, 0, 0, 0, 0, 0, 0, 0, 0, 0, 0, 0, 0]	nl	Maar omdat Spanje als mogelijkheid wegviel, besloot hij uiteindelijk zich terug te trekken.
"['In', 'de', 'jaren', 'tachtig', 'zond', 'Radio', 'Caroline', 'met', 'veel', 'ups-and-downs', 'nog', 'steeds', 'programma', ""'s"", 'uit', '.']"	[0, 0, 0, 0, 0, 3, 4, 0, 0, 0, 0, 0, 0, 0, 0, 0]	nl	In de jaren tachtig zond Radio Caroline met veel ups-and-downs nog steeds programma 's uit.
['Voor', 'CD', 'Tenerife', 'speelde', 'hij', '30', 'competitiewedstrijden', 'zonder', 'te', 'scoren', '.']	[0, 3, 4, 0, 0, 0, 0, 0, 0, 0, 0]	nl	Voor CD Tenerife speelde hij 30 competitiewedstrijden zonder te scoren.
"['Zijn', 'eerste', 'filmrol', 'was', 'een', 'bijrol', 'in', '""', 'De', 'Noorderlingen', '""', 'van', 'Alex', 'van', 'Warmerdam', '.']"	[0, 0, 0, 0, 0, 0, 0, 0, 7, 8, 0, 0, 1, 2, 2, 0]	nl	"Zijn eerste filmrol was een bijrol in ""De Noorderlingen"" van Alex van Warmerdam."
['Acteur', 'Roddy', 'McDowall', ',', 'die', 'in', 'de', 'filmreeks', 'meespeelde', ',', 'had', 'ook', 'een', 'belangrijke', 'rol', 'in', 'de', 'televisieserie', '.']	[0, 1, 2, 0, 0, 0, 0, 0, 0, 0, 0, 0, 0, 0, 0, 0, 0, 0, 0]	nl	Acteur Roddy McDowall, die in de filmreeks meespeelde, had ook een belangrijke rol in de televisieserie.
['Door', 'elektrolyse', 'van', 'gesmolten', 'kaliumhydroxide', ',', 'dat', 'hij', 'uit', 'potas', 'verkreeg', ',', 'bereidde', 'Sir', 'Humphry', 'Davy', 'in', '1807', 'voor', 'het', 'eerst', 'het', 'element', 'kalium', '.']	[0, 0, 0, 0, 0, 0, 0, 0, 0, 0, 0, 0, 0, 0, 1, 2, 0, 0, 0, 0, 0, 0, 0, 0, 0]	nl	Door elektrolyse van gesmolten kaliumhydroxide, dat hij uit potas verkreeg, bereidde Sir Humphry Davy in 1807 voor het eerst het element kalium.
['De', 'WWE', 'was', 'een', 'eerste', 'maal', 'te', 'gast', 'in', 'december', '2012', 'met', 'de', 'TLC', ':', 'Tables', ',', 'Ladders', '&', 'Chairs', ',', 'editie', '2012', '.']	[0, 3, 0, 0, 0, 0, 0, 0, 0, 0, 0, 0, 0, 7, 8, 8, 8, 8, 8, 8, 0, 0, 0, 0]	nl	De WWE was een eerste maal te gast in december 2012 met de TLC: Tables, Ladders & Chairs, editie 2012.
"['Naar', 'aanleiding', 'hiervan', 'wilde', 'hiphopproducer', '""', 'Dr.', 'Dre', '""', 'met', 'hem', 'samenwerken', '.']"	[0, 0, 0, 0, 0, 0, 1, 2, 0, 0, 0, 0, 0]	nl	"Naar aanleiding hiervan wilde hiphopproducer ""Dr. Dre"" met hem samenwerken."
['Toenemende', 'veiligheidseisen', 'en', 'afnemende', 'verkopen', 'deden', 'de', 'Karmann', 'Ghia', 'ten', 'slotte', 'de', 'das', 'om', '.']	[0, 0, 0, 0, 0, 0, 0, 3, 3, 0, 0, 0, 0, 0, 0]	nl	Toenemende veiligheidseisen en afnemende verkopen deden de Karmann Ghia ten slotte de das om.
"['Zijn', 'bekendste', 'werken', 'zijn', 'de', 'soundtracks', '""', 'Oblivion', '""', 'en', '""', 'The', 'Divergent', 'Series', ':', 'Insurgent', '""', '.']"	[0, 0, 0, 0, 0, 0, 0, 7, 0, 0, 0, 7, 8, 8, 8, 8, 0, 0]	nl	"Zijn bekendste werken zijn de soundtracks ""Oblivion"" en ""The Divergent Series: Insurgent""."
"['Herinneringen', 'aan', 'de', 'toekomst', '""', 'van', 'Erich', 'von', 'Däniken', '.']"	[0, 0, 0, 0, 0, 0, 1, 2, 2, 0]	nl	"Herinneringen aan de toekomst ""van Erich von Däniken."
['Sedert', 'de', 'Renaissance', 'kwam', 'ook', 'de', 'wereldse', 'muziek', 'meer', 'tot', 'ontwikkeling', ',', 'zodat', 'kerkelijke', 'kapelmeesters', 'wat', 'konden', 'bijverdienen', 'aan', 'het', 'hof', 'van', 'edelen', 'en', 'prinsen', '.']	[0, 0, 7, 0, 0, 0, 0, 0, 0, 0, 0, 0, 0, 0, 0, 0, 0, 0, 0, 0, 0, 0, 0, 0, 0, 0]	nl	Sedert de Renaissance kwam ook de wereldse muziek meer tot ontwikkeling, zodat kerkelijke kapelmeesters wat konden bijverdienen aan het hof van edelen en prinsen.
['Hij', 'is', 'de', 'jongere', 'broer', 'van', 'Robert', 'Žulj', '.']	[0, 0, 0, 0, 0, 0, 1, 2, 0]	nl	Hij is de jongere broer van Robert Žulj.
['Als', 'jeugdspeler', 'van', 'FC', 'Twente', 'werd', 'hij', 'in', '2010', 'verkozen', 'tot', 'beste', 'B-junior', 'van', 'Nederland', '.']	[0, 0, 0, 3, 4, 0, 0, 0, 0, 0, 0, 0, 0, 0, 5, 0]	nl	Als jeugdspeler van FC Twente werd hij in 2010 verkozen tot beste B-junior van Nederland.
['De', 'Congrespartij', 'had', 'de', 'verkiezingen', 'gewonnen', ',', 'maar', 'geen', 'absolute', 'meerderheid', 'behaald', '.']	[0, 3, 0, 0, 0, 0, 0, 0, 0, 0, 0, 0, 0]	nl	De Congrespartij had de verkiezingen gewonnen, maar geen absolute meerderheid behaald.
['Want', 'na', 'slechts', 'een', 'jaartje', 'op', 'het', 'hoogste', 'niveau', 'kwam', 'er', 'de', 'transfer', 'naar', 'SC', 'Bastia', '.']	[0, 0, 0, 0, 0, 0, 0, 0, 0, 0, 0, 0, 0, 0, 3, 4, 0]	nl	Want na slechts een jaartje op het hoogste niveau kwam er de transfer naar SC Bastia.
['Dit', 'werk', 'had', 'hij', 'tijdens', 'zijn', 'laatste', 'jaren', 'voorgelezen', 'aan', 'zijn', 'maîtresse', ',', 'Juliette', 'Récamier', '.']	[0, 0, 0, 0, 0, 0, 0, 0, 0, 0, 0, 0, 0, 1, 2, 0]	nl	Dit werk had hij tijdens zijn laatste jaren voorgelezen aan zijn maîtresse, Juliette Récamier.
['De', 'hoofdrollen', 'worden', 'gespeeeld', 'door', 'Dennis', 'Christopher', ',', 'Dennis', 'Quaid', ',', 'Daniel', 'Stern', 'en', 'Jackie', 'Earle', 'Haley', '.']	[0, 0, 0, 0, 0, 1, 2, 0, 1, 2, 0, 1, 2, 0, 1, 2, 2, 0]	nl	De hoofdrollen worden gespeeeld door Dennis Christopher, Dennis Quaid, Daniel Stern en Jackie Earle Haley.
['In', 'het', 'noordwesten', 'wordt', 'het', 'eiland', 'begrensd', 'door', 'de', 'Oost-Chinese', 'Zee', ',', 'in', 'het', 'zuidwesten', 'door', 'de', 'Zuid-Chinese', 'Zee', '.']	[0, 0, 0, 0, 0, 0, 0, 0, 0, 5, 6, 0, 0, 0, 0, 0, 0, 5, 6, 0]	nl	In het noordwesten wordt het eiland begrensd door de Oost-Chinese Zee, in het zuidwesten door de Zuid-Chinese Zee.
['Door', 'de', 'economische', 'crisis', 'van', '1929', 'en', 'de', 'Tweede', 'Wereldoorlog', 'raakten', 'veel', 'van', 'deze', 'huizen', 'in', 'verval', '.']	[0, 0, 0, 0, 0, 0, 0, 0, 7, 8, 0, 0, 0, 0, 0, 0, 0, 0]	nl	Door de economische crisis van 1929 en de Tweede Wereldoorlog raakten veel van deze huizen in verval.
['De', 'politieke', 'situatie', 'in', 'Kachin', 'is', 'erg', 'instabiel', 'en', 'het', 'grootste', 'deel', 'van', 'de', 'deelstaat', 'valt', 'onder', 'gezag', 'van', 'lokale', 'guerrillagroepen', 'en', 'krijgsheren', '.']	[0, 0, 0, 0, 5, 0, 0, 0, 0, 0, 0, 0, 0, 0, 0, 0, 0, 0, 0, 0, 0, 0, 0, 0]	nl	De politieke situatie in Kachin is erg instabiel en het grootste deel van de deelstaat valt onder gezag van lokale guerrillagroepen en krijgsheren.
['Met', 'name', 'de', 'hoogste', 'leider', ',', 'de', 'grootmeester', 'Herman', 'van', 'Salza', '(', '1170', '–', '1239', ')', 'behoorde', 'tot', 'de', 'invloedrijkste', 'mannen', 'van', 'zijn', 'tijd', ',', 'vooral', 'door', 'zijn', 'grote', 'diplomatieke', 'gaven', '.']	[0, 0, 0, 0, 0, 0, 0, 0, 1, 2, 2, 0, 0, 0, 0, 0, 0, 0, 0, 0, 0, 0, 0, 0, 0, 0, 0, 0, 0, 0, 0, 0]	nl	Met name de hoogste leider, de grootmeester Herman van Salza (1170 – 1239) behoorde tot de invloedrijkste mannen van zijn tijd, vooral door zijn grote diplomatieke gaven.
['Onverwacht', 'komt', 'dan', 'ook', 'zijn', 'nederlaag', ',', 'op', '16', 'juli', '2005', ',', 'tegen', 'de', 'op', 'dat', 'moment', 'echter', 'nog', 'ongeslagen', 'Jermain', 'Taylor', '.']	[0, 0, 0, 0, 0, 0, 0, 0, 0, 0, 0, 0, 0, 0, 0, 0, 0, 0, 0, 0, 1, 2, 0]	nl	Onverwacht komt dan ook zijn nederlaag, op 16 juli 2005, tegen de op dat moment echter nog ongeslagen Jermain Taylor.
['In', 'België', 'komt', 'de', 'soort', 'vooral', 'voor', 'in', 'het', 'noorden', 'en', 'het', 'midden', '.']	[0, 5, 0, 0, 0, 0, 0, 0, 0, 0, 0, 0, 0, 0]	nl	In België komt de soort vooral voor in het noorden en het midden.
"['Hij', 'werkte', 'zijn', 'leven', 'lang', 'aan', 'een', 'reeks', '""', 'Sequenze', '""', 'voor', 'solo-instrumenten', '.']"	[0, 0, 0, 0, 0, 0, 0, 0, 0, 7, 0, 0, 0, 0]	nl	"Hij werkte zijn leven lang aan een reeks ""Sequenze"" voor solo-instrumenten."
['Hij', 'deelde', 'zijn', 'wagen', 'met', 'de', 'latere', 'wereldkampioen', 'Jack', 'Brabham', '.']	[0, 0, 0, 0, 0, 0, 0, 0, 1, 2, 0]	nl	Hij deelde zijn wagen met de latere wereldkampioen Jack Brabham.
"['In', '""', 'België', '""', ',', 'maar', 'ook', 'in', '""', 'Duitsland', '""', ',', 'beschikt', 'de', 'brandweer', 'vaak', 'ook', 'over', 'Ambulancevoertuigen', '.']"	[0, 0, 5, 0, 0, 0, 0, 0, 0, 5, 0, 0, 0, 0, 0, 0, 0, 0, 0, 0]	nl	"In ""België"", maar ook in ""Duitsland"", beschikt de brandweer vaak ook over Ambulancevoertuigen."
"['De', 'wetenschappelijke', 'naam', 'van', 'de', 'soort', 'is', ',', 'als', '""', 'Tortrix', 'pullatana', '""', ',', 'voor', 'het', 'eerst', 'geldig', 'gepubliceerd', 'in', '1902', 'door', 'Pieter', 'Snellen', '.']"	[0, 0, 0, 0, 0, 0, 0, 0, 0, 0, 0, 0, 0, 0, 0, 0, 0, 0, 0, 0, 0, 0, 1, 2, 0]	nl	"De wetenschappelijke naam van de soort is, als ""Tortrix pullatana"", voor het eerst geldig gepubliceerd in 1902 door Pieter Snellen."
['Intussen', 'schoot', 'het', 'protestantisme', 'ook', 'in', 'de', 'Nederlanden', 'wortel', '.']	[0, 0, 0, 0, 0, 0, 0, 5, 0, 0]	nl	Intussen schoot het protestantisme ook in de Nederlanden wortel.
['De', 'nationalisten', 'begonnen', 'acht', 'dagen', 'voor', 'het', 'nieuwe', 'jaar', 'de', 'invasie', 'van', 'Catalonië', '.']	[0, 0, 0, 0, 0, 0, 0, 0, 0, 0, 0, 0, 5, 0]	nl	De nationalisten begonnen acht dagen voor het nieuwe jaar de invasie van Catalonië.
['In', '1926', 'en', '1928', 'speelde', 'hij', 'mee', 'op', 'verschillende', 'klassieke', 'opnames', 'van', 'Jelly', 'Roll', 'Morton', '.']	[0, 0, 0, 0, 0, 0, 0, 0, 0, 0, 0, 0, 1, 2, 2, 0]	nl	In 1926 en 1928 speelde hij mee op verschillende klassieke opnames van Jelly Roll Morton.
['Ze', 'maakt', 'een', 'scherpe', 'bocht', 'naar', 'het', 'zuiden', 'en', 'vormt', 'de', 'grens', 'tussen', 'Shaanxi', 'en', 'Shanxi', '.']	[0, 0, 0, 0, 0, 0, 0, 0, 0, 0, 0, 0, 0, 5, 0, 5, 0]	nl	Ze maakt een scherpe bocht naar het zuiden en vormt de grens tussen Shaanxi en Shanxi.
['Zijn', 'opvolger', 'was', 'Marinus', 'Dijkhuizen', '.']	[0, 0, 0, 1, 2, 0]	nl	Zijn opvolger was Marinus Dijkhuizen.
['De', 'soort', 'komt', 'voor', 'in', 'gematigde', 'wateren', 'in', 'het', 'noordoosten', 'van', 'de', 'Atlantische', 'Oceaan', ',', 'op', 'een', 'diepte', 'van', '10', 'tot', '150', 'meter', '.']	[0, 0, 0, 0, 0, 0, 0, 0, 0, 0, 0, 0, 5, 6, 0, 0, 0, 0, 0, 0, 0, 0, 0, 0]	nl	De soort komt voor in gematigde wateren in het noordoosten van de Atlantische Oceaan, op een diepte van 10 tot 150 meter.
['Het', 'lag', 'aan', 'de', 'Donau', ',', 'ongeveer', '35', 'km', 'ten', 'oosten', 'van', 'het', 'huidige', 'Wenen', '.']	[0, 0, 0, 0, 5, 0, 0, 0, 0, 0, 0, 0, 0, 0, 5, 0]	nl	Het lag aan de Donau, ongeveer 35 km ten oosten van het huidige Wenen.
['Zijn', 'opvolger', 'Henk', 'ten', 'Cate', 'bleef', 'tot', 'de', 'laatste', 'wedstrijd', 'ongeslagen', '.']	[0, 0, 1, 2, 2, 0, 0, 0, 0, 0, 0, 0]	nl	Zijn opvolger Henk ten Cate bleef tot de laatste wedstrijd ongeslagen.
['In', 'de', '19e', 'eeuw', 'bracht', 'Napoleon', 'Bonaparte', 'het', 'kuras', 'weer', 'helemaal', 'terug', 'op', 'het', 'slagveld', '.']	[0, 0, 0, 0, 0, 1, 2, 0, 0, 0, 0, 0, 0, 0, 0, 0]	nl	In de 19e eeuw bracht Napoleon Bonaparte het kuras weer helemaal terug op het slagveld.
['De', 'stad', 'onderging', 'in', 'de', 'jaren', 'vijftig', 'en', 'zestig', 'een', 'grote', 'economische', 'hausse', 'door', 'de', 'plotselinge', 'opkomst', 'van', 'het', 'toerisme', 'aan', 'de', 'Costa', 'del', 'Sol', '.']	[0, 0, 0, 0, 0, 0, 0, 0, 0, 0, 0, 0, 0, 0, 0, 0, 0, 0, 0, 0, 0, 0, 5, 6, 6, 0]	nl	De stad onderging in de jaren vijftig en zestig een grote economische hausse door de plotselinge opkomst van het toerisme aan de Costa del Sol.
['De', 'taak', 'wordt', 'echter', 'anders', 'ingevuld', 'in', 'de', 'Verenigde', 'Staten', 'dan', 'in', 'het', 'Verenigd', 'Koninkrijk', '.']	[0, 0, 0, 0, 0, 0, 0, 0, 5, 6, 0, 0, 0, 5, 6, 0]	nl	De taak wordt echter anders ingevuld in de Verenigde Staten dan in het Verenigd Koninkrijk.
['Het', 'bedrijf', 'is', 'uitgekocht', 'door', 'de', 'gemeente', 'en', 'de', 'provincie', 'Noord-Brabant', '.']	[0, 0, 0, 0, 0, 0, 0, 0, 0, 0, 5, 0]	nl	Het bedrijf is uitgekocht door de gemeente en de provincie Noord-Brabant.
['De', 'Volksrepubliek', 'China', 'heeft', 'van', 'eind', 'jaren', 'tachtig', 'tot', 'begin', 'jaren', 'negentig', 'de', 'zomertijd', 'getest', '.']	[0, 5, 6, 0, 0, 0, 0, 0, 0, 0, 0, 0, 0, 0, 0, 0]	nl	De Volksrepubliek China heeft van eind jaren tachtig tot begin jaren negentig de zomertijd getest.
['Op', '13', 'november', '2008', 'werd', 'bekend', 'dat', 'Ria', 'Brieffies', 'ongeneeslijk', 'ziek', 'was', '(', 'longkanker', ')', '.']	[0, 0, 0, 0, 0, 0, 0, 1, 2, 0, 0, 0, 0, 0, 0, 0]	nl	Op 13 november 2008 werd bekend dat Ria Brieffies ongeneeslijk ziek was (longkanker).
['Met', '319', 'meter', 'werd', 'het', 'Chrysler', 'Building', ',', 'slechts', 'enkele', 'weken', 'na', '40', 'Wall', 'Street', ',', 'het', 'hoogste', 'gebouw', 'ter', 'wereld', '.']	[0, 0, 0, 0, 0, 5, 6, 0, 0, 0, 0, 0, 0, 5, 6, 0, 0, 0, 0, 0, 0, 0]	nl	Met 319 meter werd het Chrysler Building, slechts enkele weken na 40 Wall Street, het hoogste gebouw ter wereld.
['Op', '21', 'september', '2015', 'nam', 'hij', 'als', 'interim-coach', 'en', 'later', 'als', 'vaste', 'hoofdcoach', 'de', 'taken', 'van', 'Lucien', 'Favre', 'over', '.']	[0, 0, 0, 0, 0, 0, 0, 0, 0, 0, 0, 0, 0, 0, 0, 0, 1, 2, 0, 0]	nl	Op 21 september 2015 nam hij als interim-coach en later als vaste hoofdcoach de taken van Lucien Favre over.
['Hij', 'tekende', 'in', 'juli', '2018', 'een', 'tweejarig', 'contract', 'bij', 'Real', 'Unión', '.']	[0, 0, 0, 0, 0, 0, 0, 0, 0, 3, 4, 0]	nl	Hij tekende in juli 2018 een tweejarig contract bij Real Unión.
['Het', 'lijkt', 'erop', 'dat', 'de', 'jonge', 'geleerde', 'op', 'die', 'jonge', 'leeftijd', 'al', 'een', 'uitstekende', 'reputatie', 'genoot', ',', 'waarbij', 'zijn', 'poëtische', 'en', 'wiskundig-filosofische', 'prestaties', 'op', 'de', 'voorgrond', 'stonden', ';', 'zijn', 'geografische', ',', 'taalkundige', 'en', 'historische', 'verwezenlijkingen', 'zouden', 'pas', 'later', ',', 'toen', 'hij', 'al', 'in', 'Alexandrië', 'werkte', ',', 'ontstaan', '.']	[0, 0, 0, 0, 0, 0, 0, 0, 0, 0, 0, 0, 0, 0, 0, 0, 0, 0, 0, 0, 0, 0, 0, 0, 0, 0, 0, 0, 0, 0, 0, 0, 0, 0, 0, 0, 0, 0, 0, 0, 0, 0, 0, 5, 0, 0, 0, 0]	nl	Het lijkt erop dat de jonge geleerde op die jonge leeftijd al een uitstekende reputatie genoot, waarbij zijn poëtische en wiskundig-filosofische prestaties op de voorgrond stonden; zijn geografische, taalkundige en historische verwezenlijkingen zouden pas later, toen hij al in Alexandrië werkte, ontstaan.
"[',', 'Yoshi', ""'s"", 'Safari', ',', 'Hotel', 'Mario', ',', 'in', 'de', 'tekenfilm', 'en', 'tekenboeken', '.']"	[0, 7, 8, 8, 0, 7, 8, 0, 0, 0, 0, 0, 0, 0]	nl	, Yoshi 's Safari, Hotel Mario, in de tekenfilm en tekenboeken.
['In', '2000', 'leidde', 'trainer', 'Jan', 'Ceulemans', 'het', 'team', 'naar', 'een', 'onverhoopte', '6e', 'plaats', 'in', 'het', 'eindklassement', '.']	[0, 0, 0, 0, 1, 2, 0, 0, 0, 0, 0, 0, 0, 0, 0, 0, 0]	nl	In 2000 leidde trainer Jan Ceulemans het team naar een onverhoopte 6e plaats in het eindklassement.
['Hij', 'groeide', 'uit', ',', 'samen', 'met', 'Ludovic', 'Giuly', 'en', 'Sébastien', 'Squillaci', ',', 'tot', 'een', 'van', 'de', 'belangrijkste', 'spelers', 'van', 'het', 'team', '.']	[0, 0, 0, 0, 0, 0, 1, 2, 0, 1, 2, 0, 0, 0, 0, 0, 0, 0, 0, 0, 0, 0]	nl	Hij groeide uit, samen met Ludovic Giuly en Sébastien Squillaci, tot een van de belangrijkste spelers van het team.
['Al', 'in', '1561', 'werd', 'het', 'voor', 'het', 'eerst', 'gedrukt', 'door', 'John', 'Stow', 'en', 'in', 'de', 'daaropvolgende', 'eeuwen', 'verschenen', 'er', 'nog', 'verscheidene', 'edities', '.']	[0, 0, 0, 0, 0, 0, 0, 0, 0, 0, 1, 2, 0, 0, 0, 0, 0, 0, 0, 0, 0, 0, 0]	nl	Al in 1561 werd het voor het eerst gedrukt door John Stow en in de daaropvolgende eeuwen verschenen er nog verscheidene edities.
['Hij', 'maakte', 'grote', 'indruk', 'door', 'zijn', 'kopwerk', 'voor', 'Michael', 'Rasmussen', '.']	[0, 0, 0, 0, 0, 0, 0, 0, 1, 2, 0]	nl	Hij maakte grote indruk door zijn kopwerk voor Michael Rasmussen.
['In', '2009', 'promoveerde', 'de', 'club', 'naar', 'de', 'Premier', 'League', '.']	[0, 0, 0, 0, 0, 0, 0, 3, 4, 0]	nl	In 2009 promoveerde de club naar de Premier League.
"['De', 'opera', ""'s"", 'van', 'Bedřich', 'Smetana', 'en', 'Antonín', 'Dvořák', 'werden', 'in', 'deze', 'tijd', 'geschreven', '.']"	[0, 0, 0, 0, 1, 2, 0, 1, 2, 0, 0, 0, 0, 0, 0]	nl	De opera 's van Bedřich Smetana en Antonín Dvořák werden in deze tijd geschreven.
"['Hij', 'heeft', '""', 'Hirtella', 'margae', '""', 'vernoemd', 'naar', 'Marga', 'Werkhoven', '.']"	[0, 0, 0, 0, 0, 0, 0, 0, 1, 2, 0]	nl	"Hij heeft ""Hirtella margae"" vernoemd naar Marga Werkhoven."
['Alleen', 'Vlieland', 'en', 'Schiermonnikoog', 'hebben', 'minder', 'inwoners', '.']	[0, 5, 0, 5, 0, 0, 0, 0]	nl	Alleen Vlieland en Schiermonnikoog hebben minder inwoners.
['Die', 'oorlog', 'betekende', 'de', 'verwoesting', 'van', 'Duitsland', 'en', 'een', 'eeuwenlange', 'patstelling', 'tussen', 'de', 'twee', 'rivaliserende', 'kerken', '.']	[0, 0, 0, 0, 0, 0, 5, 0, 0, 0, 0, 0, 0, 0, 0, 0, 0]	nl	Die oorlog betekende de verwoesting van Duitsland en een eeuwenlange patstelling tussen de twee rivaliserende kerken.
['De', 'wetenschappelijke', 'naam', 'van', 'de', 'soort', 'is', 'voor', 'het', 'eerst', 'geldig', 'gepubliceerd', 'in', '1965', 'door', 'Sergius', 'Kiriakoff', '.']	[0, 0, 0, 0, 0, 0, 0, 0, 0, 0, 0, 0, 0, 0, 0, 1, 2, 0]	nl	De wetenschappelijke naam van de soort is voor het eerst geldig gepubliceerd in 1965 door Sergius Kiriakoff.
['dr.', 'Anne', 'van', 'der', 'Meiden', 'plus', 'nog', 'een', 'aantal', 'andere', 'personen', '.']	[0, 1, 2, 2, 2, 0, 0, 0, 0, 0, 0, 0]	nl	dr. Anne van der Meiden plus nog een aantal andere personen.
['De', 'soort', 'komt', 'voor', 'in', 'het', 'noordoosten', 'van', 'Zambia', '.']	[0, 0, 0, 0, 0, 0, 0, 0, 5, 0]	nl	De soort komt voor in het noordoosten van Zambia.
['In', 'de', 'nieuwere', 'versie', 'is', 'de', 'songtekst', 'wat', 'gewijzigd', 'en', 'werd', 'het', 'gezongen', 'door', 'Stan', 'Limburg', '.']	[0, 0, 0, 0, 0, 0, 0, 0, 0, 0, 0, 0, 0, 0, 1, 2, 0]	nl	In de nieuwere versie is de songtekst wat gewijzigd en werd het gezongen door Stan Limburg.
"['Niettemin', 'speelde', 'hij', 'ook', 'serieuzere', 'personages', 'zoals', 'in', '""', 'Awakenings', '""', 'en', '""', 'What', 'Dreams', 'May', 'Come', '""', '.']"	[0, 0, 0, 0, 0, 0, 0, 0, 0, 7, 0, 0, 0, 7, 8, 8, 8, 0, 0]	nl	"Niettemin speelde hij ook serieuzere personages zoals in ""Awakenings"" en ""What Dreams May Come""."
['In', 'de', 'finale', 'werden', 'de', 'Detroit', 'Red', 'Wings', 'verslagen', '.']	[0, 0, 0, 0, 0, 3, 4, 4, 0, 0]	nl	In de finale werden de Detroit Red Wings verslagen.
"[',', '""', 'Mallrats', '""', 'en', '""', 'Chasing', 'Amy', '""', ')', '.']"	[0, 0, 7, 0, 0, 0, 7, 8, 0, 0, 0]	nl	", ""Mallrats"" en ""Chasing Amy"")."
['Hij', 'speelde', 'als', 'aanvaller', 'onder', 'meer', 'voor', 'Deportivo', 'Cali', ',', 'Independiente', 'Santa', 'Fe', 'en', 'América', 'de', 'Cali', '.']	[0, 0, 0, 0, 0, 0, 0, 3, 4, 0, 3, 4, 4, 0, 3, 4, 4, 0]	nl	Hij speelde als aanvaller onder meer voor Deportivo Cali, Independiente Santa Fe en América de Cali.
['In', '1968', 'werd', 'Marcello', 'Caetano', 'benoemd', 'tot', 'premier', '.']	[0, 0, 0, 1, 2, 0, 0, 0, 0]	nl	In 1968 werd Marcello Caetano benoemd tot premier.
['Bij', 'Biddinghuizen', 'is', 'het', 'attractiepark', 'Walibi', 'Holland', 'te', 'vinden', '.']	[0, 5, 0, 0, 0, 5, 6, 0, 0, 0]	nl	Bij Biddinghuizen is het attractiepark Walibi Holland te vinden.
['Toen', 'ook', 'Hamas', 'een', 'bestand', 'aankondigde', ',', 'leek', 'de', 'weg', 'naar', 'onderhandelingen', 'open', 'te', 'liggen', '.']	[0, 0, 3, 0, 0, 0, 0, 0, 0, 0, 0, 0, 0, 0, 0, 0]	nl	Toen ook Hamas een bestand aankondigde, leek de weg naar onderhandelingen open te liggen.
['Yoko', 'Ono', 'was', 'een', 'van', 'de', 'mensen', 'die', 'een', 'afscheidsrede', 'uitsprak', 'op', 'zijn', 'begrafenis', '.']	[1, 2, 0, 0, 0, 0, 0, 0, 0, 0, 0, 0, 0, 0, 0]	nl	Yoko Ono was een van de mensen die een afscheidsrede uitsprak op zijn begrafenis.
['De', 'soorten', 'komen', 'voor', 'van', 'in', 'Turkije', 'en', 'Israël', 'tot', 'in', 'Iran', ',', 'Afghanistan', 'en', 'Pakistan', '.']	[0, 0, 0, 0, 0, 0, 5, 0, 5, 0, 0, 5, 0, 5, 0, 5, 0]	nl	De soorten komen voor van in Turkije en Israël tot in Iran, Afghanistan en Pakistan.
['Hij', 'maakte', 'carrière', 'als', 'aanvaller', 'bij', 'Cercle', 'Brugge', '.']	[0, 0, 0, 0, 0, 0, 3, 4, 0]	nl	Hij maakte carrière als aanvaller bij Cercle Brugge.
['In', '1963', 'nam', 'zijn', 'kwartet', 'het', 'op', 'met', 'zanger', 'Johnny', 'Hartman', '.']	[0, 0, 0, 0, 0, 0, 0, 0, 0, 1, 2, 0]	nl	In 1963 nam zijn kwartet het op met zanger Johnny Hartman.
"['Zo', 'speelde', 'hij', 'in', '2003', 'een', 'rol', 'in', '""', 'Confessions', 'of', 'a', 'Dangerous', 'Mind', '""', ',', 'het', 'regiedebuut', 'van', 'George', 'Clooney', '.']"	[0, 0, 0, 0, 0, 0, 0, 0, 0, 7, 8, 8, 8, 8, 0, 0, 0, 0, 0, 1, 2, 0]	nl	"Zo speelde hij in 2003 een rol in ""Confessions of a Dangerous Mind"", het regiedebuut van George Clooney."
['Daarna', 'ziet', 'men', 'bij', 'groepen', 'The', 'Beatles', 'en', 'Golden', 'Earring', 'de', 'eerste', 'bewegingen', 'van', 'echte', 'eigen', 'verhalen', 'in', 'de', 'clips', '.']	[0, 0, 0, 0, 0, 3, 4, 0, 3, 4, 0, 0, 0, 0, 0, 0, 0, 0, 0, 0, 0]	nl	Daarna ziet men bij groepen The Beatles en Golden Earring de eerste bewegingen van echte eigen verhalen in de clips.
['Verkenner', 'Wilfried', 'Martens', 'probeerde', 'om', 'hem', 'toch', 'te', 'overtuigen', '.']	[0, 1, 2, 0, 0, 0, 0, 0, 0, 0]	nl	Verkenner Wilfried Martens probeerde om hem toch te overtuigen.
['De', 'soort', 'komt', 'van', 'nature', 'voor', 'in', 'Oost-Afrika', 'en', 'wordt', 'wereldwijd', 'als', 'sierplant', 'gekweekt', '.']	[0, 0, 0, 0, 0, 0, 0, 5, 0, 0, 0, 0, 0, 0, 0]	nl	De soort komt van nature voor in Oost-Afrika en wordt wereldwijd als sierplant gekweekt.
['Aanvankelijk', 'was', 'hij', 'gericht', 'op', 'de', 'Waddenzee', '.']	[0, 0, 0, 0, 0, 0, 5, 0]	nl	Aanvankelijk was hij gericht op de Waddenzee.
"['In', 'november', '2011', 'ging', 'de', 'biopic', '""', 'J.', 'Edgar', '""', 'in', 'première', '.']"	[0, 0, 0, 0, 0, 0, 0, 7, 8, 0, 0, 0, 0]	nl	"In november 2011 ging de biopic ""J. Edgar"" in première."
['De', 'ticketverkoop', 'had', 'een', 'miljoen', 'peso', 'opgeleverd', ',', 'destijds', 'een', 'record', 'in', 'Zuid-Amerika', '.']	[0, 0, 0, 0, 0, 0, 0, 0, 0, 0, 0, 0, 5, 0]	nl	De ticketverkoop had een miljoen peso opgeleverd, destijds een record in Zuid-Amerika.
['Zonder', 'vergoeding', 'ging', 'hij', 'in', 'de', 'winterstop', 'van', 'het', 'seizoen', '2018', '/', '19', 'naar', 'Israël', ',', 'om', 'daar', 'te', 'spelen', 'voor', 'Maccabi', 'Haifa', 'Na', 'een', 'half', 'jaar', 'vertrok', 'hij', 'echter', ',', 'om', 'terug', 'te', 'keren', 'bij', 'zijn', 'oude', 'club', 'PEC', 'Zwolle', '.']	[0, 0, 0, 0, 0, 0, 0, 0, 0, 0, 0, 0, 0, 0, 5, 0, 0, 0, 0, 0, 0, 3, 4, 0, 0, 0, 0, 0, 0, 0, 0, 0, 0, 0, 0, 0, 0, 0, 0, 3, 4, 0]	nl	Zonder vergoeding ging hij in de winterstop van het seizoen 2018 / 19 naar Israël, om daar te spelen voor Maccabi Haifa Na een half jaar vertrok hij echter, om terug te keren bij zijn oude club PEC Zwolle.
['Op', '22', 'maart', '1888', 'brak', 'onder', 'de', 'veenarbeiders', 'in', 'Appelscha', 'een', 'grote', 'staking', 'uit', '.']	[0, 0, 0, 0, 0, 0, 0, 0, 0, 5, 0, 0, 0, 0, 0]	nl	Op 22 maart 1888 brak onder de veenarbeiders in Appelscha een grote staking uit.
['Aangekomen', 'in', 'de', 'Verenigde', 'Staten', 'kreeg', 'ze', 'een', 'treinongeluk', ',', 'waardoor', 'ze', 'moeilijk', 'ter', 'been', 'werd', '.']	[0, 0, 0, 5, 6, 0, 0, 0, 0, 0, 0, 0, 0, 0, 0, 0, 0]	nl	Aangekomen in de Verenigde Staten kreeg ze een treinongeluk, waardoor ze moeilijk ter been werd.
['De', 'UEFA', 'Champions', 'League', ',', 'UEFA', 'Europa', 'League', 'en', 'de', 'UEFA', 'Super', 'Cup', 'zijn', 'volledig', 'gelicenseerd', ',', 'zoals', 'in', 'voorgaande', 'jaren', '.']	[0, 7, 8, 8, 0, 7, 8, 8, 0, 0, 7, 8, 8, 0, 0, 0, 0, 0, 0, 0, 0, 0]	nl	De UEFA Champions League, UEFA Europa League en de UEFA Super Cup zijn volledig gelicenseerd, zoals in voorgaande jaren.
['Ondiepten', 'als', 'Molenplaat', 'en', 'Bergse', 'Plaat', 'werden', 'drooggelegd', '.']	[0, 0, 5, 0, 5, 6, 0, 0, 0]	nl	Ondiepten als Molenplaat en Bergse Plaat werden drooggelegd.
['Aan', 'de', 'andere', 'kant', 'ligt', 'Griendtsveen', 'ongeveer', '20', 'km', 'verderop', 'in', 'het', 'uiterste', 'westen', 'van', 'de', 'gemeente', '.']	[0, 0, 0, 0, 0, 5, 0, 0, 0, 0, 0, 0, 0, 0, 0, 0, 0, 0]	nl	Aan de andere kant ligt Griendtsveen ongeveer 20 km verderop in het uiterste westen van de gemeente.
['Hij', 'groeide', 'op', 'in', 'de', 'mosjav', 'Nahalal', '.']	[0, 0, 0, 0, 0, 0, 5, 0]	nl	Hij groeide op in de mosjav Nahalal.
['Andere', 'Finse', 'steden', 'van', 'betekenis', 'zijn', 'Joensuu', ',', 'Kotka', ',', 'Lappeenranta', ',', 'Pori', ',', 'Rovaniemi', 'en', 'Vaasa', '.']	[0, 7, 0, 0, 0, 0, 5, 0, 5, 0, 5, 0, 5, 0, 5, 0, 5, 0]	nl	Andere Finse steden van betekenis zijn Joensuu, Kotka, Lappeenranta, Pori, Rovaniemi en Vaasa.
['Om', 'verder', 'onopgemerkt', 'te', 'blijven', 'werd', 'hij', 'lid', 'van', 'de', 'Hitlerjugend', '.']	[0, 0, 0, 0, 0, 0, 0, 0, 0, 0, 3, 0]	nl	Om verder onopgemerkt te blijven werd hij lid van de Hitlerjugend.
['Ondanks', 'dat', 'de', 'titel', 'suggereerde', 'dat', 'het', 'vanuit', 'die', 'plaats', 'werd', 'uitgezonden', ',', 'werd', 'deze', 'programma', 'gewoon', 'vanuit', 'de', 'NPO', '3FM', 'studio', 'in', 'Hilversum', 'gemaakt', '.']	[0, 0, 0, 0, 0, 0, 0, 0, 0, 0, 0, 0, 0, 0, 0, 0, 0, 0, 0, 3, 4, 0, 0, 5, 0, 0]	nl	Ondanks dat de titel suggereerde dat het vanuit die plaats werd uitgezonden, werd deze programma gewoon vanuit de NPO 3FM studio in Hilversum gemaakt.
['Nog', 'éénmaal', 'naar', 'haar', 'geliefde', 'Kenia', 'reizen', 'is', 'er', 'echter', 'nooit', 'meer', 'van', 'gekomen', '.']	[0, 0, 0, 0, 0, 5, 0, 0, 0, 0, 0, 0, 0, 0, 0]	nl	Nog éénmaal naar haar geliefde Kenia reizen is er echter nooit meer van gekomen.
['Hij', 'tekende', 'op', '29', 'mei', '2018', 'een', 'contract', 'bij', 'Club', 'Brugge', ',', 'dat', 'hem', 'overnam', 'van', 'KV', 'Mechelen', '.']	[0, 0, 0, 0, 0, 0, 0, 0, 0, 3, 4, 0, 0, 0, 0, 0, 3, 4, 0]	nl	Hij tekende op 29 mei 2018 een contract bij Club Brugge, dat hem overnam van KV Mechelen.
['Hij', 'overleed', 'kinderloos', 'in', 'Londen', '.']	[0, 0, 0, 0, 5, 0]	nl	Hij overleed kinderloos in Londen.
['In', '2014', 'werd', 'hij', 'benoemd', 'tot', 'lid', 'van', 'de', 'Akademie', 'van', 'Kunsten', '.']	[0, 0, 0, 0, 0, 0, 0, 0, 0, 3, 4, 4, 0]	nl	In 2014 werd hij benoemd tot lid van de Akademie van Kunsten.
"['Er', 'werd', 'in', 'deze', 'periode', 'in', 'de', 'Verenigde', 'Staten', 'een', 'ware', 'heksenjacht', 'geopend', 'tegen', 'iedereen', 'die', 'maar', 'enigszins', 'communistisch', 'gezind', 'was', ',', 'of', 'werd', 'verdacht', 'van', 'communistische', 'sympathieën', 'of', 'beschuldigd', 'van', 'zogeheten', '""', 'on-Amerikaanse', 'activiteiten', '""', '.']"	[0, 0, 0, 0, 0, 0, 0, 5, 6, 0, 0, 0, 0, 0, 0, 0, 0, 0, 0, 0, 0, 0, 0, 0, 0, 0, 0, 0, 0, 0, 0, 0, 0, 0, 0, 0, 0]	nl	"Er werd in deze periode in de Verenigde Staten een ware heksenjacht geopend tegen iedereen die maar enigszins communistisch gezind was, of werd verdacht van communistische sympathieën of beschuldigd van zogeheten ""on-Amerikaanse activiteiten""."
"['""', 'De', 'rode', 'wijngaard', '""', '(', '""', 'La', 'vigne', 'rouge', '""', ')', 'is', 'een', 'schilderij', 'van', 'de', 'Nederlandse', 'kunstschilder', 'Vincent', 'van', 'Gogh', ',', 'in', 'olieverf', 'op', 'doek', ',', '75', 'x', '93', 'centimeter', 'groot', '.']"	[0, 0, 0, 0, 0, 0, 0, 0, 0, 0, 0, 0, 0, 0, 0, 0, 0, 7, 0, 1, 2, 2, 0, 0, 0, 0, 0, 0, 0, 0, 0, 0, 0, 0]	nl	"""De rode wijngaard"" (""La vigne rouge"") is een schilderij van de Nederlandse kunstschilder Vincent van Gogh, in olieverf op doek, 75 x 93 centimeter groot."
"['De', '""', 'begraafplaats', 'van', 'Sint-Joost-ten-Node', '""', 'is', 'een', 'gemeentelijke', 'begraafplaats', 'van', 'de', 'Belgische', 'gemeente', 'Sint-Joost-ten-Node', 'in', 'het', 'Brussels', 'Hoofdstedelijk', 'Gewest', '.']"	[0, 0, 0, 0, 5, 0, 0, 0, 0, 0, 0, 0, 7, 0, 5, 0, 0, 5, 6, 6, 0]	nl	"De ""begraafplaats van Sint-Joost-ten-Node"" is een gemeentelijke begraafplaats van de Belgische gemeente Sint-Joost-ten-Node in het Brussels Hoofdstedelijk Gewest."
['De', 'keizerin', 'liet', 'vervolgens', 'de', 'vriendin', 'van', 'de', 'keizer', ',', 'Katharina', 'Schratt', 'komen', ',', 'omdat', 'zij', 'de', 'enige', 'was', 'die', 'de', 'keizer', 'op', 'dit', 'moment', 'tot', 'steun', 'kon', 'zijn', '.']	[0, 0, 0, 0, 0, 0, 0, 0, 0, 0, 1, 2, 0, 0, 0, 0, 0, 0, 0, 0, 0, 0, 0, 0, 0, 0, 0, 0, 0, 0]	nl	De keizerin liet vervolgens de vriendin van de keizer, Katharina Schratt komen, omdat zij de enige was die de keizer op dit moment tot steun kon zijn.
['Aan', 'het', 'eind', 'van', 'het', 'seizoen', 'verving', 'hij', 'ook', 'nog', 'Ivan', 'Capelli', '.']	[0, 0, 0, 0, 0, 0, 0, 0, 0, 0, 1, 2, 0]	nl	Aan het eind van het seizoen verving hij ook nog Ivan Capelli.
['Hij', 'keerde', 'terug', 'naar', 'Denemarken', 'waar', 'hij', 'meer', 'dan', 'honderd', 'wedstrijden', 'voor', 'Brøndby', 'IF', 'speelde', '.']	[0, 0, 0, 0, 5, 0, 0, 0, 0, 0, 0, 0, 3, 4, 0, 0]	nl	Hij keerde terug naar Denemarken waar hij meer dan honderd wedstrijden voor Brøndby IF speelde.
"['Een', 'voorbeeld', 'is', '""', 'Aeneis', '""', 'van', 'de', 'Romeinse', 'dichter', 'Vergilius', '.']"	[0, 0, 0, 0, 7, 0, 0, 0, 0, 0, 1, 0]	nl	"Een voorbeeld is ""Aeneis"" van de Romeinse dichter Vergilius."
['In', '1975', 'was', 'hij', 'assistent', 'bij', 'het', 'Nederlands', 'voetbalelftal', 'onder', 'George', 'Knobel', '.']	[0, 0, 0, 0, 0, 0, 0, 3, 4, 0, 1, 2, 0]	nl	In 1975 was hij assistent bij het Nederlands voetbalelftal onder George Knobel.
['In', 'het', 'boek', 'gaat', 'Pinkeltje', 'terug', 'naar', 'Nederland', ',', 'waar', 'hij', 'vaststelt', 'dat', 'al', 'zijn', 'vrienden', 'heel', 'wat', 'ouder', 'geworden', 'zijn', '.']	[0, 0, 0, 0, 7, 0, 0, 5, 0, 0, 0, 0, 0, 0, 0, 0, 0, 0, 0, 0, 0, 0]	nl	In het boek gaat Pinkeltje terug naar Nederland, waar hij vaststelt dat al zijn vrienden heel wat ouder geworden zijn.
['Vervolgens', 'werd', 'in', '2008', 'een', 'beheersplan', 'overeengekomen', 'met', 'de', 'Europese', 'Commissie', 'als', 'antwoord', 'op', 'de', 'toegenomen', 'houtkap', 'in', 'het', 'Natura', '2000-gebied', '.']	[0, 0, 0, 0, 0, 0, 0, 0, 0, 3, 4, 0, 0, 0, 0, 0, 0, 0, 0, 0, 0, 0]	nl	Vervolgens werd in 2008 een beheersplan overeengekomen met de Europese Commissie als antwoord op de toegenomen houtkap in het Natura 2000-gebied.
['De', '19', 'nummers', 'op', 'het', 'album', 'laten', 'de', 'grootste', 'diversiteit', 'horen', 'die', 'Golden', 'Earring', 'ooit', 'op', 'één', 'plaat', 'bijeenbracht', ',', 'van', 'poppyachtige', 'deuntjes', 'via', 'akoestische', 'ballads', 'tot', 'stevige', 'rock', '.']	[0, 0, 0, 0, 0, 0, 0, 0, 0, 0, 0, 0, 3, 4, 0, 0, 0, 0, 0, 0, 0, 0, 0, 0, 0, 0, 0, 0, 0, 0]	nl	De 19 nummers op het album laten de grootste diversiteit horen die Golden Earring ooit op één plaat bijeenbracht, van poppyachtige deuntjes via akoestische ballads tot stevige rock.
['De', 'rijbaan', 'richting', 'Delft', 'ging', 'als', 'eerste', 'open', ',', 'drie', 'dagen', 'later', 'volgde', 'de', 'rijbaan', 'richting', 'Schiedam', '.']	[0, 0, 0, 5, 0, 0, 0, 0, 0, 0, 0, 0, 0, 0, 0, 0, 5, 0]	nl	De rijbaan richting Delft ging als eerste open, drie dagen later volgde de rijbaan richting Schiedam.
['De', 'film', 'werd', 'geregisseerd', 'door', 'Alfred', 'Hitchcock', '.']	[0, 0, 0, 0, 0, 1, 2, 0]	nl	De film werd geregisseerd door Alfred Hitchcock.
['Op', 'Metacritic', 'heeft', 'de', 'film', 'een', 'score', 'van', '83', 'op', '100', ',', 'gebaseerd', 'op', '21', 'recensies', '.']	[0, 7, 0, 0, 0, 0, 0, 0, 0, 0, 0, 0, 0, 0, 0, 0, 0]	nl	Op Metacritic heeft de film een score van 83 op 100, gebaseerd op 21 recensies.
['Velen', 'trokken', 'oorspronkelijk', 'naar', 'West-Europa', 'om', 'daar', 'in', 'de', 'jaren', 'vijftig', 'als', 'mijnwerker', 'te', 'gaan', 'werken', ',', 'maar', 'tegenwoordig', 'exploiteren', 'zij', 'veelal', 'restaurants', 'en', 'koffiehuizen', '.']	[0, 0, 0, 0, 5, 0, 0, 0, 0, 0, 0, 0, 0, 0, 0, 0, 0, 0, 0, 0, 0, 0, 0, 0, 0, 0]	nl	Velen trokken oorspronkelijk naar West-Europa om daar in de jaren vijftig als mijnwerker te gaan werken, maar tegenwoordig exploiteren zij veelal restaurants en koffiehuizen.
['De', 'overheid', 'meent', 'dat', 'het', 'belang', 'van', 'transmissie', 'zo', 'groot', 'is', 'dat', 'TenneT', 'als', 'enige', 'verantwoordelijk', 'dient', 'te', 'worden', 'voor', 'het', 'beheer', 'van', 'het', 'hoogspanningsnet', ',', 'ofwel', 'alle', 'netten', 'van', '110', 'kV', '(', 'kilovolt', ')', 'en', 'hoger', '.']	[0, 0, 0, 0, 0, 0, 0, 0, 0, 0, 0, 0, 3, 0, 0, 0, 0, 0, 0, 0, 0, 0, 0, 0, 0, 0, 0, 0, 0, 0, 0, 0, 0, 0, 0, 0, 0, 0]	nl	De overheid meent dat het belang van transmissie zo groot is dat TenneT als enige verantwoordelijk dient te worden voor het beheer van het hoogspanningsnet, ofwel alle netten van 110 kV (kilovolt) en hoger.
['Marcus', 'Vipsanius', 'Agrippa', 'liet', 'in', '18', '-', '12', 'v', '.']	[1, 2, 2, 0, 0, 0, 0, 0, 0, 0]	nl	Marcus Vipsanius Agrippa liet in 18 - 12 v.
"['De', 'bewoonde', 'wereld', 'van', 'Rusland', 'werd', '(', 'en', 'wordt', ')', '""', 'materik', '""', 'genoemd', '.']"	[0, 0, 0, 0, 5, 0, 0, 0, 0, 0, 0, 0, 0, 0, 0]	nl	"De bewoonde wereld van Rusland werd (en wordt) ""materik"" genoemd."
['Hij', 'kwam', 'weinig', 'aan', 'spelen', 'toe', 'en', 'vertrok', 'in', '1992', 'naar', 'Hamburger', 'SV', ',', 'waar', 'hij', 'in', 'twee', 'seizoenen', 'bijna', 'alle', 'competitiewedstrijden', 'speelde', '.']	[0, 0, 0, 0, 0, 0, 0, 0, 0, 0, 0, 3, 4, 0, 0, 0, 0, 0, 0, 0, 0, 0, 0, 0]	nl	Hij kwam weinig aan spelen toe en vertrok in 1992 naar Hamburger SV, waar hij in twee seizoenen bijna alle competitiewedstrijden speelde.
['De', 'vrouwenwedstrijd', 'is', 'onderdeel', 'van', 'de', 'UCI', 'Road', 'Women', 'World', 'Cup', ',', 'de', 'officiële', 'wereldbeker', 'bij', 'het', 'dameswielrennen', '.']	[0, 0, 0, 0, 0, 0, 7, 8, 8, 8, 8, 0, 0, 0, 0, 0, 0, 0, 0]	nl	De vrouwenwedstrijd is onderdeel van de UCI Road Women World Cup, de officiële wereldbeker bij het dameswielrennen.
['Tijdens', 'het', 'seizoen', '2001', '/', '02', 'mocht', 'hij', 'voor', 'de', 'eerste', 'keer', 'meespelen', 'met', 'het', 'A-elftal', 'van', 'FC', 'Nantes', '.']	[0, 0, 0, 0, 0, 0, 0, 0, 0, 0, 0, 0, 0, 0, 0, 0, 0, 3, 4, 0]	nl	Tijdens het seizoen 2001 / 02 mocht hij voor de eerste keer meespelen met het A-elftal van FC Nantes.
['Aanvankelijk', 'woonden', 'ze', 'permanent', 'in', 'een', 'suite', 'in', 'het', 'Amstel', 'Hotel', '.']	[0, 0, 0, 0, 0, 0, 0, 0, 0, 5, 6, 0]	nl	Aanvankelijk woonden ze permanent in een suite in het Amstel Hotel.
['De', 'soort', 'komt', 'endemisch', 'voor', 'in', 'Costa', 'Rica', 'en', 'wordt', 'met', 'uitsterven', 'bedreigd', '.']	[0, 0, 0, 0, 0, 0, 5, 6, 0, 0, 0, 0, 0, 0]	nl	De soort komt endemisch voor in Costa Rica en wordt met uitsterven bedreigd.
['De', 'Grote', 'Nete', 'vormt', 'de', 'noordelijke', 'grens', 'van', 'de', 'gemeente', '.']	[0, 5, 6, 0, 0, 0, 0, 0, 0, 0, 0]	nl	De Grote Nete vormt de noordelijke grens van de gemeente.
['De', 'voormalige', 'burgemeester', 'zei', 'tijdens', 'een', 'bijeenkomst', 'dat', 'Lady', 'Gaga', 'waarschijnlijk', 'geen', 'ongepast', 'gedrag', 'zou', 'tonen', 'op', 'haar', 'concert', '.']	[0, 0, 0, 0, 0, 0, 0, 0, 1, 2, 0, 0, 0, 0, 0, 0, 0, 0, 0, 0]	nl	De voormalige burgemeester zei tijdens een bijeenkomst dat Lady Gaga waarschijnlijk geen ongepast gedrag zou tonen op haar concert.
['De', 'vogel', 'is', 'een', 'zeldzame', 'dwaalgast', 'op', 'onder', 'andere', 'de', 'Britse', 'Eilanden', '.']	[0, 0, 0, 0, 0, 0, 0, 0, 0, 0, 5, 6, 0]	nl	De vogel is een zeldzame dwaalgast op onder andere de Britse Eilanden.
['Het', 'evenement', 'staat', 'onder', 'auspiciën', 'van', 'het', 'Internationaal', 'Paralympisch', 'Comité', '.']	[0, 0, 0, 0, 0, 0, 0, 3, 4, 4, 0]	nl	Het evenement staat onder auspiciën van het Internationaal Paralympisch Comité.
"['Door', 'de', 'gewelddadige', 'scènes', 'kreeg', 'deze', 'anime', 'een', ""'"", '17', ""+'-"", 'rating', 'in', 'Japan', '.']"	[0, 0, 0, 0, 0, 0, 0, 0, 0, 0, 0, 0, 0, 5, 0]	nl	Door de gewelddadige scènes kreeg deze anime een '17 +'- rating in Japan.
"['Nadat', 'Immanuel', 'Kant', 'zijn', '""', 'Kritik', 'der', 'Urteilskraft', '""', 'had', 'geschreven', ',', 'specialiseerde', 'de', 'esthetica', 'zich', 'steeds', 'meer', 'in', 'kunst', 'en', 'werd', 'het', 'woord', 'een', 'synoniem', 'voor', 'kunstfilosofie', '.']"	[0, 1, 2, 0, 0, 7, 8, 8, 0, 0, 0, 0, 0, 0, 0, 0, 0, 0, 0, 0, 0, 0, 0, 0, 0, 0, 0, 0, 0]	nl	"Nadat Immanuel Kant zijn ""Kritik der Urteilskraft"" had geschreven, specialiseerde de esthetica zich steeds meer in kunst en werd het woord een synoniem voor kunstfilosofie."
['Sinds', 'de', 'Tweede', 'Wereldoorlog', 'was', 'de', 'nominale', 'prijs', 'van', 'olie', 'nauwelijks', 'gestegen', 'en', 'was', 'de', 'reële', 'prijs', 'door', 'de', 'inflatie', 'zelfs', 'gedaald', '.']	[0, 0, 7, 8, 0, 0, 0, 0, 0, 0, 0, 0, 0, 0, 0, 0, 0, 0, 0, 0, 0, 0, 0]	nl	Sinds de Tweede Wereldoorlog was de nominale prijs van olie nauwelijks gestegen en was de reële prijs door de inflatie zelfs gedaald.
['Het', 'prinsdom', 'was', 'geen', 'deel', 'van', 'Frankrijk', '.']	[0, 0, 0, 0, 0, 0, 5, 0]	nl	Het prinsdom was geen deel van Frankrijk.
['Onderzoekers', 'van', 'het', 'Vostokstation', 'verrichtten', 'één', 'van', 'werelds', 'grootste', 'ijsonderzoeken', 'in', '1998', '.']	[0, 0, 0, 5, 0, 0, 0, 0, 0, 0, 0, 0, 0]	nl	Onderzoekers van het Vostokstation verrichtten één van werelds grootste ijsonderzoeken in 1998.
['Op', '6', 'april', '1840', 'vertrok', 'de', 'expeditie', 'naar', 'de', 'Kerguelen', '.']	[0, 0, 0, 0, 0, 0, 0, 0, 0, 5, 0]	nl	Op 6 april 1840 vertrok de expeditie naar de Kerguelen.
['Hij', 'ging', 'spelen', 'voor', 'SSC', 'Napoli', 'dat', 'een', 'transfersom', 'van', '5,7', 'miljoen', 'euro', 'betaalde', '.']	[0, 0, 0, 0, 3, 4, 0, 0, 0, 0, 0, 0, 0, 0, 0]	nl	Hij ging spelen voor SSC Napoli dat een transfersom van 5,7 miljoen euro betaalde.
['Onder', 'de', 'bekende', '(', 'oud', '-', ')', 'docenten', 'zijn', 'de', 'Nobelprijswinnaars', 'Kurt', 'Alder', 'en', 'Peter', 'Grünberg', '.']	[0, 0, 0, 0, 0, 0, 0, 0, 0, 0, 0, 1, 2, 0, 1, 2, 0]	nl	Onder de bekende (oud -) docenten zijn de Nobelprijswinnaars Kurt Alder en Peter Grünberg.
['In', 'zaal', 'I', 'bevinden', 'zich', 'voorwerpen', 'uit', 'de', 'voormalige', 'kastelen', 'van', 'Boeda', 'en', 'Visegrád', '.']	[0, 0, 0, 0, 0, 0, 0, 0, 0, 0, 0, 5, 0, 5, 0]	nl	In zaal I bevinden zich voorwerpen uit de voormalige kastelen van Boeda en Visegrád.
['Daarnaast', 'maakte', 'zij', 'illustraties', ',', 'aanvankelijk', 'in', 'een', 'stijl', 'die', 'rechtstreeks', 'aan', 'Aubrey', 'Beardsley', 'was', 'ontleend', ',', 'later', 'in', 'een', 'meer', 'eigen', 'vorm', '.']	[0, 0, 0, 0, 0, 0, 0, 0, 0, 0, 0, 0, 1, 2, 0, 0, 0, 0, 0, 0, 0, 0, 0, 0]	nl	Daarnaast maakte zij illustraties, aanvankelijk in een stijl die rechtstreeks aan Aubrey Beardsley was ontleend, later in een meer eigen vorm.
['Ze', 'speelde', 'daarin', 'onder', 'andere', 'samen', 'met', 'Hugh', 'Grant', 'en', 'Elle', 'Macpherson', '.']	[0, 0, 0, 0, 0, 0, 0, 1, 2, 0, 1, 2, 0]	nl	Ze speelde daarin onder andere samen met Hugh Grant en Elle Macpherson.
['Dit', 'verraadt', 'ook', 'een', 'zekere', 'bewondering', 'voor', 'de', 'ingenieurskunst', 'van', 'Gustave', 'Eiffel', '.']	[0, 0, 0, 0, 0, 0, 0, 0, 0, 0, 1, 2, 0]	nl	Dit verraadt ook een zekere bewondering voor de ingenieurskunst van Gustave Eiffel.
['De', 'treinen', 'worden', 'door', 'de', 'Deutsche', 'Bahn', 'op', 'de', 'volgende', 'trajecten', 'ingezet', '.']	[0, 0, 0, 0, 0, 3, 4, 0, 0, 0, 0, 0, 0]	nl	De treinen worden door de Deutsche Bahn op de volgende trajecten ingezet.
['Boven', 'de', 'grond', 'bevat', 'het', 'park', 'de', 'grootst', 'overblijvende', 'natuurlijk', 'gemengde', 'grasprairie', 'in', 'de', 'Verenigde', 'Staten', '.']	[0, 0, 0, 0, 0, 0, 0, 0, 0, 0, 0, 0, 0, 0, 5, 6, 0]	nl	Boven de grond bevat het park de grootst overblijvende natuurlijk gemengde grasprairie in de Verenigde Staten.
['Oscar', 'Wilde', 'was', 'de', 'woordvoerder', 'en', 'tevens', 'in', 'zijn', 'flamboyante', 'leven', 'het', 'vlaggenschip', 'van', 'het', 'estheticisme', '.']	[1, 2, 0, 0, 0, 0, 0, 0, 0, 0, 0, 0, 0, 0, 0, 0, 0]	nl	Oscar Wilde was de woordvoerder en tevens in zijn flamboyante leven het vlaggenschip van het estheticisme.
"['De', 'stad', 'is', 'oorspronkelijk', 'vernoemd', 'naar', 'de', '""', 'Calicotome', 'spinosa', '""', ',', 'een', 'doornstruik', 'die', 'slechts', 'in', 'bepaalde', 'landen', 'rondom', 'de', 'Middellandse', 'Zee', 'groeit', '.']"	[0, 0, 0, 0, 0, 0, 0, 0, 0, 0, 0, 0, 0, 0, 0, 0, 0, 0, 0, 0, 0, 5, 6, 0, 0]	nl	"De stad is oorspronkelijk vernoemd naar de ""Calicotome spinosa"", een doornstruik die slechts in bepaalde landen rondom de Middellandse Zee groeit."
"['Pas', 'na', 'de', 'dood', 'van', 'Salomo', 'zou', 'dit', ""'"", 'verenigd', 'koninkrijk', ""'"", 'uiteen', 'zijn', 'gevallen', '.']"	[0, 0, 0, 0, 0, 1, 0, 0, 0, 0, 0, 0, 0, 0, 0, 0]	nl	Pas na de dood van Salomo zou dit 'verenigd koninkrijk' uiteen zijn gevallen.
['Om', 'de', 'witte', 'substantie', 'te', 'kleuren', ',', 'werd', 'door', 'de', 'fabrikanten', 'aangeklopt', 'bij', 'Lodewijk', 'van', 'der', 'Grinten', ',', 'die', 'enige', 'jaren', 'daarvoor', 'het', 'boterkleursel', 'had', 'uitgevonden', '.']	[0, 0, 0, 0, 0, 0, 0, 0, 0, 0, 0, 0, 0, 1, 2, 2, 2, 0, 0, 0, 0, 0, 0, 0, 0, 0, 0]	nl	Om de witte substantie te kleuren, werd door de fabrikanten aangeklopt bij Lodewijk van der Grinten, die enige jaren daarvoor het boterkleursel had uitgevonden.
"['Bij', 'het', 'uitbreken', 'van', 'de', 'Tweede', 'Wereldoorlog', 'was', 'de', 'vloot', 'met', ""zo'n"", '30', '%', 'ingekrompen', '.']"	[0, 0, 0, 0, 0, 7, 8, 0, 0, 0, 0, 0, 0, 0, 0, 0]	nl	Bij het uitbreken van de Tweede Wereldoorlog was de vloot met zo'n 30% ingekrompen.
['Hij', 'ging', 'in', 'Lissabon', 'wonen', 'en', 'verhuisde', 'vervolgens', 'naar', 'Parijs', '.']	[0, 0, 0, 5, 0, 0, 0, 0, 0, 5, 0]	nl	Hij ging in Lissabon wonen en verhuisde vervolgens naar Parijs.
['In', 'mei', '2010', 'kaapte', 'VVV-Venlo', 'hem', 'voor', 'de', 'neus', 'van', 'N.E.C.', 'weg', 'bij', 'MVV', 'Maastricht', '.']	[0, 0, 0, 0, 3, 0, 0, 0, 0, 0, 3, 0, 0, 3, 4, 0]	nl	In mei 2010 kaapte VVV-Venlo hem voor de neus van N.E.C. weg bij MVV Maastricht.
['Nadat', 'Juan', 'Perón', 'tot', 'president', 'was', 'verkozen', 'kreeg', 'zijn', 'vrouw', 'langzaam', 'maar', 'zeker', 'een', 'prominentere', 'politieke', 'rol', 'in', 'zijn', 'regering', 'tot', 'ze', 'op', 'een', 'gegeven', 'moment', 'meer', 'te', 'zeggen', 'had', 'dan', 'de', 'vicepresident', '.']	[0, 1, 2, 0, 0, 0, 0, 0, 0, 0, 0, 0, 0, 0, 0, 0, 0, 0, 0, 0, 0, 0, 0, 0, 0, 0, 0, 0, 0, 0, 0, 0, 0, 0]	nl	Nadat Juan Perón tot president was verkozen kreeg zijn vrouw langzaam maar zeker een prominentere politieke rol in zijn regering tot ze op een gegeven moment meer te zeggen had dan de vicepresident.
['Hij', 'viel', 'in', 'die', 'wedstrijd', 'na', '85', 'minuten', 'in', 'voor', 'Javier', 'Restrepo', '.']	[0, 0, 0, 0, 0, 0, 0, 0, 0, 0, 1, 2, 0]	nl	Hij viel in die wedstrijd na 85 minuten in voor Javier Restrepo.
['Toen', 'hij', 'omstreeks', '1416', 'stierf', ',', 'was', 'het', 'gezag', 'van', 'de', 'Engelse', 'koning', 'over', 'Wales', 'stevig', 'gevestigd', '.']	[0, 0, 0, 0, 0, 0, 0, 0, 0, 0, 0, 0, 0, 0, 5, 0, 0, 0]	nl	Toen hij omstreeks 1416 stierf, was het gezag van de Engelse koning over Wales stevig gevestigd.
['Binnen', 'de', 'Europese', 'Unie', 'heeft', 'Curaçao', 'de', 'status', 'van', 'landen', 'en', 'gebieden', 'overzee', '(', 'LGO', ')', '.']	[0, 0, 3, 4, 0, 5, 0, 0, 0, 0, 0, 0, 0, 0, 0, 0, 0]	nl	Binnen de Europese Unie heeft Curaçao de status van landen en gebieden overzee (LGO).
['Aan', 'de', 'kant', 'van', 'het', 'Forum', 'Romanum', 'werd', 'in', '78', 'v', '.']	[0, 0, 0, 0, 0, 5, 6, 0, 0, 0, 0, 0]	nl	Aan de kant van het Forum Romanum werd in 78 v.
"['Samen', 'maakten', 'ze', 'de', 'film', '""', 'The', 'Spy', 'in', 'Black', '""', '(', '1939', ')', ',', 'waarna', 'ze', 'officieel', 'hun', 'samenwerking', 'begonnen', '.']"	[0, 0, 0, 0, 0, 0, 7, 8, 8, 8, 0, 0, 0, 0, 0, 0, 0, 0, 0, 0, 0, 0]	nl	"Samen maakten ze de film ""The Spy in Black"" (1939), waarna ze officieel hun samenwerking begonnen."
['De', 'film', 'werd', 'geheel', 'opgenomen', 'in', 'Bangkok', ',', 'waar', 'hij', 'zich', 'ook', 'afspeelt', '.']	[0, 0, 0, 0, 0, 0, 5, 0, 0, 0, 0, 0, 0, 0]	nl	De film werd geheel opgenomen in Bangkok, waar hij zich ook afspeelt.
['In', 'januari', '2012', 'werd', 'de', 'middenvelder', 'overgenomen', 'door', 'FK', 'Rad', '.']	[0, 0, 0, 0, 0, 0, 0, 0, 3, 4, 0]	nl	In januari 2012 werd de middenvelder overgenomen door FK Rad.
['Deze', 'wedstrijd', 'eindigde', 'in', '3', '-', '0', 'dankzij', 'goals', 'van', 'Nick', 'Barmby', '(', '2', ')', 'en', 'Paul', 'Gascoigne', '.']	[0, 0, 0, 0, 0, 0, 0, 0, 0, 0, 1, 2, 0, 0, 0, 0, 1, 2, 0]	nl	Deze wedstrijd eindigde in 3 - 0 dankzij goals van Nick Barmby (2) en Paul Gascoigne.
['Van', 'de', 'veertien', 'gespeelde', 'kwalificatiewedstrijden', 'kreeg', 'hij', 'van', 'bondscoach', 'Pim', 'Verbeek', 'in', 'twaalf', 'wedstrijden', 'speelminuten', '.']	[0, 0, 0, 0, 0, 0, 0, 0, 0, 1, 2, 0, 0, 0, 0, 0]	nl	Van de veertien gespeelde kwalificatiewedstrijden kreeg hij van bondscoach Pim Verbeek in twaalf wedstrijden speelminuten.
['Van', 'meer', 'dan', '150.000', 'inwoners', 'viel', 'het', 'na', 'de', 'Eerste', 'Wereldoorlog', 'terug', 'tot', 'minder', 'dan', '100.000', 'inwoners', '.']	[0, 0, 0, 0, 0, 0, 0, 0, 0, 7, 8, 0, 0, 0, 0, 0, 0, 0]	nl	Van meer dan 150.000 inwoners viel het na de Eerste Wereldoorlog terug tot minder dan 100.000 inwoners.
['Hij', 'stroomde', 'in', '2014', 'door', 'vanuit', 'de', 'jeugd', 'van', 'Atlético', 'Madrid', '.']	[0, 0, 0, 0, 0, 0, 0, 0, 0, 3, 4, 0]	nl	Hij stroomde in 2014 door vanuit de jeugd van Atlético Madrid.
"['Hij', 'werd', 'gedwongen', 'naar', 'de', 'Verenigde', 'Staten', 'te', 'gaan', 'om', 'zo', 'af', 'te', 'kicken', 'en', ""z'n"", 'leven', 'terug', 'op', 'de', 'rails', 'te', 'krijgen', '.']"	[0, 0, 0, 0, 0, 5, 6, 0, 0, 0, 0, 0, 0, 0, 0, 0, 0, 0, 0, 0, 0, 0, 0, 0]	nl	Hij werd gedwongen naar de Verenigde Staten te gaan om zo af te kicken en z'n leven terug op de rails te krijgen.
['Zij', 'kwamen', 'als', 'vluchteling', 'terecht', 'op', 'de', 'Westelijke', 'Jordaanoever', 'en', 'in', 'Transjordanië', '.']	[0, 0, 0, 0, 0, 0, 0, 5, 6, 0, 0, 5, 0]	nl	Zij kwamen als vluchteling terecht op de Westelijke Jordaanoever en in Transjordanië.
"['De', 'dam', 'ligt', 'op', 'zo’n', '670', '""', 'kilometer', 'van', 'de', 'monding', 'van', 'de', 'rivier', 'in', 'de', 'Perzische', 'Golf', '.']"	[0, 0, 0, 0, 0, 0, 0, 0, 0, 0, 0, 0, 0, 0, 0, 0, 5, 6, 0]	nl	"De dam ligt op zo’n 670 ""kilometer van de monding van de rivier in de Perzische Golf."
['Acht', 'jaar', 'later', 'werd', 'hij', 'gekozen', 'tot', 'gouverneur', 'van', 'Minnesota', '.']	[0, 0, 0, 0, 0, 0, 0, 0, 0, 5, 0]	nl	Acht jaar later werd hij gekozen tot gouverneur van Minnesota.
['Dit', 'alles', 'veranderde', 'na', 'de', 'komst', 'van', 'de', 'Vierde', 'Kruistocht', ',', 'die', 'een', 'economische', 'ramp', 'was', '.']	[0, 0, 0, 0, 0, 0, 0, 0, 7, 8, 0, 0, 0, 0, 0, 0, 0]	nl	Dit alles veranderde na de komst van de Vierde Kruistocht, die een economische ramp was.
['Daarvoor', 'was', 'hij', 'reeds', 'locoburgemeester', 'van', 'Võru', 'geweest', '(', '1992', '-', '1993', ')', '.']	[0, 0, 0, 0, 0, 0, 5, 0, 0, 0, 0, 0, 0, 0]	nl	Daarvoor was hij reeds locoburgemeester van Võru geweest (1992 - 1993).
['Groepen', 'inwoners', 'van', 'zowel', 'Holten', 'als', 'Rijssen', 'waren', 'tegen', 'de', 'fusie', '.']	[0, 0, 0, 0, 5, 0, 5, 0, 0, 0, 0, 0]	nl	Groepen inwoners van zowel Holten als Rijssen waren tegen de fusie.
['De', 'wetenschappelijke', 'naam', 'van', 'de', 'soort', 'werd', 'voor', 'het', 'eerst', 'voorgesteld', 'door', 'Henri', 'Milne-Edwards', 'in', '1829', '.']	[0, 0, 0, 0, 0, 0, 0, 0, 0, 0, 0, 0, 1, 2, 0, 0, 0]	nl	De wetenschappelijke naam van de soort werd voor het eerst voorgesteld door Henri Milne-Edwards in 1829.
['Humphrey', 'Bogart', 'en', 'Lizabeth', 'Scott', 'hebben', 'de', 'hoofdrollen', 'in', 'de', 'film', '.']	[1, 2, 0, 1, 2, 0, 0, 0, 0, 0, 0, 0]	nl	Humphrey Bogart en Lizabeth Scott hebben de hoofdrollen in de film.
['De', 'hoofdstad', 'is', 'Port-au-Prince', '.']	[0, 0, 0, 5, 0]	nl	De hoofdstad is Port-au-Prince.
['De', 'provincie', 'ligt', 'op', 'ongeveer', '828', 'kilometer', 'van', 'Bangkok', '.']	[0, 0, 0, 0, 0, 0, 0, 0, 5, 0]	nl	De provincie ligt op ongeveer 828 kilometer van Bangkok.
['Bij', 'een', 'vermoeden', 'van', 'een', 'strafbaar', 'feit', 'kan', 'hij', 'door', 'het', 'Openbaar', 'Ministerie', 'vervolgd', 'worden', 'en', 'moet', ',', 'wanneer', 'het', 'Openbaar', 'Ministerie', 'dat', 'beslist', ',', 'als', 'verdachte', 'voor', 'de', 'rechter', 'verschijnen', '.']	[0, 0, 0, 0, 0, 0, 0, 0, 0, 0, 0, 3, 4, 0, 0, 0, 0, 0, 0, 0, 3, 4, 0, 0, 0, 0, 0, 0, 0, 0, 0, 0]	nl	Bij een vermoeden van een strafbaar feit kan hij door het Openbaar Ministerie vervolgd worden en moet, wanneer het Openbaar Ministerie dat beslist, als verdachte voor de rechter verschijnen.
['Op', '24', 'november', '2016', 'nam', 'hij', 'ontslag', ',', 'nadat', 'hij', 'met', 'de', 'club', 'degradeerde', 'naar', 'de', 'Superettan', 'en', 'zijn', 'zoon', ',', 'na', 'afloop', 'van', 'de', 'laatste', 'wedstrijd', ',', 'door', 'hooligans', 'werd', 'aangevallen', '.']	[0, 0, 0, 0, 0, 0, 0, 0, 0, 0, 0, 0, 0, 0, 0, 0, 3, 0, 0, 0, 0, 0, 0, 0, 0, 0, 0, 0, 0, 0, 0, 0, 0]	nl	Op 24 november 2016 nam hij ontslag, nadat hij met de club degradeerde naar de Superettan en zijn zoon, na afloop van de laatste wedstrijd, door hooligans werd aangevallen.
"['Hij', 'werkte', 'bij', 'de', 'VARA', ',', 'waar', 'hij', 'onder', 'meer', '""', 'Betonuur', '""', '(', '1974', '-', '1982', ')', 'maakte', '.']"	[0, 0, 0, 0, 3, 0, 0, 0, 0, 0, 0, 7, 0, 0, 0, 0, 0, 0, 0, 0]	nl	"Hij werkte bij de VARA, waar hij onder meer ""Betonuur"" (1974 - 1982) maakte."
['De', 'verfijning', 'die', 'ze', 'daarbij', 'voor', 'ogen', 'hadden', ',', 'vonden', 'ze', 'in', 'het', 'werk', 'van', 'Francesco', 'Petrarca', '.']	[0, 0, 0, 0, 0, 0, 0, 0, 0, 0, 0, 0, 0, 0, 0, 1, 2, 0]	nl	De verfijning die ze daarbij voor ogen hadden, vonden ze in het werk van Francesco Petrarca.
['Ze', 'werd', 'voor', 'het', 'eerst', 'bekend', 'door', 'haar', 'vriendschap', 'met', 'socialite', 'Paris', 'Hilton', '.']	[0, 0, 0, 0, 0, 0, 0, 0, 0, 0, 0, 1, 2, 0]	nl	Ze werd voor het eerst bekend door haar vriendschap met socialite Paris Hilton.
['Bij', 'de', 'Roebelcrisis', 'van', '1998', 'wist', 'hij', 'bijvoorbeeld', 'zijn', 'premier', 'Viktor', 'Tsjernomyrdin', 'niet', 'langer', 'staande', 'te', 'houden', 'en', 'moest', 'instemmen', 'met', 'de', 'aanstelling', 'van', 'Jevgeni', 'Primakov', '.']	[0, 0, 7, 0, 0, 0, 0, 0, 0, 0, 1, 2, 0, 0, 0, 0, 0, 0, 0, 0, 0, 0, 0, 0, 1, 2, 0]	nl	Bij de Roebelcrisis van 1998 wist hij bijvoorbeeld zijn premier Viktor Tsjernomyrdin niet langer staande te houden en moest instemmen met de aanstelling van Jevgeni Primakov.
['De', 'tuinen', ',', 'Jardin', 'du', 'Luxembourg', ',', 'van', 'het', 'Palais', 'du', 'Luxembourg', 'zijn', 'opengesteld', 'voor', 'het', 'publiek', '.']	[0, 0, 0, 5, 6, 6, 0, 0, 0, 5, 6, 6, 0, 0, 0, 0, 0, 0]	nl	De tuinen, Jardin du Luxembourg, van het Palais du Luxembourg zijn opengesteld voor het publiek.
['Ten', 'tweede', 'moest', 'hij', 'Japan', 'helpen', 'een', 'democratie', 'te', 'worden', '.']	[0, 0, 0, 0, 5, 0, 0, 0, 0, 0, 0]	nl	Ten tweede moest hij Japan helpen een democratie te worden.
['De', 'vlakte', 'is', 'een', 'doline', ',', 'die', 'wordt', 'ontwaterd', 'door', 'het', 'in', 'westelijke', 'richting', 'werkende', 'systeem', 'van', 'de', 'rivier', 'de', 'Shkumbin', '.']	[0, 0, 0, 0, 0, 0, 0, 0, 0, 0, 0, 0, 0, 0, 0, 0, 0, 0, 0, 0, 5, 0]	nl	De vlakte is een doline, die wordt ontwaterd door het in westelijke richting werkende systeem van de rivier de Shkumbin.
['Het', 'is', 'in', 'België', 'en', 'Nederland', 'na', 'de', 'zeer', 'zeldzame', 'gewone', 'bronlibel', 'de', 'grootste', 'libel', '.']	[0, 0, 0, 5, 0, 5, 0, 0, 0, 0, 0, 0, 0, 0, 0, 0]	nl	Het is in België en Nederland na de zeer zeldzame gewone bronlibel de grootste libel.
['Dit', 'deel', 'wordt', 'in', 'eerste', 'instantie', 'uitgegeven', 'voor', 'PlayStation', '2', ',', 'pc', 'en', 'Xbox', '.']	[0, 0, 0, 0, 0, 0, 0, 0, 7, 8, 0, 0, 0, 7, 0]	nl	Dit deel wordt in eerste instantie uitgegeven voor PlayStation 2, pc en Xbox.
['Na', 'de', 'Tweede', 'Wereldoorlog', 'verlieten', 'steeds', 'meer', 'blanke', 'middenklassegezinnen', 'de', 'dicht', 'bebouwde', 'stad', '.']	[0, 0, 7, 8, 0, 0, 0, 0, 0, 0, 0, 0, 0, 0]	nl	Na de Tweede Wereldoorlog verlieten steeds meer blanke middenklassegezinnen de dicht bebouwde stad.
['Hij', 'is', 'de', 'oudere', 'broer', 'van', 'voormalig', 'Oranje-international', 'Jimmy', 'Floyd', 'Hasselbaink', 'en', 'de', 'oom', 'van', 'Nigel', 'Hasselbaink', '.']	[0, 0, 0, 0, 0, 0, 0, 0, 1, 2, 2, 0, 0, 0, 0, 1, 2, 0]	nl	Hij is de oudere broer van voormalig Oranje-international Jimmy Floyd Hasselbaink en de oom van Nigel Hasselbaink.
['Hier', 'rondde', 'hij', 'de', 'laatste', 'zaken', 'af', 'om', 'de', 'Andes', 'over', 'te', 'kunnen', 'steken', '.']	[0, 0, 0, 0, 0, 0, 0, 0, 0, 5, 0, 0, 0, 0, 0]	nl	Hier rondde hij de laatste zaken af om de Andes over te kunnen steken.
['Zijn', 'vicepresident', 'was', 'John', 'Dramani', 'Mahama', '.']	[0, 0, 0, 1, 2, 2, 0]	nl	Zijn vicepresident was John Dramani Mahama.
['Enkele', 'jaren', 'later', 'verloor', 'hij', 'het', 'record', 'aan', 'Antoni', 'van', 'Leeuwenhoek', ',', 'die', 'een', 'microscoop', 'maakte', 'die', 'tot', 'ongeveer', '480x', 'kon', 'vergroten', '.']	[0, 0, 0, 0, 0, 0, 0, 0, 1, 2, 2, 0, 0, 0, 0, 0, 0, 0, 0, 0, 0, 0, 0]	nl	Enkele jaren later verloor hij het record aan Antoni van Leeuwenhoek, die een microscoop maakte die tot ongeveer 480x kon vergroten.
['In', 'het', 'Kroatisch', 'zijn', 'drie', 'dialectgroepen', ':', 'het', 'Štokavisch', '(', 'de', 'standaardtaal', ')', ',', 'Kajkavisch', 'en', 'Čakavisch', '.']	[0, 0, 7, 0, 0, 0, 0, 0, 7, 0, 0, 0, 0, 0, 7, 0, 7, 0]	nl	In het Kroatisch zijn drie dialectgroepen: het Štokavisch (de standaardtaal), Kajkavisch en Čakavisch.
['In', 'de', 'jaren', '60', 'wordt', 'het', 'industrieterrein', 'Schurhoven', 'ontwikkeld', '.']	[0, 0, 0, 0, 0, 0, 0, 5, 0, 0]	nl	In de jaren 60 wordt het industrieterrein Schurhoven ontwikkeld.
['In', 'Noord-Amerika', 'worden', 'ze', 'in', 'de', 'winter', 'tot', 'aan', 'Californië', 'toe', 'aangetroffen', '.']	[0, 5, 0, 0, 0, 0, 0, 0, 0, 5, 0, 0, 0]	nl	In Noord-Amerika worden ze in de winter tot aan Californië toe aangetroffen.
['Het', 'adopteren', 'van', 'kinderen', 'was', 'normaal', 'in', 'India', 'wanneer', 'er', 'geen', 'biologische', 'erfgenamen', 'waren', '.']	[0, 0, 0, 0, 0, 0, 0, 5, 0, 0, 0, 0, 0, 0, 0]	nl	Het adopteren van kinderen was normaal in India wanneer er geen biologische erfgenamen waren.
"['Het', 'land', 'telt', 'ruim', '391.000', 'inwoners', 'op', 'een', 'oppervlakte', 'van', '13.878', '""', 'km', '²', '(', 'vergelijkbaar', 'met', 'de', 'oppervlakte', 'van', 'het', 'Vlaams', 'Gewest', ')', '.']"	[0, 0, 0, 0, 0, 0, 0, 0, 0, 0, 0, 0, 0, 0, 0, 0, 0, 0, 0, 0, 0, 5, 6, 0, 0]	nl	"Het land telt ruim 391.000 inwoners op een oppervlakte van 13.878 ""km ² (vergelijkbaar met de oppervlakte van het Vlaams Gewest)."
['Na', 'de', 'dood', 'van', 'Eukratides', 'I', 'brak', 'een', 'periode', 'aan', 'van', 'interne', 'problemen', '.']	[0, 0, 0, 0, 1, 2, 0, 0, 0, 0, 0, 0, 0, 0]	nl	Na de dood van Eukratides I brak een periode aan van interne problemen.
"['""', 'Astroboy', '""', 'is', 'nog', 'steeds', 'internationaal', 'bekend', '.']"	[0, 7, 0, 0, 0, 0, 0, 0, 0]	nl	"""Astroboy"" is nog steeds internationaal bekend."
['Samen', 'met', 'Nicky', 'Hofs', 'was', 'hij', 'verantwoordelijk', 'voor', 'de', 'doelpunten', 'aan', 'Nederlandse', 'zijde', 'waardoor', 'er', 'een', 'verlenging', 'werd', 'afgedwongen', '.']	[0, 0, 1, 2, 0, 0, 0, 0, 0, 0, 0, 7, 0, 0, 0, 0, 0, 0, 0, 0]	nl	Samen met Nicky Hofs was hij verantwoordelijk voor de doelpunten aan Nederlandse zijde waardoor er een verlenging werd afgedwongen.
['Max', 'Holloway', 'sloeg', 'hem', 'in', 'juni', '2017', 'in', 'de', 'derde', 'ronde', 'van', 'hun', 'gevecht', 'TKO', '.']	[1, 2, 0, 0, 0, 0, 0, 0, 0, 0, 0, 0, 0, 0, 0, 0]	nl	Max Holloway sloeg hem in juni 2017 in de derde ronde van hun gevecht TKO.
"['In', 'september', 'kwam', 'haar', 'single', ""'"", 'If', 'I', 'Go', ""'"", 'uit', 'met', 'als', 'videoclip', 'de', 'livebeelden', 'van', 'haar', 'concert', 'in', 'de', 'GelreDome', 'in', '2008', '.']"	[0, 0, 0, 0, 0, 0, 7, 8, 8, 0, 0, 0, 0, 0, 0, 0, 0, 0, 0, 0, 0, 5, 0, 0, 0]	nl	In september kwam haar single 'If I Go' uit met als videoclip de livebeelden van haar concert in de GelreDome in 2008.
['De', 'evangeliën', 'zijn', 'de', 'eerste', 'vier', 'boeken', ':', 'het', 'Evangelie', 'volgens', 'Matteüs', '(', 'circa', '75', '-', '90', 'n', '.']	[0, 0, 0, 0, 0, 0, 0, 0, 0, 7, 8, 8, 0, 0, 0, 0, 0, 0, 0]	nl	De evangeliën zijn de eerste vier boeken: het Evangelie volgens Matteüs (circa 75 - 90 n.
['In', '1865', 'startte', 'het', 'kanaliseren', 'van', 'de', 'rivieren', 'en', 'het', 'graven', 'van', 'beken', 'zoals', 'de', 'Lossing', '.']	[0, 0, 0, 0, 0, 0, 0, 0, 0, 0, 0, 0, 0, 0, 0, 5, 0]	nl	In 1865 startte het kanaliseren van de rivieren en het graven van beken zoals de Lossing.
['De', 'wetenschappelijke', 'naam', 'van', 'de', 'soort', 'werd', 'voor', 'het', 'eerst', 'geldig', 'gepubliceerd', 'door', 'Theodor', 'von', 'Heuglin', 'in', '1861', '.']	[0, 0, 0, 0, 0, 0, 0, 0, 0, 0, 0, 0, 0, 1, 2, 2, 0, 0, 0]	nl	De wetenschappelijke naam van de soort werd voor het eerst geldig gepubliceerd door Theodor von Heuglin in 1861.
['Met', 'haar', 'lengte', 'van', '1515', 'km', 'verzorgt', 'de', 'rivier', 'de', 'afwatering', 'van', 'het', 'grootste', 'deel', 'van', 'de', 'zuidkant', 'van', 'de', 'Grote', 'Kaukasus', '.']	[0, 0, 0, 0, 0, 0, 0, 0, 0, 0, 0, 0, 0, 0, 0, 0, 0, 0, 0, 0, 5, 6, 0]	nl	Met haar lengte van 1515 km verzorgt de rivier de afwatering van het grootste deel van de zuidkant van de Grote Kaukasus.
['Tevens', 'nodigde', 'Arganthonios', 'hen', 'en', 'hun', 'landgenoten', 'uit', 'om', 'terug', 'te', 'komen', 'om', 'zich', 'in', 'zijn', 'rijk', 'te', 'vestigen', '.']	[0, 0, 1, 0, 0, 0, 0, 0, 0, 0, 0, 0, 0, 0, 0, 0, 0, 0, 0, 0]	nl	Tevens nodigde Arganthonios hen en hun landgenoten uit om terug te komen om zich in zijn rijk te vestigen.
['De', 'heuvel', 'is', 'parkachtig', 'ingericht', ';', 'op', 'veel', 'plaatsen', 'staan', 'monumenten', 'van', 'prominente', 'geleerden', 'uit', 'het', 'verleden', ',', 'waaronder', 'Karl', 'Ernst', 'von', 'Baer', ',', 'de', 'vader', 'van', 'de', 'embryologie', '.']	[0, 0, 0, 0, 0, 0, 0, 0, 0, 0, 0, 0, 0, 0, 0, 0, 0, 0, 0, 1, 2, 2, 2, 0, 0, 0, 0, 0, 0, 0]	nl	De heuvel is parkachtig ingericht; op veel plaatsen staan monumenten van prominente geleerden uit het verleden, waaronder Karl Ernst von Baer, de vader van de embryologie.
['In', 'de', 'jaren', 'zeventig', 'is', 'men', 'hiervan', 'afgestapt', 'in', 'verband', 'met', 'kostenbesparing', ',', 'opgelegd', 'door', 'het', 'Ministerie', 'van', 'Verkeer', 'en', 'Waterstaat', '.']	[0, 0, 0, 0, 0, 0, 0, 0, 0, 0, 0, 0, 0, 0, 0, 0, 3, 4, 4, 4, 4, 0]	nl	In de jaren zeventig is men hiervan afgestapt in verband met kostenbesparing, opgelegd door het Ministerie van Verkeer en Waterstaat.
['Op', 'de', 'wereldkampioenschappen', 'freestyleskiën', '1993', 'in', 'Altenmarkt', 'im', 'Pongau', 'eindigde', 'hij', 'als', 'elfde', 'op', 'het', 'onderdeel', 'moguls', '.']	[0, 0, 0, 0, 0, 0, 5, 6, 6, 0, 0, 0, 0, 0, 0, 0, 0, 0]	nl	Op de wereldkampioenschappen freestyleskiën 1993 in Altenmarkt im Pongau eindigde hij als elfde op het onderdeel moguls.
['In', 'de', 'Verenigde', 'Staten', 'was', 'deze', 'release', 'drie', 'dagen', 'eerder', '.']	[0, 0, 5, 6, 0, 0, 0, 0, 0, 0, 0]	nl	In de Verenigde Staten was deze release drie dagen eerder.
['De', 'film', 'werd', 'geregisseerd', 'door', 'Erik', 'Van', 'Looy', 'en', 'was', 'meteen', 'zijn', 'eerste', 'langspeelfilm', '.']	[0, 0, 0, 0, 0, 1, 2, 2, 0, 0, 0, 0, 0, 0, 0]	nl	De film werd geregisseerd door Erik Van Looy en was meteen zijn eerste langspeelfilm.
['Vergeleken', 'met', 'programmeren', 'in', 'hogere', 'talen', 'zoals', 'C', '++', 'en', 'Java', ',', 'waarmee', 'beginners', 'al', 'snel', 'een', 'eenvoudig', 'programmaatje', 'kunnen', 'schrijven', ',', 'is', 'programmeren', 'in', 'assembly', 'veel', 'moeilijker', 'en', 'niet', 'weggelegd', 'voor', 'beginnende', 'programmeurs', '.']	[0, 0, 0, 0, 0, 0, 0, 7, 8, 0, 7, 0, 0, 0, 0, 0, 0, 0, 0, 0, 0, 0, 0, 0, 0, 0, 0, 0, 0, 0, 0, 0, 0, 0, 0]	nl	Vergeleken met programmeren in hogere talen zoals C ++ en Java, waarmee beginners al snel een eenvoudig programmaatje kunnen schrijven, is programmeren in assembly veel moeilijker en niet weggelegd voor beginnende programmeurs.
['De', 'berg', 'heeft', 'een', 'hoogte', 'van', '988', 'meter', 'en', 'is', 'gelegen', 'in', 'het', 'Zwarte', 'Woud', '.']	[0, 0, 0, 0, 0, 0, 0, 0, 0, 0, 0, 0, 0, 5, 6, 0]	nl	De berg heeft een hoogte van 988 meter en is gelegen in het Zwarte Woud.
['Eugène', 'Ysaÿe', 'behoorde', 'tot', 'zijn', 'leerlingen', '.']	[1, 2, 0, 0, 0, 0, 0]	nl	Eugène Ysaÿe behoorde tot zijn leerlingen.
['In', 'de', 'finale', 'van', 'de', '200', 'meter', 'vlinderslag', 'mannen', 'tikte', 'hij', 'vijf', 'honderdsten', 'eerder', 'aan', 'dan', 'Michael', 'Phelps', 'en', 'won', 'hij', 'zijn', 'eerste', 'olympische', 'titel', '.']	[0, 0, 0, 0, 0, 0, 0, 0, 0, 0, 0, 0, 0, 0, 0, 0, 1, 2, 0, 0, 0, 0, 0, 0, 0, 0]	nl	In de finale van de 200 meter vlinderslag mannen tikte hij vijf honderdsten eerder aan dan Michael Phelps en won hij zijn eerste olympische titel.
['Het', 'spectaculaire', 'spel', 'en', 'de', 'zoneverdediging', 'wekt', 'de', 'interesse', 'van', 'Silvio', 'Berlusconi', ',', 'president', 'van', 'AC', 'Milan', '.']	[0, 0, 0, 0, 0, 0, 0, 0, 0, 0, 1, 2, 0, 0, 0, 3, 4, 0]	nl	Het spectaculaire spel en de zoneverdediging wekt de interesse van Silvio Berlusconi, president van AC Milan.
['Ook', 'is', 'er', 'een', 'busverbinding', 'met', 'België', '.']	[0, 0, 0, 0, 0, 0, 5, 0]	nl	Ook is er een busverbinding met België.
['Omdat', 'de', 'grensformaliteiten', 'binnen', 'de', 'Europese', 'Unie', 'zijn', 'afgeschaft', 'wordt', 'deze', 'als', 'een', 'land', 'beschouwd', '.']	[0, 0, 0, 0, 0, 3, 4, 0, 0, 0, 0, 0, 0, 0, 0, 0]	nl	Omdat de grensformaliteiten binnen de Europese Unie zijn afgeschaft wordt deze als een land beschouwd.
['Alleen', 'de', 'Britse', 'band', 'JLS', 'is', 'het', 'gelukt', 'om', 'volledig', 'uitverkocht', 'te', 'raken', '.']	[0, 0, 7, 0, 3, 0, 0, 0, 0, 0, 0, 0, 0, 0]	nl	Alleen de Britse band JLS is het gelukt om volledig uitverkocht te raken.
['De', 'enige', 'landgrens', 'is', 'de', 'grens', 'met', 'Duitsland', 'in', 'het', 'zuiden', '.']	[0, 0, 0, 0, 0, 0, 0, 5, 0, 0, 0, 0]	nl	De enige landgrens is de grens met Duitsland in het zuiden.
['De', 'serie', 'werd', 'in', '2001', 'verwerkt', 'tot', 'een', 'anime', 'door', 'Studio', 'Deen', '.']	[0, 0, 0, 0, 0, 0, 0, 0, 0, 0, 3, 4, 0]	nl	De serie werd in 2001 verwerkt tot een anime door Studio Deen.
['Met', 'name', 'de', 'agenten', 'Alexander', 'Gogel', 'en', 'Jacobus', 'Spoors', 'pleitten', 'voor', 'een', 'nieuwe', 'staatsgreep', 'om', 'deze', 'besluiten', 'terug', 'te', 'draaien', '.']	[0, 0, 0, 0, 1, 2, 0, 1, 2, 0, 0, 0, 0, 0, 0, 0, 0, 0, 0, 0, 0]	nl	Met name de agenten Alexander Gogel en Jacobus Spoors pleitten voor een nieuwe staatsgreep om deze besluiten terug te draaien.
['Ook', 'werd', 'ze', 'gekozen', 'tot', 'voorzitter', 'van', 'de', 'Congrespartij', '.']	[0, 0, 0, 0, 0, 0, 0, 0, 3, 0]	nl	Ook werd ze gekozen tot voorzitter van de Congrespartij.
['Dat', 'leidde', 'tot', 'protest', 'van', 'de', 'directeur', 'van', 'het', 'Openluchtmuseum', 'Het', 'Hoogeland', 'in', 'Warffum', '.']	[0, 0, 0, 0, 0, 0, 0, 0, 0, 5, 6, 6, 0, 5, 0]	nl	Dat leidde tot protest van de directeur van het Openluchtmuseum Het Hoogeland in Warffum.
['De', 'grootte', 'van', 'de', 'populatie', 'werd', 'in', '2012', 'door', 'BirdLife', 'International', 'geschat', 'op', '3,5', 'tot', '15', 'duizend', 'individuen', 'en', 'de', 'populatie-aantallen', 'nemen', 'af', '.']	[0, 0, 0, 0, 0, 0, 0, 0, 0, 3, 4, 0, 0, 0, 0, 0, 0, 0, 0, 0, 0, 0, 0, 0]	nl	De grootte van de populatie werd in 2012 door BirdLife International geschat op 3,5 tot 15 duizend individuen en de populatie-aantallen nemen af.
"['Ook', 'dit', 'was', 'een', 'conceptalbum', 'met', 'één', 'nummer', ',', 'net', 'zoals', '""', 'Thick', 'as', 'a', 'Brick', '""', ',', 'deze', 'keer', 'met', 'allegorische', 'songteksten', '.']"	[0, 0, 0, 0, 0, 0, 0, 0, 0, 0, 0, 0, 7, 8, 8, 8, 0, 0, 0, 0, 0, 0, 0, 0]	nl	"Ook dit was een conceptalbum met één nummer, net zoals ""Thick as a Brick"", deze keer met allegorische songteksten."
['In', 'België', 'worden', 'vrijwilligers', 'altijd', 'betaald', 'voor', 'hun', 'prestaties', ',', 'de', 'vergoeding', 'of', 'de', 'toepassing', 'ervan', 'kan', 'wel', 'verschillen', 'van', 'korps', 'tot', 'korps', '.']	[0, 5, 0, 0, 0, 0, 0, 0, 0, 0, 0, 0, 0, 0, 0, 0, 0, 0, 0, 0, 0, 0, 0, 0]	nl	In België worden vrijwilligers altijd betaald voor hun prestaties, de vergoeding of de toepassing ervan kan wel verschillen van korps tot korps.
['Tot', 'zijn', 'dood', 'bleef', 'hij', 'in', 'Hamburg', '.']	[0, 0, 0, 0, 0, 0, 5, 0]	nl	Tot zijn dood bleef hij in Hamburg.
['In', '2017', 'werd', 'hij', 'overgenomen', 'door', 'KV', 'Oostende', '.']	[0, 0, 0, 0, 0, 0, 3, 4, 0]	nl	In 2017 werd hij overgenomen door KV Oostende.
['Bride', 'of', 'the', 'Monster', 'verscheen', 'in', 'aflevering', '423', '.']	[7, 8, 8, 8, 0, 0, 0, 0, 0]	nl	Bride of the Monster verscheen in aflevering 423.
['De', 'eerste', 'versie', 'voor', 'Linux', 'ondersteunde', 'enkel', 'het', 'eDonkey-protocol', ',', 'maar', 'latere', 'versies', 'kenden', 'ondersteuning', 'voor', 'meerdere', 'peer-to-peerprotocollen', '.']	[0, 0, 0, 0, 7, 0, 0, 0, 7, 0, 0, 0, 0, 0, 0, 0, 0, 0, 0]	nl	De eerste versie voor Linux ondersteunde enkel het eDonkey-protocol, maar latere versies kenden ondersteuning voor meerdere peer-to-peerprotocollen.
['Daarnaast', 'won', 'hij', 'met', 'Borussia', 'Dortmund', 'dat', 'jaar', 'wel', 'de', 'DFB-Pokal', 'en', 'debuteerde', 'hij', 'in', 'de', 'UEFA', 'Champions', 'League', '.']	[0, 0, 0, 0, 3, 4, 0, 0, 0, 0, 7, 0, 0, 0, 0, 0, 7, 8, 8, 0]	nl	Daarnaast won hij met Borussia Dortmund dat jaar wel de DFB-Pokal en debuteerde hij in de UEFA Champions League.
['In', 'eerste', 'instantie', 'werd', 'echter', 'de', 'meer', 'ervaren', 'politica', 'Jeltje', 'van', 'Nieuwenhoven', 'aangewezen', 'om', 'als', 'waarnemend', 'fractievoorzitter', 'de', 'teruggetreden', 'Ad', 'Melkert', 'op', 'te', 'volgen', '.']	[0, 0, 0, 0, 0, 0, 0, 0, 0, 1, 2, 2, 0, 0, 0, 0, 0, 0, 0, 1, 2, 0, 0, 0, 0]	nl	In eerste instantie werd echter de meer ervaren politica Jeltje van Nieuwenhoven aangewezen om als waarnemend fractievoorzitter de teruggetreden Ad Melkert op te volgen.
['Zoals', 'in', 'het', 'oude', 'Nabije', 'Oosten', 'gebruikelijk', 'ging', 'de', 'troonsbestijging', 'vergezeld', 'met', 'opstanden', '.']	[0, 0, 0, 0, 5, 6, 0, 0, 0, 0, 0, 0, 0, 0]	nl	Zoals in het oude Nabije Oosten gebruikelijk ging de troonsbestijging vergezeld met opstanden.
['De', 'opnames', 'moesten', 'toen', 'een', 'week', 'worden', 'gestaakt', ',', 'omdat', 'Billy', 'Connolly', 'een', 'kniewond', 'en', 'een', 'ribfractuur', 'eraan', 'had', 'overgehouden', '.']	[0, 0, 0, 0, 0, 0, 0, 0, 0, 0, 1, 2, 0, 0, 0, 0, 0, 0, 0, 0, 0]	nl	De opnames moesten toen een week worden gestaakt, omdat Billy Connolly een kniewond en een ribfractuur eraan had overgehouden.
['Tegen', 'het', 'einde', 'van', 'de', 'Sovjet-Unie', 'was', 'de', 'club', 'al', 'weggezakt', 'naar', 'de', 'derde', 'klasse', '.']	[0, 0, 0, 0, 0, 5, 0, 0, 0, 0, 0, 0, 0, 0, 0, 0]	nl	Tegen het einde van de Sovjet-Unie was de club al weggezakt naar de derde klasse.
"['Het', 'nummer', 'bevat', 'een', 'sample', 'van', '""', 'Under', 'Pressure', '""', ',', 'van', 'Queen', 'en', 'David', 'Bowie', '.']"	[0, 0, 0, 0, 0, 0, 0, 7, 8, 0, 0, 0, 3, 0, 1, 2, 0]	nl	"Het nummer bevat een sample van ""Under Pressure"", van Queen en David Bowie."
['In', 'Montfoort', 'werden', 'zogenaamde', 'kloostermoppen', 'gebakken', '.']	[0, 5, 0, 0, 0, 0, 0]	nl	In Montfoort werden zogenaamde kloostermoppen gebakken.
['Volgens', 'Mathieu', 'Kassovitz', 'was', 'geen', 'enkele', 'scène', 'geworden', 'zoals', 'hij', 'het', 'graag', 'wilde', ',', 'vanwege', 'bemoeienis', 'van', '20th', 'Century', 'Fox', '.']	[0, 1, 2, 0, 0, 0, 0, 0, 0, 0, 0, 0, 0, 0, 0, 0, 0, 3, 4, 4, 0]	nl	Volgens Mathieu Kassovitz was geen enkele scène geworden zoals hij het graag wilde, vanwege bemoeienis van 20th Century Fox.
['Het', 'is', 'anno', '2020', 'een', 'belangrijk', 'mijngebied', 'voor', 'de', 'winning', 'van', 'koper', '(', 'zie', 'ook', 'Chuquicamata', ')', '.']	[0, 0, 0, 0, 0, 0, 0, 0, 0, 0, 0, 0, 0, 0, 0, 5, 0, 0]	nl	Het is anno 2020 een belangrijk mijngebied voor de winning van koper (zie ook Chuquicamata).
['Twee', 'jaar', 'later', 'verhuisde', 'zij', 'voor', 'korte', 'tijd', 'opnieuw', 'naar', 'Frankrijk', '.']	[0, 0, 0, 0, 0, 0, 0, 0, 0, 0, 5, 0]	nl	Twee jaar later verhuisde zij voor korte tijd opnieuw naar Frankrijk.
['Alle', 'soorten', 'komen', 'voor', 'in', 'delen', 'van', 'Zuid-Amerika', 'en', 'leven', 'in', 'de', 'landen', 'Bolivia', ',', 'Chili', 'en', 'Peru', '.']	[0, 0, 0, 0, 0, 0, 0, 5, 0, 0, 0, 0, 0, 5, 0, 5, 0, 5, 0]	nl	Alle soorten komen voor in delen van Zuid-Amerika en leven in de landen Bolivia, Chili en Peru.
['Dat', 'kan', 'ertoe', 'leiden', 'dat', 'delen', 'van', 'Nederland', 'aan', 'een', 'groter', 'risico', 'voor', 'overstroming', 'wordt', 'blootgesteld', 'of', 'dat', 'men', 'grote', 'investeringen', 'moet', 'doen', 'in', 'de', 'zeewering', '.']	[0, 0, 0, 0, 0, 0, 0, 5, 0, 0, 0, 0, 0, 0, 0, 0, 0, 0, 0, 0, 0, 0, 0, 0, 0, 0, 0]	nl	Dat kan ertoe leiden dat delen van Nederland aan een groter risico voor overstroming wordt blootgesteld of dat men grote investeringen moet doen in de zeewering.
['Er', 'zijn', 'verschillende', 'busdiensten', 'naar', 'Oslo', 'en', 'andere', 'gemeenten', 'in', 'de', 'buurt', '.']	[0, 0, 0, 0, 0, 5, 0, 0, 0, 0, 0, 0, 0]	nl	Er zijn verschillende busdiensten naar Oslo en andere gemeenten in de buurt.
['In', '1983', 'volgde', 'hij', 'Menachem', 'Begin', 'op', 'als', 'premier', '.']	[0, 0, 0, 0, 1, 2, 0, 0, 0, 0]	nl	In 1983 volgde hij Menachem Begin op als premier.
"['De', '""', 'Rhapsody', 'in', 'Blue', '""', 'van', 'George', 'Gershwin', 'begint', 'met', 'een', 'glissando', 'van', 'een', 'klarinet', '.']"	[0, 0, 7, 8, 8, 0, 0, 1, 2, 0, 0, 0, 0, 0, 0, 0, 0]	nl	"De ""Rhapsody in Blue"" van George Gershwin begint met een glissando van een klarinet."
['In', 'de', 'zomer', 'van', '2016', 'reorganiseerde', 'Rafael', 'Benítez', 'de', 'selectie', 'en', 'trok', 'de', 'club', 'op', 'diens', 'aanraden', 'de', 'Belgische', 'doelman', 'Matz', 'Sels', 'aan', '.']	[0, 0, 0, 0, 0, 0, 1, 2, 0, 0, 0, 0, 0, 0, 0, 0, 0, 0, 0, 0, 1, 2, 0, 0]	nl	In de zomer van 2016 reorganiseerde Rafael Benítez de selectie en trok de club op diens aanraden de Belgische doelman Matz Sels aan.
['Reeds', 'in', '1785', 'had', 'de', 'Franse', 'natuurkundige', 'Charles-Augustin', 'de', 'Coulomb', 'opgemerkt', 'dat', 'een', 'geladen', 'elektroscoop', 'geleidelijk', 'zijn', 'lading', 'verliest', '.']	[0, 0, 0, 0, 0, 0, 0, 1, 2, 2, 0, 0, 0, 0, 0, 0, 0, 0, 0, 0]	nl	Reeds in 1785 had de Franse natuurkundige Charles-Augustin de Coulomb opgemerkt dat een geladen elektroscoop geleidelijk zijn lading verliest.
"['Ze', 'kreeg', 'in', '1980', 'op', 'zestienjarige', 'leeftijd', 'een', 'rol', 'in', 'de', 'soapserie', '""', 'The', 'Edge', 'of', 'Night', '""', '.']"	[0, 0, 0, 0, 0, 0, 0, 0, 0, 0, 0, 0, 0, 7, 8, 8, 8, 0, 0]	nl	"Ze kreeg in 1980 op zestienjarige leeftijd een rol in de soapserie ""The Edge of Night""."
['Het', 'dier', 'komt', 'voor', 'in', 'Kenia', 'en', 'Tanzania', '.']	[0, 0, 0, 0, 0, 5, 0, 5, 0]	nl	Het dier komt voor in Kenia en Tanzania.
"['In', 'België', 'komen', 'er', 'jaarlijks', 'toch', 'nog', 'meer', 'dan', '10', '""', '000', 'besmettingen', 'van', 'mensen', 'voor', '.']"	[0, 5, 0, 0, 0, 0, 0, 0, 0, 0, 0, 0, 0, 0, 0, 0, 0]	nl	"In België komen er jaarlijks toch nog meer dan 10 ""000 besmettingen van mensen voor."
['Een', 'van', 'de', 'eerste', 'mensen', 'die', 'deze', 'stroming', 'beschreef', 'en', 'nastreefde', 'was', 'Adam', 'Smith', '.']	[0, 0, 0, 0, 0, 0, 0, 0, 0, 0, 0, 0, 1, 2, 0]	nl	Een van de eerste mensen die deze stroming beschreef en nastreefde was Adam Smith.
['Ten', 'noorden', 'van', 'de', 'plaats', 'ligt', 'een', 'haven', 'aan', 'de', 'Botnische', 'Golf', '.']	[0, 0, 0, 0, 0, 0, 0, 0, 0, 0, 5, 6, 0]	nl	Ten noorden van de plaats ligt een haven aan de Botnische Golf.
['De', 'Georgiërs', 'werden', 'al', 'in', 'de', '4e', 'eeuw', 'vanuit', 'Armenië', 'gekerstend', '.']	[0, 7, 0, 0, 0, 0, 0, 0, 0, 5, 0, 0]	nl	De Georgiërs werden al in de 4e eeuw vanuit Armenië gekerstend.
['Heel', 'wat', 'dichters', 'die', 'nu', 'geroemd', 'worden', ',', 'zoals', 'Hugo', 'Claus', ',', 'gaven', 'als', 'beginnende', 'dichters', 'hun', 'poëziebundels', 'in', 'eigen', 'beheer', 'uit', '.']	[0, 0, 0, 0, 0, 0, 0, 0, 0, 1, 2, 0, 0, 0, 0, 0, 0, 0, 0, 0, 0, 0, 0]	nl	Heel wat dichters die nu geroemd worden, zoals Hugo Claus, gaven als beginnende dichters hun poëziebundels in eigen beheer uit.
"['In', '2011', 'werd', 'het', 'nummer', 'opnieuw', 'uitgebracht', 'als', 'single', ',', 'nadat', 'vier', 'diskjockey', ""'s"", 'van', 'het', 'radiostation', 'KCRW', 'remixen', 'van', 'het', 'nummer', 'hadden', 'aangeleverd', '.']"	[0, 0, 0, 0, 0, 0, 0, 0, 0, 0, 0, 0, 0, 0, 0, 0, 0, 3, 0, 0, 0, 0, 0, 0, 0]	nl	In 2011 werd het nummer opnieuw uitgebracht als single, nadat vier diskjockey 's van het radiostation KCRW remixen van het nummer hadden aangeleverd.
['Hij', 'was', 'na', 'Vincent', 'Kompany', 'en', 'Simon', 'Mignolet', 'de', 'derde', 'Belgische', 'international', 'die', 'terug', 'in', 'België', 'kwam', 'voetballen', '.']	[0, 0, 0, 1, 2, 0, 1, 2, 0, 0, 7, 0, 0, 0, 0, 5, 0, 0, 0]	nl	Hij was na Vincent Kompany en Simon Mignolet de derde Belgische international die terug in België kwam voetballen.
['Hij', 'volgde', 'na', 'het', 'EK', '2016', 'Vicente', 'del', 'Bosque', 'op', 'als', 'bondscoach', 'van', 'het', 'Spaans', 'voetbalelftal', '.']	[0, 0, 0, 0, 7, 0, 1, 2, 2, 0, 0, 0, 0, 0, 3, 4, 0]	nl	Hij volgde na het EK 2016 Vicente del Bosque op als bondscoach van het Spaans voetbalelftal.
"['Op', 'de', 'Britse', 'eilanden', 'en', 'met', 'name', 'in', 'Schotland', 'is', 'de', 'term', '""', 'nursery', 'school', '""', 'echter', 'gebruikelijker', '.']"	[0, 0, 7, 0, 0, 0, 0, 0, 5, 0, 0, 0, 0, 0, 0, 0, 0, 0, 0]	nl	"Op de Britse eilanden en met name in Schotland is de term ""nursery school"" echter gebruikelijker."
['Zij', 'bereikte', 'die', 'derde', 'ronde', 'onder', 'andere', 'door', 'Ana', 'Ivanović', 'te', 'verslaan', '.']	[0, 0, 0, 0, 0, 0, 0, 0, 1, 2, 0, 0, 0]	nl	Zij bereikte die derde ronde onder andere door Ana Ivanović te verslaan.
['Andere', 'bronnen', 'noemen', 'alleen', 'de', 'Baai', 'van', 'Antongil', '.']	[0, 0, 0, 0, 0, 5, 6, 6, 0]	nl	Andere bronnen noemen alleen de Baai van Antongil.
['Zij', 'maakten', 'ornamenten', 'voor', 'sierschouwen', ',', 'waarin', 'zij', 'originele', 'klassieke', 'fragmenten', 'verwerkten', ',', 'meestal', 'afkomstig', 'van', 'de', 'terreinen', 'rond', 'de', 'Villa', 'Adriana', '.']	[0, 0, 0, 0, 0, 0, 0, 0, 0, 0, 0, 0, 0, 0, 0, 0, 0, 0, 0, 0, 5, 6, 0]	nl	Zij maakten ornamenten voor sierschouwen, waarin zij originele klassieke fragmenten verwerkten, meestal afkomstig van de terreinen rond de Villa Adriana.
['Als', 'verslaggever', 'stond', 'hij', 'aan', 'de', 'green', 'van', 'hole', '18', 'tijdens', 'The', 'Barclays', 'in', '2007', ',', 'toen', 'hij', 'een', 'bal', 'van', 'Rich', 'Beem', 'tegen', 'zijn', 'kaak', 'kreeg', '.']	[0, 0, 0, 0, 0, 0, 0, 0, 0, 0, 0, 7, 8, 0, 0, 0, 0, 0, 0, 0, 0, 1, 2, 0, 0, 0, 0, 0]	nl	Als verslaggever stond hij aan de green van hole 18 tijdens The Barclays in 2007, toen hij een bal van Rich Beem tegen zijn kaak kreeg.
['Daardoor', 'is', 'het', 'bouwwerk', 'nu', 'bijzonder', 'complex', 'ingericht', ',', 'vergelijkbaar', 'met', 'het', 'Winchester', 'Mystery', 'House', '.']	[0, 0, 0, 0, 0, 0, 0, 0, 0, 0, 0, 0, 5, 6, 6, 0]	nl	Daardoor is het bouwwerk nu bijzonder complex ingericht, vergelijkbaar met het Winchester Mystery House.
"['Ook', 'bij', 'zijn', 'bezoek', 'aan', 'de', '""', 'Universiteit', 'van', 'Georgetown', '""', 'in', 'Washington', 'D.C.', 'ontving', 'hij', 'een', 'eredoctoraat', 'in', 'burgerlijk', 'en', 'kerkelijk', 'recht', '.']"	[0, 0, 0, 0, 0, 0, 0, 5, 6, 6, 0, 0, 5, 6, 0, 0, 0, 0, 0, 0, 0, 0, 0, 0]	nl	"Ook bij zijn bezoek aan de ""Universiteit van Georgetown"" in Washington D.C. ontving hij een eredoctoraat in burgerlijk en kerkelijk recht."
['De', 'kleine', 'Nightingale-eilanden', 'zijn', 'het', 'oudst', '(', '18', 'miljoen', 'jaar', ')', 'en', 'Inaccessible', 'is', '3', 'tot', '6', 'miljoen', 'jaar', 'oud', '.']	[0, 0, 5, 0, 0, 0, 0, 0, 0, 0, 0, 0, 5, 0, 0, 0, 0, 0, 0, 0, 0]	nl	De kleine Nightingale-eilanden zijn het oudst (18 miljoen jaar) en Inaccessible is 3 tot 6 miljoen jaar oud.
['De', 'fabriek', 'was', 'gevestigd', 'te', 'Courbevoie', '.']	[0, 0, 0, 0, 0, 5, 0]	nl	De fabriek was gevestigd te Courbevoie.
['Deze', 'plaatsen', 'liggen', 'ten', 'westen', 'van', 'Nijmegen', '.']	[0, 0, 0, 0, 0, 0, 5, 0]	nl	Deze plaatsen liggen ten westen van Nijmegen.
['In', '1969', 'werden', 'er', 'doorgaande', 'rijtuigen', 'naar', 'Klagenfurt', 'ingevoerd', 'en', 'in', '1970', 'volgde', 'de', 'verlenging', 'van', 'de', 'hele', 'route', 'tot', 'in', 'Oostenrijk', '.']	[0, 0, 0, 0, 0, 0, 0, 5, 0, 0, 0, 0, 0, 0, 0, 0, 0, 0, 0, 0, 0, 5, 0]	nl	In 1969 werden er doorgaande rijtuigen naar Klagenfurt ingevoerd en in 1970 volgde de verlenging van de hele route tot in Oostenrijk.
['In', '1878', 'verkocht', 'Zweden', 'het', 'eiland', 'weer', 'aan', 'Frankrijk', '.']	[0, 0, 0, 5, 0, 0, 0, 0, 5, 0]	nl	In 1878 verkocht Zweden het eiland weer aan Frankrijk.
"['Als', 'zodanig', 'maakte', 'hij', 'een', 'televisieoptreden', 'als', 'gast', 'van', 'Willem', 'Duys', 'in', 'zijn', '""', 'Voor', 'de', 'vuist', 'weg', '""', '-', 'show', '.']"	[0, 0, 0, 0, 0, 0, 0, 0, 0, 1, 2, 0, 0, 0, 0, 0, 0, 0, 0, 0, 0, 0]	nl	"Als zodanig maakte hij een televisieoptreden als gast van Willem Duys in zijn ""Voor de vuist weg"" - show."
['Twintig', 'jaar', 'later', 'overleed', 'hij', 'in', 'Sydney', '.']	[0, 0, 0, 0, 0, 0, 5, 0]	nl	Twintig jaar later overleed hij in Sydney.
['Ze', 'woont', 'in', 'Hongkong', '.']	[0, 0, 0, 5, 0]	nl	Ze woont in Hongkong.
['Slechts', 'regerend', 'olympisch', 'kampioen', 'Virgilijus', 'Alekna', 'wist', 'hem', 'in', 'de', 'loop', 'van', 'het', 'seizoen', 'van', 'die', 'eerste', 'plek', 'op', 'de', 'wereldranglijst', 'te', 'verdringen', 'met', 'een', 'beste', 'worp', 'van', '70,67', '.']	[0, 0, 0, 0, 1, 2, 0, 0, 0, 0, 0, 0, 0, 0, 0, 0, 0, 0, 0, 0, 0, 0, 0, 0, 0, 0, 0, 0, 0, 0]	nl	Slechts regerend olympisch kampioen Virgilijus Alekna wist hem in de loop van het seizoen van die eerste plek op de wereldranglijst te verdringen met een beste worp van 70,67.
['Dit', 'komt', 'wel', 'meer', 'voor', 'bij', 'soorten', 'die', 'in', 'hooggelegen', 'berggebieden', 'als', 'de', 'Andes', 'leven', '.']	[0, 0, 0, 0, 0, 0, 0, 0, 0, 0, 0, 0, 0, 5, 0, 0]	nl	Dit komt wel meer voor bij soorten die in hooggelegen berggebieden als de Andes leven.
['De', 'gemeubileerde', 'kamers', 'zijn', 'ingericht', 'als', 'musea', 'over', 'het', 'lokale', 'wild', 'en', 'over', 'de', 'rurale', 'tradities', 'van', 'de', 'Famenne', '.']	[0, 0, 0, 0, 0, 0, 0, 0, 0, 0, 0, 0, 0, 0, 0, 0, 0, 0, 5, 0]	nl	De gemeubileerde kamers zijn ingericht als musea over het lokale wild en over de rurale tradities van de Famenne.
"['""', 'Gevlekte', 'koeskoezen', '""', '(', '""', 'Spilocuscus', '""', ')', 'zijn', 'een', 'geslacht', 'van', 'koeskoezen', 'die', 'inheems', 'zijn', 'in', 'de', 'regio', 'rond', 'Nieuw-Guinea', '.']"	[0, 0, 0, 0, 0, 0, 0, 0, 0, 0, 0, 0, 0, 0, 0, 0, 0, 0, 0, 0, 0, 5, 0]	nl	"""Gevlekte koeskoezen"" (""Spilocuscus"") zijn een geslacht van koeskoezen die inheems zijn in de regio rond Nieuw-Guinea."
['Hij', 'was', '20', 'jaar', 'actief', 'op', 'het', 'hoogste', 'niveau', 'in', 'Frankrijk', ',', 'België', 'en', 'Schotland', '.']	[0, 0, 0, 0, 0, 0, 0, 0, 0, 0, 5, 0, 5, 0, 5, 0]	nl	Hij was 20 jaar actief op het hoogste niveau in Frankrijk, België en Schotland.
['Tot', '2007', 'was', 'de', 'stad', 'hoofdstad', 'van', 'de', 'provincie', 'Storstrøm', '.']	[0, 0, 0, 0, 0, 0, 0, 0, 0, 5, 0]	nl	Tot 2007 was de stad hoofdstad van de provincie Storstrøm.
['Op', 'station', 'Hurdegaryp', 'stoppen', 'twee', 'keer', 'per', 'uur', 'de', 'stoptreinen', 'in', 'beide', 'richtingen', '.']	[0, 5, 6, 0, 0, 0, 0, 0, 0, 0, 0, 0, 0, 0]	nl	Op station Hurdegaryp stoppen twee keer per uur de stoptreinen in beide richtingen.
['In', '1970', 'speelde', 'hij', 'mee', 'in', 'de', 'wedstrijden', 'om', 'de', 'wereldbeker', 'tegen', 'Feyenoord', '.']	[0, 0, 0, 0, 0, 0, 0, 0, 0, 0, 7, 0, 3, 0]	nl	In 1970 speelde hij mee in de wedstrijden om de wereldbeker tegen Feyenoord.
['Deze', 'populatie', 'is', 'veel', 'minder', 'talrijk', 'dan', 'die', 'uit', 'de', 'Waddenzee', 'en', 'bestaat', 'uit', 'ongeveer', '200', 'dieren', '.']	[0, 0, 0, 0, 0, 0, 0, 0, 0, 0, 5, 0, 0, 0, 0, 0, 0, 0]	nl	Deze populatie is veel minder talrijk dan die uit de Waddenzee en bestaat uit ongeveer 200 dieren.
['De', 'president', 'gaf', 'de', 'president', 'van', 'de', 'senaat', 'Franco', 'Marini', 'de', 'taak', 'een', 'interim-regering', 'te', 'vormen', 'om', 'het', 'Italiaanse', 'kiesstelsel', 'te', 'hervormen', ',', 'voordat', 'er', 'nieuwe', 'verkiezingen', 'gehouden', 'zouden', 'worden', '.']	[0, 0, 0, 0, 0, 0, 0, 0, 1, 2, 0, 0, 0, 0, 0, 0, 0, 0, 7, 0, 0, 0, 0, 0, 0, 0, 0, 0, 0, 0, 0]	nl	De president gaf de president van de senaat Franco Marini de taak een interim-regering te vormen om het Italiaanse kiesstelsel te hervormen, voordat er nieuwe verkiezingen gehouden zouden worden.
['Zo', 'was', 'de', 'avantgardistische', 'rockband', 'Can', 'in', 'de', 'jaren', '60', '/', '70', 'van', 'de', 'twintigste', 'eeuw', 'een', 'bekende', 'groep', '.']	[0, 0, 0, 0, 0, 3, 0, 0, 0, 0, 0, 0, 0, 0, 0, 0, 0, 0, 0, 0]	nl	Zo was de avantgardistische rockband Can in de jaren 60 / 70 van de twintigste eeuw een bekende groep.
['Jordanië', 'kent', 'ongeveer', '19', 'soorten', '.']	[5, 0, 0, 0, 0, 0]	nl	Jordanië kent ongeveer 19 soorten.
['Vervolgens', 'liet', 'zij', 'het', 'bos', 'van', 'Allersma', 'bij', 'de', 'borg', 'met', 'eiken', ',', 'iepen', ',', 'essen', 'en', 'notenbomen', 'kappen', ',', 'brak', 'het', 'zomerhuisje', 'op', 'de', 'dijk', 'af', 'en', 'sloopte', 'alvast', 'de', 'schouwen', 'uit', 'de', 'borg', '.']	[0, 0, 0, 0, 0, 0, 5, 0, 0, 0, 0, 0, 0, 0, 0, 0, 0, 0, 0, 0, 0, 0, 0, 0, 0, 0, 0, 0, 0, 0, 0, 0, 0, 0, 0, 0]	nl	Vervolgens liet zij het bos van Allersma bij de borg met eiken, iepen, essen en notenbomen kappen, brak het zomerhuisje op de dijk af en sloopte alvast de schouwen uit de borg.
['Het', 'geslacht', 'bestaat', 'uit', 'circa', 'tien', 'soorten', ',', 'die', 'endemisch', 'zijn', 'in', 'Madagaskar', '.']	[0, 0, 0, 0, 0, 0, 0, 0, 0, 0, 0, 0, 5, 0]	nl	Het geslacht bestaat uit circa tien soorten, die endemisch zijn in Madagaskar.
['De', 'klim', 'werd', 'de', 'wielrenner', 'Tom', 'Simpson', 'in', '1967', 'fataal', 'door', 'een', 'combinatie', 'van', 'amfetamine', ',', 'alcohol', 'en', 'de', 'hitte', '.']	[0, 0, 0, 0, 0, 1, 2, 0, 0, 0, 0, 0, 0, 0, 0, 0, 0, 0, 0, 0, 0]	nl	De klim werd de wielrenner Tom Simpson in 1967 fataal door een combinatie van amfetamine, alcohol en de hitte.
['Hij', 'stelde', ',', 'in', 'tegenstelling', 'tot', 'de', 'klassieke', 'economen', 'zoals', 'Adam', 'Smith', ',', 'dat', 'een', 'economie', 'zich', 'niet', 'altijd', 'vanzelf', 'herstelt', 'maar', 'dat', 'de', 'overheid', 'bij', 'laagconjunctuur', 'de', 'koopkrachtstroom', 'weer', 'op', 'gang', 'moet', 'brengen', 'door', 'bestedingsimpulsen', 'in', 'de', 'economie', ',', 'door', 'bijvoorbeeld', 'te', 'investeren', 'in', 'grote', 'publieke', 'werken', ',', 'of', 'door', 'de', 'belastingen', 'te', 'verlagen', '.']	[0, 0, 0, 0, 0, 0, 0, 0, 0, 0, 1, 2, 0, 0, 0, 0, 0, 0, 0, 0, 0, 0, 0, 0, 0, 0, 0, 0, 0, 0, 0, 0, 0, 0, 0, 0, 0, 0, 0, 0, 0, 0, 0, 0, 0, 0, 0, 0, 0, 0, 0, 0, 0, 0, 0, 0]	nl	Hij stelde, in tegenstelling tot de klassieke economen zoals Adam Smith, dat een economie zich niet altijd vanzelf herstelt maar dat de overheid bij laagconjunctuur de koopkrachtstroom weer op gang moet brengen door bestedingsimpulsen in de economie, door bijvoorbeeld te investeren in grote publieke werken, of door de belastingen te verlagen.
['De', 'bosspanner', 'is', 'in', 'Nederland', 'en', 'België', 'een', 'algemene', 'soort', ',', 'die', 'verspreid', 'over', 'het', 'hele', 'gebied', 'kan', 'worden', 'gezien', '.']	[0, 0, 0, 0, 5, 0, 5, 0, 0, 0, 0, 0, 0, 0, 0, 0, 0, 0, 0, 0, 0]	nl	De bosspanner is in Nederland en België een algemene soort, die verspreid over het hele gebied kan worden gezien.
['Bij', 'het', 'chineessprekende', 'publiek', 'kreeg', 'zij', 'ruime', 'bekendheid', 'door', 'de', 'muziek', 'voor', 'de', 'in', 'Shanghai', 'gedraaide', 'film', ':', '„', 'Een', 'goede', 'naam', 'voor', 'de', 'komende', 'generaties', '“', '(', '萬世流芳', ')', '.']	[0, 0, 0, 0, 0, 0, 0, 0, 0, 0, 0, 0, 0, 0, 5, 0, 0, 0, 0, 0, 0, 0, 0, 0, 0, 0, 0, 0, 0, 0, 0]	nl	Bij het chineessprekende publiek kreeg zij ruime bekendheid door de muziek voor de in Shanghai gedraaide film: „Een goede naam voor de komende generaties“ (萬世流芳).
['Van', '1994', 'tot', '2009', 'was', 'hij', 'president', 'van', 'FC', 'Bayern', 'München', '.']	[0, 0, 0, 0, 0, 0, 0, 0, 3, 4, 4, 0]	nl	Van 1994 tot 2009 was hij president van FC Bayern München.
['De', 'grootte', 'van', 'de', 'populatie', 'werd', 'in', '2018', 'door', 'BirdLife', 'International', 'geschat', 'op', '29,5', 'tot', '69,0', 'duizend', 'volwassen', 'individuen', ',', 'maar', 'de', 'populatie-aantallen', 'nemen', 'af', 'door', 'habitatverlies', '.']	[0, 0, 0, 0, 0, 0, 0, 0, 0, 3, 4, 0, 0, 0, 0, 0, 0, 0, 0, 0, 0, 0, 0, 0, 0, 0, 0, 0]	nl	De grootte van de populatie werd in 2018 door BirdLife International geschat op 29,5 tot 69,0 duizend volwassen individuen, maar de populatie-aantallen nemen af door habitatverlies.
['In', '2002', 'kwam', 'hij', 'in', 'de', 'selectie', 'na', 'een', 'blessure', 'van', 'vaste', 'waarde', 'Igor', 'Tudor', ',', 'zonder', 'in', 'de', 'kwalificatie', 'een', 'wedstrijd', 'te', 'hebben', 'gespeeld', '.']	[0, 0, 0, 0, 0, 0, 0, 0, 0, 0, 0, 0, 0, 1, 2, 0, 0, 0, 0, 0, 0, 0, 0, 0, 0, 0]	nl	In 2002 kwam hij in de selectie na een blessure van vaste waarde Igor Tudor, zonder in de kwalificatie een wedstrijd te hebben gespeeld.
['En', 'dus', 'werden', 'de', 'ontwikkelingen', 'in', 'Frankrijk', 'met', 'grote', 'belangstelling', 'gevolgd', '.']	[0, 0, 0, 0, 0, 0, 5, 0, 0, 0, 0, 0]	nl	En dus werden de ontwikkelingen in Frankrijk met grote belangstelling gevolgd.
['Het', 'werd', 'die', 'dag', '2', '–', '2', 'uit', 'bij', 'FK', 'Rostov', '.']	[0, 0, 0, 0, 0, 0, 0, 0, 0, 3, 4, 0]	nl	Het werd die dag 2 – 2 uit bij FK Rostov.
['In', 'de', '20e', 'eeuw', 'maakten', 'de', 'Ballets', 'Russes', 'van', 'het', 'ballet', 'een', 'moderne', 'kunstvorm', '.']	[0, 0, 0, 0, 0, 0, 3, 4, 0, 0, 0, 0, 0, 0, 0]	nl	In de 20e eeuw maakten de Ballets Russes van het ballet een moderne kunstvorm.
['Hij', 'maakte', 'zijn', 'debuut', 'in', 'de', 'competitiewedstrijd', 'tegen', 'Huddersfield', 'Town', 'FC', '.']	[0, 0, 0, 0, 0, 0, 0, 0, 3, 4, 4, 0]	nl	Hij maakte zijn debuut in de competitiewedstrijd tegen Huddersfield Town FC.
"['""', 'Jurassic', 'Park', 'III', '""', 'is', 'een', 'Amerikaanse', 'film', 'uit', '2001', '.']"	[0, 7, 8, 8, 0, 0, 0, 7, 0, 0, 0, 0]	nl	"""Jurassic Park III"" is een Amerikaanse film uit 2001."
['Door', 'convergente', 'beweging', 'van', 'de', 'continenten', 'Afrika', 'en', 'India', 'met', 'Eurazië', 'ging', 'vorming', 'van', 'de', 'Alpen', 'en', 'de', 'Himalaya', 'door', '.']	[0, 0, 0, 0, 0, 0, 5, 0, 5, 0, 5, 0, 0, 0, 0, 5, 0, 0, 5, 0, 0]	nl	Door convergente beweging van de continenten Afrika en India met Eurazië ging vorming van de Alpen en de Himalaya door.
['De', 'capaciteit', 'van', 'de', 'fietsenstalling', 'is', 'in', 'het', 'voorjaar', 'van', '2009', 'verhoogd', 'met', 'nog', 'eens', '250', 'stallingsplaatsen', 'onder', 'het', 'Koningin', 'Astridplein', '.']	[0, 0, 0, 0, 0, 0, 0, 0, 0, 0, 0, 0, 0, 0, 0, 0, 0, 0, 0, 5, 6, 0]	nl	De capaciteit van de fietsenstalling is in het voorjaar van 2009 verhoogd met nog eens 250 stallingsplaatsen onder het Koningin Astridplein.
['Hij', 'slaagde', ',', 'met', 'het', 'op', 'drie', 'na', 'beste', 'resultaat', 'van', 'dat', 'jaar', ',', 'en', 'werd', 'kort', 'daarna', 'aangenomen', 'bij', 'het', 'advocatenkantoor', 'van', 'Francisco', 'Ortigas', '.']	[0, 0, 0, 0, 0, 0, 0, 0, 0, 0, 0, 0, 0, 0, 0, 0, 0, 0, 0, 0, 0, 0, 0, 1, 2, 0]	nl	Hij slaagde, met het op drie na beste resultaat van dat jaar, en werd kort daarna aangenomen bij het advocatenkantoor van Francisco Ortigas.
['Het', 'beslaat', 'het', 'gedeelte', 'direct', 'ten', 'oosten', 'van', 'de', 'Middellandse', 'Zee', '.']	[0, 0, 0, 0, 0, 0, 0, 0, 0, 5, 6, 0]	nl	Het beslaat het gedeelte direct ten oosten van de Middellandse Zee.
['Hierover', 'zijn', 'echter', 'de', 'meningen', 'sterk', 'verdeeld', ':', 'Abu', 'Hanifa', 'van', 'de', 'hanafitische', 'rechtsschool', 'was', 'bijvoorbeeld', 'van', 'mening', 'dat', 'vrouwen', 'ook', 'als', 'rechter', 'konden', 'optreden', '.']	[0, 0, 0, 0, 0, 0, 0, 0, 1, 2, 0, 0, 0, 0, 0, 0, 0, 0, 0, 0, 0, 0, 0, 0, 0, 0]	nl	Hierover zijn echter de meningen sterk verdeeld: Abu Hanifa van de hanafitische rechtsschool was bijvoorbeeld van mening dat vrouwen ook als rechter konden optreden.
['Hij', 'werd', 'op', 'vijfjarige', 'leeftijd', 'opgenomen', 'in', 'de', 'jeugdopleiding', 'van', 'Excelsior', 'Moeskroen', ',', 'waar', 'hij', 'begon', 'met', 'voetballen', '.']	[0, 0, 0, 0, 0, 0, 0, 0, 0, 0, 3, 4, 0, 0, 0, 0, 0, 0, 0]	nl	Hij werd op vijfjarige leeftijd opgenomen in de jeugdopleiding van Excelsior Moeskroen, waar hij begon met voetballen.
['Dat', 'kwam', 'omdat', 'hij', 'na', 'een', 'wedstrijd', 'tegen', 'de', 'Los', 'Angeles', 'Clippers', 'last', 'kreeg', 'van', 'een', 'scheurtje', 'in', 'zijn', 'netvlies', '.']	[0, 0, 0, 0, 0, 0, 0, 0, 0, 3, 4, 4, 0, 0, 0, 0, 0, 0, 0, 0, 0]	nl	Dat kwam omdat hij na een wedstrijd tegen de Los Angeles Clippers last kreeg van een scheurtje in zijn netvlies.
['Prinses', 'Catharina-Amalia', 'der', 'Nederlanden', 'was', 'op', '30', 'april', '2013', 'de', 'eerste', 'ooit', 'die', 'deze', 'titel', 'kreeg', '.']	[0, 1, 2, 2, 0, 0, 0, 0, 0, 0, 0, 0, 0, 0, 0, 0, 0]	nl	Prinses Catharina-Amalia der Nederlanden was op 30 april 2013 de eerste ooit die deze titel kreeg.
['Omdat', 'hij', 'geen', 'nieuwe', 'club', 'kon', 'vinden', 'besloot', 'hij', 'om', 'mee', 'te', 'trainen', 'bij', 'FC', 'Dordrecht', 'om', 'zo', 'zijn', 'conditie', 'op', 'peil', 'te', 'houden', '.']	[0, 0, 0, 0, 0, 0, 0, 0, 0, 0, 0, 0, 0, 0, 3, 4, 0, 0, 0, 0, 0, 0, 0, 0, 0]	nl	Omdat hij geen nieuwe club kon vinden besloot hij om mee te trainen bij FC Dordrecht om zo zijn conditie op peil te houden.
['De', 'soort', 'komt', 'voor', 'in', 'het', 'westen', 'van', 'Noord-Amerika', '.']	[0, 0, 0, 0, 0, 0, 0, 0, 5, 0]	nl	De soort komt voor in het westen van Noord-Amerika.
['Van', 'bondscoach', 'Mika-Matti', 'Paatelainen', 'mocht', 'de', 'middenvelder', 'een', 'kwartier', 'voor', 'tijd', 'invallen', 'voor', 'Joni', 'Kauko', '.']	[0, 0, 1, 2, 0, 0, 0, 0, 0, 0, 0, 0, 0, 1, 2, 0]	nl	Van bondscoach Mika-Matti Paatelainen mocht de middenvelder een kwartier voor tijd invallen voor Joni Kauko.
['Het', 'spel', 'hanteert', 'een', 'kaartspel', 'vergelijkbaar', 'met', 'de', 'kaartspellen', 'van', 'Pokémon', 'en', 'Yu-Gi-Oh', '!', '.']	[0, 0, 0, 0, 0, 0, 0, 0, 0, 0, 7, 0, 7, 8, 0]	nl	Het spel hanteert een kaartspel vergelijkbaar met de kaartspellen van Pokémon en Yu-Gi-Oh!.
['Toen', 'hij', 'zag', 'hoe', 'sterren', 'als', 'Jerry', 'Lewis', 'een', 'welhaast', 'koninklijke', 'behandeling', 'kregen', 'besloot', 'hij', 'verder', 'te', 'gaan', 'in', 'de', 'wereld', 'van', 'de', 'showbizz', '.']	[0, 0, 0, 0, 0, 0, 1, 2, 0, 0, 0, 0, 0, 0, 0, 0, 0, 0, 0, 0, 0, 0, 0, 0, 0]	nl	Toen hij zag hoe sterren als Jerry Lewis een welhaast koninklijke behandeling kregen besloot hij verder te gaan in de wereld van de showbizz.
['Bij', 'de', 'plaats', 'lopen', 'de', 'Länsväg', '222', 'en', 'Länsväg', '228', '.']	[0, 0, 0, 0, 0, 5, 6, 0, 5, 6, 0]	nl	Bij de plaats lopen de Länsväg 222 en Länsväg 228.
['In', 'België', 'en', 'Nederland', 'behoort', 'zo', 'goed', 'als', 'elke', 'vierkante', 'meter', 'tot', 'het', 'cultuurlandschap', '.']	[0, 5, 0, 5, 0, 0, 0, 0, 0, 0, 0, 0, 0, 0, 0]	nl	In België en Nederland behoort zo goed als elke vierkante meter tot het cultuurlandschap.
['Op', '28', 'juni', '2007', 'tekende', 'hij', 'bij', 'St.', 'Mirren', 'FC', '.']	[0, 0, 0, 0, 0, 0, 0, 3, 4, 4, 0]	nl	Op 28 juni 2007 tekende hij bij St. Mirren FC.
['De', 'keten', 'maakt', 'deel', 'uit', 'van', 'de', 'Appalachen', '.']	[0, 0, 0, 0, 0, 0, 0, 5, 0]	nl	De keten maakt deel uit van de Appalachen.
['Koning', 'Rama', 'V', 'stelde', 'als', 'nieuwe', 'datum', 'voor', 'het', 'nieuwjaar', '1', 'april', 'vast', '.']	[0, 1, 2, 0, 0, 0, 0, 0, 0, 0, 0, 0, 0, 0]	nl	Koning Rama V stelde als nieuwe datum voor het nieuwjaar 1 april vast.
"['De', 'oosterse', 'beuk', 'is', 'verwant', 'aan', 'de', 'in', 'Nederland', 'en', 'België', 'voorkomende', 'beuk', '(', '""', 'Fagus', 'sylvatica', '""', ')', 'en', 'lijkt', 'hier', 'qua', 'uiterlijk', 'ook', 'op', '.']"	[0, 0, 0, 0, 0, 0, 0, 0, 5, 0, 5, 0, 0, 0, 0, 0, 0, 0, 0, 0, 0, 0, 0, 0, 0, 0, 0]	nl	"De oosterse beuk is verwant aan de in Nederland en België voorkomende beuk (""Fagus sylvatica"") en lijkt hier qua uiterlijk ook op."
"['Een', '""', 'Charango', '""', 'is', 'een', 'snaarinstrument', 'uit', 'Zuid-Amerika', '.']"	[0, 0, 0, 0, 0, 0, 0, 0, 5, 0]	nl	"Een ""Charango"" is een snaarinstrument uit Zuid-Amerika."
['In', 'de', 'eindronde', 'ging', 'het', 'echter', 'mis', 'en', 'werd', 'zowel', 'tegen', 'Rayo', 'Majadahonda', 'als', 'Extremadura', 'UD', 'verloren', '.']	[0, 0, 0, 0, 0, 0, 0, 0, 0, 0, 0, 3, 4, 0, 3, 4, 0, 0]	nl	In de eindronde ging het echter mis en werd zowel tegen Rayo Majadahonda als Extremadura UD verloren.
['In', 'het', 'uiteindelijke', 'scenario', 'zingt', 'en', 'danst', 'Gene', 'Kelly', 'het', 'lied', 'in', 'de', 'wereldberoemde', 'scène', 'waar', 'hij', 'in', 'de', 'regen', 'danst', '.']	[0, 0, 0, 0, 0, 0, 0, 1, 2, 0, 0, 0, 0, 0, 0, 0, 0, 0, 0, 0, 0, 0]	nl	In het uiteindelijke scenario zingt en danst Gene Kelly het lied in de wereldberoemde scène waar hij in de regen danst.
['Deze', 'twee', 'kampioenschappen', 'vonden', 'plaats', 'op', '24', 'en', '25', 'januari', 'in', 'Sankt', 'Moritz', ',', 'Zwitserland', '.']	[0, 0, 0, 0, 0, 0, 0, 0, 0, 0, 0, 5, 6, 0, 5, 0]	nl	Deze twee kampioenschappen vonden plaats op 24 en 25 januari in Sankt Moritz, Zwitserland.
['Het', 'is', 'een', 'steltloper', 'die', 'voorkomt', 'in', 'grote', 'delen', 'van', 'Afrika', 'ten', 'zuiden', 'van', 'de', 'Sahara', 'in', 'savannegebieden', '.']	[0, 0, 0, 0, 0, 0, 0, 0, 0, 0, 5, 0, 0, 0, 0, 5, 0, 0, 0]	nl	Het is een steltloper die voorkomt in grote delen van Afrika ten zuiden van de Sahara in savannegebieden.
['In', 'de', 'rest', 'van', 'de', 'laatste', 'jaren', 'van', 'de', 'stomme', 'film', 'was', 'ze', 'de', 'vrouw', 'op', 'de', 'voorgrond', 'in', 'films', 'en', 'was', 'ze', 'te', 'zien', 'naast', 'onder', 'andere', 'Adolphe', 'Menjou', 'en', 'W.C.', 'Fields', '.']	[0, 0, 0, 0, 0, 0, 0, 0, 0, 0, 0, 0, 0, 0, 0, 0, 0, 0, 0, 0, 0, 0, 0, 0, 0, 0, 0, 0, 1, 2, 0, 1, 2, 0]	nl	In de rest van de laatste jaren van de stomme film was ze de vrouw op de voorgrond in films en was ze te zien naast onder andere Adolphe Menjou en W.C. Fields.
['Op', '13', 'augustus', '1973', 'begon', 'regisseur', 'Nikolai', 'van', 'der', 'Heyde', 'met', 'de', 'opnamen', 'van', 'de', 'film', '.']	[0, 0, 0, 0, 0, 0, 1, 2, 2, 2, 0, 0, 0, 0, 0, 0, 0]	nl	Op 13 augustus 1973 begon regisseur Nikolai van der Heyde met de opnamen van de film.
['In', 'de', 'Verenigde', 'Staten', 'bijvoorbeeld', 'wordt', 'daar', 'in', 'het', 'onderwijs', 'aandacht', 'aan', 'besteed', '.']	[0, 0, 5, 6, 0, 0, 0, 0, 0, 0, 0, 0, 0, 0]	nl	In de Verenigde Staten bijvoorbeeld wordt daar in het onderwijs aandacht aan besteed.
['De', 'hoofdrollen', 'werden', 'vertolkt', 'door', 'Mamie', 'Van', 'Doren', ',', 'Mel', 'Tormé', 'en', 'Ray', 'Anthony', '.']	[0, 0, 0, 0, 0, 1, 2, 2, 0, 1, 2, 0, 1, 2, 0]	nl	De hoofdrollen werden vertolkt door Mamie Van Doren, Mel Tormé en Ray Anthony.
['Zijn', 'cultstatus', 'bereikte', 'bijna', 'het', 'niveau', 'van', 'Otto', 'von', 'Bismarck', '.']	[0, 0, 0, 0, 0, 0, 0, 1, 2, 2, 0]	nl	Zijn cultstatus bereikte bijna het niveau van Otto von Bismarck.
['Bij', 'de', 'gevechten', 'in', 'het', 'slot', 'die', 'daarop', 'volgden', 'werden', 'Herman', 'de', 'Ruyter', 'en', 'nog', 'acht', 'andere', 'mannen', 'gedood', '.']	[0, 0, 0, 0, 0, 0, 0, 0, 0, 0, 1, 2, 2, 0, 0, 0, 0, 0, 0, 0]	nl	Bij de gevechten in het slot die daarop volgden werden Herman de Ruyter en nog acht andere mannen gedood.
['De', 'originele', 'kunstwerken', ',', 'daterend', 'van', 'de', 'tweede', 'helft', 'van', 'de', 'negentiende', 'eeuw', ',', 'werden', 'in', 'de', 'Eerste', 'Wereldoorlog', 'volledig', 'vernield', '.']	[0, 0, 0, 0, 0, 0, 0, 0, 0, 0, 0, 0, 0, 0, 0, 0, 0, 7, 8, 0, 0, 0]	nl	De originele kunstwerken, daterend van de tweede helft van de negentiende eeuw, werden in de Eerste Wereldoorlog volledig vernield.
['Het', 'Huis', 'van', 'de', 'Sovjets', 'dat', 'er', 'vervolgens', 'werd', 'gebouwd', ',', 'kreeg', 'tijdens', 'de', 'bouw', 'in', 'de', 'jaren', '1980', 'te', 'maken', 'met', 'verzakkingen', ',', 'doordat', 'ondergrondse', 'tunnels', 'onder', 'het', 'voormalige', 'kasteel', 'instortten', 'onder', 'de', 'druk', '.']	[0, 5, 6, 6, 6, 0, 0, 0, 0, 0, 0, 0, 0, 0, 0, 0, 0, 0, 0, 0, 0, 0, 0, 0, 0, 0, 0, 0, 0, 0, 0, 0, 0, 0, 0, 0]	nl	Het Huis van de Sovjets dat er vervolgens werd gebouwd, kreeg tijdens de bouw in de jaren 1980 te maken met verzakkingen, doordat ondergrondse tunnels onder het voormalige kasteel instortten onder de druk.
['De', 'soort', 'komt', 'voor', 'van', 'Zuid', '-', 'en', 'Centraal-Europa', 'tot', 'Centraal-Azië', 'en', 'Japan', '.']	[0, 0, 0, 0, 0, 0, 0, 0, 5, 0, 5, 0, 5, 0]	nl	De soort komt voor van Zuid - en Centraal-Europa tot Centraal-Azië en Japan.
['De', 'UEFA', 'hanteert', 'ook', 'een', 'systeem', 'waarbij', 'clubs', 'een', 'onderscheiding', 'op', 'het', 'shirt', 'krijgen', 'bij', 'het', 'winnen', 'van', 'een', 'titel', '.']	[0, 3, 0, 0, 0, 0, 0, 0, 0, 0, 0, 0, 0, 0, 0, 0, 0, 0, 0, 0, 0]	nl	De UEFA hanteert ook een systeem waarbij clubs een onderscheiding op het shirt krijgen bij het winnen van een titel.
"['In', 'Japan', 'en', 'de', 'Verenigde', 'Staten', 'komen', 'spanningen', 'voor', 'met', 'een', 'frequentie', 'van', '60', '""', 'Hz', ',', 'de', 'frequentie', 'van', 'het', 'lichtnet', 'aldaar', '.']"	[0, 5, 0, 0, 5, 6, 0, 0, 0, 0, 0, 0, 0, 0, 0, 0, 0, 0, 0, 0, 0, 0, 0, 0]	nl	"In Japan en de Verenigde Staten komen spanningen voor met een frequentie van 60 ""Hz, de frequentie van het lichtnet aldaar."
['Hij', 'maakte', 'in', '1972', 'en', '1973', 'deel', 'uit', 'van', 'Sly', '&', 'the', 'Family', 'Stone', '.']	[0, 0, 0, 0, 0, 0, 0, 0, 0, 3, 4, 4, 4, 4, 0]	nl	Hij maakte in 1972 en 1973 deel uit van Sly & the Family Stone.
['Het', 'nummer', 'was', 'een', 'gigantisch', 'succes', ',', 'met', 'nummer', '1-posities', 'over', 'de', 'hele', 'wereld', 'en', 'verbroken', 'streamingrecords', 'op', 'Spotify', '.']	[0, 0, 0, 0, 0, 0, 0, 0, 0, 0, 0, 0, 0, 0, 0, 0, 0, 0, 7, 0]	nl	Het nummer was een gigantisch succes, met nummer 1-posities over de hele wereld en verbroken streamingrecords op Spotify.
['De', 'Europese', 'Raad', 'kwam', 'hierover', 'op', '13', 'juli', '2015', 'tot', 'een', 'akkoord', '.']	[0, 3, 4, 0, 0, 0, 0, 0, 0, 0, 0, 0, 0]	nl	De Europese Raad kwam hierover op 13 juli 2015 tot een akkoord.
['Zijn', 'seksuele', 'bevrijding', 'beleefde', 'hij', 'tijdens', 'een', 'verblijf', 'in', 'India', '.']	[0, 0, 0, 0, 0, 0, 0, 0, 0, 5, 0]	nl	Zijn seksuele bevrijding beleefde hij tijdens een verblijf in India.
['Dit', 'zal', 'de', 'eerste', 'productie', 'zijn', 'die', 'geen', 'gebruik', 'maakt', 'van', 'de', 'bekende', 'choreografie', 'van', 'Jerome', 'Robbins', '(', 'of', 'soort-gelijke', 'jazz-ballet', ')', ',', 'maar', 'een', 'nieuwe', 'choreografie', 'krijgt', '.']	[0, 0, 0, 0, 0, 0, 0, 0, 0, 0, 0, 0, 0, 0, 0, 1, 2, 0, 0, 0, 0, 0, 0, 0, 0, 0, 0, 0, 0]	nl	Dit zal de eerste productie zijn die geen gebruik maakt van de bekende choreografie van Jerome Robbins (of soort-gelijke jazz-ballet), maar een nieuwe choreografie krijgt.
['Met', 'hem', 'kreeg', 'ze', 'twee', 'kinderen', 'in', 'Italië', '.']	[0, 0, 0, 0, 0, 0, 0, 5, 0]	nl	Met hem kreeg ze twee kinderen in Italië.
['Datzelfde', 'jaar', 'debuteerde', 'hij', 'hiermee', 'in', 'de', 'UEFA', 'Champions', 'League', ',', 'nadat', 'hij', 'in', 'de', 'voorgaande', 'drie', 'jaar', 'al', 'met', 'de', 'club', 'uitkwam', 'in', 'de', 'UEFA', 'Europa', 'League', '.']	[0, 0, 0, 0, 0, 0, 0, 7, 8, 8, 0, 0, 0, 0, 0, 0, 0, 0, 0, 0, 0, 0, 0, 0, 0, 7, 8, 8, 0]	nl	Datzelfde jaar debuteerde hij hiermee in de UEFA Champions League, nadat hij in de voorgaande drie jaar al met de club uitkwam in de UEFA Europa League.
['Hij', 'kreeg', 'er', 'les', 'van', 'Abraham', 'Gottlob', 'Werner', ',', 'de', 'bedenker', 'van', 'het', 'neptunisme', '.']	[0, 0, 0, 0, 0, 1, 2, 2, 0, 0, 0, 0, 0, 0, 0]	nl	Hij kreeg er les van Abraham Gottlob Werner, de bedenker van het neptunisme.
['Met', 'een', 'oppervlakte', 'van', '3859,1', 'km', '²', 'is', 'het', 'de', '55e', 'provincie', 'qua', 'omvang', 'in', 'Thailand', '.']	[0, 0, 0, 0, 0, 0, 0, 0, 0, 0, 0, 0, 0, 0, 0, 5, 0]	nl	Met een oppervlakte van 3859,1 km ² is het de 55e provincie qua omvang in Thailand.
['Deze', 'bewering', 'is', 'in', '2012', 'bevestigd', 'door', 'het', 'Guinness', 'Book', 'of', 'Records', '.']	[0, 0, 0, 0, 0, 0, 0, 0, 7, 8, 8, 8, 0]	nl	Deze bewering is in 2012 bevestigd door het Guinness Book of Records.
"['""', 'Peroryctes', 'broadbenti', '""', ',', 'ook', 'wel', '""', 'reuzenbuidelrat', '""', ',', 'is', 'een', 'buideldas', 'uit', 'het', 'geslacht', '""', 'Peroryctes', '""', 'die', 'voorkomt', 'in', 'het', 'zuidoosten', 'van', 'Nieuw-Guinea', ',', 'waarschijnlijk', 'voornamelijk', 'in', 'het', 'laagland', '.']"	[0, 0, 0, 0, 0, 0, 0, 0, 0, 0, 0, 0, 0, 0, 0, 0, 0, 0, 0, 0, 0, 0, 0, 0, 0, 0, 5, 0, 0, 0, 0, 0, 0, 0]	nl	"""Peroryctes broadbenti"", ook wel ""reuzenbuidelrat"", is een buideldas uit het geslacht ""Peroryctes"" die voorkomt in het zuidoosten van Nieuw-Guinea, waarschijnlijk voornamelijk in het laagland."
['Het', 'was', 'de', 'tweede', 'single', 'van', 'het', 'album', 'The', 'Fat', 'of', 'the', 'Land', '.']	[0, 0, 0, 0, 0, 0, 0, 0, 7, 8, 8, 8, 8, 0]	nl	Het was de tweede single van het album The Fat of the Land.
['Hij', 'werd', 'in', 'de', 'winterstop', 'van', 'het', 'seizoen', '2007', '/', '08', 'voor', '2.5', 'miljoen', 'euro', 'overgenomen', 'door', 'Borussia', 'Dortmund', '.']	[0, 0, 0, 0, 0, 0, 0, 0, 0, 0, 0, 0, 0, 0, 0, 0, 0, 3, 4, 0]	nl	Hij werd in de winterstop van het seizoen 2007 / 08 voor 2.5 miljoen euro overgenomen door Borussia Dortmund.
['Prince', 'als', 'zichzelf', 'staat', 'achter', 'een', 'opstelling', 'van', 'studio-apparatuur', 'en', 'speelt', 'hier', 'ook', 'zijn', 'gitaar', '.']	[1, 0, 0, 0, 0, 0, 0, 0, 0, 0, 0, 0, 0, 0, 0, 0]	nl	Prince als zichzelf staat achter een opstelling van studio-apparatuur en speelt hier ook zijn gitaar.
['Danny', 'Makkelie', 'en', 'Pol', 'van', 'Boekel', 'gingen', 'mee', 'als', 'vijfde', 'en', 'zesde', 'official', '.']	[1, 2, 0, 1, 2, 2, 0, 0, 0, 0, 0, 0, 0, 0]	nl	Danny Makkelie en Pol van Boekel gingen mee als vijfde en zesde official.
['Hij', 'viel', 'die', 'dag', 'in', 'de', '80e', 'minuut', 'in', 'voor', 'Nikola', 'Žigić', '.']	[0, 0, 0, 0, 0, 0, 0, 0, 0, 0, 1, 2, 0]	nl	Hij viel die dag in de 80e minuut in voor Nikola Žigić.
['Het', 'hemelobject', 'werd', 'op', '9', 'december', '1784', 'ontdekt', 'door', 'de', 'Duits-Britse', 'astronoom', 'William', 'Herschel', '.']	[0, 0, 0, 0, 0, 0, 0, 0, 0, 0, 0, 0, 1, 2, 0]	nl	Het hemelobject werd op 9 december 1784 ontdekt door de Duits-Britse astronoom William Herschel.
['Hij', 'groeide', 'op', 'zijn', 'zeventiende', 'uit', 'tot', 'basisspeler', 'bij', 'VfL', 'Bochum', 'en', 'kwam', 'dat', 'seizoen', '32', 'speelronden', 'in', 'actie', '.']	[0, 0, 0, 0, 0, 0, 0, 0, 0, 3, 4, 0, 0, 0, 0, 0, 0, 0, 0, 0]	nl	Hij groeide op zijn zeventiende uit tot basisspeler bij VfL Bochum en kwam dat seizoen 32 speelronden in actie.
['In', 'Canada', 'werd', 'de', 'charter', ',', 'waarin', 'elk', 'boek', 'zijn', 'eigen', 'zitplaats', 'had', ',', 'ingehaald', 'door', 'premier', 'Paul', 'Martin', 'en', 'leiders', 'van', 'de', 'Sikhgemeenschap', '.']	[0, 5, 0, 0, 0, 0, 0, 0, 0, 0, 0, 0, 0, 0, 0, 0, 0, 1, 2, 0, 0, 0, 0, 0, 0]	nl	In Canada werd de charter, waarin elk boek zijn eigen zitplaats had, ingehaald door premier Paul Martin en leiders van de Sikhgemeenschap.
['Vanaf', '2016', 'ging', 'hij', 'weer', 'voor', 'Istanbul', 'Başakşehir', 'spelen', '.']	[0, 0, 0, 0, 0, 0, 3, 4, 0, 0]	nl	Vanaf 2016 ging hij weer voor Istanbul Başakşehir spelen.
['In', 'het', 'Verenigd', 'Koninkrijk', 'kenden', 'Lisa', 'Stansfield', 'en', 'Beverley', 'Knight', 'succes', '.']	[0, 0, 5, 6, 0, 1, 2, 0, 1, 2, 0, 0]	nl	In het Verenigd Koninkrijk kenden Lisa Stansfield en Beverley Knight succes.
['Op', '24', 'juni', 'werd', 'hij', 'hierin', 'als', 'eerste', 'gekozen', ',', 'door', 'de', 'Cleveland', 'Cavaliers', '.']	[0, 0, 0, 0, 0, 0, 0, 0, 0, 0, 0, 0, 3, 4, 0]	nl	Op 24 juni werd hij hierin als eerste gekozen, door de Cleveland Cavaliers.
['Zijn', 'mausoleum', 'was', 'de', 'kerk', 'van', 'de', 'heilige', 'apostelen', 'in', 'het', 'westen', 'van', 'Constantinopel', '.']	[0, 0, 0, 0, 0, 0, 0, 0, 0, 0, 0, 0, 0, 5, 0]	nl	Zijn mausoleum was de kerk van de heilige apostelen in het westen van Constantinopel.
['Het', 'gezin', 'hield', 'van', 'muziek', 'en', 'dan', 'met', 'name', 'die', 'van', 'Alban', 'Berg', 'en', 'Arnold', 'Schönberg', '.']	[0, 0, 0, 0, 0, 0, 0, 0, 0, 0, 0, 1, 2, 0, 1, 2, 0]	nl	Het gezin hield van muziek en dan met name die van Alban Berg en Arnold Schönberg.
['Maleisië', 'bezit', 'drie', 'eilanden', '.']	[5, 0, 0, 0, 0]	nl	Maleisië bezit drie eilanden.
['Musici', 'als', 'Simion', 'Stanciu', ',', 'Nicolae', 'Pirvu', 'en', 'anderen', 'hebben', 'aangetoond', ',', 'dat', 'de', 'panfluit', 'zich', 'ook', 'goed', 'leent', 'voor', 'uitvoeringen', 'van', 'klassieke', 'muziek', '.']	[0, 0, 1, 2, 0, 1, 2, 0, 0, 0, 0, 0, 0, 0, 0, 0, 0, 0, 0, 0, 0, 0, 0, 0, 0]	nl	Musici als Simion Stanciu, Nicolae Pirvu en anderen hebben aangetoond, dat de panfluit zich ook goed leent voor uitvoeringen van klassieke muziek.
['De', 'haven', 'van', 'Mesaieed', 'ligt', 'ongeveer', '50', 'kilometer', 'ten', 'zuiden', 'van', 'de', 'hoofdstad', '.']	[0, 0, 0, 5, 0, 0, 0, 0, 0, 0, 0, 0, 0, 0]	nl	De haven van Mesaieed ligt ongeveer 50 kilometer ten zuiden van de hoofdstad.
['Later', 'dat', 'jaar', 'won', 'hij', 'wel', 'een', 'gouden', 'medaille', 'bij', 'de', 'wereldatletiekfinale', 'in', 'Stuttgart', '.']	[0, 0, 0, 0, 0, 0, 0, 0, 0, 0, 0, 0, 0, 5, 0]	nl	Later dat jaar won hij wel een gouden medaille bij de wereldatletiekfinale in Stuttgart.
['Er', 'zijn', 'minibusjes', 'die', 'toeristische', 'tochten', 'maken', 'naar', 'de', 'Rots', 'van', 'Gibraltar', 'en', 'het', 'natuurreservaat', '.']	[0, 0, 0, 0, 0, 0, 0, 0, 0, 5, 6, 6, 0, 0, 0, 0]	nl	Er zijn minibusjes die toeristische tochten maken naar de Rots van Gibraltar en het natuurreservaat.
['De', 'wagen', 'is', 'gebaseerd', 'op', 'de', 'BMW', '5-serie', '.']	[0, 0, 0, 0, 0, 0, 7, 8, 0]	nl	De wagen is gebaseerd op de BMW 5-serie.
['Hij', 'werd', 'in', '2014', 'aangesteld', 'als', 'hoofdcoach', 'van', 'Werder', 'Bremen', '.']	[0, 0, 0, 0, 0, 0, 0, 0, 3, 4, 0]	nl	Hij werd in 2014 aangesteld als hoofdcoach van Werder Bremen.
['Anderen', 'zoals', 'Otto', 'Dix', 'belandden', 'in', 'een', 'gevangenis', '.']	[0, 0, 1, 2, 0, 0, 0, 0, 0]	nl	Anderen zoals Otto Dix belandden in een gevangenis.
['Zij', 'stapte', 'bij', 'hem', 'in', 'de', 'auto', ',', 'een', 'Volkswagen', 'Kever', '.']	[0, 0, 0, 0, 0, 0, 0, 0, 0, 7, 8, 0]	nl	Zij stapte bij hem in de auto, een Volkswagen Kever.
['Verreweg', 'de', 'meesten', 'van', 'al', 'die', 'vluchtelingen', 'kwamen', 'uiteindelijk', 'in', 'Anatolië', 'terecht', '.']	[0, 0, 0, 0, 0, 0, 0, 0, 0, 0, 5, 0, 0]	nl	Verreweg de meesten van al die vluchtelingen kwamen uiteindelijk in Anatolië terecht.
['Het', 'Nederlandse', 'bedrijf', 'Strukton', 'is', 'kandidaat', 'voor', 'de', 'aanleg', '.']	[0, 7, 0, 3, 0, 0, 0, 0, 0, 0]	nl	Het Nederlandse bedrijf Strukton is kandidaat voor de aanleg.
['De', 'Wiener', 'Philharmoniker', 'weten', 'sinds', 'de', 'toepassing', 'van', 'televisie', 'het', 'oog', 'van', 'de', 'wereld', 'op', 'zich', 'gericht', 'bij', 'de', 'traditionele', 'uitzending', 'van', 'het', 'Nieuwjaarsconcert', ',', 'dat', 'door', 'miljoenen', 'kijkers', 'wordt', 'gevolgd', '.']	[0, 3, 4, 0, 0, 0, 0, 0, 0, 0, 0, 0, 0, 0, 0, 0, 0, 0, 0, 0, 0, 0, 0, 7, 0, 0, 0, 0, 0, 0, 0, 0]	nl	De Wiener Philharmoniker weten sinds de toepassing van televisie het oog van de wereld op zich gericht bij de traditionele uitzending van het Nieuwjaarsconcert, dat door miljoenen kijkers wordt gevolgd.
['Na', 'zes', 'maanden', 'en', 'vier', 'competitiewedstrijden', 'vertrok', 'hij', 'richting', 'Cyprus', '.']	[0, 0, 0, 0, 0, 0, 0, 0, 0, 5, 0]	nl	Na zes maanden en vier competitiewedstrijden vertrok hij richting Cyprus.
['Later', 'werd', 'de', 'stad', 'aan', 'Zweden', 'overgedragen', '.']	[0, 0, 0, 0, 0, 5, 0, 0]	nl	Later werd de stad aan Zweden overgedragen.
['Overigens', 'is', 'in', 'de', 'latere', 'gameboys', 'de', 'mogelijkheid', 'om', 'via', 'infrarood', 'te', 'spelen', 'geschrapt', ',', 'zoals', 'bij', 'de', 'Game', 'Boy', 'Advance', '.']	[0, 0, 0, 0, 0, 0, 0, 0, 0, 0, 0, 0, 0, 0, 0, 0, 0, 0, 7, 8, 8, 0]	nl	Overigens is in de latere gameboys de mogelijkheid om via infrarood te spelen geschrapt, zoals bij de Game Boy Advance.
['De', 'grootste', 'inspiratie', 'voor', 'de', 'film', 'blijft', 'echter', 'Romeo', 'en', 'Julia', 'zelf', '.']	[0, 0, 0, 0, 0, 0, 0, 0, 7, 8, 8, 0, 0]	nl	De grootste inspiratie voor de film blijft echter Romeo en Julia zelf.
['In', 'de', 'Romeinse', 'tijd', 'lag', 'hier', 'de', 'plaats', 'Oplontis', '.']	[0, 0, 0, 0, 0, 0, 0, 0, 5, 0]	nl	In de Romeinse tijd lag hier de plaats Oplontis.
['In', 'de', 'tussentijd', 'speelde', 'hij', 'ook', 'nog', 'op', 'twee', 'albums', 'van', 'David', 'Bowie', 'mee', '.']	[0, 0, 0, 0, 0, 0, 0, 0, 0, 0, 0, 1, 2, 0, 0]	nl	In de tussentijd speelde hij ook nog op twee albums van David Bowie mee.
['In', 'juli', '2011', 'tekende', 'de', 'middenvelder', 'voor', 'drie', 'jaar', 'bij', 'Orduspor', '.']	[0, 0, 0, 0, 0, 0, 0, 0, 0, 0, 3, 0]	nl	In juli 2011 tekende de middenvelder voor drie jaar bij Orduspor.
['Door', 'een', 'foutief', 'opgegeven', 'afvuurhoek', '(', '64', 'graden', ')', 'schoten', 'de', 'raketten', 'het', 'doel', 'voorbij', 'en', 'kwamen', 'neer', 'in', 'de', 'buurt', 'van', 'Gent', '.']	[0, 0, 0, 0, 0, 0, 0, 0, 0, 0, 0, 0, 0, 0, 0, 0, 0, 0, 0, 0, 0, 0, 5, 0]	nl	Door een foutief opgegeven afvuurhoek (64 graden) schoten de raketten het doel voorbij en kwamen neer in de buurt van Gent.
['Het', 'door', 'hem', 'beschreven', 'vogelgeslacht', 'is', 'inheems', 'in', 'Zuid-Amerika', '.']	[0, 0, 0, 0, 0, 0, 0, 0, 5, 0]	nl	Het door hem beschreven vogelgeslacht is inheems in Zuid-Amerika.
['Deze', 'verandering', 'was', 'voor', 'Martin', 'Brest', 'de', 'reden', 'om', 'drie', 'weken', 'voor', 'het', 'begin', 'van', 'de', 'productie', 'af', 'te', 'zien', 'van', 'de', 'regie', '.']	[0, 0, 0, 0, 1, 2, 0, 0, 0, 0, 0, 0, 0, 0, 0, 0, 0, 0, 0, 0, 0, 0, 0, 0]	nl	Deze verandering was voor Martin Brest de reden om drie weken voor het begin van de productie af te zien van de regie.
['Betty', 'Stöve', 'was', 'in', '1977', 'verliezend', 'finaliste', 'tegen', 'de', 'Britse', 'Virginia', 'Wade', 'en', 'Tom', 'Okker', 'speelde', 'in', '1978', 'de', 'halve', 'finale', '.']	[1, 2, 0, 0, 0, 0, 0, 0, 0, 0, 1, 2, 0, 1, 2, 0, 0, 0, 0, 0, 0, 0]	nl	Betty Stöve was in 1977 verliezend finaliste tegen de Britse Virginia Wade en Tom Okker speelde in 1978 de halve finale.
['De', 'eerste', 'stelselmatige', 'beschrijvingen', 'van', 'placodermen', 'werden', 'gepubliceerd', 'door', 'de', 'Zwitserse', 'natuuronderzoeker', 'Louis', 'Agassiz', '(', '1807', '-', '1873', ')', ',', 'in', 'een', 'vijfdelig', 'werk', 'over', 'fossiele', 'vissen', '(', '1833', '-', '1843', ')', '.']	[0, 0, 0, 0, 0, 0, 0, 0, 0, 0, 0, 0, 1, 2, 0, 0, 0, 0, 0, 0, 0, 0, 0, 0, 0, 0, 0, 0, 0, 0, 0, 0, 0]	nl	De eerste stelselmatige beschrijvingen van placodermen werden gepubliceerd door de Zwitserse natuuronderzoeker Louis Agassiz (1807 - 1873), in een vijfdelig werk over fossiele vissen (1833 - 1843).
['Op', '9', 'juli', '2008', 'bereikte', 'Atlético', 'Nacional', 'een', 'akkoord', 'met', 'OGC', 'Nice', ',', 'dat', 'twee', 'miljoen', 'euro', 'betaalde', 'voor', 'de', 'doelman', '.']	[0, 0, 0, 0, 0, 3, 4, 0, 0, 0, 3, 4, 0, 0, 0, 0, 0, 0, 0, 0, 0, 0]	nl	Op 9 juli 2008 bereikte Atlético Nacional een akkoord met OGC Nice, dat twee miljoen euro betaalde voor de doelman.
['In', 'India', 'zijn', 'de', 'populaties', 'weer', 'wat', 'aangesterkt', 'door', 'de', 'dieren', 'in', 'gevangenschap', 'groot', 'te', 'brengen', ',', 'maar', 'buiten', 'India', 'zijn', 'de', 'dieren', 'erg', 'zeldzaam', '.']	[0, 5, 0, 0, 0, 0, 0, 0, 0, 0, 0, 0, 0, 0, 0, 0, 0, 0, 0, 5, 0, 0, 0, 0, 0, 0]	nl	In India zijn de populaties weer wat aangesterkt door de dieren in gevangenschap groot te brengen, maar buiten India zijn de dieren erg zeldzaam.
['Ze', 'vertegenwoordigde', 'haar', 'vaderland', 'op', 'de', 'Olympische', 'Winterspelen', '2018', 'in', 'Pyeongchang', '.']	[0, 0, 0, 0, 0, 0, 7, 8, 8, 0, 5, 0]	nl	Ze vertegenwoordigde haar vaderland op de Olympische Winterspelen 2018 in Pyeongchang.
['Hoewel', 'de', 'film', 'speelt', 'in', 'de', 'jaren', '20', 'van', 'de', '20e', 'eeuw', ',', 'gebruikte', 'Vangelis', 'elektronische', 'muziek', 'uit', 'de', 'jaren', '80', 'als', 'basis', 'voor', 'de', 'geluidsband', '.']	[0, 0, 0, 0, 0, 0, 0, 0, 0, 0, 0, 0, 0, 0, 1, 0, 0, 0, 0, 0, 0, 0, 0, 0, 0, 0, 0]	nl	Hoewel de film speelt in de jaren 20 van de 20e eeuw, gebruikte Vangelis elektronische muziek uit de jaren 80 als basis voor de geluidsband.
['Toen', 'vervolgens', 'de', 'Tweede', 'Wereldoorlog', 'uitbrak', ',', 'kwam', 'hij', ',', 'nog', 'geen', 'negentien', 'jaar', 'oud', ',', 'in', 'het', 'leger', 'terecht', 'en', 'werd', 'hij', 'naar', 'de', 'Belgische', 'grens', 'gezonden', '.']	[0, 0, 0, 7, 8, 0, 0, 0, 0, 0, 0, 0, 0, 0, 0, 0, 0, 0, 0, 0, 0, 0, 0, 0, 0, 7, 0, 0, 0]	nl	Toen vervolgens de Tweede Wereldoorlog uitbrak, kwam hij, nog geen negentien jaar oud, in het leger terecht en werd hij naar de Belgische grens gezonden.
['De', 'omgeving', 'bestaat', 'uit', 'struikloze', 'toendra', 'en', 'de', 'vegetatie', 'wordt', 'er', 'sterk', 'bepaald', 'door', 'de', 'nabijheid', 'van', 'de', 'Beringzee', 'en', 'door', 'passaatwinden', '.']	[0, 0, 0, 0, 0, 0, 0, 0, 0, 0, 0, 0, 0, 0, 0, 0, 0, 0, 5, 0, 0, 0, 0]	nl	De omgeving bestaat uit struikloze toendra en de vegetatie wordt er sterk bepaald door de nabijheid van de Beringzee en door passaatwinden.
['Sommige', 'critici', ',', 'waaronder', 'Roger', 'Ebert', ',', 'beschouwen', 'de', 'film', 'als', 'een', 'van', 'de', 'sterkste', 'oorlogsfilms', 'ooit', 'gemaakt', '.']	[0, 0, 0, 0, 1, 2, 0, 0, 0, 0, 0, 0, 0, 0, 0, 0, 0, 0, 0]	nl	Sommige critici, waaronder Roger Ebert, beschouwen de film als een van de sterkste oorlogsfilms ooit gemaakt.
['De', 'honderden', 'illustraties', 'zijn', 'van', 'Anton', 'Pieck', ',', 'die', 'hiervoor', 'inspiratie', 'ontleende', 'aan', 'zijn', 'zes', 'weken', 'durende', 'verblijf', 'in', 'Marokko', 'in', '1937', '.']	[0, 0, 0, 0, 0, 1, 2, 0, 0, 0, 0, 0, 0, 0, 0, 0, 0, 0, 0, 5, 0, 0, 0]	nl	De honderden illustraties zijn van Anton Pieck, die hiervoor inspiratie ontleende aan zijn zes weken durende verblijf in Marokko in 1937.
['In', 'de', 'late', '19e', 'eeuw', 'werd', 'koper', 'vervangen', 'door', 'brons', ',', 'hoewel', 'in', 'de', 'Franse', 'Revolutie', 'al', 'munten', 'van', 'klokkenbrons', 'werden', 'gemaakt', '.']	[0, 0, 0, 0, 0, 0, 0, 0, 0, 0, 0, 0, 0, 0, 7, 8, 0, 0, 0, 0, 0, 0, 0]	nl	In de late 19e eeuw werd koper vervangen door brons, hoewel in de Franse Revolutie al munten van klokkenbrons werden gemaakt.
['In', '2007', 'ging', 'ze', 'daarnaast', 'ook', 'bij', 'FC', 'Twente', 'in', 'de', 'jeugd', 'voetballen', '.']	[0, 0, 0, 0, 0, 0, 0, 3, 4, 0, 0, 0, 0, 0]	nl	In 2007 ging ze daarnaast ook bij FC Twente in de jeugd voetballen.
['Het', 'gebied', 'werd', 'betwist', 'door', 'het', 'Grootvorstendom', 'Litouwen', 'en', 'het', 'Kievse', 'Rijk', 'en', 'veranderde', 'enkele', 'keren', 'van', 'eigenaar', '.']	[0, 0, 0, 0, 0, 0, 5, 6, 0, 0, 5, 6, 0, 0, 0, 0, 0, 0, 0]	nl	Het gebied werd betwist door het Grootvorstendom Litouwen en het Kievse Rijk en veranderde enkele keren van eigenaar.
['In', 'de', 'periode', '1947', '/', '1948', 'voltooide', 'hij', 'in', 'Düsseldorf', 'een', 'opleiding', 'tot', 'steenhouwer', '.']	[0, 0, 0, 0, 0, 0, 0, 0, 0, 5, 0, 0, 0, 0, 0]	nl	In de periode 1947 / 1948 voltooide hij in Düsseldorf een opleiding tot steenhouwer.
['Brandenburg-Pruisen', 'nodigde', 'de', 'vluchtelingen', 'zelfs', 'uit', '.']	[5, 0, 0, 0, 0, 0, 0]	nl	Brandenburg-Pruisen nodigde de vluchtelingen zelfs uit.
['Het', 'noordoosten', 'van', 'de', 'staat', 'ligt', 'aan', 'het', 'Bovenmeer', '.']	[0, 0, 0, 0, 0, 0, 0, 0, 5, 0]	nl	Het noordoosten van de staat ligt aan het Bovenmeer.
['Na', 'de', 'afsluiting', 'van', 'de', 'Zuiderzee', 'nam', 'de', 'visserij', 'als', 'bron', 'van', 'bestaan', 'sterk', 'af', ',', 'industrie', 'en', 'toerisme', 'namen', 'die', 'plaats', 'in', '.']	[0, 0, 0, 0, 0, 5, 0, 0, 0, 0, 0, 0, 0, 0, 0, 0, 0, 0, 0, 0, 0, 0, 0, 0]	nl	Na de afsluiting van de Zuiderzee nam de visserij als bron van bestaan sterk af, industrie en toerisme namen die plaats in.
['De', 'moderne', 'gelijkstroommotor', 'werd', 'in', '1873', 'bij', 'toeval', '(', 'her', ')', 'ontdekt', 'door', 'Hippolyte', 'Fontaine', 'en', 'Zénobe', 'Gramme', '.']	[0, 0, 0, 0, 0, 0, 0, 0, 0, 0, 0, 0, 0, 1, 2, 0, 1, 2, 0]	nl	De moderne gelijkstroommotor werd in 1873 bij toeval (her) ontdekt door Hippolyte Fontaine en Zénobe Gramme.
['Het', 'ligt', 'ten', 'noordoosten', 'van', 'Hindeloopen', ',', 'ten', 'noorden', 'van', 'Koudum', ',', 'ten', 'westen', 'van', 'Nijhuizum', 'en', 'ten', 'zuidwesten', 'van', 'Ferwoude', '.']	[0, 0, 0, 0, 0, 5, 0, 0, 0, 0, 5, 0, 0, 0, 0, 5, 0, 0, 0, 0, 5, 0]	nl	Het ligt ten noordoosten van Hindeloopen, ten noorden van Koudum, ten westen van Nijhuizum en ten zuidwesten van Ferwoude.
"['De', 'wetenschappelijke', 'naam', 'van', 'de', 'soort', 'werd', 'als', '""', 'Psittacus', 'macao', '""', 'in', '1758', 'gepubliceerd', 'door', 'Carl', 'Linnaeus', '.']"	[0, 0, 0, 0, 0, 0, 0, 0, 0, 0, 0, 0, 0, 0, 0, 0, 1, 2, 0]	nl	"De wetenschappelijke naam van de soort werd als ""Psittacus macao"" in 1758 gepubliceerd door Carl Linnaeus."
['Dit', 'record', 'werd', 'pas', 'in', '1950', 'verbroken', 'door', 'Geoff', 'Duke', '.']	[0, 0, 0, 0, 0, 0, 0, 0, 1, 2, 0]	nl	Dit record werd pas in 1950 verbroken door Geoff Duke.
['Wanneer', 'in', '748', 'Odilo', 'van', 'Beieren', 'sterft', ',', 'probeert', 'Grifo', 'in', 'Beieren', 'de', 'macht', 'te', 'grijpen', '.']	[0, 0, 0, 1, 2, 2, 0, 0, 0, 1, 0, 5, 0, 0, 0, 0, 0]	nl	Wanneer in 748 Odilo van Beieren sterft, probeert Grifo in Beieren de macht te grijpen.
"['Een', 'andere', 'aanduiding', 'is', '""', '9', '/', '11', '""', 'of', '""', 'nine', 'eleven', '""', '(', 'in', 'de', 'Verenigde', 'Staten', 'wordt', 'in', 'het', 'dagelijks', 'taalgebruik', 'eerst', 'de', 'maand', 'en', 'dan', 'de', 'dag', 'genoemd', ')', '.']"	[0, 0, 0, 0, 0, 0, 0, 0, 0, 0, 0, 0, 0, 0, 0, 0, 0, 5, 6, 0, 0, 0, 0, 0, 0, 0, 0, 0, 0, 0, 0, 0, 0, 0]	nl	"Een andere aanduiding is ""9 / 11"" of ""nine eleven"" (in de Verenigde Staten wordt in het dagelijks taalgebruik eerst de maand en dan de dag genoemd)."
"['In', '2000', 'kreeg', 'de', 'film', 'een', 'direct-naar-video', 'vervolg', 'getiteld', '""', 'An', 'Extremely', 'Goofy', 'Movie', '""', '.']"	[0, 0, 0, 0, 0, 0, 0, 0, 0, 0, 7, 8, 8, 8, 0, 0]	nl	"In 2000 kreeg de film een direct-naar-video vervolg getiteld ""An Extremely Goofy Movie""."
['Als', 'resultaat', 'werd', 'het', 'dragen', 'van', 'tartan', 'verboden', ';', '(', 'dit', 'was', 'in', 'Schotland', 'een', 'uiting', 'geworden', 'van', 'jakobistische', 'sympathie', ')', '.']	[0, 0, 0, 0, 0, 0, 0, 0, 0, 0, 0, 0, 0, 5, 0, 0, 0, 0, 0, 0, 0, 0]	nl	Als resultaat werd het dragen van tartan verboden; (dit was in Schotland een uiting geworden van jakobistische sympathie).
['Op', 'haar', 'veertiende', 'zag', 'ze', 'een', 'show', 'van', 'Wim', 'Sonneveld', 'en', 'sindsdien', 'wilde', 'ze', 'het', 'cabaret', 'in', '.']	[0, 0, 0, 0, 0, 0, 0, 0, 1, 2, 0, 0, 0, 0, 0, 0, 0, 0]	nl	Op haar veertiende zag ze een show van Wim Sonneveld en sindsdien wilde ze het cabaret in.
['Hij', 'stroomde', 'in', '2013', 'door', 'vanuit', 'de', 'jeugd', 'van', 'FC', 'Utrecht', '.']	[0, 0, 0, 0, 0, 0, 0, 0, 0, 3, 4, 0]	nl	Hij stroomde in 2013 door vanuit de jeugd van FC Utrecht.
['Haar', 'neef', 'Pieter', 'Hasselaer', 'diende', 'als', 'bode', 'van', 'de', 'prins', '.']	[0, 0, 1, 2, 0, 0, 0, 0, 0, 0, 0]	nl	Haar neef Pieter Hasselaer diende als bode van de prins.
['Later', 'verhuisde', 'Assembléon', 'naar', 'Eindhoven', 'en', 'werd', 'ASML', 'weer', 'eigenaar', 'van', 'het', 'gebouw', '.']	[0, 0, 3, 0, 5, 0, 0, 3, 0, 0, 0, 0, 0, 0]	nl	Later verhuisde Assembléon naar Eindhoven en werd ASML weer eigenaar van het gebouw.
['De', 'dan', 'zeventienjarige', 'middenvelder', 'werd', 'de', 'dirigent', 'van', 'een', 'elftal', 'dat', 'bestond', 'uit', 'namen', 'als', 'Koen', 'Daerden', ',', 'Hans', 'Cornelis', ',', 'Sébastien', 'Pocognoli', 'en', 'Kevin', 'Vandenbergh', '.']	[0, 0, 0, 0, 0, 0, 0, 0, 0, 0, 0, 0, 0, 0, 0, 1, 2, 0, 1, 2, 0, 1, 2, 0, 1, 2, 0]	nl	De dan zeventienjarige middenvelder werd de dirigent van een elftal dat bestond uit namen als Koen Daerden, Hans Cornelis, Sébastien Pocognoli en Kevin Vandenbergh.
['Net', 'zoals', 'alle', 'steden', 'in', 'Litouwen', 'kende', 'de', 'stad', 'een', 'forse', 'terugval', 'van', 'zijn', 'bevolkingsaantal', '.']	[0, 0, 0, 0, 0, 5, 0, 0, 0, 0, 0, 0, 0, 0, 0, 0]	nl	Net zoals alle steden in Litouwen kende de stad een forse terugval van zijn bevolkingsaantal.
['Ten', 'aanzien', 'van', 'de', 'Europese', 'Unie', 'neemt', 'de', 'partij', 'een', 'houding', 'tussen', 'kritisch', 'en', 'positief', 'aan', '.']	[0, 0, 0, 0, 3, 4, 0, 0, 0, 0, 0, 0, 0, 0, 0, 0, 0]	nl	Ten aanzien van de Europese Unie neemt de partij een houding tussen kritisch en positief aan.
['Tijdens', 'de', 'Tweede', 'Wereldoorlog', 'werd', 'de', 'stad', 'nogmaals', 'vrijwel', 'geheel', 'verwoest', '.']	[0, 0, 7, 8, 0, 0, 0, 0, 0, 0, 0, 0]	nl	Tijdens de Tweede Wereldoorlog werd de stad nogmaals vrijwel geheel verwoest.
['Haar', 'krachtige', 'stem', 'combineerde', 'sterk', 'met', 'de', 'wat', 'dunne', 'sopraan', 'van', 'Michelle', 'Phillips', '.']	[0, 0, 0, 0, 0, 0, 0, 0, 0, 0, 0, 1, 2, 0]	nl	Haar krachtige stem combineerde sterk met de wat dunne sopraan van Michelle Phillips.
['In', 'Brits-Columbia', 'paait', 'de', 'zoetwatervorm', 'van', 'september', 'tot', 'oktober', '.']	[0, 5, 0, 0, 0, 0, 0, 0, 0, 0]	nl	In Brits-Columbia paait de zoetwatervorm van september tot oktober.
['Op', 'het', 'Filmfestival', 'van', 'Venetië', 'sleepte', 'deze', 'derde', 'langspeler', 'de', 'juryprijs', 'in', 'de', 'wacht', 'en', 'alle', 'volgende', 'films', 'werden', 'hier', 'ook', 'vertoond', '.']	[0, 0, 7, 8, 8, 0, 0, 0, 0, 0, 0, 0, 0, 0, 0, 0, 0, 0, 0, 0, 0, 0, 0]	nl	Op het Filmfestival van Venetië sleepte deze derde langspeler de juryprijs in de wacht en alle volgende films werden hier ook vertoond.
"['Willem', 'Elsschot', 'die', 'met', '""', 'Lijmen', '""', 'een', 'van', 'de', 'geestigste', 'boeken', 'uit', 'de', 'Nederlandse', 'literatuur', 'schreef', ',', 'beschouwde', 'zichzelf', 'geenszins', 'als', 'humoristisch', '.']"	[1, 2, 0, 0, 0, 7, 0, 0, 0, 0, 0, 0, 0, 0, 7, 0, 0, 0, 0, 0, 0, 0, 0, 0]	nl	"Willem Elsschot die met ""Lijmen"" een van de geestigste boeken uit de Nederlandse literatuur schreef, beschouwde zichzelf geenszins als humoristisch."
['In', 'het', 'gebied', 'is', 'een', 'geslaagde', 'poging', 'gedaan', 'het', 'pimpernelblauwtje', ',', 'een', 'in', 'Nederland', 'uitgestorven', 'vlindersoort', ',', 'te', 'herintroduceren', '.']	[0, 0, 0, 0, 0, 0, 0, 0, 0, 0, 0, 0, 0, 5, 0, 0, 0, 0, 0, 0]	nl	In het gebied is een geslaagde poging gedaan het pimpernelblauwtje, een in Nederland uitgestorven vlindersoort, te herintroduceren.
['De', 'fruitvlieg', 'werd', 'voor', 'het', 'eerst', 'wetenschappelijk', 'beschreven', 'door', 'Johann', 'Wilhelm', 'Meigen', 'in', '1830', '.']	[0, 0, 0, 0, 0, 0, 0, 0, 0, 1, 2, 2, 0, 0, 0]	nl	De fruitvlieg werd voor het eerst wetenschappelijk beschreven door Johann Wilhelm Meigen in 1830.
['Tegen', 'FC', 'Porto', 'legde', 'hij', 'een', 'lange', 'bal', 'vanuit', 'de', 'verdediging', 'met', 'rechts', 'dood', 'en', 'lobde', 'die', 'vervolgens', 'met', 'binnenkant', 'links', 'achter', 'zijn', 'standbeen', 'over', 'de', 'keeper', '.']	[0, 3, 4, 0, 0, 0, 0, 0, 0, 0, 0, 0, 0, 0, 0, 0, 0, 0, 0, 0, 0, 0, 0, 0, 0, 0, 0, 0]	nl	Tegen FC Porto legde hij een lange bal vanuit de verdediging met rechts dood en lobde die vervolgens met binnenkant links achter zijn standbeen over de keeper.
['Karel', 'de', 'Grote', 'streefde', 'ernaar', 'om', 'de', 'kerken', 'met', 'hun', 'nederzettingen', '(', 'kloosters', ')', 'en', 'hun', 'administratieve', 'traditie', '(', 'boekhouding', ')', 'als', 'instrument', 'van', 'toezicht', 'te', 'gebruiken', '.']	[1, 2, 2, 0, 0, 0, 0, 0, 0, 0, 0, 0, 0, 0, 0, 0, 0, 0, 0, 0, 0, 0, 0, 0, 0, 0, 0, 0]	nl	Karel de Grote streefde ernaar om de kerken met hun nederzettingen (kloosters) en hun administratieve traditie (boekhouding) als instrument van toezicht te gebruiken.
['In', 'Nederland', 'krijgen', 'alleen', 'in', 'extensief', 'beheerde', 'weilanden', 'wilde', 'planten', 'en', 'dieren', 'planten', 'een', 'kans', '.']	[0, 5, 0, 0, 0, 0, 0, 0, 0, 0, 0, 0, 0, 0, 0, 0]	nl	In Nederland krijgen alleen in extensief beheerde weilanden wilde planten en dieren planten een kans.
['De', 'wetenschappelijke', 'naam', 'van', 'de', 'soort', 'werd', 'voor', 'het', 'eerst', 'geldig', 'gepubliceerd', 'in', '1852', 'door', 'Carl', 'Ludwig', 'Doleschall', '.']	[0, 0, 0, 0, 0, 0, 0, 0, 0, 0, 0, 0, 0, 0, 0, 1, 2, 2, 0]	nl	De wetenschappelijke naam van de soort werd voor het eerst geldig gepubliceerd in 1852 door Carl Ludwig Doleschall.
"['De', 'moderne', 'dwarsfluit', ',', 'tegenwoordig', 'meestal', 'van', 'metaal', ',', 'is', 'door', 'Theobald', 'Böhm', 'ontwikkeld', 'uit', 'de', 'traverso', '(', 'barokfluit', ')', 'die', 'meestal', 'van', 'hout', 'was', '(', 'zie', 'hieronder', 'onder', '""', 'geschiedenis', '""', ')', '.']"	[0, 0, 0, 0, 0, 0, 0, 0, 0, 0, 0, 1, 2, 0, 0, 0, 0, 0, 0, 0, 0, 0, 0, 0, 0, 0, 0, 0, 0, 0, 0, 0, 0, 0]	nl	"De moderne dwarsfluit, tegenwoordig meestal van metaal, is door Theobald Böhm ontwikkeld uit de traverso (barokfluit) die meestal van hout was (zie hieronder onder ""geschiedenis"")."
['Duff', 'McKagan', '(', 'basgitaar', ')', 'en', 'Steven', 'Adler', '(', 'drums', ')', 'spelen', 'ook', 'in', 'dit', 'lied', '.']	[1, 2, 0, 0, 0, 0, 1, 2, 0, 0, 0, 0, 0, 0, 0, 0, 0]	nl	Duff McKagan (basgitaar) en Steven Adler (drums) spelen ook in dit lied.
['Het', 'veld', 'ligt', '75', 'kilometer', 'voor', 'de', 'kust', 'van', 'Pointe-Noire', 'en', 'heeft', 'een', 'productiecapaciteit', 'van', '100.000', 'vaten', 'per', 'dag', '.']	[0, 0, 0, 0, 0, 0, 0, 0, 0, 5, 0, 0, 0, 0, 0, 0, 0, 0, 0, 0]	nl	Het veld ligt 75 kilometer voor de kust van Pointe-Noire en heeft een productiecapaciteit van 100.000 vaten per dag.
['Ze', 'vertegenwoordigde', 'haar', 'vaderland', 'op', 'de', 'Olympische', 'Winterspelen', '2002', 'in', 'Salt', 'Lake', 'City', ',', 'Verenigde', 'Staten', '.']	[0, 0, 0, 0, 0, 0, 7, 8, 8, 0, 5, 6, 6, 0, 5, 6, 0]	nl	Ze vertegenwoordigde haar vaderland op de Olympische Winterspelen 2002 in Salt Lake City, Verenigde Staten.
['De', 'soort', 'werd', 'voor', 'het', 'eerst', 'wetenschappelijk', 'beschreven', 'door', 'Gaspard', 'Auguste', 'Brullé', 'in', '1832', '.']	[0, 0, 0, 0, 0, 0, 0, 0, 0, 1, 2, 2, 0, 0, 0]	nl	De soort werd voor het eerst wetenschappelijk beschreven door Gaspard Auguste Brullé in 1832.
['Het', 'bestaan', 'van', 'partijschappen', 'in', 'het', 'laat-middeleeuwse', 'graafschap', 'Holland', 'stond', 'niet', 'op', 'zichzelf', '.']	[0, 0, 0, 0, 0, 0, 0, 5, 6, 0, 0, 0, 0, 0]	nl	Het bestaan van partijschappen in het laat-middeleeuwse graafschap Holland stond niet op zichzelf.
['Cetshwayo', 'antwoordde', 'dat', 'de', 'incidenten', 'gepleegd', 'waren', 'door', 'mensen', 'die', 'niet', 'wisten', 'wat', 'ze', 'deden', ',', 'en', 'enkel', 'opkwamen', 'voor', 'hun', 'vader', '.']	[1, 0, 0, 0, 0, 0, 0, 0, 0, 0, 0, 0, 0, 0, 0, 0, 0, 0, 0, 0, 0, 0, 0]	nl	Cetshwayo antwoordde dat de incidenten gepleegd waren door mensen die niet wisten wat ze deden, en enkel opkwamen voor hun vader.
['Tot', '1979', 'behoorde', 'het', 'tot', 'de', 'gemeente', 'Uithuizermeeden', '.']	[0, 0, 0, 0, 0, 0, 0, 5, 0]	nl	Tot 1979 behoorde het tot de gemeente Uithuizermeeden.
['De', 'wetenschappelijke', 'naam', 'van', 'de', 'soort', 'werd', 'in', '1894', 'gepubliceerd', 'door', 'Herbert', 'Druce', '.']	[0, 0, 0, 0, 0, 0, 0, 0, 0, 0, 0, 1, 2, 0]	nl	De wetenschappelijke naam van de soort werd in 1894 gepubliceerd door Herbert Druce.
['Dus', 'bij', 'de', 'heruitgaven', 'waren', 'er', 'nieuwe', 'tekeningen', 'van', 'de', 'hand', 'van', 'Nans', 'van', 'Leeuwen', '.']	[0, 0, 0, 0, 0, 0, 0, 0, 0, 0, 0, 0, 1, 2, 2, 0]	nl	Dus bij de heruitgaven waren er nieuwe tekeningen van de hand van Nans van Leeuwen.
['Het', 'hoogste', 'berggebied', 'is', 'de', 'Arctische', 'Oeral', 'aan', 'westzijde', ',', 'waar', 'de', 'pieken', 'oplopen', 'tot', '1500', 'meter', '.']	[0, 0, 0, 0, 0, 5, 6, 0, 0, 0, 0, 0, 0, 0, 0, 0, 0, 0]	nl	Het hoogste berggebied is de Arctische Oeral aan westzijde, waar de pieken oplopen tot 1500 meter.
['In', 'de', 'wedstrijd', 'tegen', 'CF', 'Monterrey', 'kwam', 'de', 'verdediger', 'elf', 'minuten', 'voor', 'tijd', 'als', 'invaller', 'in', 'het', 'veld', '.']	[0, 0, 0, 0, 3, 4, 0, 0, 0, 0, 0, 0, 0, 0, 0, 0, 0, 0, 0]	nl	In de wedstrijd tegen CF Monterrey kwam de verdediger elf minuten voor tijd als invaller in het veld.
['De', 'aangever', 'van', 'dat', 'doelpunt', 'was', 'Theo', 'Janssen', '.']	[0, 0, 0, 0, 0, 0, 1, 2, 0]	nl	De aangever van dat doelpunt was Theo Janssen.
['Het', 'jaar', 'erop', 'bezocht', 'hij', 'de', 'Northwestern-universiteit', ',', 'waar', 'hij', 'tot', '1982', 'regelmatig', 'gastdocent', 'was', '.']	[0, 0, 0, 0, 0, 0, 5, 0, 0, 0, 0, 0, 0, 0, 0, 0]	nl	Het jaar erop bezocht hij de Northwestern-universiteit, waar hij tot 1982 regelmatig gastdocent was.
['Bussum', 'wil', 'niet', 'financieel', 'medeverantwoordelijk', 'worden', 'als', 'gevolg', 'van', 'het', 'conflict', 'over', 'het', 'terrein', 'van', 'de', 'kruitfabriek', '.']	[5, 0, 0, 0, 0, 0, 0, 0, 0, 0, 0, 0, 0, 0, 0, 0, 0, 0]	nl	Bussum wil niet financieel medeverantwoordelijk worden als gevolg van het conflict over het terrein van de kruitfabriek.
['Van', '2009', 'tot', '2017', 'was', 'ze', 'gehuwd', 'met', 'Josh', 'Duhamel', '.']	[0, 0, 0, 0, 0, 0, 0, 0, 1, 2, 0]	nl	Van 2009 tot 2017 was ze gehuwd met Josh Duhamel.
['Hij', 'werd', 'in', '2018', 'gehuurd', 'door', 'Royal', 'Antwerp', 'FC', 'van', 'Club', 'Brugge', ',', 'hij', 'ondertekende', 'op', '18', 'januari', '2019', 'een', 'contract', 'dat', 'hem', 'twee', 'jaar', 'langer', 'aan', 'de', 'oudste', 'club', 'van', 'het', 'land', 'bond', '.']	[0, 0, 0, 0, 0, 0, 3, 4, 4, 0, 3, 4, 0, 0, 0, 0, 0, 0, 0, 0, 0, 0, 0, 0, 0, 0, 0, 0, 0, 0, 0, 0, 0, 0, 0]	nl	Hij werd in 2018 gehuurd door Royal Antwerp FC van Club Brugge, hij ondertekende op 18 januari 2019 een contract dat hem twee jaar langer aan de oudste club van het land bond.
['Het', 'museum', 'beschikt', 'ook', 'over', 'een', 'grote', 'reeks', 'partituren', 'waaronder', 'autografen', 'van', 'Georg', 'Friedrich', 'Händel', 'en', 'Benjamin', 'Britten', '.']	[0, 0, 0, 0, 0, 0, 0, 0, 0, 0, 0, 0, 1, 2, 2, 0, 1, 2, 0]	nl	Het museum beschikt ook over een grote reeks partituren waaronder autografen van Georg Friedrich Händel en Benjamin Britten.
['Hij', 'gaat', 'daar', 'het', 'U19', 'elftal', '(', 'in', 'Nederland', 'bekend', 'als', 'de', 'A-junioren', ')', 'trainen', '.']	[0, 0, 0, 0, 0, 0, 0, 0, 5, 0, 0, 0, 0, 0, 0, 0]	nl	Hij gaat daar het U19 elftal (in Nederland bekend als de A-junioren) trainen.
['Landklimaat', 'komt', 'voor', 'in', 'bijvoorbeeld', 'Rusland', ',', 'Oekraïne', ',', 'Kazachstan', ',', 'Mongolië', ',', 'de', 'Verenigde', 'Staten', ',', 'Canada', ',', 'Armenië', 'etc', '.']	[0, 0, 0, 0, 0, 5, 0, 5, 0, 5, 0, 5, 0, 0, 5, 6, 0, 5, 0, 5, 0, 0]	nl	Landklimaat komt voor in bijvoorbeeld Rusland, Oekraïne, Kazachstan, Mongolië, de Verenigde Staten, Canada, Armenië etc.
"['De', 'wetenschappelijke', 'naam', 'van', 'deze', 'soort', 'is', 'voor', 'het', 'eerst', 'geldig', 'gepubliceerd', 'in', '1908', 'door', 'Edward', 'Meyrick', 'als', '""', 'Gelechia', 'trisignis', '""', '.']"	[0, 0, 0, 0, 0, 0, 0, 0, 0, 0, 0, 0, 0, 0, 0, 1, 2, 0, 0, 0, 0, 0, 0]	nl	"De wetenschappelijke naam van deze soort is voor het eerst geldig gepubliceerd in 1908 door Edward Meyrick als ""Gelechia trisignis""."
"['De', 'dikke', 'lagen', 'pigment', 'die', 'de', 'lilliputachtige', 'uitzinnige', 'mensenmassa', 'vanuit', 'de', 'achtergrond', 'naar', 'voren', 'drukt', 'tot', 'in', 'de', 'maskers', 'in', 'de', 'voorgrond', 'zijn', 'bijna', 'een', 'groteske', 'parodie', 'op', 'de', 'vlakke', 'ruimtes', 'in', 'de', 'schilderijen', 'van', '""', 'Les', 'XX', '""', '.']"	[0, 0, 0, 0, 0, 0, 0, 0, 0, 0, 0, 0, 0, 0, 0, 0, 0, 0, 0, 0, 0, 0, 0, 0, 0, 0, 0, 0, 0, 0, 0, 0, 0, 0, 0, 0, 3, 4, 0, 0]	nl	"De dikke lagen pigment die de lilliputachtige uitzinnige mensenmassa vanuit de achtergrond naar voren drukt tot in de maskers in de voorgrond zijn bijna een groteske parodie op de vlakke ruimtes in de schilderijen van ""Les XX""."
['De', 'hoofdstad', 'is', 'Tralee', '.']	[0, 0, 0, 5, 0]	nl	De hoofdstad is Tralee.
['Na', 'voltooiing', 'van', 'alle', 'hoorzittingen', 'stelt', 'de', 'verkozen', 'voorzitter', 'zijn', 'college', 'van', 'commissarissen', 'voor', 'aan', 'het', 'Europees', 'Parlement', ',', 'en', 'licht', 'hij', 'het', 'commissieprogramma', 'toe', '.']	[0, 0, 0, 0, 0, 0, 0, 0, 0, 0, 0, 0, 0, 0, 0, 0, 3, 4, 0, 0, 0, 0, 0, 0, 0, 0]	nl	Na voltooiing van alle hoorzittingen stelt de verkozen voorzitter zijn college van commissarissen voor aan het Europees Parlement, en licht hij het commissieprogramma toe.
['De', 'wetenschappelijke', 'naam', 'van', 'de', 'soort', 'is', 'voor', 'het', 'eerst', 'geldig', 'gepubliceerd', 'in', '1908', 'door', 'Edward', 'Meyrick', '.']	[0, 0, 0, 0, 0, 0, 0, 0, 0, 0, 0, 0, 0, 0, 0, 1, 2, 0]	nl	De wetenschappelijke naam van de soort is voor het eerst geldig gepubliceerd in 1908 door Edward Meyrick.
['Lex', 'Harding', 'behield', '10', '%', 'van', 'de', 'aandelen', '.']	[1, 2, 0, 0, 0, 0, 0, 0, 0]	nl	Lex Harding behield 10% van de aandelen.
['Hij', 'werd', 'geboren', 'in', 'Italië', ',', 'omdat', 'zijn', 'vader', 'daar', 'op', 'dat', 'moment', 'aan', 'het', 'opnemen', 'was', '.']	[0, 0, 0, 0, 5, 0, 0, 0, 0, 0, 0, 0, 0, 0, 0, 0, 0, 0]	nl	Hij werd geboren in Italië, omdat zijn vader daar op dat moment aan het opnemen was.
['In', '1996', 'bracht', 'Joe', 'Cocker', 'zijn', 'versie', 'van', 'het', 'nummer', 'uit', 'op', 'cd-single', '.']	[0, 0, 0, 1, 2, 0, 0, 0, 0, 0, 0, 0, 0, 0]	nl	In 1996 bracht Joe Cocker zijn versie van het nummer uit op cd-single.
['Tegenwoordig', 'is', 'er', 'op', 'dat', 'moment', 'ook', 'kermis', 'op', 'de', 'glacis', ',', 'een', 'plein', 'dicht', 'bij', 'Limpertsberg', '.']	[0, 0, 0, 0, 0, 0, 0, 0, 0, 0, 0, 0, 0, 0, 0, 0, 5, 0]	nl	Tegenwoordig is er op dat moment ook kermis op de glacis, een plein dicht bij Limpertsberg.
['Ook', 'in', 'Twente', 'liggen', 'verspreid', 'diverse', 'stuwwallen', '.']	[0, 0, 5, 0, 0, 0, 0, 0]	nl	Ook in Twente liggen verspreid diverse stuwwallen.
['In', '2008', 'besloot', 'hij', 'voor', 'de', 'eerste', 'ploeg', 'van', 'de', 'Oostenrijkse', 'vierdeklasser', 'SC', 'Austria', 'Lustenau', 'te', 'gaan', 'spelen', '.']	[0, 0, 0, 0, 0, 0, 0, 0, 0, 0, 7, 0, 3, 4, 4, 0, 0, 0, 0]	nl	In 2008 besloot hij voor de eerste ploeg van de Oostenrijkse vierdeklasser SC Austria Lustenau te gaan spelen.
['Hij', 'bleef', 'echter', 'lange', 'tijd', 'in', 'de', 'schaduw', 'van', 'Craig', 'Gordon', 'en', 'Allan', 'McGregor', 'waardoor', 'hij', 'maar', 'weinig', 'caps', 'verzamelde', '.']	[0, 0, 0, 0, 0, 0, 0, 0, 0, 1, 2, 0, 1, 2, 0, 0, 0, 0, 0, 0, 0]	nl	Hij bleef echter lange tijd in de schaduw van Craig Gordon en Allan McGregor waardoor hij maar weinig caps verzamelde.
['Hierna', 'speelde', 'hij', 'bij', 'verschillende', 'orkesten', ':', 'bij', 'Duke', 'Ellington', ',', 'Rex', 'Stewart', 'en', 'Fletcher', 'Henderson', '.']	[0, 0, 0, 0, 0, 0, 0, 0, 1, 2, 0, 1, 2, 0, 1, 2, 0]	nl	Hierna speelde hij bij verschillende orkesten: bij Duke Ellington, Rex Stewart en Fletcher Henderson.
['Na', 'de', 'opstand', 'werd', 'Peter', 'III', 'van', 'Aragón', 'koning', 'van', 'Sicilië', '.']	[0, 0, 0, 0, 1, 2, 2, 2, 0, 0, 5, 0]	nl	Na de opstand werd Peter III van Aragón koning van Sicilië.
['In', 'de', 'zomer', 'van', '2013', 'keerde', 'hij', 'terug', 'bij', 'Slovan', 'Bratislava', '.']	[0, 0, 0, 0, 0, 0, 0, 0, 0, 3, 4, 0]	nl	In de zomer van 2013 keerde hij terug bij Slovan Bratislava.
['Nochtans', 'is', 'in', 'landen', 'met', 'een', 'zeer', 'hoogstaande', 'democratie', ',', 'zoals', 'Zwitserland', ',', 'reeds', 'jaren', 'het', 'schriftelijk', 'stemmen', 'voor', 'iedereen', 'ingevoerd', 'zonder', 'dat', 'dit', 'in', 'de', 'praktijk', 'problemen', 'geeft', ';', 'in', 'sommige', 'opzichten', 'is', 'dit', 'vergelijkbaar', 'met', 'stemmen', 'via', 'de', 'computer', 'thuis', '.']	[0, 0, 0, 0, 0, 0, 0, 0, 0, 0, 0, 5, 0, 0, 0, 0, 0, 0, 0, 0, 0, 0, 0, 0, 0, 0, 0, 0, 0, 0, 0, 0, 0, 0, 0, 0, 0, 0, 0, 0, 0, 0, 0]	nl	Nochtans is in landen met een zeer hoogstaande democratie, zoals Zwitserland, reeds jaren het schriftelijk stemmen voor iedereen ingevoerd zonder dat dit in de praktijk problemen geeft; in sommige opzichten is dit vergelijkbaar met stemmen via de computer thuis.
['Zelfs', 'vandaag', 'de', 'dag', 'heeft', 'men', 'in', 'Japan', 'een', 'andere', 'kijk', 'op', 'zelfmoord', 'dan', 'in', 'het', 'westen', '.']	[0, 0, 0, 0, 0, 0, 0, 5, 0, 0, 0, 0, 0, 0, 0, 0, 0, 0]	nl	Zelfs vandaag de dag heeft men in Japan een andere kijk op zelfmoord dan in het westen.
['Bondscoach', 'Josef', 'Hickersberger', 'nam', 'hem', 'niet', 'op', 'in', 'de', 'Oostenrijkse', 'selectie', 'voor', 'het', 'Europees', 'kampioenschap', 'voetbal', '2008', 'in', 'eigen', 'land', '.']	[0, 1, 2, 0, 0, 0, 0, 0, 0, 7, 0, 0, 0, 7, 8, 8, 8, 0, 0, 0, 0]	nl	Bondscoach Josef Hickersberger nam hem niet op in de Oostenrijkse selectie voor het Europees kampioenschap voetbal 2008 in eigen land.
['Zo', 'kunnen', 'ze', 'nu', 'bijvoorbeeld', 'veranderen', 'in', 'alle', 'Power', 'Rangers', 'teams', 'die', 'hen', 'voorgingen', ',', 'alsmede', 'enkele', 'teams', 'die', 'nog', 'nooit', 'eerder', 'op', 'aarde', 'zijn', 'gezien', '.']	[0, 0, 0, 0, 0, 0, 0, 0, 7, 8, 0, 0, 0, 0, 0, 0, 0, 0, 0, 0, 0, 0, 0, 0, 0, 0, 0]	nl	Zo kunnen ze nu bijvoorbeeld veranderen in alle Power Rangers teams die hen voorgingen, alsmede enkele teams die nog nooit eerder op aarde zijn gezien.
['Vanaf', 'medio', '2019', 'speelt', 'hij', 'voor', 'BVV', 'Barendrecht', ',', 'waar', 'hij', 'na', '1', 'seizoen', 'weer', 'vertrok', '.']	[0, 0, 0, 0, 0, 0, 3, 4, 0, 0, 0, 0, 0, 0, 0, 0, 0]	nl	Vanaf medio 2019 speelt hij voor BVV Barendrecht, waar hij na 1 seizoen weer vertrok.
['In', '1938', 'dreigde', 'ze', 'echter', 'weer', 'gesloopt', 'te', 'worden', ',', 'toen', 'de', 'Tweede', 'Wereldoorlog', 'uitbrak', 'werd', 'ze', 'in', 'beslag', 'genomen', '.']	[0, 0, 0, 0, 0, 0, 0, 0, 0, 0, 0, 0, 7, 8, 0, 0, 0, 0, 0, 0, 0]	nl	In 1938 dreigde ze echter weer gesloopt te worden, toen de Tweede Wereldoorlog uitbrak werd ze in beslag genomen.
['Tussen', '1948', 'en', '1984', 'was', 'hij', 'aan', 'de', 'slag', 'bij', 'de', 'Amerikaanse', 'bank', 'Goldman', 'Sachs', '.']	[0, 0, 0, 0, 0, 0, 0, 0, 0, 0, 0, 7, 0, 3, 4, 0]	nl	Tussen 1948 en 1984 was hij aan de slag bij de Amerikaanse bank Goldman Sachs.
['In', 'de', 'jaren', 'dertig', 'was', 'hij', 'militair', 'waarnemer', 'in', 'het', 'fascistische', 'Italië', '.']	[0, 0, 0, 0, 0, 0, 0, 0, 0, 0, 0, 5, 0]	nl	In de jaren dertig was hij militair waarnemer in het fascistische Italië.
['In', 'juni', '2015', 'nam', 'bondscoach', 'Paulo', 'Wanchope', 'hem', 'op', 'in', 'de', 'selectie', 'voor', 'de', 'CONCACAF', 'Gold', 'Cup', '2015', '.']	[0, 0, 0, 0, 0, 1, 2, 0, 0, 0, 0, 0, 0, 0, 7, 8, 8, 8, 0]	nl	In juni 2015 nam bondscoach Paulo Wanchope hem op in de selectie voor de CONCACAF Gold Cup 2015.
['Dat', 'betaalde', 'FC', 'Tokyo', 'circa', '€', '3.000.000', ',', '-', 'voor', 'hem', '.']	[0, 0, 3, 4, 0, 0, 0, 0, 0, 0, 0, 0]	nl	Dat betaalde FC Tokyo circa €3.000.000, - voor hem.
['Waarschijnlijk', 'voedde', 'de', 'falklandwolf', 'zich', 'met', 'kleine', 'dieren', 'die', 'ook', 'op', 'de', 'Falklandeilanden', 'voorkwamen', ',', 'zoals', 'pinguïns', ',', 'maar', 'hij', 'kan', 'ook', 'op', 'schapen', 'gejaagd', 'hebben', '.']	[0, 0, 0, 0, 0, 0, 0, 0, 0, 0, 0, 0, 5, 0, 0, 0, 0, 0, 0, 0, 0, 0, 0, 0, 0, 0, 0]	nl	Waarschijnlijk voedde de falklandwolf zich met kleine dieren die ook op de Falklandeilanden voorkwamen, zoals pinguïns, maar hij kan ook op schapen gejaagd hebben.
['In', 'de', 'bibliotheek', 'hangen', 'schilderijen', 'van', 'Eugène', 'Delacroix', '.']	[0, 0, 0, 0, 0, 0, 1, 2, 0]	nl	In de bibliotheek hangen schilderijen van Eugène Delacroix.
['De', 'rivier', 'voert', 'het', 'water', 'af', 'van', 'een', 'oppervlakte', 'van', '71.000', 'km', '²', ',', 'waaronder', 'een', 'groot', 'deel', 'van', 'de', 'zuidelijke', 'Alpen', '.']	[0, 0, 0, 0, 0, 0, 0, 0, 0, 0, 0, 0, 0, 0, 0, 0, 0, 0, 0, 0, 0, 5, 0]	nl	De rivier voert het water af van een oppervlakte van 71.000 km ², waaronder een groot deel van de zuidelijke Alpen.
['De', 'zanger', 'Julian', 'Thomas', 'ging', 'met', 'haar', 'mee', 'als', 'support', 'act', '.']	[0, 0, 1, 2, 0, 0, 0, 0, 0, 0, 0, 0]	nl	De zanger Julian Thomas ging met haar mee als support act.
['Naast', 'het', 'Georgisch', ',', 'dat', 'in', 'het', 'hele', 'land', 'geldt', 'als', 'officiële', 'taal', ',', 'is', 'het', 'Abchazisch', 'een', 'officiële', 'taal', 'in', 'Abchazië', '.']	[0, 0, 7, 0, 0, 0, 0, 0, 0, 0, 0, 0, 0, 0, 0, 0, 7, 0, 0, 0, 0, 5, 0]	nl	Naast het Georgisch, dat in het hele land geldt als officiële taal, is het Abchazisch een officiële taal in Abchazië.
['Hij', 'verhuist', 'voor', 'een', 'jaar', 'naar', 'Hongkong', 'om', 'daar', 'als', 'kunstschilder', 'te', 'kunnen', 'leven', '.']	[0, 0, 0, 0, 0, 0, 5, 0, 0, 0, 0, 0, 0, 0, 0]	nl	Hij verhuist voor een jaar naar Hongkong om daar als kunstschilder te kunnen leven.
"['Hij', 'speelde', 'in', 'romantische', 'films', 'als', '""', 'All', 'This', ',', 'and', 'Heaven', 'Too', '""', '(', '1940', ')', 'met', 'Bette', 'Davis', 'en', '""', 'Hold', 'Back', 'the', 'Dawn', '""', '(', '1941', ')', 'met', 'Olivia', 'de', 'Havilland', 'en', 'Paulette', 'Goddard', '.']"	[0, 0, 0, 0, 0, 0, 0, 7, 8, 8, 8, 8, 8, 0, 0, 0, 0, 0, 1, 2, 0, 0, 7, 8, 8, 8, 0, 0, 0, 0, 0, 1, 2, 2, 0, 1, 2, 0]	nl	"Hij speelde in romantische films als ""All This, and Heaven Too"" (1940) met Bette Davis en ""Hold Back the Dawn"" (1941) met Olivia de Havilland en Paulette Goddard."
['Met', 'een', 'oppervlakte', 'van', '4339,8', 'km', '²', 'is', 'het', 'de', '52e', 'provincie', 'qua', 'omvang', 'in', 'Thailand', '.']	[0, 0, 0, 0, 0, 0, 0, 0, 0, 0, 0, 0, 0, 0, 0, 5, 0]	nl	Met een oppervlakte van 4339,8 km ² is het de 52e provincie qua omvang in Thailand.
['Het', 'kasteel', 'ligt', 'in', 'de', 'plaats', 'Rožmberk', 'nad', 'Vltavou', '.']	[0, 0, 0, 0, 0, 0, 5, 6, 6, 0]	nl	Het kasteel ligt in de plaats Rožmberk nad Vltavou.
['In', 'deze', 'film', 'werd', 'de', 'verhaallijn', 'die', 'begon', 'in', 'Star', 'Trek', 'II', ':', 'The', 'Wrath', 'of', 'Khan', 'en', 'werd', 'voortgezet', 'in', 'Star', 'Trek', 'III', ':', 'The', 'Search', 'for', 'Spock', 'afgesloten', '.']	[0, 0, 0, 0, 0, 0, 0, 0, 0, 7, 8, 8, 8, 8, 8, 8, 8, 0, 0, 0, 0, 7, 8, 8, 8, 8, 8, 8, 8, 0, 0]	nl	In deze film werd de verhaallijn die begon in Star Trek II: The Wrath of Khan en werd voortgezet in Star Trek III: The Search for Spock afgesloten.
['De', 'hoofdrollen', 'worden', 'vertolkt', 'door', 'Christian', 'Bale', ',', 'Matthew', 'McConaughey', ',', 'Gerard', 'Butler', ',', 'en', 'Izabella', 'Scorupco', '.']	[0, 0, 0, 0, 0, 1, 2, 0, 1, 2, 0, 1, 2, 0, 0, 1, 2, 0]	nl	De hoofdrollen worden vertolkt door Christian Bale, Matthew McConaughey, Gerard Butler, en Izabella Scorupco.
['Typerend', 'voor', 'de', 'scheepsbouw', 'is', 'de', 'scheepswerf', 'van', 'Damen', 'Shipyards', 'Group', '.']	[0, 0, 0, 0, 0, 0, 0, 0, 3, 4, 4, 0]	nl	Typerend voor de scheepsbouw is de scheepswerf van Damen Shipyards Group.
['Op', '10', 'juli', 'viel', 'Riga', 'met', 'haar', 'garnizoen', 'van', '4500', 'man', '.']	[0, 0, 0, 0, 5, 0, 0, 0, 0, 0, 0, 0]	nl	Op 10 juli viel Riga met haar garnizoen van 4500 man.
['In', 'het', 'noordoosten', 'van', 'India', 'worden', 'ze', 'nog', 'weleens', 'in', 'huizen', 'gehouden', 'om', 'insecten', '-', 'en', 'muizenplagen', 'tegen', 'te', 'gaan', '.']	[0, 0, 0, 0, 5, 0, 0, 0, 0, 0, 0, 0, 0, 0, 0, 0, 0, 0, 0, 0, 0]	nl	In het noordoosten van India worden ze nog weleens in huizen gehouden om insecten - en muizenplagen tegen te gaan.
['De', 'bruine', 'grasmot', 'is', 'in', 'Nederland', 'een', 'zeldzame', 'soort', ',', 'in', 'België', 'is', 'hij', 'sinds', '1980', 'niet', 'meer', 'gemeld', '.']	[0, 0, 0, 0, 0, 5, 0, 0, 0, 0, 0, 5, 0, 0, 0, 0, 0, 0, 0, 0]	nl	De bruine grasmot is in Nederland een zeldzame soort, in België is hij sinds 1980 niet meer gemeld.
['Bill', 'Clinton', 'schreef', 'op', 'zijn', 'beurt', 'in', 'zijn', 'memoires', 'dat', 'de', 'verantwoordelijkheden', 'waarschijnlijk', 'te', 'zwaar', 'geweest', 'waren', 'voor', 'zijn', 'jonge', 'perschef', '.']	[1, 2, 0, 0, 0, 0, 0, 0, 0, 0, 0, 0, 0, 0, 0, 0, 0, 0, 0, 0, 0, 0]	nl	Bill Clinton schreef op zijn beurt in zijn memoires dat de verantwoordelijkheden waarschijnlijk te zwaar geweest waren voor zijn jonge perschef.
['Na', 'het', 'rampzalig', 'verlopen', 'debat', 'besluit', 'Boris', 'Dittrich', 'af', 'te', 'treden', 'en', 'draagt', 'hij', 'het', 'fractievoorzitterschap', 'over', 'aan', 'Lousewies', 'van', 'der', 'Laan', '.']	[0, 0, 0, 0, 0, 0, 1, 2, 0, 0, 0, 0, 0, 0, 0, 0, 0, 0, 1, 2, 2, 2, 0]	nl	Na het rampzalig verlopen debat besluit Boris Dittrich af te treden en draagt hij het fractievoorzitterschap over aan Lousewies van der Laan.
['Het', 'is', 'de', 'op', 'een', 'na', 'hoogste', 'van', 'Siberië', 'na', 'de', 'Kljoetsjevskaja', 'Sopka', '.']	[0, 0, 0, 0, 0, 0, 0, 0, 5, 0, 0, 5, 6, 0]	nl	Het is de op een na hoogste van Siberië na de Kljoetsjevskaja Sopka.
['De', 'film', 'betekende', 'het', 'speelfilmdebuut', 'van', 'Katja', 'Schuurman', '.']	[0, 0, 0, 0, 0, 0, 1, 2, 0]	nl	De film betekende het speelfilmdebuut van Katja Schuurman.
['Het', 'leverde', 'hem', 'zijn', 'eerste', 'Grammy', 'Award', 'op', '.']	[0, 0, 0, 0, 0, 7, 8, 0, 0]	nl	Het leverde hem zijn eerste Grammy Award op.
['Van', 'bondscoach', 'Cesare', 'Prandelli', 'mocht', 'hij', 'in', 'de', 'basis', 'starten', 'en', 'hij', 'speelde', 'het', 'gehele', 'duel', 'mee', '.']	[0, 0, 1, 2, 0, 0, 0, 0, 0, 0, 0, 0, 0, 0, 0, 0, 0, 0]	nl	Van bondscoach Cesare Prandelli mocht hij in de basis starten en hij speelde het gehele duel mee.
"['Dit', 'spel', 'wordt', 'samen', 'met', '""', 'Final', 'Fantasy', 'IX', '""', 'als', 'een', 'van', 'de', 'meest', 'revolutionaire', 'RPG-games', 'beschouwd', 'voor', 'deze', 'tijd', '.']"	[0, 0, 0, 0, 0, 0, 7, 8, 8, 0, 0, 0, 0, 0, 0, 0, 0, 0, 0, 0, 0, 0]	nl	"Dit spel wordt samen met ""Final Fantasy IX"" als een van de meest revolutionaire RPG-games beschouwd voor deze tijd."
['Zo', 'werd', 'de', 'terp', 'van', 'Foudgum', 'aangevuld', 'met', 'grond', 'die', 'vrijkwam', 'bij', 'de', 'aanleg', 'van', 'een', 'weg', 'en', 'afgedekt', 'met', 'een', 'laag', 'vruchtbare', 'klei', '.']	[0, 0, 0, 0, 0, 5, 0, 0, 0, 0, 0, 0, 0, 0, 0, 0, 0, 0, 0, 0, 0, 0, 0, 0, 0]	nl	Zo werd de terp van Foudgum aangevuld met grond die vrijkwam bij de aanleg van een weg en afgedekt met een laag vruchtbare klei.
['Op', '8', 'augustus', 'verklaarde', 'de', 'Sovjet-Unie', 'Japan', 'de', 'oorlog', 'en', 'begon', 'haar', 'offensief', 'in', 'Mantsjoerije', ',', 'Sachalin', 'en', 'de', 'Koerilen', '.']	[0, 0, 0, 0, 0, 5, 5, 0, 0, 0, 0, 0, 0, 0, 5, 0, 5, 0, 0, 5, 0]	nl	Op 8 augustus verklaarde de Sovjet-Unie Japan de oorlog en begon haar offensief in Mantsjoerije, Sachalin en de Koerilen.
['De', 'groep', 'demonstreerde', 'onder', 'andere', 'tegen', 'sekstoerisme', ',', 'prijsverhogingen', 'en', 'de', 'dreigende', 'executie', 'van', 'Sakineh', 'Mohammadi', 'Ashtiani', '.']	[0, 0, 0, 0, 0, 0, 0, 0, 0, 0, 0, 0, 0, 0, 1, 2, 2, 0]	nl	De groep demonstreerde onder andere tegen sekstoerisme, prijsverhogingen en de dreigende executie van Sakineh Mohammadi Ashtiani.
['De', 'belangrijkste', 'afvoer', 'van', 'het', 'gebied', 'is', 'het', 'Peizerdiep', '.']	[0, 0, 0, 0, 0, 0, 0, 0, 5, 0]	nl	De belangrijkste afvoer van het gebied is het Peizerdiep.
['Tijdens', 'zijn', 'ballingschap', 'maakte', 'hij', 'een', 'pelgrimstocht', 'naar', 'Mekka', '.']	[0, 0, 0, 0, 0, 0, 0, 0, 5, 0]	nl	Tijdens zijn ballingschap maakte hij een pelgrimstocht naar Mekka.
['Deze', 'vond', 'plaats', 'in', 'Den', 'Haag', '.']	[0, 0, 0, 0, 5, 6, 0]	nl	Deze vond plaats in Den Haag.
['De', 'single', 'en', 'het', 'album', 'kwamen', 'in', 'november', '2006', 'in', 'Nederland', 'uit', '.']	[0, 0, 0, 0, 0, 0, 0, 0, 0, 0, 5, 0, 0]	nl	De single en het album kwamen in november 2006 in Nederland uit.
['De', 'opnames', 'vonden', 'plaats', 'in', 'Zuid-Afrika', ',', 'van', 'medio', 'februari', 'tot', 'eind', 'april', '2010', '.']	[0, 0, 0, 0, 0, 5, 0, 0, 0, 0, 0, 0, 0, 0, 0]	nl	De opnames vonden plaats in Zuid-Afrika, van medio februari tot eind april 2010.
['Sven', 'Nys', 'werd', 'voor', 'de', 'tweede', 'maal', 'eindwinnaar', '.']	[1, 2, 0, 0, 0, 0, 0, 0, 0]	nl	Sven Nys werd voor de tweede maal eindwinnaar.
['Sommige', 'landen', ',', 'zoals', 'Zuid-Afrika', ',', 'moedigden', 'het', 'gebruik', 'van', 'dit', 'teken', 'aan', '.']	[0, 0, 0, 0, 5, 0, 0, 0, 0, 0, 0, 0, 0, 0]	nl	Sommige landen, zoals Zuid-Afrika, moedigden het gebruik van dit teken aan.
['De', 'locatie', 'werd', 'bewoond', 'door', 'kustbewoners', 'die', 'verwant', 'zijn', 'aan', 'de', 'bewoners', 'van', 'de', 'eilanden', 'Numfor', 'en', 'Biak', '.']	[0, 0, 0, 0, 0, 0, 0, 0, 0, 0, 0, 0, 0, 0, 0, 5, 0, 5, 0]	nl	De locatie werd bewoond door kustbewoners die verwant zijn aan de bewoners van de eilanden Numfor en Biak.
['Tijdens', 'vijf', 'van', 'de', 'laatste', 'zeven', 'races', 'van', 'het', 'seizoen', 'werd', 'hij', 'vervangen', 'door', 'Alexander', 'Rossi', '.']	[0, 0, 0, 0, 0, 0, 0, 0, 0, 0, 0, 0, 0, 0, 1, 2, 0]	nl	Tijdens vijf van de laatste zeven races van het seizoen werd hij vervangen door Alexander Rossi.
"['Ook', 'was', 'hij', 'vanaf', '2001', 'een', 'van', 'de', 'vaste', 'gezichten', 'van', 'het', 'praatprogramma', '""', 'Voetbal', 'Inside', '""', '.']"	[0, 0, 0, 0, 0, 0, 0, 0, 0, 0, 0, 0, 0, 0, 7, 8, 0, 0]	nl	"Ook was hij vanaf 2001 een van de vaste gezichten van het praatprogramma ""Voetbal Inside""."
['JavaScript', 'en', 'Java', 'worden', 'niet', 'ondersteund', '.']	[7, 0, 7, 0, 0, 0, 0]	nl	JavaScript en Java worden niet ondersteund.
['Zo', 'kan', 'de', 'Zeeschelde', 'op', 'dit', 'traject', 'permanent', 'worden', 'vernat', 'en', 'komt', 'er', 'een', 'einde', 'aan', 'de', 'knijtenplaag', '.']	[0, 0, 0, 5, 0, 0, 0, 0, 0, 0, 0, 0, 0, 0, 0, 0, 0, 0, 0]	nl	Zo kan de Zeeschelde op dit traject permanent worden vernat en komt er een einde aan de knijtenplaag.
"['In', '2010', 'beslisten', 'de', 'kiezers', 'echter', 'om', 'een', 'commissie', 'in', 'het', 'leven', 'te', 'roepen', ',', 'de', '""', 'California', 'Citizens', 'Redistricting', 'Commission', '""', ',', 'die', 'belast', 'werd', 'met', 'het', 'hertekenen', 'van', 'de', 'districten', 'voor', 'de', 'verkiezingen', 'van', '2012', '.']"	[0, 0, 0, 0, 0, 0, 0, 0, 0, 0, 0, 0, 0, 0, 0, 0, 0, 3, 4, 4, 4, 0, 0, 0, 0, 0, 0, 0, 0, 0, 0, 0, 0, 0, 0, 0, 0, 0]	nl	"In 2010 beslisten de kiezers echter om een commissie in het leven te roepen, de ""California Citizens Redistricting Commission"", die belast werd met het hertekenen van de districten voor de verkiezingen van 2012."
['De', 'relatie', 'met', 'de', 'Citroën', 'was', 'zelfs', 'zo', 'groot', ',', 'dat', 'vele', 'onderdelen', 'achteraan', 'de', 'wagen', 'zelfs', 'identiek', 'waren', 'aan', 'deze', 'van', 'de', 'Citroën', 'C15', '.']	[0, 0, 0, 0, 3, 0, 0, 0, 0, 0, 0, 0, 0, 0, 0, 0, 0, 0, 0, 0, 0, 0, 0, 7, 8, 0]	nl	De relatie met de Citroën was zelfs zo groot, dat vele onderdelen achteraan de wagen zelfs identiek waren aan deze van de Citroën C15.
['En', 'als', 'Duitsland', 'hem', 'ontglipte', ',', 'dan', 'zou', 'hij', 'zijn', 'troon', 'weleens', 'kwijt', 'kunnen', 'raken', '.']	[0, 0, 5, 0, 0, 0, 0, 0, 0, 0, 0, 0, 0, 0, 0, 0]	nl	En als Duitsland hem ontglipte, dan zou hij zijn troon weleens kwijt kunnen raken.
['Hij', 'kreeg', 'in', 'die', 'functie', 'in', '1963', 'te', 'maken', 'met', 'de', 'boerenonlusten', 'in', 'Hollandscheveld', '.']	[0, 0, 0, 0, 0, 0, 0, 0, 0, 0, 0, 0, 0, 5, 0]	nl	Hij kreeg in die functie in 1963 te maken met de boerenonlusten in Hollandscheveld.
"['Uiteindelijk', 'besloot', 'de', 'regering', 'onder', 'leiding', 'van', 'bondskanselier', 'Franz', 'Vranitzky', 'het', 'eindrapport', '""', 'ter', 'kennisgeving', '""', 'aan', 'te', 'nemen', '.']"	[0, 0, 0, 0, 0, 0, 0, 0, 1, 2, 0, 0, 0, 0, 0, 0, 0, 0, 0, 0]	nl	"Uiteindelijk besloot de regering onder leiding van bondskanselier Franz Vranitzky het eindrapport ""ter kennisgeving"" aan te nemen."
['De', 'bruine', 'sikkeluil', 'is', 'in', 'Nederland', 'een', 'zeldzame', 'en', 'in', 'België', 'een', 'zeer', 'zeldzame', 'soort', ',', 'die', 'verspreid', 'over', 'het', 'hele', 'gebied', 'kan', 'worden', 'gezien', '.']	[0, 0, 0, 0, 0, 5, 0, 0, 0, 0, 5, 0, 0, 0, 0, 0, 0, 0, 0, 0, 0, 0, 0, 0, 0, 0]	nl	De bruine sikkeluil is in Nederland een zeldzame en in België een zeer zeldzame soort, die verspreid over het hele gebied kan worden gezien.
"['Behalve', 'het', 'fysieke', 'verklaringsmodel', ',', 'waarbij', 'de', ""'"", 'oorzaak', ""'"", 'van', 'het', 'bewegen', 'van', 'de', 'wichelroede', 'in', ""'"", 'beïnvloeding', ""'"", 'door', 'externe', 'factoren', 'zoals', 'stralen', 'wordt', 'gezocht', ',', 'wordt', 'door', 'een', 'aantal', 'beoefenaars', 'de', 'verklaring', 'eerder', 'gezocht', 'in', 'een', 'sturing', 'van', 'bewegingen', 'vanuit', 'het', 'onbewuste', 'in', 'de', 'zin', 'die', 'Carl', 'Gustav', 'Jung', 'bedoelde', 'met', 'zijn', 'theorie', 'van', 'de', 'synchroniciteit', '.']"	[0, 0, 0, 0, 0, 0, 0, 0, 0, 0, 0, 0, 0, 0, 0, 0, 0, 0, 0, 0, 0, 0, 0, 0, 0, 0, 0, 0, 0, 0, 0, 0, 0, 0, 0, 0, 0, 0, 0, 0, 0, 0, 0, 0, 0, 0, 0, 0, 0, 1, 2, 2, 0, 0, 0, 0, 0, 0, 0, 0]	nl	Behalve het fysieke verklaringsmodel, waarbij de 'oorzaak' van het bewegen van de wichelroede in 'beïnvloeding' door externe factoren zoals stralen wordt gezocht, wordt door een aantal beoefenaars de verklaring eerder gezocht in een sturing van bewegingen vanuit het onbewuste in de zin die Carl Gustav Jung bedoelde met zijn theorie van de synchroniciteit.
['Het', 'spel', 'is', 'gebaseerd', 'op', 'OpenGL', 'en', 'vereist', 'ook', 'een', 'GPU', 'die', 'dit', 'ondersteunt', '.']	[0, 0, 0, 0, 0, 7, 0, 0, 0, 0, 0, 0, 0, 0, 0]	nl	Het spel is gebaseerd op OpenGL en vereist ook een GPU die dit ondersteunt.
['De', 'eerste', 'jaren', 'van', 'de', 'jaren', '80', ',', 'onder', 'trainer', 'en', 'oud-speler', 'Han', 'Berger', ',', 'waren', 'sportief', 'bijzonder', 'succesvol', '.']	[0, 0, 0, 0, 0, 0, 0, 0, 0, 0, 0, 0, 1, 2, 0, 0, 0, 0, 0, 0]	nl	De eerste jaren van de jaren 80, onder trainer en oud-speler Han Berger, waren sportief bijzonder succesvol.
['Het', 'ontwerp', 'van', 'dit', 'bedrijventerrein', 'was', 'in', 'handen', 'van', 'tuin', '-', 'en', 'landschapsarchitect', 'Paul', 'Deroose', '.']	[0, 0, 0, 0, 0, 0, 0, 0, 0, 0, 0, 0, 0, 1, 2, 0]	nl	Het ontwerp van dit bedrijventerrein was in handen van tuin - en landschapsarchitect Paul Deroose.
['De', 'soort', 'werd', 'voor', 'het', 'eerst', 'wetenschappelijk', 'beschreven', 'door', 'Wilhelm', 'Peters', 'in', '1870', '.']	[0, 0, 0, 0, 0, 0, 0, 0, 0, 1, 2, 0, 0, 0]	nl	De soort werd voor het eerst wetenschappelijk beschreven door Wilhelm Peters in 1870.
['RENAMO', 'brandde', 'velden', 'plat', 'en', 'viel', 'bevoorradingstrucks', 'aan', '.']	[3, 0, 0, 0, 0, 0, 0, 0, 0]	nl	RENAMO brandde velden plat en viel bevoorradingstrucks aan.
['De', 'rivier', 'de', 'Seine', 'doorsnijdt', 'de', 'stad', '.']	[0, 0, 0, 5, 0, 0, 0, 0]	nl	De rivier de Seine doorsnijdt de stad.
"['Zijn', 'csardas', 'is', 'ook', 'gebruikt', 'in', 'nummer', '""', '""', 'Alejandro', '""', '""', 'van', 'Lady', 'Gaga', '.']"	[0, 0, 0, 0, 0, 0, 0, 0, 0, 7, 0, 0, 0, 1, 2, 0]	nl	"Zijn csardas is ook gebruikt in nummer """" Alejandro """" van Lady Gaga."
['Een', 'andere', 'mentor', 'was', 'de', 'zangeres', 'Montserrat', 'Caballé', '.']	[0, 0, 0, 0, 0, 0, 1, 2, 0]	nl	Een andere mentor was de zangeres Montserrat Caballé.
['Samen', 'plaatsten', 'ze', 'zich', 'voor', 'de', 'achtste', 'finales', 'van', 'de', 'UEFA', 'Champions', 'League', '.']	[0, 0, 0, 0, 0, 0, 0, 0, 0, 0, 7, 8, 8, 0]	nl	Samen plaatsten ze zich voor de achtste finales van de UEFA Champions League.
['Dit', 'speelt', 'nog', 'steeds', 'een', 'rol', 'in', 'de', 'katholiek-protestantse', 'relaties', 'in', 'Noord-Ierland', '.']	[0, 0, 0, 0, 0, 0, 0, 0, 0, 0, 0, 5, 0]	nl	Dit speelt nog steeds een rol in de katholiek-protestantse relaties in Noord-Ierland.
['Het', 'bestuurlijk', 'centrum', 'was', 'Panaji', '.']	[0, 0, 0, 0, 5, 0]	nl	Het bestuurlijk centrum was Panaji.
['Opvallend', 'is', 'dat', 'veel', 'vissoorten', 'betrekkelijk', 'voedselarme', 'zones', 'uitkiezen', 'om', 'te', 'paaien', ',', 'zoals', 'de', 'Sargassozee', 'bij', 'paling', ',', 'bovenlopen', 'van', 'rivieren', 'bij', 'de', 'zalm', ',', 'onbereikbare', 'zandstranden', 'bij', 'de', 'grunion', 'of', 'op', 'ondergelopen', 'weilanden', 'bij', 'de', 'snoek', '.']	[0, 0, 0, 0, 0, 0, 0, 0, 0, 0, 0, 0, 0, 0, 0, 5, 0, 0, 0, 0, 0, 0, 0, 0, 0, 0, 0, 0, 0, 0, 0, 0, 0, 0, 0, 0, 0, 0, 0]	nl	Opvallend is dat veel vissoorten betrekkelijk voedselarme zones uitkiezen om te paaien, zoals de Sargassozee bij paling, bovenlopen van rivieren bij de zalm, onbereikbare zandstranden bij de grunion of op ondergelopen weilanden bij de snoek.
['Het', 'spel', 'verscheen', 'op', '3', 'juni', 'voor', 'pc', 'en', 'Mac', ',', 'waarna', 'eind', '2010', 'ook', 'de', 'versie', 'voor', 'iPhone', ',', 'iPod', 'touch', 'en', 'iPad', 'beschikbaar', 'kwam', '.']	[0, 0, 0, 0, 0, 0, 0, 0, 0, 7, 0, 0, 0, 0, 0, 0, 0, 0, 7, 0, 7, 8, 0, 7, 0, 0, 0]	nl	Het spel verscheen op 3 juni voor pc en Mac, waarna eind 2010 ook de versie voor iPhone, iPod touch en iPad beschikbaar kwam.
['De', 'regie', 'werd', 'verzorgd', 'door', 'Richard', 'Benjamin', 'en', 'de', 'productie', 'lag', 'in', 'handen', 'van', 'Steven', 'Spielberg', '.']	[0, 0, 0, 0, 0, 1, 2, 0, 0, 0, 0, 0, 0, 0, 1, 2, 0]	nl	De regie werd verzorgd door Richard Benjamin en de productie lag in handen van Steven Spielberg.
['Hoewel', 'Rusland', 'deze', 'toegeving', 'had', 'gedaan', ',', 'bleef', 'het', 'toch', 'haar', 'macht', 'uitbreiden', '.']	[0, 5, 0, 0, 0, 0, 0, 0, 0, 0, 0, 0, 0, 0]	nl	Hoewel Rusland deze toegeving had gedaan, bleef het toch haar macht uitbreiden.
['Op', '17', 'augustus', '2007', 'werd', 'de', 'film', 'voor', 'het', 'eerst', 'uitgezonden', 'op', 'de', 'Amerikaanse', 'televisie', ',', 'namelijk', 'door', 'Disney', 'Channel', '.']	[0, 0, 0, 0, 0, 0, 0, 0, 0, 0, 0, 0, 0, 7, 0, 0, 0, 0, 3, 4, 0]	nl	Op 17 augustus 2007 werd de film voor het eerst uitgezonden op de Amerikaanse televisie, namelijk door Disney Channel.
"['Het', 'nummer', 'doelt', 'duidelijk', 'als', 'tweede', 'versie', 'van', '50', 'Cents', 'hit', '""', 'Candy', 'Shop', '""', ',', 'en', 'de', 'rapper', 'hoopte', 'hiermee', 'op', 'een', 'grote', 'hit', ',', 'maar', 'het', 'nummer', 'flopte', 'totaal', '.']"	[0, 0, 0, 0, 0, 0, 0, 0, 1, 2, 0, 0, 7, 8, 0, 0, 0, 0, 0, 0, 0, 0, 0, 0, 0, 0, 0, 0, 0, 0, 0, 0]	nl	"Het nummer doelt duidelijk als tweede versie van 50 Cents hit ""Candy Shop"", en de rapper hoopte hiermee op een grote hit, maar het nummer flopte totaal."
"['Ook', 'maakte', 'hij', 'twee', 'lp', ""'s"", 'met', 'Herb', 'Alpert', '.']"	[0, 0, 0, 0, 0, 0, 0, 1, 2, 0]	nl	Ook maakte hij twee lp 's met Herb Alpert.
['In', '1898', 'loodste', 'hij', 'de', 'wet', 'voor', 'de', 'Noordoosterlocaalspoorweg-Maatschappij', 'door', 'het', 'parlement', '.']	[0, 0, 0, 0, 0, 0, 0, 0, 5, 0, 0, 0, 0]	nl	In 1898 loodste hij de wet voor de Noordoosterlocaalspoorweg-Maatschappij door het parlement.
"['De', 'oorsprong', 'van', 'de', '""', 'mondo', '""', 'ligt', 'in', 'Italië', ',', 'begin', 'jaren', '60', '.']"	[0, 0, 0, 0, 0, 0, 0, 0, 0, 5, 0, 0, 0, 0, 0]	nl	"De oorsprong van de ""mondo"" ligt in Italië, begin jaren 60."
['Om', 'die', 'reden', 'kostte', 'het', 'Paramount', 'Pictures', 'dan', 'ook', 'een', 'groot', 'bedrag', 'om', 'de', 'filmrechten', 'te', 'kopen', '.']	[0, 0, 0, 0, 0, 3, 4, 0, 0, 0, 0, 0, 0, 0, 0, 0, 0, 0]	nl	Om die reden kostte het Paramount Pictures dan ook een groot bedrag om de filmrechten te kopen.
['In', 'de', 'Himalaya', 'kan', 'de', 'soort', 'worden', 'gevonden', 'tot', 'op', 'een', 'hoogte', 'van', '1500', 'm', ',', 'tot', 'in', 'de', 'subtropische', 'zone', '.']	[0, 0, 5, 0, 0, 0, 0, 0, 0, 0, 0, 0, 0, 0, 0, 0, 0, 0, 0, 0, 0, 0]	nl	In de Himalaya kan de soort worden gevonden tot op een hoogte van 1500 m, tot in de subtropische zone.
['Tijdens', 'de', 'Vietnamoorlog', 'werden', 'er', 'ook', 'veel', 'gevechten', 'geleverd', 'in', 'Cambodja', '.']	[0, 0, 7, 0, 0, 0, 0, 0, 0, 0, 5, 0]	nl	Tijdens de Vietnamoorlog werden er ook veel gevechten geleverd in Cambodja.
['In', 'de', 'Verenigde', 'Staten', 'had', 'zij', 'meer', 'dan', '60', 'top', '40', 'hits', '.']	[0, 0, 5, 6, 0, 0, 0, 0, 0, 0, 0, 0, 0]	nl	In de Verenigde Staten had zij meer dan 60 top 40 hits.
['De', 'ontvangers', 'waren', 'judoka', 'Sjoukje', 'Dijkstra', ',', 'roeier', 'Nico', 'Rienks', 'en', 'schaatser', 'Ard', 'Schenk', '.']	[0, 0, 0, 0, 1, 2, 0, 0, 1, 2, 0, 0, 1, 2, 0]	nl	De ontvangers waren judoka Sjoukje Dijkstra, roeier Nico Rienks en schaatser Ard Schenk.
['In', 'Nederland', 'is', 'de', 'soort', 'sinds', '1926', 'niet', 'meer', 'waargenomen', '.']	[0, 5, 0, 0, 0, 0, 0, 0, 0, 0, 0]	nl	In Nederland is de soort sinds 1926 niet meer waargenomen.
['Hij', 'werd', 'begraven', 'in', 'het', 'Cypress', 'Lawn', 'Memorial', 'Park', 'in', 'Colma', '.']	[0, 0, 0, 0, 0, 5, 6, 6, 6, 0, 5, 0]	nl	Hij werd begraven in het Cypress Lawn Memorial Park in Colma.
['Mogelijk', 'bestond', 'er', 'voor', 'de', 'droogmaking', '(', 'in', '1853', ')', 'een', 'paaiende', 'populatie', 'in', 'het', 'Haarlemmermeer', '.']	[0, 0, 0, 0, 0, 0, 0, 0, 0, 0, 0, 0, 0, 0, 0, 5, 0]	nl	Mogelijk bestond er voor de droogmaking (in 1853) een paaiende populatie in het Haarlemmermeer.
['Marianne', 'Faithfull', ',', 'John', 'Mayall', ',', 'Ginger', 'Baker', ',', 'en', 'Allen', 'Ginsberg', 'zijn', 'zichtbaar', 'op', 'de', 'achtergrond', '.']	[1, 2, 0, 1, 2, 0, 1, 2, 0, 0, 1, 2, 0, 0, 0, 0, 0, 0]	nl	Marianne Faithfull, John Mayall, Ginger Baker, en Allen Ginsberg zijn zichtbaar op de achtergrond.
['De', 'Hasmonese', 'koning', 'Aristobulus', 'I', 'veroverde', 'in', '104', 'v', '.']	[0, 7, 0, 1, 2, 0, 0, 0, 0, 0]	nl	De Hasmonese koning Aristobulus I veroverde in 104 v.
['In', 'Hilo', 'vielen', '61', 'slachtoffers', '.']	[0, 5, 0, 0, 0, 0]	nl	In Hilo vielen 61 slachtoffers.
['Hij', 'werd', 'opgevolgd', 'door', 'Mark', 'Rutte', ',', 'na', 'een', 'intern', 'referendum', '.']	[0, 0, 0, 0, 1, 2, 0, 0, 0, 0, 0, 0]	nl	Hij werd opgevolgd door Mark Rutte, na een intern referendum.
"['Zo', 'is', 'de', 'gemiddelde', 'temperatuur', 'in', 'Baguio', ',', 'dat', 'op', ""zo'n"", '1500', 'meter', 'hoogte', 'ligt', ',', 'slechts', '18,3', '""', '°C', '.']"	[0, 0, 0, 0, 0, 0, 5, 0, 0, 0, 0, 0, 0, 0, 0, 0, 0, 0, 0, 0, 0]	nl	"Zo is de gemiddelde temperatuur in Baguio, dat op zo'n 1500 meter hoogte ligt, slechts 18,3 ""°C."
['De', 'kapers', 'probeerden', 'met', 'een', 'vliegtuig', 'naar', 'Joegoslavië', 'te', 'ontsnappen', '.']	[0, 0, 0, 0, 0, 0, 0, 5, 0, 0, 0]	nl	De kapers probeerden met een vliegtuig naar Joegoslavië te ontsnappen.
['Op', '26', 'mei', '2013', 'scoorde', 'hij', 'het', 'enige', 'doelpunt', 'in', 'de', 'finale', 'van', 'de', 'Coppa', 'Italia', 'tegen', 'stadsrivaal', 'AS', 'Roma', '.']	[0, 0, 0, 0, 0, 0, 0, 0, 0, 0, 0, 0, 0, 0, 7, 8, 0, 0, 3, 4, 0]	nl	Op 26 mei 2013 scoorde hij het enige doelpunt in de finale van de Coppa Italia tegen stadsrivaal AS Roma.
['De', 'host', 'Steven', 'Novella', 'is', 'vooral', 'actief', 'geweest', 'in', 'het', 'ontmaskeren', 'van', 'pseudowetenschap', 'in', 'de', 'geneeskunde', '.']	[0, 0, 1, 2, 0, 0, 0, 0, 0, 0, 0, 0, 0, 0, 0, 0, 0]	nl	De host Steven Novella is vooral actief geweest in het ontmaskeren van pseudowetenschap in de geneeskunde.
['Ze', 'speelde', 'hierna', 'verscheidene', 'films', 'als', 'tegenspeelster', 'van', 'Marcello', 'Mastroianni', '.']	[0, 0, 0, 0, 0, 0, 0, 0, 1, 2, 0]	nl	Ze speelde hierna verscheidene films als tegenspeelster van Marcello Mastroianni.
['Weinigen', 'zullen', 'echter', 'ontkennen', 'dat', 'hij', 'een', 'groot', 'figuur', 'was', 'en', 'Canada', 'hielp', 'definiëren', '.']	[0, 0, 0, 0, 0, 0, 0, 0, 0, 0, 0, 5, 0, 0, 0]	nl	Weinigen zullen echter ontkennen dat hij een groot figuur was en Canada hielp definiëren.
"['Binnen', 'het', 'hermetisme', 'bestonden', 'verschillende', 'wegen', 'om', 'tot', 'dat', 'inzicht', 'te', 'komen', ',', 'zoals', 'blijkt', 'uit', 'de', 'traktaten', 'van', 'het', '""', 'Corpus', 'Hermeticum', '""', ',', 'die', 'soms', 'tegenstrijdig', 'zijn', '.']"	[0, 0, 0, 0, 0, 0, 0, 0, 0, 0, 0, 0, 0, 0, 0, 0, 0, 0, 0, 0, 0, 7, 8, 0, 0, 0, 0, 0, 0, 0]	nl	"Binnen het hermetisme bestonden verschillende wegen om tot dat inzicht te komen, zoals blijkt uit de traktaten van het ""Corpus Hermeticum"", die soms tegenstrijdig zijn."
['De', 'berg', 'biedt', 'een', 'aantal', 'van', 'de', 'beste', 'rotsklimmogelijkheden', 'in', 'North', 'Carolina', '.']	[0, 0, 0, 0, 0, 0, 0, 0, 0, 0, 5, 6, 0]	nl	De berg biedt een aantal van de beste rotsklimmogelijkheden in North Carolina.
['De', 'mechanische', 'onderdelen', ',', 'inclusief', 'de', 'motor', ',', 'de', 'schokdemper', 'en', 'het', 'chassis', ',', 'werden', 'gebouwd', 'door', 'Volkswagen', '.']	[0, 0, 0, 0, 0, 0, 0, 0, 0, 0, 0, 0, 0, 0, 0, 0, 0, 3, 0]	nl	De mechanische onderdelen, inclusief de motor, de schokdemper en het chassis, werden gebouwd door Volkswagen.
['In', 'maart', 'van', 'dat', 'jaar', 'keerde', 'hij', 'daartoe', 'terug', 'naar', 'Pakistan', '.']	[0, 0, 0, 0, 0, 0, 0, 0, 0, 0, 5, 0]	nl	In maart van dat jaar keerde hij daartoe terug naar Pakistan.
['In', 'België', 'wordt', 'de', 'term', 'ngo', 'alleen', 'gebruikt', 'voor', 'organisaties', 'die', 'aan', 'ontwikkelingshulp', 'doen', '.']	[0, 5, 0, 0, 0, 0, 0, 0, 0, 0, 0, 0, 0, 0, 0]	nl	In België wordt de term ngo alleen gebruikt voor organisaties die aan ontwikkelingshulp doen.
['Op', '5', 'augustus', '1994', 'gingen', 'in', 'Havana', 'honderden', 'Cubanen', 'de', 'straat', 'op', ',', 'uit', 'protest', 'tegen', 'de', 'onderschepping', 'van', 'vier', 'vluchtelingenboten', 'door', 'de', 'Cubaanse', 'autoriteiten', '.']	[0, 0, 0, 0, 0, 0, 5, 0, 7, 0, 0, 0, 0, 0, 0, 0, 0, 0, 0, 0, 0, 0, 0, 7, 0, 0]	nl	Op 5 augustus 1994 gingen in Havana honderden Cubanen de straat op, uit protest tegen de onderschepping van vier vluchtelingenboten door de Cubaanse autoriteiten.
['Na', 'zijn', 'verkiezing', 'verhuisde', 'hij', 'naar', 'Engeland', ',', 'waar', 'hij', 'zijn', 'advocaten-praktijk', 'voortzette', '.']	[0, 0, 0, 0, 0, 0, 5, 0, 0, 0, 0, 0, 0, 0]	nl	Na zijn verkiezing verhuisde hij naar Engeland, waar hij zijn advocaten-praktijk voortzette.
['Hierdoor', 'wordt', 'het', 'geschikt', 'voor', 'besturingssystemen', 'als', 'Linux', 'en', 'Windows', '.']	[0, 0, 0, 0, 0, 0, 0, 7, 0, 7, 0]	nl	Hierdoor wordt het geschikt voor besturingssystemen als Linux en Windows.
['Hij', 'werd', 'geboren', 'in', 'Saint-Malo', '.']	[0, 0, 0, 0, 5, 0]	nl	Hij werd geboren in Saint-Malo.
['De', 'Amerikaanse', 'popartiest', 'Prince', 'speelt', 'de', 'hoofdrol', 'in', 'deze', 'semiautobiografische', 'film', ',', 'die', 'zich', 'afspeelt', 'rond', 'zijn', 'persoon', 'en', 'zijn', 'muzikale', 'talenten', '.']	[0, 7, 0, 1, 0, 0, 0, 0, 0, 0, 0, 0, 0, 0, 0, 0, 0, 0, 0, 0, 0, 0, 0]	nl	De Amerikaanse popartiest Prince speelt de hoofdrol in deze semiautobiografische film, die zich afspeelt rond zijn persoon en zijn muzikale talenten.
['Dit', 'principe', 'werd', 'voor', 'het', 'eerst', 'werkend', 'tentoongesteld', 'door', 'Frank', 'Whittle', '.']	[0, 0, 0, 0, 0, 0, 0, 0, 0, 1, 2, 0]	nl	Dit principe werd voor het eerst werkend tentoongesteld door Frank Whittle.
['Eerder', 'speelde', 'de', 'linkeraanvaller', 'voor', 'onder', 'meer', 'Feyenoord', ',', 'FC', 'Groningen', ',', 'Cercle', 'Brugge', ',', 'NAC', 'Breda', 'en', 'FC', 'Dordrecht', '.']	[0, 0, 0, 0, 0, 0, 0, 3, 0, 3, 4, 0, 3, 4, 0, 3, 4, 0, 3, 4, 0]	nl	Eerder speelde de linkeraanvaller voor onder meer Feyenoord, FC Groningen, Cercle Brugge, NAC Breda en FC Dordrecht.
['Bekende', 'medewerkers', 'waren', 'onder', 'anderen', 'Bert', 'Klunder', ',', 'Theo', 'Koomen', 'en', 'Klaas', 'Wilting', '.']	[0, 0, 0, 0, 0, 1, 2, 0, 1, 2, 0, 1, 2, 0]	nl	Bekende medewerkers waren onder anderen Bert Klunder, Theo Koomen en Klaas Wilting.
"['Het', 'steeds', 'vrijer', 'bewegen', 'binnen', 'het', 'serialisme', 'had', 'tot', 'gevolg', 'dat', 'Pierre', 'Boulez', 'weigerde', '""', 'Little', 'symphony', '""', 'uit', 'te', 'voeren', '.']"	[0, 0, 0, 0, 0, 0, 0, 0, 0, 0, 0, 1, 2, 0, 0, 0, 0, 0, 0, 0, 0, 0]	nl	"Het steeds vrijer bewegen binnen het serialisme had tot gevolg dat Pierre Boulez weigerde ""Little symphony"" uit te voeren."
['Zijn', 'eerste', 'positie', 'was', 'die', 'van', 'koordirigent', 'van', 'de', 'kathedraal', 'van', 'Plasencia', '.']	[0, 0, 0, 0, 0, 0, 0, 0, 0, 0, 0, 5, 0]	nl	Zijn eerste positie was die van koordirigent van de kathedraal van Plasencia.
['Bij', 'de', 'landelijke', 'verkiezingen', 'van', '1996', 'verloor', 'de', 'Congrespartij', 'fors', ',', 'maar', 'geen', 'andere', 'partij', 'haalde', 'genoeg', 'zetels', 'om', 'zelfstandig', 'een', 'regering', 'te', 'vormen', '.']	[0, 0, 0, 0, 0, 0, 0, 0, 3, 0, 0, 0, 0, 0, 0, 0, 0, 0, 0, 0, 0, 0, 0, 0, 0]	nl	Bij de landelijke verkiezingen van 1996 verloor de Congrespartij fors, maar geen andere partij haalde genoeg zetels om zelfstandig een regering te vormen.
['Van', 'de', 'meer', 'dan', '300', 'rivieren', 'is', 'de', 'Lempa', 'het', 'belangrijkst', '.']	[0, 0, 0, 0, 0, 0, 0, 0, 5, 0, 0, 0]	nl	Van de meer dan 300 rivieren is de Lempa het belangrijkst.
['Een', 'deel', 'van', 'de', 'zeventien', 'schepen', 'voer', 'via', 'het', 'Panamakanaal', 'en', 'een', 'ander', 'deel', 'via', 'Kaap', 'de', 'Goede', 'Hoop', 'en', 'zo', 'kon', 'er', 'elke', 'vijf', 'dagen', 'een', 'schip', 'varen', '.']	[0, 0, 0, 0, 0, 0, 0, 0, 0, 5, 0, 0, 0, 0, 0, 5, 6, 6, 6, 0, 0, 0, 0, 0, 0, 0, 0, 0, 0, 0]	nl	Een deel van de zeventien schepen voer via het Panamakanaal en een ander deel via Kaap de Goede Hoop en zo kon er elke vijf dagen een schip varen.
['Hij', 'trad', 'in', 'dat', 'duel', 'na', '69', 'minuten', 'aan', 'als', 'vervanger', 'van', 'Gernot', 'Jurtin', '.']	[0, 0, 0, 0, 0, 0, 0, 0, 0, 0, 0, 0, 1, 2, 0]	nl	Hij trad in dat duel na 69 minuten aan als vervanger van Gernot Jurtin.
['Het', 'filmen', 'vond', 'plaats', 'in', 'Los', 'Angeles', '.']	[0, 0, 0, 0, 0, 5, 6, 0]	nl	Het filmen vond plaats in Los Angeles.
['In', 'dezelfde', 'periode', 'bestonden', 'nederzettingen', 'in', 'het', 'gebied', 'van', 'de', 'huidige', 'wijk', 'Malá', 'Strana', '.']	[0, 0, 0, 0, 0, 0, 0, 0, 0, 0, 0, 0, 5, 6, 0]	nl	In dezelfde periode bestonden nederzettingen in het gebied van de huidige wijk Malá Strana.
['In', '2004', 'eindigde', 'hij', 'als', 'tweede', 'in', 'de', 'C-groep', 'van', 'het', 'Corus-toernooi', ',', 'na', 'Magnus', 'Carlsen', '.']	[0, 0, 0, 0, 0, 0, 0, 0, 0, 0, 0, 7, 0, 0, 1, 2, 0]	nl	In 2004 eindigde hij als tweede in de C-groep van het Corus-toernooi, na Magnus Carlsen.
"['Men', 'staakte', 'gedurende', 'een', 'aflevering', 'van', '""', 'Raw', '""', 'en', 'er', 'werd', 'een', 'motie', 'van', 'wantrouwen', 'uitgesproken', ',', 'waardoor', 'John', 'Laurinaitis', 'aan', 'de', 'macht', 'kwam', '.']"	[0, 0, 0, 0, 0, 0, 0, 7, 0, 0, 0, 0, 0, 0, 0, 0, 0, 0, 0, 1, 2, 0, 0, 0, 0, 0]	nl	"Men staakte gedurende een aflevering van ""Raw"" en er werd een motie van wantrouwen uitgesproken, waardoor John Laurinaitis aan de macht kwam."
['Veel', 'van', 'zijn', 'boeken', 'zijn', 'geïllustreerd', 'door', 'Hugo', 'van', 'Look', '.']	[0, 0, 0, 0, 0, 0, 0, 1, 2, 2, 0]	nl	Veel van zijn boeken zijn geïllustreerd door Hugo van Look.
['Lillian', 'Hellman', 'zou', 'het', 'scenario', 'schrijven', '.']	[1, 2, 0, 0, 0, 0, 0]	nl	Lillian Hellman zou het scenario schrijven.
['De', 'lange', 'vederachtige', 'bladeren', 'van', 'de', 'palm', 'worden', 'door', 'de', 'lokale', 'bevolking', 'in', 'de', 'Filipijnen', 'gebruikt', 'als', 'materiaal', 'voor', 'de', 'nipa-hut', '.']	[0, 0, 0, 0, 0, 0, 0, 0, 0, 0, 0, 0, 0, 0, 5, 0, 0, 0, 0, 0, 0, 0]	nl	De lange vederachtige bladeren van de palm worden door de lokale bevolking in de Filipijnen gebruikt als materiaal voor de nipa-hut.
['Vaak', 'zochten', 'symbolistische', 'kunstenaars', 'inspiratie', 'bij', 'primitieve', 'culturen', ',', 'zoals', 'Paul', 'Gauguin', ',', 'die', 'de', 'emotionele', 'benadering', 'van', 'de', 'kunst', 'hoger', 'stelde', 'dan', 'de', 'intellectuele', '.']	[0, 0, 0, 0, 0, 0, 0, 0, 0, 0, 1, 2, 0, 0, 0, 0, 0, 0, 0, 0, 0, 0, 0, 0, 0, 0]	nl	Vaak zochten symbolistische kunstenaars inspiratie bij primitieve culturen, zoals Paul Gauguin, die de emotionele benadering van de kunst hoger stelde dan de intellectuele.
['In', '1990', ',', 'met', 'het', 'einde', 'van', 'de', 'Koude', 'Oorlog', 'en', 'het', 'afbrokkelen', 'van', 'de', 'apartheid', 'in', 'Zuid-Afrika', ',', 'droogde', 'de', 'steun', 'voor', 'het', 'RENAMO', 'in', 'Zuid-Afrika', 'en', 'de', 'Verenigde', 'Staten', 'op', 'en', 'er', 'werden', 'voor', 'het', 'eerst', 'directe', 'besprekingen', 'tussen', 'het', 'FRELIMO', 'en', 'het', 'RENAMO', 'gehouden', '.']	[0, 0, 0, 0, 0, 0, 0, 0, 7, 8, 0, 0, 0, 0, 0, 0, 0, 5, 0, 0, 0, 0, 0, 0, 3, 0, 5, 0, 0, 5, 6, 0, 0, 0, 0, 0, 0, 0, 0, 0, 0, 0, 3, 0, 0, 3, 0, 0]	nl	In 1990, met het einde van de Koude Oorlog en het afbrokkelen van de apartheid in Zuid-Afrika, droogde de steun voor het RENAMO in Zuid-Afrika en de Verenigde Staten op en er werden voor het eerst directe besprekingen tussen het FRELIMO en het RENAMO gehouden.
"['Als', 'superster', 'werd', 'hij', ""'"", 'opgevolgd', ""'"", 'door', 'Amitabh', 'Bachchan', 'en', 'de', 'films', 'waarin', 'hij', 'optrad', 'veranderden', 'van', 'karakter', ':', 'van', 'romantische', 'en', 'sociale', 'films', 'naar', 'actiefilms', 'met', 'veel', 'grote', 'filmsterren', 'en', 'andersoortige', 'films', ',', 'die', 'niet', 'altijd', 'commercieel', 'succesvol', 'waren', ',', 'maar', 'vaak', 'wel', 'goede', 'kritieken', 'kregen', '.']"	[0, 0, 0, 0, 0, 0, 0, 0, 1, 2, 0, 0, 0, 0, 0, 0, 0, 0, 0, 0, 0, 0, 0, 0, 0, 0, 0, 0, 0, 0, 0, 0, 0, 0, 0, 0, 0, 0, 0, 0, 0, 0, 0, 0, 0, 0, 0, 0, 0]	nl	Als superster werd hij 'opgevolgd' door Amitabh Bachchan en de films waarin hij optrad veranderden van karakter: van romantische en sociale films naar actiefilms met veel grote filmsterren en andersoortige films, die niet altijd commercieel succesvol waren, maar vaak wel goede kritieken kregen.
['Zijn', 'gezin', 'kwam', 'pas', 'twee', 'maanden', 'later', 'over', ',', 'toen', 'hij', 'buiten', 'Berlijn', ',', 'in', 'Strausberg', ',', 'een', 'landhuis', 'had', 'gehuurd', '.']	[0, 0, 0, 0, 0, 0, 0, 0, 0, 0, 0, 0, 5, 0, 0, 5, 0, 0, 0, 0, 0, 0]	nl	Zijn gezin kwam pas twee maanden later over, toen hij buiten Berlijn, in Strausberg, een landhuis had gehuurd.
['De', 'hoofdstad', 'is', 'Dresden', '.']	[0, 0, 0, 5, 0]	nl	De hoofdstad is Dresden.
['Daarvoor', 'speelde', 'hij', 'onder', 'andere', 'voor', 'AS', 'Monaco', 'en', 'Paris', 'Saint-Germain', '.']	[0, 0, 0, 0, 0, 0, 3, 4, 0, 3, 4, 0]	nl	Daarvoor speelde hij onder andere voor AS Monaco en Paris Saint-Germain.
['De', 'hoofdrollen', 'worden', 'vertolkt', 'door', 'Matthew', 'Broderick', 'en', 'Denzel', 'Washington', '.']	[0, 0, 0, 0, 0, 1, 2, 0, 1, 2, 0]	nl	De hoofdrollen worden vertolkt door Matthew Broderick en Denzel Washington.
['Een', 'paar', 'minuten', 'later', 'verkleinde', 'Jan', 'Koller', 'de', 'voorsprong', '.']	[0, 0, 0, 0, 0, 1, 2, 0, 0, 0]	nl	Een paar minuten later verkleinde Jan Koller de voorsprong.
['Op', '12', 'november', '2006', 'luisterde', 'hij', 'zijn', 'debuut', 'in', 'de', 'basiself', 'van', 'de', 'hoofdmacht', 'op', 'met', 'twee', 'doelpunten', 'in', 'de', '7', '-', '1-overwinning', 'op', 'FC', 'Groningen', '.']	[0, 0, 0, 0, 0, 0, 0, 0, 0, 0, 0, 0, 0, 0, 0, 0, 0, 0, 0, 0, 0, 0, 0, 0, 3, 4, 0]	nl	Op 12 november 2006 luisterde hij zijn debuut in de basiself van de hoofdmacht op met twee doelpunten in de 7 - 1-overwinning op FC Groningen.
['In', '2014', 'verruilde', 'hij', 'FC', 'Lorient', 'voor', 'FC', 'Porto', '.']	[0, 0, 0, 0, 3, 4, 0, 3, 4, 0]	nl	In 2014 verruilde hij FC Lorient voor FC Porto.
['Zij', 'verlaat', 'hem', 'voor', 'werk', 'in', 'de', 'Verenigde', 'Staten', '.']	[0, 0, 0, 0, 0, 0, 0, 5, 6, 0]	nl	Zij verlaat hem voor werk in de Verenigde Staten.
['Producer', 'van', 'het', 'nummer', 'was', 'Pharrell', 'Williams', '.']	[0, 0, 0, 0, 0, 1, 2, 0]	nl	Producer van het nummer was Pharrell Williams.
['Het', 'water', 'dat', 'vanuit', 'Muiden', 'komt', ',', 'geeft', 'op', 'deze', 'plaats', 'de', 'nodige', 'tegendruk', '.']	[0, 0, 0, 0, 5, 0, 0, 0, 0, 0, 0, 0, 0, 0, 0]	nl	Het water dat vanuit Muiden komt, geeft op deze plaats de nodige tegendruk.
['Hij', 'scoorde', 'vervolgens', 'veertien', 'doelpunten', 'in', 'twaalf', 'wedstrijden', 'en', 'werd', 'opgenomen', 'in', 'de', 'selectie', 'van', 'het', 'Argentijns', 'voetbalelftal', 'voor', 'het', 'WK', 'in', 'eigen', 'land', '.']	[0, 0, 0, 0, 0, 0, 0, 0, 0, 0, 0, 0, 0, 0, 0, 0, 3, 4, 0, 0, 7, 0, 0, 0, 0]	nl	Hij scoorde vervolgens veertien doelpunten in twaalf wedstrijden en werd opgenomen in de selectie van het Argentijns voetbalelftal voor het WK in eigen land.
['Deze', 'film', 'werd', 'tegelijk', 'opgenomen', 'met', 'Beyond', 'the', 'Time', 'Barrier', '.']	[0, 0, 0, 0, 0, 0, 7, 8, 8, 8, 0]	nl	Deze film werd tegelijk opgenomen met Beyond the Time Barrier.
['Ook', 'kan', 'de', 'zwarte', 'specht', 'grote', 'waterpartijen', 'oversteken', ',', 'wat', 'hem', 'in', 'staat', 'heeft', 'gesteld', 'om', 'vrijwel', 'alle', 'eilanden', 'in', 'de', 'Oostzee', 'te', 'bereiken', '.']	[0, 0, 0, 0, 0, 0, 0, 0, 0, 0, 0, 0, 0, 0, 0, 0, 0, 0, 0, 0, 0, 5, 0, 0, 0]	nl	Ook kan de zwarte specht grote waterpartijen oversteken, wat hem in staat heeft gesteld om vrijwel alle eilanden in de Oostzee te bereiken.
['Voor', 'een', 'demonstratie', 'van', 'het', 'toepassen', 'van', 'speltheorie', 'op', 'de', 'evolutieleer', ',', 'zie', 'ook', 'Nice', 'Guys', 'Finish', 'First', '.']	[0, 0, 0, 0, 0, 0, 0, 0, 0, 0, 0, 0, 0, 0, 7, 8, 8, 8, 0]	nl	Voor een demonstratie van het toepassen van speltheorie op de evolutieleer, zie ook Nice Guys Finish First.
['Jaarlijks', 'in', 'het', 'voorjaar', 'worden', 'de', 'prijzen', 'in', '24', 'categorieën', 'uitgereikt', 'in', 'het', 'Dolby', 'Theatre', 'in', 'Hollywood', '.']	[0, 0, 0, 0, 0, 0, 0, 0, 0, 0, 0, 0, 0, 5, 6, 0, 5, 0]	nl	Jaarlijks in het voorjaar worden de prijzen in 24 categorieën uitgereikt in het Dolby Theatre in Hollywood.
['Tevens', 'is', 'er', 'een', 'apart', 'perron', 'bij', 'het', 'Philips', 'Stadion', ',', 'waar', 'voetbalsupporters', 'van', 'bezoekende', 'clubs', 'direct', 'vanuit', 'de', 'trein', 'het', 'stadion', 'ingeleid', 'worden', '.']	[0, 0, 0, 0, 0, 0, 0, 0, 5, 6, 0, 0, 0, 0, 0, 0, 0, 0, 0, 0, 0, 0, 0, 0, 0]	nl	Tevens is er een apart perron bij het Philips Stadion, waar voetbalsupporters van bezoekende clubs direct vanuit de trein het stadion ingeleid worden.
['De', 'in', 'Brazilië', 'geboren', 'aanvaller', 'stond', 'niet', 'in', 'de', 'basis', 'tegen', 'Clube', 'Atlético', 'Mineiro', 'en', 'scoorde', '(', 'ongeveer', ')', 'twintig', 'minuten', 'voor', 'het', 'eindsignaal', 'de', '2', '-', '1', ',', 'voor', 'de', 'volle', 'drie', 'punten', '.']	[0, 0, 5, 0, 0, 0, 0, 0, 0, 0, 0, 3, 4, 4, 0, 0, 0, 0, 0, 0, 0, 0, 0, 0, 0, 0, 0, 0, 0, 0, 0, 0, 0, 0, 0]	nl	De in Brazilië geboren aanvaller stond niet in de basis tegen Clube Atlético Mineiro en scoorde (ongeveer) twintig minuten voor het eindsignaal de 2 - 1, voor de volle drie punten.
['De', 'vreemde', 'handelaars', 'en', 'diplomaten', 'die', 'zich', 'in', 'Brugge', 'hadden', 'gevestigd', 'vanaf', 'het', 'begin', 'van', 'de', '13e', 'eeuw', 'waren', 'een', 'vermogend', 'en', 'kunstminnend', 'publiek', 'en', 'bijgevolg', 'een', 'ideale', 'klantenbasis', 'voor', 'onze', 'kunstenaars', '.']	[0, 0, 0, 0, 0, 0, 0, 0, 5, 0, 0, 0, 0, 0, 0, 0, 0, 0, 0, 0, 0, 0, 0, 0, 0, 0, 0, 0, 0, 0, 0, 0, 0]	nl	De vreemde handelaars en diplomaten die zich in Brugge hadden gevestigd vanaf het begin van de 13e eeuw waren een vermogend en kunstminnend publiek en bijgevolg een ideale klantenbasis voor onze kunstenaars.
"['""', 'Agalychnis', 'moreletii', '""', 'werd', 'voor', 'het', 'eerst', 'wetenschappelijk', 'beschreven', 'door', 'Auguste', 'Duméril', 'in', '1853', '.']"	[0, 0, 0, 0, 0, 0, 0, 0, 0, 0, 0, 1, 2, 0, 0, 0]	nl	"""Agalychnis moreletii"" werd voor het eerst wetenschappelijk beschreven door Auguste Duméril in 1853."
['Hij', 'tekende', 'in', '2012', 'bij', 'FC', 'Seoul', '.']	[0, 0, 0, 0, 0, 3, 4, 0]	nl	Hij tekende in 2012 bij FC Seoul.
['Het', 'Frankische', 'Rijk', 'kende', 'onder', 'hem', 'zijn', 'grootste', 'omvang', '.']	[0, 5, 6, 0, 0, 0, 0, 0, 0, 0]	nl	Het Frankische Rijk kende onder hem zijn grootste omvang.
"['Aan', 'het', 'slot', 'van', 'het', 'lied', 'is', 'ook', 'een', 'sample', 'uit', '""', 'Ne', 'me', 'quitte', 'pas', '""', 'te', 'horen', '.']"	[0, 0, 0, 0, 0, 0, 0, 0, 0, 0, 0, 0, 7, 8, 8, 8, 0, 0, 0, 0]	nl	"Aan het slot van het lied is ook een sample uit ""Ne me quitte pas"" te horen."
['Er', 'leken', 'verlengingen', 'aan', 'te', 'komen', ',', 'tot', 'Birmingham-invaller', 'Obafemi', 'Martins', 'net', 'voor', 'affluiten', 'alsnog', 'voor', 'een', '2', '-', '1', 'zege', 'zorgde', '.']	[0, 0, 0, 0, 0, 0, 0, 0, 0, 1, 2, 0, 0, 0, 0, 0, 0, 0, 0, 0, 0, 0, 0]	nl	Er leken verlengingen aan te komen, tot Birmingham-invaller Obafemi Martins net voor affluiten alsnog voor een 2 - 1 zege zorgde.
['Er', 'zijn', 'in', 'het', 'parlement', 'wel', 'stemmen', 'opgegaan', 'om', 'het', 'de', 'enige', 'officiële', 'taal', 'van', 'Zweden', 'te', 'maken', ',', 'maar', 'dat', 'voorstel', 'is', 'afgewezen', '.']	[0, 0, 0, 0, 0, 0, 0, 0, 0, 0, 0, 0, 0, 0, 0, 5, 0, 0, 0, 0, 0, 0, 0, 0, 0]	nl	Er zijn in het parlement wel stemmen opgegaan om het de enige officiële taal van Zweden te maken, maar dat voorstel is afgewezen.
['Na', 'de', 'vondst', 'werd', 'het', 'naar', 'het', 'Nationaal', 'Museum', 'van', 'Brazilië', 'gebracht', '.']	[0, 0, 0, 0, 0, 0, 0, 5, 6, 6, 6, 0, 0]	nl	Na de vondst werd het naar het Nationaal Museum van Brazilië gebracht.
['Zo', 'ook', 'bij', 'de', 'moord', 'op', 'president', 'John', 'F.', 'Kennedy', ',', 'president', 'van', '1961', 'tot', 'en', 'met', 'zijn', 'dood', 'in', '1963', '.']	[0, 0, 0, 0, 0, 0, 0, 1, 2, 2, 0, 0, 0, 0, 0, 0, 0, 0, 0, 0, 0, 0]	nl	Zo ook bij de moord op president John F. Kennedy, president van 1961 tot en met zijn dood in 1963.
['Deze', 'pasjes', 'waren', 'niet', 'geldig', 'op', 'de', 'streeklijnen', 'die', 'door', 'Eindhoven', 'rijden', '.']	[0, 0, 0, 0, 0, 0, 0, 0, 0, 0, 5, 0, 0]	nl	Deze pasjes waren niet geldig op de streeklijnen die door Eindhoven rijden.
['Als', 'kerkelijke', 'staat', 'was', 'het', 'prinsbisdom', 'echter', 'onafhankelijk', 'en', 'daarom', 'heeft', 'het', 'nooit', 'deel', 'uitgemaakt', 'van', 'de', 'Zuidelijke', 'Nederlanden', '.']	[0, 0, 0, 0, 0, 0, 0, 0, 0, 0, 0, 0, 0, 0, 0, 0, 0, 5, 6, 0]	nl	Als kerkelijke staat was het prinsbisdom echter onafhankelijk en daarom heeft het nooit deel uitgemaakt van de Zuidelijke Nederlanden.
['Hij', 'debuteerde', 'in', 'het', 'Noors', 'voetbalelftal', 'op', '27', 'mei', '2014', '.']	[0, 0, 0, 0, 3, 4, 0, 0, 0, 0, 0]	nl	Hij debuteerde in het Noors voetbalelftal op 27 mei 2014.
['De', 'eerste', 'viel', 'te', 'noteren', 'op', '15', 'mei', ',', 'tegen', 'Amkar', 'Perm', '.']	[0, 0, 0, 0, 0, 0, 0, 0, 0, 0, 3, 4, 0]	nl	De eerste viel te noteren op 15 mei, tegen Amkar Perm.
['Van', '1943', 'tot', '1947', 'maakte', 'hij', 'deel', 'uit', 'van', 'het', 'orkest', 'van', 'Duke', 'Ellington', '.']	[0, 0, 0, 0, 0, 0, 0, 0, 0, 0, 0, 0, 1, 2, 0]	nl	Van 1943 tot 1947 maakte hij deel uit van het orkest van Duke Ellington.
['Dit', 'werd', 'een', 'ongekend', 'wereldsucces', 'voor', 'onder', 'anderen', 'Bobby', 'Darin', 'en', 'Robbie', 'Williams', '.']	[0, 0, 0, 0, 0, 0, 0, 0, 1, 2, 0, 1, 2, 0]	nl	Dit werd een ongekend wereldsucces voor onder anderen Bobby Darin en Robbie Williams.
['Primitieve', 'zoogdieren', '(', 'waarschijnlijk', 'ontstaan', 'in', 'het', 'Trias', ')', 'en', 'de', 'eerste', 'vogels', 'speelden', 'een', 'grotendeels', 'ondergeschikte', 'rol', '.']	[0, 0, 0, 0, 0, 0, 0, 5, 0, 0, 0, 0, 0, 0, 0, 0, 0, 0, 0]	nl	Primitieve zoogdieren (waarschijnlijk ontstaan in het Trias) en de eerste vogels speelden een grotendeels ondergeschikte rol.
"['""', 'Chiropodomys', 'major', '""', 'is', 'een', 'knaagdier', 'uit', 'het', 'geslacht', '""', 'Chiropodomys', '""', 'dat', 'voorkomt', 'op', 'Borneo', '.']"	[0, 7, 0, 0, 0, 0, 0, 0, 0, 0, 0, 7, 0, 0, 0, 0, 5, 0]	nl	"""Chiropodomys major"" is een knaagdier uit het geslacht ""Chiropodomys"" dat voorkomt op Borneo."
['Ze', 'won', 'zilver', 'op', 'de', 'Olympische', 'Zomerspelen', '1956', 'in', 'Melbourne', 'en', 'was', 'in', '1956', 'enkele', 'maanden', 'wereldrecordhoudster', 'in', 'het', 'hoogspringen', '.']	[0, 0, 0, 0, 0, 7, 8, 8, 0, 5, 0, 0, 0, 0, 0, 0, 0, 0, 0, 0, 0]	nl	Ze won zilver op de Olympische Zomerspelen 1956 in Melbourne en was in 1956 enkele maanden wereldrecordhoudster in het hoogspringen.
['De', 'grootste', 'rivier', 'van', 'het', 'Zuid-Afrika', 'heet', 'de', 'Oranjerivier', 'omdat', 'de', 'kleur', 'van', 'de', 'aarde', 'vaak', 'naar', 'het', 'oranje', 'zweemt', '.']	[0, 0, 0, 0, 0, 5, 0, 0, 5, 0, 0, 0, 0, 0, 0, 0, 0, 0, 0, 0, 0]	nl	De grootste rivier van het Zuid-Afrika heet de Oranjerivier omdat de kleur van de aarde vaak naar het oranje zweemt.
"['De', 'eerste', 'druk', 'van', '""', 'Systema', 'naturae', '""', 'omvatte', 'twaalf', 'pagina', ""'s"", 'in', 'dubbel', 'folioformaat', '.']"	[0, 0, 0, 0, 0, 7, 8, 0, 0, 0, 0, 0, 0, 0, 0, 0]	nl	"De eerste druk van ""Systema naturae"" omvatte twaalf pagina 's in dubbel folioformaat."
['Ten', 'zuiden', 'van', 'de', 'stad', 'ligt', 'het', 'schiereiland', 'Chalcidice', '.']	[0, 0, 0, 0, 0, 0, 0, 0, 5, 0]	nl	Ten zuiden van de stad ligt het schiereiland Chalcidice.
['Hij', 'werd', 'in', '2008', 'opgevolgd', 'door', 'Nir', 'Barkat', '.']	[0, 0, 0, 0, 0, 0, 1, 2, 0]	nl	Hij werd in 2008 opgevolgd door Nir Barkat.
['Hij', 'werd', 'gekozen', 'door', 'Columbus', 'Crew', 'en', 'hij', 'tekende', 'zijn', 'contract', 'op', '7', 'maart', '2014', '.']	[0, 0, 0, 0, 3, 4, 0, 0, 0, 0, 0, 0, 0, 0, 0, 0]	nl	Hij werd gekozen door Columbus Crew en hij tekende zijn contract op 7 maart 2014.
['Verder', 'kon', 'hij', 'zich', 'niet', 'prekwalificeren', 'voor', 'de', 'andere', 'races', ',', 'net', 'zoals', 'zijn', 'teamgenoot', 'Claudio', 'Langes', ',', 'die', 'geen', 'enkele', 'keer', 'aan', 'de', 'start', 'stond', '.']	[0, 0, 0, 0, 0, 0, 0, 0, 0, 0, 0, 0, 0, 0, 0, 1, 2, 0, 0, 0, 0, 0, 0, 0, 0, 0, 0]	nl	Verder kon hij zich niet prekwalificeren voor de andere races, net zoals zijn teamgenoot Claudio Langes, die geen enkele keer aan de start stond.
['Na', 'zijn', 'carrière', 'bleef', 'hij', 'in', 'Spanje', 'wonen', '.']	[0, 0, 0, 0, 0, 0, 5, 0, 0]	nl	Na zijn carrière bleef hij in Spanje wonen.
['In', '1961', 'werd', 'hier', 'de', 'waterstofbom', 'Tsar', 'Bomba', 'tot', 'ontploffing', 'gebracht', ',', 'met', 'een', 'kracht', 'van', '50', '-', '58', 'megaton', 'is', 'dit', 'de', 'krachtigste', 'door', 'mensen', 'veroorzaakte', 'explosie', 'ooit', '.']	[0, 0, 0, 0, 0, 0, 7, 8, 0, 0, 0, 0, 0, 0, 0, 0, 0, 0, 0, 0, 0, 0, 0, 0, 0, 0, 0, 0, 0, 0]	nl	In 1961 werd hier de waterstofbom Tsar Bomba tot ontploffing gebracht, met een kracht van 50 - 58 megaton is dit de krachtigste door mensen veroorzaakte explosie ooit.
['De', 'oorspronkelijke', 'bedoeling', 'van', 'de', 'operatie', 'was', 'om', 'voor', 'de', 'winter', 'Europees', 'Rusland', 'te', 'bezetten', '.']	[0, 0, 0, 0, 0, 0, 0, 0, 0, 0, 0, 5, 6, 0, 0, 0]	nl	De oorspronkelijke bedoeling van de operatie was om voor de winter Europees Rusland te bezetten.
['Het', 'computerspel', 'kwam', 'uit', 'op', '12', 'juni', '2015', 'en', 'is', 'beschikbaar', 'voor', 'PlayStation', '3', ',', 'PlayStation', '4', ',', 'PlayStation', 'Vita', ',', 'Nintendo', '3DS', ',', 'Wii', 'U', ',', 'Xbox', 'One', ',', 'Xbox', '360', 'en', 'pc', '.']	[0, 0, 0, 0, 0, 0, 0, 0, 0, 0, 0, 0, 7, 8, 0, 7, 8, 0, 7, 8, 0, 7, 8, 0, 7, 8, 0, 7, 8, 0, 7, 8, 0, 0, 0]	nl	Het computerspel kwam uit op 12 juni 2015 en is beschikbaar voor PlayStation 3, PlayStation 4, PlayStation Vita, Nintendo 3DS, Wii U, Xbox One, Xbox 360 en pc.
['De', 'winters', 'zijn', 'echter', 'koud', ',', 'een', 'stuk', 'kouder', 'dan', 'aan', 'de', 'kust', 'van', 'de', 'Middellandse', 'Zee', ',', 'maar', 'kennen', 'ook', 'weinig', 'neerslag', '.']	[0, 0, 0, 0, 0, 0, 0, 0, 0, 0, 0, 0, 0, 0, 0, 5, 6, 0, 0, 0, 0, 0, 0, 0]	nl	De winters zijn echter koud, een stuk kouder dan aan de kust van de Middellandse Zee, maar kennen ook weinig neerslag.
['is', 'een', 'Amerikaanse', 'film', 'van', 'Steven', 'Soderbergh', 'met', 'Matt', 'Damon', 'in', 'de', 'hoofdrol', '.']	[0, 0, 7, 0, 0, 1, 2, 0, 1, 2, 0, 0, 0, 0]	nl	is een Amerikaanse film van Steven Soderbergh met Matt Damon in de hoofdrol.
['Kleindochter', 'Alessandra', 'Mussolini', 'zat', 'in', 'het', 'parlement', 'voor', 'de', 'rechtse', 'partijen', 'en', 'is', 'trots', 'op', 'haar', 'grootvader', '.']	[0, 1, 2, 0, 0, 0, 0, 0, 0, 0, 0, 0, 0, 0, 0, 0, 0, 0]	nl	Kleindochter Alessandra Mussolini zat in het parlement voor de rechtse partijen en is trots op haar grootvader.
"['In', 'Vlaanderen', 'spreekt', 'men', 'eerder', 'van', '""', 'blaadjes', '""', 'in', 'plaats', 'van', '""', 'vloei', '""', '.']"	[0, 5, 0, 0, 0, 0, 0, 0, 0, 0, 0, 0, 0, 0, 0, 0]	nl	"In Vlaanderen spreekt men eerder van ""blaadjes"" in plaats van ""vloei""."
['Het', 'is', 'het', 'vervolg', 'op', 'het', 'computerspel', 'Ragnarok', 'Online', '.']	[0, 0, 0, 0, 0, 0, 0, 7, 8, 0]	nl	Het is het vervolg op het computerspel Ragnarok Online.
['Deze', 'binnenzee', 'is', 'te', 'klein', 'om', 'een', 'eigen', 'getijde', 'te', 'kennen', 'en', 'het', 'getij', 'in', 'de', 'Middellandse', 'Zee', 'wordt', 'dus', 'hoofdzakelijk', 'bepaald', 'door', 'de', 'getijgolf', 'die', 'van', 'de', 'Atlantische', 'Oceaan', 'via', 'de', 'nauwe', 'Straat', 'van', 'Gibraltar', 'binnenkomt', '.']	[0, 0, 0, 0, 0, 0, 0, 0, 0, 0, 0, 0, 0, 0, 0, 0, 5, 6, 0, 0, 0, 0, 0, 0, 0, 0, 0, 0, 5, 6, 0, 0, 0, 5, 6, 6, 0, 0]	nl	Deze binnenzee is te klein om een eigen getijde te kennen en het getij in de Middellandse Zee wordt dus hoofdzakelijk bepaald door de getijgolf die van de Atlantische Oceaan via de nauwe Straat van Gibraltar binnenkomt.
['Daarmee', 'is', 'dit', 'hun', 'eerste', 'samenwerkingsproject', 'sinds', 'Back', 'to', 'the', 'Future', 'Part', 'III', '.']	[0, 0, 0, 0, 0, 0, 0, 7, 8, 8, 8, 8, 8, 0]	nl	Daarmee is dit hun eerste samenwerkingsproject sinds Back to the Future Part III.
['In', '1914', 'kreeg', 'de', 'stad', 'opnieuw', 'een', 'universiteit', ',', 'maar', 'deze', 'verhuisde', 'in', '1921', 'naar', 'Boedapest', 'en', 'later', 'naar', 'Pécs', '.']	[0, 0, 0, 0, 0, 0, 0, 0, 0, 0, 0, 0, 0, 0, 0, 5, 0, 0, 0, 5, 0]	nl	In 1914 kreeg de stad opnieuw een universiteit, maar deze verhuisde in 1921 naar Boedapest en later naar Pécs.
['In', '1995', 'werd', 'het', 'gebouw', 'voor', '8', 'miljoen', 'dollar', 'gekocht', 'door', 'zakenman', 'Donald', 'Trump', '.']	[0, 0, 0, 0, 0, 0, 0, 0, 0, 0, 0, 0, 1, 2, 0]	nl	In 1995 werd het gebouw voor 8 miljoen dollar gekocht door zakenman Donald Trump.
['Na', 'zijn', 'spelersloopbaan', 'werd', 'hij', 'coach', 'bij', 'FC', 'Zürich', ',', 'eerste', 'als', 'assistent-coach', 'dan', 'trainer', 'van', 'het', 'tweede', 'elftal', 'en', 'sinds', '2019', 'hoofdtrainer', '.']	[0, 0, 0, 0, 0, 0, 0, 3, 4, 0, 0, 0, 0, 0, 0, 0, 0, 0, 0, 0, 0, 0, 0, 0]	nl	Na zijn spelersloopbaan werd hij coach bij FC Zürich, eerste als assistent-coach dan trainer van het tweede elftal en sinds 2019 hoofdtrainer.
['Na', 'een', 'zware', 'ziekte', 'verbleef', 'hij', 'in', '1928', 'lange', 'tijd', 'in', 'de', 'Sovjet-Unie', '.']	[0, 0, 0, 0, 0, 0, 0, 0, 0, 0, 0, 0, 5, 0]	nl	Na een zware ziekte verbleef hij in 1928 lange tijd in de Sovjet-Unie.
['Dit', 'blijf', 'hij', 'doen', ',', 'toen', 'hij', 'naar', 'het', 'Universiteit', 'van', 'Californië', '-', 'Los', 'Angeles', 'ging', '.']	[0, 0, 0, 0, 0, 0, 0, 0, 0, 5, 6, 6, 6, 6, 6, 0, 0]	nl	Dit blijf hij doen, toen hij naar het Universiteit van Californië - Los Angeles ging.
['Bij', 'die', 'club', 'maakte', 'hij', 'in', 'het', 'seizoen', '2005', '/', '06', 'zijn', 'officieel', 'debuut', 'in', 'de', 'Ligue', '1', '.']	[0, 0, 0, 0, 0, 0, 0, 0, 0, 0, 0, 0, 0, 0, 0, 0, 7, 8, 0]	nl	Bij die club maakte hij in het seizoen 2005 / 06 zijn officieel debuut in de Ligue 1.
"['Andere', 'noemenswaardige', 'fimrollen', 'waren', '""', 'Gandhi', '""', '(', '1982', ')', ',', 'en', 'Dario', 'Argento', ""'s"", 'horrorklassieker', '""', 'Opera', '""', '.']"	[0, 0, 0, 0, 0, 7, 0, 0, 0, 0, 0, 0, 1, 2, 0, 0, 0, 7, 0, 0]	nl	"Andere noemenswaardige fimrollen waren ""Gandhi"" (1982), en Dario Argento 's horrorklassieker ""Opera""."
['Een', 'jaar', 'later', 'versloeg', 'ze', 'in', 'de', 'eindstrijd', 'de', 'veertien', 'jaar', 'jongere', 'Poolse', 'Li', 'Qian', ',', 'na', 'in', 'de', 'kwartfinale', 'en', 'de', 'halve', 'finale', 'van', 'Ni', 'Xialian', 'en', 'Wu', 'Jiaduo', 'gewonnen', 'te', 'hebben', '.']	[0, 0, 0, 0, 0, 0, 0, 0, 0, 0, 0, 0, 0, 1, 2, 0, 0, 0, 0, 0, 0, 0, 0, 0, 0, 1, 2, 0, 1, 2, 0, 0, 0, 0]	nl	Een jaar later versloeg ze in de eindstrijd de veertien jaar jongere Poolse Li Qian, na in de kwartfinale en de halve finale van Ni Xialian en Wu Jiaduo gewonnen te hebben.
['Op', '4', 'november', '1939', 'werden', 'beiden', 'weer', 'in', 'Rotterdam', 'ingeschreven', '.']	[0, 0, 0, 0, 0, 0, 0, 0, 5, 0, 0]	nl	Op 4 november 1939 werden beiden weer in Rotterdam ingeschreven.
['Hij', 'verving', 'Bruno', 'Sammartino', ',', 'die', 'jarenlang', 'samen', 'met', 'Vince', 'McMahon', 'jr.', 'commentator', 'was', '.']	[0, 0, 1, 2, 0, 0, 0, 0, 0, 1, 2, 0, 0, 0, 0]	nl	Hij verving Bruno Sammartino, die jarenlang samen met Vince McMahon jr. commentator was.
['Uraniumhexafluoride', 'in', 'een', 'goed', 'afgesloten', 'vat', 'op', 'kamertemperatuur', 'is', 'de', 'gangbare', 'methode', 'om', 'gebruikt', 'uranium', 'te', 'vervoeren', 'van', 'een', 'kerncentrale', 'naar', 'een', 'verrijkingsfabriek', 'als', 'URENCO', '.']	[0, 0, 0, 0, 0, 0, 0, 0, 0, 0, 0, 0, 0, 0, 0, 0, 0, 0, 0, 0, 0, 0, 0, 0, 3, 0]	nl	Uraniumhexafluoride in een goed afgesloten vat op kamertemperatuur is de gangbare methode om gebruikt uranium te vervoeren van een kerncentrale naar een verrijkingsfabriek als URENCO.
['Voor', 'de', 'herbevolking', 'van', 'de', 'nieuw', 'verworven', 'gebieden', 'werd', 'gebruikgemaakt', 'van', 'teruggekeerde', 'Poolse', 'dwangarbeiders', 'uit', 'Duitsland', ',', 'en', 'van', 'in', '1939', 'gevluchte', 'Polen', 'die', 'terugkeerden', 'uit', 'de', 'Sovjet-Unie', '.']	[0, 0, 0, 0, 0, 0, 0, 0, 0, 0, 0, 0, 7, 0, 0, 5, 0, 0, 0, 0, 0, 0, 5, 0, 0, 0, 0, 5, 0]	nl	Voor de herbevolking van de nieuw verworven gebieden werd gebruikgemaakt van teruggekeerde Poolse dwangarbeiders uit Duitsland, en van in 1939 gevluchte Polen die terugkeerden uit de Sovjet-Unie.
['De', 'wetenschappelijke', 'naam', 'van', 'de', 'soort', 'is', 'voor', 'het', 'eerst', 'geldig', 'gepubliceerd', 'in', '1775', 'door', 'Johann', 'Christian', 'Fabricius', '.']	[0, 0, 0, 0, 0, 0, 0, 0, 0, 0, 0, 0, 0, 0, 0, 1, 2, 2, 0]	nl	De wetenschappelijke naam van de soort is voor het eerst geldig gepubliceerd in 1775 door Johann Christian Fabricius.
['Er', 'zijn', 'niet', 'veel', 'van', 'dat', 'soort', 'banen', 'meer', ',', 'maar', 'Vlissingen', 'is', 'er', 'zo', 'een', '(', ')', '.']	[0, 0, 0, 0, 0, 0, 0, 0, 0, 0, 0, 5, 0, 0, 0, 0, 0, 0, 0]	nl	Er zijn niet veel van dat soort banen meer, maar Vlissingen is er zo een ().
['Het', 'is', 'een', 'kwetsbare', ',', 'endemische', 'vogelsoort', 'op', 'de', 'Seychellen', '.']	[0, 0, 0, 0, 0, 0, 0, 0, 0, 5, 0]	nl	Het is een kwetsbare, endemische vogelsoort op de Seychellen.
['Dit', 'vliegtuig', 'hadden', 'ze', 'in', 'de', 'Eerste', 'Wereldoorlog', 'al', 'in', 'licentie', 'geproduceerd', '.']	[0, 0, 0, 0, 0, 0, 7, 8, 0, 0, 0, 0, 0]	nl	Dit vliegtuig hadden ze in de Eerste Wereldoorlog al in licentie geproduceerd.
['In', 'zijn', 'eerste', 'seizoen', 'speelde', 'hij', 'zes', 'wedstrijden', 'in', 'de', 'Serie', 'B', ',', 'in', 'zijn', 'tweede', 'jaar', '33', '.']	[0, 0, 0, 0, 0, 0, 0, 0, 0, 0, 3, 4, 0, 0, 0, 0, 0, 0, 0]	nl	In zijn eerste seizoen speelde hij zes wedstrijden in de Serie B, in zijn tweede jaar 33.
['Dat', 'liet', 'hij', 'aan', 'het', 'einde', 'van', 'dat', 'jaar', 'ontbinden', ',', 'waarna', 'hij', 'zich', 'in', 'in', 'januari', '2017', 'voor', '2,5', 'jaar', 'aan', 'Antalyaspor', 'verbond', '.']	[0, 0, 0, 0, 0, 0, 0, 0, 0, 0, 0, 0, 0, 0, 0, 0, 0, 0, 0, 0, 0, 0, 3, 0, 0]	nl	Dat liet hij aan het einde van dat jaar ontbinden, waarna hij zich in in januari 2017 voor 2,5 jaar aan Antalyaspor verbond.
['Aan', 'kaarten', 'voor', 'de', 'Oekraïne', 'wordt', 'gewerkt', '.']	[0, 0, 0, 0, 5, 0, 0, 0]	nl	Aan kaarten voor de Oekraïne wordt gewerkt.
['Daarna', 'eindigde', 'de', 'productie', ',', 'mogelijk', 'door', 'het', 'uitbreken', 'van', 'de', 'Tweede', 'Wereldoorlog', '.']	[0, 0, 0, 0, 0, 0, 0, 0, 0, 0, 0, 7, 8, 0]	nl	Daarna eindigde de productie, mogelijk door het uitbreken van de Tweede Wereldoorlog.
['De', 'nijlvaraan', 'komt', 'voor', 'in', 'het', 'grootste', 'deel', 'van', 'Afrika', 'en', 'komt', 'vaak', 'algemeen', 'voor', 'langs', 'rivieren', 'en', 'andere', 'wateren', '.']	[0, 0, 0, 0, 0, 0, 0, 0, 0, 5, 0, 0, 0, 0, 0, 0, 0, 0, 0, 0, 0]	nl	De nijlvaraan komt voor in het grootste deel van Afrika en komt vaak algemeen voor langs rivieren en andere wateren.
['In', 'oktober', '2015', 'verbond', 'hij', 'zich', 'tot', 'het', 'einde', 'van', 'het', 'seizoen', '2015', '/', '16', 'aan', 'Botev', 'Plovdiv', '.']	[0, 0, 0, 0, 0, 0, 0, 0, 0, 0, 0, 0, 0, 0, 0, 0, 3, 4, 0]	nl	In oktober 2015 verbond hij zich tot het einde van het seizoen 2015 / 16 aan Botev Plovdiv.
"['De', 'eerste', 'verfilming', 'van', '""', 'In', 'de', 'Ban', 'van', 'de', 'Ring', '""', 'verscheen', 'een', 'jaar', 'later', '.']"	[0, 0, 0, 0, 0, 7, 8, 8, 8, 8, 8, 0, 0, 0, 0, 0, 0]	nl	"De eerste verfilming van ""In de Ban van de Ring"" verscheen een jaar later."
['Volgens', 'Karl', 'Marx', 'zou', 'de', 'invoering', 'van', 'het', 'socialisme', 'uiteindelijk', 'leiden', 'tot', 'een', 'situatie', 'van', 'overvloed', 'door', 'een', 'volledige', 'automatisering', 'waarbij', 'een', 'radicale', 'arbeidstijdverkorting', 'kon', 'plaatsvinden', '.']	[0, 1, 2, 0, 0, 0, 0, 0, 0, 0, 0, 0, 0, 0, 0, 0, 0, 0, 0, 0, 0, 0, 0, 0, 0, 0, 0]	nl	Volgens Karl Marx zou de invoering van het socialisme uiteindelijk leiden tot een situatie van overvloed door een volledige automatisering waarbij een radicale arbeidstijdverkorting kon plaatsvinden.
['Het', 'verhaal', 'hiervan', 'is', 'gebaseerd', 'op', 'dat', 'uit', 'de', 'autobiografie', 'van', 'de', 'Ierse', 'kunstenaar', 'Christy', 'Brown', '.']	[0, 0, 0, 0, 0, 0, 0, 0, 0, 0, 0, 0, 7, 0, 1, 2, 0]	nl	Het verhaal hiervan is gebaseerd op dat uit de autobiografie van de Ierse kunstenaar Christy Brown.
['De', 'bekendste', 'versie', 'ervan', 'is', 'echter', 'de', 'dodendans', 'op', 'de', 'Cimetière', 'des', 'Innocents', 'in', 'Parijs', ',', 'geschilderd', 'in', '1424', '-', '25', ',', 'dat', 'vaak', 'als', 'het', 'begin', 'van', 'de', 'traditie', 'wordt', 'aangewezen', '.']	[0, 0, 0, 0, 0, 0, 0, 0, 0, 0, 5, 6, 6, 0, 5, 0, 0, 0, 0, 0, 0, 0, 0, 0, 0, 0, 0, 0, 0, 0, 0, 0, 0]	nl	De bekendste versie ervan is echter de dodendans op de Cimetière des Innocents in Parijs, geschilderd in 1424 - 25, dat vaak als het begin van de traditie wordt aangewezen.
['Om', 'kwart', 'over', 'drie', ',', '22', 'juni', '1941', ',', 'was', 'Operatie', 'Barbarossa', 'van', 'start', 'gegaan', '.']	[0, 0, 0, 0, 0, 0, 0, 0, 0, 0, 7, 8, 0, 0, 0, 0]	nl	Om kwart over drie, 22 juni 1941, was Operatie Barbarossa van start gegaan.
"['Vervolgens', 'speelde', 'ze', 'in', '""', 'Inspiration', '""', '(', '1931', ')', 'en', '""', 'Susan', 'Lenox', '(', 'Her', 'Fall', 'and', 'Rise', ')', '""', '(', '1931', ')', '.']"	[0, 0, 0, 0, 0, 7, 0, 0, 0, 0, 0, 0, 7, 8, 8, 8, 8, 8, 8, 8, 0, 0, 0, 0, 0]	nl	"Vervolgens speelde ze in ""Inspiration"" (1931) en ""Susan Lenox (Her Fall and Rise)"" (1931)."
['Dit', 'veranderde', 'door', 'aanhoudende', 'problemen', 'met', 'de', 'V250', ',', 'waarna', 'de', 'naam', 'werd', 'gewijzigd', ',', 'zie', 'onder', '.']	[0, 0, 0, 0, 0, 0, 0, 7, 0, 0, 0, 0, 0, 0, 0, 0, 0, 0]	nl	Dit veranderde door aanhoudende problemen met de V250, waarna de naam werd gewijzigd, zie onder.
['Op', 'de', 'tweede', 'speeldag', 'speelde', 'hij', 'de', 'volledige', 'wedstrijd', ',', 'tegen', 'SC', 'Freiburg', '.']	[0, 0, 0, 0, 0, 0, 0, 0, 0, 0, 0, 3, 4, 0]	nl	Op de tweede speeldag speelde hij de volledige wedstrijd, tegen SC Freiburg.
['Na', 'een', '4', '-', '0', 'thuisnederlaag', 'op', 'zondag', '4', 'oktober', 'tegen', 'SSC', 'Napoli', 'stond', 'zijn', 'ploeg', 'op', 'de', 'elfde', 'plaats', '.']	[0, 0, 0, 0, 0, 0, 0, 0, 0, 0, 0, 3, 4, 0, 0, 0, 0, 0, 0, 0, 0]	nl	Na een 4 - 0 thuisnederlaag op zondag 4 oktober tegen SSC Napoli stond zijn ploeg op de elfde plaats.
['In', 'de', 'zomer', 'van', '2006', 'tekende', 'hij', 'vervolgens', 'een', 'vijfjarig', 'contract', 'bij', 'AC', 'Milan', '.']	[0, 0, 0, 0, 0, 0, 0, 0, 0, 0, 0, 0, 3, 4, 0]	nl	In de zomer van 2006 tekende hij vervolgens een vijfjarig contract bij AC Milan.
['Na', 'zijn', 'revalidatie', 'knokte', 'hij', 'zich', 'weer', 'bij', 'de', 'selectie', 'van', 'trainer', 'Glen', 'De', 'Boeck', '.']	[0, 0, 0, 0, 0, 0, 0, 0, 0, 0, 0, 0, 1, 2, 2, 0]	nl	Na zijn revalidatie knokte hij zich weer bij de selectie van trainer Glen De Boeck.
['Het', 'Europees', 'Geneesmiddelenbureau', 'concludeert', 'hierover', 'in', 'een', 'voorlopig', 'advies', 'dat', 'de', 'bestaande', 'onderzoeken', ',', 'met', 'respectievelijk', '27', 'en', '60', 'deelnemers', ',', 'te', 'klein', 'zijn', 'om', 'bruikbare', 'conclusies', 'te', 'kunnen', 'trekken', '.']	[0, 3, 4, 0, 0, 0, 0, 0, 0, 0, 0, 0, 0, 0, 0, 0, 0, 0, 0, 0, 0, 0, 0, 0, 0, 0, 0, 0, 0, 0, 0]	nl	Het Europees Geneesmiddelenbureau concludeert hierover in een voorlopig advies dat de bestaande onderzoeken, met respectievelijk 27 en 60 deelnemers, te klein zijn om bruikbare conclusies te kunnen trekken.
['De', 'brug', 'werd', 'daar', 'nooit', 'gebouwd', ',', 'maar', 'in', '2001', 'werd', 'er', 'in', 'Noorwegen', 'een', 'brug', 'geconstrueerd', 'volgens', 'hetzelfde', 'principe', '.']	[0, 0, 0, 0, 0, 0, 0, 0, 0, 0, 0, 0, 0, 5, 0, 0, 0, 0, 0, 0, 0]	nl	De brug werd daar nooit gebouwd, maar in 2001 werd er in Noorwegen een brug geconstrueerd volgens hetzelfde principe.
['De', 'Verenigde', 'Staten', 'bestaan', 'uit', 'vijftig', 'staten', 'die', 'elk', 'een', 'eigen', 'vlag', 'hebben', '.']	[0, 5, 6, 0, 0, 0, 0, 0, 0, 0, 0, 0, 0, 0]	nl	De Verenigde Staten bestaan uit vijftig staten die elk een eigen vlag hebben.
['Op', '21', 'augustus', '1897', 'werd', 'zijn', 'premierschap', 'effectief', 'en', 'dit', 'tot', 'en', 'met', '4', 'oktober', '1897', ',', 'toen', 'Práxedes', 'Mateo', 'Sagasta', 'eerste', 'minister', 'werd', '.']	[0, 0, 0, 0, 0, 0, 0, 0, 0, 0, 0, 0, 0, 0, 0, 0, 0, 0, 1, 2, 2, 0, 0, 0, 0]	nl	Op 21 augustus 1897 werd zijn premierschap effectief en dit tot en met 4 oktober 1897, toen Práxedes Mateo Sagasta eerste minister werd.
['De', 'typelocatie', 'van', 'deze', 'soort', 'is', 'Kaap', 'de', 'Goede', 'Hoop', 'in', 'Zuid-Afrika', '.']	[0, 0, 0, 0, 0, 0, 5, 6, 6, 6, 0, 5, 0]	nl	De typelocatie van deze soort is Kaap de Goede Hoop in Zuid-Afrika.
['Het', 'eiland', 'ligt', '35', 'km', 'uit', 'de', 'kust', 'tegenover', 'de', 'monding', 'van', 'de', 'Donau', 'in', 'de', 'Zwarte', 'Zee', ',', 'ongeveer', 'op', 'de', 'grens', 'van', 'Roemenië', 'en', 'Oekraïne', '.']	[0, 0, 0, 0, 0, 0, 0, 0, 0, 0, 0, 0, 0, 5, 0, 0, 5, 6, 0, 0, 0, 0, 0, 0, 5, 0, 5, 0]	nl	Het eiland ligt 35 km uit de kust tegenover de monding van de Donau in de Zwarte Zee, ongeveer op de grens van Roemenië en Oekraïne.
['Deze', 'kwam', 'vrijwillig', 'naar', 'het', 'gebied', 'vanwege', 'de', 'iets', 'hogere', 'lonen', 'en', 'omdat', 'er', 'meer', 'dingen', 'te', 'koop', 'waren', 'dan', 'in', 'de', 'rest', 'van', 'de', 'Sovjet-Unie', '.']	[0, 0, 0, 0, 0, 0, 0, 0, 0, 0, 0, 0, 0, 0, 0, 0, 0, 0, 0, 0, 0, 0, 0, 0, 0, 5, 0]	nl	Deze kwam vrijwillig naar het gebied vanwege de iets hogere lonen en omdat er meer dingen te koop waren dan in de rest van de Sovjet-Unie.
['Op', 'Metacritic', 'gaf', '66', '%', 'van', 'de', 'recensenten', 'de', 'film', 'een', 'goede', 'beoordeling', ',', 'en', 'op', 'Rotten', 'Tomatoes', '76', '%', '.']	[0, 7, 0, 0, 0, 0, 0, 0, 0, 0, 0, 0, 0, 0, 0, 0, 7, 8, 0, 0, 0]	nl	Op Metacritic gaf 66% van de recensenten de film een goede beoordeling, en op Rotten Tomatoes 76%.
['In', '1863', 'werd', 'het', 'gehucht', 'Oudergem', 'afgesplitst', 'als', 'zelfstandige', 'gemeente', '.']	[0, 0, 0, 0, 0, 5, 0, 0, 0, 0, 0]	nl	In 1863 werd het gehucht Oudergem afgesplitst als zelfstandige gemeente.
['Twee', 'jaar', 'later', 'maakte', 'hij', 'de', 'overstap', 'naar', 'Everton', 'FC', '.']	[0, 0, 0, 0, 0, 0, 0, 0, 3, 4, 0]	nl	Twee jaar later maakte hij de overstap naar Everton FC.
['Dit', 'keer', 'haalde', 'hij', 'in', 'geen', 'enkele', 'wedstrijd', 'punten', 'en', 'was', 'hij', 'ook', 'in', 'de', 'trainingen', 'steevast', 'langzamer', 'dan', 'teamgenoot', 'Fernando', 'Alonso', '.']	[0, 0, 0, 0, 0, 0, 0, 0, 0, 0, 0, 0, 0, 0, 0, 0, 0, 0, 0, 0, 1, 2, 0]	nl	Dit keer haalde hij in geen enkele wedstrijd punten en was hij ook in de trainingen steevast langzamer dan teamgenoot Fernando Alonso.
['Alle', 'soorten', 'leven', 'in', 'delen', 'van', 'zuidelijk', 'Noord-Amerika', '.']	[0, 0, 0, 0, 0, 0, 0, 5, 0]	nl	Alle soorten leven in delen van zuidelijk Noord-Amerika.
['Tijdens', 'zijn', 'debuut', ',', 'tegen', 'Al', 'Moqaouloun', 'al-Arab', ',', 'en', 'hij', 'scoorde', 'ook', 'in', 'die', 'wedstrijd', '.']	[0, 0, 0, 0, 0, 3, 4, 4, 0, 0, 0, 0, 0, 0, 0, 0, 0]	nl	Tijdens zijn debuut, tegen Al Moqaouloun al-Arab, en hij scoorde ook in die wedstrijd.
['Dat', 'gebeurde', 'pas', 'bij', 'de', 'dood', 'van', 'de', 'derde', 'opvolger', 'van', 'Tsongkhapa', ',', 'Gendün', 'Drub', '.']	[0, 0, 0, 0, 0, 0, 0, 0, 0, 0, 0, 1, 0, 1, 2, 0]	nl	Dat gebeurde pas bij de dood van de derde opvolger van Tsongkhapa, Gendün Drub.
['Vooral', 'in', 'Vlaanderen', 'maar', 'wellicht', 'ook', '(', 'ten', 'dele', ')', 'in', 'Nederland', 'lijken', 'de', 'onderlinge', 'grenzen', 'flinterdun', 'te', 'zijn', 'geworden', 'tussen', 'de', 'benamingen', 'van', 'boerderijen', 'die', 'enerzijds', 'naast', 'hun', 'traditionele', 'of', 'oorspronkelijke', 'economische', 'activiteiten', ',', 'anderzijds', 'ook', 'nog', 'extra', 'educatieve', 'en', '/', 'of', 'sociaal-culturele', 'en', '/', 'of', 'toeristisch-recreatieve', 'functies', 'vervullen', ',', 'en', 'het', 'concrete', 'dienstverleningsaanbod', 'dat', 'achter', 'de', 'naamgeving', 'schuilt', '.']	[0, 0, 5, 0, 0, 0, 0, 0, 0, 0, 0, 5, 0, 0, 0, 0, 0, 0, 0, 0, 0, 0, 0, 0, 0, 0, 0, 0, 0, 0, 0, 0, 0, 0, 0, 0, 0, 0, 0, 0, 0, 0, 0, 0, 0, 0, 0, 0, 0, 0, 0, 0, 0, 0, 0, 0, 0, 0, 0, 0, 0]	nl	Vooral in Vlaanderen maar wellicht ook (ten dele) in Nederland lijken de onderlinge grenzen flinterdun te zijn geworden tussen de benamingen van boerderijen die enerzijds naast hun traditionele of oorspronkelijke economische activiteiten, anderzijds ook nog extra educatieve en / of sociaal-culturele en / of toeristisch-recreatieve functies vervullen, en het concrete dienstverleningsaanbod dat achter de naamgeving schuilt.
['Een', 'bekende', 'verzameling', 'van', 'beschrijvingen', 'van', 'heiligenlevens', 'uit', 'de', 'middeleeuwen', 'is', 'de', 'Legenda', 'Aurea', '.']	[0, 0, 0, 0, 0, 0, 0, 0, 0, 0, 0, 0, 7, 8, 0]	nl	Een bekende verzameling van beschrijvingen van heiligenlevens uit de middeleeuwen is de Legenda Aurea.
['In', 'januari', '2013', 'stapte', 'hij', 'over', 'naar', 'zijn', 'jeugdclub', 'MŠK', 'Žilina', '.']	[0, 0, 0, 0, 0, 0, 0, 0, 0, 3, 4, 0]	nl	In januari 2013 stapte hij over naar zijn jeugdclub MŠK Žilina.
"['Daar', 'zong', 'ze', 'samen', 'met', 'een', 'deelnemer', 'Unfaithful', 'en', 'zong', 'ze', 'nadien', 'alleen', 'What', ""'s"", 'My', 'Name', '?', '.']"	[0, 0, 0, 0, 0, 0, 0, 7, 0, 0, 0, 0, 0, 7, 8, 8, 8, 8, 0]	nl	Daar zong ze samen met een deelnemer Unfaithful en zong ze nadien alleen What 's My Name?.
['De', 'film', 'ging', 'op', '10', 'september', '2005', 'in', 'première', 'op', 'Internationaal', 'filmfestival', 'van', 'Toronto', '.']	[0, 0, 0, 0, 0, 0, 0, 0, 0, 0, 7, 8, 8, 8, 0]	nl	De film ging op 10 september 2005 in première op Internationaal filmfestival van Toronto.
['De', 'stad', 'is', 'gevestigd', 'op', 'het', 'eiland', 'Salsette', ',', 'gelegen', 'aan', 'de', 'Arabische', 'Zee', '.']	[0, 0, 0, 0, 0, 0, 0, 5, 0, 0, 0, 0, 5, 6, 0]	nl	De stad is gevestigd op het eiland Salsette, gelegen aan de Arabische Zee.
['De', 'plant', 'is', 'endemisch', 'in', 'Jamaica', '.']	[0, 0, 0, 0, 0, 5, 0]	nl	De plant is endemisch in Jamaica.
['Dit', 'gebeurde', 'op', 'aandringen', 'van', 'Rusland', ',', 'volgens', 'veel', 'berichten', 'in', 'ruil', 'voor', '50', 'miljoen', 'Amerikaanse', 'dollar', 'aan', 'steun', '.']	[0, 0, 0, 0, 0, 5, 0, 0, 0, 0, 0, 0, 0, 0, 0, 7, 0, 0, 0, 0]	nl	Dit gebeurde op aandringen van Rusland, volgens veel berichten in ruil voor 50 miljoen Amerikaanse dollar aan steun.
['Het', 'toestel', 'kwam', 'in', 'het', 'midden', 'van', 'de', 'oorlog', 'in', 'dienst', 'als', 'langeafstands-escortejager', 'en', 'deed', 'ook', 'dienst', 'in', 'het', 'begin', 'van', 'de', 'Koreaanse', 'Oorlog', 'en', 'diverse', 'andere', 'oorlogen', '.']	[0, 0, 0, 0, 0, 0, 0, 0, 0, 0, 0, 0, 0, 0, 0, 0, 0, 0, 0, 0, 0, 0, 7, 8, 0, 0, 0, 0, 0]	nl	Het toestel kwam in het midden van de oorlog in dienst als langeafstands-escortejager en deed ook dienst in het begin van de Koreaanse Oorlog en diverse andere oorlogen.
['Het', 'seizoen', 'begon', 'de', 'ploeg', 'met', 'trainer', 'Michel', 'Vonk', 'sterk', '.']	[0, 0, 0, 0, 0, 0, 0, 1, 2, 0, 0]	nl	Het seizoen begon de ploeg met trainer Michel Vonk sterk.
['De', 'film', 'is', 'de', 'meest', 'succesvolle', 'film', 'van', 'het', 'danskoppel', 'Fred', 'Astaire', 'en', 'Ginger', 'Rogers', '.']	[0, 0, 0, 0, 0, 0, 0, 0, 0, 0, 1, 2, 0, 1, 2, 0]	nl	De film is de meest succesvolle film van het danskoppel Fred Astaire en Ginger Rogers.
['Hiermee', 'is', 'onder', 'andere', 'het', 'sterk', 'van', 'een', 'sinusvorm', 'afwijkende', 'getij', 'in', 'ondiepe', 'zeeën', 'als', 'de', 'Noordzee', 'te', 'verklaren', '.']	[0, 0, 0, 0, 0, 0, 0, 0, 0, 0, 0, 0, 0, 0, 0, 0, 5, 0, 0, 0]	nl	Hiermee is onder andere het sterk van een sinusvorm afwijkende getij in ondiepe zeeën als de Noordzee te verklaren.
['Ze', 'zingt', 'in', 'het', 'Italiaans', ',', 'Spaans', ',', 'Portugees', '(', 'met', 'Gilberto', 'Gil', ')', 'en', 'Engels', '.']	[0, 0, 0, 0, 7, 0, 7, 0, 7, 0, 0, 1, 2, 0, 0, 7, 0]	nl	Ze zingt in het Italiaans, Spaans, Portugees (met Gilberto Gil) en Engels.
['Tegenwoordig', 'staat', 'het', 'orkest', 'onder', 'leiding', 'van', 'Markus', 'Stenz', '.']	[0, 0, 0, 0, 0, 0, 0, 1, 2, 0]	nl	Tegenwoordig staat het orkest onder leiding van Markus Stenz.
"['Het', 'laatste', 'hoofdstuk', 'van', 'het', '""', 'Liber', 'historiae', 'Francorum', '""', '(', 'ca', '.']"	[0, 0, 0, 0, 0, 0, 7, 8, 8, 0, 0, 0, 0]	nl	"Het laatste hoofdstuk van het ""Liber historiae Francorum"" (ca."
['In', '2005', 'gebruikte', 'winnaar', 'Tom', 'Boonen', 'een', 'TIME-frame', 'met', 'langere', 'wielbasis', '.']	[0, 0, 0, 0, 1, 2, 0, 0, 0, 0, 0, 0]	nl	In 2005 gebruikte winnaar Tom Boonen een TIME-frame met langere wielbasis.
['De', 'thermen', 'werden', 'in', '439', 'door', 'de', 'Vandalen', 'van', 'Geiserik', 'verwoest', '.']	[0, 0, 0, 0, 0, 0, 0, 7, 0, 1, 0, 0]	nl	De thermen werden in 439 door de Vandalen van Geiserik verwoest.
['Winnaar', 'werd', 'Ivan', 'Sokolov', 'met', '4', '½', 'uit', '6', '.']	[0, 0, 1, 2, 0, 0, 0, 0, 0, 0]	nl	Winnaar werd Ivan Sokolov met 4 ½ uit 6.
['Veel', 'gebouwen', 'zaten', 'vol', 'met', 'kogelgaten', 'uit', 'de', 'Slag', 'om', 'Berlijn', '.']	[0, 0, 0, 0, 0, 0, 0, 0, 7, 8, 8, 0]	nl	Veel gebouwen zaten vol met kogelgaten uit de Slag om Berlijn.
['Eén', 'voor', 'één', 'gingen', 'spelers', 'zoals', 'Gianfranco', 'Zola', ',', 'Daniel', 'Fonseca', 'en', 'Careca', 'weg', '.']	[0, 0, 0, 0, 0, 0, 1, 2, 0, 1, 2, 0, 1, 0, 0]	nl	Eén voor één gingen spelers zoals Gianfranco Zola, Daniel Fonseca en Careca weg.
['De', 'waterstand', 'van', 'de', 'Rijn', 'was', 'in', '2011', 'het', 'voorjaar', '(', 'april', ',', 'mei', ')', 'de', 'laagste', 'sinds', '1921', '.']	[0, 0, 0, 0, 5, 0, 0, 0, 0, 0, 0, 0, 0, 0, 0, 0, 0, 0, 0, 0]	nl	De waterstand van de Rijn was in 2011 het voorjaar (april, mei) de laagste sinds 1921.
['Het', 'klassieke', 'beeld', 'van', 'een', 'cliënt', 'die', 'liggende', 'op', 'een', 'divan', 'zijn', 'of', 'haar', 'verhaal', 'vertelt', 'aan', 'de', 'psychotherapeut', 'of', 'psycholoog', 'is', 'vooral', 'te', 'danken', 'aan', 'Sigmund', 'Freud', '.']	[0, 0, 0, 0, 0, 0, 0, 0, 0, 0, 0, 0, 0, 0, 0, 0, 0, 0, 0, 0, 0, 0, 0, 0, 0, 0, 1, 2, 0]	nl	Het klassieke beeld van een cliënt die liggende op een divan zijn of haar verhaal vertelt aan de psychotherapeut of psycholoog is vooral te danken aan Sigmund Freud.
['Deze', 'film', 'is', 'opgenomen', 'in', 'de', 'Amerikaanse', 'staat', 'Californië', 'in', 'de', 'plaatsen', 'Los', 'Angeles', 'en', 'Beverly', 'Hills', '.']	[0, 0, 0, 0, 0, 0, 7, 0, 5, 0, 0, 0, 5, 6, 0, 5, 6, 0]	nl	Deze film is opgenomen in de Amerikaanse staat Californië in de plaatsen Los Angeles en Beverly Hills.
['Filosoof', 'Friedrich', 'Nietzsche', 'had', 'kritiek', 'op', 'het', 'platonisch-christelijke', 'gedachtegoed', '.']	[0, 1, 2, 0, 0, 0, 0, 0, 0, 0]	nl	Filosoof Friedrich Nietzsche had kritiek op het platonisch-christelijke gedachtegoed.
"['Net', 'voor', 'hij', 'in', 'de', 'gevangenis', 'belandde', ',', 'schreef', 'hij', '""', 'The', 'Age', 'of', 'Reason', '""', ',', 'een', 'aanval', 'tegen', 'de', 'georganiseerde', 'religie', '.']"	[0, 0, 0, 0, 0, 0, 0, 0, 0, 0, 0, 7, 8, 8, 8, 0, 0, 0, 0, 0, 0, 0, 0, 0]	nl	"Net voor hij in de gevangenis belandde, schreef hij ""The Age of Reason"", een aanval tegen de georganiseerde religie."
['Wel', 'won', 'hij', 'in', '1986', 'de', 'Mitropacup', 'met', 'de', 'club', '.']	[0, 0, 0, 0, 0, 0, 7, 0, 0, 0, 0]	nl	Wel won hij in 1986 de Mitropacup met de club.
['In', '2015', 'maakte', 'hij', 'tevens', 'zijn', 'debuut', 'in', 'de', '24', 'uur', 'van', 'Daytona', '.']	[0, 0, 0, 0, 0, 0, 0, 0, 0, 7, 8, 8, 8, 0]	nl	In 2015 maakte hij tevens zijn debuut in de 24 uur van Daytona.
['Hij', 'is', 'een', 'jongere', 'broer', 'van', 'Kevin-Prince', 'Boateng', ',', 'die', 'ook', 'half-Duits', 'is', ',', 'maar', 'voor', 'het', 'Ghanees', 'voetbalelftal', 'koos', '.']	[0, 0, 0, 0, 0, 0, 1, 2, 0, 0, 0, 0, 0, 0, 0, 0, 0, 3, 4, 0, 0]	nl	Hij is een jongere broer van Kevin-Prince Boateng, die ook half-Duits is, maar voor het Ghanees voetbalelftal koos.
['Dat', 'kwam', 'doordat', 'de', 'stuwen', 'benedenstrooms', 'van', 'Junne', 'wel', 'schutsluizen', 'hadden', 'en', 'de', 'stuw', 'bij', 'Junne', 'zelf', 'niet', '.']	[0, 0, 0, 0, 0, 0, 0, 5, 0, 0, 0, 0, 0, 0, 0, 5, 0, 0, 0]	nl	Dat kwam doordat de stuwen benedenstrooms van Junne wel schutsluizen hadden en de stuw bij Junne zelf niet.
['Hij', 'besloot', 'zijn', 'ontwikkeling', 'echter', 'voort', 'te', 'zetten', 'bij', 'Olympique', 'Lyonnais', '.']	[0, 0, 0, 0, 0, 0, 0, 0, 0, 3, 4, 0]	nl	Hij besloot zijn ontwikkeling echter voort te zetten bij Olympique Lyonnais.
['Van', '1828', 'tot', '1831', 'studeerde', 'hij', 'aan', 'de', 'Universiteit', 'van', 'Wenen', 'rechten', 'en', 'behaalde', 'zijn', 'diploma', '.']	[0, 0, 0, 0, 0, 0, 0, 0, 5, 6, 6, 0, 0, 0, 0, 0, 0]	nl	Van 1828 tot 1831 studeerde hij aan de Universiteit van Wenen rechten en behaalde zijn diploma.
['In', 'juni', '2016', 'besliste', 'de', 'Brusselse', 'regering', 'om', 'in', 'heel', 'het', 'Brussels', 'Hoofdstedelijk', 'Gewest', 'een', 'lage-emissiezone', 'in', 'te', 'voeren', '.']	[0, 0, 0, 0, 0, 7, 0, 0, 0, 0, 0, 5, 6, 6, 0, 0, 0, 0, 0, 0]	nl	In juni 2016 besliste de Brusselse regering om in heel het Brussels Hoofdstedelijk Gewest een lage-emissiezone in te voeren.
['Deze', 'plaat', ',', 'waarop', 'hij', 'ook', 'jazz', '-', 'en', 'klassieke', 'elementen', 'verwerkte', ',', 'wilde', 'Berry', 'Gordy', 'aanvankelijk', 'niet', 'uitbrengen', '.']	[0, 0, 0, 0, 0, 0, 0, 0, 0, 0, 0, 0, 0, 0, 1, 2, 0, 0, 0, 0]	nl	Deze plaat, waarop hij ook jazz - en klassieke elementen verwerkte, wilde Berry Gordy aanvankelijk niet uitbrengen.
['Dendermonde', 'en', 'Poperinge', 'kennen', 'een', 'soortgelijk', 'fenomeen', '.']	[5, 0, 5, 0, 0, 0, 0, 0]	nl	Dendermonde en Poperinge kennen een soortgelijk fenomeen.
['Bij', 'de', 'Novemberrevolutie', 'in', '1918', 'moest', 'hij', 'net', 'zoals', 'alle', 'vorsten', 'aftreden', 'en', 'er', 'ontstond', 'een', 'vrijstaat', '.']	[0, 0, 7, 0, 0, 0, 0, 0, 0, 0, 0, 0, 0, 0, 0, 0, 0, 0]	nl	Bij de Novemberrevolutie in 1918 moest hij net zoals alle vorsten aftreden en er ontstond een vrijstaat.
['Hij', 'trad', 'in', 'de', 'Novemberrevolutie', 'op', '25', 'november', '1918', 'als', 'allerlaatste', 'Duitse', 'vorst', 'af', '.']	[0, 0, 0, 0, 7, 0, 0, 0, 0, 0, 0, 7, 0, 0, 0]	nl	Hij trad in de Novemberrevolutie op 25 november 1918 als allerlaatste Duitse vorst af.
"['De', 'serie', 'bracht', 'meerdere', 'speelfilms', 'voort', ',', 'beginnend', 'met', '""', 'The', 'Muppet', 'Movie', '""', '.']"	[0, 0, 0, 0, 0, 0, 0, 0, 0, 0, 7, 8, 8, 0, 0]	nl	"De serie bracht meerdere speelfilms voort, beginnend met ""The Muppet Movie""."
['Met', 'een', 'oppervlakte', 'van', '12.891,5', 'km', '²', 'is', 'het', 'de', '6e', 'provincie', 'qua', 'omvang', 'in', 'Thailand', '.']	[0, 0, 0, 0, 0, 0, 0, 0, 0, 0, 0, 0, 0, 0, 0, 5, 0]	nl	Met een oppervlakte van 12.891,5 km ² is het de 6e provincie qua omvang in Thailand.
['Het', 'telt', 'inwoners', '(', ')', ';', 'dat', 'is', 'ongeveer', 'de', 'helft', 'van', 'het', 'aantal', 'inwoners', 'van', 'Texel', '.']	[0, 0, 0, 0, 0, 0, 0, 0, 0, 0, 0, 0, 0, 0, 0, 0, 5, 0]	nl	Het telt inwoners (); dat is ongeveer de helft van het aantal inwoners van Texel.
['Duitsland', 'bleef', 'bovendien', 'versnipperd', 'in', 'honderden', 'vrijwel', 'geheel', 'soevereine', 'staten', 'en', 'staatjes', ',', 'die', 'ook', 'een', 'eigen', 'buitenlandbeleid', 'voerden', ',', 'met', 'eigen', 'legers', 'en', 'milities', '.']	[5, 0, 0, 0, 0, 0, 0, 0, 0, 0, 0, 0, 0, 0, 0, 0, 0, 0, 0, 0, 0, 0, 0, 0, 0, 0]	nl	Duitsland bleef bovendien versnipperd in honderden vrijwel geheel soevereine staten en staatjes, die ook een eigen buitenlandbeleid voerden, met eigen legers en milities.
['Op', 'de', 'Azoren', 'zijn', 'sporen', 'van', 'een', 'megalithische', 'beschaving', 'ontdekt', '.']	[0, 0, 5, 0, 0, 0, 0, 0, 0, 0, 0]	nl	Op de Azoren zijn sporen van een megalithische beschaving ontdekt.
['Vervolgens', 'gaat', 'hij', 'aan', 'de', 'slag', 'bij', 'de', 'jeugdopleiding', 'van', 'FC', 'Emmen', '.']	[0, 0, 0, 0, 0, 0, 0, 0, 0, 0, 3, 4, 0]	nl	Vervolgens gaat hij aan de slag bij de jeugdopleiding van FC Emmen.
['Opnieuw', 'werd', 'dit', 'land', 'verdeeld', 'onder', 'een', 'aantal', 'landen', ',', 'maar', 'Hongarije', 'nam', 'geen', 'deel', 'aan', 'deze', 'verdeling', 'en', 'kreeg', 'geen', 'stuk', '.']	[0, 0, 0, 0, 0, 0, 0, 0, 0, 0, 0, 5, 0, 0, 0, 0, 0, 0, 0, 0, 0, 0, 0]	nl	Opnieuw werd dit land verdeeld onder een aantal landen, maar Hongarije nam geen deel aan deze verdeling en kreeg geen stuk.
['Zie', 'hieronder', 'de', 'Lijflandse', 'Oorlog', '.']	[0, 0, 0, 7, 8, 0]	nl	Zie hieronder de Lijflandse Oorlog.
"['De', 'exacte', 'grens', 'tussen', 'de', 'twee', 'soorten', 'is', 'vooralsnog', 'onduidelijk', ';', 'mogelijk', 'komt', '""', 'T.', 'cunninghami', '""', 'ook', 'in', 'het', 'zuiden', 'van', 'Nieuw-Zuid-Wales', 'voor', '.']"	[0, 0, 0, 0, 0, 0, 0, 0, 0, 0, 0, 0, 0, 0, 0, 0, 0, 0, 0, 0, 0, 0, 5, 0, 0]	nl	"De exacte grens tussen de twee soorten is vooralsnog onduidelijk; mogelijk komt ""T. cunninghami"" ook in het zuiden van Nieuw-Zuid-Wales voor."
['In', '2000', 'tekende', 'hij', 'een', 'contract', 'bij', 'Deportivo', 'La', 'Coruña', ',', 'dat', '€', '13', 'miljoen', 'voor', 'hem', 'betaalde', '.']	[0, 0, 0, 0, 0, 0, 0, 3, 4, 4, 0, 0, 0, 0, 0, 0, 0, 0, 0]	nl	In 2000 tekende hij een contract bij Deportivo La Coruña, dat €13 miljoen voor hem betaalde.
['In', 'dit', 'klimaat', 'genoot', 'Pieter', 'Wiegersma', 'zijn', 'opvoeding', '.']	[0, 0, 0, 0, 1, 2, 0, 0, 0]	nl	In dit klimaat genoot Pieter Wiegersma zijn opvoeding.
['Op', '28', 'december', '1944', 'werd', 'door', 'het', 'SS-Führungshauptamt', 'de', '26', '.']	[0, 0, 0, 0, 0, 0, 0, 3, 0, 0, 0]	nl	Op 28 december 1944 werd door het SS-Führungshauptamt de 26.
['Zijn', 'petekind', 'Carl', 'Philipp', 'Emanuel', 'Bach', 'volgde', 'hem', 'op', 'als', 'muzikaal', 'directeur', 'van', 'de', 'vijf', 'stadskerken', '.']	[0, 0, 1, 2, 2, 2, 0, 0, 0, 0, 0, 0, 0, 0, 0, 0, 0]	nl	Zijn petekind Carl Philipp Emanuel Bach volgde hem op als muzikaal directeur van de vijf stadskerken.
['Gitarist', 'Eddie', 'Van', 'Halen', 'legde', 'uit', 'respect', 'één', 'van', 'zijn', 'Frankenstein-gitaren', 'in', 'de', 'kist', '.']	[0, 1, 2, 2, 0, 0, 0, 0, 0, 0, 0, 0, 0, 0, 0]	nl	Gitarist Eddie Van Halen legde uit respect één van zijn Frankenstein-gitaren in de kist.
['De', 'jonge', 'Arjan', 'Swinkels', 'maakte', 'een', 'sterke', 'ontwikkeling', 'door', 'en', 'speelt', 'regelmatig', 'samen', 'met', 'Delano', 'Hill', 'aan', 'zijn', 'zijde', '.']	[0, 0, 1, 2, 0, 0, 0, 0, 0, 0, 0, 0, 0, 0, 1, 2, 0, 0, 0, 0]	nl	De jonge Arjan Swinkels maakte een sterke ontwikkeling door en speelt regelmatig samen met Delano Hill aan zijn zijde.
"['Chr.', ')', ',', 'een', 'leerling', 'van', 'Plato', ',', 'zette', 'voor', 'het', 'eerst', 'in', 'zijn', '""', 'Ethica', 'Nicomachea', '""', 'een', 'systematische', 'deugdenleer', 'uiteen', '.']"	[0, 0, 0, 0, 0, 0, 1, 0, 0, 0, 0, 0, 0, 0, 0, 7, 8, 0, 0, 0, 0, 0, 0]	nl	"Chr.), een leerling van Plato, zette voor het eerst in zijn ""Ethica Nicomachea"" een systematische deugdenleer uiteen."
['De', 'Sovjet-Unie', 'had', 'zelfs', 'twee', 'luchtmachten', ':', 'een', 'voor', 'de', 'luchtverdediging', 'en', 'één', 'tactische', 'voor', 'aanvalstaken', '.']	[0, 5, 0, 0, 0, 0, 0, 0, 0, 0, 0, 0, 0, 0, 0, 0, 0]	nl	De Sovjet-Unie had zelfs twee luchtmachten: een voor de luchtverdediging en één tactische voor aanvalstaken.
['Vanaf', '2004', 'speelde', 'hij', '5,5', 'seizoen', 'voor', 'Steaua', 'Boekarest', '.']	[0, 0, 0, 0, 0, 0, 0, 3, 4, 0]	nl	Vanaf 2004 speelde hij 5,5 seizoen voor Steaua Boekarest.
['De', 'Turkenoorlogen', 'bleven', 'eeuwenlang', 'aanslepen', 'en', 'in', '1683', 'was', 'de', 'provincie', 'op', 'zijn', 'grootst', '.']	[0, 7, 0, 0, 0, 0, 0, 0, 0, 0, 0, 0, 0, 0, 0]	nl	De Turkenoorlogen bleven eeuwenlang aanslepen en in 1683 was de provincie op zijn grootst.
['De', 'oudste', ',', 'Dubai', 'International', 'Airport', 'werd', 'geopend', 'in', '1960', ',', 'en', 'was', 'in', '2009', 'opgeklommen', 'tot', 'de', 'vijfde', 'luchthaven', 'ter', 'wereld', 'gemeten', 'naar', 'internationale', 'passagiers', '.']	[0, 0, 0, 5, 6, 6, 0, 0, 0, 0, 0, 0, 0, 0, 0, 0, 0, 0, 0, 0, 0, 0, 0, 0, 0, 0, 0]	nl	De oudste, Dubai International Airport werd geopend in 1960, en was in 2009 opgeklommen tot de vijfde luchthaven ter wereld gemeten naar internationale passagiers.
['In', 'de', 'scène', 'met', 'de', 'kannibalen', 'moesten', 'Kirk', 'Douglas', 'en', 'Peter', 'Lorre', 'naar', 'het', 'strand', 'roeien', 'in', 'een', 'kleine', 'skiff', '.']	[0, 0, 0, 0, 0, 0, 0, 1, 2, 0, 1, 2, 0, 0, 0, 0, 0, 0, 0, 0, 0]	nl	In de scène met de kannibalen moesten Kirk Douglas en Peter Lorre naar het strand roeien in een kleine skiff.
['Eind', 'jaren', 'zestig', 'van', 'de', '20e', 'eeuw', 'komt', 'het', 'erop', 'neer', 'dat', 'hij', 'met', 'vele', 'beroemdheden', 'heeft', 'gewerkt', ',', 'waaronder', 'Elvis', 'Presley', ',', 'Bobby', 'Darin', ',', 'Merle', 'Haggard', ',', 'Phil', 'Spector', 'en', 'Brian', 'Wilson', '.']	[0, 0, 0, 0, 0, 0, 0, 0, 0, 0, 0, 0, 0, 0, 0, 0, 0, 0, 0, 0, 1, 2, 0, 1, 2, 0, 1, 2, 0, 1, 2, 0, 1, 2, 0]	nl	Eind jaren zestig van de 20e eeuw komt het erop neer dat hij met vele beroemdheden heeft gewerkt, waaronder Elvis Presley, Bobby Darin, Merle Haggard, Phil Spector en Brian Wilson.
['Daarmee', 'was', 'hij', ',', 'op', 'dat', 'moment', ',', 'de', 'op', 'een', 'na', 'duurste', 'Belgische', 'transfer', 'in', 'de', 'geschiedenis', ',', 'na', 'die', 'van', 'Marouane', 'Fellaini', '.']	[0, 0, 0, 0, 0, 0, 0, 0, 0, 0, 0, 0, 0, 7, 0, 0, 0, 0, 0, 0, 0, 0, 1, 2, 0]	nl	Daarmee was hij, op dat moment, de op een na duurste Belgische transfer in de geschiedenis, na die van Marouane Fellaini.
['Op', 'deze', 'wijze', 'komt', 'hij', 'dicht', 'in', 'de', 'buurt', 'bij', 'opvattingen', 'van', 'taal', ',', 'zoals', 'die', 'voorkwamen', 'bij', 'Ferdinand', 'de', 'Saussure', ',', 'Jacques', 'Lacan', 'of', 'Jacques', 'Derrida', '.']	[0, 0, 0, 0, 0, 0, 0, 0, 0, 0, 0, 0, 0, 0, 0, 0, 0, 0, 1, 2, 2, 0, 1, 2, 0, 1, 2, 0]	nl	Op deze wijze komt hij dicht in de buurt bij opvattingen van taal, zoals die voorkwamen bij Ferdinand de Saussure, Jacques Lacan of Jacques Derrida.
['Hij', 'tekende', 'in', 'juni', '2020', 'een', 'eenjarig', 'contract', 'bij', 'RKC', 'Waalwijk', ',', 'dat', 'hem', 'transfervrij', 'inlijfde', '.']	[0, 0, 0, 0, 0, 0, 0, 0, 0, 3, 4, 0, 0, 0, 0, 0, 0]	nl	Hij tekende in juni 2020 een eenjarig contract bij RKC Waalwijk, dat hem transfervrij inlijfde.
['De', 'film', 'betekende', 'het', 'filmdebuut', 'van', 'actrice', 'Keri', 'Russell', '.']	[0, 0, 0, 0, 0, 0, 0, 1, 2, 0]	nl	De film betekende het filmdebuut van actrice Keri Russell.
['Het', 'is', 'het', 'noordelijkste', 'van', 'de', 'Kanaaleilanden', ',', 'die', 'behoren', 'bij', 'de', 'Britse', 'kroon', '.']	[0, 0, 0, 0, 0, 0, 5, 0, 0, 0, 0, 0, 7, 0, 0]	nl	Het is het noordelijkste van de Kanaaleilanden, die behoren bij de Britse kroon.
['Toen', 'hij', 'vijftien', 'was', ',', 'vertrok', 'de', 'aanvaller', 'echter', 'naar', 'FC', 'Nitra', ',', 'waar', 'hij', 'ook', 'zijn', 'professionele', 'debuut', 'zou', 'maken', '.']	[0, 0, 0, 0, 0, 0, 0, 0, 0, 0, 3, 4, 0, 0, 0, 0, 0, 0, 0, 0, 0, 0]	nl	Toen hij vijftien was, vertrok de aanvaller echter naar FC Nitra, waar hij ook zijn professionele debuut zou maken.
['Ten', 'noordoosten', 'van', 'Rotterdam', 'heeft', 'vroeger', 'een', 'gelijknamig', 'meer', 'gelegen', ',', 'dat', 'naar', 'de', 'Hollandse', 'IJssel', 'was', 'genoemd', '.']	[0, 0, 0, 5, 0, 0, 0, 0, 0, 0, 0, 0, 0, 0, 5, 6, 0, 0, 0]	nl	Ten noordoosten van Rotterdam heeft vroeger een gelijknamig meer gelegen, dat naar de Hollandse IJssel was genoemd.
['In', 'het', 'oosten', 'begon', 'de', 'gebergtevorming', 'pas', 'rond', '10', 'Ma', ',', 'toen', 'India', 'met', 'Azië', 'botste', '.']	[0, 0, 0, 0, 0, 0, 0, 0, 0, 0, 0, 0, 5, 0, 5, 0, 0]	nl	In het oosten begon de gebergtevorming pas rond 10 Ma, toen India met Azië botste.
['De', 'boeken', 'werden', 'vertaald', 'van', 'het', 'Latijn', 'naar', 'het', 'Frans', 'door', 'Jean', 'Wauquelin', 'en', 'verlucht', 'door', 'een', 'plejade', 'van', 'miniaturisten', '.']	[0, 0, 0, 0, 0, 0, 7, 0, 0, 7, 0, 1, 2, 0, 0, 0, 0, 0, 0, 0, 0]	nl	De boeken werden vertaald van het Latijn naar het Frans door Jean Wauquelin en verlucht door een plejade van miniaturisten.
['Tate', 'Liverpool', 'was', 'tot', 'de', 'opening', 'van', 'Tate', 'Modern', 'in', 'Londen', 'de', 'grootste', 'tentoonstellingsruimte', 'voor', 'moderne', 'kunst', 'in', 'heel', 'het', 'Verenigd', 'Koninkrijk', '.']	[5, 6, 0, 0, 0, 0, 0, 5, 6, 0, 5, 0, 0, 0, 0, 0, 0, 0, 0, 0, 5, 6, 0]	nl	Tate Liverpool was tot de opening van Tate Modern in Londen de grootste tentoonstellingsruimte voor moderne kunst in heel het Verenigd Koninkrijk.
['De', 'film', 'werd', 'in', 'september', 'in', 'augustus', '2004', 'opgenomen', 'in', 'Warschau', '.']	[0, 0, 0, 0, 0, 0, 0, 0, 0, 0, 5, 0]	nl	De film werd in september in augustus 2004 opgenomen in Warschau.
['Ze', 'is', 'begraven', 'in', 'het', 'klooster', 'van', 'de', 'cisterciënzers', 'in', 'Wiener', 'Neustadt', '.']	[0, 0, 0, 0, 0, 0, 0, 0, 0, 0, 5, 6, 0]	nl	Ze is begraven in het klooster van de cisterciënzers in Wiener Neustadt.
['De', 'bondscoach', 'Carlos', 'Alberto', 'Parreira', 'zou', 'door', 'de', 'media', 'zijn', 'verweten', 'te', 'zwichten', 'voor', 'de', 'invloed', 'van', 'sponsors', 'en', 'hierdoor', 'te', 'hebben', 'gekozen', 'voor', 'gedateerde', 'spelers', 'of', 'commercieel', 'aantrekkelijke', 'voetballers', 'die', 'compleet', 'uit', 'vorm', 'waren', '.']	[0, 0, 1, 2, 2, 0, 0, 0, 0, 0, 0, 0, 0, 0, 0, 0, 0, 0, 0, 0, 0, 0, 0, 0, 0, 0, 0, 0, 0, 0, 0, 0, 0, 0, 0, 0]	nl	De bondscoach Carlos Alberto Parreira zou door de media zijn verweten te zwichten voor de invloed van sponsors en hierdoor te hebben gekozen voor gedateerde spelers of commercieel aantrekkelijke voetballers die compleet uit vorm waren.
['Uit', 'een', 'door', 'hem', 'genomen', 'vrije', 'trap', 'scoorde', 'André', 'Bahia', '.']	[0, 0, 0, 0, 0, 0, 0, 0, 1, 2, 0]	nl	Uit een door hem genomen vrije trap scoorde André Bahia.
"['""', 'Pteropus', 'yapensis', '""', 'is', 'een', 'vleermuis', 'uit', 'het', 'geslacht', '""', 'Pteropus', '""', 'die', 'voorkomt', 'op', 'de', 'atol', 'Yap', 'in', 'het', 'westen', 'van', 'Micronesia', '.']"	[0, 0, 0, 0, 0, 0, 0, 0, 0, 0, 0, 0, 0, 0, 0, 0, 0, 0, 5, 0, 0, 0, 0, 5, 0]	nl	"""Pteropus yapensis"" is een vleermuis uit het geslacht ""Pteropus"" die voorkomt op de atol Yap in het westen van Micronesia."
['Deze', 'bijeenkomst', 'werd', 'georganiseerd', 'door', 'een', 'organisatiecomité', 'met', 'Jan', 'Buskes', 'aan', 'het', 'hoofd', '.']	[0, 0, 0, 0, 0, 0, 0, 0, 1, 2, 0, 0, 0, 0]	nl	Deze bijeenkomst werd georganiseerd door een organisatiecomité met Jan Buskes aan het hoofd.
"['Films', 'als', '""', 'Rambo', ':', 'First', 'Blood', '""', '(', '1982', ')', ',', '""', 'Rambo', ':', 'First', 'Blood', 'part', 'II', '""', '(', '1985', ')', ',', '""', 'Rambo', 'III', '""', '(', '1988', ')', 'en', '""', 'Die', 'Hard', '""', '(', '1988', ')', 'zijn', 'maar', 'enkele', 'van', 'de', 'vele', 'actiefilms', 'die', 'in', 'de', 'jaren', '80', 'eindigden', 'met', 'het', 'hoofdpersonage', 'dat', 'al', 'het', 'geweld', 'uit', 'de', 'film', 'overleefde', '.']"	[0, 0, 0, 7, 8, 8, 8, 0, 0, 0, 0, 0, 0, 7, 8, 8, 8, 8, 8, 0, 0, 0, 0, 0, 0, 7, 8, 0, 0, 0, 0, 0, 0, 7, 8, 0, 0, 0, 0, 0, 0, 0, 0, 0, 0, 0, 0, 0, 0, 0, 0, 0, 0, 0, 0, 0, 0, 0, 0, 0, 0, 0, 0, 0]	nl	"Films als ""Rambo: First Blood"" (1982), ""Rambo: First Blood part II"" (1985), ""Rambo III"" (1988) en ""Die Hard"" (1988) zijn maar enkele van de vele actiefilms die in de jaren 80 eindigden met het hoofdpersonage dat al het geweld uit de film overleefde."
['Het', 'Benelux-Bureau', 'voor', 'de', 'Intellectuele', 'Eigendom', 'en', 'sommige', 'privéorganisaties', 'maken', 'ook', 'een', 'registratie', 'mogelijk', ',', 'waar', 'de', 'rechter', 'de', 'bewijskracht', 'van', 'kan', 'beoordelen', '.']	[0, 3, 4, 4, 4, 4, 0, 0, 0, 0, 0, 0, 0, 0, 0, 0, 0, 0, 0, 0, 0, 0, 0, 0]	nl	Het Benelux-Bureau voor de Intellectuele Eigendom en sommige privéorganisaties maken ook een registratie mogelijk, waar de rechter de bewijskracht van kan beoordelen.
['Hij', 'en', 'generaal', 'Nikolai', 'Linevitsj', 'ruilden', 'gewoon', 'van', 'functie', '.']	[0, 0, 0, 1, 2, 0, 0, 0, 0, 0]	nl	Hij en generaal Nikolai Linevitsj ruilden gewoon van functie.
['Boergas', 'speelt', 'ook', 'een', 'grote', 'rol', 'in', 'de', 'olie-industrie', 'van', 'Bulgarije', '.']	[0, 0, 0, 0, 0, 0, 0, 0, 0, 0, 5, 0]	nl	Boergas speelt ook een grote rol in de olie-industrie van Bulgarije.
['John', 'F.', 'Kennedy', ',', 'die', 'president', 'werd', 'toen', 'de', 'Koude', 'Oorlog', 'de', 'wereld', 'in', 'zijn', 'greep', 'hield', ',', 'was', 'een', 'uitgesproken', 'interventionist', '.']	[1, 2, 2, 0, 0, 0, 0, 0, 0, 7, 8, 0, 0, 0, 0, 0, 0, 0, 0, 0, 0, 0, 0]	nl	John F. Kennedy, die president werd toen de Koude Oorlog de wereld in zijn greep hield, was een uitgesproken interventionist.
"['De', 'singles', 'waren', 'achtereenvolgens', '""', 'So', 'Seductive', ""'"", ',', '""', 'Curious', '""', 'en', '""', 'I', 'Know', 'You', 'Do', ""n't"", 'Love', 'Me', '""', '.']"	[0, 0, 0, 0, 0, 7, 8, 0, 0, 0, 7, 0, 0, 0, 7, 8, 8, 8, 8, 8, 8, 0, 0]	nl	"De singles waren achtereenvolgens ""So Seductive ',"" Curious ""en"" I Know You Do n't Love Me ""."
['Bijzonder', 'was', 'dat', 'er', 'veel', 'meer', 'vennen', 'waren', 'dan', 'in', 'andere', 'soortgelijke', 'gebieden', 'van', 'Noord-Brabant', 'en', 'ook', 'nu', 'nog', 'is', 'dat', 'het', 'geval', '.']	[0, 0, 0, 0, 0, 0, 0, 0, 0, 0, 0, 0, 0, 0, 5, 0, 0, 0, 0, 0, 0, 0, 0, 0]	nl	Bijzonder was dat er veel meer vennen waren dan in andere soortgelijke gebieden van Noord-Brabant en ook nu nog is dat het geval.
['De', 'communistische', 'partijen', 'in', 'veel', 'West-Europese', 'landen', 'kwamen', 'sterk', 'uit', 'de', 'Tweede', 'Wereldoorlog', 'tevoorschijn', ',', 'maar', 'de', 'Koude', 'Oorlog', 'zorgde', 'ervoor', 'dat', 'zij', 'in', 'de', 'pers', 'als', 'agenten', 'van', 'de', 'Sovjet-Unie', 'werden', 'afgeschilderd', ',', 'hoewel', 'vele', 'van', 'deze', 'partijen', 'een', 'eigenzinnige', 'koers', 'gingen', 'varen', '.']	[0, 0, 0, 0, 0, 0, 0, 0, 0, 0, 0, 7, 8, 0, 0, 0, 0, 7, 8, 0, 0, 0, 0, 0, 0, 0, 0, 0, 0, 0, 5, 0, 0, 0, 0, 0, 0, 0, 0, 0, 0, 0, 0, 0, 0]	nl	De communistische partijen in veel West-Europese landen kwamen sterk uit de Tweede Wereldoorlog tevoorschijn, maar de Koude Oorlog zorgde ervoor dat zij in de pers als agenten van de Sovjet-Unie werden afgeschilderd, hoewel vele van deze partijen een eigenzinnige koers gingen varen.
['In', 'het', 'begin', 'kiest', 'de', 'speler', 'een', 'van', 'de', 'koloniale', 'machten', 'Engeland', ',', 'Frankrijk', ',', 'Spanje', 'of', 'Nederland', 'en', 'vaart', 'met', 'een', 'enkel', 'schip', 'met', 'dappere', 'kolonisten', 'naar', 'het', 'onbekende', '.']	[0, 0, 0, 0, 0, 0, 0, 0, 0, 0, 0, 5, 0, 5, 0, 5, 0, 5, 0, 0, 0, 0, 0, 0, 0, 0, 0, 0, 0, 0, 0]	nl	In het begin kiest de speler een van de koloniale machten Engeland, Frankrijk, Spanje of Nederland en vaart met een enkel schip met dappere kolonisten naar het onbekende.
['Postmoderniteit', 'verwijst', 'naar', 'de', 'historische', 'periode', 'na', 'de', 'Tweede', 'Wereldoorlog', ',', 'hoewel', 'in', 'veel', 'gevallen', 'niet', 'onmiddellijk', 'daarna', '.']	[0, 0, 0, 0, 0, 0, 0, 0, 7, 8, 0, 0, 0, 0, 0, 0, 0, 0, 0]	nl	Postmoderniteit verwijst naar de historische periode na de Tweede Wereldoorlog, hoewel in veel gevallen niet onmiddellijk daarna.
['Deze', 'interne', 'verdeeldheid', 'droeg', 'bij', 'tot', 'de', 'beëindiging', 'van', 'de', 'Eerste', 'Wereldoorlog', 'en', 'de', 'omverwerping', 'van', 'de', 'monarchie', '.']	[0, 0, 0, 0, 0, 0, 0, 0, 0, 0, 7, 8, 0, 0, 0, 0, 0, 0, 0]	nl	Deze interne verdeeldheid droeg bij tot de beëindiging van de Eerste Wereldoorlog en de omverwerping van de monarchie.
['Toen', 'de', 'Eerste', 'Wereldoorlog', 'begon', 'sprak', 'hij', 'zich', 'uit', 'voor', 'neutraliteit', ',', 'omdat', 'in', 'zijn', 'visie', 'oorlogen', 'slechts', 'de', 'belangen', 'van', 'de', 'landeigenaren', 'verdedigen', 'met', 'het', 'bloed', 'van', 'de', 'arbeider', '.']	[0, 0, 7, 8, 0, 0, 0, 0, 0, 0, 0, 0, 0, 0, 0, 0, 0, 0, 0, 0, 0, 0, 0, 0, 0, 0, 0, 0, 0, 0, 0]	nl	Toen de Eerste Wereldoorlog begon sprak hij zich uit voor neutraliteit, omdat in zijn visie oorlogen slechts de belangen van de landeigenaren verdedigen met het bloed van de arbeider.
['Zo', 'werd', 'de', 'hoofdstad', 'van', 'Atjeh', ',', 'Banda', 'Atjeh', ',', 'voor', '80', '%', 'verwoest', '.']	[0, 0, 0, 0, 0, 5, 0, 5, 6, 0, 0, 0, 0, 0, 0]	nl	Zo werd de hoofdstad van Atjeh, Banda Atjeh, voor 80% verwoest.
['In', 'het', 'seizoen', '2008', '/', '09', 'wist', 'de', 'toen', 'drieëntwintigjarige', 'aanvaller', 'tien', 'maal', 'te', 'scoren', 'voor', 'zijn', 'nieuwe', 'club', 'FK', 'Mladá', 'Boleslav', '.']	[0, 0, 0, 0, 0, 0, 0, 0, 0, 0, 0, 0, 0, 0, 0, 0, 0, 0, 0, 3, 4, 4, 0]	nl	In het seizoen 2008 / 09 wist de toen drieëntwintigjarige aanvaller tien maal te scoren voor zijn nieuwe club FK Mladá Boleslav.
['Haar', 'moeder', 'was', 'van', 'goede', 'afkomst', 'en', 'had', 'erg', 'veel', 'aanzien', 'in', 'de', 'Massachusetts', 'Bay', 'Colony', '.']	[0, 0, 0, 0, 0, 0, 0, 0, 0, 0, 0, 0, 0, 5, 6, 6, 0]	nl	Haar moeder was van goede afkomst en had erg veel aanzien in de Massachusetts Bay Colony.
['Op', '27', 'augustus', '2012', 'maakte', 'hij', 'zijn', 'debuut', 'in', 'de', '3', '-', '0', 'gewonnen', 'thuiswedstrijd', 'tegen', 'Kayserispor', '.']	[0, 0, 0, 0, 0, 0, 0, 0, 0, 0, 0, 0, 0, 0, 0, 0, 3, 0]	nl	Op 27 augustus 2012 maakte hij zijn debuut in de 3 - 0 gewonnen thuiswedstrijd tegen Kayserispor.
['Op', '12', 'december', '2004', 'werd', 'Traian', 'Băsescu', 'president', '.']	[0, 0, 0, 0, 0, 1, 2, 0, 0]	nl	Op 12 december 2004 werd Traian Băsescu president.
['Zijn', 'vader', 'had', 'enkele', 'dagen', 'voor', 'zijn', 'dood', 'laten', 'vastleggen', 'dat', 'Amalia', 'van', 'Solms', ',', 'zijn', 'echtgenote', ',', 'er', 'na', 'zijn', 'overlijden', 'tot', 'aan', 'haar', 'eigen', 'dood', 'zou', 'mogen', 'wonen', '.']	[0, 0, 0, 0, 0, 0, 0, 0, 0, 0, 0, 1, 2, 2, 0, 0, 0, 0, 0, 0, 0, 0, 0, 0, 0, 0, 0, 0, 0, 0, 0]	nl	Zijn vader had enkele dagen voor zijn dood laten vastleggen dat Amalia van Solms, zijn echtgenote, er na zijn overlijden tot aan haar eigen dood zou mogen wonen.
['De', 'stad', 'functioneerde', 'daarna', 'lange', 'tijd', 'als', 'het', 'commerciële', 'centrum', 'van', 'de', 'later', 'gestichte', 'hoofdstad', 'San', 'Cristóbal', 'de', 'La', 'Laguna', '.']	[0, 0, 0, 0, 0, 0, 0, 0, 0, 0, 0, 0, 0, 0, 0, 5, 6, 6, 6, 6, 0]	nl	De stad functioneerde daarna lange tijd als het commerciële centrum van de later gestichte hoofdstad San Cristóbal de La Laguna.
['Hij', 'werd', 'gekozen', 'nadat', 'eerst', 'William', 'Walton', 'en', 'Malcolm', 'Arnold', 'waren', 'benaderd', ',', 'maar', 'beide', 'niet', 'beschikbaar', 'waren', '.']	[0, 0, 0, 0, 0, 1, 2, 0, 1, 2, 0, 0, 0, 0, 0, 0, 0, 0, 0]	nl	Hij werd gekozen nadat eerst William Walton en Malcolm Arnold waren benaderd, maar beide niet beschikbaar waren.
['Vanaf', '2016', 'test', 'hij', ',', 'met', 'name', 'in', 'de', 'simulator', ',', 'voor', 'Williams', 'F1', '.']	[0, 0, 0, 0, 0, 0, 0, 0, 0, 0, 0, 0, 3, 4, 0]	nl	Vanaf 2016 test hij, met name in de simulator, voor Williams F1.
['Hij', 'gaf', 'een', 'lijst', 'van', 'steden', ',', 'rivieren', 'en', 'streken', ',', 'waarachter', 'hij', 'vier', 'getallen', 'liet', 'volgen', ':', 'de', 'lengtegraad', 'met', 'de', 'minuut', '(', 'uitgaande', 'van', 'de', 'meridiaan', 'van', 'Alexandrië', ')', 'en', 'de', 'breedtegraad', 'met', 'de', 'minuut', '.']	[0, 0, 0, 0, 0, 0, 0, 0, 0, 0, 0, 0, 0, 0, 0, 0, 0, 0, 0, 0, 0, 0, 0, 0, 0, 0, 0, 0, 0, 5, 0, 0, 0, 0, 0, 0, 0, 0]	nl	Hij gaf een lijst van steden, rivieren en streken, waarachter hij vier getallen liet volgen: de lengtegraad met de minuut (uitgaande van de meridiaan van Alexandrië) en de breedtegraad met de minuut.
['De', 'route', 'is', 'behoorlijk', 'saai', ',', 'maar', 'richting', 'Denver', 'zijn', 'de', 'Rocky', 'Mountains', 'bij', 'helder', 'weer', 'zichtbaar', '.']	[0, 0, 0, 0, 0, 0, 0, 0, 5, 0, 0, 5, 6, 0, 0, 0, 0, 0]	nl	De route is behoorlijk saai, maar richting Denver zijn de Rocky Mountains bij helder weer zichtbaar.
['Rond', '1960', 'verschoof', 'het', 'economisch', 'zwaartepunt', 'van', 'de', 'zware', 'industrie', 'in', 'Wallonië', 'naar', 'het', 'zich', 'gestaag', 'ontwikkelende', 'Vlaanderen', '.']	[0, 0, 0, 0, 0, 0, 0, 0, 0, 0, 0, 5, 0, 0, 0, 0, 0, 5, 0]	nl	Rond 1960 verschoof het economisch zwaartepunt van de zware industrie in Wallonië naar het zich gestaag ontwikkelende Vlaanderen.
"['In', '1973', 'verscheen', 'het', 'album', '""', 'Ashes', 'are', 'Burning', '""', '.']"	[0, 0, 0, 0, 0, 0, 7, 8, 8, 0, 0]	nl	"In 1973 verscheen het album ""Ashes are Burning""."
['Op', 'het', 'grondgebied', 'van', 'Pruisen', 'ontstonden', 'nieuwe', 'deelstaten', ',', 'zoals', 'Noordrijn-Westfalen', '(', '1946', ')', '.']	[0, 0, 0, 0, 5, 0, 0, 0, 0, 0, 5, 0, 0, 0, 0]	nl	Op het grondgebied van Pruisen ontstonden nieuwe deelstaten, zoals Noordrijn-Westfalen (1946).
['Deze', 'soort', 'komt', 'voor', 'in', 'zuidwestelijk', 'Venezuela', ',', 'oostelijk', 'Colombia', ',', 'oostelijk', 'Ecuador', ',', 'oostelijk', 'Peru', ',', 'westelijk', 'Brazilië', 'en', 'noordelijk', 'Bolivia', '.']	[0, 0, 0, 0, 0, 0, 5, 0, 0, 5, 0, 0, 5, 0, 0, 5, 0, 0, 5, 0, 0, 5, 0]	nl	Deze soort komt voor in zuidwestelijk Venezuela, oostelijk Colombia, oostelijk Ecuador, oostelijk Peru, westelijk Brazilië en noordelijk Bolivia.
['Deze', 'wedstrijd', 'was', 'ook', 'de', 'openingswedstrijd', 'van', 'het', 'Emirates', 'Stadium', '.']	[0, 0, 0, 0, 0, 0, 0, 0, 5, 6, 0]	nl	Deze wedstrijd was ook de openingswedstrijd van het Emirates Stadium.
['Hij', 'werkte', 'onder', 'meer', 'samen', 'met', 'Graham', 'Nash', ',', 'Ry', 'Cooder', ',', 'Judy', 'Collins', ',', 'Leon', 'Russell', ',', 'Johnny', 'Winter', ',', 'Randy', 'Newman', ',', 'Linda', 'Ronstadt', 'en', 'Jackson', 'Browne', '.']	[0, 0, 0, 0, 0, 0, 1, 2, 0, 1, 2, 0, 1, 2, 0, 1, 2, 0, 1, 2, 0, 1, 2, 0, 1, 2, 0, 1, 2, 0]	nl	Hij werkte onder meer samen met Graham Nash, Ry Cooder, Judy Collins, Leon Russell, Johnny Winter, Randy Newman, Linda Ronstadt en Jackson Browne.
['Op', '20', 'september', '2014', 'scoorde', 'hij', 'met', 'een', 'schot', 'vanaf', '83', 'meter', 'tegen', 'zijn', 'oude', 'club', 'Hannover', '96', '.']	[0, 0, 0, 0, 0, 0, 0, 0, 0, 0, 0, 0, 0, 0, 0, 0, 3, 4, 0]	nl	Op 20 september 2014 scoorde hij met een schot vanaf 83 meter tegen zijn oude club Hannover 96.
['In', '1954', 'vertrok', 'hij', 'naar', 'CE', 'Sabadell', ',', 'waar', 'Velasco', 'een', 'jaar', 'later', 'zijn', 'loopbaan', 'als', 'voetballer', 'afsloot', '.']	[0, 0, 0, 0, 0, 3, 4, 0, 0, 0, 0, 0, 0, 0, 0, 0, 0, 0, 0]	nl	In 1954 vertrok hij naar CE Sabadell, waar Velasco een jaar later zijn loopbaan als voetballer afsloot.
['Hij', 'betaalde', 'hiervoor', '5', 'miljoen', 'dollar', 'aan', 'George', 'Lucas', ',', 'en', 'investeerde', 'nog', 'eens', '5', 'miljoen', 'dollar', 'in', 'het', 'bedrijf', 'zelf', '.']	[0, 0, 0, 0, 0, 0, 0, 1, 2, 0, 0, 0, 0, 0, 0, 0, 0, 0, 0, 0, 0, 0]	nl	Hij betaalde hiervoor 5 miljoen dollar aan George Lucas, en investeerde nog eens 5 miljoen dollar in het bedrijf zelf.
['Dit', 'leidde', 'uiteindelijk', 'mede', 'tot', 'de', 'onafhankelijkheid', 'van', 'Zimbabwe', '.']	[0, 0, 0, 0, 0, 0, 0, 0, 5, 0]	nl	Dit leidde uiteindelijk mede tot de onafhankelijkheid van Zimbabwe.
['In', '1097', 'verbood', 'Paus', 'Urbanus', 'II', 'het', 'gebruik', 'van', 'de', 'kruisboog', 'tussen', 'christenen', 'onderling', ',', 'omdat', 'hij', 'het', 'een', 'afgrijselijk', 'en', 'godsvijandig', 'wapen', 'vond', '.']	[0, 0, 0, 1, 2, 2, 0, 0, 0, 0, 0, 0, 0, 0, 0, 0, 0, 0, 0, 0, 0, 0, 0, 0, 0]	nl	In 1097 verbood Paus Urbanus II het gebruik van de kruisboog tussen christenen onderling, omdat hij het een afgrijselijk en godsvijandig wapen vond.
['Hij', 'verruilde', 'in', '2017', 'FK', 'Vojvodina', 'voor', 'Kayserispor', '.']	[0, 0, 0, 0, 3, 4, 0, 3, 0]	nl	Hij verruilde in 2017 FK Vojvodina voor Kayserispor.
['De', 'belangrijkste', 'wedstrijd', 'uit', 'dit', 'kampioenschap', 'is', 'elk', 'jaar', 'de', '24', 'uur', 'van', 'Zolder', ',', 'maar', 'er', 'worden', 'ook', 'wedstrijden', 'in', 'het', 'buitenland', 'georganiseerd', 'zoals', 'in', 'Assen', ',', 'de', 'Nürburgring', ',', 'Zandvoort', 'en', 'Dijon', '.']	[0, 0, 0, 0, 0, 0, 0, 0, 0, 0, 7, 8, 8, 8, 0, 0, 0, 0, 0, 0, 0, 0, 0, 0, 0, 0, 5, 0, 0, 5, 0, 5, 0, 5, 0]	nl	De belangrijkste wedstrijd uit dit kampioenschap is elk jaar de 24 uur van Zolder, maar er worden ook wedstrijden in het buitenland georganiseerd zoals in Assen, de Nürburgring, Zandvoort en Dijon.
['Daardoor', 'was', 'hij', 'op', 'het', 'einde', 'van', 'zijn', 'leven', 'meer', 'in', 'Tilburg', 'te', 'vinden', ',', 'dan', 'in', 'Den', 'Haag', '.']	[0, 0, 0, 0, 0, 0, 0, 0, 0, 0, 0, 5, 0, 0, 0, 0, 0, 5, 6, 0]	nl	Daardoor was hij op het einde van zijn leven meer in Tilburg te vinden, dan in Den Haag.
['Op', 'voorspraak', 'van', 'Johan', 'Derksen', 'kwam', 'hij', 'in', '1991', 'naar', 'N.E.C.', 'waar', 'de', 'aanvaller', 'twee', 'seizoenen', 'zou', 'spelen', '.']	[0, 0, 0, 1, 2, 0, 0, 0, 0, 0, 3, 0, 0, 0, 0, 0, 0, 0, 0]	nl	Op voorspraak van Johan Derksen kwam hij in 1991 naar N.E.C. waar de aanvaller twee seizoenen zou spelen.
['Aan', 'het', 'einde', 'van', 'dat', 'seizoen', 'kocht', 'Atalanta', 'Bergamo', 'de', 'complete', 'transferrechten', 'terug', ',', 'waarna', 'hij', 'niet', 'veel', 'later', 'aan', 'ACF', 'Fiorentina', 'werd', 'verkocht', '.']	[0, 0, 0, 0, 0, 0, 0, 3, 4, 0, 0, 0, 0, 0, 0, 0, 0, 0, 0, 0, 3, 4, 0, 0, 0]	nl	Aan het einde van dat seizoen kocht Atalanta Bergamo de complete transferrechten terug, waarna hij niet veel later aan ACF Fiorentina werd verkocht.
['3', 'miljoen', 'jaar', 'geleden', ',', 'konden', 'noordelijke', 'hoefdieren', 'ook', 'Zuid-Amerika', 'bereiken', 'en', 'stierven', 'vele', 'inheemse', 'vormen', 'uit', '.']	[0, 0, 0, 0, 0, 0, 0, 0, 0, 5, 0, 0, 0, 0, 0, 0, 0, 0]	nl	3 miljoen jaar geleden, konden noordelijke hoefdieren ook Zuid-Amerika bereiken en stierven vele inheemse vormen uit.
['Volgens', 'velen', 'was', 'de', 'Nijl', 'met', 'zijn', '6650', 'km', 'de', 'langste', 'rivier', 'ter', 'wereld', ',', 'daarbij', 'is', 'de', 'lengte', 'van', 'de', 'Witte', 'Nijl', 'inbegrepen', ',', 'die', 'ook', 'wel', 'als', 'afzonderlijke', 'rivier', 'wordt', 'gezien', '.']	[0, 0, 0, 0, 5, 0, 0, 0, 0, 0, 0, 0, 0, 0, 0, 0, 0, 0, 0, 0, 0, 5, 6, 0, 0, 0, 0, 0, 0, 0, 0, 0, 0, 0]	nl	Volgens velen was de Nijl met zijn 6650 km de langste rivier ter wereld, daarbij is de lengte van de Witte Nijl inbegrepen, die ook wel als afzonderlijke rivier wordt gezien.
['De', 'miljardair', 'uit', 'Rusland', ',', 'die', 'zijn', 'fortuin', 'vergaarde', 'in', 'de', 'staalindustrie', ',', 'wilde', 'de', 'volledige', 'zeggenschap', 'krijgen', ',', 'omdat', 'hij', 'bezorgd', 'is', 'over', 'het', 'gebrek', 'aan', 'investeringen', 'in', 'de', 'club', '.']	[0, 0, 0, 5, 0, 0, 0, 0, 0, 0, 0, 0, 0, 0, 0, 0, 0, 0, 0, 0, 0, 0, 0, 0, 0, 0, 0, 0, 0, 0, 0, 0]	nl	De miljardair uit Rusland, die zijn fortuin vergaarde in de staalindustrie, wilde de volledige zeggenschap krijgen, omdat hij bezorgd is over het gebrek aan investeringen in de club.
['Nederland', 'nam', 'deel', 'met', '96', 'atleten', ',', 'België', 'met', '26', '.']	[5, 0, 0, 0, 0, 0, 0, 5, 0, 0, 0]	nl	Nederland nam deel met 96 atleten, België met 26.
['Het', 'nummer', 'werd', 'ook', 'samen', 'met', 'zes', 'remixen', 'op', 'de', 'ep', 'The', 'Beautiful', 'Experience', 'uitgebracht', '.']	[0, 0, 0, 0, 0, 0, 0, 0, 0, 0, 0, 7, 8, 8, 0, 0]	nl	Het nummer werd ook samen met zes remixen op de ep The Beautiful Experience uitgebracht.
['Bij', 'paars-wit', 'trainde', 'hij', 'spelers', 'als', 'Denis', 'Odoi', 'en', 'Massimo', 'Bruno', '.']	[0, 0, 0, 0, 0, 0, 1, 2, 0, 1, 2, 0]	nl	Bij paars-wit trainde hij spelers als Denis Odoi en Massimo Bruno.
['Ze', 'zijn', 'daarna', 'gaan', 'toeren', 'en', 'hebben', 'onder', 'andere', 'op', '3', 'juni', 'in', 'de', 'Heineken', 'Music', 'Hall', 'opgetreden', '.']	[0, 0, 0, 0, 0, 0, 0, 0, 0, 0, 0, 0, 0, 0, 5, 6, 6, 0, 0]	nl	Ze zijn daarna gaan toeren en hebben onder andere op 3 juni in de Heineken Music Hall opgetreden.
['Dit', 'was', 'de', 'eerste', 'maal', 'in', 'de', 'geschiedenis', 'van', 'de', 'Filipijnen', 'dat', 'een', 'president', 'en', 'vicepresident', 'lid', 'waren', 'van', 'verschillende', 'partijen', '.']	[0, 0, 0, 0, 0, 0, 0, 0, 0, 0, 5, 0, 0, 0, 0, 0, 0, 0, 0, 0, 0, 0]	nl	Dit was de eerste maal in de geschiedenis van de Filipijnen dat een president en vicepresident lid waren van verschillende partijen.
"['Wedstrijdcommentator', 'Arno', 'Vermeulen', 'noemde', 'hem', 'op', 'dat', 'moment', '""', 'het', 'ijskonijn', '""', '.']"	[0, 1, 2, 0, 0, 0, 0, 0, 0, 0, 0, 0, 0]	nl	"Wedstrijdcommentator Arno Vermeulen noemde hem op dat moment ""het ijskonijn""."
"['Ze', 'won', 'in', '1999', 'een', 'Oscar', 'voor', 'haar', 'rol', 'in', '""', 'Shakespeare', 'in', 'Love', '""', '.']"	[0, 0, 0, 0, 0, 7, 0, 0, 0, 0, 0, 7, 8, 8, 0, 0]	nl	"Ze won in 1999 een Oscar voor haar rol in ""Shakespeare in Love""."
['In', 'het', 'zuiden', 'van', 'de', 'golf', 'liggen', 'de', 'archipel', 'van', 'Åland', 'en', 'de', 'Ålandzee', '.']	[0, 0, 0, 0, 0, 0, 0, 0, 0, 0, 5, 0, 0, 5, 0]	nl	In het zuiden van de golf liggen de archipel van Åland en de Ålandzee.
['Hij', 'is', 'vanaf', 'december', '2019', 'de', 'trainer', 'van', 'Kayserispor', '.']	[0, 0, 0, 0, 0, 0, 0, 0, 3, 0]	nl	Hij is vanaf december 2019 de trainer van Kayserispor.
['Het', 'beeld', 'wordt', 'begeleid', 'door', 'muziek', 'van', 'Benjamin', 'Britten', 'en', 'een', 'gedicht', 'van', 'W.H.', 'Auden', '.']	[0, 0, 0, 0, 0, 0, 0, 1, 2, 0, 0, 0, 0, 1, 2, 0]	nl	Het beeld wordt begeleid door muziek van Benjamin Britten en een gedicht van W.H. Auden.
['De', 'ruigpoothoender', 'staat', 'afgebeeld', 'op', 'de', 'whisky', 'van', 'The', 'Famous', 'Grouse', '.']	[0, 0, 0, 0, 0, 0, 0, 0, 3, 4, 4, 0]	nl	De ruigpoothoender staat afgebeeld op de whisky van The Famous Grouse.
"['Omdat', 'alle', 'continenten', 'samen', 'lagen', 'was', 'er', 'ook', 'sprake', 'van', 'één', 'grote', 'oceaan', ',', 'die', 'Panthalassa', '(', 'de', '""', 'alzee', '""', ')', 'wordt', 'genoemd', '.']"	[0, 0, 0, 0, 0, 0, 0, 0, 0, 0, 0, 0, 0, 0, 0, 5, 0, 0, 0, 0, 0, 0, 0, 0, 0]	nl	"Omdat alle continenten samen lagen was er ook sprake van één grote oceaan, die Panthalassa (de ""alzee"") wordt genoemd."
['Zijn', 'machines', 'vormden', 'de', 'basis', 'voor', 'de', 'stoommachine', 'van', 'George', 'Stephenson', '.']	[0, 0, 0, 0, 0, 0, 0, 0, 0, 1, 2, 0]	nl	Zijn machines vormden de basis voor de stoommachine van George Stephenson.
['Ook', 'brachten', 'ze', 'de', 'noordwestelijke', 'kust', 'van', 'Alaska', 'in', 'kaart', '.']	[0, 0, 0, 0, 0, 0, 0, 5, 0, 0, 0]	nl	Ook brachten ze de noordwestelijke kust van Alaska in kaart.
['De', 'in', 'het', 'voorjaar', 'van', '1990', 'begonnen', 'Rhythm', 'Nation', 'World', 'Tour', 'werd', 'de', 'succesvolste', 'debuuttournee', 'aller', 'tijden', '.']	[0, 0, 0, 0, 0, 0, 0, 7, 8, 8, 8, 0, 0, 0, 0, 0, 0, 0]	nl	De in het voorjaar van 1990 begonnen Rhythm Nation World Tour werd de succesvolste debuuttournee aller tijden.
['In', 'september', 'van', 'dat', 'jaar', 'werd', 'hij', 'na', 'een', 'stage', 'prof', 'in', 'Finland', 'bij', 'PS', 'Kemi', '.']	[0, 0, 0, 0, 0, 0, 0, 0, 0, 0, 0, 0, 5, 0, 3, 4, 0]	nl	In september van dat jaar werd hij na een stage prof in Finland bij PS Kemi.
['Deze', 'producten', 'worden', 'voortaan', 'door', 'een', 'ander', 'bedrijf', 'geproduceerd', 'onder', 'de', 'naam', 'EMTEC', '.']	[0, 0, 0, 0, 0, 0, 0, 0, 0, 0, 0, 0, 3, 0]	nl	Deze producten worden voortaan door een ander bedrijf geproduceerd onder de naam EMTEC.
['Hij', 'nam', 'vier', 'keer', 'deel', 'aan', 'de', 'Olympische', 'Zomerspelen', 'en', 'wist', 'daarbij', 'zes', 'medailles', 'te', 'halen', ',', 'waarvan', 'drie', 'gouden', '.']	[0, 0, 0, 0, 0, 0, 0, 7, 8, 0, 0, 0, 0, 0, 0, 0, 0, 0, 0, 0, 0]	nl	Hij nam vier keer deel aan de Olympische Zomerspelen en wist daarbij zes medailles te halen, waarvan drie gouden.
['Bij', 'Werder', 'Bremen', 'volgde', 'hij', 'als', 'spelverdeler', 'Johan', 'Micoud', 'op', '.']	[0, 3, 4, 0, 0, 0, 0, 1, 2, 0, 0]	nl	Bij Werder Bremen volgde hij als spelverdeler Johan Micoud op.
['De', 'slanke', 'groenuil', 'is', 'in', 'Nederland', 'en', 'België', 'een', 'zeldzame', 'soort', ',', 'die', 'vooral', 'langs', 'de', 'kust', 'wordt', 'gevonden', '.']	[0, 0, 0, 0, 0, 5, 0, 5, 0, 0, 0, 0, 0, 0, 0, 0, 0, 0, 0, 0]	nl	De slanke groenuil is in Nederland en België een zeldzame soort, die vooral langs de kust wordt gevonden.
['Begin', 'jaren', 'negentig', 'bij', 'het', 'aantreden', 'van', 'Bert', 'Anciaux', 'als', 'voorzitter', 'van', 'de', 'Volksunie', 'hoopte', 'de', 'redactie', 'dat', 'de', 'partij', 'een', 'links', 'flamingantisch', 'alternatief', 'zou', 'worden', '.']	[0, 0, 0, 0, 0, 0, 0, 1, 2, 0, 0, 0, 0, 3, 0, 0, 0, 0, 0, 0, 0, 0, 0, 0, 0, 0, 0]	nl	Begin jaren negentig bij het aantreden van Bert Anciaux als voorzitter van de Volksunie hoopte de redactie dat de partij een links flamingantisch alternatief zou worden.
['Zijn', 'roots', 'liggen', 'in', 'Saint', 'Lucia', '.']	[0, 0, 0, 0, 5, 6, 0]	nl	Zijn roots liggen in Saint Lucia.
['Tijdens', 'de', 'La', 'Niña', 'gebeurt', 'het', 'omgekeerde', '.']	[0, 0, 7, 8, 0, 0, 0, 0]	nl	Tijdens de La Niña gebeurt het omgekeerde.
"['Nog', 'later', 'werd', 'in', 'Babylonië', 'het', 'teken', ""'"", 'nul', ""'"", 'toegevoegd', ',', 'als', 'plaatsvervangend', 'teken', 'voor', 'bijvoorbeeld', 'geen', '""', 'honderdtallen', '""', '.']"	[0, 0, 0, 0, 5, 0, 0, 0, 0, 0, 0, 0, 0, 0, 0, 0, 0, 0, 0, 0, 0, 0]	nl	"Nog later werd in Babylonië het teken 'nul' toegevoegd, als plaatsvervangend teken voor bijvoorbeeld geen ""honderdtallen""."
['Ze', 'kwamen', 'die', 'dag', 'wel', 'naar', 'Nederland', 'voor', 'geplande', 'optredens', 'maar', 'pas', 'na', 'de', 'botenoptocht', '.']	[0, 0, 0, 0, 0, 0, 5, 0, 0, 0, 0, 0, 0, 0, 0, 0]	nl	Ze kwamen die dag wel naar Nederland voor geplande optredens maar pas na de botenoptocht.
['Sinds', '2014', 'speelt', 'hij', 'in', 'eigen', 'land', 'bij', 'de', 'topclub', 'Deportivo', 'Saprissa', '.']	[0, 0, 0, 0, 0, 0, 0, 0, 0, 0, 3, 4, 0]	nl	Sinds 2014 speelt hij in eigen land bij de topclub Deportivo Saprissa.
['Ze', 'komen', 'ook', 'terecht', 'in', 'andere', 'gebieden', 'zoals', 'Scandinavië', 'en', 'Noord-Afrika', '.']	[0, 0, 0, 0, 0, 0, 0, 0, 5, 0, 5, 0]	nl	Ze komen ook terecht in andere gebieden zoals Scandinavië en Noord-Afrika.
['Deze', 'werd', 'veroorzaakt', 'doordat', 'Afrika', 'en', 'India', 'noordwaarts', 'naar', 'Eurazië', 'bewogen', '.']	[0, 0, 0, 0, 5, 0, 5, 0, 0, 5, 0, 0]	nl	Deze werd veroorzaakt doordat Afrika en India noordwaarts naar Eurazië bewogen.
['Later', 'werd', 'een', 'korte', 'lijn', 'aangelegd', 'die', 'Davos', 'verbond', 'met', 'Filisur', 'op', 'de', 'Albulabahn', '.']	[0, 0, 0, 0, 0, 0, 0, 5, 0, 0, 5, 0, 0, 5, 0]	nl	Later werd een korte lijn aangelegd die Davos verbond met Filisur op de Albulabahn.
['Hij', 'werd', 'opgeleid', 'bij', 'Atlético', 'Madrid', '.']	[0, 0, 0, 0, 3, 4, 0]	nl	Hij werd opgeleid bij Atlético Madrid.
"['""', 'Megaoryzomys', 'curioi', '""', 'is', 'een', 'uitgestorven', 'knaagdier', 'uit', 'de', 'Galapagoseilanden', '(', 'Ecuador', ')', '.']"	[0, 0, 0, 0, 0, 0, 0, 0, 0, 0, 5, 0, 5, 0, 0]	nl	"""Megaoryzomys curioi"" is een uitgestorven knaagdier uit de Galapagoseilanden (Ecuador)."
"['De', 'single', '""', 'Dance', 'the', 'night', 'away', '""', 'werd', 'de', 'titelsong', 'van', 'de', 'kindersoap', 'ZOOP', '.']"	[0, 0, 0, 0, 0, 0, 0, 0, 0, 0, 0, 0, 0, 0, 7, 0]	nl	"De single ""Dance the night away"" werd de titelsong van de kindersoap ZOOP."
['De', 'verdediger', 'mocht', 'van', 'bondscoach', 'Igor', 'Štimac', 'in', 'de', 'basis', 'en', 'speelde', 'het', 'gehele', 'duel', 'mee', '.']	[0, 0, 0, 0, 0, 1, 2, 0, 0, 0, 0, 0, 0, 0, 0, 0, 0]	nl	De verdediger mocht van bondscoach Igor Štimac in de basis en speelde het gehele duel mee.
['In', 'november', '2004', 'sprak', 'hij', 'zijn', 'eigen', 'stem', 'in', 'in', 'de', 'korte', 'film', 'Far', 'Far', 'Away', 'Idol', 'behorend', 'tot', 'de', 'Shrek-franchise', '.']	[0, 0, 0, 0, 0, 0, 0, 0, 0, 0, 0, 0, 0, 7, 8, 8, 8, 0, 0, 0, 7, 0]	nl	In november 2004 sprak hij zijn eigen stem in in de korte film Far Far Away Idol behorend tot de Shrek-franchise.
"['Onder', 'invloed', 'van', 'de', 'Spaanse', 'schilder', 'Bartolomé', 'Murillo', '(', '1618', '-', '1682', ')', 'waren', 'ook', '""', 'fancy', 'pictures', '""', 'in', 'trek', ',', 'met', 'arme', 'kinderen', 'in', 'een', 'natuurlijke', 'omgeving', '.']"	[0, 0, 0, 0, 0, 0, 1, 2, 0, 0, 0, 0, 0, 0, 0, 0, 0, 0, 0, 0, 0, 0, 0, 0, 0, 0, 0, 0, 0, 0]	nl	"Onder invloed van de Spaanse schilder Bartolomé Murillo (1618 - 1682) waren ook ""fancy pictures"" in trek, met arme kinderen in een natuurlijke omgeving."
"['1', '""', 'door', 'de', 'Koninklijke', 'Marine', '.']"	[0, 0, 0, 0, 3, 4, 0]	nl	"1 ""door de Koninklijke Marine."
['De', 'soortnaam', 'verwijst', 'naar', 'Ferdinand', 'Magellaan', 'en', 'de', 'naar', 'hem', 'genoemde', 'zeestraat', '.']	[0, 0, 0, 0, 1, 2, 0, 0, 0, 0, 0, 0, 0]	nl	De soortnaam verwijst naar Ferdinand Magellaan en de naar hem genoemde zeestraat.
['De', 'soort', 'komt', 'voor', 'in', 'het', 'oosten', 'van', 'Argentinië', '.']	[0, 0, 0, 0, 0, 0, 0, 0, 5, 0]	nl	De soort komt voor in het oosten van Argentinië.
['Op', 'het', 'Nederlandse', 'deel', 'van', 'het', 'eiland', 'bevindt', 'zich', 'het', 'Princess', 'Juliana', 'International', 'Airport', ',', 'waarop', 'vliegtuigen', 'van', 'het', 'type', 'Boeing', '747', 'pal', 'achter', 'het', 'strand', 'kunnen', 'landen', '.']	[0, 0, 7, 0, 0, 0, 0, 0, 0, 0, 5, 6, 6, 6, 0, 0, 0, 0, 0, 0, 7, 8, 0, 0, 0, 0, 0, 0, 0]	nl	Op het Nederlandse deel van het eiland bevindt zich het Princess Juliana International Airport, waarop vliegtuigen van het type Boeing 747 pal achter het strand kunnen landen.
"['Voorbeelden', 'daarvan', 'zijn', '""', 'Galaxy', 'Quest', '""', ',', '""', 'Dogma', '""', 'en', '""', 'Love', 'Actually', '""', '.']"	[0, 0, 0, 0, 7, 8, 0, 0, 0, 7, 0, 0, 0, 7, 8, 0, 0]	nl	"Voorbeelden daarvan zijn ""Galaxy Quest"", ""Dogma"" en ""Love Actually""."
['De', 'gemeente', 'was', 'gelegen', 'aan', 'het', 'IJsselmeer', 'in', 'het', 'zuiden', 'van', 'de', 'provincie', '.']	[0, 0, 0, 0, 0, 0, 5, 0, 0, 0, 0, 0, 0, 0]	nl	De gemeente was gelegen aan het IJsselmeer in het zuiden van de provincie.
['Hij', 'viel', 'in', 'dat', 'duel', 'na', '80', 'minuten', 'in', 'voor', 'Víctor', 'Pacheco', '.']	[0, 0, 0, 0, 0, 0, 0, 0, 0, 0, 1, 2, 0]	nl	Hij viel in dat duel na 80 minuten in voor Víctor Pacheco.
['In', 'het', 'publiek', 'zat', 'Salvador', 'Dalí', ',', 'die', 'na', 'het', 'zien', 'van', 'de', 'film', 'de', 'projector', 'omgooide', 'en', 'beweerde', 'dat', 'hij', 'precies', 'hetzelfde', 'idee', 'had', 'voor', 'een', 'film', 'maar', 'er', 'nooit', 'iets', 'mee', 'gedaan', 'had', '.']	[0, 0, 0, 0, 1, 2, 0, 0, 0, 0, 0, 0, 0, 0, 0, 0, 0, 0, 0, 0, 0, 0, 0, 0, 0, 0, 0, 0, 0, 0, 0, 0, 0, 0, 0, 0]	nl	In het publiek zat Salvador Dalí, die na het zien van de film de projector omgooide en beweerde dat hij precies hetzelfde idee had voor een film maar er nooit iets mee gedaan had.
['Net', 'ten', 'noorden', 'van', 'de', 'stad', 'baant', 'de', 'rivier', 'de', 'Vjosë', 'zich', 'een', 'weg', 'richting', 'de', 'Adriatische', 'Zee', '.']	[0, 0, 0, 0, 0, 0, 0, 0, 0, 0, 5, 0, 0, 0, 0, 0, 5, 6, 0]	nl	Net ten noorden van de stad baant de rivier de Vjosë zich een weg richting de Adriatische Zee.
['Van', 'de', 'vogel', 'bestaan', 'fraaie', 'illustraties', 'zoals', 'die', 'van', 'John', 'Gerrard', 'Keulemans', '.']	[0, 0, 0, 0, 0, 0, 0, 0, 0, 1, 2, 2, 0]	nl	Van de vogel bestaan fraaie illustraties zoals die van John Gerrard Keulemans.
['De', 'geelkruinhoningvogel', 'komt', 'alleen', 'voor', 'in', 'de', 'Filipijnen', '.']	[0, 0, 0, 0, 0, 0, 0, 5, 0]	nl	De geelkruinhoningvogel komt alleen voor in de Filipijnen.
"['Een', '""', 'gemeenteweg', '""', 'is', 'in', 'België', 'een', 'weg', 'die', 'beheerd', 'wordt', 'door', 'een', 'van', '589', 'gemeenten', '.']"	[0, 0, 0, 0, 0, 0, 5, 0, 0, 0, 0, 0, 0, 0, 0, 0, 0, 0]	nl	"Een ""gemeenteweg"" is in België een weg die beheerd wordt door een van 589 gemeenten."
['Zij', 'versloegen', 'in', 'de', 'finale', 'het', 'als', 'derde', 'geplaatste', 'koppel', 'Chan', 'Chin-wei', 'en', 'Xu', 'Yifan', 'in', 'twee', 'sets', ',', 'met', 'een', 'tiebreak', 'in', 'de', 'eerste', 'set', '.']	[0, 0, 0, 0, 0, 0, 0, 0, 0, 0, 1, 2, 0, 1, 2, 0, 0, 0, 0, 0, 0, 0, 0, 0, 0, 0, 0]	nl	Zij versloegen in de finale het als derde geplaatste koppel Chan Chin-wei en Xu Yifan in twee sets, met een tiebreak in de eerste set.
['Twee', 'jaar', 'later', 'werd', 'hij', 'uitgenodigd', 'als', 'gebedsgenezer', 'voor', 'zijn', 'zoon', ',', 'de', 'tsarevitsj', 'Aleksej', 'Nikolajevitsj', 'van', 'Rusland', ',', 'die', 'aan', 'hemofilie', 'leed', '.']	[0, 0, 0, 0, 0, 0, 0, 0, 0, 0, 0, 0, 0, 0, 1, 2, 2, 2, 0, 0, 0, 0, 0, 0]	nl	Twee jaar later werd hij uitgenodigd als gebedsgenezer voor zijn zoon, de tsarevitsj Aleksej Nikolajevitsj van Rusland, die aan hemofilie leed.
['Sinds', '2012', 'wordt', 'deze', 'ondersoort', 'ook', 'weer', 'gezien', 'in', 'Duitsland', '.']	[0, 0, 0, 0, 0, 0, 0, 0, 0, 5, 0]	nl	Sinds 2012 wordt deze ondersoort ook weer gezien in Duitsland.
['Het', 'dorp', 'behoort', 'tot', 'de', 'gemeente', 'Coevorden', '(', 'tot', '1998', 'tot', 'de', 'gemeente', 'Sleen', ')', '.']	[0, 0, 0, 0, 0, 0, 5, 0, 0, 0, 0, 0, 0, 5, 0, 0]	nl	Het dorp behoort tot de gemeente Coevorden (tot 1998 tot de gemeente Sleen).
['Naast', 'de', 'dagelijkse', 'bezigheden', 'worden', 'ook', 'enkele', 'historische', 'gebeurtenissen', 'in', 'beeld', 'gebracht', ':', 'de', 'babyboom', 'na', 'de', 'Tweede', 'Wereldoorlog', ',', 'het', 'oprichten', 'van', 'de', 'National', 'Health', 'Service', ',', 'de', 'introductie', 'van', 'lachgas', 'als', 'pijnbestrijding', ',', 'de', 'schadelijke', 'effecten', 'van', 'thalidomide', 'en', 'de', 'introductie', 'van', 'de', 'anticonceptiepil', '.']	[0, 0, 0, 0, 0, 0, 0, 0, 0, 0, 0, 0, 0, 0, 0, 0, 0, 7, 8, 0, 0, 0, 0, 0, 3, 4, 4, 0, 0, 0, 0, 0, 0, 0, 0, 0, 0, 0, 0, 0, 0, 0, 0, 0, 0, 0, 0]	nl	Naast de dagelijkse bezigheden worden ook enkele historische gebeurtenissen in beeld gebracht: de babyboom na de Tweede Wereldoorlog, het oprichten van de National Health Service, de introductie van lachgas als pijnbestrijding, de schadelijke effecten van thalidomide en de introductie van de anticonceptiepil.
['Tot', '1540', 'was', 'er', 'ook', 'sprake', 'van', 'een', 'klooster', ',', 'maar', 'deze', 'verdween', 'tijdens', 'de', 'regeerperiode', 'van', 'Hendrik', 'VIII', 'van', 'Engeland', '.']	[0, 0, 0, 0, 0, 0, 0, 0, 0, 0, 0, 0, 0, 0, 0, 0, 0, 1, 2, 2, 2, 0]	nl	Tot 1540 was er ook sprake van een klooster, maar deze verdween tijdens de regeerperiode van Hendrik VIII van Engeland.
['De', 'Moslimbroederschap', 'ging', 'ook', 'gewelddadig', 'te', 'werk', '.']	[0, 3, 0, 0, 0, 0, 0, 0]	nl	De Moslimbroederschap ging ook gewelddadig te werk.
['Vanaf', '1892', 'zijn', 'in', 'Leiden', 'en', 'Amsterdam', 'op', 'basis', 'van', 'experimenten', 'vele', 'gipsmodellen', 'van', 'dergelijk', 'Ψ-oppervlakken', 'gemaakt', '.']	[0, 0, 0, 0, 5, 0, 5, 0, 0, 0, 0, 0, 0, 0, 0, 0, 0, 0]	nl	Vanaf 1892 zijn in Leiden en Amsterdam op basis van experimenten vele gipsmodellen van dergelijk Ψ-oppervlakken gemaakt.
['Hij', 'vertegenwoordigde', 'de', 'Bouches-du-Rhône', '.']	[0, 0, 0, 5, 0]	nl	Hij vertegenwoordigde de Bouches-du-Rhône.
['Dit', 'gebeurde', 'met', 'een', 'nauwkeurigheid', 'die', 'pas', 'honderd', 'jaar', 'later', 'door', 'Tycho', 'Brahe', '(', '1546', '-', '1601', ')', 'geëvenaard', 'werd', '.']	[0, 0, 0, 0, 0, 0, 0, 0, 0, 0, 0, 1, 2, 0, 0, 0, 0, 0, 0, 0, 0]	nl	Dit gebeurde met een nauwkeurigheid die pas honderd jaar later door Tycho Brahe (1546 - 1601) geëvenaard werd.
['Ook', 'de', 'latere', 'karateleraar', 'Choki', 'Motobu', 'kan', 'tot', 'de', 'Tomari-te', 'groep', 'gerekend', 'worden', ',', 'hoewel', 'hij', 'zelf', 'van', 'meerdere', 'leraren', 'les', 'heeft', 'gehad', '.']	[0, 0, 0, 0, 1, 2, 0, 0, 0, 0, 0, 0, 0, 0, 0, 0, 0, 0, 0, 0, 0, 0, 0, 0]	nl	Ook de latere karateleraar Choki Motobu kan tot de Tomari-te groep gerekend worden, hoewel hij zelf van meerdere leraren les heeft gehad.
['Ze', 'broeden', 'in', 'grote', 'kolonies', 'op', 'eilanden', 'in', 'de', 'Caraïben', 'en', 'de', 'Golf', 'van', 'Mexico', '.']	[0, 0, 0, 0, 0, 0, 0, 0, 0, 5, 0, 0, 5, 6, 6, 0]	nl	Ze broeden in grote kolonies op eilanden in de Caraïben en de Golf van Mexico.
['Na', '840', 'werden', 'de', 'Oeigoeren', 'door', 'de', 'Kirgiezen', 'verdreven', 'uit', 'Mongolië', ',', 'waardoor', 'zij', 'gedwongen', 'waren', 'zich', 'terug', 'te', 'trekken', 'in', 'het', 'Tarimbekken', '.']	[0, 0, 0, 0, 7, 0, 0, 7, 0, 0, 5, 0, 0, 0, 0, 0, 0, 0, 0, 0, 0, 0, 5, 0]	nl	Na 840 werden de Oeigoeren door de Kirgiezen verdreven uit Mongolië, waardoor zij gedwongen waren zich terug te trekken in het Tarimbekken.
['In', 'totaal', 'stond', 'hij', 'dat', 'jaar', 'dertien', 'keer', 'op', 'het', 'podium', 'en', 'haalde', 'hij', '322', 'punten', 'bij', 'elkaar', ',', '49', 'meer', 'dan', 'de', 'nummer', 'twee', ';', 'zijn', 'landgenoot', 'Tetsuya', 'Harada', '.']	[0, 0, 0, 0, 0, 0, 0, 0, 0, 0, 0, 0, 0, 0, 0, 0, 0, 0, 0, 0, 0, 0, 0, 0, 0, 0, 0, 0, 1, 2, 0]	nl	In totaal stond hij dat jaar dertien keer op het podium en haalde hij 322 punten bij elkaar, 49 meer dan de nummer twee; zijn landgenoot Tetsuya Harada.
['De', 'wetenschappelijke', 'naam', 'werd', 'voor', 'het', 'eerst', 'geldig', 'gepubliceerd', 'in', '1814', 'door', 'William', 'Elford', 'Leach', '.']	[0, 0, 0, 0, 0, 0, 0, 0, 0, 0, 0, 0, 1, 2, 2, 0]	nl	De wetenschappelijke naam werd voor het eerst geldig gepubliceerd in 1814 door William Elford Leach.
['Direct', 'na', 'de', 'Tweede', 'Wereldoorlog', 'schommelde', 'productie', 'van', 'suiker', 'tussen', 'de', '5', 'en', '6', 'miljoen', 'ton', 'op', 'jaarbasis', '.']	[0, 0, 0, 7, 8, 0, 0, 0, 0, 0, 0, 0, 0, 0, 0, 0, 0, 0, 0]	nl	Direct na de Tweede Wereldoorlog schommelde productie van suiker tussen de 5 en 6 miljoen ton op jaarbasis.
"['Als', 'uitgangspunt', 'nam', 'men', 'de', 'laatste', 'en', 'nooit', 'uitgezonden', 'aflevering', 'van', '""', 'Secret', 'Army', '""', ',', '""', 'What', 'did', 'you', 'do', 'in', 'the', 'war', ',', 'daddy', '?', '""', '.']"	[0, 0, 0, 0, 0, 0, 0, 0, 0, 0, 0, 0, 7, 8, 0, 0, 0, 0, 0, 0, 0, 0, 0, 0, 0, 0, 0, 0, 0]	nl	"Als uitgangspunt nam men de laatste en nooit uitgezonden aflevering van ""Secret Army"", ""What did you do in the war, daddy?""."
['Het', 'nummer', 'was', 'ook', 'te', 'spelen', 'op', 'de', 'game', 'Guitar', 'Hero', '5', '.']	[0, 0, 0, 0, 0, 0, 0, 0, 0, 7, 8, 8, 0]	nl	Het nummer was ook te spelen op de game Guitar Hero 5.
['In', '2000', 'werden', 'de', 'relaties', 'met', 'Saoedi-Arabië', 'enigszins', 'hersteld', 'toen', 'de', 'grens', 'tussen', 'beide', 'landen', 'werd', 'vastgelegd', '.']	[0, 0, 0, 0, 0, 0, 5, 0, 0, 0, 0, 0, 0, 0, 0, 0, 0, 0]	nl	In 2000 werden de relaties met Saoedi-Arabië enigszins hersteld toen de grens tussen beide landen werd vastgelegd.
['Ditmaal', 'werd', 'hij', 'wel', 'kampioen', ',', 'door', 'middel', 'van', 'een', 'zege', 'op', 'Wanderlei', 'Silva', '(', 'unanieme', 'jurybeslissing', ')', '.']	[0, 0, 0, 0, 0, 0, 0, 0, 0, 0, 0, 0, 1, 2, 0, 0, 0, 0, 0]	nl	Ditmaal werd hij wel kampioen, door middel van een zege op Wanderlei Silva (unanieme jurybeslissing).
['Tomáš', 'Řepka', 'had', 'disciplinaire', 'problemen', ',', 'hij', 'kreeg', 'tien', 'gele', 'en', 'één', 'rode', 'kaart', 'in', '32', 'wedstrijden', '.']	[1, 2, 0, 0, 0, 0, 0, 0, 0, 0, 0, 0, 0, 0, 0, 0, 0, 0]	nl	Tomáš Řepka had disciplinaire problemen, hij kreeg tien gele en één rode kaart in 32 wedstrijden.
['Het', 'Chakassisch', 'is', 'een', 'Turkse', 'taal', 'met', 'een', 'co-officiële', 'status', 'in', 'de', 'republiek', '.']	[0, 7, 0, 0, 7, 0, 0, 0, 0, 0, 0, 0, 0, 0]	nl	Het Chakassisch is een Turkse taal met een co-officiële status in de republiek.
['De', 'haveninfrastructuur', 'bleef', 'eeuwenlang', 'beperkt', 'tot', 'een', 'eenvoudige', 'houten', 'kaai', 'die', 'in', '1656', 'vlak', 'bij', 'het', 'Kasteel', 'de', 'Goede', 'Hoop', 'werd', 'gebouwd', '.']	[0, 0, 0, 0, 0, 0, 0, 0, 0, 0, 0, 0, 0, 0, 0, 0, 5, 6, 6, 6, 0, 0, 0]	nl	De haveninfrastructuur bleef eeuwenlang beperkt tot een eenvoudige houten kaai die in 1656 vlak bij het Kasteel de Goede Hoop werd gebouwd.
['Of', 'deze', 'bekering', 'ten', 'dele', 'aan', 'Jayavarman', 'VII', 'kan', 'worden', 'toegeschreven', ',', 'is', 'onzeker', '.']	[0, 0, 0, 0, 0, 0, 1, 2, 0, 0, 0, 0, 0, 0, 0]	nl	Of deze bekering ten dele aan Jayavarman VII kan worden toegeschreven, is onzeker.
['Naar', 'hem', 'is', 'de', 'Mosse-lezing', 'genoemd', ',', 'die', 'jaarlijks', 'in', 'Amsterdam', 'gehouden', 'wordt', '.']	[0, 0, 0, 0, 0, 0, 0, 0, 0, 0, 5, 0, 0, 0]	nl	Naar hem is de Mosse-lezing genoemd, die jaarlijks in Amsterdam gehouden wordt.
['De', 'wetenschappelijke', 'naam', 'van', 'de', 'soort', 'is', 'voor', 'het', 'eerst', 'geldig', 'gepubliceerd', 'in', '1902', 'door', 'Auguste', 'Forel', '.']	[0, 0, 0, 0, 0, 0, 0, 0, 0, 0, 0, 0, 0, 0, 0, 1, 2, 0]	nl	De wetenschappelijke naam van de soort is voor het eerst geldig gepubliceerd in 1902 door Auguste Forel.
['Zonder', 'zijn', 'medeweten', 'gebruikte', 'de', 'club', 'hem', 'als', 'pasmunt', 'voor', 'de', 'transfer', 'van', 'Aloys', 'Nong', '.']	[0, 0, 0, 0, 0, 0, 0, 0, 0, 0, 0, 0, 0, 1, 2, 0]	nl	Zonder zijn medeweten gebruikte de club hem als pasmunt voor de transfer van Aloys Nong.
['Het', 'is', 'beschikbaar', 'voor', 'PlayStation', '2', 'en', 'PlayStation', 'Portable', '.']	[0, 0, 0, 0, 7, 8, 0, 7, 8, 0]	nl	Het is beschikbaar voor PlayStation 2 en PlayStation Portable.
['Zowel', 'Helena', 'Blavatsky', ',', 'grondlegster', 'van', 'de', 'theosofische', 'beweging', ',', 'als', 'Rudolf', 'Steiner', ',', 'grondlegger', 'van', 'de', 'antroposofische', 'beweging', ',', 'citeerden', 'in', 'hun', 'werken', 'uitvoerig', 'uit', 'de', 'manifesten', 'van', 'de', 'rozenkruisers', '.']	[0, 1, 2, 0, 0, 0, 0, 0, 0, 0, 0, 1, 2, 0, 0, 0, 0, 0, 0, 0, 0, 0, 0, 0, 0, 0, 0, 0, 0, 0, 0, 0]	nl	Zowel Helena Blavatsky, grondlegster van de theosofische beweging, als Rudolf Steiner, grondlegger van de antroposofische beweging, citeerden in hun werken uitvoerig uit de manifesten van de rozenkruisers.
['In', 'de', 'zomer', 'van', '2009', 'was', 'de', 'Sveriges', 'Riksbank', 'de', 'eerste', 'die', 'de', 'negatieve', 'rente', 'introduceerde', '.']	[0, 0, 0, 0, 0, 0, 0, 3, 4, 0, 0, 0, 0, 0, 0, 0, 0]	nl	In de zomer van 2009 was de Sveriges Riksbank de eerste die de negatieve rente introduceerde.
['In', '2000', 'werd', 'zijn', 'naam', 'toegevoegd', 'aan', 'de', 'Rock', 'and', 'Roll', 'Hall', 'of', 'Fame', '.']	[0, 0, 0, 0, 0, 0, 0, 0, 5, 6, 6, 6, 6, 6, 0]	nl	In 2000 werd zijn naam toegevoegd aan de Rock and Roll Hall of Fame.
['Ook', 'in', 'Noord-Afrika', 'komt', 'de', 'soort', 'voor', '.']	[0, 0, 5, 0, 0, 0, 0, 0]	nl	Ook in Noord-Afrika komt de soort voor.
['Van', '1935', 'tot', '1940', 'woonde', 'hij', 'met', 'zijn', 'moeder', 'in', 'haar', 'vaderland', 'Jamaica', '.']	[0, 0, 0, 0, 0, 0, 0, 0, 0, 0, 0, 0, 5, 0]	nl	Van 1935 tot 1940 woonde hij met zijn moeder in haar vaderland Jamaica.
['Dat', 'verhuurde', 'hem', 'gedurende', 'het', 'seizoen', '2014', '-', '2015', 'aan', 'NK', 'Maribor', '.']	[0, 0, 0, 0, 0, 0, 0, 0, 0, 0, 3, 4, 0]	nl	Dat verhuurde hem gedurende het seizoen 2014 - 2015 aan NK Maribor.
['Het', 'nieuws', 'van', 'de', 'lancering', 'sloeg', 'in', 'als', 'een', 'bom', ',', 'vooral', 'in', 'de', 'Verenigde', 'Staten', ',', 'waar', 'men', 'in', 'de', 'veronderstelling', 'leefde', 'voorop', 'te', 'lopen', 'op', 'het', 'gebied', 'van', 'de', 'ruimtevaart', '.']	[0, 0, 0, 0, 0, 0, 0, 0, 0, 0, 0, 0, 0, 0, 5, 6, 0, 0, 0, 0, 0, 0, 0, 0, 0, 0, 0, 0, 0, 0, 0, 0, 0]	nl	Het nieuws van de lancering sloeg in als een bom, vooral in de Verenigde Staten, waar men in de veronderstelling leefde voorop te lopen op het gebied van de ruimtevaart.
['Nadat', 'in', 'de', 'Verenigde', 'Staten', 'eind', '2001', 'een', 'aantal', 'brieven', 'met', 'daarin', 'antrax', 'werd', 'verspreid', ',', 'is', 'voorgekomen', 'dat', 'bedrijven', 'en', 'instanties', 'ook', 'een', 'zogenaamde', 'poederbrief', 'ontvingen', ',', 'vergezeld', 'van', 'een', 'bedreiging', '.']	[0, 0, 0, 5, 6, 0, 0, 0, 0, 0, 0, 0, 0, 0, 0, 0, 0, 0, 0, 0, 0, 0, 0, 0, 0, 0, 0, 0, 0, 0, 0, 0, 0]	nl	Nadat in de Verenigde Staten eind 2001 een aantal brieven met daarin antrax werd verspreid, is voorgekomen dat bedrijven en instanties ook een zogenaamde poederbrief ontvingen, vergezeld van een bedreiging.
['De', 'wetenschappelijke', 'naam', 'van', 'de', 'soort', 'is', 'voor', 'het', 'eerst', 'geldig', 'gepubliceerd', 'in', '1864', 'door', 'Francis', 'Walker', '.']	[0, 0, 0, 0, 0, 0, 0, 0, 0, 0, 0, 0, 0, 0, 0, 1, 2, 0]	nl	De wetenschappelijke naam van de soort is voor het eerst geldig gepubliceerd in 1864 door Francis Walker.
"['Dit', 'is', 'een', 'onnauwkeurige', 'weergave', 'van', '""', 'Houston', ',', 'we', ""'ve"", 'had', 'a', 'problem', '""', ',', 'een', 'bekende', 'zin', 'die', 'commandant', 'Jim', 'Lovell', 'sprak', 'naar', 'aanleiding', 'van', 'een', 'explosie', 'aan', 'boord', 'van', 'Apollo', '13', '.']"	[0, 0, 0, 0, 0, 0, 0, 7, 0, 0, 0, 0, 0, 0, 0, 0, 0, 0, 0, 0, 0, 1, 2, 0, 0, 0, 0, 0, 0, 0, 0, 0, 7, 8, 0]	nl	"Dit is een onnauwkeurige weergave van ""Houston, we 've had a problem"", een bekende zin die commandant Jim Lovell sprak naar aanleiding van een explosie aan boord van Apollo 13."
['In', '2013', 'bleef', 'hij', 'bij', 'MP', 'Motorsport', 'rijden', 'in', 'de', 'Auto', 'GP', '.']	[0, 0, 0, 0, 0, 3, 4, 0, 0, 0, 7, 8, 0]	nl	In 2013 bleef hij bij MP Motorsport rijden in de Auto GP.
['De', 'familie', 'nam', 'deze', 'beslissing', 'omdat', 'er', 'tijdens', 'de', 'Eerste', 'Wereldoorlog', 'Duitsers', 'hun', 'hoofdkwartier', 'in', 'hadden', 'gevestigd', '.']	[0, 0, 0, 0, 0, 0, 0, 0, 0, 7, 8, 7, 0, 0, 0, 0, 0, 0]	nl	De familie nam deze beslissing omdat er tijdens de Eerste Wereldoorlog Duitsers hun hoofdkwartier in hadden gevestigd.
['Tot', '1198', 'voerde', 'hij', 'verder', 'oorlog', 'tegen', 'Frankrijk', '.']	[0, 0, 0, 0, 0, 0, 0, 5, 0]	nl	Tot 1198 voerde hij verder oorlog tegen Frankrijk.
['Deze', 'brug', 'verbindt', 'Steigereiland', 'met', 'Haveneiland', '.']	[0, 0, 0, 5, 0, 5, 0]	nl	Deze brug verbindt Steigereiland met Haveneiland.
['Voor', 'de', 'Tweede', 'Wereldoorlog', 'vierde', 'het', 'isolationisme', 'hoogtij', '.']	[0, 0, 7, 8, 0, 0, 0, 0, 0]	nl	Voor de Tweede Wereldoorlog vierde het isolationisme hoogtij.
"['Op', 'het', 'midden', 'van', 'het', 'plein', 'staat', 'Nelson', ""'s"", 'Column', '.']"	[0, 0, 0, 0, 0, 0, 0, 5, 6, 6, 0]	nl	Op het midden van het plein staat Nelson 's Column.
"['Op', '28', 'september', 'speelde', 'ze', 'een', 'gastrol', 'als', 'zichzelf', 'in', 'de', 'serie', '""', 'Glee', '""', '.']"	[0, 0, 0, 0, 0, 0, 0, 0, 0, 0, 0, 0, 0, 7, 0, 0]	nl	"Op 28 september speelde ze een gastrol als zichzelf in de serie ""Glee""."
['De', 'ruïne', 'wordt', 'wel', 'het', 'meest', 'gefotografeerde', 'kasteel', 'van', 'Schotland', 'genoemd', '.']	[0, 0, 0, 0, 0, 0, 0, 0, 0, 5, 0, 0]	nl	De ruïne wordt wel het meest gefotografeerde kasteel van Schotland genoemd.
['14', ')', 'en', 'voor', 'de', 'Portugese', 'Jéssica', 'Augusto', '(', 'brons', ';', '2:25', '.']	[0, 0, 0, 0, 0, 7, 1, 2, 0, 0, 0, 0, 0]	nl	14) en voor de Portugese Jéssica Augusto (brons; 2:25.
['De', 'Berwijn', 'is', 'eveneens', 'een', 'zijrivier', 'van', 'de', 'Maas', '.']	[0, 5, 0, 0, 0, 0, 0, 0, 5, 0]	nl	De Berwijn is eveneens een zijrivier van de Maas.
['Ze', 'vertrekken', 'alle', 'drie', 'naar', 'Frankrijk', 'en', 'denken', 'dat', 'ze', 'veilig', 'zijn', '.']	[0, 0, 0, 0, 0, 5, 0, 0, 0, 0, 0, 0, 0]	nl	Ze vertrekken alle drie naar Frankrijk en denken dat ze veilig zijn.
['Op', 'de', 'dag', 'van', 'de', 'finale', 'regende', 'het', 'de', 'hele', 'dag', 'in', 'Tokio', 'en', 'konden', 'beide', 'favorieten', 'niet', 'optimaal', 'presteren', '.']	[0, 0, 0, 0, 0, 0, 0, 0, 0, 0, 0, 0, 5, 0, 0, 0, 0, 0, 0, 0, 0]	nl	Op de dag van de finale regende het de hele dag in Tokio en konden beide favorieten niet optimaal presteren.
['Tijdens', 'de', 'strenge', 'winter', 'van', '1630', '-', '1631', 'stierf', 'de', 'helft', 'van', 'de', 'kolonisten', ',', 'maar', 'de', 'druk', 'die', 'in', 'Groot-Brittannië', 'nog', 'steeds', 'werd', 'uitgeoefend', 'op', 'de', 'puriteinen', 'leidde', 'tot', 'een', 'toename', 'van', 'het', 'aantal', 'migranten', 'tot', '2000', 'in', 'december', '1631', '.']	[0, 0, 0, 0, 0, 0, 0, 0, 0, 0, 0, 0, 0, 0, 0, 0, 0, 0, 0, 0, 5, 0, 0, 0, 0, 0, 0, 0, 0, 0, 0, 0, 0, 0, 0, 0, 0, 0, 0, 0, 0, 0]	nl	Tijdens de strenge winter van 1630 - 1631 stierf de helft van de kolonisten, maar de druk die in Groot-Brittannië nog steeds werd uitgeoefend op de puriteinen leidde tot een toename van het aantal migranten tot 2000 in december 1631.
['Zo', 'ontstond', 'er', 'rond', '2007', 'in', 'Nederland', 'diepe', 'verdeeldheid', 'over', 'de', 'rekendidactiek', 'tussen', 'aanhangers', 'van', 'het', 'realistisch', 'en', 'functioneel', 'rekenen', '.']	[0, 0, 0, 0, 0, 0, 5, 0, 0, 0, 0, 0, 0, 0, 0, 0, 0, 0, 0, 0, 0]	nl	Zo ontstond er rond 2007 in Nederland diepe verdeeldheid over de rekendidactiek tussen aanhangers van het realistisch en functioneel rekenen.
['Voor', 'de', 'menselijke', 'skaters', 'in', 'het', 'spel', 'heeft', 'Activision', 'echte', 'kinderen', 'gecast', '.']	[0, 0, 0, 0, 0, 0, 0, 0, 3, 0, 0, 0, 0]	nl	Voor de menselijke skaters in het spel heeft Activision echte kinderen gecast.
['In', 'september', '2013', 'werd', 'hij', 'aangesteld', 'als', 'trainer', 'van', 'FC', 'Oss', '.']	[0, 0, 0, 0, 0, 0, 0, 0, 0, 3, 4, 0]	nl	In september 2013 werd hij aangesteld als trainer van FC Oss.
['Hij', 'moest', 'de', 'gewonde', 'Henri', 'Pescarolo', 'vervangen', 'die', 'ernstige', 'brandwonden', 'had', 'opgelopen', 'in', 'een', 'crash', '.']	[0, 0, 0, 0, 1, 2, 0, 0, 0, 0, 0, 0, 0, 0, 0, 0]	nl	Hij moest de gewonde Henri Pescarolo vervangen die ernstige brandwonden had opgelopen in een crash.
['In', '2014', 'vertrok', 'hij', 'naar', 'Al-Shamal', ',', 'om', 'na', 'een', 'jaar', 'clubloos', 'te', 'geraken', '.']	[0, 0, 0, 0, 0, 3, 0, 0, 0, 0, 0, 0, 0, 0, 0]	nl	In 2014 vertrok hij naar Al-Shamal, om na een jaar clubloos te geraken.
"['Echt', 'succesvol', 'werden', 'evenwel', 'pas', 'late', 'vernieuwers', 'als', 'Skid', 'Row', 'en', 'vooral', 'Guns', 'N', ""'"", 'Roses', ',', 'die', 'glam', 'metal', 'opnieuw', 'zo', 'krachtig', 'en', 'venijnig', 'als', 'in', 'de', 'begindagen', 'maakte', 'en', 'bovendien', 'het', 'gepolijste', 'imago', 'verruilde', 'voor', 'een', 'meer', 'ruige', 'look', 'die', 'het', 'midden', 'hield', 'tussen', 'de', 'verwijfde', 'glam', 'metal-looks', 'en', 'de', 'straatschooier-looks', 'van', 'de', 'thrashers', '.']"	[0, 0, 0, 0, 0, 0, 0, 0, 3, 4, 0, 0, 3, 4, 4, 4, 0, 0, 0, 0, 0, 0, 0, 0, 0, 0, 0, 0, 0, 0, 0, 0, 0, 0, 0, 0, 0, 0, 0, 0, 0, 0, 0, 0, 0, 0, 0, 0, 0, 0, 0, 0, 0, 0, 0, 0, 0]	nl	Echt succesvol werden evenwel pas late vernieuwers als Skid Row en vooral Guns N 'Roses, die glam metal opnieuw zo krachtig en venijnig als in de begindagen maakte en bovendien het gepolijste imago verruilde voor een meer ruige look die het midden hield tussen de verwijfde glam metal-looks en de straatschooier-looks van de thrashers.
['Hij', 'stelde', 'voor', 'om', 'het', 'Naardermeer', 'aan', 'te', 'kopen', 'en', 'legde', 'dit', 'plan', 'via', 'brieven', 'voor', 'aan', 'mogelijke', 'medestanders', '.']	[0, 0, 0, 0, 0, 5, 0, 0, 0, 0, 0, 0, 0, 0, 0, 0, 0, 0, 0, 0]	nl	Hij stelde voor om het Naardermeer aan te kopen en legde dit plan via brieven voor aan mogelijke medestanders.
['In', 'de', 'finale', 'gaf', 'ze', 'op', 'tegen', 'Amélie', 'Mauresmo', ',', 'nadat', 'ze', '1', '-', '6', 'en', '0', '-', '2', 'achter', 'stond', ',', 'omdat', 'ze', 'last', 'had', 'van', 'darmklachten', '.']	[0, 0, 0, 0, 0, 0, 0, 1, 2, 0, 0, 0, 0, 0, 0, 0, 0, 0, 0, 0, 0, 0, 0, 0, 0, 0, 0, 0, 0]	nl	In de finale gaf ze op tegen Amélie Mauresmo, nadat ze 1 - 6 en 0 - 2 achter stond, omdat ze last had van darmklachten.
['Haar', 'wens', 'de', 'wereld', 'te', 'ontdekken', 'en', 'kennis', 'te', 'maken', 'met', 'andere', 'culturen', 'bracht', 'haar', 'naar', 'vele', 'verre', 'gebieden', ',', 'waaronder', 'Afrika', 'waar', 'ze', 'deelnam', 'aan', 'een', 'humanitair', 'hulpprogramma', '.']	[0, 0, 0, 0, 0, 0, 0, 0, 0, 0, 0, 0, 0, 0, 0, 0, 0, 0, 0, 0, 0, 5, 0, 0, 0, 0, 0, 0, 0, 0]	nl	Haar wens de wereld te ontdekken en kennis te maken met andere culturen bracht haar naar vele verre gebieden, waaronder Afrika waar ze deelnam aan een humanitair hulpprogramma.
['De', 'lijn', 'is', 'aangelegd', 'door', 'en', 'vernoemd', 'naar', 'de', 'Great', 'Western', 'railway', '.']	[0, 0, 0, 0, 0, 0, 0, 0, 0, 3, 4, 4, 0]	nl	De lijn is aangelegd door en vernoemd naar de Great Western railway.
"['In', '2012', 'speelde', 'hij', 'bovendien', 'in', 'de', 'speelfilm', '""', 'Het', 'bombardement', '""', 'een', 'rolletje', 'als', 'dominee', '.']"	[0, 0, 0, 0, 0, 0, 0, 0, 0, 7, 8, 0, 0, 0, 0, 0, 0]	nl	"In 2012 speelde hij bovendien in de speelfilm ""Het bombardement"" een rolletje als dominee."
['Hierna', 'ging', 'hij', 'naar', 'Pyunik', 'Erevan', '.']	[0, 0, 0, 0, 3, 4, 0]	nl	Hierna ging hij naar Pyunik Erevan.
['De', 'film', 'werd', 'geregisseerd', 'door', 'Don', 'Siegel', '.']	[0, 0, 0, 0, 0, 1, 2, 0]	nl	De film werd geregisseerd door Don Siegel.
['Deze', 'slag', 'maakte', 'deel', 'uit', 'van', 'de', 'Slag', 'in', 'de', 'Golf', 'van', 'Leyte', ',', 'een', 'slag', 'die', 'vaak', 'wordt', 'beschouwd', 'als', 'de', 'grootste', 'zeeslag', 'in', 'de', 'geschiedenis', '.']	[0, 0, 0, 0, 0, 0, 0, 7, 8, 8, 8, 8, 8, 0, 0, 0, 0, 0, 0, 0, 0, 0, 0, 0, 0, 0, 0, 0]	nl	Deze slag maakte deel uit van de Slag in de Golf van Leyte, een slag die vaak wordt beschouwd als de grootste zeeslag in de geschiedenis.
['Resten', 'zijn', 'aangetroffen', 'in', 'samenhang', 'met', 'vroeg', 'menselijke', 'bewoning', ',', 'onder', 'meer', 'in', 'de', 'Hermannshöhle', 'in', 'Duitsland', '.']	[0, 0, 0, 0, 0, 0, 0, 0, 0, 0, 0, 0, 0, 0, 5, 0, 5, 0]	nl	Resten zijn aangetroffen in samenhang met vroeg menselijke bewoning, onder meer in de Hermannshöhle in Duitsland.
['Door', 'zijn', 'karakter', ',', 'zijn', 'humor', 'en', 'uitstraling', 'had', 'hij', 'ook', 'vrienden', ',', 'onder', 'anderen', 'de', 'later', 'wereldberoemde', 'Édouard', 'Manet', '.']	[0, 0, 0, 0, 0, 0, 0, 0, 0, 0, 0, 0, 0, 0, 0, 0, 0, 0, 1, 2, 0]	nl	Door zijn karakter, zijn humor en uitstraling had hij ook vrienden, onder anderen de later wereldberoemde Édouard Manet.
['Een', 'voorbeeld', 'van', 'een', 'apparaat', 'dat', 'dit', 'automatisch', 'doet', ',', 'is', 'de', 'iPhone', '.']	[0, 0, 0, 0, 0, 0, 0, 0, 0, 0, 0, 0, 7, 0]	nl	Een voorbeeld van een apparaat dat dit automatisch doet, is de iPhone.
"['In', '1928', 'publiceerde', 'hij', 'samen', 'met', 'de', 'linguist', 'Roman', 'Jakobson', 'het', 'befaamde', 'boek', '""', 'Thesen', 'over', 'taal', '""', ',', 'dat', 'beschouwd', 'wordt', 'als', 'een', 'voorloper', 'op', 'het', 'structuralisme', '.']"	[0, 0, 0, 0, 0, 0, 0, 0, 1, 2, 0, 0, 0, 0, 0, 0, 0, 0, 0, 0, 0, 0, 0, 0, 0, 0, 0, 0, 0]	nl	"In 1928 publiceerde hij samen met de linguist Roman Jakobson het befaamde boek ""Thesen over taal"", dat beschouwd wordt als een voorloper op het structuralisme."
['Een', 'van', 'de', 'eersten', 'die', 'het', 'absolute', 'nulpunt', 'probeerde', 'te', 'bepalen', ',', 'was', 'Guillaume', 'Amontons', '(', '1663', '-', '1705', ')', '.']	[0, 0, 0, 0, 0, 0, 0, 0, 0, 0, 0, 0, 0, 1, 2, 0, 0, 0, 0, 0, 0]	nl	Een van de eersten die het absolute nulpunt probeerde te bepalen, was Guillaume Amontons (1663 - 1705).
['Het', 'dodental', 'liep', 'op', 'tot', 'ongeveer', '290.000', 'slachtoffers', 'in', 'de', 'kuststreken', 'van', 'de', 'landen', 'Sri', 'Lanka', ',', 'Indonesië', ',', 'India', ',', 'Thailand', ',', 'Myanmar', ',', 'Bangladesh', ',', 'Maleisië', ',', 'de', 'Maldiven', ',', 'de', 'Seychellen', 'en', 'de', 'Andamanen', '.']	[0, 0, 0, 0, 0, 0, 0, 0, 0, 0, 0, 0, 0, 0, 5, 6, 0, 5, 0, 5, 0, 5, 0, 5, 0, 5, 0, 5, 0, 0, 5, 0, 0, 5, 0, 0, 5, 0]	nl	Het dodental liep op tot ongeveer 290.000 slachtoffers in de kuststreken van de landen Sri Lanka, Indonesië, India, Thailand, Myanmar, Bangladesh, Maleisië, de Maldiven, de Seychellen en de Andamanen.
['In', 'Assisi', 'maakte', 'hij', 'ook', 'kennis', 'met', 'de', 'jonge', 'Giuseppe', 'Tartini', ',', 'die', 'hem', 'les', 'gaf', 'in', 'contrapunt', '.']	[0, 5, 0, 0, 0, 0, 0, 0, 0, 1, 2, 0, 0, 0, 0, 0, 0, 0, 0]	nl	In Assisi maakte hij ook kennis met de jonge Giuseppe Tartini, die hem les gaf in contrapunt.
['In', 'de', 'dorpen', 'Dwingeloo', 'en', 'Ruinen', 'die', 'aan', 'het', 'gebied', 'grenzen', 'zijn', 'diverse', 'restaurants', 'en', 'hotels', '.']	[0, 0, 0, 5, 0, 5, 0, 0, 0, 0, 0, 0, 0, 0, 0, 0, 0]	nl	In de dorpen Dwingeloo en Ruinen die aan het gebied grenzen zijn diverse restaurants en hotels.
['Na', 'een', 'tijdje', 'op', 'de', 'bank', 'te', 'hebben', 'gezeten', 'ten', 'faveure', 'van', 'Tim', 'Cornelisse', ',', 'veroverde', 'hij', 'lopende', 'het', 'seizoen', 'weer', 'zijn', 'plek', 'in', 'het', 'eerste', 'en', 'werd', 'belangrijk', 'voor', 'het', 'team', '.']	[0, 0, 0, 0, 0, 0, 0, 0, 0, 0, 0, 0, 1, 2, 0, 0, 0, 0, 0, 0, 0, 0, 0, 0, 0, 0, 0, 0, 0, 0, 0, 0, 0]	nl	Na een tijdje op de bank te hebben gezeten ten faveure van Tim Cornelisse, veroverde hij lopende het seizoen weer zijn plek in het eerste en werd belangrijk voor het team.
['Tijdens', 'die', 'reis', 'deed', 'hij', 'onder', 'meer', 'Kopenhagen', 'en', 'Amsterdam', 'aan', '.']	[0, 0, 0, 0, 0, 0, 0, 5, 0, 5, 0, 0]	nl	Tijdens die reis deed hij onder meer Kopenhagen en Amsterdam aan.
['De', 'nederlaag', 'in', 'de', 'Slag', 'bij', 'Mukden', 'en', 'het', 'fiasco', 'in', 'de', 'Slag', 'bij', 'Tsushima', 'verhoogden', 'het', 'risico', 'op', 'revolutie', '.']	[0, 0, 0, 0, 7, 8, 8, 0, 0, 0, 0, 0, 7, 8, 8, 0, 0, 0, 0, 0, 0]	nl	De nederlaag in de Slag bij Mukden en het fiasco in de Slag bij Tsushima verhoogden het risico op revolutie.
['Hij', 'speelde', 'tot', '2014', 'bij', 'de', 'New', 'York', 'Yankees', 'als', 'korte', 'stop', '.']	[0, 0, 0, 0, 0, 0, 3, 4, 4, 0, 0, 0, 0]	nl	Hij speelde tot 2014 bij de New York Yankees als korte stop.
['Louis', 'Couperus', 'was', 'een', 'van', 'de', 'eerste', 'Nederlandse', 'vertegenwoordigers', 'van', 'het', 'naturalisme', ',', 'dat', 'als', 'reactie', 'op', 'de', 'idealistische', 'romantiek', 'gold', '.']	[1, 2, 0, 0, 0, 0, 0, 7, 0, 0, 0, 0, 0, 0, 0, 0, 0, 0, 0, 0, 0, 0]	nl	Louis Couperus was een van de eerste Nederlandse vertegenwoordigers van het naturalisme, dat als reactie op de idealistische romantiek gold.
"['Dit', 'was', 'de', 'titelsong', 'van', 'haar', 'film', '""', 'Herbie', ':', 'Fully', 'Loaded', '""', '.']"	[0, 0, 0, 0, 0, 0, 0, 0, 7, 8, 8, 8, 0, 0]	nl	"Dit was de titelsong van haar film ""Herbie: Fully Loaded""."
['De', 'brieven', 'doen', 'de', 'geschiedenis', 'nogal', 'eens', 'geweld', 'aan', ',', 'maar', 'proberen', 'de', 'sfeer', 'weer', 'te', 'geven', 'van', 'de', 'periode', 'voorafgaand', 'aan', 'de', 'Peloponnesische', 'Oorlog', '.']	[0, 0, 0, 0, 0, 0, 0, 0, 0, 0, 0, 0, 0, 0, 0, 0, 0, 0, 0, 0, 0, 0, 0, 7, 8, 0]	nl	De brieven doen de geschiedenis nogal eens geweld aan, maar proberen de sfeer weer te geven van de periode voorafgaand aan de Peloponnesische Oorlog.
"['Van', 'de', '340', '""', '000', 'joden', 'die', 'zich', 'in', 'Frankrijk', 'bevonden', ',', 'zou', 'uiteindelijk', '75', '%', 'de', 'oorlog', 'overleven', '.']"	[0, 0, 0, 0, 0, 0, 0, 0, 0, 5, 0, 0, 0, 0, 0, 0, 0, 0, 0, 0]	nl	"Van de 340 ""000 joden die zich in Frankrijk bevonden, zou uiteindelijk 75% de oorlog overleven."
['Dit', 'record', 'nam', 'zij', 'over', 'van', 'Catharina', 'van', 'Dam-Groeneveld', ',', 'die', 'op', '16', 'februari', '2001', 'overleden', 'was', 'op', 'de', 'leeftijd', 'van', '113', 'jaar', 'en', '88', 'dagen', '.']	[0, 0, 0, 0, 0, 0, 1, 2, 2, 0, 0, 0, 0, 0, 0, 0, 0, 0, 0, 0, 0, 0, 0, 0, 0, 0, 0]	nl	Dit record nam zij over van Catharina van Dam-Groeneveld, die op 16 februari 2001 overleden was op de leeftijd van 113 jaar en 88 dagen.
['Doelpuntenmaker', 'was', 'onder', 'andere', 'Kevin', 'Keegan', '.']	[0, 0, 0, 0, 1, 2, 0]	nl	Doelpuntenmaker was onder andere Kevin Keegan.
['Op', 'die', 'dag', 'werd', 'met', '0', '–', '4', 'gewonnen', 'van', 'Levadiakos', '.']	[0, 0, 0, 0, 0, 0, 0, 0, 0, 0, 3, 0]	nl	Op die dag werd met 0 – 4 gewonnen van Levadiakos.
['Ze', 'veroverde', 'de', 'wereldtitel', 'met', 'een', 'ruime', 'voorsprong', 'op', 'Wang', 'Junxia', 'en', 'Gete', 'Wami', ',', 'ondanks', 'dat', 'ze', 'het', 'hele', 'seizoen', 'te', 'kampen', 'had', 'gehad', 'met', 'longontsteking', '.']	[0, 0, 0, 0, 0, 0, 0, 0, 0, 1, 2, 0, 1, 2, 0, 0, 0, 0, 0, 0, 0, 0, 0, 0, 0, 0, 0, 0]	nl	Ze veroverde de wereldtitel met een ruime voorsprong op Wang Junxia en Gete Wami, ondanks dat ze het hele seizoen te kampen had gehad met longontsteking.
['De', 'invoering', 'had', 'aanvankelijk', 'al', 'vertraging', 'opgelopen', 'waardoor', 'de', 'nieuwe', 'munteenheid', 'niet', 'direct', 'bij', 'opheffing', 'van', 'de', 'Nederlandse', 'Antillen', 'kon', 'worden', 'ingevoerd', ',', 'maar', 'pas', 'op', '1', 'januari', '2012', '.']	[0, 0, 0, 0, 0, 0, 0, 0, 0, 0, 0, 0, 0, 0, 0, 0, 0, 5, 6, 0, 0, 0, 0, 0, 0, 0, 0, 0, 0, 0]	nl	De invoering had aanvankelijk al vertraging opgelopen waardoor de nieuwe munteenheid niet direct bij opheffing van de Nederlandse Antillen kon worden ingevoerd, maar pas op 1 januari 2012.
['Tevens', 'kreeg', 'ze', 'een', 'leidende', 'rol', 'binnen', 'de', 'Sociaal-Revolutionaire', 'Partij', 'in', 'ballingschap', '.']	[0, 0, 0, 0, 0, 0, 0, 0, 3, 4, 0, 0, 0]	nl	Tevens kreeg ze een leidende rol binnen de Sociaal-Revolutionaire Partij in ballingschap.
['Amuletten', 'ter', 'bescherming', 'van', 'bijvoorbeeld', 'kinderen', 'worden', 'nog', 'altijd', 'gedrukt', 'in', 'Israël', '.']	[0, 0, 0, 0, 0, 0, 0, 0, 0, 0, 0, 5, 0]	nl	Amuletten ter bescherming van bijvoorbeeld kinderen worden nog altijd gedrukt in Israël.
['Literair-historisch', 'onderzoek', 'in', 'de', 'twintigste', 'eeuw', 'heeft', 'echter', 'overtuigend', 'aangetoond', 'dat', 'Tsangyang', 'Gyatso', 'nooit', 'de', 'auteur', 'van', 'dit', 'gedicht', 'kan', 'zijn', '.']	[0, 0, 0, 0, 0, 0, 0, 0, 0, 0, 0, 1, 2, 0, 0, 0, 0, 0, 0, 0, 0, 0]	nl	Literair-historisch onderzoek in de twintigste eeuw heeft echter overtuigend aangetoond dat Tsangyang Gyatso nooit de auteur van dit gedicht kan zijn.
['Op', 'schilderijen', 'en', 'gravures', 'uit', 'de', 'achttiende', 'eeuw', 'steekt', 'hij', 'nog', 'duidelijk', 'uit', 'boven', 'de', 'skyline', 'van', 'Boston', '.']	[0, 0, 0, 0, 0, 0, 0, 0, 0, 0, 0, 0, 0, 0, 0, 0, 0, 5, 0]	nl	Op schilderijen en gravures uit de achttiende eeuw steekt hij nog duidelijk uit boven de skyline van Boston.
['De', 'meest', 'verwoestende', 'stadsbrand', 'kan', 'ten', 'tijde', 'van', 'de', 'regering', 'van', 'keizer', 'Hadrianus', 'worden', 'gedateerd', '.']	[0, 0, 0, 0, 0, 0, 0, 0, 0, 0, 0, 0, 1, 0, 0, 0]	nl	De meest verwoestende stadsbrand kan ten tijde van de regering van keizer Hadrianus worden gedateerd.
['De', 'gehele', 'film', 'speelt', 'zich', 'af', 'in', 'een', 'BMW', 'X5', ',', 'die', 'meestal', 'op', 'een', 'rijdende', 'opligger', 'stond', 'tijdens', 'de', 'opnames', '.']	[0, 0, 0, 0, 0, 0, 0, 0, 7, 8, 0, 0, 0, 0, 0, 0, 0, 0, 0, 0, 0, 0]	nl	De gehele film speelt zich af in een BMW X5, die meestal op een rijdende opligger stond tijdens de opnames.
['Verder', 'wisten', 'zij', 'hun', 'strijdmakkers', 'eindelijk', 'te', 'wreken', ';', 'na', 'ongeveer', '7', 'jaar', 'werden', 'de', 'verloren', 'legerstandaarden', 'eindelijk', 'weer', 'teruggevoerd', 'naar', 'Nijmegen', '.']	[0, 0, 0, 0, 0, 0, 0, 0, 0, 0, 0, 0, 0, 0, 0, 0, 0, 0, 0, 0, 0, 5, 0]	nl	Verder wisten zij hun strijdmakkers eindelijk te wreken; na ongeveer 7 jaar werden de verloren legerstandaarden eindelijk weer teruggevoerd naar Nijmegen.
['In', 'Nederland', 'is', 'het', 'een', 'algemene', 'soort', 'in', 'de', 'nazomer', '.']	[0, 5, 0, 0, 0, 0, 0, 0, 0, 0, 0]	nl	In Nederland is het een algemene soort in de nazomer.
['Vijf', 'dagen', 'later', 'gaf', 'hij', 'een', 'assist', 'en', 'maakte', 'hij', 'een', 'doelpunt', 'in', 'zijn', 'tweede', 'profwedstrijd', ',', 'tegen', 'Energie', 'Cottbus', '.']	[0, 0, 0, 0, 0, 0, 0, 0, 0, 0, 0, 0, 0, 0, 0, 0, 0, 0, 3, 4, 0]	nl	Vijf dagen later gaf hij een assist en maakte hij een doelpunt in zijn tweede profwedstrijd, tegen Energie Cottbus.
"['Er', 'ontstond', 'controverse', 'rond', 'Vanilla', 'Ice', 'toen', 'hij', 'beweerde', 'geen', 'rechten', 'te', 'hebben', 'om', '""', 'Under', 'Pressure', '""', 'te', 'gebruiken', 'in', 'zijn', 'nummer', '.']"	[0, 0, 0, 0, 1, 2, 0, 0, 0, 0, 0, 0, 0, 0, 0, 7, 8, 0, 0, 0, 0, 0, 0, 0]	nl	"Er ontstond controverse rond Vanilla Ice toen hij beweerde geen rechten te hebben om ""Under Pressure"" te gebruiken in zijn nummer."
['Geen', 'van', 'de', 'grote', 'zeevarende', 'landen', ',', 'zoals', 'het', 'Verenigd', 'Koninkrijk', 'en', 'de', 'Verenigde', 'Staten', ',', 'erkende', 'echter', 'die', 'claims', '.']	[0, 0, 0, 0, 0, 0, 0, 0, 0, 5, 6, 0, 0, 5, 6, 0, 0, 0, 0, 0, 0]	nl	Geen van de grote zeevarende landen, zoals het Verenigd Koninkrijk en de Verenigde Staten, erkende echter die claims.
['Het', 'is', 'een', 'zogenaamde', 'Class', 'I', 'railroad', 'en', 'is', 'een', 'van', 'de', 'grootste', 'goederenvervoerders', 'per', 'spoor', 'in', 'Noord-Amerika', ',', 'alleen', 'de', 'Union', 'Pacific', 'Railroad', 'is', 'groter', '.']	[0, 0, 0, 0, 0, 0, 0, 0, 0, 0, 0, 0, 0, 0, 0, 0, 0, 5, 0, 0, 0, 3, 4, 4, 0, 0, 0]	nl	Het is een zogenaamde Class I railroad en is een van de grootste goederenvervoerders per spoor in Noord-Amerika, alleen de Union Pacific Railroad is groter.
['Thailand', 'is', 'sindsdien', 'een', 'constitutionele', 'monarchie', ',', 'maar', 'op', 'de', 'achtergrond', 'bleven', 'de', 'koningen', 'vaak', 'veel', 'macht', 'uitoefenen', '.']	[5, 0, 0, 0, 0, 0, 0, 0, 0, 0, 0, 0, 0, 0, 0, 0, 0, 0, 0]	nl	Thailand is sindsdien een constitutionele monarchie, maar op de achtergrond bleven de koningen vaak veel macht uitoefenen.
['Ook', 'met', 'zijn', 'landgenoot', 'Antonio', 'Cassano', 'waren', 'er', 'strubbelingen', '.']	[0, 0, 0, 0, 1, 2, 0, 0, 0, 0]	nl	Ook met zijn landgenoot Antonio Cassano waren er strubbelingen.
['De', 'hoofdstad', 'is', 'Mawlamyine', '.']	[0, 0, 0, 5, 0]	nl	De hoofdstad is Mawlamyine.
['De', 'film', 'stond', 'al', 'op', 'de', 'planning', 'toen', 'René', 'Goscinny', 'nog', 'leefde', ',', 'maar', 'veel', 'rechtszaken', 'verhinderden', 'toen', 'de', 'komst', 'van', 'de', 'film', '.']	[0, 0, 0, 0, 0, 0, 0, 0, 1, 2, 0, 0, 0, 0, 0, 0, 0, 0, 0, 0, 0, 0, 0, 0]	nl	De film stond al op de planning toen René Goscinny nog leefde, maar veel rechtszaken verhinderden toen de komst van de film.
['Nadat', 'Juventus', 'FC', 'in', 'de', 'laatste', 'week', 'voor', 'het', 'sluiten', 'van', 'de', 'transfermarkt', 'afhaakte', 'en', 'de', 'club', 'Carlos', 'Strandberg', 'haalde', 'voor', 'de', 'vertrokken', 'Seydou', 'Doumbia', 'werd', 'zijn', 'contract', 'in', 'onderling', 'overleg', 'ontbonden', '.']	[0, 3, 4, 0, 0, 0, 0, 0, 0, 0, 0, 0, 0, 0, 0, 0, 0, 1, 2, 0, 0, 0, 0, 1, 2, 0, 0, 0, 0, 0, 0, 0, 0]	nl	Nadat Juventus FC in de laatste week voor het sluiten van de transfermarkt afhaakte en de club Carlos Strandberg haalde voor de vertrokken Seydou Doumbia werd zijn contract in onderling overleg ontbonden.
['Hij', 'mocht', 'na', '87', 'minuten', 'invallen', 'voor', 'Nicolai', 'Müller', '.']	[0, 0, 0, 0, 0, 0, 0, 1, 2, 0]	nl	Hij mocht na 87 minuten invallen voor Nicolai Müller.
"['De', 'spin', '""', 'Heteropoda', 'maxima', '""', 'uit', 'Laos', 'is', 'een', 'van', 'de', 'grootste', 'spinnen', 'ter', 'wereld', '.']"	[0, 0, 0, 0, 0, 0, 0, 5, 0, 0, 0, 0, 0, 0, 0, 0, 0]	nl	"De spin ""Heteropoda maxima"" uit Laos is een van de grootste spinnen ter wereld."
['als', 'de', 'godin', ',', 'die', 'ook', 'in', 'de', 'strijd', 'de', 'stad', 'zou', 'beschermen', 'en', 'verdedigen', ',', 'op', 'de', 'Akropolis', 'van', 'Athene', 'vereerd', '.']	[0, 0, 0, 0, 0, 0, 0, 0, 0, 0, 0, 0, 0, 0, 0, 0, 0, 0, 5, 6, 6, 0, 0]	nl	als de godin, die ook in de strijd de stad zou beschermen en verdedigen, op de Akropolis van Athene vereerd.
['Allan', 'Kemakeza', 'werd', 'de', 'nieuwe', 'premier', ',', 'ondanks', 'dat', 'hij', 'kort', 'tevoren', 'op', 'verdenking', 'van', 'verduistering', 'van', 'staatsgelden', 'uit', 'het', 'ambt', 'van', 'regeringschef', 'was', 'gezet', '.']	[1, 2, 0, 0, 0, 0, 0, 0, 0, 0, 0, 0, 0, 0, 0, 0, 0, 0, 0, 0, 0, 0, 0, 0, 0, 0]	nl	Allan Kemakeza werd de nieuwe premier, ondanks dat hij kort tevoren op verdenking van verduistering van staatsgelden uit het ambt van regeringschef was gezet.
['De', 'naam', 'van', 'de', 'brug', 'verwijst', 'naar', 'de', 'Slag', 'bij', 'Waterloo', 'op', '18', 'juni', '1815', ',', 'de', 'overwinning', 'op', 'Napoleon', 'Bonaparte', '.']	[0, 0, 0, 0, 0, 0, 0, 0, 7, 8, 8, 0, 0, 0, 0, 0, 0, 0, 0, 1, 2, 0]	nl	De naam van de brug verwijst naar de Slag bij Waterloo op 18 juni 1815, de overwinning op Napoleon Bonaparte.
['Hij', 'trainde', 'ook', 'andere', 'eersteklassers', 'zoals', 'Granada', 'CF', 'en', 'Celta', 'de', 'Vigo', '.']	[0, 0, 0, 0, 0, 0, 3, 4, 0, 3, 4, 4, 0]	nl	Hij trainde ook andere eersteklassers zoals Granada CF en Celta de Vigo.
['Jeff', 'Porcaro', 'is', 'in', '1992', 'overleden', '.']	[1, 2, 0, 0, 0, 0, 0]	nl	Jeff Porcaro is in 1992 overleden.
['Brazilië', 'heeft', 'nooit', 'een', 'investeringsverdrag', 'met', 'arbitragehoven', 'geratificeerd', '.']	[5, 0, 0, 0, 0, 0, 0, 0, 0]	nl	Brazilië heeft nooit een investeringsverdrag met arbitragehoven geratificeerd.
['De', 'grootste', 'stuwdam', 'van', 'de', 'staat', ',', 'en', 'een', 'van', 'de', 'grootste', 'ter', 'wereld', ',', 'is', 'de', 'Itaipudam', '.']	[0, 0, 0, 0, 0, 0, 0, 0, 0, 0, 0, 0, 0, 0, 0, 0, 0, 5, 0]	nl	De grootste stuwdam van de staat, en een van de grootste ter wereld, is de Itaipudam.
['Na', 'de', 'Eerste', 'Wereldoorlog', 'trad', 'hij', 'op', 'de', 'voorgrond', 'als', 'pleitbezorger', 'van', 'een', 'volkenrechtelijke', 'organisatie', '.']	[0, 0, 7, 8, 0, 0, 0, 0, 0, 0, 0, 0, 0, 0, 0, 0]	nl	Na de Eerste Wereldoorlog trad hij op de voorgrond als pleitbezorger van een volkenrechtelijke organisatie.
['Chr.', ')', 'in', 'het', 'hellenistische', 'Alexandrië', 'actief', '.']	[0, 0, 0, 0, 0, 5, 0, 0]	nl	Chr.) in het hellenistische Alexandrië actief.
['Inzicht', 'in', 'dit', 'mechanisme', 'was', 'een', 'fel', 'begeerd', 'doel', 'sinds', 'Fritz', 'Haber', 'dit', 'technische', 'en', 'economische', 'belangwekkende', 'proces', 'in', '1905', 'ontdekte', '.']	[0, 0, 0, 0, 0, 0, 0, 0, 0, 0, 1, 2, 0, 0, 0, 0, 0, 0, 0, 0, 0, 0]	nl	Inzicht in dit mechanisme was een fel begeerd doel sinds Fritz Haber dit technische en economische belangwekkende proces in 1905 ontdekte.
['Na', 'de', 'Slag', 'bij', 'Waterloo', ',', 'wordt', 'Lodewijk', 'XVIII', 'van', 'Frankrijk', 'op', 'de', 'troon', 'geïnstalleerd', '.']	[0, 0, 7, 8, 8, 0, 0, 1, 2, 2, 2, 0, 0, 0, 0, 0]	nl	Na de Slag bij Waterloo, wordt Lodewijk XVIII van Frankrijk op de troon geïnstalleerd.
"['De', 'soort', 'werd', 'door', 'de', 'auteur', 'ervan', ',', 'Francis', 'Walker', ',', 'in', 'het', 'geslacht', '""', 'Macrosila', '""', 'geplaatst', '.']"	[0, 0, 0, 0, 0, 0, 0, 0, 1, 2, 0, 0, 0, 0, 0, 7, 0, 0, 0]	nl	"De soort werd door de auteur ervan, Francis Walker, in het geslacht ""Macrosila"" geplaatst."
['Hij', 'verschilde', 'van', 'mening', 'met', 'Mahatma', 'Gandhi', ',', 'die', 'hem', 'als', 'een', 'mentor', 'beschouwde', ',', 'over', 'hoe', 'onafhankelijkheid', 'bewerkstelligd', 'kon', 'worden', '.']	[0, 0, 0, 0, 0, 1, 2, 0, 0, 0, 0, 0, 0, 0, 0, 0, 0, 0, 0, 0, 0, 0]	nl	Hij verschilde van mening met Mahatma Gandhi, die hem als een mentor beschouwde, over hoe onafhankelijkheid bewerkstelligd kon worden.
['Een', 'jaar', 'later', 'werd', 'hij', 'in', 'Heerlen', 'wereldkampioen', 'wielrennen', 'op', 'de', 'weg', ',', 'zijn', 'eerste', 'van', 'drie', 'wereldtitels', '.']	[0, 0, 0, 0, 0, 0, 5, 0, 0, 0, 0, 0, 0, 0, 0, 0, 0, 0, 0]	nl	Een jaar later werd hij in Heerlen wereldkampioen wielrennen op de weg, zijn eerste van drie wereldtitels.
['Zijn', 'werk', 'heeft', 'andere', 'regisseurs', 'als', 'Jacques', 'Rivette', 'en', 'William', 'Friedkin', 'beïnvloed', '.']	[0, 0, 0, 0, 0, 0, 1, 2, 0, 1, 2, 0, 0]	nl	Zijn werk heeft andere regisseurs als Jacques Rivette en William Friedkin beïnvloed.
['Hetzelfde', 'geldt', 'voor', 'bijvoorbeeld', 'de', 'gemeente', 'Amsterdam', 'en', 'de', 'organisator', 'van', 'de', 'Amsterdam', 'Gay', 'Pride', '.']	[0, 0, 0, 0, 0, 0, 5, 0, 0, 0, 0, 0, 7, 8, 8, 0]	nl	Hetzelfde geldt voor bijvoorbeeld de gemeente Amsterdam en de organisator van de Amsterdam Gay Pride.
['Hij', 'viel', 'drie', 'minuten', 'voor', 'tijd', 'in', 'voor', 'José', 'Antonio', 'Reyes', '.']	[0, 0, 0, 0, 0, 0, 0, 0, 1, 2, 2, 0]	nl	Hij viel drie minuten voor tijd in voor José Antonio Reyes.
['Hij', 'speelde', 'eveneens', 'in', 'Duitsland', 'en', 'Noorwegen', '.']	[0, 0, 0, 0, 5, 0, 5, 0]	nl	Hij speelde eveneens in Duitsland en Noorwegen.
['Daar', 'behaalde', 'hij', 'met', 'zijn', 'teamgenoten', 'Mark', 'Ormrod', ',', 'Patrick', 'Dwyer', 'en', 'Clinton', 'Hill', 'een', 'zilveren', 'medaille', 'op', 'de', '4', 'x', '400', 'm', '.']	[0, 0, 0, 0, 0, 0, 1, 2, 0, 1, 2, 0, 1, 2, 0, 0, 0, 0, 0, 0, 0, 0, 0, 0]	nl	Daar behaalde hij met zijn teamgenoten Mark Ormrod, Patrick Dwyer en Clinton Hill een zilveren medaille op de 4 x 400 m.
['Uit', 'dit', 'hof', 'zou', 'later', 'het', 'dorp', 'Kloosterzande', 'ontstaan', '.']	[0, 0, 0, 0, 0, 0, 0, 5, 0, 0]	nl	Uit dit hof zou later het dorp Kloosterzande ontstaan.
['Het', 'gebied', 'is', 'over', 'de', 'weg', 'enkel', 'bereikbaar', 'via', 'Tennessee', '.']	[0, 0, 0, 0, 0, 0, 0, 0, 0, 5, 0]	nl	Het gebied is over de weg enkel bereikbaar via Tennessee.
['Chr.', 'door', 'koning', 'Menes', '.']	[0, 0, 0, 1, 0]	nl	Chr. door koning Menes.
['Dit', 'was', 'de', 'tweede', 'keer', 'dat', 'deze', 'prijzen', 'buiten', 'Londen', 'werden', 'uitgereikt', '.']	[0, 0, 0, 0, 0, 0, 0, 0, 0, 5, 0, 0, 0]	nl	Dit was de tweede keer dat deze prijzen buiten Londen werden uitgereikt.
['Tussen', '2010', 'en', '2012', 'kwam', 'hij', 'uit', 'voor', 'Vicenza', 'Calcio', '.']	[0, 0, 0, 0, 0, 0, 0, 0, 3, 4, 0]	nl	Tussen 2010 en 2012 kwam hij uit voor Vicenza Calcio.
"['Op', 'de', 'verder', 'gelegen', 'Nightingale-eilanden', 'zette', 'de', 'soortvorming', 'wel', 'door', 'en', 'daar', 'onderscheidt', 'men', 'nu', 'twee', 'soorten', ':', 'de', 'nightingalegors', '""', 'Nesospiza', 'questi', '""', 'en', 'Wilkins', 'gors', '""', 'Nesospiza', 'wilkinsi', '""', '.']"	[0, 0, 0, 0, 5, 0, 0, 0, 0, 0, 0, 0, 0, 0, 0, 0, 0, 0, 0, 0, 0, 0, 0, 0, 0, 7, 0, 0, 0, 0, 0, 0]	nl	"Op de verder gelegen Nightingale-eilanden zette de soortvorming wel door en daar onderscheidt men nu twee soorten: de nightingalegors ""Nesospiza questi"" en Wilkins gors ""Nesospiza wilkinsi""."
['De', 'opvolger', ',', 'de', 'Pentium', 'II', ',', 'presteerde', 'vervolgens', 'beter', 'dan', 'de', 'K6', '.']	[0, 0, 0, 0, 7, 8, 0, 0, 0, 0, 0, 0, 7, 0]	nl	De opvolger, de Pentium II, presteerde vervolgens beter dan de K6.
['Hij', 'geldt', 'voor', 'velen', 'als', 'een', 'van', 'de', 'begaafdste', 'cellisten', 'van', 'na', 'de', 'Tweede', 'Wereldoorlog', 'en', 'speelde', 'ook', 'een', 'belangrijke', 'rol', 'in', 'de', 'oppositie', 'tegen', 'de', 'Sovjetdictatuur', '.']	[0, 0, 0, 0, 0, 0, 0, 0, 0, 0, 0, 0, 0, 7, 8, 0, 0, 0, 0, 0, 0, 0, 0, 0, 0, 0, 0, 0]	nl	Hij geldt voor velen als een van de begaafdste cellisten van na de Tweede Wereldoorlog en speelde ook een belangrijke rol in de oppositie tegen de Sovjetdictatuur.
['Hijzelf', 'werd', 'in', '2002', 'opgenomen', 'in', 'de', 'jeugdopleiding', 'van', 'NK', 'Zagreb', ',', 'die', 'hij', 'in', '2005', 'verruilde', 'voor', 'die', 'van', 'GNK', 'Dinamo', 'Zagreb', '.']	[0, 0, 0, 0, 0, 0, 0, 0, 0, 3, 4, 0, 0, 0, 0, 0, 0, 0, 0, 0, 3, 4, 4, 0]	nl	Hijzelf werd in 2002 opgenomen in de jeugdopleiding van NK Zagreb, die hij in 2005 verruilde voor die van GNK Dinamo Zagreb.
['Op', '26', 'december', 'was', 'de', 'afdaling', 'van', 'de', 'gletsjer', 'voltooid', 'en', 'konden', 'ze', 'verder', 'over', 'het', 'Antarctisch', 'Plateau', '.']	[0, 0, 0, 0, 0, 0, 0, 0, 0, 0, 0, 0, 0, 0, 0, 0, 5, 6, 0]	nl	Op 26 december was de afdaling van de gletsjer voltooid en konden ze verder over het Antarctisch Plateau.
['Hij', 'verving', 'daar', 'David', 'Elm', ',', 'die', 'naar', 'Kalmar', 'FF', 'was', 'vertrokken', '.']	[0, 0, 0, 1, 2, 0, 0, 0, 3, 4, 0, 0, 0]	nl	Hij verving daar David Elm, die naar Kalmar FF was vertrokken.
['Het', 'hemelobject', 'werd', 'op', '14', 'november', '1835', 'ontdekt', 'door', 'de', 'Britse', 'astronoom', 'John', 'Herschel', '.']	[0, 0, 0, 0, 0, 0, 0, 0, 0, 0, 0, 0, 1, 2, 0]	nl	Het hemelobject werd op 14 november 1835 ontdekt door de Britse astronoom John Herschel.
"['In', 'het', 'stadje', 'Goor', 'wordt', 'op', 'oudejaarsmiddag', ""'"", 'gefoekepot', ""'"", '.']"	[0, 0, 0, 5, 0, 0, 0, 0, 0, 0, 0]	nl	In het stadje Goor wordt op oudejaarsmiddag 'gefoekepot'.
['In', '1935', 'publiceerde', 'Hideki', 'Yukawa', 'zijn', 'theorie', 'over', 'de', 'sterke', 'kernkracht', 'die', 'de', 'nucleonen', 'in', 'de', 'kern', 'bij', 'elkaar', 'houdt', '.']	[0, 0, 0, 1, 2, 0, 0, 0, 0, 0, 0, 0, 0, 0, 0, 0, 0, 0, 0, 0, 0]	nl	In 1935 publiceerde Hideki Yukawa zijn theorie over de sterke kernkracht die de nucleonen in de kern bij elkaar houdt.
['Tijdens', 'de', 'Olympische', 'Zomerspelen', '2012', 'werden', 'hier', 'badminton', 'en', 'ritmische', 'gymnastiek', 'gehouden', '.']	[0, 0, 7, 8, 8, 0, 0, 0, 0, 0, 0, 0, 0]	nl	Tijdens de Olympische Zomerspelen 2012 werden hier badminton en ritmische gymnastiek gehouden.
['Na', 'een', 'relatief', 'vlak', 'begin', 'slingert', 'het', 'parcours', 'zich', 'door', 'de', 'Vlaamse', 'Ardennen', 'richting', 'de', 'finish', '.']	[0, 0, 0, 0, 0, 0, 0, 0, 0, 0, 0, 5, 6, 0, 0, 0, 0]	nl	Na een relatief vlak begin slingert het parcours zich door de Vlaamse Ardennen richting de finish.
['Hij', 'maakte', 'zijn', 'Bundesliga', 'debuut', 'op', '13', 'augustus', '2006', 'tegen', 'Werder', 'Bremen', '.']	[0, 0, 0, 7, 0, 0, 0, 0, 0, 0, 3, 4, 0]	nl	Hij maakte zijn Bundesliga debuut op 13 augustus 2006 tegen Werder Bremen.
['Het', 'kwartier', 'had', 'in', 'Nijmegen', 'ook', 'een', 'eigen', 'universiteit', '.']	[0, 0, 0, 0, 5, 0, 0, 0, 0, 0]	nl	Het kwartier had in Nijmegen ook een eigen universiteit.
['Zoals', 'gezegd', 'was', 'Roemenië', 'de', 'basis', ',', 'maar', 'daarnaast', 'was', 'Roemenië', 'ook', 'goed', 'voor', 'de', 'levering', 'van', '800.000', 'troepen', '.']	[0, 0, 0, 5, 0, 0, 0, 0, 0, 0, 5, 0, 0, 0, 0, 0, 0, 0, 0, 0]	nl	Zoals gezegd was Roemenië de basis, maar daarnaast was Roemenië ook goed voor de levering van 800.000 troepen.
['Hij', 'stimuleerde', 'schrijvers', 'als', 'Robert', 'Frost', ',', 'William', 'Carlos', 'Williams', ',', 'Marianne', 'Moore', ',', 'H.D.', ',', 'Ernest', 'Hemingway', 'en', 'Wyndham', 'Lewis', 'door', 'ze', 'daadwerkelijk', 'in', 'hun', 'carrière', 'te', 'helpen', '.']	[0, 0, 0, 0, 1, 2, 0, 1, 2, 2, 0, 1, 2, 0, 1, 0, 1, 2, 0, 1, 2, 0, 0, 0, 0, 0, 0, 0, 0, 0]	nl	Hij stimuleerde schrijvers als Robert Frost, William Carlos Williams, Marianne Moore, H.D., Ernest Hemingway en Wyndham Lewis door ze daadwerkelijk in hun carrière te helpen.
['Zij', 'was', 'de', 'Amerikaanse', 'ambassadeur', 'in', 'Japan', 'van', '2013', 'tot', '2017', '.']	[0, 0, 0, 7, 0, 0, 5, 0, 0, 0, 0, 0]	nl	Zij was de Amerikaanse ambassadeur in Japan van 2013 tot 2017.
['De', 'Autoriteit', 'Persoonsgegevens', 'gaf', 'een', 'negatief', 'advies', ':', 'de', 'noodzaak', 'van', 'de', 'inbreuk', 'op', 'de', 'persoonlijke', 'levenssfeer', 'van', 'alle', 'automobilisten', 'is', 'niet', 'subsidiair', 'en', 'niet', 'proportioneel', '.']	[0, 3, 4, 0, 0, 0, 0, 0, 0, 0, 0, 0, 0, 0, 0, 0, 0, 0, 0, 0, 0, 0, 0, 0, 0, 0, 0]	nl	De Autoriteit Persoonsgegevens gaf een negatief advies: de noodzaak van de inbreuk op de persoonlijke levenssfeer van alle automobilisten is niet subsidiair en niet proportioneel.
['Omdat', 'hij', 'nog', 'niet', 'ouder', 'dan', 'zestien', 'jaar', 'was', 'kon', 'Feyenoord', 'niet', 'meer', 'dan', 'een', 'vastgestelde', 'opleidingsvergoeding', 'voor', 'de', 'transfer', 'vragen', '.']	[0, 0, 0, 0, 0, 0, 0, 0, 0, 0, 3, 0, 0, 0, 0, 0, 0, 0, 0, 0, 0, 0]	nl	Omdat hij nog niet ouder dan zestien jaar was kon Feyenoord niet meer dan een vastgestelde opleidingsvergoeding voor de transfer vragen.
['Frontex', 'houdt', 'zich', 'bezig', 'met', 'de', 'buitengrens', '.']	[3, 0, 0, 0, 0, 0, 0, 0]	nl	Frontex houdt zich bezig met de buitengrens.
['In', '1941', 'was', 'hij', 'voor', 'het', 'eerst', 'officieel', 'Sinterklaas', ',', 'in', 'Nijmegen', '.']	[0, 0, 0, 0, 0, 0, 0, 0, 7, 0, 0, 5, 0]	nl	In 1941 was hij voor het eerst officieel Sinterklaas, in Nijmegen.
['27', 'eindigde', 'ze', 'achter', 'de', 'Franse', 'Christelle', 'Daunay', '(', 'goud', ';', '2:25', '.']	[0, 0, 0, 0, 0, 7, 1, 2, 0, 0, 0, 0, 0]	nl	27 eindigde ze achter de Franse Christelle Daunay (goud; 2:25.
['Als', 'gouverneur', 'van', 'New', 'Mexico', 'bracht', 'hij', 'de', 'begroting', 'in', 'evenwicht', ',', 'onder', 'andere', 'door', 'veelvuldig', 'gebruik', 'te', 'maken', 'van', 'zijn', 'vetorecht', '.']	[0, 0, 0, 5, 6, 0, 0, 0, 0, 0, 0, 0, 0, 0, 0, 0, 0, 0, 0, 0, 0, 0, 0]	nl	Als gouverneur van New Mexico bracht hij de begroting in evenwicht, onder andere door veelvuldig gebruik te maken van zijn vetorecht.
['76,5', '%', 'van', 'de', 'bevolking', 'behoort', 'tot', 'de', 'Sebastopol', '.']	[0, 0, 0, 0, 0, 0, 0, 0, 5, 0]	nl	76,5% van de bevolking behoort tot de Sebastopol.
['Verrassend', 'gingen', 'de', 'medailles', 'naar', 'spelers', 'uit', 'de', 'Verenigde', 'Staten', 'en', 'het', 'Verenigd', 'Koninkrijk', '.']	[0, 0, 0, 0, 0, 0, 0, 0, 5, 6, 0, 0, 5, 6, 0]	nl	Verrassend gingen de medailles naar spelers uit de Verenigde Staten en het Verenigd Koninkrijk.
['Chr.', 'na', 'de', 'dood', 'van', 'Alexander', 'de', 'Grote', '.']	[0, 0, 0, 0, 0, 1, 2, 2, 0]	nl	Chr. na de dood van Alexander de Grote.
['Hij', 'werd', 'in', '1814', 'verbannen', 'naar', 'Elba', ',', 'maar', 'al', 'snel', 'ontsnapte', 'hij', 'van', 'het', 'eiland', '.']	[0, 0, 0, 0, 0, 0, 5, 0, 0, 0, 0, 0, 0, 0, 0, 0, 0]	nl	Hij werd in 1814 verbannen naar Elba, maar al snel ontsnapte hij van het eiland.
['Begin', '2016', 'werd', 'bekendgemaakt', 'dat', 'er', 'een', 'nieuw', 'VRT-omroepgebouw', 'komt', 'op', 'dezelfde', 'locatie', 'in', 'Schaarbeek', '.']	[0, 0, 0, 0, 0, 0, 0, 0, 0, 0, 0, 0, 0, 0, 5, 0]	nl	Begin 2016 werd bekendgemaakt dat er een nieuw VRT-omroepgebouw komt op dezelfde locatie in Schaarbeek.
['Op', '20', 'mei', '2012', 'maakte', 'hij', 'zijn', 'eerste', 'doelpunt', ',', 'tegen', 'IFK', 'Norrköping', '.']	[0, 0, 0, 0, 0, 0, 0, 0, 0, 0, 0, 3, 4, 0]	nl	Op 20 mei 2012 maakte hij zijn eerste doelpunt, tegen IFK Norrköping.
"['Ten', 'zuiden', 'van', 'de', 'Hoorn', 'van', 'Afrika', 'wordt', 'deze', 'ondersoort', 'vervangen', 'door', '""', 'Felis', 'silvestris', 'cafra', '""', '.']"	[0, 0, 0, 0, 5, 6, 6, 0, 0, 0, 0, 0, 0, 0, 0, 0, 0, 0]	nl	"Ten zuiden van de Hoorn van Afrika wordt deze ondersoort vervangen door ""Felis silvestris cafra""."
['Samen', 'met', 'Sun', 'Ye', ',', 'Lu', 'Ying', 'en', 'Tang', 'Yi', 'eindigde', 'ze', 'als', 'vierde', 'op', 'de', '4x100', 'meter', 'wisselslag', '.']	[0, 0, 1, 2, 0, 1, 2, 0, 1, 2, 0, 0, 0, 0, 0, 0, 0, 0, 0, 0]	nl	Samen met Sun Ye, Lu Ying en Tang Yi eindigde ze als vierde op de 4x100 meter wisselslag.
['De', 'soortaanduiding', 'eert', 'paleontoloog', 'John', 'Ostrom', 'die', 'onder', 'andere', 'veel', 'werk', 'heeft', 'verricht', 'op', 'het', 'gebied', 'van', 'het', 'pterosauriëronderzoek', '.']	[0, 0, 0, 0, 1, 2, 0, 0, 0, 0, 0, 0, 0, 0, 0, 0, 0, 0, 0, 0]	nl	De soortaanduiding eert paleontoloog John Ostrom die onder andere veel werk heeft verricht op het gebied van het pterosauriëronderzoek.
['Onder', 'meer', 'acteur', 'Woody', 'Allen', ',', 'schrijver', 'Jack', 'Kerouac', ',', 'de', 'latere', 'miljardair', 'Donald', 'Trump', 'en', 'actrice', 'Marilyn', 'Monroe', 'worden', 'in', 'de', 'serie', 'opgevoerd', 'als', 'karakters', '.']	[0, 0, 0, 1, 2, 0, 0, 1, 2, 0, 0, 0, 0, 1, 2, 0, 0, 1, 2, 0, 0, 0, 0, 0, 0, 0, 0]	nl	Onder meer acteur Woody Allen, schrijver Jack Kerouac, de latere miljardair Donald Trump en actrice Marilyn Monroe worden in de serie opgevoerd als karakters.
['Vooral', 'met', 'Mateja', 'Kežman', 'was', 'hij', 'een', 'succesvolle', 'combinatie', '.']	[0, 0, 1, 2, 0, 0, 0, 0, 0, 0]	nl	Vooral met Mateja Kežman was hij een succesvolle combinatie.
['Hij', 'was', 'niet', 'verwant', 'met', 'de', '19de', '-', 'eeuwse', 'pianist-componist', 'Anton', 'Rubinstein', '.']	[0, 0, 0, 0, 0, 0, 0, 0, 0, 0, 1, 2, 0]	nl	Hij was niet verwant met de 19de - eeuwse pianist-componist Anton Rubinstein.
['Veel', 'van', 'het', 'verkeer', 'naar', 'Syrië', 'gaat', 'tegenwoordig', 'via', 'de', 'haven', 'van', 'Beiroet', '.']	[0, 0, 0, 0, 0, 5, 0, 0, 0, 0, 0, 0, 5, 0]	nl	Veel van het verkeer naar Syrië gaat tegenwoordig via de haven van Beiroet.
['Hoewel', 'plaatbewegingen', 'in', 'de', 'toekomst', 'moeilijk', 'te', 'voorspellen', 'zijn', ',', 'zal', 'de', 'Middellandse', 'Zee', 'zich', 'waarschijnlijk', 'sluiten', '.']	[0, 0, 0, 0, 0, 0, 0, 0, 0, 0, 0, 0, 5, 6, 0, 0, 0, 0]	nl	Hoewel plaatbewegingen in de toekomst moeilijk te voorspellen zijn, zal de Middellandse Zee zich waarschijnlijk sluiten.
['Deze', 'laatste', 'twee', 'waren', 'dus', 'officieel', 'geen', 'afhankelijke', 'gebieden', 'van', 'Nederland', ',', 'maar', 'werden', 'vaak', 'toch', 'als', 'zodanig', 'gezien', '.']	[0, 0, 0, 0, 0, 0, 0, 0, 0, 0, 5, 0, 0, 0, 0, 0, 0, 0, 0, 0]	nl	Deze laatste twee waren dus officieel geen afhankelijke gebieden van Nederland, maar werden vaak toch als zodanig gezien.
['Het', 'is', 'een', 'verfilming', 'van', 'vijf', 'novellen', 'van', 'Luigi', 'Pirandello', 'uit', 'de', '19e', 'eeuw', ',', 'die', 'spelen', 'op', 'Sicilië', '.']	[0, 0, 0, 0, 0, 0, 0, 0, 1, 2, 0, 0, 0, 0, 0, 0, 0, 0, 5, 0]	nl	Het is een verfilming van vijf novellen van Luigi Pirandello uit de 19e eeuw, die spelen op Sicilië.
['De', 'vader', 'was', 'regisseur', 'Guy', 'Ritchie', '.']	[0, 0, 0, 0, 1, 2, 0]	nl	De vader was regisseur Guy Ritchie.
['-', 'collega', 'Andrew', 'Ridgeley', 'dat', 'hij', 'op', 'mannen', 'viel', '.']	[0, 0, 1, 2, 0, 0, 0, 0, 0, 0]	nl	- collega Andrew Ridgeley dat hij op mannen viel.
['Zijn', 'vader', 'was', 'de', 'singer-songwriter', 'Tim', 'Buckley', ',', 'die', 'een', 'aantal', 'folk', '-', 'en', 'jazzalbums', 'uitgebracht', 'heeft', 'aan', 'het', 'eind', 'van', 'de', 'jaren', 'zestig', ',', 'begin', 'van', 'de', 'jaren', 'zeventig', '.']	[0, 0, 0, 0, 0, 1, 2, 0, 0, 0, 0, 0, 0, 0, 0, 0, 0, 0, 0, 0, 0, 0, 0, 0, 0, 0, 0, 0, 0, 0, 0]	nl	Zijn vader was de singer-songwriter Tim Buckley, die een aantal folk - en jazzalbums uitgebracht heeft aan het eind van de jaren zestig, begin van de jaren zeventig.
['Daarop', 'vertrok', 'hij', 'naar', 'York', 'City', 'FC', ',', 'waar', 'hij', 'twee', 'wedstrijden', 'uitkwam', 'in', 'de', 'hoofdmacht', '.']	[0, 0, 0, 0, 3, 4, 4, 0, 0, 0, 0, 0, 0, 0, 0, 0, 0]	nl	Daarop vertrok hij naar York City FC, waar hij twee wedstrijden uitkwam in de hoofdmacht.
['In', '1946', 'speelde', 'ze', 'de', 'hoofdrol', 'in', 'de', 'musical', 'Annie', 'get', 'your', 'gun', '.']	[0, 0, 0, 0, 0, 0, 0, 0, 0, 7, 8, 8, 8, 0]	nl	In 1946 speelde ze de hoofdrol in de musical Annie get your gun.
['Hij', 'tekende', 'op', 'die', 'zomer', 'een', 'eenjarig', 'contract', 'bij', 'Almere', 'City', 'FC', '.']	[0, 0, 0, 0, 0, 0, 0, 0, 0, 3, 4, 4, 0]	nl	Hij tekende op die zomer een eenjarig contract bij Almere City FC.
['Hij', 'verruilde', 'in', '2011', 'Krylja', 'Sovetov', 'Samara', 'voor', 'FK', 'Rostov', '.']	[0, 0, 0, 0, 3, 4, 4, 0, 3, 4, 0]	nl	Hij verruilde in 2011 Krylja Sovetov Samara voor FK Rostov.
['Zijn', 'huidige', 'club', 'is', 'FK', 'Vardar', 'Skopje', 'waar', 'hij', 'speelt', 'sinds', '2015', '.']	[0, 0, 0, 0, 3, 4, 4, 0, 0, 0, 0, 0, 0]	nl	Zijn huidige club is FK Vardar Skopje waar hij speelt sinds 2015.
['Soms', 'wordt', 'beweerd', 'dat', 'dit', 'werk', 'moest', 'dienen', 'om', 'de', 'bestraffing', 'van', 'corrupte', 'schepenen', 'van', 'de', 'stad', 'Brugge', 'te', 'illustreren', '.']	[0, 0, 0, 0, 0, 0, 0, 0, 0, 0, 0, 0, 0, 0, 0, 0, 0, 5, 0, 0, 0]	nl	Soms wordt beweerd dat dit werk moest dienen om de bestraffing van corrupte schepenen van de stad Brugge te illustreren.
['In', '2010', 'keerde', 'hij', 'terug', 'naar', 'zijn', 'ex-club', 'US', 'Lecce', 'waar', 'hij', 'in', 'veertien', 'wedstrijden', 'twee', 'keer', 'scoorde', '.']	[0, 0, 0, 0, 0, 0, 0, 0, 3, 4, 0, 0, 0, 0, 0, 0, 0, 0, 0]	nl	In 2010 keerde hij terug naar zijn ex-club US Lecce waar hij in veertien wedstrijden twee keer scoorde.
['RTK', 'is', 'een', 'speciale', 'vorm', 'van', 'DGPS', '.']	[0, 0, 0, 0, 0, 0, 7, 0]	nl	RTK is een speciale vorm van DGPS.
['In', 'juli', '2004', 'zijn', ',', 'op', 'verzoek', 'van', 'de', 'luchthaven', 'en', 'de', 'gemeente', 'Rotterdam', ',', 'de', 'openingstijden', 'verruimd', 'met', 'een', 'uur', '.']	[0, 0, 0, 0, 0, 0, 0, 0, 0, 0, 0, 0, 0, 5, 0, 0, 0, 0, 0, 0, 0, 0]	nl	In juli 2004 zijn, op verzoek van de luchthaven en de gemeente Rotterdam, de openingstijden verruimd met een uur.
['Hierop', 'werd', 'David', 'Shire', 'benaderd', 'om', 'de', 'filmmuziek', 'te', 'componeren', '.']	[0, 0, 1, 2, 0, 0, 0, 0, 0, 0, 0]	nl	Hierop werd David Shire benaderd om de filmmuziek te componeren.
['Hij', 'was', 'er', 'titularis', 'en', 'werd', 'hierdoor', 'jeugdinternational', 'van', 'Mali', '.']	[0, 0, 0, 0, 0, 0, 0, 0, 0, 5, 0]	nl	Hij was er titularis en werd hierdoor jeugdinternational van Mali.
['Hij', 'voelde', 'zich', 'aangesproken', 'door', 'het', 'geweldloos', 'verzet', 'dat', 'Mahatma', 'Gandhi', 'gebruikte', 'in', 'zijn', 'strijd', 'voor', 'onafhankelijk', 'en', 'werd', 'actief', 'in', 'de', 'onafhankelijkheidsbeweging', '.']	[0, 0, 0, 0, 0, 0, 0, 0, 0, 1, 2, 0, 0, 0, 0, 0, 0, 0, 0, 0, 0, 0, 0, 0]	nl	Hij voelde zich aangesproken door het geweldloos verzet dat Mahatma Gandhi gebruikte in zijn strijd voor onafhankelijk en werd actief in de onafhankelijkheidsbeweging.
['Het', 'werd', 'onder', 'meer', 'gecoverd', 'door', 'Leif', 'Garrett', 'in', '1977', '.']	[0, 0, 0, 0, 0, 0, 1, 2, 0, 0, 0]	nl	Het werd onder meer gecoverd door Leif Garrett in 1977.
['De', 'concurrentie', 'in', 'de', 'aanval', 'was', 'immers', 'groot', 'met', 'toppers', 'als', 'Marc', 'Degryse', ',', 'Luc', 'Nilis', ',', 'Arnór', 'Guðjohnsen', 'en', 'Luis', 'Oliveira', '.']	[0, 0, 0, 0, 0, 0, 0, 0, 0, 0, 0, 1, 2, 0, 1, 2, 0, 1, 2, 0, 1, 2, 0]	nl	De concurrentie in de aanval was immers groot met toppers als Marc Degryse, Luc Nilis, Arnór Guðjohnsen en Luis Oliveira.
['Dit', 'komt', 'doordat', 'de', 'grotten', 'lang', 'verborgen', 'zijn', 'gebleven', 'en', 'zo', 'vernietigingen', ',', 'die', 'hoofdzakelijk', 'zijn', 'gebeurd', 'tijdens', 'de', 'overheersing', 'van', 'India', 'door', 'de', 'islam', ',', 'hebben', 'kunnen', 'ontgaan', '.']	[0, 0, 0, 0, 0, 0, 0, 0, 0, 0, 0, 0, 0, 0, 0, 0, 0, 0, 0, 0, 0, 5, 0, 0, 0, 0, 0, 0, 0, 0]	nl	Dit komt doordat de grotten lang verborgen zijn gebleven en zo vernietigingen, die hoofdzakelijk zijn gebeurd tijdens de overheersing van India door de islam, hebben kunnen ontgaan.
['Het', 'station', 'De', 'Pinte', 'werd', 'geopend', '.']	[0, 5, 6, 6, 0, 0, 0]	nl	Het station De Pinte werd geopend.
['Terwijl', 'de', 'onderdanige', 'herbergier', 'hen', 'van', 'zijn', 'beste', 'middagmaal', 'voorziet', ',', 'verzamelen', 'de', 'stedelingen', 'zich', 'om', 'de', 'aankomst', 'van', 'de', 'koets', 'van', 'Arras', '.']	[0, 0, 0, 0, 0, 0, 0, 0, 0, 0, 0, 0, 0, 0, 0, 0, 0, 0, 0, 0, 0, 0, 5, 0]	nl	Terwijl de onderdanige herbergier hen van zijn beste middagmaal voorziet, verzamelen de stedelingen zich om de aankomst van de koets van Arras.
['Voetbalclub', 'KS', 'Tërbuni', 'Pukë', 'komt', 'uit', 'in', 'de', 'Kategoria', 'e', 'Parë', ',', 'Albaniës', 'tweede', 'klasse', '.']	[0, 3, 4, 4, 0, 0, 0, 0, 3, 4, 4, 0, 5, 0, 0, 0]	nl	Voetbalclub KS Tërbuni Pukë komt uit in de Kategoria e Parë, Albaniës tweede klasse.
['Deze', 'soort', 'komt', 'voor', 'in', 'westelijk', 'Bolivia', 'en', 'noordwestelijk', 'Argentinië', '.']	[0, 0, 0, 0, 0, 0, 5, 0, 0, 5, 0]	nl	Deze soort komt voor in westelijk Bolivia en noordwestelijk Argentinië.
['Daarin', 'leidde', 'hij', 'een', 'team', 'dat', 'het', 'opnam', 'tegen', 'een', 'ploeg', 'van', 'Urijah', 'Faber', '.']	[0, 0, 0, 0, 0, 0, 0, 0, 0, 0, 0, 0, 1, 2, 0]	nl	Daarin leidde hij een team dat het opnam tegen een ploeg van Urijah Faber.
['Op', 'de', 'baan', 'won', 'ze', 'de', 'wereldbekers', 'van', 'Sydney', 'en', 'Manchester', 'in', 'de', 'scratch', '.']	[0, 0, 0, 0, 0, 0, 0, 0, 5, 0, 5, 0, 0, 0, 0]	nl	Op de baan won ze de wereldbekers van Sydney en Manchester in de scratch.
"['100', '""', 'km', 'ten', 'zuidoosten', 'van', 'Kaapstad', '.']"	[0, 0, 0, 0, 0, 0, 5, 0]	nl	"100 ""km ten zuidoosten van Kaapstad."
['In', 'juli', '1975', 'leverde', 'Mario', 'Puzo', 'het', 'eerste', 'scenario', 'af', 'voor', 'beide', 'films', '.']	[0, 0, 0, 0, 1, 2, 0, 0, 0, 0, 0, 0, 0, 0]	nl	In juli 1975 leverde Mario Puzo het eerste scenario af voor beide films.
['Hij', 'was', 'hier', 'de', 'vaste', 'stand-in', 'voor', 'Diego', 'Maradona', '.']	[0, 0, 0, 0, 0, 0, 0, 1, 2, 0]	nl	Hij was hier de vaste stand-in voor Diego Maradona.
['Holly', 'Hunter', 'speelde', 'zelf', 'een', 'groot', 'gedeelte', 'van', 'de', 'muziek', '.']	[1, 2, 0, 0, 0, 0, 0, 0, 0, 0, 0]	nl	Holly Hunter speelde zelf een groot gedeelte van de muziek.
['Het', 'hemelobject', 'werd', 'op', '20', 'maart', '1787', 'ontdekt', 'door', 'de', 'Duits-Britse', 'astronoom', 'William', 'Herschel', '.']	[0, 0, 0, 0, 0, 0, 0, 0, 0, 0, 0, 0, 1, 2, 0]	nl	Het hemelobject werd op 20 maart 1787 ontdekt door de Duits-Britse astronoom William Herschel.
['Een', 'dergelijke', 'verkiezing', 'kan', 'volgens', 'de', 'wetten', 'van', 'Californië', 'worden', 'gehouden', 'als', '12', '%', 'van', 'het', 'aantal', 'stemmers', 'dat', 'aan', 'de', 'voorgaande', 'verkiezingen', 'had', 'deelgenomen', 'een', 'petitie', 'tekent', 'om', 'een', 'recall', 'election', 'te', 'houden', '.']	[0, 0, 0, 0, 0, 0, 0, 0, 5, 0, 0, 0, 0, 0, 0, 0, 0, 0, 0, 0, 0, 0, 0, 0, 0, 0, 0, 0, 0, 0, 0, 0, 0, 0, 0]	nl	Een dergelijke verkiezing kan volgens de wetten van Californië worden gehouden als 12% van het aantal stemmers dat aan de voorgaande verkiezingen had deelgenomen een petitie tekent om een recall election te houden.
['Aanvankelijk', 'was', 'het', 'plan', 'om', 'ook', 'dit', 'vierde', 'deel', 'door', 'hem', 'te', 'laten', 'regisseren', ',', 'maar', 'de', 'producenten', 'lieten', 'later', 'weten', 'een', 'andere', 'regisseur', 'te', 'hebben', 'voor', 'de', 'film', ',', 'namelijk', 'Len', 'Wiseman', '.']	[0, 0, 0, 0, 0, 0, 0, 0, 0, 0, 0, 0, 0, 0, 0, 0, 0, 0, 0, 0, 0, 0, 0, 0, 0, 0, 0, 0, 0, 0, 0, 1, 2, 0]	nl	Aanvankelijk was het plan om ook dit vierde deel door hem te laten regisseren, maar de producenten lieten later weten een andere regisseur te hebben voor de film, namelijk Len Wiseman.
['Nadat', 'hij', 'Mohammed', 'gezien', 'had', 'wist', 'hij', 'dat', 'dit', 'de', 'profeet', 'was', 'en', 'drukte', 'hij', 'diens', 'oom', 'op', 'het', 'hart', 'toch', 'vooral', 'goed', 'op', 'de', 'jongen', 'te', 'passen', '.']	[0, 0, 1, 0, 0, 0, 0, 0, 0, 0, 0, 0, 0, 0, 0, 0, 0, 0, 0, 0, 0, 0, 0, 0, 0, 0, 0, 0, 0]	nl	Nadat hij Mohammed gezien had wist hij dat dit de profeet was en drukte hij diens oom op het hart toch vooral goed op de jongen te passen.
['Californië', 'had', 'namelijk', 'tot', 'dan', 'toe', 'in', '2007', 'nog', 'maar', 'een', 'vijfde', 'van', 'de', 'normale', 'hoeveelheid', 'regen', 'gekregen', '.']	[5, 0, 0, 0, 0, 0, 0, 0, 0, 0, 0, 0, 0, 0, 0, 0, 0, 0, 0]	nl	Californië had namelijk tot dan toe in 2007 nog maar een vijfde van de normale hoeveelheid regen gekregen.
['Hij', 'maakt', 'eerst', 'een', 'proefrit', 'en', 'weet', 'hierbij', 'de', 'Mars', 'Pathfinder', 'lander', 'en', 'Sojourner', 'te', 'bereiken', '.']	[0, 0, 0, 0, 0, 0, 0, 0, 0, 7, 8, 0, 0, 7, 0, 0, 0]	nl	Hij maakt eerst een proefrit en weet hierbij de Mars Pathfinder lander en Sojourner te bereiken.
['Ondanks', 'het', 'feit', 'dat', 'hij', 'persoonlijk', 'met', '22', 'doelpunten', 'topscorer', 'van', 'de', 'Segunda', 'División', 'A', 'werd', ',', 'kon', 'de', 'ploeg', 'met', 'een', 'twintigste', 'plaats', 'haar', 'behoud', 'niet', 'bewerkstelligen', '.']	[0, 0, 0, 0, 0, 0, 0, 0, 0, 0, 0, 0, 7, 8, 8, 0, 0, 0, 0, 0, 0, 0, 0, 0, 0, 0, 0, 0, 0]	nl	Ondanks het feit dat hij persoonlijk met 22 doelpunten topscorer van de Segunda División A werd, kon de ploeg met een twintigste plaats haar behoud niet bewerkstelligen.
['Hij', 'tekende', 'in', 'juli', '2015', 'een', 'contract', 'tot', 'medio', '2018', 'bij', 'Feyenoord', ',', 'waar', 'hij', 'in', 'juli', '2017', 'bijtekende', 'tot', 'de', 'zomer', 'van', '2020', '.']	[0, 0, 0, 0, 0, 0, 0, 0, 0, 0, 0, 3, 0, 0, 0, 0, 0, 0, 0, 0, 0, 0, 0, 0, 0]	nl	Hij tekende in juli 2015 een contract tot medio 2018 bij Feyenoord, waar hij in juli 2017 bijtekende tot de zomer van 2020.
['Steven', 'Pienaar', 'werd', 'bij', 'een', '2', '-', '0-achterstand', 'gewisseld', 'voor', 'de', 'speler', 'in', 'kwestie', '.']	[1, 2, 0, 0, 0, 0, 0, 0, 0, 0, 0, 0, 0, 0, 0]	nl	Steven Pienaar werd bij een 2 - 0-achterstand gewisseld voor de speler in kwestie.
"['Wegens', 'materiaaltekort', 'veroorzaakt', 'door', 'de', 'Eerste', 'Wereldoorlog', 'werd', 'de', '""', '""', 'serie', '177', '-', '201', '""', '""', 'pas', 'in', '1921', 'afgeleverd', '.']"	[0, 0, 0, 0, 0, 7, 8, 0, 0, 0, 0, 0, 0, 0, 0, 0, 0, 0, 0, 0, 0, 0]	nl	"Wegens materiaaltekort veroorzaakt door de Eerste Wereldoorlog werd de """" serie 177 - 201 """" pas in 1921 afgeleverd."
['Berry', 'Gordy', 'stuurde', 'de', 'broers', 'naar', 'Hollywood', ',', 'waar', 'ze', 'in', 'het', 'voorprogramma', 'van', 'The', 'Supremes', 'stonden', '.']	[1, 2, 0, 0, 0, 0, 5, 0, 0, 0, 0, 0, 0, 0, 3, 4, 0, 0]	nl	Berry Gordy stuurde de broers naar Hollywood, waar ze in het voorprogramma van The Supremes stonden.
['Hiermee', 'werd', 'hij', 'vijfde', 'in', 'de', 'Senior', 'TT', '.']	[0, 0, 0, 0, 0, 0, 7, 8, 0]	nl	Hiermee werd hij vijfde in de Senior TT.
['Hij', 'was', 'commandant', 'van', 'de', '1e', 'brigade', 'tijdens', 'de', 'Boshin-oorlog', '.']	[0, 0, 0, 0, 0, 0, 0, 0, 0, 7, 0]	nl	Hij was commandant van de 1e brigade tijdens de Boshin-oorlog.
['Het', 'is', 'ook', 'de', 'naam', 'van', 'de', 'profeet', 'Mohammed', '.']	[0, 0, 0, 0, 0, 0, 0, 0, 1, 0]	nl	Het is ook de naam van de profeet Mohammed.
['De', 'president', 'was', 'daarom', 'opgelucht', 'toen', 'toenaderingspogingen', 'tot', 'Frankrijk', 'effect', 'hadden', 'en', 'ontbond', 'zo', 'snel', 'mogelijk', 'het', 'leger', '.']	[0, 0, 0, 0, 0, 0, 0, 0, 5, 0, 0, 0, 0, 0, 0, 0, 0, 0, 0]	nl	De president was daarom opgelucht toen toenaderingspogingen tot Frankrijk effect hadden en ontbond zo snel mogelijk het leger.
['Op', 'maandag', '19', 'december', 'werd', 'zij', ',', 'thuis', 'in', 'haar', 'flat', 'in', 'Prostějov', ',', 'met', 'een', 'mes', 'aangevallen', 'door', 'een', 'indringer', '/', 'inbreker', 'die', 'zich', 'als', 'onderhouds&shy', ';', 'technicus', 'had', 'voorgedaan', '.']	[0, 0, 0, 0, 0, 0, 0, 0, 0, 0, 0, 0, 5, 0, 0, 0, 0, 0, 0, 0, 0, 0, 0, 0, 0, 0, 0, 0, 0, 0, 0, 0]	nl	Op maandag 19 december werd zij, thuis in haar flat in Prostějov, met een mes aangevallen door een indringer / inbreker die zich als onderhouds&shy; technicus had voorgedaan.
['Met', 'een', 'oppervlakte', 'van', '6367,6', 'km', '²', 'is', 'het', 'de', '33e', 'provincie', 'qua', 'omvang', 'in', 'Thailand', '.']	[0, 0, 0, 0, 0, 0, 0, 0, 0, 0, 0, 0, 0, 0, 0, 5, 0]	nl	Met een oppervlakte van 6367,6 km ² is het de 33e provincie qua omvang in Thailand.
['De', 'nederzetting', 'ontwikkelde', 'zich', 'op', 'een', '(', 'inmiddels', 'aan', 'het', 'land', 'vastgegroeid', ')', 'eiland', 'in', 'de', 'Merkys', '.']	[0, 0, 0, 0, 0, 0, 0, 0, 0, 0, 0, 0, 0, 0, 0, 0, 5, 0]	nl	De nederzetting ontwikkelde zich op een (inmiddels aan het land vastgegroeid) eiland in de Merkys.
['Vanaf', 'hier', 'loopt', 'het', 'gebergte', 'naar', 'het', 'noorden', ',', 'om', 'dan', 'oostwaarts', 'rond', 'de', 'Povlakte', 'om', 'te', 'buigen', '.']	[0, 0, 0, 0, 0, 0, 0, 0, 0, 0, 0, 0, 0, 0, 5, 0, 0, 0, 0]	nl	Vanaf hier loopt het gebergte naar het noorden, om dan oostwaarts rond de Povlakte om te buigen.
['In', 'de', 'Verenigde', 'Staten', 'is', 'reggaeton', 'erg', 'populair', 'onder', 'de', 'jonge', 'hispanics', '.']	[0, 0, 5, 6, 0, 0, 0, 0, 0, 0, 0, 0, 0]	nl	In de Verenigde Staten is reggaeton erg populair onder de jonge hispanics.
['Het', 'album', 'is', 'uitgebracht', 'op', '21', 'juli', '1987', 'door', 'Geffen', 'Records', '.']	[0, 0, 0, 0, 0, 0, 0, 0, 0, 3, 4, 0]	nl	Het album is uitgebracht op 21 juli 1987 door Geffen Records.
['Zo', 'begon', 'de', 'Vierde', 'Diadochenoorlog', '.']	[0, 0, 0, 7, 8, 0]	nl	Zo begon de Vierde Diadochenoorlog.
"['Later', 'zou', 'ze', 'ook', 'betrokken', 'worden', 'bij', 'filmhits', 'als', '""', 'Reds', '""', 'en', '""', 'Tootsie', '""', '.']"	[0, 0, 0, 0, 0, 0, 0, 0, 0, 0, 7, 0, 0, 0, 7, 0, 0]	nl	"Later zou ze ook betrokken worden bij filmhits als ""Reds"" en ""Tootsie""."
['Hij', 'tekende', 'in', 'juli', '2019', 'bij', 'Helsingborgs', 'IF', ',', 'dat', 'hem', 'transfervrij', 'inlijfde', '.']	[0, 0, 0, 0, 0, 0, 3, 4, 0, 0, 0, 0, 0, 0]	nl	Hij tekende in juli 2019 bij Helsingborgs IF, dat hem transfervrij inlijfde.
['Daarvoor', 'stond', 'het', 'record', 'bijna', '75', 'jaar', 'op', '38,6', '°C', ',', 'gemeten', 'in', 'Warnsveld', '(', 'provincie', 'Gelderland', ')', '.']	[0, 0, 0, 0, 0, 0, 0, 0, 0, 0, 0, 0, 0, 5, 0, 0, 5, 0, 0]	nl	Daarvoor stond het record bijna 75 jaar op 38,6 °C, gemeten in Warnsveld (provincie Gelderland).
['Ook', 'premier', 'Nuri', 'al-Said', 'kwam', 'om', 'het', 'leven', '.', ')', '.']	[0, 0, 1, 2, 0, 0, 0, 0, 0, 0, 0]	nl	Ook premier Nuri al-Said kwam om het leven.).
"['Deze', 'theorie', 'werd', 'voor', 'het', 'eerst', 'gezien', 'in', 'aflevering', '406', '(', '""', 'Cartman', 'Joins', 'NAMBLA', '""', ')', '.']"	[0, 0, 0, 0, 0, 0, 0, 0, 0, 0, 0, 0, 7, 8, 8, 0, 0, 0]	nl	"Deze theorie werd voor het eerst gezien in aflevering 406 (""Cartman Joins NAMBLA"")."
['De', 'Parthenopeïsche', 'Republiek', 'stortte', 'in', '.']	[0, 5, 6, 0, 0, 0]	nl	De Parthenopeïsche Republiek stortte in.
['Het', 'is', 'echter', 'niet', 'waarschijnlijk', 'dat', 'ze', 'in', 'Nederland', 'algemeen', 'voorkomt', '.']	[0, 0, 0, 0, 0, 0, 0, 0, 5, 0, 0, 0]	nl	Het is echter niet waarschijnlijk dat ze in Nederland algemeen voorkomt.
['Zijn', 'vader', 'was', 'daar', 'dokter', 'en', 'had', 'Duke', 'Ellington', 'en', 'Lionel', 'Hampton', 'als', 'patiënt', '.']	[0, 0, 0, 0, 0, 0, 0, 1, 2, 0, 1, 2, 0, 0, 0]	nl	Zijn vader was daar dokter en had Duke Ellington en Lionel Hampton als patiënt.
['Hij', 'debuteerde', 'in', '2018', 'in', 'het', 'Curaçaos', 'voetbalelftal', '.']	[0, 0, 0, 0, 0, 0, 3, 4, 0]	nl	Hij debuteerde in 2018 in het Curaçaos voetbalelftal.
['Deze', 'godsdiensten', 'hebben', 'een', 'heropleving', 'ervaren', 'na', 'de', 'dood', 'van', 'Mao', 'Zedong', ',', 'waarbij', 'een', 'eind', 'kwam', 'aan', 'de', 'strenge', 'vorm', 'van', 'het', 'communisme', '.']	[0, 0, 0, 0, 0, 0, 0, 0, 0, 0, 1, 2, 0, 0, 0, 0, 0, 0, 0, 0, 0, 0, 0, 0, 0]	nl	Deze godsdiensten hebben een heropleving ervaren na de dood van Mao Zedong, waarbij een eind kwam aan de strenge vorm van het communisme.
['De', 'Congrespartij', 'nodigde', 'hem', 'uit', 'als', 'lid', ',', 'maar', 'hij', 'weigerde', 'en', 'koos', 'uiteindelijk', 'voor', 'de', 'Moslimliga', '.']	[0, 3, 0, 0, 0, 0, 0, 0, 0, 0, 0, 0, 0, 0, 0, 0, 3, 0]	nl	De Congrespartij nodigde hem uit als lid, maar hij weigerde en koos uiteindelijk voor de Moslimliga.
['De', 'winterbranding', '(', 'oktober', 'tot', 'april', ')', 'is', 'het', 'gevolg', 'van', 'stormen', 'en', 'treft', 'de', 'noord', '-', 'en', 'westkusten', 'van', 'eilanden', 'in', 'de', 'Grote', 'Oceaan', '.']	[0, 0, 0, 0, 0, 0, 0, 0, 0, 0, 0, 0, 0, 0, 0, 0, 0, 0, 0, 0, 0, 0, 0, 5, 6, 0]	nl	De winterbranding (oktober tot april) is het gevolg van stormen en treft de noord - en westkusten van eilanden in de Grote Oceaan.
['Zijn', 'debuut', 'als', 'basisspeler', 'maakte', 'hij', 'in', 'de', 'uitwedstrijd', 'tegen', 'SC', 'Cambuur', 'op', '12', 'januari', '2007', '.']	[0, 0, 0, 0, 0, 0, 0, 0, 0, 0, 3, 4, 0, 0, 0, 0, 0]	nl	Zijn debuut als basisspeler maakte hij in de uitwedstrijd tegen SC Cambuur op 12 januari 2007.
['Een', 'van', 'de', 'eerste', 'ontwerpen', '(', '1645', ')', 'was', 'van', 'de', 'hand', 'van', 'Blaise', 'Pascal', '.']	[0, 0, 0, 0, 0, 0, 0, 0, 0, 0, 0, 0, 0, 1, 2, 0]	nl	Een van de eerste ontwerpen (1645) was van de hand van Blaise Pascal.
['Hij', 'stapte', 'in', '1990', 'over', 'naar', 'Ligier', 'maar', 'het', 'team', 'viel', 'wat', 'terug', 'naar', 'het', 'midden', 'van', 'de', 'grid', '.']	[0, 0, 0, 0, 0, 0, 3, 0, 0, 0, 0, 0, 0, 0, 0, 0, 0, 0, 0, 0]	nl	Hij stapte in 1990 over naar Ligier maar het team viel wat terug naar het midden van de grid.
"['Daar', 'is', 'in', '2001', 'verandering', 'in', 'gekomen', 'toen', 'het', 'werd', 'toegevoegd', 'aan', 'de', 'verzamelaar', '""', 'GHV2', '""', '.']"	[0, 0, 0, 0, 0, 0, 0, 0, 0, 0, 0, 0, 0, 0, 0, 7, 0, 0]	nl	"Daar is in 2001 verandering in gekomen toen het werd toegevoegd aan de verzamelaar ""GHV2""."
['Ook', 'speelde', 'hij', 'met', 'Sun', 'Ra', '.']	[0, 0, 0, 0, 1, 2, 0]	nl	Ook speelde hij met Sun Ra.
['Op', '13', 'juli', '2007', 'werd', 'bekend', 'dat', 'Oostenrijk', 'hem', 'nog', 'steeds', 'zoekt', 'als', 'voortvluchtige', 'oorlogsmisdadiger', ',', 'en', 'dat', 'tegen', 'een', 'beloning', 'van', 'vijftigduizend', 'euro', '.']	[0, 0, 0, 0, 0, 0, 0, 5, 0, 0, 0, 0, 0, 0, 0, 0, 0, 0, 0, 0, 0, 0, 0, 0, 0]	nl	Op 13 juli 2007 werd bekend dat Oostenrijk hem nog steeds zoekt als voortvluchtige oorlogsmisdadiger, en dat tegen een beloning van vijftigduizend euro.
['Hun', 'taal', 'is', 'het', 'Tadzjieks', ',', 'een', 'variant', 'van', 'het', 'Perzisch', ',', 'dat', 'ook', 'de', 'officiële', 'taal', 'van', 'Iran', 'en', 'Afghanistan', 'is', '.']	[0, 0, 0, 0, 7, 0, 0, 0, 0, 0, 7, 0, 0, 0, 0, 0, 0, 0, 5, 0, 5, 0, 0]	nl	Hun taal is het Tadzjieks, een variant van het Perzisch, dat ook de officiële taal van Iran en Afghanistan is.
['Hier', 'werd', 'hij', 'al', 'snel', 'basisspeler', 'naast', 'Marcos', 'Senna', 'en', 'aan', 'het', 'einde', 'van', 'het', 'seizoen', 'werd', 'hij', 'definitief', 'overgenomen', 'door', 'de', 'club', '.']	[0, 0, 0, 0, 0, 0, 0, 1, 2, 0, 0, 0, 0, 0, 0, 0, 0, 0, 0, 0, 0, 0, 0, 0]	nl	Hier werd hij al snel basisspeler naast Marcos Senna en aan het einde van het seizoen werd hij definitief overgenomen door de club.
['Na', 'twee', 'weken', 'filmen', 'vertrok', 'de', 'crew', 'naar', 'Californië', 'om', 'daar', 'verder', 'te', 'gaan', 'met', 'de', 'opnames', '.']	[0, 0, 0, 0, 0, 0, 0, 0, 5, 0, 0, 0, 0, 0, 0, 0, 0, 0]	nl	Na twee weken filmen vertrok de crew naar Californië om daar verder te gaan met de opnames.
['Khmer', 'is', 'de', 'naam', 'van', 'het', 'volk', 'dat', 'Cambodja', 'bewoont', '.']	[7, 0, 0, 0, 0, 0, 0, 0, 5, 0, 0]	nl	Khmer is de naam van het volk dat Cambodja bewoont.
['Deze', 'borden', 'zijn', 'geplaatst', 'als', 'teken', 'van', 'partnerschap', 'tussen', 'Peel', 'en', 'Maas', 'en', 'Grevenbroich', '.']	[0, 0, 0, 0, 0, 0, 0, 0, 0, 5, 6, 6, 0, 5, 0]	nl	Deze borden zijn geplaatst als teken van partnerschap tussen Peel en Maas en Grevenbroich.
['SK', 'Sturm', 'Graz', 'had', 'al', 'snel', 'spijt', 'van', 'de', 'samenwerking', ',', 'want', 'de', 'club', 'zakte', 'meteen', 'weg', 'in', 'het', 'klassement', 'en', 'zette', 'hem', 'na', '91', 'dagen', 'aan', 'de', 'deur', '.']	[3, 4, 4, 0, 0, 0, 0, 0, 0, 0, 0, 0, 0, 0, 0, 0, 0, 0, 0, 0, 0, 0, 0, 0, 0, 0, 0, 0, 0, 0]	nl	SK Sturm Graz had al snel spijt van de samenwerking, want de club zakte meteen weg in het klassement en zette hem na 91 dagen aan de deur.
['De', 'Europese', 'Commissie', 'oordeelde', 'dat', 'de', 'fabrikanten', 'verboden', 'prijsafspraken', 'hebben', 'gemaakt', '.']	[0, 3, 4, 0, 0, 0, 0, 0, 0, 0, 0, 0]	nl	De Europese Commissie oordeelde dat de fabrikanten verboden prijsafspraken hebben gemaakt.
['Tijdens', 'het', 'wereldkampioenschap', 'wist', 'hij', 'te', 'winnen', 'van', 'onder', 'andere', 'de', 'voormalige', 'wereldkampioenen', 'Peter', 'Ebdon', 'en', 'Shaun', 'Murphy', '.']	[0, 0, 0, 0, 0, 0, 0, 0, 0, 0, 0, 0, 0, 1, 2, 0, 1, 2, 0]	nl	Tijdens het wereldkampioenschap wist hij te winnen van onder andere de voormalige wereldkampioenen Peter Ebdon en Shaun Murphy.
['Het', 'ligt', 'in', 'zuidwestelijk', 'Tasmanië', 'en', 'heeft', 'een', 'oppervlakte', 'van', '446.342', 'hectare', '.']	[0, 0, 0, 0, 5, 0, 0, 0, 0, 0, 0, 0, 0]	nl	Het ligt in zuidwestelijk Tasmanië en heeft een oppervlakte van 446.342 hectare.
"['Elf', 'dagen', 'later', 'werd', 'ze', 'voor', 'haar', 'rol', 'in', '""', 'The', 'Reader', '""', 'genomineerd', 'voor', 'een', 'Oscar', 'voor', 'beste', 'actrice', '.']"	[0, 0, 0, 0, 0, 0, 0, 0, 0, 0, 7, 8, 0, 0, 0, 0, 7, 0, 0, 0, 0]	nl	"Elf dagen later werd ze voor haar rol in ""The Reader"" genomineerd voor een Oscar voor beste actrice."
['Dit', 'onderwerp', 'kreeg', 'veel', 'aandacht', 'nadat', 'Animal', 'Planet', 'twee', 'reportages', 'uitzond', 'met', 'onweerlegbaar', 'bewijs', 'dat', 'zeemeerminnen', 'wel', 'degelijk', 'bestaan', '.']	[0, 0, 0, 0, 0, 0, 3, 4, 0, 0, 0, 0, 0, 0, 0, 0, 0, 0, 0, 0]	nl	Dit onderwerp kreeg veel aandacht nadat Animal Planet twee reportages uitzond met onweerlegbaar bewijs dat zeemeerminnen wel degelijk bestaan.
['De', 'film', 'is', 'een', 'zeer', 'vrije', 'bewerking', 'van', 'het', 'gelijknamige', 'boek', 'van', 'Khalid', 'Boudou', '.']	[0, 0, 0, 0, 0, 0, 0, 0, 0, 0, 0, 0, 1, 2, 0]	nl	De film is een zeer vrije bewerking van het gelijknamige boek van Khalid Boudou.
['Op', '31', 'januari', '2013', 'tekende', 'hij', 'een', 'driejarig', 'contract', 'bij', 'SpVgg', 'Greuther', 'Fürth', '.']	[0, 0, 0, 0, 0, 0, 0, 0, 0, 0, 3, 4, 4, 0]	nl	Op 31 januari 2013 tekende hij een driejarig contract bij SpVgg Greuther Fürth.
['Hij', 'had', 'een', 'contract', 'bij', 'FC', 'Groningen', 'tot', '2008', '.']	[0, 0, 0, 0, 0, 3, 4, 0, 0, 0]	nl	Hij had een contract bij FC Groningen tot 2008.
['Opstelten', 'moest', 'alsnog', 'inzage', 'geven', 'in', 'oude', 'stukken', 'over', 'de', 'processen', 'in', 'Nederland', '.']	[0, 0, 0, 0, 0, 0, 0, 0, 0, 0, 0, 0, 5, 0]	nl	Opstelten moest alsnog inzage geven in oude stukken over de processen in Nederland.
['Daar', 'moest', 'hij', 'plaatsmaken', 'voor', 'oud-international', 'Mehmet', 'Scholl', '.']	[0, 0, 0, 0, 0, 0, 1, 2, 0]	nl	Daar moest hij plaatsmaken voor oud-international Mehmet Scholl.
['Helmond', 'Sport', 'was', 'een', 'lastige', 'tegenstander', ',', 'maar', 'John', 'van', 'Loen', 'kopte', 'de', 'club', 'naar', 'de', 'overwinning', '.']	[3, 4, 0, 0, 0, 0, 0, 0, 1, 2, 2, 0, 0, 0, 0, 0, 0, 0]	nl	Helmond Sport was een lastige tegenstander, maar John van Loen kopte de club naar de overwinning.
['Haar', 'stem', 'wordt', 'vaak', 'vergeleken', 'met', 'die', 'van', 'Dusty', 'Springfield', 'en', 'Amy', 'Winehouse', '.']	[0, 0, 0, 0, 0, 0, 0, 0, 1, 2, 0, 1, 2, 0]	nl	Haar stem wordt vaak vergeleken met die van Dusty Springfield en Amy Winehouse.
['Het', 'ligt', 'in', 'het', 'centraal-westen', 'van', 'Tasmanië', 'en', 'heeft', 'een', 'oppervlakte', 'van', '51.800', 'hectare', '.']	[0, 0, 0, 0, 0, 0, 5, 0, 0, 0, 0, 0, 0, 0, 0]	nl	Het ligt in het centraal-westen van Tasmanië en heeft een oppervlakte van 51.800 hectare.
['Ondergronds', 'gaat', 'het', 'graniet', 'nog', '14', 'kilometer', 'door', 'naar', 'het', 'verste', 'punt', 'in', 'Gwinnett', 'County', '.']	[0, 0, 0, 0, 0, 0, 0, 0, 0, 0, 0, 0, 0, 5, 6, 0]	nl	Ondergronds gaat het graniet nog 14 kilometer door naar het verste punt in Gwinnett County.
['Hier', 'groeide', 'hij', 'onder', 'coach', 'Niko', 'Kovač', 'uit', 'tot', 'basisspeler', '.']	[0, 0, 0, 0, 0, 1, 2, 0, 0, 0, 0]	nl	Hier groeide hij onder coach Niko Kovač uit tot basisspeler.
['Zijn', 'contract', 'wer', 'op', '23', 'januari', '2013', 'ontbonden', ',', 'waarna', 'hij', 'leek', 'terug', 'te', 'keren', 'bij', 'de', 'club', 'waar', 'zijn', 'profcarrière', 'begon', ':', 'SV', 'Ried', '.']	[0, 0, 0, 0, 0, 0, 0, 0, 0, 0, 0, 0, 0, 0, 0, 0, 0, 0, 0, 0, 0, 0, 0, 3, 4, 0]	nl	Zijn contract wer op 23 januari 2013 ontbonden, waarna hij leek terug te keren bij de club waar zijn profcarrière begon: SV Ried.
['Vanaf', 'zomer', '2011', 'kwam', 'hij', 'uit', 'voor', 'FC', 'Den', 'Bosch', 'waar', 'na', 'twee', 'seizoenen', 'zijn', 'nog', 'één', 'jaar', 'doorlopende', 'contract', 'in', 'goed', 'overleg', 'werd', 'ontbonden', '.']	[0, 0, 0, 0, 0, 0, 0, 3, 4, 4, 0, 0, 0, 0, 0, 0, 0, 0, 0, 0, 0, 0, 0, 0, 0, 0]	nl	Vanaf zomer 2011 kwam hij uit voor FC Den Bosch waar na twee seizoenen zijn nog één jaar doorlopende contract in goed overleg werd ontbonden.
['Ze', 'verhuisde', 'naar', 'Zuid-Korea', 'in', '2010', ',', 'nadat', 'ze', 'uitgenodigd', 'was', 'om', 'auditie', 'te', 'doen', '.']	[0, 0, 0, 5, 0, 0, 0, 0, 0, 0, 0, 0, 0, 0, 0, 0]	nl	Ze verhuisde naar Zuid-Korea in 2010, nadat ze uitgenodigd was om auditie te doen.
['Het', 'model', 'van', 'de', 'vlag', 'is', 'afgeleid', 'van', 'de', 'Tricolore', 'van', 'voormalig', 'kolonisator', 'Frankrijk', '.']	[0, 0, 0, 0, 0, 0, 0, 0, 0, 7, 0, 0, 0, 5, 0]	nl	Het model van de vlag is afgeleid van de Tricolore van voormalig kolonisator Frankrijk.
['Op', '2', 'september', '2016', 'werd', 'er', 'in', 'de', 'stad', 'een', 'bomaanslag', 'gepleegd', ',', 'die', 'werd', 'opgeëist', 'door', 'de', 'terroristische', 'organisatie', 'Abu', 'Sayyaf', '.']	[0, 0, 0, 0, 0, 0, 0, 0, 0, 0, 0, 0, 0, 0, 0, 0, 0, 0, 0, 0, 3, 4, 0]	nl	Op 2 september 2016 werd er in de stad een bomaanslag gepleegd, die werd opgeëist door de terroristische organisatie Abu Sayyaf.
['Ploegleiders', 'werden', 'Theo', 'de', 'Rooij', 'en', 'assistenten', 'Joop', 'Zoetemelk', 'en', 'Adri', 'van', 'Houwelingen', '.']	[0, 0, 1, 2, 2, 0, 0, 1, 2, 0, 1, 2, 2, 0]	nl	Ploegleiders werden Theo de Rooij en assistenten Joop Zoetemelk en Adri van Houwelingen.
['Ook', 'ontstaat', 'er', 'in', '1969', 'een', 'toenemende', 'onrust', 'in', 'de', 'vorm', 'van', 'demonstraties', 'tegen', 'de', 'Vietnamoorlog', '.']	[0, 0, 0, 0, 0, 0, 0, 0, 0, 0, 0, 0, 0, 0, 0, 7, 0]	nl	Ook ontstaat er in 1969 een toenemende onrust in de vorm van demonstraties tegen de Vietnamoorlog.
['De', 'soort', 'komt', 'voor', 'in', 'Colombia', ',', 'Ecuador', 'en', 'Peru', '.']	[0, 0, 0, 0, 0, 5, 0, 5, 0, 5, 0]	nl	De soort komt voor in Colombia, Ecuador en Peru.
['In', '2009', 'debuteerde', 'hij', 'in', 'het', 'Malagassisch', 'voetbalelftal', '.']	[0, 0, 0, 0, 0, 0, 3, 4, 0]	nl	In 2009 debuteerde hij in het Malagassisch voetbalelftal.
['Op', 'deze', 'manier', 'werd', 'het', 'de', 'eerste', 'zoetwatervis', 'in', 'Kaapverdië', '.']	[0, 0, 0, 0, 0, 0, 0, 0, 0, 5, 0]	nl	Op deze manier werd het de eerste zoetwatervis in Kaapverdië.
['In', 'de', 'jaren', '90', 'won', 'hij', 'drie', 'landstitels', 'op', 'rij', 'met', 'RSC', 'Anderlecht', '.']	[0, 0, 0, 0, 0, 0, 0, 0, 0, 0, 0, 3, 4, 0]	nl	In de jaren 90 won hij drie landstitels op rij met RSC Anderlecht.
"['Om', 'dit', 'gat', 'op', 'te', 'vullen', 'werden', 'twee', 'andere', 'series', 'gemaakt', ':', '""', 'Beast', 'Wars', 'II', '""', 'en', '""', 'Beast', 'Wars', 'Neo', '""', '.']"	[0, 0, 0, 0, 0, 0, 0, 0, 0, 0, 0, 0, 0, 7, 8, 8, 0, 0, 0, 7, 8, 8, 0, 0]	nl	"Om dit gat op te vullen werden twee andere series gemaakt: ""Beast Wars II"" en ""Beast Wars Neo""."
['Hij', 'moest', 'David', 'Seaman', 'voor', 'zich', 'dulden', 'als', 'eerste', 'keuze', '.']	[0, 0, 1, 2, 0, 0, 0, 0, 0, 0, 0]	nl	Hij moest David Seaman voor zich dulden als eerste keuze.
['Voor', 'verhalen', 'wordt', 'tevens', 'creatief', 'geleend', 'uit', 'de', 'Griekse', 'geschiedenis', ',', 'zoals', 'de', 'Trojaanse', 'Oorlog', 'en', 'de', 'Slag', 'bij', 'Marathon', 'en', 'tot', 'slot', 'zijn', 'ook', 'Bijbelse', 'verhalen', 'een', 'bron', 'van', 'inspiratie', '.']	[0, 0, 0, 0, 0, 0, 0, 0, 0, 0, 0, 0, 0, 7, 8, 0, 0, 7, 8, 8, 0, 0, 0, 0, 0, 7, 0, 0, 0, 0, 0, 0]	nl	Voor verhalen wordt tevens creatief geleend uit de Griekse geschiedenis, zoals de Trojaanse Oorlog en de Slag bij Marathon en tot slot zijn ook Bijbelse verhalen een bron van inspiratie.
['In', 'april', '2012', 'ging', 'hij', 'aan', 'de', 'slag', 'in', 'Armenië', 'om', 'in', 'de', 'jeugdopleiding', 'van', 'Banants', 'Erevan', 'te', 'werken', '.']	[0, 0, 0, 0, 0, 0, 0, 0, 0, 5, 0, 0, 0, 0, 0, 3, 4, 0, 0, 0]	nl	In april 2012 ging hij aan de slag in Armenië om in de jeugdopleiding van Banants Erevan te werken.
['In', '529', 'stichtte', 'hij', 'zijn', 'eigen', 'gemeenschap', 'die', 'bekend', 'werd', 'als', 'de', 'Abdij', 'van', 'Monte', 'Cassino', ',', 'waar', 'hij', 'zijn', 'later', 'beroemd', 'geworden', 'regels', 'schreef', '.']	[0, 0, 0, 0, 0, 0, 0, 0, 0, 0, 0, 0, 5, 6, 6, 6, 0, 0, 0, 0, 0, 0, 0, 0, 0, 0]	nl	In 529 stichtte hij zijn eigen gemeenschap die bekend werd als de Abdij van Monte Cassino, waar hij zijn later beroemd geworden regels schreef.
['Hij', 'diende', 'in', '1870', '/', '71', 'in', 'de', 'Frans-Duitse', 'Oorlog', '.']	[0, 0, 0, 0, 0, 0, 0, 0, 7, 8, 0]	nl	Hij diende in 1870 / 71 in de Frans-Duitse Oorlog.
['Voor', 'een', 'nadere', 'bepaling', 'werden', 'toen', 'dukdalven', 'geplaatst', 'bij', 'Nieuwe', 'Statenzijl', 'die', 'de', 'grens', 'aangaven', 'in', 'NNO-richting', '.']	[0, 0, 0, 0, 0, 0, 0, 0, 0, 5, 6, 0, 0, 0, 0, 0, 0, 0]	nl	Voor een nadere bepaling werden toen dukdalven geplaatst bij Nieuwe Statenzijl die de grens aangaven in NNO-richting.
['Uit', 'dit', 'huwelijk', 'werden', 'vijf', 'kinderen', 'geboren', ',', 'waaronder', 'de', 'toekomstige', 'koning', 'Willem', 'II', 'der', 'Nederlanden', '.']	[0, 0, 0, 0, 0, 0, 0, 0, 0, 0, 0, 0, 1, 2, 2, 2, 0]	nl	Uit dit huwelijk werden vijf kinderen geboren, waaronder de toekomstige koning Willem II der Nederlanden.
['Dit', 'was', 'het', 'eerste', 'jeugd-jazzorkest', 'van', 'Zuid-Afrika', '.']	[0, 0, 0, 0, 0, 0, 5, 0]	nl	Dit was het eerste jeugd-jazzorkest van Zuid-Afrika.
['De', 'soort', 'komt', 'voor', 'in', 'gematigde', 'wateren', 'in', 'de', 'Atlantische', 'Oceaan', 'en', 'in', 'de', 'Middellandse', 'Zee', 'op', 'een', 'diepte', 'van', '0', 'tot', '350', 'meter', '.']	[0, 0, 0, 0, 0, 0, 0, 0, 0, 5, 6, 0, 0, 0, 5, 6, 0, 0, 0, 0, 0, 0, 0, 0, 0]	nl	De soort komt voor in gematigde wateren in de Atlantische Oceaan en in de Middellandse Zee op een diepte van 0 tot 350 meter.
['De', 'keizer', 'trok', 'zich', 'vervolgens', 'terug', 'achter', 'de', 'Rijn', '.']	[0, 0, 0, 0, 0, 0, 0, 0, 5, 0]	nl	De keizer trok zich vervolgens terug achter de Rijn.
['In', '2011', 'verloren', 'de', 'Central', 'Coast', 'Mariners', 'de', 'finale', 'van', 'het', 'knock-outsysteem', 'na', 'strafschoppen', ',', 'een', 'jaar', 'later', 'werd', 'de', 'club', 'eerste', 'in', 'de', 'competitie', 'maar', 'bereikte', 'de', 'finale', 'niet', '.']	[0, 0, 0, 0, 3, 4, 4, 0, 0, 0, 0, 0, 0, 0, 0, 0, 0, 0, 0, 0, 0, 0, 0, 0, 0, 0, 0, 0, 0, 0, 0]	nl	In 2011 verloren de Central Coast Mariners de finale van het knock-outsysteem na strafschoppen, een jaar later werd de club eerste in de competitie maar bereikte de finale niet.
['Aan', 'het', 'einde', 'van', 'het', 'seizoen', '2011', '/', '12', 'besloot', 'trainer', 'Christoph', 'Daum', 'er', 'een', 'punt', 'achter', 'te', 'zetten', '.']	[0, 0, 0, 0, 0, 0, 0, 0, 0, 0, 0, 1, 2, 0, 0, 0, 0, 0, 0, 0]	nl	Aan het einde van het seizoen 2011 / 12 besloot trainer Christoph Daum er een punt achter te zetten.
"['Rein', 'van', 'den', 'Broek', 'en', 'Rick', 'van', 'der', 'Linden', 'besloten', 'het', 'in', '1980', 'samen', 'te', 'proberen', 'en', 'brachten', 'een', 'duoplaat', 'uit', 'onder', 'de', 'naam', '""', 'Cum', 'laude', '""', '.']"	[1, 2, 2, 2, 0, 1, 2, 2, 2, 0, 0, 0, 0, 0, 0, 0, 0, 0, 0, 0, 0, 0, 0, 0, 0, 0, 0, 0, 0]	nl	"Rein van den Broek en Rick van der Linden besloten het in 1980 samen te proberen en brachten een duoplaat uit onder de naam ""Cum laude""."
"['Het', 'werd', 'aangedreven', 'door', 'een', '185', '""', 'pk', 'zescilindermotor', 'van', 'BMW', 'en', 'was', 'een', 'zeer', 'wendbaar', 'toestel', '.']"	[0, 0, 0, 0, 0, 0, 0, 0, 0, 0, 3, 0, 0, 0, 0, 0, 0, 0]	nl	"Het werd aangedreven door een 185 ""pk zescilindermotor van BMW en was een zeer wendbaar toestel."
['Deze', 'keer', 'versloeg', 'hij', 'Roman', 'Šebrle', 'met', 'meer', 'dan', '200', 'punten', '.']	[0, 0, 0, 0, 1, 2, 0, 0, 0, 0, 0, 0]	nl	Deze keer versloeg hij Roman Šebrle met meer dan 200 punten.
['Hij', 'begint', 'te', 'voetballen', 'bij', 'SD', 'Eibar', 'waar', 'hij', 'in', '1961', 'zijn', 'debuut', 'voor', 'maakt', '.']	[0, 0, 0, 0, 0, 3, 4, 0, 0, 0, 0, 0, 0, 0, 0, 0]	nl	Hij begint te voetballen bij SD Eibar waar hij in 1961 zijn debuut voor maakt.
['Overigens', 'woonden', 'ze', 'tot', 'aan', 'het', 'huwelijk', 'in', '1960', 'nog', 'samen', 'in', 'het', 'Kasteel', 'van', 'Laken', '.']	[0, 0, 0, 0, 0, 0, 0, 0, 0, 0, 0, 0, 0, 5, 6, 6, 0]	nl	Overigens woonden ze tot aan het huwelijk in 1960 nog samen in het Kasteel van Laken.
['De', 'Airborne', 'Wandeltocht', 'is', 'de', 'grootste', 'eendaagse', 'wandeltocht', 'ter', 'wereld', '.']	[0, 7, 8, 0, 0, 0, 0, 0, 0, 0, 0]	nl	De Airborne Wandeltocht is de grootste eendaagse wandeltocht ter wereld.
['De', 'stad', 'telt', '1', 'à', '2', 'miljoen', 'inwoners', 'en', 'ligt', 'aan', 'de', 'noordelijke', 'oever', 'van', 'het', 'Kivumeer', '.']	[0, 0, 0, 0, 0, 0, 0, 0, 0, 0, 0, 0, 0, 0, 0, 0, 5, 0]	nl	De stad telt 1 à 2 miljoen inwoners en ligt aan de noordelijke oever van het Kivumeer.
['Twee', 'andere', 'tiara', '’s', 'werden', 'geschonken', 'door', 'de', 'Palatijnse', 'Garde', '.']	[0, 0, 0, 0, 0, 0, 0, 0, 3, 4, 0]	nl	Twee andere tiara ’s werden geschonken door de Palatijnse Garde.
['In', 'de', 'zomer', 'van', '2011', 'stapte', 'hij', 'over', 'naar', 'RoPS', 'Rovaniemi', '.']	[0, 0, 0, 0, 0, 0, 0, 0, 0, 3, 4, 0]	nl	In de zomer van 2011 stapte hij over naar RoPS Rovaniemi.
['Hier', 'moest', 'hij', 'de', 'naar', 'FC', 'Barcelona', 'vertrokken', 'Jasper', 'Cillessen', 'opvolgen', '.']	[0, 0, 0, 0, 0, 3, 4, 0, 1, 2, 0, 0]	nl	Hier moest hij de naar FC Barcelona vertrokken Jasper Cillessen opvolgen.
['Hij', 'tekende', 'in', '2020', 'bij', 'Lech', 'Poznań', '.']	[0, 0, 0, 0, 0, 3, 4, 0]	nl	Hij tekende in 2020 bij Lech Poznań.
['De', 'aanvaller', 'maakte', '38', 'minuten', 'later', 'zijn', 'eerste', 'doelpunt', 'voor', 'Litex', 'Lovetsj', '.']	[0, 0, 0, 0, 0, 0, 0, 0, 0, 0, 3, 4, 0]	nl	De aanvaller maakte 38 minuten later zijn eerste doelpunt voor Litex Lovetsj.
['Nog', 'datzelfde', 'seizoen', 'werd', 'hij', 'in', 'de', 'winterstop', 'overgenomen', 'door', 'Feyenoord', 'waar', 'hij', 'onder', 'coach', 'Ruud', 'Gullit', 'ook', 'meteen', 'een', 'basisplaats', 'had', '.']	[0, 0, 0, 0, 0, 0, 0, 0, 0, 0, 3, 0, 0, 0, 0, 1, 2, 0, 0, 0, 0, 0, 0]	nl	Nog datzelfde seizoen werd hij in de winterstop overgenomen door Feyenoord waar hij onder coach Ruud Gullit ook meteen een basisplaats had.
['Hierna', 'speelde', 'hij', 'vijf', 'seizoenen', 'in', 'België', 'voor', 'Royal', 'Antwerp', 'FC', '.']	[0, 0, 0, 0, 0, 0, 5, 0, 3, 4, 4, 0]	nl	Hierna speelde hij vijf seizoenen in België voor Royal Antwerp FC.
['Hij', 'was', 'toen', 'al', 'zes', 'jaar', 'actief', 'bij', 'de', 'voetbalbond', 'als', 'beloftencoach', 'en', 'assistent', 'van', 'bondscoach', 'Arthur', 'Ceuleers', '.']	[0, 0, 0, 0, 0, 0, 0, 0, 0, 0, 0, 0, 0, 0, 0, 0, 1, 2, 0]	nl	Hij was toen al zes jaar actief bij de voetbalbond als beloftencoach en assistent van bondscoach Arthur Ceuleers.
['Klarinettist', 'Benny', 'Goodman', 'gebruikte', 'voor', 'zijn', 'kleinere', 'bezetting', 'naast', 'de', 'blanke', 'drummer', 'Gene', 'Krupa', 'de', 'zwarte', 'vibrafonist', 'Lionel', 'Hampton', 'en', 'pianist', 'Teddy', 'Wilson', 'en', 'ook', 'gitarist', 'Charlie', 'Christian', '(', 'zie', 'ook', 'bij', 'bebop', ')', '.']	[0, 1, 2, 0, 0, 0, 0, 0, 0, 0, 0, 0, 1, 2, 0, 0, 0, 1, 2, 0, 0, 1, 2, 0, 0, 0, 1, 2, 0, 0, 0, 0, 0, 0, 0]	nl	Klarinettist Benny Goodman gebruikte voor zijn kleinere bezetting naast de blanke drummer Gene Krupa de zwarte vibrafonist Lionel Hampton en pianist Teddy Wilson en ook gitarist Charlie Christian (zie ook bij bebop).
['Op', 'Rotten', 'Tomatoes', 'gaf', '76', '%', 'van', 'de', 'critici', 'de', 'film', 'een', 'goede', 'beoordeling', '.']	[0, 7, 8, 0, 0, 0, 0, 0, 0, 0, 0, 0, 0, 0, 0]	nl	Op Rotten Tomatoes gaf 76% van de critici de film een goede beoordeling.
['Hij', 'maakte', 'deel', 'uit', 'van', 'de', 'Spaanse', 'selectie', 'die', 'op', 'de', 'Olympische', 'Zomerspelen', '2012', 'de', 'zilveren', 'medaille', 'behaalde', '.']	[0, 0, 0, 0, 0, 0, 7, 0, 0, 0, 0, 7, 8, 8, 0, 0, 0, 0, 0]	nl	Hij maakte deel uit van de Spaanse selectie die op de Olympische Zomerspelen 2012 de zilveren medaille behaalde.
"['In', 'Frankrijk', 'is', 'het', 'begrip', '""', 'allochtonen', '""', 'een', 'onbekend', 'verschijnsel', '.']"	[0, 5, 0, 0, 0, 0, 0, 0, 0, 0, 0, 0]	nl	"In Frankrijk is het begrip ""allochtonen"" een onbekend verschijnsel."
['In', 'het', 'zuidelijke', 'gedeelte', 'van', 'de', 'baai', 'ligt', 'een', 'marinebasis', 'van', 'de', 'Verenigde', 'Staten', 'genaamd', 'Guantanamo', 'Bay', '.']	[0, 0, 0, 0, 0, 0, 0, 0, 0, 0, 0, 0, 5, 6, 0, 5, 6, 0]	nl	In het zuidelijke gedeelte van de baai ligt een marinebasis van de Verenigde Staten genaamd Guantanamo Bay.
['Intussen', 'is', 'er', 'wel', 'een', 'autobrug', 'naast', 'de', 'spoorbrug', 'aangelegd', 'in', 'de', 'jaren', '50', ',', 'waardoor', 'de', 'eeuwenoude', 'pont', 'naar', 'Oeffelt', 'uit', 'de', 'vaart', 'kan', 'worden', 'genomen', '.']	[0, 0, 0, 0, 0, 0, 0, 0, 0, 0, 0, 0, 0, 0, 0, 0, 0, 0, 0, 0, 5, 0, 0, 0, 0, 0, 0, 0]	nl	Intussen is er wel een autobrug naast de spoorbrug aangelegd in de jaren 50, waardoor de eeuwenoude pont naar Oeffelt uit de vaart kan worden genomen.
['De', 'wetenschappelijke', 'naam', 'van', 'de', 'soort', 'werd', 'in', '1865', 'gepubliceerd', 'door', 'Augustus', 'Radcliffe', 'Grote', '.']	[0, 0, 0, 0, 0, 0, 0, 0, 0, 0, 0, 1, 2, 2, 0]	nl	De wetenschappelijke naam van de soort werd in 1865 gepubliceerd door Augustus Radcliffe Grote.
['De', 'industrie', 'omvat', 'scheepsbouw', 'en', '-', 'reparatie', '(', 'een', 'van', 'de', 'grootste', 'werven', 'van', 'Spanje', ')', 'maar', 'ook', 'machine', '-', 'en', 'vliegtuigindustrie', '.']	[0, 0, 0, 0, 0, 0, 0, 0, 0, 0, 0, 0, 0, 0, 5, 0, 0, 0, 0, 0, 0, 0, 0]	nl	De industrie omvat scheepsbouw en - reparatie (een van de grootste werven van Spanje) maar ook machine - en vliegtuigindustrie.
['In', 'de', 'film', 'spelen', 'onder', 'anderen', 'William', 'Holden', 'en', 'Humphrey', 'Bogart', 'mee', '.']	[0, 0, 0, 0, 0, 0, 1, 2, 0, 1, 2, 0, 0]	nl	In de film spelen onder anderen William Holden en Humphrey Bogart mee.
"['Maar', 'helaas', ';', '""', 'Omsk', 'is', 'een', 'mooie', 'stad', ',', 'maar', 'net', 'iets', 'te', 'ver', 'weg', '""', '.']"	[0, 0, 0, 0, 5, 0, 0, 0, 0, 0, 0, 0, 0, 0, 0, 0, 0, 0]	nl	"Maar helaas; ""Omsk is een mooie stad, maar net iets te ver weg""."
['Carlo', 'Maria', 'Martini', ',', 'die', 'hem', 'schrijft', ':', '“', 'Dank', 'u', 'voor', 'de', 'moed', ',', 'die', 'niemand', 'anders', 'heeft', 'opgebracht', ',', 'om', 'mensen', 'weer', 'hoop', 'te', 'geven', 'tijdens', 'de', 'periode', 'waarin', 'ze', 'wachten', 'op', 'het', 'proces', 'waar', 'ze', 'recht', 'op', 'hebben', '”', '.']	[1, 2, 2, 0, 0, 0, 0, 0, 0, 0, 0, 0, 0, 0, 0, 0, 0, 0, 0, 0, 0, 0, 0, 0, 0, 0, 0, 0, 0, 0, 0, 0, 0, 0, 0, 0, 0, 0, 0, 0, 0, 0, 0]	nl	Carlo Maria Martini, die hem schrijft: “Dank u voor de moed, die niemand anders heeft opgebracht, om mensen weer hoop te geven tijdens de periode waarin ze wachten op het proces waar ze recht op hebben ”.
['De', 'buitenmuren', 'werden', 'opgetrokken', 'van', 'grijze', 'gneis', ',', 'gedolven', 'nabij', 'Ellicott', 'City', ',', 'Maryland', '.']	[0, 0, 0, 0, 0, 0, 0, 0, 0, 0, 5, 6, 0, 5, 0]	nl	De buitenmuren werden opgetrokken van grijze gneis, gedolven nabij Ellicott City, Maryland.
['Later', 'ging', 'hij', 'de', 'catering', 'verzorgen', 'voor', 'de', 'businessseats', 'bij', 'RSC', 'Anderlecht', '.']	[0, 0, 0, 0, 0, 0, 0, 0, 0, 0, 3, 4, 0]	nl	Later ging hij de catering verzorgen voor de businessseats bij RSC Anderlecht.
['Vanuit', 'moederparochie', 'Watermaal', 'zouden', 'later', 'de', 'omliggende', 'parochies', 'ontstaan', '.']	[0, 0, 5, 0, 0, 0, 0, 0, 0, 0]	nl	Vanuit moederparochie Watermaal zouden later de omliggende parochies ontstaan.
['De', 'soort', 'komt', 'voor', 'in', 'Zuid-Afrika', 'en', 'Namibië', '.']	[0, 0, 0, 0, 0, 5, 0, 5, 0]	nl	De soort komt voor in Zuid-Afrika en Namibië.
"['De', 'naam', 'betrof', 'een', 'samenvoeging', 'van', '""', 'hef', '""', 'met', 'de', 'betekenis', 'van', ""'"", 'zee', ""'"", '(', 'vergelijk', '""', 'haf', '""', ')', 'en', 'afkomstig', 'van', 'de', 'naam', 'van', 'het', 'gehucht', 'Hefswal', ',', 'en', '""', 'huizen', '""', ',', 'dat', 'uit', 'de', 'namen', 'Uithuizen', 'en', 'Uithuizermeeden', 'komt', '.']"	[0, 0, 0, 0, 0, 0, 0, 0, 0, 0, 0, 0, 0, 0, 0, 0, 0, 0, 0, 0, 0, 0, 0, 0, 0, 0, 0, 0, 0, 0, 5, 0, 0, 0, 0, 0, 0, 0, 0, 0, 0, 5, 0, 5, 0, 0]	nl	"De naam betrof een samenvoeging van ""hef"" met de betekenis van 'zee' (vergelijk ""haf"") en afkomstig van de naam van het gehucht Hefswal, en ""huizen"", dat uit de namen Uithuizen en Uithuizermeeden komt."
['Hij', 'ontdekte', 'in', '2002', 'dat', 'hij', 'een', 'broer', 'had', ',', 'die', 'tijdens', 'de', 'Tweede', 'Wereldoorlog', 'door', 'zijn', 'moeder', 'was', 'afgestaan', 'voor', 'adoptie', '.']	[0, 0, 0, 0, 0, 0, 0, 0, 0, 0, 0, 0, 0, 7, 8, 0, 0, 0, 0, 0, 0, 0, 0]	nl	Hij ontdekte in 2002 dat hij een broer had, die tijdens de Tweede Wereldoorlog door zijn moeder was afgestaan voor adoptie.
"['Een', 'van', 'de', 'uitdrukkingen', 'bevat', 'het', 'woord', ""'"", 'Shipoopi', ""'"", ';', 'dit', 'had', 'Meredith', 'Willson', 'zelf', 'bedacht', 'en', 'had', 'verder', 'geen', 'betekenis', '.']"	[0, 0, 0, 0, 0, 0, 0, 0, 0, 0, 0, 0, 0, 1, 2, 0, 0, 0, 0, 0, 0, 0, 0]	nl	Een van de uitdrukkingen bevat het woord 'Shipoopi'; dit had Meredith Willson zelf bedacht en had verder geen betekenis.
"['Deze', 'mantra', 'was', 'het', 'uitgangspunt', 'voor', 'de', 'ontwikkeling', 'van', 'Linux', ',', 'en', 'opensourcesoftware', 'in', 'het', 'algemeen', ',', 'waarbij', 'men', 'het', ""'"", 'publiek', ""'"", 'inzicht', 'geeft', 'in', 'de', 'broncode', 'van', 'een', 'softwareproduct', 'en', 'uitbreidingen', 'en', 'verbeteringen', 'van', 'het', 'publiek', 'accepteert', '.']"	[0, 0, 0, 0, 0, 0, 0, 0, 0, 7, 0, 0, 0, 0, 0, 0, 0, 0, 0, 0, 0, 0, 0, 0, 0, 0, 0, 0, 0, 0, 0, 0, 0, 0, 0, 0, 0, 0, 0, 0]	nl	Deze mantra was het uitgangspunt voor de ontwikkeling van Linux, en opensourcesoftware in het algemeen, waarbij men het 'publiek' inzicht geeft in de broncode van een softwareproduct en uitbreidingen en verbeteringen van het publiek accepteert.
['De', 'soort', 'werd', 'voor', 'het', 'eerst', 'wetenschappelijk', 'beschreven', 'door', 'Arend', 'Friedrich', 'August', 'Wiegmann', 'in', '1834', '.']	[0, 0, 0, 0, 0, 0, 0, 0, 0, 1, 2, 2, 2, 0, 0, 0]	nl	De soort werd voor het eerst wetenschappelijk beschreven door Arend Friedrich August Wiegmann in 1834.
"['lory', '""', 'komt', 'voor', 'op', 'Vogelkop', 'en', 'de', 'eilanden', 'westelijk', 'daarvan', '.']"	[0, 0, 0, 0, 0, 5, 0, 0, 0, 0, 0, 0]	nl	"lory ""komt voor op Vogelkop en de eilanden westelijk daarvan."
['Ze', 'is', 'het', 'best', 'bekend', 'voor', 'haar', 'huwelijk', 'met', 'rapper', '/', 'acteur', 'Ice-T', 'en', 'haar', 'buitenproportionele', 'lichamelijke', 'verhoudingen', '.']	[0, 0, 0, 0, 0, 0, 0, 0, 0, 0, 0, 0, 1, 0, 0, 0, 0, 0, 0]	nl	Ze is het best bekend voor haar huwelijk met rapper / acteur Ice-T en haar buitenproportionele lichamelijke verhoudingen.
['Ze', 'nodigden', 'George', 'Harrison', 'uit', 'om', 'te', 'komen', 'luisteren', 'naar', 'hun', 'muziek', '.']	[0, 0, 1, 2, 0, 0, 0, 0, 0, 0, 0, 0, 0]	nl	Ze nodigden George Harrison uit om te komen luisteren naar hun muziek.
['Voor', 'de', 'Tweede', 'Wereldoorlog', 'waren', 'er', 'maar', 'weinig', '(', 'blanke', ')', 'Franse', 'politici', 'die', 'daar', 'voorstander', 'van', 'waren', '.']	[0, 0, 7, 8, 0, 0, 0, 0, 0, 0, 0, 7, 0, 0, 0, 0, 0, 0, 0]	nl	Voor de Tweede Wereldoorlog waren er maar weinig (blanke) Franse politici die daar voorstander van waren.
['De', 'handel', 'over', 'land', 'verliep', 'voornamelijk', 'over', 'Afghanistan', '.']	[0, 0, 0, 0, 0, 0, 0, 5, 0]	nl	De handel over land verliep voornamelijk over Afghanistan.
['Hij', 'begon', 'zijn', 'loopbaan', 'in', 'de', 'Poolse', 'tweede', 'klasse', 'bij', 'Śląsk', 'Wrocław', '.']	[0, 0, 0, 0, 0, 0, 7, 0, 0, 0, 3, 4, 0]	nl	Hij begon zijn loopbaan in de Poolse tweede klasse bij Śląsk Wrocław.
['In', 'deze', 'periode', 'werd', 'hij', 'een', 'vaste', 'waarde', 'in', 'het', 'Engels', 'voetbalelftal', '.']	[0, 0, 0, 0, 0, 0, 0, 0, 0, 0, 3, 4, 0]	nl	In deze periode werd hij een vaste waarde in het Engels voetbalelftal.
['In', 'de', 'winter', 'op', 'Antarctica', 'verdragen', 'de', 'pinguïns', 'vier', 'maanden', 'van', 'duisternis', '.']	[0, 0, 0, 0, 5, 0, 0, 0, 0, 0, 0, 0, 0]	nl	In de winter op Antarctica verdragen de pinguïns vier maanden van duisternis.
"['Verder', 'wilde', 'het', 'dat', 'Lombardije', 'een', 'aparte', 'constitutionele', 'status', 'zou', 'krijgen', ',', 'zoals', 'dat', 'bij', 'regio', ""'s"", 'met', 'een', 'aanzienlijke', 'non-Italiaanse', 'minderheid', '(', 'Trentino-Zuid-Tirol', ',', 'Valle', ""D'Aosta"", 'en', 'Friuli-Venezia', 'Giulia', ')', 'al', 'het', 'geval', 'was', '.']"	[0, 0, 0, 0, 5, 0, 0, 0, 0, 0, 0, 0, 0, 0, 0, 0, 0, 0, 0, 0, 0, 0, 0, 5, 0, 5, 6, 0, 5, 6, 0, 0, 0, 0, 0, 0]	nl	Verder wilde het dat Lombardije een aparte constitutionele status zou krijgen, zoals dat bij regio 's met een aanzienlijke non-Italiaanse minderheid (Trentino-Zuid-Tirol, Valle D'Aosta en Friuli-Venezia Giulia) al het geval was.
['Hij', 'tekende', 'in', '2014', 'bij', 'Hamburger', 'SV', '.']	[0, 0, 0, 0, 0, 3, 4, 0]	nl	Hij tekende in 2014 bij Hamburger SV.
['Daarnaast', 'wist', 'hij', 'twee', 'etappes', 'te', 'winnen', 'in', 'de', 'Ronde', 'van', 'Spanje', ',', 'zijn', 'zesde', 'en', 'zevende', 'in', 'die', 'ronde', '.']	[0, 0, 0, 0, 0, 0, 0, 0, 0, 7, 8, 8, 0, 0, 0, 0, 0, 0, 0, 0, 0]	nl	Daarnaast wist hij twee etappes te winnen in de Ronde van Spanje, zijn zesde en zevende in die ronde.
"['Door', 'het', 'uitbrengen', 'van', 'drie', 'opeenvolgende', 'sterke', 'lp', ""'s"", 'en', 'door', 'energieke', 'en', 'uitgebreide', 'tournees', ',', 'verwierf', 'Cream', 'een', 'internationale', 'reputatie', ',', 'die', 'amper', 'onderdeed', 'voor', 'die', 'van', 'The', 'Beatles', 'en', 'The', 'Rolling', 'Stones', '.']"	[0, 0, 0, 0, 0, 0, 0, 0, 0, 0, 0, 0, 0, 0, 0, 0, 0, 3, 0, 0, 0, 0, 0, 0, 0, 0, 0, 0, 3, 4, 0, 3, 4, 4, 0]	nl	Door het uitbrengen van drie opeenvolgende sterke lp 's en door energieke en uitgebreide tournees, verwierf Cream een internationale reputatie, die amper onderdeed voor die van The Beatles en The Rolling Stones.
['Daarnaast', 'bleek', 'ook', 'Algerije', 'niet', 'langer', 'prioriteit', 'te', 'geven', 'aan', 'het', 'slepende', 'conflict', 'met', 'buurland', 'Marokko', '.']	[0, 0, 0, 5, 0, 0, 0, 0, 0, 0, 0, 0, 0, 0, 0, 5, 0]	nl	Daarnaast bleek ook Algerije niet langer prioriteit te geven aan het slepende conflict met buurland Marokko.
['Op', 'het', 'EK', 'van', '1994', 'in', 'Helsinki', 'sprong', 'hij', 'knap', 'over', '5,90', 'en', 'won', 'hiermee', 'een', 'zilveren', 'medaille', '.']	[0, 0, 7, 0, 0, 0, 5, 0, 0, 0, 0, 0, 0, 0, 0, 0, 0, 0, 0]	nl	Op het EK van 1994 in Helsinki sprong hij knap over 5,90 en won hiermee een zilveren medaille.
"['De', '""', 'pottenschepen', '""', 'voeren', 'naar', 'Rotterdam', '.']"	[0, 0, 0, 0, 0, 0, 5, 0]	nl	"De ""pottenschepen"" voeren naar Rotterdam."
['Haar', 'vader', 'merkte', 'haar', 'talent', 'op', 'en', 'liet', 'haar', 'bij', 'de', 'beeldhouwer', 'Alfred', 'Boucher', 'lessen', 'volgen', '.']	[0, 0, 0, 0, 0, 0, 0, 0, 0, 0, 0, 0, 1, 2, 0, 0, 0]	nl	Haar vader merkte haar talent op en liet haar bij de beeldhouwer Alfred Boucher lessen volgen.
['Hij', 'was', 'er', 'vice-aanvoerder', 'achter', 'Michael', 'Gravgaard', 'en', 'won', 'er', 'twee', 'landskampioenschappen', '.']	[0, 0, 0, 0, 0, 1, 2, 0, 0, 0, 0, 0, 0]	nl	Hij was er vice-aanvoerder achter Michael Gravgaard en won er twee landskampioenschappen.
['De', 'typesoort', 'is', 'een', 'middelgrote', 'sauropode', 'waarvan', 'de', 'lengte', 'door', 'Gregory', 'S.', 'Paul', 'in', '2010', 'op', 'zeventien', 'meter', 'geschat', 'werd', 'en', 'het', 'gewicht', 'op', 'vijftien', 'ton', '.']	[0, 0, 0, 0, 0, 0, 0, 0, 0, 0, 1, 2, 2, 0, 0, 0, 0, 0, 0, 0, 0, 0, 0, 0, 0, 0, 0]	nl	De typesoort is een middelgrote sauropode waarvan de lengte door Gregory S. Paul in 2010 op zeventien meter geschat werd en het gewicht op vijftien ton.
['Na', 'de', 'Eerste', 'Wereldoorlog', 'kwam', 'hij', 'naar', 'Mannheim', 'terug', ',', 'waar', 'hij', 'verder', 'doceerde', 'en', 'een', 'nieuwe', 'stijl', 'van', 'de', 'polyfonie', 'ontwikkelde', '.']	[0, 0, 7, 8, 0, 0, 0, 5, 0, 0, 0, 0, 0, 0, 0, 0, 0, 0, 0, 0, 0, 0, 0]	nl	Na de Eerste Wereldoorlog kwam hij naar Mannheim terug, waar hij verder doceerde en een nieuwe stijl van de polyfonie ontwikkelde.
['In', '1955', 'overleed', 'Charlie', 'Parker', 'en', 'de', 'grote', 'dagen', 'van', 'de', 'bebop', 'waren', 'daarmee', 'geteld', '.']	[0, 0, 0, 1, 2, 0, 0, 0, 0, 0, 0, 0, 0, 0, 0, 0]	nl	In 1955 overleed Charlie Parker en de grote dagen van de bebop waren daarmee geteld.
['Bij', 'Cadzand', 'sloeg', 'water', 'over', 'de', 'dijk', 'en', 'bij', 'Kruiningen', 'werd', 'door', 'de', 'nog', 'openstaande', 'coupure', 'de', 'veerhaven', 'geheel', 'weggeslagen', '.']	[0, 5, 0, 0, 0, 0, 0, 0, 0, 5, 0, 0, 0, 0, 0, 0, 0, 0, 0, 0, 0]	nl	Bij Cadzand sloeg water over de dijk en bij Kruiningen werd door de nog openstaande coupure de veerhaven geheel weggeslagen.
['Op', '20', 'augustus', '1968', 'liep', 'de', 'eerste', 'personenwagen', 'van', 'het', 'type', 'Dacia', '1100', 'van', 'de', 'band', '.']	[0, 0, 0, 0, 0, 0, 0, 0, 0, 0, 0, 7, 8, 0, 0, 0, 0]	nl	Op 20 augustus 1968 liep de eerste personenwagen van het type Dacia 1100 van de band.
['Hij', 'mocht', 'met', 'nog', 'enkele', 'minuten', 'op', 'de', 'klok', 'invallen', 'voor', 'Mbark', 'Boussoufa', '.']	[0, 0, 0, 0, 0, 0, 0, 0, 0, 0, 0, 1, 2, 0]	nl	Hij mocht met nog enkele minuten op de klok invallen voor Mbark Boussoufa.
['AC', 'Milan', 'verhuurde', 'hem', 'in', 'juli', '2016', 'vervolgens', 'voor', 'een', 'jaar', 'aan', 'PEC', 'Zwolle', '.']	[3, 4, 0, 0, 0, 0, 0, 0, 0, 0, 0, 0, 3, 4, 0]	nl	AC Milan verhuurde hem in juli 2016 vervolgens voor een jaar aan PEC Zwolle.
['Tijdens', 'het', 'seizoen', '2004', '-', '2005', 'zou', 'hij', 'een', 'overstap', 'doen', 'naar', 'het', 'Italiaanse', 'SSC', 'Venezia', '.']	[0, 0, 0, 0, 0, 0, 0, 0, 0, 0, 0, 0, 0, 7, 3, 4, 0]	nl	Tijdens het seizoen 2004 - 2005 zou hij een overstap doen naar het Italiaanse SSC Venezia.
['De', 'middenvelder', 'mocht', 'van', 'bondscoach', 'Javier', 'Aguirre', 'zes', 'minuten', 'voor', 'tijd', 'invallen', 'voor', 'aanvaller', 'Javier', 'Hernández', '.']	[0, 0, 0, 0, 0, 1, 2, 0, 0, 0, 0, 0, 0, 0, 1, 2, 0]	nl	De middenvelder mocht van bondscoach Javier Aguirre zes minuten voor tijd invallen voor aanvaller Javier Hernández.
['Hongwu', 'vertrouwde', 'ook', 'de', 'geletterde', 'elite', '(', 'literaten', ')', 'niet', ',', 'maar', 'herstelde', 'wel', 'het', 'examenstelsel', 'in', 'ere', 'als', 'belangrijkste', 'route', 'naar', 'een', 'ambtelijke', 'loopbaan', '.']	[1, 0, 0, 0, 0, 0, 0, 0, 0, 0, 0, 0, 0, 0, 0, 0, 0, 0, 0, 0, 0, 0, 0, 0, 0, 0]	nl	Hongwu vertrouwde ook de geletterde elite (literaten) niet, maar herstelde wel het examenstelsel in ere als belangrijkste route naar een ambtelijke loopbaan.
['Zijn', 'debuut', 'in', 'de', 'competitie', 'maakte', 'hij', 'vlak', 'daarna', 'in', 'de', 'thuiswedstrijd', 'tegen', 'FC', 'Utrecht', 'op', '18', 'augustus', ',', 'de', 'wedstrijd', 'eindigde', 'in', 'een', '3', '-', '1-overwinning', '.']	[0, 0, 0, 0, 0, 0, 0, 0, 0, 0, 0, 0, 0, 3, 4, 0, 0, 0, 0, 0, 0, 0, 0, 0, 0, 0, 0, 0]	nl	Zijn debuut in de competitie maakte hij vlak daarna in de thuiswedstrijd tegen FC Utrecht op 18 augustus, de wedstrijd eindigde in een 3 - 1-overwinning.
['In', 'bredere', 'zin', 'wordt', 'de', 'term', 'wel', 'gebruikt', 'voor', 'alle', 'stamvaders', 'van', 'Adam', 'tot', 'en', 'met', 'Abraham', '.']	[0, 0, 0, 0, 0, 0, 0, 0, 0, 0, 0, 0, 1, 0, 0, 0, 1, 0]	nl	In bredere zin wordt de term wel gebruikt voor alle stamvaders van Adam tot en met Abraham.
['Ze', 'gaven', 'hun', 'naam', 'aan', 'Korjakië', ',', 'een', 'voormalig', 'autonoom', 'district', 'binnen', 'diezelfde', 'kraj', '.']	[0, 0, 0, 0, 0, 5, 0, 0, 0, 0, 0, 0, 0, 0, 0]	nl	Ze gaven hun naam aan Korjakië, een voormalig autonoom district binnen diezelfde kraj.
['In', '2008', 'waren', 'er', '74.944', 'mubans', 'in', 'Thailand', '.']	[0, 0, 0, 0, 0, 0, 0, 5, 0]	nl	In 2008 waren er 74.944 mubans in Thailand.
['Met', 'de', 'bouw', 'van', 'de', 'Afsluitdijk', 'werd', 'in', '1927', 'begonnen', 'en', 'dijk', 'werd', 'op', '28', 'mei', '1932', 'gedicht', '.']	[0, 0, 0, 0, 0, 5, 0, 0, 0, 0, 0, 0, 0, 0, 0, 0, 0, 0, 0]	nl	Met de bouw van de Afsluitdijk werd in 1927 begonnen en dijk werd op 28 mei 1932 gedicht.
['Dit', 'vlakke', 'gebied', 'in', 'het', 'noordoosten', 'van', 'het', 'land', 'heet', 'de', 'Dobroedzja', 'en', 'loopt', 'door', 'in', 'Roemenië', '.']	[0, 0, 0, 0, 0, 0, 0, 0, 0, 0, 0, 5, 0, 0, 0, 0, 5, 0]	nl	Dit vlakke gebied in het noordoosten van het land heet de Dobroedzja en loopt door in Roemenië.
['Ze', 'was', 'in', 'een', 'hevige', 'strijd', 'verwikkeld', 'met', 'Sarah', 'Hammer', '.']	[0, 0, 0, 0, 0, 0, 0, 0, 1, 2, 0]	nl	Ze was in een hevige strijd verwikkeld met Sarah Hammer.
['Hij', 'verstuurde', 'twee', 'brieven', 'naar', 'Constantinopel', '.']	[0, 0, 0, 0, 0, 5, 0]	nl	Hij verstuurde twee brieven naar Constantinopel.
['Wim', 'T.', 'Schippers', 'weigerde', 'daarop', 'de', 'quiz', 'in', 'zijn', 'oorspronkelijke', 'vorm', 'te', 'presenteren', '.']	[1, 2, 2, 0, 0, 0, 0, 0, 0, 0, 0, 0, 0, 0]	nl	Wim T. Schippers weigerde daarop de quiz in zijn oorspronkelijke vorm te presenteren.
['Indymedia', 'werd', 'hiermee', 'steeds', 'meer', 'gezien', 'als', 'hét', 'mediacentrum', 'van', 'de', 'internationale', 'beweging', 'tegen', 'de', 'economische', 'globalisering', 'van', 'het', 'neoliberalisme', ',', 'de', 'andersglobaliseringsbeweging', '.']	[3, 0, 0, 0, 0, 0, 0, 0, 0, 0, 0, 0, 0, 0, 0, 0, 0, 0, 0, 0, 0, 0, 0, 0]	nl	Indymedia werd hiermee steeds meer gezien als hét mediacentrum van de internationale beweging tegen de economische globalisering van het neoliberalisme, de andersglobaliseringsbeweging.
['Pas', 'in', 'april', '2009', 'maakte', 'hij', 'zijn', 'competitiedebuut', 'tegen', 'Stade', 'Rennais', '.']	[0, 0, 0, 0, 0, 0, 0, 0, 0, 3, 4, 0]	nl	Pas in april 2009 maakte hij zijn competitiedebuut tegen Stade Rennais.
['Hij', 'begon', 'zijn', 'loopbaan', 'in', '1952', 'bij', 'Athletic', 'Bilbao', 'en', 'speelde', '198', 'duels', 'en', 'scoorde', '36', 'doelpunten', '.']	[0, 0, 0, 0, 0, 0, 0, 3, 4, 0, 0, 0, 0, 0, 0, 0, 0, 0]	nl	Hij begon zijn loopbaan in 1952 bij Athletic Bilbao en speelde 198 duels en scoorde 36 doelpunten.
['Op', '23', 'november', 'echter', 'viel', 'Metz', ',', 'voor', 'de', 'eerste', 'keer', 'sinds', 'de', 'Frans-Duitse', 'Oorlog', '.']	[0, 0, 0, 0, 0, 5, 0, 0, 0, 0, 0, 0, 0, 7, 8, 0]	nl	Op 23 november echter viel Metz, voor de eerste keer sinds de Frans-Duitse Oorlog.
['Onder', 'bondscoach', 'Per-Mathias', 'Høgmo', 'verving', 'hij', 'na', 'rust', 'Ola', 'Kamara', '.']	[0, 0, 1, 2, 0, 0, 0, 0, 1, 2, 0]	nl	Onder bondscoach Per-Mathias Høgmo verving hij na rust Ola Kamara.
['Het', 'Macedonisch', 'is', 'nauw', 'verwant', 'aan', 'het', 'Bulgaars', 'en', 'wordt', 'in', 'Bulgarije', 'gezien', 'als', 'een', 'dialect', 'of', 'variëteit', 'daarvan', '.']	[0, 7, 0, 0, 0, 0, 0, 7, 0, 0, 0, 5, 0, 0, 0, 0, 0, 0, 0, 0]	nl	Het Macedonisch is nauw verwant aan het Bulgaars en wordt in Bulgarije gezien als een dialect of variëteit daarvan.
['Hij', 'won', 'het', 'festival', 'Evropesma', 'dat', 'de', 'kandidaat', 'voor', 'het', 'land', 'moest', 'aanduiden', ',', 'er', 'werd', 'enkel', 'met', 'televoting', 'gewerkt', '.']	[0, 0, 0, 0, 7, 0, 0, 0, 0, 0, 0, 0, 0, 0, 0, 0, 0, 0, 0, 0, 0]	nl	Hij won het festival Evropesma dat de kandidaat voor het land moest aanduiden, er werd enkel met televoting gewerkt.
['Hij', 'tekende', 'in', '2012', 'bij', 'Yokohama', 'FC', '.']	[0, 0, 0, 0, 0, 3, 4, 0]	nl	Hij tekende in 2012 bij Yokohama FC.
['In', '1571', 'schreef', 'hij', 'zich', 'in', 'Parijs', 'in', 'als', 'advocaat', '.']	[0, 0, 0, 0, 0, 0, 5, 0, 0, 0, 0]	nl	In 1571 schreef hij zich in Parijs in als advocaat.
['Dat', 'werd', 'geen', 'succes', 'en', 'na', '6', 'maanden', 'trok', 'hij', 'weer', 'naar', 'Portugal', ',', 'waar', 'hij', 'voor', 'FC', 'Porto', 'ging', 'spelen', '.']	[0, 0, 0, 0, 0, 0, 0, 0, 0, 0, 0, 0, 5, 0, 0, 0, 0, 3, 4, 0, 0, 0]	nl	Dat werd geen succes en na 6 maanden trok hij weer naar Portugal, waar hij voor FC Porto ging spelen.
['Van', '1911', 'tot', '1932', 'was', 'hij', 'redacteur', 'van', 'het', 'tijdschrift', 'Annals', 'of', 'Mathematics', '.']	[0, 0, 0, 0, 0, 0, 0, 0, 0, 0, 7, 8, 8, 0]	nl	Van 1911 tot 1932 was hij redacteur van het tijdschrift Annals of Mathematics.
['De', 'dwergdadelpalm', 'komt', 'van', 'nature', 'voor', 'in', 'Indochina', '.']	[0, 0, 0, 0, 0, 0, 0, 5, 0]	nl	De dwergdadelpalm komt van nature voor in Indochina.
['Hij', 'verving', 'tijdens', 'deze', 'wedstrijd', 'in', 'de', '61ste', 'minuut', 'Miguel', 'Ángel', 'Herrera', '.']	[0, 0, 0, 0, 0, 0, 0, 0, 0, 1, 2, 2, 0]	nl	Hij verving tijdens deze wedstrijd in de 61ste minuut Miguel Ángel Herrera.
['Quincy', 'Jones', 'meldde', 'zich', 'als', 'producer', '.']	[1, 2, 0, 0, 0, 0, 0]	nl	Quincy Jones meldde zich als producer.
['USA', 'Network', 'begon', 'met', 'het', 'uitzenden', 'van', 'herhalingen', 'op', '6', 'januari', '2005', '.']	[3, 4, 0, 0, 0, 0, 0, 0, 0, 0, 0, 0, 0]	nl	USA Network begon met het uitzenden van herhalingen op 6 januari 2005.
['Het', 'is', 'een', 'bijtende', 'politieke', 'satire', 'over', 'de', 'privékolonie', 'van', 'koning', 'Leopold', 'II', 'van', 'België', ',', 'de', 'Kongo-Vrijstaat', '.']	[0, 0, 0, 0, 0, 0, 0, 0, 0, 0, 0, 1, 2, 2, 2, 0, 0, 5, 0]	nl	Het is een bijtende politieke satire over de privékolonie van koning Leopold II van België, de Kongo-Vrijstaat.
['Bij', 'deze', 'beschietingen', 'vallen', 'regelmatig', 'gewonden', 'en', 'soms', 'ook', 'doden', ',', 'een', 'vaak', 'getroffen', 'stad', 'is', 'het', 'vlak', 'naast', 'de', 'Gazastrook', 'gelegen', 'Sderot', '.']	[0, 0, 0, 0, 0, 0, 0, 0, 0, 0, 0, 0, 0, 0, 0, 0, 0, 0, 0, 0, 5, 0, 5, 0]	nl	Bij deze beschietingen vallen regelmatig gewonden en soms ook doden, een vaak getroffen stad is het vlak naast de Gazastrook gelegen Sderot.
['Het', 'warme', 'en', 'vochtige', 'seizoen', 'wordt', 'veroorzaakt', 'door', 'een', 'groot', 'lagedrukgebied', 'dat', 'zich', 'uitstrekt', 'over', 'een', 'groot', 'deel', 'van', 'de', 'Indische', 'Oceaan', 'en', 'Centraal-Afrika', '.']	[0, 0, 0, 0, 0, 0, 0, 0, 0, 0, 0, 0, 0, 0, 0, 0, 0, 0, 0, 0, 5, 6, 0, 5, 0]	nl	Het warme en vochtige seizoen wordt veroorzaakt door een groot lagedrukgebied dat zich uitstrekt over een groot deel van de Indische Oceaan en Centraal-Afrika.
['Hij', 'tekende', 'in', '2010', 'bij', 'Kashiwa', 'Reysol', '.']	[0, 0, 0, 0, 0, 3, 4, 0]	nl	Hij tekende in 2010 bij Kashiwa Reysol.
['De', 'wetenschappelijke', 'naam', 'van', 'de', 'soort', 'werd', 'voor', 'het', 'eerst', 'voorgesteld', 'door', 'John', 'Edward', 'Gray', 'in', '1842', '.']	[0, 0, 0, 0, 0, 0, 0, 0, 0, 0, 0, 0, 1, 2, 2, 0, 0, 0]	nl	De wetenschappelijke naam van de soort werd voor het eerst voorgesteld door John Edward Gray in 1842.
['De', 'grootte', 'van', 'de', 'populatie', 'werd', 'in', '2016', 'door', 'BirdLife', 'International', 'geschat', 'op', '250', 'tot', '999', 'individuen', 'en', 'de', 'populatie-aantallen', 'nemen', 'af', '.']	[0, 0, 0, 0, 0, 0, 0, 0, 0, 3, 4, 0, 0, 0, 0, 0, 0, 0, 0, 0, 0, 0, 0]	nl	De grootte van de populatie werd in 2016 door BirdLife International geschat op 250 tot 999 individuen en de populatie-aantallen nemen af.
['Voor', 'het', 'Nederlands', 'is', 'dat', 'lange', 'tijd', 'de', 'vertaling', 'van', 'het', 'Nederlands', 'Bijbelgenootschap', 'uit', '1951', 'geweest', ',', 'ook', 'wel', 'bekend', 'als', 'de', 'NBG-vertaling', '.']	[0, 0, 7, 0, 0, 0, 0, 0, 0, 0, 0, 3, 4, 0, 0, 0, 0, 0, 0, 0, 0, 0, 0, 0]	nl	Voor het Nederlands is dat lange tijd de vertaling van het Nederlands Bijbelgenootschap uit 1951 geweest, ook wel bekend als de NBG-vertaling.
['Hij', 'won', 'de', 'eerste', 'twee', 'races', 'van', 'het', 'seizoen', 'op', 'het', 'stratencircuit', 'van', 'Saint', 'Petersburg', 'en', 'werd', 'daarmee', 'de', 'derde', 'Indy', 'Lights', 'coureur', 'die', 'een', 'dubbele', 'overwinning', 'haalde', 'in', 'zijn', 'debuutraces', '.']	[0, 0, 0, 0, 0, 0, 0, 0, 0, 0, 0, 0, 0, 5, 6, 0, 0, 0, 0, 0, 7, 8, 0, 0, 0, 0, 0, 0, 0, 0, 0, 0]	nl	Hij won de eerste twee races van het seizoen op het stratencircuit van Saint Petersburg en werd daarmee de derde Indy Lights coureur die een dubbele overwinning haalde in zijn debuutraces.
['Het', 'stadion', 'is', 'gebouwd', 'voor', 'de', 'viering', 'van', 'honderd', 'jaar', 'onafhankelijkheid', 'van', 'Uruguay', '.']	[0, 0, 0, 0, 0, 0, 0, 0, 0, 0, 0, 0, 5, 0]	nl	Het stadion is gebouwd voor de viering van honderd jaar onafhankelijkheid van Uruguay.
['Ook', 'in', 'zijn', 'tweede', 'jaar', 'bij', 'Oranje', 'Zwart', 'werd', 'hij', 'landskampioen', '.']	[0, 0, 0, 0, 0, 0, 3, 4, 0, 0, 0, 0]	nl	Ook in zijn tweede jaar bij Oranje Zwart werd hij landskampioen.
['Zo', 'werd', 'Hugo', 'Coveliers', 'uit', 'de', 'partij', 'gezet', 'wegens', 'zijn', 'aanhoudende', 'kritiek', 'op', 'het', 'voortzetten', 'van', 'het', 'cordon', 'sanitaire', '.']	[0, 0, 1, 2, 0, 0, 0, 0, 0, 0, 0, 0, 0, 0, 0, 0, 0, 0, 0, 0]	nl	Zo werd Hugo Coveliers uit de partij gezet wegens zijn aanhoudende kritiek op het voortzetten van het cordon sanitaire.
['Ook', 'ontwikkelden', 'ze', 'Nintendogs', '.']	[0, 0, 0, 7, 0]	nl	Ook ontwikkelden ze Nintendogs.
['Hij', 'heeft', 'als', 'trainer', 'voornamelijk', 'carrière', 'gemaakt', 'in', 'Griekenland', ',', 'waar', 'hij', 'jarenlang', 'OFI', 'Kreta', 'leidde', '.']	[0, 0, 0, 0, 0, 0, 0, 0, 5, 0, 0, 0, 0, 3, 4, 0, 0]	nl	Hij heeft als trainer voornamelijk carrière gemaakt in Griekenland, waar hij jarenlang OFI Kreta leidde.
['De', 'belangrijkste', 'oorzaak', 'daarvan', 'is', 'dat', 'Aristoteles', '(', 'en', 'zijn', 'commentatoren', ')', 'expliciet', 'reageerde', 'op', 'zijn', 'filosofie', '.']	[0, 0, 0, 0, 0, 0, 1, 0, 0, 0, 0, 0, 0, 0, 0, 0, 0, 0]	nl	De belangrijkste oorzaak daarvan is dat Aristoteles (en zijn commentatoren) expliciet reageerde op zijn filosofie.
['De', 'aflevering', 'introduceerde', 'Burgess', 'Meredith', 'in', 'de', 'serie', '.']	[0, 0, 0, 1, 2, 0, 0, 0, 0]	nl	De aflevering introduceerde Burgess Meredith in de serie.
"['Het', 'is', 'een', 'deel', 'van', 'de', 'gemeente', 'Mikonos', ',', 'in', 'de', 'Griekse', 'bestuurlijke', 'regio', '(', '""', 'periferia', '""', ')', 'Zuid-Egeïsche', 'Eilanden', '.']"	[0, 0, 0, 0, 0, 0, 0, 5, 0, 0, 0, 7, 0, 0, 0, 0, 0, 0, 0, 5, 6, 0]	nl	"Het is een deel van de gemeente Mikonos, in de Griekse bestuurlijke regio (""periferia"") Zuid-Egeïsche Eilanden."
['In', 'Boedapest', 'nam', 'ze', 'deel', 'aan', 'de', 'wereldkampioenschappen', 'openwaterzwemmen', '2017', '.']	[0, 5, 0, 0, 0, 0, 0, 0, 0, 0, 0]	nl	In Boedapest nam ze deel aan de wereldkampioenschappen openwaterzwemmen 2017.
['De', 'film', 'heeft', 'echter', 'geen', 'verband', 'met', 'de', 'serie', 'van', 'Hannah', 'Montana', 'en', 'wordt', 'als', 'documentaire', 'vertoond', '.']	[0, 0, 0, 0, 0, 0, 0, 0, 0, 0, 7, 8, 0, 0, 0, 0, 0, 0]	nl	De film heeft echter geen verband met de serie van Hannah Montana en wordt als documentaire vertoond.
['Er', 'werd', 'door', 'diverse', 'overheden', 'geïnvesteerd', 'in', 'de', 'aanleg', 'van', 'gebieden', 'voor', 'kleine', 'en', 'middelgrote', 'ondernemeningen', 'en', 'nieuwe', 'winkelcentra', ',', 'in', 'nieuwe', 'en', 'gerenoveerde', 'woonzones', ',', 'het', 'opnemen', 'van', 'een', 'aanzienlijk', 'gebied', 'in', 'het', 'eerste', 'nationaal', 'park', 'van', 'het', 'Vlaams', 'Gewest', 'en', 'het', 'opzetten', 'van', 'een', 'infrastructuur', 'voor', 'zachte', 'vormen', 'van', 'toerisme', '.']	[0, 0, 0, 0, 0, 0, 0, 0, 0, 0, 0, 0, 0, 0, 0, 0, 0, 0, 0, 0, 0, 0, 0, 0, 0, 0, 0, 0, 0, 0, 0, 0, 0, 0, 0, 0, 0, 0, 0, 5, 6, 0, 0, 0, 0, 0, 0, 0, 0, 0, 0, 0, 0]	nl	Er werd door diverse overheden geïnvesteerd in de aanleg van gebieden voor kleine en middelgrote ondernemeningen en nieuwe winkelcentra, in nieuwe en gerenoveerde woonzones, het opnemen van een aanzienlijk gebied in het eerste nationaal park van het Vlaams Gewest en het opzetten van een infrastructuur voor zachte vormen van toerisme.
['Tijdens', 'de', 'Dertigjarige', 'Oorlog', ',', 'die', 'goeddeels', 'samenviel', 'met', 'de', 'tweede', 'fase', 'van', 'de', 'Tachtigjarige', 'Oorlog', ',', 'was', 'in', 'sommige', 'sectoren', 'sprake', 'van', 'stagnatie', ',', 'in', 'andere', 'van', 'groei', '.']	[0, 0, 7, 8, 0, 0, 0, 0, 0, 0, 0, 0, 0, 0, 7, 8, 0, 0, 0, 0, 0, 0, 0, 0, 0, 0, 0, 0, 0, 0]	nl	Tijdens de Dertigjarige Oorlog, die goeddeels samenviel met de tweede fase van de Tachtigjarige Oorlog, was in sommige sectoren sprake van stagnatie, in andere van groei.
['Korte', 'tijd', 'later', 'vond', 'een', 'reeks', 'zware', 'ontploffingen', 'plaats', 'waarvan', 'het', 'geluid', 'volgens', 'de', 'overlevering', 'tot', 'op', 'Texel', 'te', 'horen', 'was', '.']	[0, 0, 0, 0, 0, 0, 0, 0, 0, 0, 0, 0, 0, 0, 0, 0, 0, 5, 0, 0, 0, 0]	nl	Korte tijd later vond een reeks zware ontploffingen plaats waarvan het geluid volgens de overlevering tot op Texel te horen was.
['Hij', 'verruilde', 'UC', 'Sampdoria', 'in', 'januari', '2020', 'voor', 'Atalanta', 'Bergamo', ',', 'dat', 'hem', 'in', 'het', 'voorgaande', 'seizoen', 'al', 'huurde', '.']	[0, 0, 3, 4, 0, 0, 0, 0, 3, 4, 0, 0, 0, 0, 0, 0, 0, 0, 0, 0]	nl	Hij verruilde UC Sampdoria in januari 2020 voor Atalanta Bergamo, dat hem in het voorgaande seizoen al huurde.
['Het', 'verhaal', 'van', 'de', 'film', 'wordt', 'verteld', 'door', 'Vincent', 'Price', '.']	[0, 0, 0, 0, 0, 0, 0, 0, 1, 2, 0]	nl	Het verhaal van de film wordt verteld door Vincent Price.
['Met', 'name', 'koranisten', 'verwerpen', 'deze', 'opvatting', ',', 'zij', 'beschouwen', 'de', 'hadith', 'teksten', 'als', 'een', 'onbetrouwbare', 'bron', 'die', 'op', 'veel', 'punten', 'de', 'Koran', 'tegenspreekt', ',', 'gebruikt', 'om', 'pre-islamitische', 'Arabische', 'gebruiken', 'aan', 'de', 'islam', 'toe', 'te', 'voegen', 'en', 'de', 'islam', 'te', 'institutionaliseren', '.']	[0, 0, 0, 0, 0, 0, 0, 0, 0, 0, 0, 0, 0, 0, 0, 0, 0, 0, 0, 0, 0, 7, 0, 0, 0, 0, 0, 7, 0, 0, 0, 0, 0, 0, 0, 0, 0, 0, 0, 0, 0]	nl	Met name koranisten verwerpen deze opvatting, zij beschouwen de hadith teksten als een onbetrouwbare bron die op veel punten de Koran tegenspreekt, gebruikt om pre-islamitische Arabische gebruiken aan de islam toe te voegen en de islam te institutionaliseren.
['In', 'januari', '2012', 'maakte', 'hij', 'de', 'overstap', 'naar', 'RKC', 'Waalwijk', '.']	[0, 0, 0, 0, 0, 0, 0, 0, 3, 4, 0]	nl	In januari 2012 maakte hij de overstap naar RKC Waalwijk.
['Op', 'last', 'van', 'de', 'overste', 'der', 'Lazaristen', 'keerde', 'hij', 'terug', 'naar', 'Joegoslavië', 'om', 'te', 'gaan', 'doceren', 'aan', 'het', 'seminarie', 'in', 'Ljubljana', '.']	[0, 0, 0, 0, 0, 0, 0, 0, 0, 0, 0, 5, 0, 0, 0, 0, 0, 0, 0, 0, 5, 0]	nl	Op last van de overste der Lazaristen keerde hij terug naar Joegoslavië om te gaan doceren aan het seminarie in Ljubljana.
['Hij', 'vertrok', 'naar', 'Nieuw-Zeeland', 'in', '1862', '.']	[0, 0, 0, 5, 0, 0, 0]	nl	Hij vertrok naar Nieuw-Zeeland in 1862.
['In', '2006', 'kwam', 'de', 'doelman', 'bij', 'SV', 'Mattersburg', 'terecht', ',', 'waarvoor', 'hij', 'twintig', 'wedstrijden', 'speelde', '.']	[0, 0, 0, 0, 0, 0, 3, 4, 0, 0, 0, 0, 0, 0, 0, 0]	nl	In 2006 kwam de doelman bij SV Mattersburg terecht, waarvoor hij twintig wedstrijden speelde.
['Het', 'was', 'reeds', 'duidelijk', 'dat', 'hij', 'niet', 'in', 'de', 'plannen', 'hoorde', 'van', 'manager', 'Alex', 'Ferguson', '.']	[0, 0, 0, 0, 0, 0, 0, 0, 0, 0, 0, 0, 0, 1, 2, 0]	nl	Het was reeds duidelijk dat hij niet in de plannen hoorde van manager Alex Ferguson.
['De', 'republiek', 'ontstond', 'na', 'de', 'Russische', 'Revolutie', 'als', 'opvolger', 'van', 'het', 'gelijknamige', 'emiraat', '.']	[0, 0, 0, 0, 0, 7, 8, 0, 0, 0, 0, 0, 0, 0]	nl	De republiek ontstond na de Russische Revolutie als opvolger van het gelijknamige emiraat.
['Op', '237', 'kilometer', 'van', 'Elephanteiland', 'werd', 'van', 'richting', 'veranderd', '.']	[0, 0, 0, 0, 5, 0, 0, 0, 0, 0]	nl	Op 237 kilometer van Elephanteiland werd van richting veranderd.
['Dit', 'is', 'te', 'lezen', 'in', 'de', 'boekenreeks', 'Pirates', 'of', 'the', 'Caribbean', ':', 'Legends', 'of', 'the', 'Brethren', 'Court', '.']	[0, 0, 0, 0, 0, 0, 0, 7, 8, 8, 8, 8, 8, 8, 8, 8, 8, 0]	nl	Dit is te lezen in de boekenreeks Pirates of the Caribbean: Legends of the Brethren Court.
['In', 'Italië', 'is', 'euthanasie', 'niet', 'bij', 'wet', 'geregeld', '.']	[0, 5, 0, 0, 0, 0, 0, 0, 0]	nl	In Italië is euthanasie niet bij wet geregeld.
['Zo', 'werd', 'een', 'speciale', 'website', 'opgezet', 'en', 'dreigde', 'Aart', 'Staartjes', 'op', 'te', 'stappen', 'als', 'het', 'tijdstip', 'niet', 'gewijzigd', 'zou', 'worden', '.']	[0, 0, 0, 0, 0, 0, 0, 0, 1, 2, 0, 0, 0, 0, 0, 0, 0, 0, 0, 0, 0]	nl	Zo werd een speciale website opgezet en dreigde Aart Staartjes op te stappen als het tijdstip niet gewijzigd zou worden.
['Hij', 'mocht', 'toen', 'invallen', 'in', 'een', 'competitiewedstrijd', 'tegen', 'União', 'Leiria', '.']	[0, 0, 0, 0, 0, 0, 0, 0, 3, 4, 0]	nl	Hij mocht toen invallen in een competitiewedstrijd tegen União Leiria.
['Tot', '1940', 'lag', 'hier', 'ook', 'Napoleon', 'II', ',', 'de', 'enige', 'zoon', 'van', 'Napoleon', 'Bonaparte', 'en', 'Marie', 'Louise', 'van', 'Oostenrijk', '.']	[0, 0, 0, 0, 0, 1, 2, 0, 0, 0, 0, 0, 1, 2, 0, 1, 2, 2, 2, 0]	nl	Tot 1940 lag hier ook Napoleon II, de enige zoon van Napoleon Bonaparte en Marie Louise van Oostenrijk.
['Daarbij', 'komt', 'nog', 'dat', 'zijn', 'eer', 'gekrenkt', 'wordt', 'omdat', 'Draupadi', 'hem', 'uitlacht', ',', 'omdat', 'hij', 'de', 'spiegelingen', 'van', 'het', 'paleis', 'niet', 'doorziet', 'en', 'in', 'het', 'water', 'valt', '.']	[0, 0, 0, 0, 0, 0, 0, 0, 0, 1, 0, 0, 0, 0, 0, 0, 0, 0, 0, 0, 0, 0, 0, 0, 0, 0, 0, 0]	nl	Daarbij komt nog dat zijn eer gekrenkt wordt omdat Draupadi hem uitlacht, omdat hij de spiegelingen van het paleis niet doorziet en in het water valt.
['Voorts', 'staat', 'er', 'de', 'op', 'vele', 'plaatsen', 'in', 'Hongarije', 'gebruikelijke', 'zuil', ',', 'opgericht', 'als', 'herinnering', 'aan', 'de', 'grote', 'pestepidemie', '.']	[0, 0, 0, 0, 0, 0, 0, 0, 5, 0, 0, 0, 0, 0, 0, 0, 0, 0, 0, 0]	nl	Voorts staat er de op vele plaatsen in Hongarije gebruikelijke zuil, opgericht als herinnering aan de grote pestepidemie.
['Later', 'verhuisde', 'de', 'fabriek', 'naar', 'Schwerin', '.']	[0, 0, 0, 0, 0, 5, 0]	nl	Later verhuisde de fabriek naar Schwerin.
['Er', 'zijn', 'twee', 'hellingen', 'van', 'dit', 'type', 'gebouwd', 'en', 'deze', 'liggen', 'allebei', 'in', 'Frankrijk', '.']	[0, 0, 0, 0, 0, 0, 0, 0, 0, 0, 0, 0, 0, 5, 0]	nl	Er zijn twee hellingen van dit type gebouwd en deze liggen allebei in Frankrijk.
['In', '2009', 'werd', 'vastgesteld', 'dat', 'het', 'er', 'zich', 'een', 'vruchtbare', 'populatie', 'had', 'gevormd', 'in', 'de', 'Oderhaf', '.']	[0, 0, 0, 0, 0, 0, 0, 0, 0, 0, 0, 0, 0, 0, 0, 5, 0]	nl	In 2009 werd vastgesteld dat het er zich een vruchtbare populatie had gevormd in de Oderhaf.
['Jampäl', 'Gyatso', 'weigerde', 'dat', 'echter', 'met', 'als', 'motief', 'dat', 'hij', 'eerst', 'zijn', 'studies', 'wil', 'voltooien', '.']	[1, 2, 0, 0, 0, 0, 0, 0, 0, 0, 0, 0, 0, 0, 0, 0]	nl	Jampäl Gyatso weigerde dat echter met als motief dat hij eerst zijn studies wil voltooien.
"['Aan', 'vrouwen', 'werd', 'een', 'verruimde', 'arbeidsplicht', 'opgelegd', 'en', 'elke', 'man', 'of', 'jongen', 'die', 'een', 'wapen', 'kon', 'dragen', 'werd', 'opgeroepen', 'in', 'de', '""', 'Volkssturm', '""', '.']"	[0, 0, 0, 0, 0, 0, 0, 0, 0, 0, 0, 0, 0, 0, 0, 0, 0, 0, 0, 0, 0, 0, 3, 0, 0]	nl	"Aan vrouwen werd een verruimde arbeidsplicht opgelegd en elke man of jongen die een wapen kon dragen werd opgeroepen in de ""Volkssturm""."
['Deze', 'schorsing', 'werd', 'in', 'oktober', '2012', 'overgenomen', 'door', 'het', 'UCI', 'en', 'zijn', 'Touroverwinningen', 'moest', 'hij', 'inleveren', '.']	[0, 0, 0, 0, 0, 0, 0, 0, 0, 3, 0, 0, 0, 0, 0, 0, 0]	nl	Deze schorsing werd in oktober 2012 overgenomen door het UCI en zijn Touroverwinningen moest hij inleveren.
['Het', 'politieke', 'en', 'economische', 'centrum', 'van', 'Duitsland', 'verplaatste', 'zich', 'naar', 'het', 'oosten', '.']	[0, 0, 0, 0, 0, 0, 5, 0, 0, 0, 0, 0, 0]	nl	Het politieke en economische centrum van Duitsland verplaatste zich naar het oosten.
['Zie', 'ook', 'Strijd', 'om', 'Walcheren', '.']	[0, 0, 7, 8, 8, 0]	nl	Zie ook Strijd om Walcheren.
['Dat', 'een', 'dergelijk', 'gevaar', 'niet', 'denkbeeldig', 'is', ',', 'blijkt', 'uit', 'het', 'feit', 'dat', 'tientallen', 'mensen', 'die', 'in', 'de', 'Verenigde', 'Staten', 'in', 'een', 'dodencel', 'zaten', ',', 'later', 'alsnog', 'heropening', 'van', 'hun', 'proces', 'en', 'vrijlating', 'verkregen', '.']	[0, 0, 0, 0, 0, 0, 0, 0, 0, 0, 0, 0, 0, 0, 0, 0, 0, 0, 5, 6, 0, 0, 0, 0, 0, 0, 0, 0, 0, 0, 0, 0, 0, 0, 0]	nl	Dat een dergelijk gevaar niet denkbeeldig is, blijkt uit het feit dat tientallen mensen die in de Verenigde Staten in een dodencel zaten, later alsnog heropening van hun proces en vrijlating verkregen.
['De', 'overige', 'treffers', 'kwamen', 'op', 'naam', 'van', 'Milan', 'Galić', '(', '2', ')', 'en', 'Dragan', 'Džajić', '(', '2', ')', '.']	[0, 0, 0, 0, 0, 0, 0, 1, 2, 0, 0, 0, 0, 1, 2, 0, 0, 0, 0]	nl	De overige treffers kwamen op naam van Milan Galić (2) en Dragan Džajić (2).
['In', '1794', 'maakte', 'de', 'Franse', 'bezetting', 'een', 'einde', 'aan', 'de', 'autonomie', 'van', 'het', 'Land', 'van', 'Ravenstein', '.']	[0, 0, 0, 0, 0, 0, 0, 0, 0, 0, 0, 0, 0, 5, 6, 6, 0]	nl	In 1794 maakte de Franse bezetting een einde aan de autonomie van het Land van Ravenstein.
['Een', 'oorlog', 'met', 'Bulgarije', 'resulteerde', 'in', 'een', 'nederlaag', '.']	[0, 0, 0, 5, 0, 0, 0, 0, 0]	nl	Een oorlog met Bulgarije resulteerde in een nederlaag.
['Rwanda', 'was', 'de', 'jaren', 'daarvoor', 'verwikkeld', 'in', 'een', 'burgeroorloog', '.']	[5, 0, 0, 0, 0, 0, 0, 0, 0, 0]	nl	Rwanda was de jaren daarvoor verwikkeld in een burgeroorloog.
['In', 'de', 'finale', 'tegen', 'Cercle', 'Brugge', 'speelde', 'hij', 'de', 'volledige', 'wedstrijd', '.']	[0, 0, 0, 0, 3, 4, 0, 0, 0, 0, 0, 0]	nl	In de finale tegen Cercle Brugge speelde hij de volledige wedstrijd.
['Op', 'een', 'warme', 'zomerdag', 'zit', 'Alice', 'Liddell', 'aan', 'de', 'oever', 'van', 'een', 'meertje', 'samen', 'met', 'haar', 'oudere', 'zus', ',', 'die', 'een', 'saai', 'boek', 'aan', 'het', 'voorlezen', 'is', '.']	[0, 0, 0, 0, 0, 1, 2, 0, 0, 0, 0, 0, 0, 0, 0, 0, 0, 0, 0, 0, 0, 0, 0, 0, 0, 0, 0, 0]	nl	Op een warme zomerdag zit Alice Liddell aan de oever van een meertje samen met haar oudere zus, die een saai boek aan het voorlezen is.
['Hij', 'speelde', 'tenorsaxofoon', 'bij', 'verschillende', 'orkesten', ',', 'maar', 'kreeg', 'vooral', 'bekendheid', 'als', 'saxofonist', 'bij', 'de', 'band', 'van', 'Duke', 'Ellington', '.']	[0, 0, 0, 0, 0, 0, 0, 0, 0, 0, 0, 0, 0, 0, 0, 0, 0, 1, 2, 0]	nl	Hij speelde tenorsaxofoon bij verschillende orkesten, maar kreeg vooral bekendheid als saxofonist bij de band van Duke Ellington.
['Het', 'bos', 'is', 'een', 'restant', 'van', 'de', 'uitgestrekte', 'bosgordel', 'die', 'in', 'de', 'middeleeuwen', 'Brugge', 'en', 'Gent', 'verbond', '.']	[0, 0, 0, 0, 0, 0, 0, 0, 0, 0, 0, 0, 0, 5, 0, 5, 0, 0]	nl	Het bos is een restant van de uitgestrekte bosgordel die in de middeleeuwen Brugge en Gent verbond.
['In', '2013', 'werd', 'die', 'laatste', 'opgevolgd', 'door', 'Elke', 'Van', 'den', 'Brandt', '.']	[0, 0, 0, 0, 0, 0, 0, 1, 2, 2, 2, 0]	nl	In 2013 werd die laatste opgevolgd door Elke Van den Brandt.
['Na', 'stopzetting', 'werd', 'de', 'serie', 'opgevolgd', 'door', 'Ben', '10', ':', 'Ultimate', 'Alien', '.']	[0, 0, 0, 0, 0, 0, 0, 7, 8, 8, 8, 8, 0]	nl	Na stopzetting werd de serie opgevolgd door Ben 10: Ultimate Alien.
"['In', 'Japan', 'worden', 'deze', 'eilanden', 'de', '""', 'Noordelijke', 'territoria', '""', 'genoemd', '.']"	[0, 5, 0, 0, 0, 0, 0, 0, 0, 0, 0, 0]	nl	"In Japan worden deze eilanden de ""Noordelijke territoria"" genoemd."
['Het', 'belangrijkste', 'gevolg', 'was', 'de', 'desertie', 'van', 'de', 'Griekse', 'huurlingen', 'in', 'Bactrië', '.']	[0, 0, 0, 0, 0, 0, 0, 0, 7, 0, 0, 5, 0]	nl	Het belangrijkste gevolg was de desertie van de Griekse huurlingen in Bactrië.
['In', 'de', 'eerste', 'twee', 'competitiewedstrijden', 'van', 'het', 'voetbalseizoen', '2009', '/', '2010', 'werd', 'hij', 'al', 'vroegtijdig', 'naar', 'de', 'kant', 'gehaald', 'omdat', 'hij', 'toch', 'niet', 'zo', 'voetbalde', 'zoals', 'Mario', 'Been', 'graag', 'zou', 'zien', '.']	[0, 0, 0, 0, 0, 0, 0, 0, 0, 0, 0, 0, 0, 0, 0, 0, 0, 0, 0, 0, 0, 0, 0, 0, 0, 0, 1, 2, 0, 0, 0, 0]	nl	In de eerste twee competitiewedstrijden van het voetbalseizoen 2009 / 2010 werd hij al vroegtijdig naar de kant gehaald omdat hij toch niet zo voetbalde zoals Mario Been graag zou zien.
['Sinds', 'juli', '2011', 'is', 'hij', 'ambassadeur', 'in', 'Afghanistan', '.']	[0, 0, 0, 0, 0, 0, 0, 5, 0]	nl	Sinds juli 2011 is hij ambassadeur in Afghanistan.
['Daarvoor', 'speelde', 'hij', 'op', '20', 'juli', '2010', 'voor', 'het', 'eerst', 'in', 'het', 'eerste', 'team', ',', 'in', 'een', 'oefenwedstrijd', 'tegen', 'VfL', 'Wolfsburg', '.']	[0, 0, 0, 0, 0, 0, 0, 0, 0, 0, 0, 0, 0, 0, 0, 0, 0, 0, 0, 3, 4, 0]	nl	Daarvoor speelde hij op 20 juli 2010 voor het eerst in het eerste team, in een oefenwedstrijd tegen VfL Wolfsburg.
['Hij', 'krijgt', 'hier', 'James', 'Calado', 'als', 'teamgenoot', '.']	[0, 0, 0, 1, 2, 0, 0, 0]	nl	Hij krijgt hier James Calado als teamgenoot.
['Op', '1', 'augustus', '1834', 'werd', 'de', 'slavernij', 'afgeschaft', ',', 'negenentwintig', 'jaar', 'voor', 'Suriname', '.']	[0, 0, 0, 0, 0, 0, 0, 0, 0, 0, 0, 0, 5, 0]	nl	Op 1 augustus 1834 werd de slavernij afgeschaft, negenentwintig jaar voor Suriname.
['Aan', 'de', 'westkust', 'van', 'de', 'landengte', 'ligt', 'de', 'Andamanse', 'Zee', ',', 'aan', 'de', 'oostkust', 'de', 'Golf', 'van', 'Thailand', '.']	[0, 0, 0, 0, 0, 0, 0, 0, 5, 6, 0, 0, 0, 0, 0, 5, 6, 6, 0]	nl	Aan de westkust van de landengte ligt de Andamanse Zee, aan de oostkust de Golf van Thailand.
['In', '2015', 'tekende', 'hij', 'een', 'contract', 'bij', 'Colorado', 'Rapids', '.']	[0, 0, 0, 0, 0, 0, 0, 3, 4, 0]	nl	In 2015 tekende hij een contract bij Colorado Rapids.
"['Vervolgens', 'werd', 'een', 'nieuwe', 'serie', 'gemaakt', ':', '""', 'Star', 'Wars', 'Rebels', '""', '.']"	[0, 0, 0, 0, 0, 0, 0, 0, 7, 8, 8, 0, 0]	nl	"Vervolgens werd een nieuwe serie gemaakt: ""Star Wars Rebels""."
['Tussen', '2007', 'en', '2010', 'bekleedde', 'hij', 'verschillende', '(', 'ministers', ')', 'posten', 'in', 'de', 'regering', 'van', 'Gordon', 'Brown', '.']	[0, 0, 0, 0, 0, 0, 0, 0, 0, 0, 0, 0, 0, 0, 0, 1, 2, 0]	nl	Tussen 2007 en 2010 bekleedde hij verschillende (ministers) posten in de regering van Gordon Brown.
['Daarna', 'speelde', 'hij', 'bij', 'AS', 'Roma', '.']	[0, 0, 0, 0, 3, 4, 0]	nl	Daarna speelde hij bij AS Roma.
['Golden', 'State', 'Warriors', 'was', 'opnieuw', 'de', 'tegenstander', '.']	[3, 4, 4, 0, 0, 0, 0, 0]	nl	Golden State Warriors was opnieuw de tegenstander.
['Op', '28', 'oktober', '2011', 'maakte', 'de', 'WWE', 'via', 'WWE', '.']	[0, 0, 0, 0, 0, 0, 3, 0, 3, 0]	nl	Op 28 oktober 2011 maakte de WWE via WWE.
['Deze', 'editie', 'werd', '3', 'juni', '2014', 'uitgebracht', 'voor', 'de', 'PlayStation', '3', 'en', 'Xbox', '360', '.']	[0, 0, 0, 0, 0, 0, 0, 0, 0, 7, 8, 0, 7, 8, 0]	nl	Deze editie werd 3 juni 2014 uitgebracht voor de PlayStation 3 en Xbox 360.
['De', 'wetenschappelijke', 'naam', 'van', 'de', 'soort', 'is', 'voor', 'het', 'eerst', 'geldig', 'gepubliceerd', 'in', '1876', 'door', 'Charles', 'Oberthür', '.']	[0, 0, 0, 0, 0, 0, 0, 0, 0, 0, 0, 0, 0, 0, 0, 1, 2, 0]	nl	De wetenschappelijke naam van de soort is voor het eerst geldig gepubliceerd in 1876 door Charles Oberthür.
['De', 'wedstrijd', 'start', 'de', 'laatste', 'jaren', 'bijna', 'nooit', 'meer', 'in', 'Parijs', 'zelf', ',', 'maar', 'in', 'een', 'van', 'diens', 'voorsteden', 'of', 'een', 'nabijgelegen', 'stad', '.']	[0, 0, 0, 0, 0, 0, 0, 0, 0, 0, 5, 0, 0, 0, 0, 0, 0, 0, 0, 0, 0, 0, 0, 0]	nl	De wedstrijd start de laatste jaren bijna nooit meer in Parijs zelf, maar in een van diens voorsteden of een nabijgelegen stad.
['Ondanks', 'felle', 'protesten', 'in', 'India', 'werden', 'tienduizenden', 'kinderen', 'bevrijd', '.']	[0, 0, 0, 0, 5, 0, 0, 0, 0, 0]	nl	Ondanks felle protesten in India werden tienduizenden kinderen bevrijd.
['De', 'soort', 'komt', 'endemisch', 'voor', 'op', 'de', 'Seychellen', ',', 'een', 'eilandengroep', 'ten', 'noorden', 'van', 'het', 'Afrikaanse', 'eiland', 'Madagaskar', '.']	[0, 0, 0, 0, 0, 0, 0, 5, 0, 0, 0, 0, 0, 0, 0, 7, 0, 5, 0]	nl	De soort komt endemisch voor op de Seychellen, een eilandengroep ten noorden van het Afrikaanse eiland Madagaskar.
['Op', 'de', '4x100', 'meter', 'wisselslag', 'werd', 'hij', 'samen', 'met', 'Hugues', 'Duboscq', ',', 'Florent', 'Manaudou', 'en', 'Fabien', 'Gilot', 'uitgeschakeld', 'in', 'de', 'series', '.']	[0, 0, 0, 0, 0, 0, 0, 0, 0, 1, 2, 0, 1, 2, 0, 1, 2, 0, 0, 0, 0, 0]	nl	Op de 4x100 meter wisselslag werd hij samen met Hugues Duboscq, Florent Manaudou en Fabien Gilot uitgeschakeld in de series.
['Alleen', 'gedurende', 'de', 'Spaanse', 'Burgeroorlog', 'heeft', 'de', 'bouw', 'enkele', 'jaren', 'stilgelegen', '.']	[0, 0, 0, 7, 8, 0, 0, 0, 0, 0, 0, 0]	nl	Alleen gedurende de Spaanse Burgeroorlog heeft de bouw enkele jaren stilgelegen.
['Hij', 'was', 'getrouwd', 'met', 'de', 'dochter', 'van', 'oud-president', 'Roque', 'Sáenz', 'Peña', '.']	[0, 0, 0, 0, 0, 0, 0, 0, 1, 2, 2, 0]	nl	Hij was getrouwd met de dochter van oud-president Roque Sáenz Peña.
['Enkele', 'prominente', 'partijleden', 'onder', 'wie', 'Marcus', 'Bakker', ',', 'Joop', 'Vogt', 'en', 'Marko', 'Mazeland', 'verlieten', 'de', 'partij', 'vanwege', 'deze', 'kwestie', '.']	[0, 0, 0, 0, 0, 1, 2, 0, 1, 2, 0, 1, 2, 0, 0, 0, 0, 0, 0, 0]	nl	Enkele prominente partijleden onder wie Marcus Bakker, Joop Vogt en Marko Mazeland verlieten de partij vanwege deze kwestie.
['Daarvoor', 'is', 'een', 'bestaande', 'bollenschuur', 'in', 'Lisse', 'omgebouwd', 'tot', 'crematorium', '.']	[0, 0, 0, 0, 0, 0, 5, 0, 0, 0, 0]	nl	Daarvoor is een bestaande bollenschuur in Lisse omgebouwd tot crematorium.
['In', '1960', 'werd', 'hij', 'gekozen', 'tot', 'voorzitter', 'van', 'de', 'British', 'Aircraft', 'Corporation', '.']	[0, 0, 0, 0, 0, 0, 0, 0, 0, 3, 4, 4, 0]	nl	In 1960 werd hij gekozen tot voorzitter van de British Aircraft Corporation.
['Hij', 'scoorde', '35', 'doelpunten', 'in', '116', 'wedstrijden', 'en', 'vertrok', 'in', 'juli', '2016', 'transfervrij', 'naar', 'SK', 'Sturm', 'Graz', '.']	[0, 0, 0, 0, 0, 0, 0, 0, 0, 0, 0, 0, 0, 0, 3, 4, 4, 0]	nl	Hij scoorde 35 doelpunten in 116 wedstrijden en vertrok in juli 2016 transfervrij naar SK Sturm Graz.
['De', 'vader', 'is', 'haar', 'vriend', ',', 'acteur', 'Norman', 'Reedus', '.']	[0, 0, 0, 0, 0, 0, 0, 1, 2, 0]	nl	De vader is haar vriend, acteur Norman Reedus.
"['De', 'metro', 'van', 'Sint-Petersburg', 'is', 'geopend', 'van', '5:45', ""'s"", 'ochtends', 'tot', 'iets', 'na', 'middernacht', '.']"	[0, 0, 0, 5, 0, 0, 0, 0, 0, 0, 0, 0, 0, 0, 0]	nl	De metro van Sint-Petersburg is geopend van 5:45 's ochtends tot iets na middernacht.
['De', 'soort', 'komt', 'voor', 'in', 'de', 'Grote', 'Oceaan', 'in', 'de', 'buurt', 'van', 'Californië', '.']	[0, 0, 0, 0, 0, 0, 5, 6, 0, 0, 0, 0, 5, 0]	nl	De soort komt voor in de Grote Oceaan in de buurt van Californië.
['Terwijl', 'ze', 'richting', 'feest', 'gaan', ',', 'komen', 'diverse', 'hits', 'voorbij', ',', 'zoals', 'Just', 'Dance', ',', 'LoveGame', ',', 'Telephone', 'en', 'Alejandro', '.']	[0, 0, 0, 0, 0, 0, 0, 0, 0, 0, 0, 0, 7, 8, 0, 7, 0, 7, 0, 7, 0]	nl	Terwijl ze richting feest gaan, komen diverse hits voorbij, zoals Just Dance, LoveGame, Telephone en Alejandro.
['Hij', 'werd', 'een', 'morele', 'autoriteit', 'in', 'de', 'naoorlogse', 'Vlaamse', 'Beweging', '.']	[0, 0, 0, 0, 0, 0, 0, 0, 3, 4, 0]	nl	Hij werd een morele autoriteit in de naoorlogse Vlaamse Beweging.
['Hij', 'werd', 'bekend', 'als', 'gitarist', 'van', 'de', 'popgroep', 'The', 'Corrs', '.']	[0, 0, 0, 0, 0, 0, 0, 0, 3, 4, 0]	nl	Hij werd bekend als gitarist van de popgroep The Corrs.
['Zijn', 'zoon', 'Martin', 'Amis', 'is', 'eveneens', 'een', 'gerespecteerd', 'schrijver', '.']	[0, 0, 1, 2, 0, 0, 0, 0, 0, 0]	nl	Zijn zoon Martin Amis is eveneens een gerespecteerd schrijver.
['Kreta', 'werd', 'daarmee', 'een', 'zeeroversnest', 'en', 'zou', 'dat', 'nog', 'anderhalve', 'eeuw', 'blijven', '.']	[5, 0, 0, 0, 0, 0, 0, 0, 0, 0, 0, 0, 0]	nl	Kreta werd daarmee een zeeroversnest en zou dat nog anderhalve eeuw blijven.
['Op', 'de', 'wereldkampioenschappen', 'van', 'dat', 'jaar', 'in', 'Helsinki', 'strandde', 'hij', 'echter', 'in', 'de', 'halve', 'finales', '.']	[0, 0, 0, 0, 0, 0, 0, 5, 0, 0, 0, 0, 0, 0, 0, 0]	nl	Op de wereldkampioenschappen van dat jaar in Helsinki strandde hij echter in de halve finales.
['Het', 'spel', 'is', 'het', 'vervolg', 'op', 'Gauntlet', '.']	[0, 0, 0, 0, 0, 0, 7, 0]	nl	Het spel is het vervolg op Gauntlet.
['Hij', 'is', 'woonachtig', 'in', 'Weisenheim', 'am', 'Sand', '.']	[0, 0, 0, 0, 5, 6, 6, 0]	nl	Hij is woonachtig in Weisenheim am Sand.
['Het', 'gouvernement', 'Vitebsk', 'bestond', 'tot', '1924', '.']	[0, 0, 5, 0, 0, 0, 0]	nl	Het gouvernement Vitebsk bestond tot 1924.
['Claudia', 'Pechstein', 'won', 'dit', 'jaar', 'één', 'afstandmedaille', 'en', 'bracht', 'haar', 'totaal', 'op', 'dit', 'kampioenschap', 'tot', '25', 'medailles', '(', '7', '-', '11', '-', '7', ')', '.']	[1, 2, 0, 0, 0, 0, 0, 0, 0, 0, 0, 0, 0, 0, 0, 0, 0, 0, 0, 0, 0, 0, 0, 0, 0]	nl	Claudia Pechstein won dit jaar één afstandmedaille en bracht haar totaal op dit kampioenschap tot 25 medailles (7 - 11 - 7).
['Hij', 'promoveerde', 'in', 'Orléans', 'en', 'legde', 'zijn', 'eed', 'als', 'advocaat', 'af', 'in', 'Den', 'Haag', '.']	[0, 0, 0, 5, 0, 0, 0, 0, 0, 0, 0, 0, 5, 6, 0]	nl	Hij promoveerde in Orléans en legde zijn eed als advocaat af in Den Haag.
"['Zijn', 'laatste', 'wedstrijd', 'ooit', 'was', 'er', 'één', 'tegen', 'Elijah', 'Burke', 'in', 'de', 'worstelshow', '""', 'ECW', '""', 'op', '19', 'juni', '2007', '.']"	[0, 0, 0, 0, 0, 0, 0, 0, 1, 2, 0, 0, 0, 0, 7, 0, 0, 0, 0, 0, 0]	nl	"Zijn laatste wedstrijd ooit was er één tegen Elijah Burke in de worstelshow ""ECW"" op 19 juni 2007."
"['Deze', 'hymne', 'heeft', 'een', 'ongepunteerd', 'ritme', 'en', 'leunt', 'daardoor', 'aan', 'bij', 'het', 'meer', 'statige', 'karakter', 'van', 'het', '""', 'Wilhelmus', '""', ',', '""', 'God', 'Save', 'the', 'Queen', '""', 'of', '""', 'Das', 'Lied', 'der', 'Deutschen', '""', '.']"	[0, 0, 0, 0, 0, 0, 0, 0, 0, 0, 0, 0, 0, 0, 0, 0, 0, 0, 7, 0, 0, 0, 7, 8, 8, 8, 0, 0, 0, 7, 8, 8, 8, 0, 0]	nl	"Deze hymne heeft een ongepunteerd ritme en leunt daardoor aan bij het meer statige karakter van het ""Wilhelmus"", ""God Save the Queen"" of ""Das Lied der Deutschen""."
['De', 'suite', 'bestaat', 'uit', 'een', 'webbrowser', ',', 'e-mailclient', ',', 'HTML-editor', 'en', 'een', 'IRC-client', '.']	[0, 0, 0, 0, 0, 0, 0, 0, 0, 7, 0, 0, 7, 0]	nl	De suite bestaat uit een webbrowser, e-mailclient, HTML-editor en een IRC-client.
['Vervolgens', 'ging', 'hij', 'naar', 'Sunderland', 'AFC', ',', 'om', 'in', '1997', 'als', 'speler-trainer', 'aan', 'de', 'slag', 'te', 'gaan', 'bij', 'Burnley', 'FC', '.']	[0, 0, 0, 0, 3, 4, 0, 0, 0, 0, 0, 0, 0, 0, 0, 0, 0, 0, 3, 4, 0]	nl	Vervolgens ging hij naar Sunderland AFC, om in 1997 als speler-trainer aan de slag te gaan bij Burnley FC.
"['Het', 'werd', 'in', '2004', 'uitgebracht', 'als', 'de', 'tweede', 'single', 'van', 'haar', 'derde', 'studioalbum', '""', 'Anastacia', '""', '.']"	[0, 0, 0, 0, 0, 0, 0, 0, 0, 0, 0, 0, 0, 0, 1, 0, 0]	nl	"Het werd in 2004 uitgebracht als de tweede single van haar derde studioalbum ""Anastacia""."
['Hij', 'was', 'het', 'vierde', 'kind', 'en', 'de', 'derde', 'zoon', 'van', 'Karel', 'Bernhard', 'van', 'Saksen-Weimar-Eisenach', 'en', 'prinses', 'Ida', 'van', 'Saksen-Meiningen', '.']	[0, 0, 0, 0, 0, 0, 0, 0, 0, 0, 1, 2, 2, 2, 0, 0, 1, 2, 2, 0]	nl	Hij was het vierde kind en de derde zoon van Karel Bernhard van Saksen-Weimar-Eisenach en prinses Ida van Saksen-Meiningen.
['Hij', 'tekende', 'voor', 'twee', 'seizoen', 'bij', 'Śląsk', 'Wrocław', '.']	[0, 0, 0, 0, 0, 0, 3, 4, 0]	nl	Hij tekende voor twee seizoen bij Śląsk Wrocław.
['Tijdens', 'de', 'voorafgaande', 'planning', 'voor', 'D-Day', ',', 'was', 'hij', 'een', 'fel', 'tegenstander', 'van', 'landingen', 'bij', 'daglicht', '.']	[0, 0, 0, 0, 0, 7, 0, 0, 0, 0, 0, 0, 0, 0, 0, 0, 0]	nl	Tijdens de voorafgaande planning voor D-Day, was hij een fel tegenstander van landingen bij daglicht.
"['In', 'sommige', 'klassieke', 'culturele', 'werken', 'die', 'in', 'bepaalde', 'kringen', 'een', 'hoog', 'aanzien', 'genieten', ',', 'komen', 'soms', 'passages', 'voor', 'die', 'we', 'thans', 'onder', 'onderbroekenlol', 'zouden', 'markeren', ',', 'zoals', 'in', '""', 'The', 'Canterbury', 'Tales', '""', '.']"	[0, 0, 0, 0, 0, 0, 0, 0, 0, 0, 0, 0, 0, 0, 0, 0, 0, 0, 0, 0, 0, 0, 0, 0, 0, 0, 0, 0, 0, 7, 8, 8, 0, 0]	nl	"In sommige klassieke culturele werken die in bepaalde kringen een hoog aanzien genieten, komen soms passages voor die we thans onder onderbroekenlol zouden markeren, zoals in ""The Canterbury Tales""."
['De', 'naam', 'is', 'een', 'eerbetoon', 'aan', 'David', 'di', 'Tommaso', ',', 'de', 'verdediger', 'die', 'meteen', 'in', 'zijn', 'eerste', 'jaar', 'al', 'erg', 'populair', 'was', 'en', 'de', 'prijs', 'voor', 'meest', 'waardevolle', 'speler', 'in', 'ontvangst', 'nam', ',', 'en', 'die', 'in', 'november', '2005', 'plotseling', 'aan', 'een', 'hartstilstand', 'overleed', '.']	[0, 0, 0, 0, 0, 0, 1, 2, 2, 0, 0, 0, 0, 0, 0, 0, 0, 0, 0, 0, 0, 0, 0, 0, 0, 0, 0, 0, 0, 0, 0, 0, 0, 0, 0, 0, 0, 0, 0, 0, 0, 0, 0, 0]	nl	De naam is een eerbetoon aan David di Tommaso, de verdediger die meteen in zijn eerste jaar al erg populair was en de prijs voor meest waardevolle speler in ontvangst nam, en die in november 2005 plotseling aan een hartstilstand overleed.
['Het', 'is', 'een', 'ingewikkelde', 'tijd', 'voor', 'samenstellingen', 'van', 'King', 'Crimson', ',', 'men', 'komt', 'en', 'gaat', ',', 'de', 'band', 'valt', 'uiteen', ',', 'bestaat', 'weer', 'en', 'valt', 'wederom', 'uiteen', '.']	[0, 0, 0, 0, 0, 0, 0, 0, 3, 4, 0, 0, 0, 0, 0, 0, 0, 0, 0, 0, 0, 0, 0, 0, 0, 0, 0, 0]	nl	Het is een ingewikkelde tijd voor samenstellingen van King Crimson, men komt en gaat, de band valt uiteen, bestaat weer en valt wederom uiteen.
['ITER', 'zal', '500', 'megawatt', 'produceren', ',', 'tien', 'maal', 'meer', 'dan', 'nodig', 'is', 'om', 'de', 'reactie', 'op', 'gang', 'te', 'houden', '.']	[3, 0, 0, 0, 0, 0, 0, 0, 0, 0, 0, 0, 0, 0, 0, 0, 0, 0, 0, 0]	nl	ITER zal 500 megawatt produceren, tien maal meer dan nodig is om de reactie op gang te houden.
['Op', 'de', 'Olympische', 'Winterspelen', '2002', 'in', 'Salt', 'Lake', 'City', 'werd', 'ze', 'olympisch', 'kampioene', '.']	[0, 0, 7, 8, 8, 0, 5, 6, 6, 0, 0, 0, 0, 0]	nl	Op de Olympische Winterspelen 2002 in Salt Lake City werd ze olympisch kampioene.
['In', 'Vlaanderen', 'worden', 'ook', 'een', 'docent', 'en', 'hoofddocent', 'met', 'professor', 'aangesproken', ',', 'en', 'bovendien', 'priesters-leraars', 'in', 'colleges', 'en', 'seminaries', '.']	[0, 5, 0, 0, 0, 0, 0, 0, 0, 0, 0, 0, 0, 0, 0, 0, 0, 0, 0, 0]	nl	In Vlaanderen worden ook een docent en hoofddocent met professor aangesproken, en bovendien priesters-leraars in colleges en seminaries.
['Hetzelfde', 'jaar', 'zette', 'ze', 'zich', 'in', 'voor', 'de', 'Ottawa-conventie', 'tegen', 'landmijnen', 'en', 'kwam', 'ze', 'in', 'Haïti', 'in', 'contact', 'met', 'kinderen', 'die', 'zonder', 'proces', 'in', 'erbarmelijke', 'omstandigheden', 'waren', 'opgesloten', 'in', 'gevangenissen', '.']	[0, 0, 0, 0, 0, 0, 0, 0, 7, 0, 0, 0, 0, 0, 0, 5, 0, 0, 0, 0, 0, 0, 0, 0, 0, 0, 0, 0, 0, 0, 0]	nl	Hetzelfde jaar zette ze zich in voor de Ottawa-conventie tegen landmijnen en kwam ze in Haïti in contact met kinderen die zonder proces in erbarmelijke omstandigheden waren opgesloten in gevangenissen.
['In', '2018', 'speelde', 'hij', 'kort', 'voor', 'zowel', 'Bursaspor', 'als', 'Dinamo', 'Boekarest', '.']	[0, 0, 0, 0, 0, 0, 0, 3, 0, 3, 4, 0]	nl	In 2018 speelde hij kort voor zowel Bursaspor als Dinamo Boekarest.
['Pas', 'in', '1974', '/', '75', 'kon', 'hij', 'Wolfgang', 'Blochwitz', 'van', 'de', 'eerste', 'plaats', 'stoten', 'en', 'dat', 'seizoen', 'speelde', 'hij', 'alle', '26', 'wedstrijden', '.']	[0, 0, 0, 0, 0, 0, 0, 1, 2, 0, 0, 0, 0, 0, 0, 0, 0, 0, 0, 0, 0, 0, 0]	nl	Pas in 1974 / 75 kon hij Wolfgang Blochwitz van de eerste plaats stoten en dat seizoen speelde hij alle 26 wedstrijden.
['In', '1970', 'behaalde', 'hij', 'een', 'diploma', 'van', 'de', 'Haagsche', 'Academie', 'voor', 'Internationaal', 'Recht', '.']	[0, 0, 0, 0, 0, 0, 0, 0, 3, 4, 4, 4, 4, 0]	nl	In 1970 behaalde hij een diploma van de Haagsche Academie voor Internationaal Recht.
['Aangezien', 'er', 'bij', 'Feyenoord', 'inmiddels', 'veel', 'spelers', 'op', 'zijn', 'positie', 'binnen', 'de', 'selectie', 'waren', ',', 'werd', 'hij', 'eind', 'januari', '2006', 'op', 'huurbasis', 'overgenomen', 'door', 'ADO', 'Den', 'Haag', '.']	[0, 0, 0, 3, 0, 0, 0, 0, 0, 0, 0, 0, 0, 0, 0, 0, 0, 0, 0, 0, 0, 0, 0, 0, 3, 4, 4, 0]	nl	Aangezien er bij Feyenoord inmiddels veel spelers op zijn positie binnen de selectie waren, werd hij eind januari 2006 op huurbasis overgenomen door ADO Den Haag.
['In', '1983', 'kondigde', 'hij', ',', 'ondanks', 'diverse', 'waarschuwingen', 'dat', 'zijn', 'leven', 'in', 'dat', 'geval', 'gevaar', 'zou', 'lopen', ',', 'aan', 'dat', 'hij', 'toch', 'terug', 'wilde', 'keren', 'naar', 'de', 'Filipijnen', '.']	[0, 0, 0, 0, 0, 0, 0, 0, 0, 0, 0, 0, 0, 0, 0, 0, 0, 0, 0, 0, 0, 0, 0, 0, 0, 0, 0, 5, 0]	nl	In 1983 kondigde hij, ondanks diverse waarschuwingen dat zijn leven in dat geval gevaar zou lopen, aan dat hij toch terug wilde keren naar de Filipijnen.
['De', 'meeste', 'door', 'hem', 'geproduceerde', 'albums', 'zijn', 'van', 'zijn', 'de', 'non-studioalbums', 'van', 'Linkin', 'Park', '.']	[0, 0, 0, 0, 0, 0, 0, 0, 0, 0, 0, 0, 3, 4, 0]	nl	De meeste door hem geproduceerde albums zijn van zijn de non-studioalbums van Linkin Park.
['Vervolgens', 'werkte', 'hij', 'samen', 'met', 'Steve', 'Marriott', '(', 'van', 'de', 'Small', 'Faces', ')', 'in', 'de', 'groep', 'Humble', 'Pie', ',', 'en', 'verder', 'op', 'albums', 'van', 'Harry', 'Nilsson', ',', 'Jerry', 'Lee', 'Lewis', ',', 'en', 'George', 'Harrison', '.']	[0, 0, 0, 0, 0, 1, 2, 0, 0, 0, 3, 4, 0, 0, 0, 0, 3, 4, 0, 0, 0, 0, 0, 0, 1, 2, 0, 1, 2, 2, 0, 0, 1, 2, 0]	nl	Vervolgens werkte hij samen met Steve Marriott (van de Small Faces) in de groep Humble Pie, en verder op albums van Harry Nilsson, Jerry Lee Lewis, en George Harrison.
['Hij', 'was', 'vanaf', '1983', 'tot', 'op', 'late', 'leeftijd', 'professor', 'aan', 'de', 'Rockefeller-universiteit', '.']	[0, 0, 0, 0, 0, 0, 0, 0, 0, 0, 0, 5, 0]	nl	Hij was vanaf 1983 tot op late leeftijd professor aan de Rockefeller-universiteit.
['Ook', 'regisseerde', 'hij', 'het', 'vooruitstrevende', 'muziekprogramma', 'Fenklup', 'met', 'als', 'presentatrice', 'Sonja', 'Barend', ',', 'met', 'wie', 'hij', 'op', '5', 'december', '1968', 'trouwde', '.']	[0, 0, 0, 0, 0, 0, 7, 0, 0, 0, 1, 2, 0, 0, 0, 0, 0, 0, 0, 0, 0, 0]	nl	Ook regisseerde hij het vooruitstrevende muziekprogramma Fenklup met als presentatrice Sonja Barend, met wie hij op 5 december 1968 trouwde.
['Sinds', '2016', 'verzorgt', 'hij', 'de', 'vocals', 'in', 'de', 'poprockband', 'DNCE', '.']	[0, 0, 0, 0, 0, 0, 0, 0, 0, 3, 0]	nl	Sinds 2016 verzorgt hij de vocals in de poprockband DNCE.
['De', 'vleugelstructuur', 'komt', 'overeen', 'met', 'die', 'van', 'de', 'viermotorige', 'Airbus', 'A340', '.']	[0, 0, 0, 0, 0, 0, 0, 0, 0, 7, 8, 0]	nl	De vleugelstructuur komt overeen met die van de viermotorige Airbus A340.
['De', 'actie', 'was', 'bedoeld', 'als', 'protest', 'tegen', 'de', 'in', 'hun', 'ogen', 'corrupte', 'regering', 'van', 'Gloria', 'Macapagal-Arroyo', '.']	[0, 0, 0, 0, 0, 0, 0, 0, 0, 0, 0, 0, 0, 0, 1, 2, 0]	nl	De actie was bedoeld als protest tegen de in hun ogen corrupte regering van Gloria Macapagal-Arroyo.
['Al', 'in', '1944', 'stelde', 'Winston', 'Churchill', 'dat', 'in', 'zoverre', 'de', 'slag', 'als', 'een', 'mislukking', 'moest', 'worden', 'gezien', ',', 'het', 'dan', 'toch', 'een', 'heldhaftig', 'falen', 'was', '.']	[0, 0, 0, 0, 1, 2, 0, 0, 0, 0, 0, 0, 0, 0, 0, 0, 0, 0, 0, 0, 0, 0, 0, 0, 0, 0]	nl	Al in 1944 stelde Winston Churchill dat in zoverre de slag als een mislukking moest worden gezien, het dan toch een heldhaftig falen was.
['Hierna', 'vocht', 'hij', 'tegen', 'regerend', 'wereldkampioen', 'Remy', 'Bonjasky', ',', 'van', 'wie', 'hij', 'verloor', 'op', 'beslissing', 'van', 'de', 'jury', '.']	[0, 0, 0, 0, 0, 0, 1, 2, 0, 0, 0, 0, 0, 0, 0, 0, 0, 0, 0]	nl	Hierna vocht hij tegen regerend wereldkampioen Remy Bonjasky, van wie hij verloor op beslissing van de jury.
['Hij', 'schreef', 'het', 'tijdens', 'het', 'Eerste', 'Stadhouderloze', 'Tijdperk', '(', '1650', '-', '1672', ')', 'toen', 'de', 'druk', 'van', 'de', 'orangisten', 'op', 'de', 'staatsen', 'toenam', '.']	[0, 0, 0, 0, 0, 7, 8, 8, 0, 0, 0, 0, 0, 0, 0, 0, 0, 0, 0, 0, 0, 0, 0, 0]	nl	Hij schreef het tijdens het Eerste Stadhouderloze Tijdperk (1650 - 1672) toen de druk van de orangisten op de staatsen toenam.
['Ze', 'speelden', 'covers', 'van', 'Black', 'Sabbath', '.']	[0, 0, 0, 0, 3, 4, 0]	nl	Ze speelden covers van Black Sabbath.
['Weer', 'ten', 'zuiden', 'van', 'het', 'spoor', 'bevindt', 'zich', 'de', 'wijk', 'Kort', 'Haarlem', '.']	[0, 0, 0, 0, 0, 0, 0, 0, 0, 0, 5, 6, 0]	nl	Weer ten zuiden van het spoor bevindt zich de wijk Kort Haarlem.
['Korte', 'tijd', 'later', 'emigreerde', 'ze', 'naar', 'Nederland', '.']	[0, 0, 0, 0, 0, 0, 5, 0]	nl	Korte tijd later emigreerde ze naar Nederland.
['Tijdens', 'de', 'verhuurperiode', 'speelde', 'hij', 'zich', 'in', 'de', 'kijker', 'bij', 'competitiegenoot', 'CD', 'Numancia', '.']	[0, 0, 0, 0, 0, 0, 0, 0, 0, 0, 0, 3, 4, 0]	nl	Tijdens de verhuurperiode speelde hij zich in de kijker bij competitiegenoot CD Numancia.
['Het', 'is', 'een', 'zuidelijke', 'uitloper', 'van', 'het', 'Hindoekoesj', 'gebergte', '.']	[0, 0, 0, 0, 0, 0, 0, 5, 0, 0]	nl	Het is een zuidelijke uitloper van het Hindoekoesj gebergte.
['In', 'Deventer', 'vielen', 'zijn', 'prestaties', 'tegen', 'en', 'kreeg', 'hij', 'nooit', 'een', 'basisplaats', '.']	[0, 5, 0, 0, 0, 0, 0, 0, 0, 0, 0, 0, 0]	nl	In Deventer vielen zijn prestaties tegen en kreeg hij nooit een basisplaats.
"['""', 'Melanophryniscus', 'stelzneri', '""', 'leeft', 'in', 'delen', 'van', 'Zuid-Amerika', 'en', 'komt', 'endemisch', 'voor', 'in', 'Argentinië', '.']"	[0, 0, 0, 0, 0, 0, 0, 0, 5, 0, 0, 0, 0, 0, 5, 0]	nl	"""Melanophryniscus stelzneri"" leeft in delen van Zuid-Amerika en komt endemisch voor in Argentinië."
['De', 'hoofdstad', 'en', 'tevens', 'grootste', 'stad', 'van', 'het', 'land', 'is', 'Lissabon', '.']	[0, 0, 0, 0, 0, 0, 0, 0, 0, 0, 5, 0]	nl	De hoofdstad en tevens grootste stad van het land is Lissabon.
['Rond', '1295', 'werd', 'er', 'een', 'terp', 'opgeworpen', 'ten', 'oosten', 'van', 'Tuitjenhorn', '.']	[0, 0, 0, 0, 0, 0, 0, 0, 0, 0, 5, 0]	nl	Rond 1295 werd er een terp opgeworpen ten oosten van Tuitjenhorn.
['Als', 'dwaalgast', 'is', 'de', 'soort', 'zelfs', 'op', 'de', 'Falklandeilanden', 'gevonden', '.']	[0, 0, 0, 0, 0, 0, 0, 0, 5, 0, 0]	nl	Als dwaalgast is de soort zelfs op de Falklandeilanden gevonden.
['De', 'hoofdstad', 'van', 'de', 'republiek', 'was', 'Bloemfontein', '.']	[0, 0, 0, 0, 0, 0, 5, 0]	nl	De hoofdstad van de republiek was Bloemfontein.
['Door', 'de', 'geringe', 'handel', ',', 'de', 'negatieve', 'handelsbalans', 'met', 'het', 'Byzantijnse', 'Rijk', 'en', 'de', 'moslims', 'en', 'het', 'verdwijnen', 'van', 'de', 'gouden', 'muntslag', 'was', 'de', 'economie', 'echter', 'min', 'of', 'meer', 'veranderd', 'in', 'een', 'ruileconomie', '.']	[0, 0, 0, 0, 0, 0, 0, 0, 0, 0, 5, 6, 0, 0, 0, 0, 0, 0, 0, 0, 0, 0, 0, 0, 0, 0, 0, 0, 0, 0, 0, 0, 0, 0]	nl	Door de geringe handel, de negatieve handelsbalans met het Byzantijnse Rijk en de moslims en het verdwijnen van de gouden muntslag was de economie echter min of meer veranderd in een ruileconomie.
['Het', 'dialect', 'van', 'Volendam', 'werd', 'pas', 'in', 'de', '20e', 'eeuw', 'voor', 'het', 'eerst', 'onderzocht', '.']	[0, 0, 0, 5, 0, 0, 0, 0, 0, 0, 0, 0, 0, 0, 0]	nl	Het dialect van Volendam werd pas in de 20e eeuw voor het eerst onderzocht.
['Deze', 'finale', 'werd', 'echter', 'na', 'strafschoppen', 'verloren', 'van', 'Steaua', 'Boekarest', ',', 'nadat', 'de', 'wedstrijd', 'in', '0', '-', '0', 'was', 'geëindigd', '.']	[0, 0, 0, 0, 0, 0, 0, 0, 3, 4, 0, 0, 0, 0, 0, 0, 0, 0, 0, 0, 0]	nl	Deze finale werd echter na strafschoppen verloren van Steaua Boekarest, nadat de wedstrijd in 0 - 0 was geëindigd.
"['Deze', 'vriendschap', 'tussen', 'de', 'staatshoofden', 'van', 'België', 'en', 'Japan', 'leidde', 'in', '1992', 'tot', 'een', 'opmerkelijk', 'diplomatiek', '""', 'incident', '""', '.']"	[0, 0, 0, 0, 0, 0, 5, 0, 5, 0, 0, 0, 0, 0, 0, 0, 0, 0, 0, 0]	nl	"Deze vriendschap tussen de staatshoofden van België en Japan leidde in 1992 tot een opmerkelijk diplomatiek ""incident""."
['Met', 'een', 'tijd', 'van', '3.32,24', 'versloeg', 'ze', 'als', 'slotloopster', 'de', 'estafetteploegen', 'uit', 'Polen', '(', 'zilver', ';', '3.32,45', ')', 'en', 'Italië', '(', 'brons', ';', '3.26.49', ')', '.']	[0, 0, 0, 0, 0, 0, 0, 0, 0, 0, 0, 0, 5, 0, 0, 0, 0, 0, 0, 5, 0, 0, 0, 0, 0, 0]	nl	Met een tijd van 3.32,24 versloeg ze als slotloopster de estafetteploegen uit Polen (zilver; 3.32,45) en Italië (brons; 3.26.49).
['Bovendien', 'kon', 'men', 'vaststellen', 'dat', 'de', 'bacterie', 'die', 'de', 'derde', 'pandemie', 'veroorzaakte', 'een', 'afstammeling', 'zou', 'zijn', 'van', 'de', 'bacterie', 'uit', 'Bergen', 'op', 'Zoom', '.']	[0, 0, 0, 0, 0, 0, 0, 0, 0, 0, 0, 0, 0, 0, 0, 0, 0, 0, 0, 0, 5, 6, 6, 0]	nl	Bovendien kon men vaststellen dat de bacterie die de derde pandemie veroorzaakte een afstammeling zou zijn van de bacterie uit Bergen op Zoom.
['Waarschijnlijk', 'trok', 'Hannibal', 'Barkas', 'in', 'oktober', '218', 'v', '.']	[0, 0, 1, 2, 0, 0, 0, 0, 0]	nl	Waarschijnlijk trok Hannibal Barkas in oktober 218 v.
['De', 'hoofdrollen', 'waren', 'voor', 'Al', 'Pacino', 'en', 'Russell', 'Crowe', '.']	[0, 0, 0, 0, 1, 2, 0, 1, 2, 0]	nl	De hoofdrollen waren voor Al Pacino en Russell Crowe.
['De', 'opgravingen', 'toonden', 'aan', 'dat', 'het', 'eiland', 'al', 'van', 'voor', 'de', 'stichting', 'van', 'Alexandrië', 'bewoond', 'werd', 'en', 'dat', 'het', 'rond', '250', 'v', '.']	[0, 0, 0, 0, 0, 0, 0, 0, 0, 0, 0, 0, 0, 5, 0, 0, 0, 0, 0, 0, 0, 0, 0]	nl	De opgravingen toonden aan dat het eiland al van voor de stichting van Alexandrië bewoond werd en dat het rond 250 v.
['Na', 'de', 'overwinning', 'ging', 'het', 'echter', 'bergafwaarts', 'met', 'AC', 'Milan', ',', 'er', 'werd', 'een', 'aantal', 'malen', 'op', 'rij', 'verloren', 'waardoor', 'de', 'club', 'definitief', 'moest', 'afhaken', 'in', 'de', 'titelstrijd', '.']	[0, 0, 0, 0, 0, 0, 0, 0, 3, 4, 0, 0, 0, 0, 0, 0, 0, 0, 0, 0, 0, 0, 0, 0, 0, 0, 0, 0, 0]	nl	Na de overwinning ging het echter bergafwaarts met AC Milan, er werd een aantal malen op rij verloren waardoor de club definitief moest afhaken in de titelstrijd.
['In', '2008', 'behaalde', 'ze', 'haar', 'bachelor', 'in', 'het', 'creatief', 'schrijven', 'op', 'de', 'Oberlin', 'College', '.']	[0, 0, 0, 0, 0, 0, 0, 0, 0, 0, 0, 0, 5, 6, 0]	nl	In 2008 behaalde ze haar bachelor in het creatief schrijven op de Oberlin College.
['Sidney', 'Poitier', 'was', 'hier', 'echter', 'ronduit', 'op', 'tegen', '.']	[1, 2, 0, 0, 0, 0, 0, 0, 0]	nl	Sidney Poitier was hier echter ronduit op tegen.
['Hij', 'werd', 'door', 'Keith', 'Richards', 'en', 'Brian', 'Jones', 'gevraagd', 'om', 'leadzanger', 'te', 'worden', 'van', 'een', 'door', 'hen', 'op', 'te', 'richten', 'popband', 'maar', 'wees', 'het', 'aanbod', 'af', ';', 'vervolgens', 'vroegen', 'ze', 'Mick', 'Jagger', 'of', 'hij', 'wellicht', 'wel', 'interesse', 'had', 'voor', 'het', 'baantje', '.']	[0, 0, 0, 1, 2, 0, 1, 2, 0, 0, 0, 0, 0, 0, 0, 0, 0, 0, 0, 0, 0, 0, 0, 0, 0, 0, 0, 0, 0, 0, 1, 2, 0, 0, 0, 0, 0, 0, 0, 0, 0, 0]	nl	Hij werd door Keith Richards en Brian Jones gevraagd om leadzanger te worden van een door hen op te richten popband maar wees het aanbod af; vervolgens vroegen ze Mick Jagger of hij wellicht wel interesse had voor het baantje.
"['In', 'Thailand', 'is', '""', 'Grand', 'Theft', 'Auto', 'IV', '""', 'om', 'deze', 'reden', 'verboden', '.']"	[0, 5, 0, 0, 7, 8, 8, 8, 0, 0, 0, 0, 0, 0]	nl	"In Thailand is ""Grand Theft Auto IV"" om deze reden verboden."
['Deze', 'laatste', 'soort', 'leeft', 'van', 'tropische', 'vogels', 'uit', 'Zuid-Amerika', 'en', 'wordt', 'door', 'de', 'handel', 'in', 'exotische', 'dieren', 'verspreid', '.']	[0, 0, 0, 0, 0, 0, 0, 0, 5, 0, 0, 0, 0, 0, 0, 0, 0, 0, 0]	nl	Deze laatste soort leeft van tropische vogels uit Zuid-Amerika en wordt door de handel in exotische dieren verspreid.
['Hierop', 'werd', 'de', 'Boeing', '747', 'iets', 'ten', 'westen', 'van', 'het', 'eiland', 'Sachalin', 'door', 'vier', 'straaljagers', 'gevolgd', 'en', 'met', 'een', 'raket', 'neergeschoten', '.']	[0, 0, 0, 7, 8, 0, 0, 0, 0, 0, 0, 5, 0, 0, 0, 0, 0, 0, 0, 0, 0, 0]	nl	Hierop werd de Boeing 747 iets ten westen van het eiland Sachalin door vier straaljagers gevolgd en met een raket neergeschoten.
['In', '1860', 'deed', 'België', 'pogingen', 'tot', 'meer', 'verbroedering', 'met', 'Nederland', 'vanwege', 'de', 'dreigende', 'annexatie', 'door', 'Napoleon', 'III', '.']	[0, 0, 0, 5, 0, 0, 0, 0, 0, 5, 0, 0, 0, 0, 0, 1, 2, 0]	nl	In 1860 deed België pogingen tot meer verbroedering met Nederland vanwege de dreigende annexatie door Napoleon III.
['Via', 'hen', 'leerde', 'ze', 'onder', 'andere', 'Aretha', 'Franklin', 'kennen', ',', 'op', 'wiens', 'stemgebruik', 'ze', 'zich', 'inspireerde', 'voor', 'haar', 'eigen', 'platen', '.']	[0, 0, 0, 0, 0, 0, 1, 2, 0, 0, 0, 0, 0, 0, 0, 0, 0, 0, 0, 0, 0]	nl	Via hen leerde ze onder andere Aretha Franklin kennen, op wiens stemgebruik ze zich inspireerde voor haar eigen platen.
['Otto', 'Hahn', 'en', 'Fritz', 'Strassmann', 'hadden', 'de', 'splijting', 'van', 'een', 'atoomkern', 'bewerkstelligd', ',', 'een', 'gebeurtenis', 'die', 'kort', 'daarna', 'theoretisch', 'werd', 'verklaard', 'door', 'Lise', 'Meitner', 'en', 'Otto', 'Frisch', '.']	[1, 2, 0, 1, 2, 0, 0, 0, 0, 0, 0, 0, 0, 0, 0, 0, 0, 0, 0, 0, 0, 0, 1, 2, 0, 1, 2, 0]	nl	Otto Hahn en Fritz Strassmann hadden de splijting van een atoomkern bewerkstelligd, een gebeurtenis die kort daarna theoretisch werd verklaard door Lise Meitner en Otto Frisch.
['Na', 'een', 'blessure', 'keerde', 'hij', 'niet', 'meer', 'terug', 'bij', 'de', 'club', 'en', 'speelde', 'vervolgens', 'in', 'de', 'jeugd', 'van', 'RKSV', 'Leonidas', 'waar', 'hij', 'ook', 'af', 'en', 'toe', 'met', 'het', 'eerste', 'team', 'mee', 'deed', '.']	[0, 0, 0, 0, 0, 0, 0, 0, 0, 0, 0, 0, 0, 0, 0, 0, 0, 0, 3, 4, 0, 0, 0, 0, 0, 0, 0, 0, 0, 0, 0, 0, 0]	nl	Na een blessure keerde hij niet meer terug bij de club en speelde vervolgens in de jeugd van RKSV Leonidas waar hij ook af en toe met het eerste team mee deed.
['In', 'Nederland', 'is', 'de', 'jacht', 'op', 'de', 'zeehond', 'sinds', '1962', 'verboden', '.']	[0, 5, 0, 0, 0, 0, 0, 0, 0, 0, 0, 0]	nl	In Nederland is de jacht op de zeehond sinds 1962 verboden.
['Belangrijkste', 'steden', 'aan', 'het', 'meer', 'zijn', 'Lappeenranta', ',', 'Mikkeli', ',', 'Savonlinna', 'en', 'Imatra', '.']	[0, 0, 0, 0, 0, 0, 5, 0, 5, 0, 5, 0, 5, 0]	nl	Belangrijkste steden aan het meer zijn Lappeenranta, Mikkeli, Savonlinna en Imatra.
['Tevens', 'verscheen', 'het', 'spel', 'op', 'het', 'verzamelpakket', 'Activision', 'Anthology', '.']	[0, 0, 0, 0, 0, 0, 0, 7, 8, 0]	nl	Tevens verscheen het spel op het verzamelpakket Activision Anthology.
['Daarna', 'heeft', 'de', 'stad', 'eeuwenlang', 'de', 'invloed', 'van', 'Frankrijk', 'ondergaan', '.']	[0, 0, 0, 0, 0, 0, 0, 0, 5, 0, 0]	nl	Daarna heeft de stad eeuwenlang de invloed van Frankrijk ondergaan.
['In', 'de', 'napoleontische', 'tijd', 'werd', 'de', 'handel', 'over', 'de', 'Atlantische', 'Oceaan', 'gesloten', '.']	[0, 0, 0, 0, 0, 0, 0, 0, 0, 5, 6, 0, 0]	nl	In de napoleontische tijd werd de handel over de Atlantische Oceaan gesloten.
['Daarop', 'verleidde', 'hij', 'Adam', 'en', 'Adams', 'vrouw', 'tot', 'het', 'begaan', 'van', 'de', 'zonde', 'door', 'te', 'zweren', 'het', 'juiste', 'met', 'hen', 'voor', 'te', 'hebben', '.']	[0, 0, 0, 1, 0, 1, 0, 0, 0, 0, 0, 0, 0, 0, 0, 0, 0, 0, 0, 0, 0, 0, 0, 0]	nl	Daarop verleidde hij Adam en Adams vrouw tot het begaan van de zonde door te zweren het juiste met hen voor te hebben.
['En', 'vanaf', 'het', 'negentiende', 'seizoen', 'met', 'ook', 'reportages', 'van', 'Nathan', 'de', 'Vries', '.']	[0, 0, 0, 0, 0, 0, 0, 0, 0, 1, 2, 2, 0]	nl	En vanaf het negentiende seizoen met ook reportages van Nathan de Vries.
"['Met', 'de', 'komst', 'van', 'het', '""', 'Wirtschaftswunder', '""', 'in', 'Duitsland', 'veranderden', 'de', 'gewoonten', 'van', 'consumenten', '.']"	[0, 0, 0, 0, 0, 0, 0, 0, 0, 5, 0, 0, 0, 0, 0, 0]	nl	"Met de komst van het ""Wirtschaftswunder"" in Duitsland veranderden de gewoonten van consumenten."
['Bij', 'het', 'uitbreken', 'van', 'de', 'Eerste', 'Wereldoorlog', 'meldde', 'hij', 'zich', 'vrijwillig', 'voor', 'de', 'dienst', 'en', 'werd', 'ingezet', 'aan', 'het', 'westelijk', 'front', '.']	[0, 0, 0, 0, 0, 7, 8, 0, 0, 0, 0, 0, 0, 0, 0, 0, 0, 0, 0, 0, 0, 0]	nl	Bij het uitbreken van de Eerste Wereldoorlog meldde hij zich vrijwillig voor de dienst en werd ingezet aan het westelijk front.
['In', 'IJsland', 'zijn', 'worpen', 'kleiner', ':', 'gemiddeld', 'vijf', 'à', 'zes', 'dieren', 'per', 'worp', '.']	[0, 5, 0, 0, 0, 0, 0, 0, 0, 0, 0, 0, 0, 0]	nl	In IJsland zijn worpen kleiner: gemiddeld vijf à zes dieren per worp.
['Voor', 'het', 'laatste', 'team', 'tekende', 'zij', 'kort', 'voor', 'de', 'start', 'van', 'het', 'seizoen', 'een', 'contract', 'om', 'te', 'racen', 'naast', 'Yu', 'Kanamaru', '.']	[0, 0, 0, 0, 0, 0, 0, 0, 0, 0, 0, 0, 0, 0, 0, 0, 0, 0, 0, 1, 2, 0]	nl	Voor het laatste team tekende zij kort voor de start van het seizoen een contract om te racen naast Yu Kanamaru.
['Daarnaast', 'is', 'hij', 'hopman', 'bij', 'de', 'Jonge', 'Woudlopers', 'en', 'heeft', 'hij', 'een', 'recordaantal', 'insignes', 'op', 'zijn', 'naam', 'staan', '.']	[0, 0, 0, 0, 0, 0, 3, 4, 0, 0, 0, 0, 0, 0, 0, 0, 0, 0, 0]	nl	Daarnaast is hij hopman bij de Jonge Woudlopers en heeft hij een recordaantal insignes op zijn naam staan.
['Tot', 'voor', 'kort', 'was', 'de', 'grens', 'met', 'Saoedi-Arabië', 'ongedefinieerd', '.']	[0, 0, 0, 0, 0, 0, 0, 5, 0, 0]	nl	Tot voor kort was de grens met Saoedi-Arabië ongedefinieerd.
['De', 'familie', 'had', 'eeuwen', 'verschillende', 'rechten', 'in', 'de', 'stad', 'Almelo', ',', 'waaronder', 'het', 'recht', 'om', 'recht', 'te', 'spreken', '.']	[0, 0, 0, 0, 0, 0, 0, 0, 0, 5, 0, 0, 0, 0, 0, 0, 0, 0, 0]	nl	De familie had eeuwen verschillende rechten in de stad Almelo, waaronder het recht om recht te spreken.
['Hij', 'is', 'begraven', 'in', 'Birkenhead', '.']	[0, 0, 0, 0, 5, 0]	nl	Hij is begraven in Birkenhead.
['Ook', 'in', 'het', 'seizoen', '2018', '/', '19', 'werden', 'in', 'de', 'play-offs', 'verloren', ',', 'dit', 'maal', 'van', 'Go', 'Ahead', 'Eagles', '.']	[0, 0, 0, 0, 0, 0, 0, 0, 0, 0, 0, 0, 0, 0, 0, 0, 3, 4, 4, 0]	nl	Ook in het seizoen 2018 / 19 werden in de play-offs verloren, dit maal van Go Ahead Eagles.
['Enkele', 'van', 'de', 'reizen', 'van', 'Zheng', 'He', 'brachten', 'hem', 'bij', 'de', 'eilanden', ',', 'maar', 'hij', 'is', 'er', 'nooit', 'aan', 'land', 'gegaan', '.']	[0, 0, 0, 0, 0, 1, 2, 0, 0, 0, 0, 0, 0, 0, 0, 0, 0, 0, 0, 0, 0, 0]	nl	Enkele van de reizen van Zheng He brachten hem bij de eilanden, maar hij is er nooit aan land gegaan.
['Deze', 'kunnen', 'worden', 'gebruikt', 'op', 'een', 'iPod', ',', 'iPhone', 'en', '/', 'of', 'iPad', 'maar', 'kunnen', 'in', 'de', 'vorm', 'van', 'een', 'iMix', 'ook', 'neergezet', 'worden', 'op', 'de', 'iTunes', 'Store', '.']	[0, 0, 0, 0, 0, 0, 7, 0, 7, 0, 0, 0, 7, 0, 0, 0, 0, 0, 0, 0, 0, 0, 0, 0, 0, 0, 7, 8, 0]	nl	Deze kunnen worden gebruikt op een iPod, iPhone en / of iPad maar kunnen in de vorm van een iMix ook neergezet worden op de iTunes Store.
['Wel', 'ontstond', 'er', 'een', 'kleinschalige', 'ontginning', 'nabij', 'Gasselternijveen', '.']	[0, 0, 0, 0, 0, 0, 0, 5, 0]	nl	Wel ontstond er een kleinschalige ontginning nabij Gasselternijveen.
['Er', 'zouden', 'nog', 'drie', 'zulke', 'conferenties', 'in', 'Moskou', 'volgen', '.']	[0, 0, 0, 0, 0, 0, 0, 5, 0, 0]	nl	Er zouden nog drie zulke conferenties in Moskou volgen.
['Het', 'kasteel', 'wordt', 'reeds', 'beschreven', 'in', 'het', 'Domesday', 'Book', 'van', 'Willem', 'de', 'Veroveraar', '.']	[0, 0, 0, 0, 0, 0, 0, 7, 8, 0, 1, 2, 2, 0]	nl	Het kasteel wordt reeds beschreven in het Domesday Book van Willem de Veroveraar.
['Hoofdrollen', 'waren', 'er', 'voor', 'Jim', 'Carrey', ',', 'Cameron', 'Diaz', 'en', 'Peter', 'Greene', '.']	[0, 0, 0, 0, 1, 2, 0, 1, 2, 0, 1, 2, 0]	nl	Hoofdrollen waren er voor Jim Carrey, Cameron Diaz en Peter Greene.
['De', 'wetenschappelijke', 'naam', 'van', 'de', 'soort', 'werd', 'in', '1911', 'gepubliceerd', 'door', 'Heinrich', 'Ernst', 'Karl', 'Jordan', '.']	[0, 0, 0, 0, 0, 0, 0, 0, 0, 0, 0, 1, 2, 2, 2, 0]	nl	De wetenschappelijke naam van de soort werd in 1911 gepubliceerd door Heinrich Ernst Karl Jordan.
['Zijn', 'beroemde', 'gitaarspel', 'lijkt', 'een', 'kruising', 'tussen', 'de', 'zweverige', 'sound', 'van', 'The', 'Shadows', 'van', 'Hank', 'B.', 'Marvin', 'en', 'het', 'fingerpickingspel', 'van', 'J.J.', 'Cale', '.']	[0, 0, 0, 0, 0, 0, 0, 0, 0, 0, 0, 3, 4, 0, 1, 2, 2, 0, 0, 0, 0, 1, 2, 0]	nl	Zijn beroemde gitaarspel lijkt een kruising tussen de zweverige sound van The Shadows van Hank B. Marvin en het fingerpickingspel van J.J. Cale.
['Hij', 'maakt', 'deel', 'uit', 'van', 'de', 'selectie', 'voor', 'het', 'wereldkampioenschap', 'voetbal', '2006', ',', 'waar', 'hij', 'drie', 'keer', 'in', 'actie', 'kwam', '.']	[0, 0, 0, 0, 0, 0, 0, 0, 0, 7, 8, 8, 0, 0, 0, 0, 0, 0, 0, 0, 0]	nl	Hij maakt deel uit van de selectie voor het wereldkampioenschap voetbal 2006, waar hij drie keer in actie kwam.
['In', 'november', '2007', 'werd', 'een', 'speciale', 'editie', 'ter', 'gelegenheid', 'van', 'het', 'vijfentwintigjarig', 'bestaan', 'van', 'Channel', '4', 'uitgezonden', '.']	[0, 0, 0, 0, 0, 0, 0, 0, 0, 0, 0, 0, 0, 0, 3, 4, 0, 0]	nl	In november 2007 werd een speciale editie ter gelegenheid van het vijfentwintigjarig bestaan van Channel 4 uitgezonden.
['Nadat', 'hij', 'in', 'de', '3e', 'etappe', 'van', 'de', 'Wielerweek', 'van', 'Lombardije', 'naar', 'de', 'zege', 'soleerde', ',', 'was', 'ook', 'de', 'eindzege', 'veilig', 'gesteld', '.']	[0, 0, 0, 0, 0, 0, 0, 0, 7, 8, 8, 0, 0, 0, 0, 0, 0, 0, 0, 0, 0, 0, 0]	nl	Nadat hij in de 3e etappe van de Wielerweek van Lombardije naar de zege soleerde, was ook de eindzege veilig gesteld.
['Hij', 'nam', 'ook', 'twee', 'albums', 'op', 'met', 'Fela', 'Kuti', '.']	[0, 0, 0, 0, 0, 0, 0, 1, 2, 0]	nl	Hij nam ook twee albums op met Fela Kuti.
['Het', 'was', 'een', 'coproductie', ',', 'samen', 'met', 'de', 'Australian', 'Broadcasting', 'Corporation', '.']	[0, 0, 0, 0, 0, 0, 0, 0, 3, 4, 4, 0]	nl	Het was een coproductie, samen met de Australian Broadcasting Corporation.
['Op', '31', 'augustus', '2009', 'werd', 'hij', 'overgenomen', 'door', 'Nîmes', 'Olympique', ',', 'dat', 'speelde', 'in', 'de', 'Ligue', '2', '.']	[0, 0, 0, 0, 0, 0, 0, 0, 3, 4, 0, 0, 0, 0, 0, 3, 4, 0]	nl	Op 31 augustus 2009 werd hij overgenomen door Nîmes Olympique, dat speelde in de Ligue 2.
['Daarna', 'werd', 'hij', 'opzichter', 'van', 'de', 'natuurhistorische', 'collectie', 'van', 'het', 'British', 'Museum', '.']	[0, 0, 0, 0, 0, 0, 0, 0, 0, 0, 5, 6, 0]	nl	Daarna werd hij opzichter van de natuurhistorische collectie van het British Museum.
['Terwijl', 'het', 'aantal', 'Engelsen', 'in', 'de', 'stad', 'geleidelijk', 'minder', 'werd', ',', 'groeide', 'na', 'de', 'Tweede', 'Wereldoorlog', 'de', 'immigrantengroepen', 'afkomstig', 'uit', 'de', 'vroegere', 'Franse', 'koloniën', '.']	[0, 0, 0, 0, 0, 0, 0, 0, 0, 0, 0, 0, 0, 0, 7, 8, 0, 0, 0, 0, 0, 0, 7, 0, 0]	nl	Terwijl het aantal Engelsen in de stad geleidelijk minder werd, groeide na de Tweede Wereldoorlog de immigrantengroepen afkomstig uit de vroegere Franse koloniën.
['Ook', 'Marcelo', 'Gallardo', 'en', 'Gustavo', 'Zapata', 'moesten', 'na', 'twee', 'waarschuwingen', 'inrukken', '.']	[0, 1, 2, 0, 1, 2, 0, 0, 0, 0, 0, 0]	nl	Ook Marcelo Gallardo en Gustavo Zapata moesten na twee waarschuwingen inrukken.
"['Later', 'produceerde', 'hij', 'ook', '250', 'afleveringen', 'van', '""', 'Paulus', 'de', 'boskabouter', '""', 'en', 'andere', 'televisieseries', 'en', 'films', '.']"	[0, 0, 0, 0, 0, 0, 0, 0, 7, 8, 8, 0, 0, 0, 0, 0, 0, 0]	nl	"Later produceerde hij ook 250 afleveringen van ""Paulus de boskabouter"" en andere televisieseries en films."
['In', 'die', 'rol', 'was', 'hij', 'betrokken', 'bij', 'het', 'bevechten', 'van', 'de', 'IRA', 'en', 'het', 'neerslaan', 'van', 'diverse', 'Ierse', 'opstanden', '.']	[0, 0, 0, 0, 0, 0, 0, 0, 0, 0, 0, 3, 0, 0, 0, 0, 0, 7, 0, 0]	nl	In die rol was hij betrokken bij het bevechten van de IRA en het neerslaan van diverse Ierse opstanden.
['Het', 'werd', 'in', '1795', 'een', 'Russisch', 'gouvernement', 'en', 'is', 'sinds', '1918', 'een', 'deel', 'van', 'Letland', '.']	[0, 0, 0, 0, 0, 7, 0, 0, 0, 0, 0, 0, 0, 0, 5, 0]	nl	Het werd in 1795 een Russisch gouvernement en is sinds 1918 een deel van Letland.
['Met', 'het', 'einde', 'van', 'de', 'Koude', 'Oorlog', 'zijn', 'marines', 'ingekrompen', ',', 'terwijl', 'de', 'handel', 'alleen', 'maar', 'is', 'toegenomen', ',', 'wat', 'het', 'de', 'piraten', 'makkelijker', 'heeft', 'gemaakt', '.']	[0, 0, 0, 0, 0, 7, 8, 0, 0, 0, 0, 0, 0, 0, 0, 0, 0, 0, 0, 0, 0, 0, 0, 0, 0, 0, 0]	nl	Met het einde van de Koude Oorlog zijn marines ingekrompen, terwijl de handel alleen maar is toegenomen, wat het de piraten makkelijker heeft gemaakt.
['Heydər', 'Əliyev', 'werd', 'ziek', 'en', 'in', 'april', '2003', 'stortte', 'hij', 'in', 'op', 'het', 'politieke', 'toneel', ',', 'waarna', 'hij', 'niet', 'meer', 'publiekelijk', 'zou', 'verschijnen', '.']	[1, 2, 0, 0, 0, 0, 0, 0, 0, 0, 0, 0, 0, 0, 0, 0, 0, 0, 0, 0, 0, 0, 0, 0]	nl	Heydər Əliyev werd ziek en in april 2003 stortte hij in op het politieke toneel, waarna hij niet meer publiekelijk zou verschijnen.
['Ook', 'op', 'IJsland', 'hebben', 'heksenvervolgingen', 'en', 'heksenverbrandingen', 'plaatsgevonden', '.']	[0, 0, 5, 0, 0, 0, 0, 0, 0]	nl	Ook op IJsland hebben heksenvervolgingen en heksenverbrandingen plaatsgevonden.
['Dat', 'de', 'islamitische', 'filosofie', '–', 'ook', 'sterk', 'beïnvloed', 'door', 'het', 'aristotelisme', '–', 'met', 'gelijksoortige', 'zaken', 'zaken', 'worstelde', ',', 'blijkt', 'onder', 'meer', 'uit', 'dezelfde', 'oplossing', 'die', 'Avicenna', '(', '980', '–', '1037', ')', 'eerder', 'al', 'had', 'gevonden', '.']	[0, 0, 0, 0, 0, 0, 0, 0, 0, 0, 0, 0, 0, 0, 0, 0, 0, 0, 0, 0, 0, 0, 0, 0, 0, 1, 0, 0, 0, 0, 0, 0, 0, 0, 0, 0]	nl	Dat de islamitische filosofie – ook sterk beïnvloed door het aristotelisme – met gelijksoortige zaken zaken worstelde, blijkt onder meer uit dezelfde oplossing die Avicenna (980 – 1037) eerder al had gevonden.
['In', '1919', 'werd', 'Zuid-Tirol', 'overgedragen', 'aan', 'Italië', 'en', 'is', 'de', 'controle', 'over', 'de', 'pas', 'gedeelde', 'verantwoordelijkheid', 'van', 'de', 'twee', 'landen', '.']	[0, 0, 0, 5, 0, 0, 5, 0, 0, 0, 0, 0, 0, 0, 0, 0, 0, 0, 0, 0, 0]	nl	In 1919 werd Zuid-Tirol overgedragen aan Italië en is de controle over de pas gedeelde verantwoordelijkheid van de twee landen.
['Op', '31', 'januari', '2012', 'werd', 'hij', 'tot', 'het', 'einde', 'van', 'het', 'seizoen', 'verhuurd', 'aan', 'ADO', 'Den', 'Haag', ',', 'waarvoor', 'hij', 'op', '18', 'februari', 'debuteerde', 'in', 'een', 'thuiswedstrijd', 'tegen', 'SBV', 'Excelsior', '.']	[0, 0, 0, 0, 0, 0, 0, 0, 0, 0, 0, 0, 0, 0, 3, 4, 4, 0, 0, 0, 0, 0, 0, 0, 0, 0, 0, 0, 3, 4, 0]	nl	Op 31 januari 2012 werd hij tot het einde van het seizoen verhuurd aan ADO Den Haag, waarvoor hij op 18 februari debuteerde in een thuiswedstrijd tegen SBV Excelsior.
['Op', 'het', 'WK', 'dat', 'jaar', 'werd', 'ze', 'ook', '8ste', ',', 'op', '4', 'en', 'een', 'halve', 'minuut', 'van', 'landgenote', 'Catharine', 'Pendrel', '.']	[0, 0, 7, 0, 0, 0, 0, 0, 0, 0, 0, 0, 0, 0, 0, 0, 0, 0, 1, 2, 0]	nl	Op het WK dat jaar werd ze ook 8ste, op 4 en een halve minuut van landgenote Catharine Pendrel.
"['""', 'Apocalypse', 'Now', '""', 'en', '""', 'Platoon', '""', 'worden', 'wel', 'gezien', 'als', 'de', 'definitieve', 'films', 'over', 'deze', 'oorlog', '.']"	[0, 7, 8, 0, 0, 0, 7, 0, 0, 0, 0, 0, 0, 0, 0, 0, 0, 0, 0]	nl	"""Apocalypse Now"" en ""Platoon"" worden wel gezien als de definitieve films over deze oorlog."
['Vanaf', 'april', '2017', 'tot', 'aan', 'het', 'eind', 'van', 'het', 'seizoen', '2016', '/', '17', 'werd', 'hij', 'verhuurd', 'aan', 'Aalesunds', 'FK', '.']	[0, 0, 0, 0, 0, 0, 0, 0, 0, 0, 0, 0, 0, 0, 0, 0, 0, 3, 4, 0]	nl	Vanaf april 2017 tot aan het eind van het seizoen 2016 / 17 werd hij verhuurd aan Aalesunds FK.
['Ten', 'zuiden', 'van', 'het', 'gebied', 'ligt', 'de', 'Siachengletsjer', '.']	[0, 0, 0, 0, 0, 0, 0, 5, 0]	nl	Ten zuiden van het gebied ligt de Siachengletsjer.
['In', 'juli', '2016', 'tekende', 'hij', 'een', 'contract', 'voor', 'twee', 'jaar', 'bij', 'Almere', 'City', 'FC', '.']	[0, 0, 0, 0, 0, 0, 0, 0, 0, 0, 0, 3, 4, 4, 0]	nl	In juli 2016 tekende hij een contract voor twee jaar bij Almere City FC.
['Tegelijkertijd', 'plaatste', 'hij', 'zijn', 'dochter', 'onder', 'de', 'hoede', 'van', 'zijn', 'leenheer', ',', 'koning', 'Lodewijk', 'VI', 'van', 'Frankrijk', '.']	[0, 0, 0, 0, 0, 0, 0, 0, 0, 0, 0, 0, 0, 1, 2, 2, 2, 0]	nl	Tegelijkertijd plaatste hij zijn dochter onder de hoede van zijn leenheer, koning Lodewijk VI van Frankrijk.
['In', 'het', 'Vlaams', 'Gewest', 'heeft', 'de', 'groei', 'ook', 'na', '1930', 'doorgezet', '(', '55', '%', 'voor', 'dezelfde', 'periode', ')', '.']	[0, 0, 5, 6, 0, 0, 0, 0, 0, 0, 0, 0, 0, 0, 0, 0, 0, 0, 0]	nl	In het Vlaams Gewest heeft de groei ook na 1930 doorgezet (55% voor dezelfde periode).
['Het', 'voormalige', 'eiland', 'werd', 'vanaf', 'dat', 'moment', 'gebruikt', 'door', 'bewoners', 'van', 'Terschelling', 'als', 'weidegebied', 'voor', 'schapen', 'en', 'voor', 'de', 'winning', 'van', 'hooi', '.']	[0, 0, 0, 0, 0, 0, 0, 0, 0, 0, 0, 5, 0, 0, 0, 0, 0, 0, 0, 0, 0, 0, 0]	nl	Het voormalige eiland werd vanaf dat moment gebruikt door bewoners van Terschelling als weidegebied voor schapen en voor de winning van hooi.
['De', 'film', 'werd', 'geregisseerd', 'door', 'Jim', 'Sheridan', 'met', 'Daniel', 'Craig', 'in', 'de', 'hoofdrol', 'en', 'Rachel', 'Weisz', 'en', 'Naomi', 'Watts', 'in', 'de', 'belangrijkste', 'bijrollen', '.']	[0, 0, 0, 0, 0, 1, 2, 0, 1, 2, 0, 0, 0, 0, 1, 2, 0, 1, 2, 0, 0, 0, 0, 0]	nl	De film werd geregisseerd door Jim Sheridan met Daniel Craig in de hoofdrol en Rachel Weisz en Naomi Watts in de belangrijkste bijrollen.
['Hij', 'was', 'een', 'personage', 'waarvan', 'Tobey', 'Maguire', 'al', 'langer', 'hoopte', 'dat', 'hij', 'een', 'keer', 'in', 'een', 'film', 'zou', 'worden', 'gebruikt', '.']	[0, 0, 0, 0, 0, 1, 2, 0, 0, 0, 0, 0, 0, 0, 0, 0, 0, 0, 0, 0, 0]	nl	Hij was een personage waarvan Tobey Maguire al langer hoopte dat hij een keer in een film zou worden gebruikt.
['Hij', 'speelde', 'daar', 'tot', '1994', ',', 'waarna', 'hij', 'naar', 'de', 'Toronto', 'Maple', 'Leafs', 'ging', '.']	[0, 0, 0, 0, 0, 0, 0, 0, 0, 0, 3, 4, 4, 0, 0]	nl	Hij speelde daar tot 1994, waarna hij naar de Toronto Maple Leafs ging.
"['""', 'De', 'Griezelbus', '""', 'is', 'een', 'Nederlandse', 'jeugdfilm', 'uit', '2005', 'van', 'Pieter', 'Kuijpers', ',', 'naar', 'een', 'bewerking', 'van', 'de', 'boekenreeks', '""', 'De', 'Griezelbus', '""', 'van', 'Paul', 'van', 'Loon', '.']"	[0, 7, 8, 0, 0, 0, 7, 0, 0, 0, 0, 1, 2, 0, 0, 0, 0, 0, 0, 0, 0, 7, 8, 0, 0, 1, 2, 2, 0]	nl	"""De Griezelbus"" is een Nederlandse jeugdfilm uit 2005 van Pieter Kuijpers, naar een bewerking van de boekenreeks ""De Griezelbus"" van Paul van Loon."
['De', 'auto', 'is', 'bedoeld', 'als', 'een', 'goedkopere', 'variant', 'van', 'de', 'World', 'Rally', 'Car', 'en', 'kan', 'gebruikt', 'worden', 'voor', 'rally', ',', 'rallycross', ',', 'het', 'circuit', 'en', 'voor', 'ijsraces', ',', 'met', 'de', 'mogelijkheid', 'om', 'de', 'auto', 'tot', 'een', 'aparte', 'klasse', 'te', 'maken', '.']	[0, 0, 0, 0, 0, 0, 0, 0, 0, 0, 7, 8, 8, 0, 0, 0, 0, 0, 0, 0, 0, 0, 0, 0, 0, 0, 0, 0, 0, 0, 0, 0, 0, 0, 0, 0, 0, 0, 0, 0, 0]	nl	De auto is bedoeld als een goedkopere variant van de World Rally Car en kan gebruikt worden voor rally, rallycross, het circuit en voor ijsraces, met de mogelijkheid om de auto tot een aparte klasse te maken.
['Het', 'dorp', 'strekt', 'zich', 'uit', 'van', 'Frederiksoord', 'tot', 'Eesveen', 'in', 'de', 'provincie', 'Overijssel', '.']	[0, 0, 0, 0, 0, 0, 5, 0, 5, 0, 0, 0, 5, 0]	nl	Het dorp strekt zich uit van Frederiksoord tot Eesveen in de provincie Overijssel.
['Dankzij', 'haar', 'centrale', 'ligging', 'heeft', 'de', 'stad', 'een', 'luchthaven', 'en', 'het', 'grootste', 'goederenstation', 'van', 'Polen', '.']	[0, 0, 0, 0, 0, 0, 0, 0, 0, 0, 0, 0, 0, 0, 5, 0]	nl	Dankzij haar centrale ligging heeft de stad een luchthaven en het grootste goederenstation van Polen.
['Het', 'plan', 'van', 'Léon', 'Suys', 'voorzag', 'in', 'twee', 'collectoren', ',', 'waarbij', 'het', 'afvalwater', 'gescheiden', 'bleef', '.']	[0, 0, 0, 1, 2, 0, 0, 0, 0, 0, 0, 0, 0, 0, 0, 0]	nl	Het plan van Léon Suys voorzag in twee collectoren, waarbij het afvalwater gescheiden bleef.
['Het', 'klopt', 'dat', 'de', 'dunne', 'oceaanbodem', 'in', 'de', 'buurt', 'van', 'de', 'Azoren', ',', 'evenals', 'de', 'overige', 'delen', 'van', 'de', 'Mid-Atlantische', 'Rug', ',', 'een', 'vulkanische', 'stoorzone', 'is', '.']	[0, 0, 0, 0, 0, 0, 0, 0, 0, 0, 0, 5, 0, 0, 0, 0, 0, 0, 0, 5, 6, 0, 0, 0, 0, 0, 0]	nl	Het klopt dat de dunne oceaanbodem in de buurt van de Azoren, evenals de overige delen van de Mid-Atlantische Rug, een vulkanische stoorzone is.
['In', 'juli', '2004', 'debuteerde', 'hij', 'in', 'het', 'Paraguayaans', 'voetbalelftal', ',', 'waarvoor', 'hij', 'daarna', 'meer', 'dan', 'zeventig', 'keer', 'uitkwam', '.']	[0, 0, 0, 0, 0, 0, 0, 3, 4, 0, 0, 0, 0, 0, 0, 0, 0, 0, 0]	nl	In juli 2004 debuteerde hij in het Paraguayaans voetbalelftal, waarvoor hij daarna meer dan zeventig keer uitkwam.
['Met', '159', 'punten', 'eindigde', 'hij', 'achter', 'Pierre', 'Gasly', 'en', 'Oliver', 'Rowland', 'als', 'derde', 'in', 'het', 'kampioenschap', '.']	[0, 0, 0, 0, 0, 0, 1, 2, 0, 1, 2, 0, 0, 0, 0, 0, 0]	nl	Met 159 punten eindigde hij achter Pierre Gasly en Oliver Rowland als derde in het kampioenschap.
['Hij', 'was', 'hiermee', 'de', 'opvolger', 'van', 'Lionel', 'Messi', ',', 'die', 'deze', 'titel', 'van', '2007', 'tot', 'en', 'met', '2013', 'elk', 'jaar', 'won', '.']	[0, 0, 0, 0, 0, 0, 1, 2, 0, 0, 0, 0, 0, 0, 0, 0, 0, 0, 0, 0, 0, 0]	nl	Hij was hiermee de opvolger van Lionel Messi, die deze titel van 2007 tot en met 2013 elk jaar won.
['Zijn', 'vader', 'was', 'Grieks-orthodox', ',', 'afkomstig', 'uit', 'het', 'dorp', 'El', 'Quseir', ',', 'dicht', 'bij', 'Homs', ',', 'in', 'Syrië', '.']	[0, 0, 0, 0, 0, 0, 0, 0, 0, 5, 6, 0, 0, 0, 5, 0, 0, 5, 0]	nl	Zijn vader was Grieks-orthodox, afkomstig uit het dorp El Quseir, dicht bij Homs, in Syrië.
['Hij', 'coachte', 'daarna', 'nog', 'Raith', 'Rovers', 'FC', 'en', 'Cowdenbeath', 'FC', '.']	[0, 0, 0, 0, 3, 4, 4, 0, 3, 4, 0]	nl	Hij coachte daarna nog Raith Rovers FC en Cowdenbeath FC.
['Hij', 'verliet', 'die', 'club', 'nadat', 'Petrolul', 'Ploiești', 'zich', 'gemeld', 'had', '.']	[0, 0, 0, 0, 0, 3, 4, 0, 0, 0, 0]	nl	Hij verliet die club nadat Petrolul Ploiești zich gemeld had.
['Hij', 'is', 'zes', 'keer', 'schaakkampioen', 'van', 'de', 'Sovjet-Unie', 'geweest', 'en', 'hij', 'heeft', 'een', 'groot', 'aantal', 'openingen', 'geanalyseerd', ',', 'vooral', 'het', 'Siciliaans', 'had', 'zijn', 'voorkeur', '.']	[0, 0, 0, 0, 0, 0, 0, 5, 0, 0, 0, 0, 0, 0, 0, 0, 0, 0, 0, 0, 7, 0, 0, 0, 0]	nl	Hij is zes keer schaakkampioen van de Sovjet-Unie geweest en hij heeft een groot aantal openingen geanalyseerd, vooral het Siciliaans had zijn voorkeur.
['Trainer', 'Armin', 'Veh', 'maakte', 'hem', 'direct', 'aanvoerder', '.']	[0, 1, 2, 0, 0, 0, 0, 0]	nl	Trainer Armin Veh maakte hem direct aanvoerder.
['Uiteindelijk', 'verklaarde', 'het', 'toenmalige', 'Oost-Pakistan', 'zich', 'onafhankelijk', ',', 'en', 'in', '1971', 'werd', 'de', 'staat', 'Bangladesh', 'uitgeroepen', '.']	[0, 0, 0, 0, 5, 0, 0, 0, 0, 0, 0, 0, 0, 0, 5, 0, 0]	nl	Uiteindelijk verklaarde het toenmalige Oost-Pakistan zich onafhankelijk, en in 1971 werd de staat Bangladesh uitgeroepen.
['In', 'de', '19e', 'eeuw', 'wees', 'Karl', 'Marx', 'de', 'term', 'toe', 'om', 'warenfetisjisme', 'als', 'belangrijke', 'component', 'van', 'kapitalisme', 'te', 'beschrijven', '.']	[0, 0, 0, 0, 0, 1, 2, 0, 0, 0, 0, 0, 0, 0, 0, 0, 0, 0, 0, 0]	nl	In de 19e eeuw wees Karl Marx de term toe om warenfetisjisme als belangrijke component van kapitalisme te beschrijven.
"['Deze', 'solitaire', 'dieren', 'worden', 'in', 'de', 'Verenigde', 'Staten', 'veel', 'door', 'auto', ""'s"", 'doodgereden', '.']"	[0, 0, 0, 0, 0, 0, 5, 6, 0, 0, 0, 0, 0, 0]	nl	Deze solitaire dieren worden in de Verenigde Staten veel door auto 's doodgereden.
['Het', 'hemelobject', 'ligt', '226', 'miljoen', 'lichtjaar', 'van', 'de', 'Aarde', 'verwijderd', 'en', 'werd', 'op', '8', 'oktober', '1785', 'ontdekt', 'door', 'de', 'Duits-Britse', 'astronoom', 'William', 'Herschel', '.']	[0, 0, 0, 0, 0, 0, 0, 0, 0, 0, 0, 0, 0, 0, 0, 0, 0, 0, 0, 0, 0, 1, 2, 0]	nl	Het hemelobject ligt 226 miljoen lichtjaar van de Aarde verwijderd en werd op 8 oktober 1785 ontdekt door de Duits-Britse astronoom William Herschel.
"['Roger', 'Ebert', 'noemde', 'hem', ""'"", 'de', 'ziel', 'van', 'film', 'noir', ""'"", '.']"	[1, 2, 0, 0, 0, 0, 0, 0, 0, 0, 0, 0]	nl	Roger Ebert noemde hem 'de ziel van film noir'.
['Hun', 'gezamenlijke', 'leermeester', 'was', 'de', 'Franse', 'filoloog', 'Josephus', 'Justus', 'Scaliger', '.']	[0, 0, 0, 0, 0, 0, 0, 1, 2, 2, 0]	nl	Hun gezamenlijke leermeester was de Franse filoloog Josephus Justus Scaliger.
['De', 'taal', 'heeft', 'nu', 'in', 'totaal', 'ongeveer', '14,5', 'miljoen', 'sprekers', ',', 'waarvan', '9,9', 'miljoen', 'in', 'Hongarije', '.']	[0, 0, 0, 0, 0, 0, 0, 0, 0, 0, 0, 0, 0, 0, 0, 5, 0]	nl	De taal heeft nu in totaal ongeveer 14,5 miljoen sprekers, waarvan 9,9 miljoen in Hongarije.
['De', 'Ethias', 'Arena', 'dient', 'voor', 'grote', 'concerten', ',', 'sportevenementen', 'of', 'als', 'uitbreiding', 'voor', 'beurzen', '.']	[0, 5, 6, 0, 0, 0, 0, 0, 0, 0, 0, 0, 0, 0, 0]	nl	De Ethias Arena dient voor grote concerten, sportevenementen of als uitbreiding voor beurzen.
['Cornelis', 'Bicker', 'werd', 'een', 'van', 'de', 'belangrijkste', 'bewindhebbers', '.']	[1, 2, 0, 0, 0, 0, 0, 0, 0]	nl	Cornelis Bicker werd een van de belangrijkste bewindhebbers.
"['De', '""', 'zuidpool', '""', 'of', 'het', '""', 'zuidpoolgebied', '""', '(', 'Antarctica', ')', 'is', 'het', 'gebied', 'binnen', 'de', 'zuidpoolcirkel', ',', 'dat', 'zich', 'bevindt', 'rond', 'de', '""', 'geografische', 'zuidpool', '""', '.']"	[0, 0, 0, 0, 0, 0, 0, 0, 0, 0, 5, 0, 0, 0, 0, 0, 0, 0, 0, 0, 0, 0, 0, 0, 0, 0, 0, 0, 0]	nl	"De ""zuidpool"" of het ""zuidpoolgebied"" (Antarctica) is het gebied binnen de zuidpoolcirkel, dat zich bevindt rond de ""geografische zuidpool""."
['Samen', 'met', 'Daniel', 'Richardsson', ',', 'Anders', 'Södergren', 'en', 'Marcus', 'Hellner', 'sleepte', 'hij', 'de', 'zilveren', 'medaille', 'in', 'de', 'wacht', 'op', 'de', '4x10', 'kilometer', 'estafette', '.']	[0, 0, 1, 2, 0, 1, 2, 0, 1, 2, 0, 0, 0, 0, 0, 0, 0, 0, 0, 0, 0, 0, 0, 0]	nl	Samen met Daniel Richardsson, Anders Södergren en Marcus Hellner sleepte hij de zilveren medaille in de wacht op de 4x10 kilometer estafette.
['Van', 'daaruit', 'moest', 'hij', 'Postumus', 'in', 'de', 'gaten', 'houden', '.']	[0, 0, 0, 0, 1, 0, 0, 0, 0, 0]	nl	Van daaruit moest hij Postumus in de gaten houden.
['In', '2009', 'zouden', 'er', 'in', 'Kirgizië', '1400', 'lijders', 'aan', 'MDR-TB', 'zijn', ',', 'van', 'wie', 'er', 'slechts', '600', 'onder', 'behandeling', 'waren', 'en', 'van', 'wie', 'er', '300', 'gevangenen', 'waren', '.']	[0, 0, 0, 0, 0, 5, 0, 0, 0, 0, 0, 0, 0, 0, 0, 0, 0, 0, 0, 0, 0, 0, 0, 0, 0, 0, 0, 0]	nl	In 2009 zouden er in Kirgizië 1400 lijders aan MDR-TB zijn, van wie er slechts 600 onder behandeling waren en van wie er 300 gevangenen waren.
['Vroeger', 'kwam', 'de', 'soort', 'ook', 'voor', 'in', 'het', 'oosten', 'van', 'de', 'Verenigde', 'Staten', ',', 'maar', 'daar', 'is', 'hij', 'gedurende', 'de', 'twintigste', 'eeuw', 'nagenoeg', 'uitgestorven', '.']	[0, 0, 0, 0, 0, 0, 0, 0, 0, 0, 0, 5, 6, 0, 0, 0, 0, 0, 0, 0, 0, 0, 0, 0, 0]	nl	Vroeger kwam de soort ook voor in het oosten van de Verenigde Staten, maar daar is hij gedurende de twintigste eeuw nagenoeg uitgestorven.
['Tevens', 'hielp', 'ze', 'met', 'de', 'verkiezingscampagne', 'van', 'president', 'Gerald', 'Ford', '.']	[0, 0, 0, 0, 0, 0, 0, 0, 1, 2, 0]	nl	Tevens hielp ze met de verkiezingscampagne van president Gerald Ford.
['Twee', 'weken', 'later', 'werd', 'Paris', 'Saint-Germain', 'met', '3', '-', '2', 'geklopt', 'door', 'Olympique', 'Lyonnais', 'in', 'het', 'Parc', 'des', 'Princes', '.']	[0, 0, 0, 0, 3, 4, 0, 0, 0, 0, 0, 0, 3, 4, 0, 0, 5, 6, 6, 0]	nl	Twee weken later werd Paris Saint-Germain met 3 - 2 geklopt door Olympique Lyonnais in het Parc des Princes.
['De', 'beste', 'prestatie', 'die', 'in', 'dit', 'toernooi', 'leverde', 'met', 'VfL', 'Wolfsburg', 'was', 'het', 'behalen', 'van', 'de', 'finale', 'in', '2003', '.']	[0, 0, 0, 0, 0, 0, 0, 0, 0, 3, 4, 0, 0, 0, 0, 0, 0, 0, 0, 0]	nl	De beste prestatie die in dit toernooi leverde met VfL Wolfsburg was het behalen van de finale in 2003.
['Maar', 'Maxentius', ',', 'die', 'de', 'zoon', 'was', 'van', 'een', 'afgetreden', 'augustus', ',', 'Maximianus', ',', 'had', 'een', 'soortgelijke', 'claim', '.']	[0, 1, 0, 0, 0, 0, 0, 0, 0, 0, 0, 0, 1, 0, 0, 0, 0, 0, 0]	nl	Maar Maxentius, die de zoon was van een afgetreden augustus, Maximianus, had een soortgelijke claim.
['Hij', 'tekende', 'in', '2014', 'bij', 'FC', 'Ingolstadt', '04', '.']	[0, 0, 0, 0, 0, 3, 4, 4, 0]	nl	Hij tekende in 2014 bij FC Ingolstadt 04.
['In', 'de', 'laatste', 'race', 'van', 'het', 'weekend', 'botste', 'hij', 'met', 'zijn', 'landgenoot', 'Ralph', 'Boschung', ',', 'waarbij', 'beide', 'coureurs', 'uitvielen', '.']	[0, 0, 0, 0, 0, 0, 0, 0, 0, 0, 0, 0, 1, 2, 0, 0, 0, 0, 0, 0]	nl	In de laatste race van het weekend botste hij met zijn landgenoot Ralph Boschung, waarbij beide coureurs uitvielen.
['Op', '13', 'april', '2013', 'mocht', 'hij', 'zijn', 'eerste', 'wedstrijd', 'spelen', ',', 'toen', 'op', 'bezoek', 'bij', 'Heracles', 'Almelo', 'met', '0', '–', '2', 'werd', 'gewonnen', 'door', 'doelpunten', 'van', 'David', 'Texeira', 'en', 'Leandro', 'Bacuna', '.']	[0, 0, 0, 0, 0, 0, 0, 0, 0, 0, 0, 0, 0, 0, 0, 3, 4, 0, 0, 0, 0, 0, 0, 0, 0, 0, 1, 2, 0, 1, 2, 0]	nl	Op 13 april 2013 mocht hij zijn eerste wedstrijd spelen, toen op bezoek bij Heracles Almelo met 0 – 2 werd gewonnen door doelpunten van David Texeira en Leandro Bacuna.
['Het', 'veiligheidsverdrag', 'gaf', 'onder', 'meer', 'de', 'Verenigde', 'Staten', 'het', 'recht', 'militairen', 'te', 'stationeren', 'in', 'Japan', '.']	[0, 0, 0, 0, 0, 0, 5, 6, 0, 0, 0, 0, 0, 0, 5, 0]	nl	Het veiligheidsverdrag gaf onder meer de Verenigde Staten het recht militairen te stationeren in Japan.
['Alexander', 'Goehr', 'was', 'een', 'van', 'zijn', 'docenten', '.']	[1, 2, 0, 0, 0, 0, 0, 0]	nl	Alexander Goehr was een van zijn docenten.
['Ook', 'wonen', 'er', 'relatief', 'veel', 'mensen', 'uit', 'de', 'voormalige', 'Sovjet-Unie', '.']	[0, 0, 0, 0, 0, 0, 0, 0, 0, 5, 0]	nl	Ook wonen er relatief veel mensen uit de voormalige Sovjet-Unie.
['In', 'het', '6e', 'toernooi', 'werd', 'hij', 'tweede', 'achter', 'Horst', 'Rittner', 'terwijl', 'hij', 'in', 'het', '7e', 'toernooi', 'Jacob', 'Estrin', 'als', 'zijn', 'meerdere', 'moest', 'erkennen', '.']	[0, 0, 0, 0, 0, 0, 0, 0, 1, 2, 0, 0, 0, 0, 0, 0, 1, 2, 0, 0, 0, 0, 0, 0]	nl	In het 6e toernooi werd hij tweede achter Horst Rittner terwijl hij in het 7e toernooi Jacob Estrin als zijn meerdere moest erkennen.
['Hiervoor', 'debuteerde', 'hij', 'in', 'een', 'thuiswedstrijd', 'tegen', 'RSC', 'Anderlecht', '.']	[0, 0, 0, 0, 0, 0, 0, 3, 4, 0]	nl	Hiervoor debuteerde hij in een thuiswedstrijd tegen RSC Anderlecht.
['In', '1899', 'huwde', 'hij', 'voor', 'de', 'wet', 'Natalia', 'Chacón', ';', 'het', 'echtpaar', 'weigerde', 'een', 'kerkelijk', 'huwelijk', '.']	[0, 0, 0, 0, 0, 0, 0, 1, 2, 0, 0, 0, 0, 0, 0, 0, 0]	nl	In 1899 huwde hij voor de wet Natalia Chacón; het echtpaar weigerde een kerkelijk huwelijk.
['Na', 'verkiezingen', 'in', '2005', 'kon', 'Ellen', 'Johnson', 'Sirleaf', 'de', 'eerste', 'vrouwelijke', 'president', 'in', 'Afrika', 'worden', '.']	[0, 0, 0, 0, 0, 1, 2, 2, 0, 0, 0, 0, 0, 5, 0, 0]	nl	Na verkiezingen in 2005 kon Ellen Johnson Sirleaf de eerste vrouwelijke president in Afrika worden.
['Na', 'de', 'Tweede', 'Wereldoorlog', 'raakte', 'het', 'dekolonisatieproces', 'in', 'een', 'stroomversnelling', '.']	[0, 0, 7, 8, 0, 0, 0, 0, 0, 0, 0]	nl	Na de Tweede Wereldoorlog raakte het dekolonisatieproces in een stroomversnelling.
['Volgens', 'de', 'Romeinse', 'schrijver', 'Claudius', 'Aelianus', 'werd', 'de', 'stad', 'door', 'Anaximander', 'uit', 'Milete', 'gesticht', '.']	[0, 0, 0, 0, 1, 2, 0, 0, 0, 0, 1, 0, 5, 0, 0]	nl	Volgens de Romeinse schrijver Claudius Aelianus werd de stad door Anaximander uit Milete gesticht.
['Het', 'nummer', 'werd', 'gedraaid', 'op', 'de', 'begrafenis', 'van', 'diskjockey', 'Wim', 'Rigter', 'in', '2004', '.']	[0, 0, 0, 0, 0, 0, 0, 0, 0, 1, 2, 0, 0, 0]	nl	Het nummer werd gedraaid op de begrafenis van diskjockey Wim Rigter in 2004.
['De', 'huidige', 'vicepresident', 'van', 'de', 'Verenigde', 'Staten', 'is', 'Mike', 'Pence', '(', '2017', ')', '.']	[0, 0, 0, 0, 0, 5, 6, 0, 1, 2, 0, 0, 0, 0]	nl	De huidige vicepresident van de Verenigde Staten is Mike Pence (2017).
['Na', 'de', 'Eerste', 'Wereldoorlog', 'werd', 'de', 'gemeente', 'getekend', 'door', 'de', 'verzuiling', '.']	[0, 0, 7, 8, 0, 0, 0, 0, 0, 0, 0, 0]	nl	Na de Eerste Wereldoorlog werd de gemeente getekend door de verzuiling.
['Hij', 'werd', 'gecremeerd', 'in', 'Rotterdam', '.']	[0, 0, 0, 0, 5, 0]	nl	Hij werd gecremeerd in Rotterdam.
['het', 'maken', 'van', 'een', 'glasraam', 'voor', 'de', 'afgebrande', 'kerk', 'van', 'Tybee', 'Island', '.']	[0, 0, 0, 0, 0, 0, 0, 0, 0, 0, 5, 6, 0]	nl	het maken van een glasraam voor de afgebrande kerk van Tybee Island.
['Isaac', 'le', 'Maire', 'raakte', 'in', 'opspraak', 'door', 'geknoei', 'bij', 'de', 'verkoop', 'van', 'de', 'lading', 'op', '9', 'september', '.']	[1, 2, 2, 0, 0, 0, 0, 0, 0, 0, 0, 0, 0, 0, 0, 0, 0, 0]	nl	Isaac le Maire raakte in opspraak door geknoei bij de verkoop van de lading op 9 september.
['Een', 'beving', 'met', 'de', 'kracht', 'van', '2,2', 'op', 'de', 'schaal', 'van', 'Richter', 'werd', 'geregistreerd', 'op', '5', 'augustus', '2005', 'in', 'Sappemeer', ';', 'ook', 'deze', 'beving', 'zou', 'kunnen', 'zijn', 'ontstaan', 'door', 'bodemdaling', 'als', 'gevolg', 'van', 'aardgaswinning', '.']	[0, 0, 0, 0, 0, 0, 0, 0, 0, 0, 0, 0, 0, 0, 0, 0, 0, 0, 0, 5, 0, 0, 0, 0, 0, 0, 0, 0, 0, 0, 0, 0, 0, 0, 0]	nl	Een beving met de kracht van 2,2 op de schaal van Richter werd geregistreerd op 5 augustus 2005 in Sappemeer; ook deze beving zou kunnen zijn ontstaan door bodemdaling als gevolg van aardgaswinning.
['Dit', 'nadat', 'hij', 'in', 'de', 'halve', 'finale', 'nog', 'wel', 'zijn', 'rivaal', 'Stephen', 'Hendry', 'had', 'verslagen', '.']	[0, 0, 0, 0, 0, 0, 0, 0, 0, 0, 0, 1, 2, 0, 0, 0]	nl	Dit nadat hij in de halve finale nog wel zijn rivaal Stephen Hendry had verslagen.
['Zij', 'volgde', 'in', '2014', 'Alex', 'Salmond', 'op', '.']	[0, 0, 0, 0, 1, 2, 0, 0]	nl	Zij volgde in 2014 Alex Salmond op.
"['Deze', 'begrippen', 'zijn', ',', 'in', 'combinatie', 'met', 'de', 'aanmerking', 'van', 'Jeruzalem', 'als', 'doel', 'en', 'het', 'dragen', 'van', 'het', 'kruisteken', '(', '""', 'crucisignatus', '""', ')', ',', 'de', 'contemporaine', 'aanduiding', 'van', 'een', 'kruistocht', '.']"	[0, 0, 0, 0, 0, 0, 0, 0, 0, 0, 5, 0, 0, 0, 0, 0, 0, 0, 0, 0, 0, 0, 0, 0, 0, 0, 0, 0, 0, 0, 0, 0]	nl	"Deze begrippen zijn, in combinatie met de aanmerking van Jeruzalem als doel en het dragen van het kruisteken (""crucisignatus""), de contemporaine aanduiding van een kruistocht."
"['Laatdunkend', 'werd', 'deze', 'theorie', 'vervolgens', 'door', 'de', 'Britse', 'astronoom', 'Fred', 'Hoyle', '""', 'bigbangtheorie', '""', 'genoemd', ',', 'een', 'nog', 'veelgebruikte', 'term', 'met', '(', 'tegenwoordig', ')', 'een', 'neutrale', 'connotatie', '.']"	[0, 0, 0, 0, 0, 0, 0, 0, 0, 1, 2, 0, 0, 0, 0, 0, 0, 0, 0, 0, 0, 0, 0, 0, 0, 0, 0, 0]	nl	"Laatdunkend werd deze theorie vervolgens door de Britse astronoom Fred Hoyle ""bigbangtheorie"" genoemd, een nog veelgebruikte term met (tegenwoordig) een neutrale connotatie."
['Hij', 'werd', 'in', '2005', 'de', 'tweede', 'speler', 'in', 'de', 'geschiedenis', 'die', 'driemaal', 'het', 'Europees', 'kampioenschap', 'enkelspel', 'won', ',', 'na', 'Mikael', 'Appelgren', '.']	[0, 0, 0, 0, 0, 0, 0, 0, 0, 0, 0, 0, 0, 7, 0, 0, 0, 0, 0, 1, 2, 0]	nl	Hij werd in 2005 de tweede speler in de geschiedenis die driemaal het Europees kampioenschap enkelspel won, na Mikael Appelgren.
['Een', 'tweede', 'obelisk', 'werd', 'later', 'geplaatst', 'ter', 'herinnering', 'aan', 'Thomas', 'Coke', '.']	[0, 0, 0, 0, 0, 0, 0, 0, 0, 1, 2, 0]	nl	Een tweede obelisk werd later geplaatst ter herinnering aan Thomas Coke.
['De', 'inkleuring', 'was', 'slecht', 'verzorgd', '(', 'zo', 'werd', 'de', 'jas', 'van', 'Captain', 'Scarlet', 'groen', '!', ')', '.']	[0, 0, 0, 0, 0, 0, 0, 0, 0, 0, 0, 7, 8, 0, 0, 0, 0]	nl	De inkleuring was slecht verzorgd (zo werd de jas van Captain Scarlet groen!).
['De', 'Belgische', 'regering', 'uitte', 'haar', 'bezorgheid', 'over', 'de', 'humanitaire', 'situatie', 'in', 'de', 'Gazastrook', '.']	[0, 7, 0, 0, 0, 0, 0, 0, 0, 0, 0, 0, 5, 0]	nl	De Belgische regering uitte haar bezorgheid over de humanitaire situatie in de Gazastrook.
['Mezze', 'kunnen', 'voor', 'de', 'bewoners', 'van', 'de', 'oostelijke', 'landen', 'rondom', 'de', 'Middellandse', 'Zee', 'eenvoudig', 'uit', 'een', 'schaaltje', 'olijven', ',', 'gezouten', 'amandelen', ',', 'ansjovis', 'of', 'blokjes', 'fetakaas', 'bestaan', '.']	[0, 0, 0, 0, 0, 0, 0, 0, 0, 0, 0, 5, 6, 0, 0, 0, 0, 0, 0, 0, 0, 0, 0, 0, 0, 0, 0, 0]	nl	Mezze kunnen voor de bewoners van de oostelijke landen rondom de Middellandse Zee eenvoudig uit een schaaltje olijven, gezouten amandelen, ansjovis of blokjes fetakaas bestaan.
['Pas', 'in', 'de', '17e', 'en', '18e', 'eeuw', 'toonden', 'Vietnam', 'en', 'de', 'latere', 'kolonisator', 'Frankrijk', 'interesse', 'voor', 'de', 'eilanden', '.']	[0, 0, 0, 0, 0, 0, 0, 0, 5, 0, 0, 0, 0, 5, 0, 0, 0, 0, 0]	nl	Pas in de 17e en 18e eeuw toonden Vietnam en de latere kolonisator Frankrijk interesse voor de eilanden.
['Enkele', 'van', 'de', 'belangrijkste', 'hellingen', 'zijn', 'de', 'Cauberg', ',', 'Keutenberg', 'en', 'de', 'Eyserbosweg', '.']	[0, 0, 0, 0, 0, 0, 0, 5, 0, 5, 0, 0, 5, 0]	nl	Enkele van de belangrijkste hellingen zijn de Cauberg, Keutenberg en de Eyserbosweg.
"['De', 'muziek', 'op', '""', 'Hot', 'Buttered', 'Soul', '""', 'was', 'vrij', 'lange', ',', 'funky', ',', 'sensuele', 'soulmuziek', 'en', 'werd', 'een', 'groot', 'commercieel', 'succes', '.']"	[0, 0, 0, 0, 7, 8, 8, 0, 0, 0, 0, 0, 0, 0, 0, 0, 0, 0, 0, 0, 0, 0, 0]	nl	"De muziek op ""Hot Buttered Soul"" was vrij lange, funky, sensuele soulmuziek en werd een groot commercieel succes."
['Het', 'wordt', 'elk', 'jaar', 'op', '31', 'december', 'uitgezonden', 'door', 'de', 'BBC', 'Two', 'van', '23:00', 'uur', 'tot', 'ongeveer', '01:00', '(', 'GMT', ')', '.']	[0, 0, 0, 0, 0, 0, 0, 0, 0, 0, 3, 4, 0, 0, 0, 0, 0, 0, 0, 0, 0, 0]	nl	Het wordt elk jaar op 31 december uitgezonden door de BBC Two van 23:00 uur tot ongeveer 01:00 (GMT).
['De', 'plant', 'is', 'afkomstig', 'uit', 'de', 'Kalahari', 'in', 'Afrika', '.']	[0, 0, 0, 0, 0, 0, 5, 0, 5, 0]	nl	De plant is afkomstig uit de Kalahari in Afrika.
['Ze', 'won', 'tijdens', 'het', 'wereldkampioenschap', 'van', '2006', 'zilver', '(', 'achter', 'Jin', 'Sun-yu', ')', 'door', 'een', 'afstandsoverwinning', 'op', 'de', '500', 'meter', 'en', 'tweede', 'plaatsen', 'op', 'de', '1000', ',', '1500', 'en', '3000', 'meter', '.']	[0, 0, 0, 0, 0, 0, 0, 0, 0, 0, 1, 2, 0, 0, 0, 0, 0, 0, 0, 0, 0, 0, 0, 0, 0, 0, 0, 0, 0, 0, 0, 0]	nl	Ze won tijdens het wereldkampioenschap van 2006 zilver (achter Jin Sun-yu) door een afstandsoverwinning op de 500 meter en tweede plaatsen op de 1000, 1500 en 3000 meter.
['Eind', '1999', 'was', 'er', 'in', 'Italië', 'een', 'epidemie', ',', 'die', 'vijf', 'maanden', 'duurde', '.']	[0, 0, 0, 0, 0, 5, 0, 0, 0, 0, 0, 0, 0, 0]	nl	Eind 1999 was er in Italië een epidemie, die vijf maanden duurde.
['In', '2012', 'maakte', 'hij', 'in', 'het', 'Mexicaans', 'voetbalelftal', '.']	[0, 0, 0, 0, 0, 0, 3, 4, 0]	nl	In 2012 maakte hij in het Mexicaans voetbalelftal.
['Er', 'is', 'ook', 'een', 'enkel', 'exemplaar', 'aangetroffen', 'in', 'het', 'Nationaal', 'park', 'Isalo', ',', 'in', 'het', 'centrale', 'zuiden', 'van', 'Madagaskar', '.']	[0, 0, 0, 0, 0, 0, 0, 0, 0, 5, 6, 6, 0, 0, 0, 0, 0, 0, 5, 0]	nl	Er is ook een enkel exemplaar aangetroffen in het Nationaal park Isalo, in het centrale zuiden van Madagaskar.
"['De', 'export', 'van', 'salpeter', 'bleef', 'tot', 'in', 'de', 'Eerste', 'Wereldoorlog', 'Chili', ""'s"", 'belangrijkste', 'bron', 'van', 'inkomsten', '.']"	[0, 0, 0, 0, 0, 0, 0, 0, 7, 8, 5, 0, 0, 0, 0, 0, 0]	nl	De export van salpeter bleef tot in de Eerste Wereldoorlog Chili 's belangrijkste bron van inkomsten.
['Het', 'is', 'de', 'eerste', 'single', 'van', 'het', 'album', 'Mylo', 'Xyloto', '.']	[0, 0, 0, 0, 0, 0, 0, 0, 7, 8, 0]	nl	Het is de eerste single van het album Mylo Xyloto.
"['Het', 'laatste', 'grote', 'werk', 'van', 'de', 'twee', 'was', '""', 'Die', 'Frau', 'ohne', 'Schatten', '""', '.']"	[0, 0, 0, 0, 0, 0, 0, 0, 0, 7, 8, 8, 8, 0, 0]	nl	"Het laatste grote werk van de twee was ""Die Frau ohne Schatten""."
['Tot', 'aan', 'de', 'Franse', 'Revolutie', 'bleef', 'het', 'een', 'zelfstandige', 'Franse', 'provincie', 'rond', 'de', 'stad', 'Dijon', '.']	[0, 0, 0, 7, 8, 0, 0, 0, 0, 7, 0, 0, 0, 0, 5, 0]	nl	Tot aan de Franse Revolutie bleef het een zelfstandige Franse provincie rond de stad Dijon.
['Hij', 'werd', 'onderwijzer', 'in', 'Mont-de-Marsan', 'en', 'later', 'in', 'Lorient', '.']	[0, 0, 0, 0, 5, 0, 0, 0, 5, 0]	nl	Hij werd onderwijzer in Mont-de-Marsan en later in Lorient.
['In', '1876', 'vluchtte', 'zijn', 'vader', 'voor', 'schuldeisers', 'naar', 'Moskou', '.']	[0, 0, 0, 0, 0, 0, 0, 0, 5, 0]	nl	In 1876 vluchtte zijn vader voor schuldeisers naar Moskou.
['Dit', 'negen', 'hectare', 'groot', 'marskamp', 'lag', 'ver', 'in', 'vijandig', 'gebied', ',', 'op', 'de', 'route', 'tussen', 'de', 'limes', 'en', 'het', 'Flevomeer', '.']	[0, 0, 0, 0, 0, 0, 0, 0, 0, 0, 0, 0, 0, 0, 0, 0, 0, 0, 0, 5, 0]	nl	Dit negen hectare groot marskamp lag ver in vijandig gebied, op de route tussen de limes en het Flevomeer.
['Ook', 'langs', 'het', 'riviertje', 'de', 'Vesder', 'heeft', 'het', 'zinkviooltje', 'nog', 'groeiplaatsen', '.']	[0, 0, 0, 0, 0, 5, 0, 0, 0, 0, 0, 0]	nl	Ook langs het riviertje de Vesder heeft het zinkviooltje nog groeiplaatsen.
['De', 'soorten', 'van', 'dit', 'geslacht', 'leefden', 'tijdens', 'het', 'Laat-Krijt', 'en', 'Vroeg-Paleoceen', 'in', 'Noord-Amerika', '.']	[0, 0, 0, 0, 0, 0, 0, 0, 0, 0, 0, 0, 5, 0]	nl	De soorten van dit geslacht leefden tijdens het Laat-Krijt en Vroeg-Paleoceen in Noord-Amerika.
['Hij', 'was', 'lid', 'van', 'de', 'Cambridge', 'Apostles', '.']	[0, 0, 0, 0, 0, 3, 4, 0]	nl	Hij was lid van de Cambridge Apostles.
['Er', 'werd', 'wel', 'besloten', 'om', 'in', 'de', 'aftiteling', 'van', 'de', 'film', 'ook', 'de', 'namen', 'van', 'de', 'schrijvers', 'van', 'het', 'scenario', 'op', 'te', 'nemen', 'en', 'coschrijver', 'Kevin', 'McClory', 'eiste', 'dat', 'hij', 'als', 'enige', 'producer', 'vermeld', 'werd', '.']	[0, 0, 0, 0, 0, 0, 0, 0, 0, 0, 0, 0, 0, 0, 0, 0, 0, 0, 0, 0, 0, 0, 0, 0, 0, 1, 2, 0, 0, 0, 0, 0, 0, 0, 0, 0]	nl	Er werd wel besloten om in de aftiteling van de film ook de namen van de schrijvers van het scenario op te nemen en coschrijver Kevin McClory eiste dat hij als enige producer vermeld werd.
['Twee', 'weken', 'later', 'sprong', 'ze', 'alweer', 'hoger', ':', 'met', '4,88', 'werd', 'zij', 'de', 'op-één-na', 'beste', 'polsstokhoogspringster', 'achter', 'Jelena', 'Isinbajeva', '.']	[0, 0, 0, 0, 0, 0, 0, 0, 0, 0, 0, 0, 0, 0, 0, 0, 0, 1, 2, 0]	nl	Twee weken later sprong ze alweer hoger: met 4,88 werd zij de op-één-na beste polsstokhoogspringster achter Jelena Isinbajeva.
['Om', 'de', 'titel', 'te', 'bemachtigen', 'had', 'hij', 'in', 'de', 'halve', 'finale', 'Andre', 'Agassi', 'en', 'in', 'de', 'finale', 'zijn', 'landgenoot', 'Jason', 'Stoltenberg', 'verslagen', '.']	[0, 0, 0, 0, 0, 0, 0, 0, 0, 0, 0, 1, 2, 0, 0, 0, 0, 0, 0, 1, 2, 0, 0]	nl	Om de titel te bemachtigen had hij in de halve finale Andre Agassi en in de finale zijn landgenoot Jason Stoltenberg verslagen.
"['""', 'Chiropodomys', 'pusillus', '""', 'is', 'een', 'knaagdier', 'uit', 'het', 'geslacht', '""', 'Chiropodomys', '""', 'dat', 'voorkomt', 'op', 'Borneo', '.']"	[0, 7, 0, 0, 0, 0, 0, 0, 0, 0, 0, 7, 0, 0, 0, 0, 5, 0]	nl	"""Chiropodomys pusillus"" is een knaagdier uit het geslacht ""Chiropodomys"" dat voorkomt op Borneo."
"['""', 'Notocolossus', 'gonzalezparejasi', '""', 'is', 'een', 'plantenetende', 'sauropode', 'dinosauriër', ',', 'behorend', 'tot', 'de', 'Titanosauriformes', ',', 'die', 'tijdens', 'het', 'late', 'Krijt', 'leefde', 'in', 'het', 'gebied', 'van', 'het', 'huidige', 'Argentinië', '.']"	[0, 0, 0, 0, 0, 0, 0, 0, 0, 0, 0, 0, 0, 0, 0, 0, 0, 0, 0, 0, 0, 0, 0, 0, 0, 0, 0, 5, 0]	nl	"""Notocolossus gonzalezparejasi"" is een plantenetende sauropode dinosauriër, behorend tot de Titanosauriformes, die tijdens het late Krijt leefde in het gebied van het huidige Argentinië."
['In', '1902', 'keerde', 'de', 'keizer', 'weer', 'terug', 'naar', 'Peking', '.']	[0, 0, 0, 0, 0, 0, 0, 0, 5, 0]	nl	In 1902 keerde de keizer weer terug naar Peking.
['Op', '15', 'april', '2013', 'scoorde', 'hij', 'zijn', 'eerste', 'competitiedoelpunt', 'in', 'een', 'uitwedstrijd', 'van', 'FC', 'Den', 'Bosch', 'bij', 'Almere', 'City', 'FC', '.']	[0, 0, 0, 0, 0, 0, 0, 0, 0, 0, 0, 0, 0, 3, 4, 4, 0, 3, 4, 4, 0]	nl	Op 15 april 2013 scoorde hij zijn eerste competitiedoelpunt in een uitwedstrijd van FC Den Bosch bij Almere City FC.
['Door', 'de', 'Koude', 'Oorlog', 'steeg', 'de', 'spanning', 'echter', 'en', 'werden', 'de', 'communisten', 'door', 'de', 'overige', 'partijen', 'steeds', 'meer', 'geïsoleerd', '.']	[0, 0, 7, 8, 0, 0, 0, 0, 0, 0, 0, 0, 0, 0, 0, 0, 0, 0, 0, 0]	nl	Door de Koude Oorlog steeg de spanning echter en werden de communisten door de overige partijen steeds meer geïsoleerd.
['Het', 'scenario', 'is', 'losjes', 'gebaseerd', 'op', 'het', 'verhaal', 'van', 'de', 'Duitse', 'Anneliese', 'Michel', ',', 'een', 'meisje', 'dat', 'aan', 'epilepsie', 'leed', ',', 'maar', 'niet', 'de', 'juiste', 'medische', 'zorg', 'kreeg', 'omdat', 'haar', 'familie', 'dacht', 'dat', 'ze', 'bezeten', 'was', '.']	[0, 0, 0, 0, 0, 0, 0, 0, 0, 0, 0, 1, 2, 0, 0, 0, 0, 0, 0, 0, 0, 0, 0, 0, 0, 0, 0, 0, 0, 0, 0, 0, 0, 0, 0, 0, 0]	nl	Het scenario is losjes gebaseerd op het verhaal van de Duitse Anneliese Michel, een meisje dat aan epilepsie leed, maar niet de juiste medische zorg kreeg omdat haar familie dacht dat ze bezeten was.
"['In', 'Rusland', 'voeden', 'de', 'uilen', 'zich', 'in', 'het', 'voorjaar', 'met', 'amfibieën', ',', 'vooral', 'met', '""', 'Rana', 'dybowskii', '""', '.']"	[0, 5, 0, 0, 0, 0, 0, 0, 0, 0, 0, 0, 0, 0, 0, 0, 0, 0, 0]	nl	"In Rusland voeden de uilen zich in het voorjaar met amfibieën, vooral met ""Rana dybowskii""."
['Op', '13', 'juni', '2018', 'tekende', 'hij', 'een', 'contract', 'voor', '1', 'seizoen', ',', 'met', 'een', 'optie', 'voor', 'een', 'tweede', 'bij', 'Go', 'Ahead', 'Eagles', '.']	[0, 0, 0, 0, 0, 0, 0, 0, 0, 0, 0, 0, 0, 0, 0, 0, 0, 0, 0, 3, 4, 4, 0]	nl	Op 13 juni 2018 tekende hij een contract voor 1 seizoen, met een optie voor een tweede bij Go Ahead Eagles.
"['""', '""', 'De', 'adviserende', 'jury', 'bestond', 'onder', 'meer', 'uit', 'Marijke', 'van', 'Raephorst', 'en', 'An', 'Rutgers', 'van', 'der', 'Loeff', '.']"	[0, 0, 0, 0, 0, 0, 0, 0, 0, 1, 2, 2, 0, 1, 2, 2, 2, 2, 0]	nl	""""" De adviserende jury bestond onder meer uit Marijke van Raephorst en An Rutgers van der Loeff."
['Hij', 'is', 'voorzitter', 'van', 'de', 'Onderzoeksraad', 'voor', 'Veiligheid', '.']	[0, 0, 0, 0, 0, 3, 4, 4, 0]	nl	Hij is voorzitter van de Onderzoeksraad voor Veiligheid.
['Banken', 'uit', 'de', 'Europese', 'Economische', 'Ruimte', 'mogen', 'op', 'grond', 'van', 'hun', 'vergunning', 'in', 'hun', 'land', 'van', 'herkomst', 'actief', 'zijn', 'in', 'andere', 'lidstaten', '.']	[0, 0, 0, 3, 4, 4, 0, 0, 0, 0, 0, 0, 0, 0, 0, 0, 0, 0, 0, 0, 0, 0, 0]	nl	Banken uit de Europese Economische Ruimte mogen op grond van hun vergunning in hun land van herkomst actief zijn in andere lidstaten.
['Het', 'overstromen', 'van', 'grote', 'delen', 'van', 'Zuid-Holland', 'werd', 'hierdoor', 'voorkomen', '.']	[0, 0, 0, 0, 0, 0, 5, 0, 0, 0, 0]	nl	Het overstromen van grote delen van Zuid-Holland werd hierdoor voorkomen.
['Twee', 'nummers', 'die', 'kandidaat', 'waren', 'voor', 'het', 'album', ',', 'werden', 'opgenomen', 'met', 'De', 'La', 'Soul', '.']	[0, 0, 0, 0, 0, 0, 0, 0, 0, 0, 0, 0, 3, 4, 4, 0]	nl	Twee nummers die kandidaat waren voor het album, werden opgenomen met De La Soul.
['De', 'uitbreiding', 'van', 'de', 'verzamelingen', ',', 'het', 'hoge', 'niveau', 'van', 'de', 'didactische', 'basis', ',', 'de', 'organisatie', 'van', 'het', 'door', 'onderzoeksresultaten', 'gefundeerde', 'onderwijs', ',', 'het', 'complexe', 'beheer', 'van', 'de', 'tradities', 'en', 'vooral', 'het', 'verder', 'leven', 'ervan', 'in', 'Transsylvanië', ',', 'de', 'energie', 'van', 'de', 'opstand', 'tegen', 'het', 'waardesysteem', 'van', 'de', 'dictatuur', ',', 'maakten', 'de', 'aanloop', 'van', 'de', 'danshuisbeweging', 'in', 'het', 'begin', 'van', 'de', 'jaren', 'zestig', 'mogelijk', '.']	[0, 0, 0, 0, 0, 0, 0, 0, 0, 0, 0, 0, 0, 0, 0, 0, 0, 0, 0, 0, 0, 0, 0, 0, 0, 0, 0, 0, 0, 0, 0, 0, 0, 0, 0, 0, 5, 0, 0, 0, 0, 0, 0, 0, 0, 0, 0, 0, 0, 0, 0, 0, 0, 0, 0, 0, 0, 0, 0, 0, 0, 0, 0, 0, 0]	nl	De uitbreiding van de verzamelingen, het hoge niveau van de didactische basis, de organisatie van het door onderzoeksresultaten gefundeerde onderwijs, het complexe beheer van de tradities en vooral het verder leven ervan in Transsylvanië, de energie van de opstand tegen het waardesysteem van de dictatuur, maakten de aanloop van de danshuisbeweging in het begin van de jaren zestig mogelijk.
['De', 'eerste', 'hortus', 'was', 'mogelijk', 'ingericht', 'naar', 'voorbeeld', 'van', 'de', 'Hortus', 'botanicus', 'Leiden', 'waar', 'Carolus', 'Clusius', 'werkte', '.']	[0, 0, 0, 0, 0, 0, 0, 0, 0, 0, 5, 6, 6, 0, 1, 2, 0, 0]	nl	De eerste hortus was mogelijk ingericht naar voorbeeld van de Hortus botanicus Leiden waar Carolus Clusius werkte.
['In', '1995', 'werd', 'het', 'toegevoegd', 'aan', 'de', 'Werelderfgoedlijst', ',', 'als', 'de', 'beste', 'en', 'rijkste', 'fossielenvindplaats', 'ter', 'wereld', 'met', 'overblijfselen', 'uit', 'het', 'Eoceen', '.']	[0, 0, 0, 0, 0, 0, 0, 0, 0, 0, 0, 0, 0, 0, 0, 0, 0, 0, 0, 0, 0, 5, 0]	nl	In 1995 werd het toegevoegd aan de Werelderfgoedlijst, als de beste en rijkste fossielenvindplaats ter wereld met overblijfselen uit het Eoceen.
['Tijdens', 'de', 'Eerste', 'Wereldoorlog', ',', 'in', '1916', ',', 'werd', 'hij', 'door', 'minister-president', 'David', 'Lloyd', 'George', 'benoemd', 'tot', 'minister', 'zonder', 'portefeuille', 'in', 'diens', 'oorlogskabinet', '.']	[0, 0, 7, 8, 0, 0, 0, 0, 0, 0, 0, 0, 1, 2, 2, 0, 0, 0, 0, 0, 0, 0, 0, 0]	nl	Tijdens de Eerste Wereldoorlog, in 1916, werd hij door minister-president David Lloyd George benoemd tot minister zonder portefeuille in diens oorlogskabinet.
['In', 'juni', '2002', 'bood', 'een', 'andere', 'politieke', 'partij', 'hem', 'steun', ',', 'als', 'hij', 'zelf', 'het', 'parlement', 'zou', 'verlaten', 'en', 'de', 'post', 'van', 'burgemeester', 'van', 'Tbilisi', 'zou', 'aannemen', '.']	[0, 0, 0, 0, 0, 0, 0, 0, 0, 0, 0, 0, 0, 0, 0, 0, 0, 0, 0, 0, 0, 0, 0, 0, 5, 0, 0, 0]	nl	In juni 2002 bood een andere politieke partij hem steun, als hij zelf het parlement zou verlaten en de post van burgemeester van Tbilisi zou aannemen.
['In', '1864', 'splitste', 'Jonkershove', 'zich', 'af', 'als', 'zelfstandige', 'parochie', '.']	[0, 0, 0, 5, 0, 0, 0, 0, 0, 0]	nl	In 1864 splitste Jonkershove zich af als zelfstandige parochie.
['In', '1475', 'werd', 'het', 'kanaat', 'een', 'vazal', 'van', 'het', 'Ottomaanse', 'Rijk', '.']	[0, 0, 0, 0, 0, 0, 0, 0, 0, 5, 6, 0]	nl	In 1475 werd het kanaat een vazal van het Ottomaanse Rijk.
['Het', 'eerste', 'doelpunt', 'in', 'het', 'stadion', 'werd', 'gemaakt', 'door', 'Dejan', 'Savićević', '.']	[0, 0, 0, 0, 0, 0, 0, 0, 0, 1, 2, 0]	nl	Het eerste doelpunt in het stadion werd gemaakt door Dejan Savićević.
['De', 'plaats', 'Los', 'Angeles', 'ligt', 'niet', 'in', 'het', 'gebied', ',', 'maar', 'veel', 'randsteden', 'van', 'deze', 'miljoenenstad', 'wel', '.']	[0, 0, 5, 6, 0, 0, 0, 0, 0, 0, 0, 0, 0, 0, 0, 0, 0, 0]	nl	De plaats Los Angeles ligt niet in het gebied, maar veel randsteden van deze miljoenenstad wel.
"['In', 'het', 'najaar', 'van', '2002', 'kon', 'ze', 'meermaals', 'niet', 'winnen', 'van', 'de', 'toenmalig', 'kampioene', 'Trish', 'Stratus', 'voor', 'het', 'WWE', 'Women', ""'s"", 'Championship', '.']"	[0, 0, 0, 0, 0, 0, 0, 0, 0, 0, 0, 0, 0, 0, 1, 2, 0, 0, 7, 8, 8, 8, 0]	nl	In het najaar van 2002 kon ze meermaals niet winnen van de toenmalig kampioene Trish Stratus voor het WWE Women 's Championship.
['Hij', 'verruilde', 'in', 'juli', '2012', 'Eintracht', 'Frankfurt', 'voor', '1', '.']	[0, 0, 0, 0, 0, 3, 4, 0, 0, 0]	nl	Hij verruilde in juli 2012 Eintracht Frankfurt voor 1.
['Hij', 'was', 'een', 'belangrijk', 'figuur', 'in', 'de', 'bolsjewistische', 'overwinning', 'van', 'de', 'Russische', 'Burgeroorlog', '.']	[0, 0, 0, 0, 0, 0, 0, 0, 0, 0, 0, 7, 8, 0]	nl	Hij was een belangrijk figuur in de bolsjewistische overwinning van de Russische Burgeroorlog.
['Zijn', 'populariteit', 'wordt', 'niet', 'door', 'iedereen', 'in', 'het', 'leger', 'gewaardeerd', ',', 'waardoor', 'hij', 'in', '1903', 'wordt', 'weggepromoveerd', 'naar', 'Engeland', '.']	[0, 0, 0, 0, 0, 0, 0, 0, 0, 0, 0, 0, 0, 0, 0, 0, 0, 0, 5, 0]	nl	Zijn populariteit wordt niet door iedereen in het leger gewaardeerd, waardoor hij in 1903 wordt weggepromoveerd naar Engeland.
['Na', 'afloop', 'van', 'het', 'seizoen', 'toonden', 'Mamelodi', 'Sundowns', 'FC', ',', 'Kaizer', 'Chiefs', 'en', 'Orlando', 'Pirates', 'FC', 'interesse', 'voor', 'de', 'diensten', 'van', 'de', 'aanvaller', '.']	[0, 0, 0, 0, 0, 0, 3, 4, 4, 0, 3, 4, 0, 3, 4, 4, 0, 0, 0, 0, 0, 0, 0, 0]	nl	Na afloop van het seizoen toonden Mamelodi Sundowns FC, Kaizer Chiefs en Orlando Pirates FC interesse voor de diensten van de aanvaller.
['De', 'hoofdrollen', 'worden', 'vertolkt', 'door', 'Chris', 'Cooper', ',', 'Ryan', 'Phillippe', 'en', 'Laura', 'Linney', '.']	[0, 0, 0, 0, 0, 1, 2, 0, 1, 2, 0, 1, 2, 0]	nl	De hoofdrollen worden vertolkt door Chris Cooper, Ryan Phillippe en Laura Linney.
['In', '2011', 'maakte', 'de', 'middenvelder', 'de', 'overstap', 'naar', 'FC', 'Dordrecht', '.']	[0, 0, 0, 0, 0, 0, 0, 0, 3, 4, 0]	nl	In 2011 maakte de middenvelder de overstap naar FC Dordrecht.
['In', 'al', 'deze', 'functies', 'was', 'hij', 'de', 'opvolger', 'van', 'zijn', 'vader', ',', 'Kim', 'Il-sung', '.']	[0, 0, 0, 0, 0, 0, 0, 0, 0, 0, 0, 0, 1, 2, 0]	nl	In al deze functies was hij de opvolger van zijn vader, Kim Il-sung.
['Afgezien', 'van', 'de', 'hoofdplaats', 'lagen', 'de', 'belangrijkste', 'nederzettingen', 'van', 'het', 'eiland', 'traditioneel', 'in', 'het', 'heuvelland', ',', 'zoals', 'de', 'plaats', 'Antimachia', '.']	[0, 0, 0, 0, 0, 0, 0, 0, 0, 0, 0, 0, 0, 0, 0, 0, 0, 0, 0, 5, 0]	nl	Afgezien van de hoofdplaats lagen de belangrijkste nederzettingen van het eiland traditioneel in het heuvelland, zoals de plaats Antimachia.
"['De', 'single', '""', 'Hold', 'It', 'Against', 'Me', '""', 'verscheen', 'op', '10', 'januari', '2011', ',', 'exclusief', 'op', 'iTunes', '.']"	[0, 0, 0, 7, 8, 8, 8, 0, 0, 0, 0, 0, 0, 0, 0, 0, 7, 0]	nl	"De single ""Hold It Against Me"" verscheen op 10 januari 2011, exclusief op iTunes."
['Samen', 'met', 'Natalie', 'Coughlin', ',', 'Katie', 'Hoff', 'en', 'Whitney', 'Myers', 'veroverde', 'ze', 'de', 'wereldtitel', 'op', 'de', '4x200', 'meter', 'vrije', 'slag', '.']	[0, 0, 1, 2, 0, 1, 2, 0, 1, 2, 0, 0, 0, 0, 0, 0, 0, 0, 0, 0, 0]	nl	Samen met Natalie Coughlin, Katie Hoff en Whitney Myers veroverde ze de wereldtitel op de 4x200 meter vrije slag.
['De', 'levensgrote', 'posters', 'en', 'advertenties', 'in', 'bladen', 'waren', 'vanaf', 'oktober', '2007', 'te', 'zien', 'zijn', 'in', 'het', 'Verenigd', 'Koninkrijk', '.']	[0, 0, 0, 0, 0, 0, 0, 0, 0, 0, 0, 0, 0, 0, 0, 0, 5, 6, 0]	nl	De levensgrote posters en advertenties in bladen waren vanaf oktober 2007 te zien zijn in het Verenigd Koninkrijk.
['Sommigen', 'wisten', 'aan', 'de', 'krijgsgevangenschap', 'te', 'ontkomen', 'en', 'Frankrijk', 'te', 'ontvluchten', '.']	[0, 0, 0, 0, 0, 0, 0, 0, 5, 0, 0, 0]	nl	Sommigen wisten aan de krijgsgevangenschap te ontkomen en Frankrijk te ontvluchten.
['Hij', 'had', 'een', 'gelukkige', 'jeugd', 'die', 'hij', 'vanaf', '1797', 'doorbracht', 'op', 'het', 'buitengoed', 'van', 'zijn', 'ouders', 'in', 'Milly-Lamartine', ',', 'aan', 'de', 'Saône', '.']	[0, 0, 0, 0, 0, 0, 0, 0, 0, 0, 0, 0, 0, 0, 0, 0, 0, 5, 0, 0, 0, 5, 0]	nl	Hij had een gelukkige jeugd die hij vanaf 1797 doorbracht op het buitengoed van zijn ouders in Milly-Lamartine, aan de Saône.
['Ook', 'anderen', ',', 'onder', 'wie', 'Andre', 'Agassi', ',', 'Björn', 'Borg', ',', 'Boris', 'Becker', ',', 'Tim', 'Henman', ',', 'John', 'McEnroe', 'en', 'Jacques', 'Rogge', ',', 'noemden', 'hem', 'de', 'beste', 'speler', 'aller', 'tijden', '.']	[0, 0, 0, 0, 0, 1, 2, 0, 1, 2, 0, 1, 2, 0, 1, 2, 0, 1, 2, 0, 1, 2, 0, 0, 0, 0, 0, 0, 0, 0, 0]	nl	Ook anderen, onder wie Andre Agassi, Björn Borg, Boris Becker, Tim Henman, John McEnroe en Jacques Rogge, noemden hem de beste speler aller tijden.
"['Hier', 'lag', 'ook', 'de', 'kiem', 'voor', 'de', 'latere', 'integratie', 'van', 'vormgeving', 'en', 'industrie', ',', 'een', 'ontwikkeling', 'die', 'vlak', 'na', 'het', 'uitbreken', 'van', '""', 'Tweede', 'Wereldoorlog', '""', 'goed', 'op', 'gang', 'kwam', '.']"	[0, 0, 0, 0, 0, 0, 0, 0, 0, 0, 0, 0, 0, 0, 0, 0, 0, 0, 0, 0, 0, 0, 0, 7, 8, 0, 0, 0, 0, 0, 0]	nl	"Hier lag ook de kiem voor de latere integratie van vormgeving en industrie, een ontwikkeling die vlak na het uitbreken van ""Tweede Wereldoorlog"" goed op gang kwam."
['Daarna', 'tekende', 'hij', 'in', 'juni', 'van', '2017', 'een', 'eenjarig', 'contract', 'bij', 'Union', 'Sint-Gillis', 'met', 'een', 'optie', 'voor', 'een', 'bijkomend', 'seizoen', '.']	[0, 0, 0, 0, 0, 0, 0, 0, 0, 0, 0, 3, 4, 0, 0, 0, 0, 0, 0, 0, 0]	nl	Daarna tekende hij in juni van 2017 een eenjarig contract bij Union Sint-Gillis met een optie voor een bijkomend seizoen.
"['""', 'Poppin', ""'"", 'Them', 'Thangs', '""', 'is', 'de', 'tweede', 'single', 'van', 'het', 'album', '.']"	[0, 7, 8, 8, 8, 0, 0, 0, 0, 0, 0, 0, 0, 0]	nl	"""Poppin 'Them Thangs"" is de tweede single van het album."
['De', 'muziek', 'zou', 'eigenlijk', 'gecomponeerd', 'worden', 'door', 'Alan', 'Silvestri', '.']	[0, 0, 0, 0, 0, 0, 0, 1, 2, 0]	nl	De muziek zou eigenlijk gecomponeerd worden door Alan Silvestri.
['De', 'invloedrijke', 'geografe', 'Doreen', 'Massey', 'vestigde', 'met', 'haar', 'boek', '‘', 'Spatial', 'divisions', 'of', 'labour', '.']	[0, 0, 0, 1, 2, 0, 0, 0, 0, 0, 0, 0, 0, 0, 0]	nl	De invloedrijke geografe Doreen Massey vestigde met haar boek ‘ Spatial divisions of labour.
['De', 'naam', 'van', 'deze', 'schilderstijl', 'komt', 'uit', 'Frankrijk', '.']	[0, 0, 0, 0, 0, 0, 0, 5, 0]	nl	De naam van deze schilderstijl komt uit Frankrijk.
['Het', 'verspreidingsgebied', 'strekt', 'zich', 'oostelijk', 'uit', 'tot', 'in', 'Siberië', 'en', 'in', 'zuidelijke', 'richting', 'tot', 'in', 'noordelijk', 'Afrika', '.']	[0, 0, 0, 0, 0, 0, 0, 0, 5, 0, 0, 0, 0, 0, 0, 0, 5, 0]	nl	Het verspreidingsgebied strekt zich oostelijk uit tot in Siberië en in zuidelijke richting tot in noordelijk Afrika.
['Ten', 'zuiden', 'van', 'de', 'stad', 'ligt', 'het', 'Oderhaf', '.']	[0, 0, 0, 0, 0, 0, 0, 5, 0]	nl	Ten zuiden van de stad ligt het Oderhaf.
['In', '2001', 'zag', 'de', 'club', 'Helsingborgs', 'IF', 'wel', 'wat', 'in', 'het', 'talent', 'en', 'nam', 'hem', 'op', 'in', 'hun', 'jeugdkern', '.']	[0, 0, 0, 0, 0, 3, 4, 0, 0, 0, 0, 0, 0, 0, 0, 0, 0, 0, 0, 0]	nl	In 2001 zag de club Helsingborgs IF wel wat in het talent en nam hem op in hun jeugdkern.
"['Het', 'is', 'het', 'vervolg', 'van', '""', 'The', 'Dark', 'Eye', ':', 'Chains', 'of', 'Satinav', '""', '.']"	[0, 0, 0, 0, 0, 0, 7, 8, 8, 8, 8, 8, 8, 0, 0]	nl	"Het is het vervolg van ""The Dark Eye: Chains of Satinav""."
['Hij', 'koos', 'voor', 'de', 'Urawa', 'Red', 'Diamonds', ',', 'reeds', 'tijdens', 'zijn', 'kindertijd', 'zijn', 'favoriete', 'club', '.']	[0, 0, 0, 0, 3, 4, 4, 0, 0, 0, 0, 0, 0, 0, 0, 0]	nl	Hij koos voor de Urawa Red Diamonds, reeds tijdens zijn kindertijd zijn favoriete club.
['Het', 'begint', 'in', 'het', 'noorden', 'ongeveer', 'bij', 'Windhoek', ',', 'in', 'het', 'oosten', 'gaat', 'het', 'over', 'in', 'de', 'Kalahari', '.']	[0, 0, 0, 0, 0, 0, 0, 5, 0, 0, 0, 0, 0, 0, 0, 0, 0, 5, 0]	nl	Het begint in het noorden ongeveer bij Windhoek, in het oosten gaat het over in de Kalahari.
['In', 'Guinee-Bissau', 'wordt', 'de', 'vogel', 'ook', 'aangetroffen', 'in', 'mangrove', '.']	[0, 5, 0, 0, 0, 0, 0, 0, 0, 0]	nl	In Guinee-Bissau wordt de vogel ook aangetroffen in mangrove.
['Hij', 'kreeg', 'twintig', 'jaar', 'gevangenisstraf', ',', 'maar', 'kwam', 'na', '4,5', 'jaar', 'reeds', 'vrij', ',', 'doordat', 'president', 'Jimmy', 'Carter', 'zijn', 'straf', 'introk', '.']	[0, 0, 0, 0, 0, 0, 0, 0, 0, 0, 0, 0, 0, 0, 0, 0, 1, 2, 0, 0, 0, 0]	nl	Hij kreeg twintig jaar gevangenisstraf, maar kwam na 4,5 jaar reeds vrij, doordat president Jimmy Carter zijn straf introk.
['In', 'de', 'winters', 'van', '2003', '/', '2004', 'en', '2004', '/', '2005', 'lag', 'het', 'schip', 'voor', 'de', 'winterperiode', 'in', 'Warnemünde', '.']	[0, 0, 0, 0, 0, 0, 0, 0, 0, 0, 0, 0, 0, 0, 0, 0, 0, 0, 5, 0]	nl	In de winters van 2003 / 2004 en 2004 / 2005 lag het schip voor de winterperiode in Warnemünde.
['Het', 'pakket', 'bevat', 'gelijkaardige', 'spelonderdelen', 'en', 'gameplay', 'uit', 'De', 'Sims', '2', ':', 'Studentenleven', '.']	[0, 0, 0, 0, 0, 0, 0, 0, 7, 8, 8, 8, 8, 0]	nl	Het pakket bevat gelijkaardige spelonderdelen en gameplay uit De Sims 2: Studentenleven.
['In', '1999', 'greep', 'generaal', 'Pervez', 'Musharraf', 'de', 'macht', 'in', 'een', 'staatsgreep', ',', 'waarbij', 'de', 'democratische', 'regering', 'van', 'Nawaz', 'Sharif', 'werd', 'afgezet', '.']	[0, 0, 0, 0, 1, 2, 0, 0, 0, 0, 0, 0, 0, 0, 0, 0, 0, 1, 2, 0, 0, 0]	nl	In 1999 greep generaal Pervez Musharraf de macht in een staatsgreep, waarbij de democratische regering van Nawaz Sharif werd afgezet.
['De', 'moskee', 'is', 'nu', 'met', 'bakstenen', 'herbouwd', 'en', 'ligt', 'ongeveer', 'één', 'kilometer', 'ten', 'noorden', 'van', 'de', 'Nur', 'ul-Ihsaanmoskee', '.']	[0, 0, 0, 0, 0, 0, 0, 0, 0, 0, 0, 0, 0, 0, 0, 0, 5, 6, 0]	nl	De moskee is nu met bakstenen herbouwd en ligt ongeveer één kilometer ten noorden van de Nur ul-Ihsaanmoskee.
['Hij', 'debuteerde', 'in', '2016', 'in', 'het', 'Duits', 'voetbalelftal', '.']	[0, 0, 0, 0, 0, 0, 3, 4, 0]	nl	Hij debuteerde in 2016 in het Duits voetbalelftal.
['Het', 'uitbreken', 'van', 'de', 'Tweede', 'Wereldoorlog', 'enkele', 'jaren', 'later', 'maakte', 'hier', 'abrupt', 'een', 'einde', 'aan', '.']	[0, 0, 0, 0, 7, 8, 0, 0, 0, 0, 0, 0, 0, 0, 0, 0]	nl	Het uitbreken van de Tweede Wereldoorlog enkele jaren later maakte hier abrupt een einde aan.
['Het', 'is', 'een', 'in', 'het', 'wild', 'uitgestorven', ',', 'endemische', 'soort', 'pauwies', 'uit', 'Brazilië', '.']	[0, 0, 0, 0, 0, 0, 0, 0, 0, 0, 0, 0, 5, 0]	nl	Het is een in het wild uitgestorven, endemische soort pauwies uit Brazilië.
"['Het', 'album', 'deed', 'tevens', 'dienst', 'als', 'soundtrack', 'voor', 'de', 'speelfilm', '""', 'Phileine', 'zegt', 'sorry', '""', ',', 'gebaseerd', 'op', 'het', 'gelijknamige', 'boek', 'van', 'Ronald', 'Giphart', '.']"	[0, 0, 0, 0, 0, 0, 0, 0, 0, 0, 0, 7, 8, 8, 0, 0, 0, 0, 0, 0, 0, 0, 1, 2, 0]	nl	"Het album deed tevens dienst als soundtrack voor de speelfilm ""Phileine zegt sorry"", gebaseerd op het gelijknamige boek van Ronald Giphart."
['De', 'plaats', 'is', 'genoemd', 'naar', 'Juan', 'Seguín', '.']	[0, 0, 0, 0, 0, 1, 2, 0]	nl	De plaats is genoemd naar Juan Seguín.
"['Op', '15', 'oktober', '1815', 'vond', 'in', ""Sant'Antioco"", 'de', 'laatste', 'rooftocht', 'van', 'Noord-Afrikaanse', 'piraten', 'plaats', ',', 'die', '160', 'inwoners', 'als', 'slaaf', 'meenamen', '.']"	[0, 0, 0, 0, 0, 0, 5, 0, 0, 0, 0, 0, 0, 0, 0, 0, 0, 0, 0, 0, 0, 0]	nl	Op 15 oktober 1815 vond in Sant'Antioco de laatste rooftocht van Noord-Afrikaanse piraten plaats, die 160 inwoners als slaaf meenamen.
['Het', 'scenario', 'is', 'gebaseerd', 'op', 'dat', 'uit', 'het', 'gelijknamige', 'boek', 'van', 'Dennis', 'Lehane', '.']	[0, 0, 0, 0, 0, 0, 0, 0, 0, 0, 0, 1, 2, 0]	nl	Het scenario is gebaseerd op dat uit het gelijknamige boek van Dennis Lehane.
['De', 'druipers', 'verwezen', 'naar', 'de', 'op', 'dat', 'moment', 'populaire', 'stijl', 'van', 'het', 'abstract', 'expressionisme', ';', 'die', 'bijvoorbeeld', 'door', 'Jackson', 'Pollock', 'en', 'Willem', 'de', 'Kooning', 'werd', 'toegepast', '.']	[0, 0, 0, 0, 0, 0, 0, 0, 0, 0, 0, 0, 0, 0, 0, 0, 0, 0, 1, 2, 0, 1, 2, 2, 0, 0, 0]	nl	De druipers verwezen naar de op dat moment populaire stijl van het abstract expressionisme; die bijvoorbeeld door Jackson Pollock en Willem de Kooning werd toegepast.
['Hij', 'tekende', 'in', 'juli', '2015', 'een', 'contract', 'bij', 'Columbus', 'Crew', '.']	[0, 0, 0, 0, 0, 0, 0, 0, 3, 4, 0]	nl	Hij tekende in juli 2015 een contract bij Columbus Crew.
['Hij', 'speelde', 'er', 'samen', 'met', 'een', 'andere', 'talentvolle', 'middenvelder', ',', 'Christian', 'Grindheim', '.']	[0, 0, 0, 0, 0, 0, 0, 0, 0, 0, 1, 2, 0]	nl	Hij speelde er samen met een andere talentvolle middenvelder, Christian Grindheim.
['Maria', 'Teresa', 'de', 'Filippis', 'werd', 'tiende', '.']	[1, 2, 2, 2, 0, 0, 0]	nl	Maria Teresa de Filippis werd tiende.
['Hij', 'verruilde', 'TSG', '1899', 'Hoffenheim', 'in', 'juli', '2019', 'voor', 'Borussia', 'Dortmund', ',', 'dat', 'circa', '€', '27.000.000', ',', '-', 'voor', 'hem', 'betaalde', '.']	[0, 0, 3, 4, 4, 0, 0, 0, 0, 3, 4, 0, 0, 0, 0, 0, 0, 0, 0, 0, 0, 0]	nl	Hij verruilde TSG 1899 Hoffenheim in juli 2019 voor Borussia Dortmund, dat circa €27.000.000, - voor hem betaalde.
['Hij', 'moest', 'in', 'die', 'wedstrijd', 'na', '45', 'minuten', 'plaatsmaken', 'voor', 'Alo', 'Dupikov', '.']	[0, 0, 0, 0, 0, 0, 0, 0, 0, 0, 1, 2, 0]	nl	Hij moest in die wedstrijd na 45 minuten plaatsmaken voor Alo Dupikov.
['In', 'Arnstadt', ',', 'Duitsland', 'op', '4', 'februari', '2006', 'vestigde', 'ze', 'haar', 'eerste', 'wereldrecord', ':', '2,08', '.']	[0, 5, 0, 5, 0, 0, 0, 0, 0, 0, 0, 0, 0, 0, 0, 0]	nl	In Arnstadt, Duitsland op 4 februari 2006 vestigde ze haar eerste wereldrecord: 2,08.
['Zuid-Afrika', 'is', 'tevens', 'het', 'enige', 'land', 'in', 'Afrika', 'met', 'kernenergie', '.']	[5, 0, 0, 0, 0, 0, 0, 5, 0, 0, 0]	nl	Zuid-Afrika is tevens het enige land in Afrika met kernenergie.
"['De', 'enige', 'bekende', 'soort', 'van', 'dit', 'geslacht', ',', '""', 'Pascopyrum', 'smithii', '""', ',', 'komt', 'voor', 'in', 'delen', 'van', 'Noord-Amerika', '.']"	[0, 0, 0, 0, 0, 0, 0, 0, 0, 0, 0, 0, 0, 0, 0, 0, 0, 0, 5, 0]	nl	"De enige bekende soort van dit geslacht, ""Pascopyrum smithii"", komt voor in delen van Noord-Amerika."
['Dit', 'kwam', 'grotendeels', 'doordat', 'Microsoft', 'haar', 'browser', 'bij', 'Windows', 'inbouwde', '.']	[0, 0, 0, 0, 3, 0, 0, 0, 7, 0, 0]	nl	Dit kwam grotendeels doordat Microsoft haar browser bij Windows inbouwde.
['Een', 'groot', 'deel', 'van', 'zijn', 'jeugd', 'bracht', 'hij', 'door', 'in', 'Almkerk', '.']	[0, 0, 0, 0, 0, 0, 0, 0, 0, 0, 5, 0]	nl	Een groot deel van zijn jeugd bracht hij door in Almkerk.
['Zijn', 'eerste', 'doelpunt', 'maakte', 'hij', 'dat', 'seizoen', 'nog', ',', 'op', '21', 'augustus', ',', 'tijdens', 'een', '1', '–', '2', 'nederlaag', 'tegen', 'FC', 'Gifu', '.']	[0, 0, 0, 0, 0, 0, 0, 0, 0, 0, 0, 0, 0, 0, 0, 0, 0, 0, 0, 0, 3, 4, 0]	nl	Zijn eerste doelpunt maakte hij dat seizoen nog, op 21 augustus, tijdens een 1 – 2 nederlaag tegen FC Gifu.
['Hoewel', 'hij', 'van', 'plan', 'was', 'geweest', 'snel', 'terug', 'te', 'keren', 'naar', 'Manilla', 'voor', 'een', 'studie', 'rechten', ',', 'bleef', 'hij', 'daarop', 'nog', 'enige', 'tijd', 'in', 'Baler', ',', 'om', 'daar', 'zijn', 'vader', 'bij', 'te', 'staan', '.']	[0, 0, 0, 0, 0, 0, 0, 0, 0, 0, 0, 5, 0, 0, 0, 0, 0, 0, 0, 0, 0, 0, 0, 0, 5, 0, 0, 0, 0, 0, 0, 0, 0, 0]	nl	Hoewel hij van plan was geweest snel terug te keren naar Manilla voor een studie rechten, bleef hij daarop nog enige tijd in Baler, om daar zijn vader bij te staan.
['Zo', 'ook', 'op', 'het', 'Festival', 'Dranouter', 'waar', 'hij', 'als', 'afsluiter', 'van', 'het', 'festival', 'zijn', 'optreden', 'met', 'The', 'Pogues', 'de', 'mist', 'in', 'lalde', '.']	[0, 0, 0, 0, 7, 8, 0, 0, 0, 0, 0, 0, 0, 0, 0, 0, 3, 4, 0, 0, 0, 0, 0]	nl	Zo ook op het Festival Dranouter waar hij als afsluiter van het festival zijn optreden met The Pogues de mist in lalde.
['In', '2015', 'won', 'hij', 'de', 'FIA', 'World', 'Endurance', 'Championship', 'klasse', ',', 'samen', 'met', 'Mark', 'Webber', 'en', 'Timo', 'Bernhard', '.']	[0, 0, 0, 0, 0, 7, 8, 8, 8, 0, 0, 0, 0, 1, 2, 0, 1, 2, 0]	nl	In 2015 won hij de FIA World Endurance Championship klasse, samen met Mark Webber en Timo Bernhard.
['Op', 'de', 'Europese', 'kampioenschappen', 'zwemmen', '2006', 'in', 'Boedapest', 'eindigde', 'de', 'Britse', 'als', 'zevende', 'op', 'de', '400', 'meter', 'wisselslag', 'en', 'strandde', 'ze', 'in', 'de', 'series', 'van', 'de', '200', 'meter', 'wisselslag', '.']	[0, 0, 7, 8, 8, 8, 0, 5, 0, 0, 7, 0, 0, 0, 0, 0, 0, 0, 0, 0, 0, 0, 0, 0, 0, 0, 0, 0, 0, 0]	nl	Op de Europese kampioenschappen zwemmen 2006 in Boedapest eindigde de Britse als zevende op de 400 meter wisselslag en strandde ze in de series van de 200 meter wisselslag.
['Hij', 'behaalde', 'zijn', 'eerste', 'zege', 'van', 'het', 'seizoen', 'in', 'de', 'afsluitende', 'tijdrit', 'van', 'de', 'Driedaagse', 'van', 'De', 'Panne-Koksijde', '.']	[0, 0, 0, 0, 0, 0, 0, 0, 0, 0, 0, 0, 0, 0, 7, 8, 8, 8, 0]	nl	Hij behaalde zijn eerste zege van het seizoen in de afsluitende tijdrit van de Driedaagse van De Panne-Koksijde.
['Hij', 'mocht', 'enkele', 'minuten', 'voor', 'tijd', 'invallen', 'voor', 'Mauricio', 'Isla', '.']	[0, 0, 0, 0, 0, 0, 0, 0, 1, 2, 0]	nl	Hij mocht enkele minuten voor tijd invallen voor Mauricio Isla.
['In', 'de', 'jaren', 'zeventig', 'waren', 'de', 'grootste', 'successen', 'in', 'de', 'eerste', 'klasse', 'voor', 'Club', 'Brugge', '.']	[0, 0, 0, 0, 0, 0, 0, 0, 0, 0, 0, 0, 0, 3, 4, 0]	nl	In de jaren zeventig waren de grootste successen in de eerste klasse voor Club Brugge.
['De', 'Nete', 'verdeelt', 'het', 'centrum', 'in', 'twee', 'woonkernen', '.']	[0, 5, 0, 0, 0, 0, 0, 0, 0]	nl	De Nete verdeelt het centrum in twee woonkernen.
"['Hoewel', 'hij', 'de', 'namen', 'niet', 'noemt', 'kunnen', 'ze', 'herkend', 'worden', 'als', 'Billy', 'Rose', ""'s"", 'Jumbo', 'en', 'That', 'touch', 'of', 'Mink', ',', 'beide', 'Doris', 'Day', 'films', 'uit', '1962', '.']"	[0, 0, 0, 0, 0, 0, 0, 0, 0, 0, 0, 7, 8, 8, 8, 0, 7, 8, 8, 8, 0, 0, 1, 2, 0, 0, 0, 0]	nl	Hoewel hij de namen niet noemt kunnen ze herkend worden als Billy Rose 's Jumbo en That touch of Mink, beide Doris Day films uit 1962.
"['Een', 'voorbeeld', 'hiervan', 'is', 'vers', '15:6', '3', ',', 'waarin', 'gemeld', 'wordt', 'dat', 'de', 'Israëlieten', 'niet', 'in', 'staat', 'waren', 'de', 'oorspronkelijke', 'bewoners', 'van', 'Jeruzalem', ',', 'de', 'Jebusieten', ',', 'te', 'verdrijven', 'en', 'dat', 'Israëlieten', 'en', 'Jebusieten', '""', 'tot', 'op', 'de', 'dag', 'van', 'vandaag', '""', 'samen', 'in', 'de', 'stad', 'wonen', '.']"	[0, 0, 0, 0, 0, 0, 0, 0, 0, 0, 0, 0, 0, 7, 0, 0, 0, 0, 0, 0, 0, 0, 5, 0, 0, 7, 0, 0, 0, 0, 0, 7, 0, 7, 0, 0, 0, 0, 0, 0, 0, 0, 0, 0, 0, 0, 0, 0]	nl	"Een voorbeeld hiervan is vers 15:6 3, waarin gemeld wordt dat de Israëlieten niet in staat waren de oorspronkelijke bewoners van Jeruzalem, de Jebusieten, te verdrijven en dat Israëlieten en Jebusieten ""tot op de dag van vandaag"" samen in de stad wonen."
['Met', 'Helmut', 'Schön', ',', 'Ottmar', 'Hitzfeld', ',', 'Udo', 'Lattek', 'en', 'Franz', 'Beckenbauer', ',', 'wordt', 'hij', 'gerekend', 'tot', 'de', 'succesvolste', 'Duitse', 'trainers', 'aller', 'tijden', '.']	[0, 1, 2, 0, 1, 2, 0, 1, 2, 0, 1, 2, 0, 0, 0, 0, 0, 0, 0, 7, 0, 0, 0, 0]	nl	Met Helmut Schön, Ottmar Hitzfeld, Udo Lattek en Franz Beckenbauer, wordt hij gerekend tot de succesvolste Duitse trainers aller tijden.
['De', 'opnames', 'begonnen', 'eind', '2007', 'in', 'Fox', 'Studios', 'Australia', '(', 'in', 'Sydney', ')', '.']	[0, 0, 0, 0, 0, 0, 3, 4, 4, 0, 0, 5, 0, 0]	nl	De opnames begonnen eind 2007 in Fox Studios Australia (in Sydney).
['Buiten', 'de', 'broedtijd', 'verblijven', 'de', 'vogels', 'op', 'volle', 'zee', 'in', 'een', 'groot', 'deel', 'van', 'de', 'Grote', 'Oceaan', '.']	[0, 0, 0, 0, 0, 0, 0, 0, 0, 0, 0, 0, 0, 0, 0, 5, 6, 0]	nl	Buiten de broedtijd verblijven de vogels op volle zee in een groot deel van de Grote Oceaan.
['De', 'wetenschappelijke', 'naam', 'van', 'de', 'soort', 'is', 'voor', 'het', 'eerst', 'geldig', 'gepubliceerd', 'in', '1798', 'door', 'Pierre', 'André', 'Latreille', '.']	[0, 0, 0, 0, 0, 0, 0, 0, 0, 0, 0, 0, 0, 0, 0, 1, 2, 2, 0]	nl	De wetenschappelijke naam van de soort is voor het eerst geldig gepubliceerd in 1798 door Pierre André Latreille.
['In', 'het', 'noorden', 'strekt', 'dat', 'gebied', 'zich', 'tot', 'aan', 'de', 'poolcirkel', 'uit', ',', 'met', 'als', 'uiterste', 'grens', '68', '°', 'noorderbreedte', 'in', 'Finland', '.']	[0, 0, 0, 0, 0, 0, 0, 0, 0, 0, 0, 0, 0, 0, 0, 0, 0, 0, 0, 0, 0, 5, 0]	nl	In het noorden strekt dat gebied zich tot aan de poolcirkel uit, met als uiterste grens 68 ° noorderbreedte in Finland.
['De', 'logica', 'van', 'Aristoteles', 'botste', 'op', 'bepaalde', 'vlakken', 'met', 'het', 'geloof', ',', 'wat', 'aan', 'het', 'einde', 'van', 'de', '13e', 'eeuw', 'een', 'intellectuele', 'crisis', 'tot', 'gevolg', 'had', ',', 'die', 'tot', 'uiting', 'kwam', 'in', 'de', 'universaliënstrijd', '.']	[0, 0, 0, 1, 0, 0, 0, 0, 0, 0, 0, 0, 0, 0, 0, 0, 0, 0, 0, 0, 0, 0, 0, 0, 0, 0, 0, 0, 0, 0, 0, 0, 0, 0, 0]	nl	De logica van Aristoteles botste op bepaalde vlakken met het geloof, wat aan het einde van de 13e eeuw een intellectuele crisis tot gevolg had, die tot uiting kwam in de universaliënstrijd.
['De', 'fusillade', 'vond', 'plaats', 'op', 'een', 'militaire', 'basis', 'in', 'Târgoviște', 'en', 'werd', 'als', 'bewijs', 'van', 'hun', 'dood', 'gefilmd', 'en', 'wereldwijd', 'per', 'televisie', 'vertoond', '.']	[0, 0, 0, 0, 0, 0, 0, 0, 0, 5, 0, 0, 0, 0, 0, 0, 0, 0, 0, 0, 0, 0, 0, 0]	nl	De fusillade vond plaats op een militaire basis in Târgoviște en werd als bewijs van hun dood gefilmd en wereldwijd per televisie vertoond.
['Het', 'bedrijf', 'wilde', 'de', 'concurrentie', 'aangaan', 'met', 'de', 'Nederlandse', 'Spoorwegen', '.']	[0, 0, 0, 0, 0, 0, 0, 0, 3, 4, 0]	nl	Het bedrijf wilde de concurrentie aangaan met de Nederlandse Spoorwegen.
['Het', 'bevindt', 'zich', 'in', 'de', 'Genneper', 'Parken', 'te', 'Eindhoven', '.']	[0, 0, 0, 0, 0, 5, 6, 0, 5, 0]	nl	Het bevindt zich in de Genneper Parken te Eindhoven.
['Julia', 'Domna', 'was', 'zeer', 'belezen', 'en', 'had', 'een', 'levendige', 'belangstelling', 'voor', 'filosofie', '.']	[1, 2, 0, 0, 0, 0, 0, 0, 0, 0, 0, 0, 0]	nl	Julia Domna was zeer belezen en had een levendige belangstelling voor filosofie.
['Hieruit', 'kwam', 'de', 'Evangelische', 'Broedergemeente', ',', 'ook', 'bekend', 'als', 'de', 'hernhutters', 'voort', '.']	[0, 0, 0, 3, 4, 0, 0, 0, 0, 0, 0, 0, 0]	nl	Hieruit kwam de Evangelische Broedergemeente, ook bekend als de hernhutters voort.
['Hij', 'mocht', 'na', '63', 'minuten', 'invallen', 'voor', 'Sergi', 'Darder', '.']	[0, 0, 0, 0, 0, 0, 0, 1, 2, 0]	nl	Hij mocht na 63 minuten invallen voor Sergi Darder.
"['Op', '18', 'februari', 'lekte', 'het', 'nieuwe', 'album', '""', 'No', 'Line', 'on', 'the', 'Horizon', '""', ',', 'één', 'week', 'voordat', 'het', 'officieel', 'zou', 'verschijnen', ',', 'uit', 'op', 'internet', '.']"	[0, 0, 0, 0, 0, 0, 0, 0, 7, 8, 8, 8, 8, 0, 0, 0, 0, 0, 0, 0, 0, 0, 0, 0, 0, 0, 0]	nl	"Op 18 februari lekte het nieuwe album ""No Line on the Horizon"", één week voordat het officieel zou verschijnen, uit op internet."
['Hier', 'bleef', 'hij', 'in', 'de', 'tweede', 'klas', 'zitten', 'en', 'sloot', 'hij', 'een', 'levenslange', 'vriendschap', 'met', 'zijn', 'klasgenoot', 'Pieter', 'Blaisse', '.']	[0, 0, 0, 0, 0, 0, 0, 0, 0, 0, 0, 0, 0, 0, 0, 0, 0, 1, 2, 0]	nl	Hier bleef hij in de tweede klas zitten en sloot hij een levenslange vriendschap met zijn klasgenoot Pieter Blaisse.
['Hij', 'kwam', 'er', 'geen', 'enkele', 'keer', 'aan', 'de', 'bak', 'en', 'werd', 'tijdens', 'de', 'winterstop', 'getransfereerd', 'naar', 'zijn', 'andere', 'ex-club', 'FC', 'Basel', '.']	[0, 0, 0, 0, 0, 0, 0, 0, 0, 0, 0, 0, 0, 0, 0, 0, 0, 0, 0, 3, 4, 0]	nl	Hij kwam er geen enkele keer aan de bak en werd tijdens de winterstop getransfereerd naar zijn andere ex-club FC Basel.
['Door', 'toenemende', 'conflicten', 'tussen', 'de', 'mens', 'en', 'beer', 'neemt', 'de', 'populatie', 'af', ',', 'ondanks', 'zijn', 'naam', 'is', 'de', 'beer', 'inmiddels', 'uitgestorven', 'in', 'Syrië', '.']	[0, 0, 0, 0, 0, 0, 0, 0, 0, 0, 0, 0, 0, 0, 0, 0, 0, 0, 0, 0, 0, 0, 5, 0]	nl	Door toenemende conflicten tussen de mens en beer neemt de populatie af, ondanks zijn naam is de beer inmiddels uitgestorven in Syrië.
['Het', 'Bronx', 'Park', 'is', 'een', 'park', 'waar', 'de', 'New', 'York', 'Botanical', 'Garden', 'en', 'de', 'Bronx', 'Zoo', 'zijn', 'gevestigd', '.']	[0, 5, 6, 0, 0, 0, 0, 0, 5, 6, 6, 6, 0, 0, 5, 6, 0, 0, 0]	nl	Het Bronx Park is een park waar de New York Botanical Garden en de Bronx Zoo zijn gevestigd.
['Ze', 'dobberde', 'op', 'haar', 'zeeschelp', 'naar', 'Cyprus', '.']	[0, 0, 0, 0, 0, 0, 5, 0]	nl	Ze dobberde op haar zeeschelp naar Cyprus.
['Enkele', 'malen', 'per', 'dag', 'is', 'er', 'een', 'treinverbinding', 'met', 'Sydney', '.']	[0, 0, 0, 0, 0, 0, 0, 0, 0, 5, 0]	nl	Enkele malen per dag is er een treinverbinding met Sydney.
"['""', 'Melomys', 'lutillus', '""', 'is', 'een', 'knaagdier', 'uit', 'het', 'geslacht', '""', 'Melomys', '""', 'dat', 'voorkomt', 'op', 'Nieuw-Guinea', ',', 'Misima', 'en', 'Woodlark', '.']"	[0, 0, 0, 0, 0, 0, 0, 0, 0, 0, 0, 0, 0, 0, 0, 0, 5, 0, 5, 0, 5, 0]	nl	"""Melomys lutillus"" is een knaagdier uit het geslacht ""Melomys"" dat voorkomt op Nieuw-Guinea, Misima en Woodlark."
['Daarbij', 'trok', 'hij', 'tot', 'driemaal', 'toe', 'over', 'de', 'Rijn', '.']	[0, 0, 0, 0, 0, 0, 0, 0, 5, 0]	nl	Daarbij trok hij tot driemaal toe over de Rijn.
['Dit', 'verhinderde', 'niet', 'dat', 'de', 'Romeins-Perzische', 'oorlogen', 'in', 'alle', 'hevigheid', 'verder', 'woeden', '.']	[0, 0, 0, 0, 0, 7, 8, 0, 0, 0, 0, 0, 0]	nl	Dit verhinderde niet dat de Romeins-Perzische oorlogen in alle hevigheid verder woeden.
['Op', '31', 'mei', '2005', 'onthulde', 'hij', 'in', 'Rijpwetering', ',', 'de', 'plaats', 'waar', 'hij', 'opgroeide', ',', 'een', 'standbeeld', 'ter', 'ere', 'van', 'zijn', 'wielerprestaties', '.']	[0, 0, 0, 0, 0, 0, 0, 5, 0, 0, 0, 0, 0, 0, 0, 0, 0, 0, 0, 0, 0, 0, 0]	nl	Op 31 mei 2005 onthulde hij in Rijpwetering, de plaats waar hij opgroeide, een standbeeld ter ere van zijn wielerprestaties.
['Syrië', 'heeft', 'altijd', 'geweigerd', 'om', 'hem', 'uit', 'te', 'leveren', '.']	[5, 0, 0, 0, 0, 0, 0, 0, 0, 0]	nl	Syrië heeft altijd geweigerd om hem uit te leveren.
['Na', 'een', 'succesvolle', 'periode', 'in', 'Zwitserland', 'bij', 'FC', 'Aarau', 'kwam', 'hij', 'in', '1998', 'bij', 'de', 'Duitse', 'topclub', 'Werder', 'Bremen', '.']	[0, 0, 0, 0, 0, 5, 0, 3, 4, 0, 0, 0, 0, 0, 0, 7, 0, 3, 4, 0]	nl	Na een succesvolle periode in Zwitserland bij FC Aarau kwam hij in 1998 bij de Duitse topclub Werder Bremen.
['Hij', 'distantieerde', 'zich', 'steeds', 'opener', 'van', 'de', 'heersende', 'moraal', 'in', 'het', 'victoriaanse', 'Engeland', '.']	[0, 0, 0, 0, 0, 0, 0, 0, 0, 0, 0, 0, 5, 0]	nl	Hij distantieerde zich steeds opener van de heersende moraal in het victoriaanse Engeland.
['Zijn', '16-jarige', 'ambtsperiode', 'was', 'de', 'langste', 'van', 'alle', 'Duitse', 'kanseliers', 'sinds', 'Otto', 'von', 'Bismarck', ',', 'en', 'kende', 'het', 'einde', 'van', 'de', 'Koude', 'Oorlog', '.']	[0, 0, 0, 0, 0, 0, 0, 0, 7, 0, 0, 1, 2, 2, 0, 0, 0, 0, 0, 0, 0, 7, 8, 0]	nl	Zijn 16-jarige ambtsperiode was de langste van alle Duitse kanseliers sinds Otto von Bismarck, en kende het einde van de Koude Oorlog.
['Internationale', 'vluchten', 'komen', 'echter', 'aan', 'op', 'Johan', 'Adolf', 'Pengel', 'International', 'Airport', 'bij', 'Zanderij', ',', 'ruim', '40', 'kilometer', 'ten', 'zuiden', 'van', 'de', 'stad', '.']	[0, 0, 0, 0, 0, 0, 5, 6, 6, 6, 6, 0, 5, 0, 0, 0, 0, 0, 0, 0, 0, 0, 0]	nl	Internationale vluchten komen echter aan op Johan Adolf Pengel International Airport bij Zanderij, ruim 40 kilometer ten zuiden van de stad.
['Daar', 'wekte', 'hij', 'de', 'interesse', 'op', 'van', 'onder', 'meer', 'RSC', 'Anderlecht', 'en', 'Club', 'Brugge', '.']	[0, 0, 0, 0, 0, 0, 0, 0, 0, 3, 4, 0, 3, 4, 0]	nl	Daar wekte hij de interesse op van onder meer RSC Anderlecht en Club Brugge.
['De', 'nieuwe', 'premier', 'Winston', 'Churchill', ',', 'op', '10', 'mei', '1940', 'Neville', 'Chamberlain', 'opgevolgd', ',', 'wilde', 'de', 'oorlog', 'voortzetten', '.']	[0, 0, 0, 1, 2, 0, 0, 0, 0, 0, 1, 2, 0, 0, 0, 0, 0, 0, 0]	nl	De nieuwe premier Winston Churchill, op 10 mei 1940 Neville Chamberlain opgevolgd, wilde de oorlog voortzetten.
['Teruggekeerd', 'in', 'Wenen', 'na', 'de', 'Oostenrijkse', 'nederlaag', ',', 'studeerde', 'hij', 'van', '1919', 'tot', '1923', 'bij', 'Arnold', 'Schönberg', '.']	[0, 0, 5, 0, 0, 7, 0, 0, 0, 0, 0, 0, 0, 0, 0, 1, 2, 0]	nl	Teruggekeerd in Wenen na de Oostenrijkse nederlaag, studeerde hij van 1919 tot 1923 bij Arnold Schönberg.
['Deze', 'slak', 'leeft', 'in', 'het', 'westen', 'van', 'de', 'Grote', 'Oceaan', ',', 'voornamelijk', 'in', 'de', 'buurt', 'van', 'de', 'Filipijnen', ',', 'Japan', 'en', 'Indonesië', '.']	[0, 0, 0, 0, 0, 0, 0, 0, 5, 6, 0, 0, 0, 0, 0, 0, 0, 5, 0, 5, 0, 5, 0]	nl	Deze slak leeft in het westen van de Grote Oceaan, voornamelijk in de buurt van de Filipijnen, Japan en Indonesië.
['Zijn', 'eerste', 'partij', 'won', 'hij', 'van', 'Tyrone', 'Spong', 'op', 'een', 'unanieme', 'jury-beslissing', '.']	[0, 0, 0, 0, 0, 0, 1, 2, 0, 0, 0, 0, 0]	nl	Zijn eerste partij won hij van Tyrone Spong op een unanieme jury-beslissing.
['Hij', 'werd', 'gehaald', 'als', 'vervanger', 'van', 'clublegende', 'Julen', 'Guerrero', ',', 'die', 'in', '2006', 'zijn', 'loopbaan', 'als', 'profvoetballer', 'beëindigde', '.']	[0, 0, 0, 0, 0, 0, 0, 1, 2, 0, 0, 0, 0, 0, 0, 0, 0, 0, 0]	nl	Hij werd gehaald als vervanger van clublegende Julen Guerrero, die in 2006 zijn loopbaan als profvoetballer beëindigde.
['Verder', 'naar', 'het', 'zuiden', 'begonnen', 'de', 'Alpen', 'zich', 'te', 'vormen', '.']	[0, 0, 0, 0, 0, 0, 5, 0, 0, 0, 0]	nl	Verder naar het zuiden begonnen de Alpen zich te vormen.
"['""', 'radikal', '""', 'is', 'in', 'Duitsland', 'verboden', '.']"	[0, 0, 0, 0, 0, 5, 0, 0]	nl	"""radikal"" is in Duitsland verboden."
['Na', 'de', 'veertigste', 'ondertekening', 'door', 'Burkina', 'Faso', 'op', '16', 'september', '1998', 'werd', 'het', 'verdrag', 'een', 'bindende', 'internationale', 'wet', '.']	[0, 0, 0, 0, 0, 5, 6, 0, 0, 0, 0, 0, 0, 0, 0, 0, 0, 0, 0]	nl	Na de veertigste ondertekening door Burkina Faso op 16 september 1998 werd het verdrag een bindende internationale wet.
['Twee', 'dagen', 'later', 'mocht', 'hij', 'ook', 'invallen', 'in', 'de', 'UEFA', 'Super', 'Cup', 'tegen', 'FC', 'Porto', '.']	[0, 0, 0, 0, 0, 0, 0, 0, 0, 7, 8, 8, 0, 3, 4, 0]	nl	Twee dagen later mocht hij ook invallen in de UEFA Super Cup tegen FC Porto.
['Hal', 'B.', 'Wallis', 'produceerde', 'de', 'film', '.']	[1, 2, 2, 0, 0, 0, 0]	nl	Hal B. Wallis produceerde de film.
['Dit', 'gebeurde', 'op', 'de', 'IJkdijk', ',', 'een', 'laboratorium', 'waarin', 'dijken', 'worden', 'gebouwd', 'en', 'vernield', '.']	[0, 0, 0, 0, 5, 0, 0, 0, 0, 0, 0, 0, 0, 0, 0]	nl	Dit gebeurde op de IJkdijk, een laboratorium waarin dijken worden gebouwd en vernield.
['In', 'juli', '2016', 'verruilde', 'hij', 'FC', 'Kopenhagen', 'voor', 'Feyenoord', '.']	[0, 0, 0, 0, 0, 3, 4, 0, 3, 0]	nl	In juli 2016 verruilde hij FC Kopenhagen voor Feyenoord.
['Daarnaast', 'schreef', 'zij', 'toneelstukken', ',', 'poëzie', ',', 'korte', 'verhalen', ',', 'kinderboeken', 'en', 'biografieën', 'van', 'Mary', 'Shelley', ',', 'Emily', 'Brontë', 'en', 'John', 'Masefield', '.']	[0, 0, 0, 0, 0, 0, 0, 0, 0, 0, 0, 0, 0, 0, 1, 2, 0, 1, 2, 0, 1, 2, 0]	nl	Daarnaast schreef zij toneelstukken, poëzie, korte verhalen, kinderboeken en biografieën van Mary Shelley, Emily Brontë en John Masefield.
"['Deze', 'sage', 'werd', 'door', 'Richard', 'Wagner', 'bewerkt', 'tot', 'de', 'opera', '""', 'Lohengrin', '""', '.']"	[0, 0, 0, 0, 1, 2, 0, 0, 0, 0, 0, 7, 0, 0]	nl	"Deze sage werd door Richard Wagner bewerkt tot de opera ""Lohengrin""."
['Dat', 'doet', 'Absalom', 'wel', ':', 'een', 'paar', 'jaar', 'later', 'vermoordt', 'hij', 'Amnon', 'tijdens', 'een', 'feest', '.']	[0, 0, 1, 0, 0, 0, 0, 0, 0, 0, 0, 1, 0, 0, 0, 0]	nl	Dat doet Absalom wel: een paar jaar later vermoordt hij Amnon tijdens een feest.
['Vanaf', '1', 'januari', '1986', 'hoort', 'de', 'gemeente', 'bij', 'Flevoland', '.']	[0, 0, 0, 0, 0, 0, 0, 0, 5, 0]	nl	Vanaf 1 januari 1986 hoort de gemeente bij Flevoland.
"['Postuum', 'werd', 'het', 'onvoltooide', '""', 'Kuifje', 'en', 'de', 'Alfa-kunst', '""', 'uitgegeven', '.']"	[0, 0, 0, 0, 0, 7, 8, 8, 8, 0, 0, 0]	nl	"Postuum werd het onvoltooide ""Kuifje en de Alfa-kunst"" uitgegeven."
['Medio', 'het', 'seizoen', '2009', '-', '2010', 'stapte', 'hij', 'over', 'naar', 'CD', 'Leganés', ',', 'een', 'ploeg', 'uit', 'de', 'Segunda', 'División', 'B', ',', 'waar', 'hij', 'anderhalf', 'succesvol', 'vertoefde', '.']	[0, 0, 0, 0, 0, 0, 0, 0, 0, 0, 3, 4, 0, 0, 0, 0, 0, 3, 4, 4, 0, 0, 0, 0, 0, 0, 0]	nl	Medio het seizoen 2009 - 2010 stapte hij over naar CD Leganés, een ploeg uit de Segunda División B, waar hij anderhalf succesvol vertoefde.
['De', 'yacarekaaiman', 'komt', 'voor', 'in', 'Zuid-Amerika', ':', 'in', 'Argentinië', ',', 'Brazilië', ',', 'Bolivia', 'en', 'Paraguay', '.']	[0, 0, 0, 0, 0, 5, 0, 0, 5, 0, 5, 0, 5, 0, 5, 0]	nl	De yacarekaaiman komt voor in Zuid-Amerika: in Argentinië, Brazilië, Bolivia en Paraguay.
['In', 'Noorwegen', 'trof', 'hij', 'vijfmaal', 'doel', 'in', 'zestien', 'wedstrijden', '.']	[0, 5, 0, 0, 0, 0, 0, 0, 0, 0]	nl	In Noorwegen trof hij vijfmaal doel in zestien wedstrijden.
['Op', 'Wimbledon', 'verloor', 'zij', 'verrassend', ',', 'in', 'de', 'tweede', 'ronde', ',', 'van', 'Michelle', 'Larcher', 'de', 'Brito', 'uit', 'Portugal', '.']	[0, 7, 0, 0, 0, 0, 0, 0, 0, 0, 0, 0, 1, 2, 2, 2, 0, 5, 0]	nl	Op Wimbledon verloor zij verrassend, in de tweede ronde, van Michelle Larcher de Brito uit Portugal.
['Schelpen', 'uit', 'de', 'Dode', 'Zee', 'werden', 'dikwijls', 'als', 'ogen', 'ingelegd', 'en', 'als', 'oogschaduw', 'gebruikte', 'men', 'bitumen', '.']	[0, 0, 0, 5, 6, 0, 0, 0, 0, 0, 0, 0, 0, 0, 0, 0, 0]	nl	Schelpen uit de Dode Zee werden dikwijls als ogen ingelegd en als oogschaduw gebruikte men bitumen.
['De', 'dichters', 'Jan', 'Greshoff', 'en', 'J.', 'Slauerhoff', 'behoorden', 'ook', 'tot', 'deze', 'groep', '.']	[0, 0, 1, 2, 0, 1, 2, 0, 0, 0, 0, 0, 0]	nl	De dichters Jan Greshoff en J. Slauerhoff behoorden ook tot deze groep.
['De', 'vogel', 'is', '21', 'tot', '22', 'cm', 'lang', 'en', 'weegt', '75', 'gram.', 'Het', 'is', 'de', 'grootste', 'leeuwerik', 'uit', 'Eurazië', '.']	[0, 0, 0, 0, 0, 0, 0, 0, 0, 0, 0, 0, 0, 0, 0, 0, 0, 0, 5, 0]	nl	De vogel is 21 tot 22 cm lang en weegt 75 gram. Het is de grootste leeuwerik uit Eurazië.
['De', 'wilde', 'eend', 'is', 'de', 'stamouder', 'van', 'de', 'gedomesticeerde', 'tamme', 'eend', ',', 'die', 'waarschijnlijk', 'voor', 'het', 'jaar', '1000', 'in', 'Zuidoost-Azië', 'gedomesticeerd', 'is', '.']	[0, 0, 0, 0, 0, 0, 0, 0, 0, 0, 0, 0, 0, 0, 0, 0, 0, 0, 0, 5, 0, 0, 0]	nl	De wilde eend is de stamouder van de gedomesticeerde tamme eend, die waarschijnlijk voor het jaar 1000 in Zuidoost-Azië gedomesticeerd is.
['Weer', 'ging', 'de', 'titel', 'naar', 'zijn', 'grote', 'rivaal', 'Kenenisa', 'Bekele', '.']	[0, 0, 0, 0, 0, 0, 0, 0, 1, 2, 0]	nl	Weer ging de titel naar zijn grote rivaal Kenenisa Bekele.
['Op', 'Rotten', 'Tomatoes', 'gaf', '90', '%', 'van', 'de', 'recensenten', 'de', 'film', 'een', 'goede', 'beoordeling', '.']	[0, 7, 8, 0, 0, 0, 0, 0, 0, 0, 0, 0, 0, 0, 0]	nl	Op Rotten Tomatoes gaf 90% van de recensenten de film een goede beoordeling.
['Tussen', '1845', 'en', '1850', 'werd', 'het', 'Kanaal', 'Luik-Maastricht', 'gegraven', '.']	[0, 0, 0, 0, 0, 0, 5, 6, 0, 0]	nl	Tussen 1845 en 1850 werd het Kanaal Luik-Maastricht gegraven.
['Ecuador', 'stelde', 'een', 'vernietigingsberoep', 'in', 'wegens', 'machtsoverschrijding', 'en', 'bekwam', 'dat', 'het', 'bedrag', 'van', 'de', 'veroordeling', 'herleid', 'werd', 'tot', '1,06', 'miljard', 'dollar', '.']	[5, 0, 0, 0, 0, 0, 0, 0, 0, 0, 0, 0, 0, 0, 0, 0, 0, 0, 0, 0, 0, 0]	nl	Ecuador stelde een vernietigingsberoep in wegens machtsoverschrijding en bekwam dat het bedrag van de veroordeling herleid werd tot 1,06 miljard dollar.
['Cadel', 'Evans', 'en', 'Thor', 'Hushovd', 'vervolledigden', 'de', 'top', '3', '.']	[1, 2, 0, 1, 2, 0, 0, 0, 0, 0]	nl	Cadel Evans en Thor Hushovd vervolledigden de top 3.
['De', 'albums', 'voegen', 'de', 'eerdere', 'verzamelalbums', 'Past', 'Masters', ',', 'Volume', 'One', 'en', 'Past', 'Masters', ',', 'Volume', 'Two', 'samen', 'tot', 'één', 'dubbel', 'cd', '.']	[0, 0, 0, 0, 0, 0, 7, 8, 8, 8, 8, 0, 7, 8, 8, 8, 8, 0, 0, 0, 0, 0, 0]	nl	De albums voegen de eerdere verzamelalbums Past Masters, Volume One en Past Masters, Volume Two samen tot één dubbel cd.
"['In', 'deze', 'periode', 'werd', 'het', 'Norbulingka', ',', 'het', 'zomerpaleis', 'van', 'de', 'dalai', 'lama', ""'s"", 'gebouwd', '.']"	[0, 0, 0, 0, 0, 5, 0, 0, 0, 0, 0, 0, 0, 0, 0, 0]	nl	In deze periode werd het Norbulingka, het zomerpaleis van de dalai lama 's gebouwd.
"['De', 'interactie', 'tussen', 'de', 'juryleden', 'en', 'presentator', 'Ryan', 'Seacrest', 'wordt', 'vaak', 'als', 'een', 'belangrijk', 'onderdeel', 'gezien', 'van', 'de', 'massale', 'aantrekkingskracht', 'van', '""', 'American', 'Idol', '""', '.']"	[0, 0, 0, 0, 0, 0, 0, 1, 2, 0, 0, 0, 0, 0, 0, 0, 0, 0, 0, 0, 0, 0, 7, 8, 0, 0]	nl	"De interactie tussen de juryleden en presentator Ryan Seacrest wordt vaak als een belangrijk onderdeel gezien van de massale aantrekkingskracht van ""American Idol""."
['Dit', 'resulteerde', 'in', 'de', 'formele', 'sociocratische', 'kringorganisatiemethode', 'die', 'in', 'een', 'aantal', 'bedrijven', 'in', 'Nederland', 'en', 'in', 'het', 'buitenland', 'toegepast', '.']	[0, 0, 0, 0, 0, 0, 0, 0, 0, 0, 0, 0, 0, 5, 0, 0, 0, 0, 0, 0]	nl	Dit resulteerde in de formele sociocratische kringorganisatiemethode die in een aantal bedrijven in Nederland en in het buitenland toegepast.
['Sinds', '2003', 'is', 'het', 'provinciebestuur', 'gevestigd', 'in', 'het', 'nieuwe', 'provinciehuis', 'in', 'Leuven', '.']	[0, 0, 0, 0, 0, 0, 0, 0, 0, 0, 0, 5, 0]	nl	Sinds 2003 is het provinciebestuur gevestigd in het nieuwe provinciehuis in Leuven.
['Hij', 'heerste', 'tot', '1007', 'als', 'Simbar-shipak', '.']	[0, 0, 0, 0, 0, 1, 0]	nl	Hij heerste tot 1007 als Simbar-shipak.
"['De', 'soortaanduiding', '""', 'guianensis', '""', 'betekent', 'vrij', 'vertaald', ""'"", 'levend', 'in', 'Guyana', ""'"", '.']"	[0, 0, 0, 0, 0, 0, 0, 0, 0, 0, 0, 5, 0, 0]	nl	"De soortaanduiding ""guianensis"" betekent vrij vertaald 'levend in Guyana'."
['Spelers', 'als', 'Vinnie', 'Jones', ',', 'die', 'waren', 'gehaald', 'om', 'om', 'te', 'kunnen', 'gaan', 'met', 'het', 'fysieke', 'spel', 'van', 'de', 'tweede', 'divisie', ',', 'werden', 'vervangen', 'door', 'onder', 'anderen', 'John', 'Lukic', 'en', 'Gary', 'McAllister', '.']	[0, 0, 1, 2, 0, 0, 0, 0, 0, 0, 0, 0, 0, 0, 0, 0, 0, 0, 0, 0, 0, 0, 0, 0, 0, 0, 0, 1, 2, 0, 1, 2, 0]	nl	Spelers als Vinnie Jones, die waren gehaald om om te kunnen gaan met het fysieke spel van de tweede divisie, werden vervangen door onder anderen John Lukic en Gary McAllister.
['Haar', 'andere', 'ex-man', ',', 'Douglas', 'Fairbanks', ',', 'overleed', 'zes', 'maanden', 'later', 'aan', 'een', 'hartaanval', '.']	[0, 0, 0, 0, 1, 2, 0, 0, 0, 0, 0, 0, 0, 0, 0]	nl	Haar andere ex-man, Douglas Fairbanks, overleed zes maanden later aan een hartaanval.
['Het', 'grootste', 'is', 'de', 'Waddenzee', ',', 'die', 'grotendeels', 'is', 'aangewezen', 'als', 'staatsnatuurmonument', '.']	[0, 0, 0, 0, 5, 0, 0, 0, 0, 0, 0, 0, 0]	nl	Het grootste is de Waddenzee, die grotendeels is aangewezen als staatsnatuurmonument.
['Bedrijven', 'en', 'firma', '’s', 'konden', 'hun', 'producten', 'snel', 'en', 'gemakkelijk', 'per', 'luxeschip', 'naar', 'Noord-Amerika', 'vervoeren', '.']	[0, 0, 0, 0, 0, 0, 0, 0, 0, 0, 0, 0, 0, 5, 0, 0]	nl	Bedrijven en firma ’s konden hun producten snel en gemakkelijk per luxeschip naar Noord-Amerika vervoeren.
['De', 'mk', 'II', 'werd', 'voor', 'Volkswagen', 'een', 'commercieel', 'succes', '.']	[0, 0, 0, 0, 0, 3, 0, 0, 0, 0]	nl	De mk II werd voor Volkswagen een commercieel succes.
['Om', 'de', 'betrouwbaarheid', 'te', 'testen', 'en', 'om', 'het', 'nieuwe', 'merk', 'te', 'promoten', 'werd', 'de', '24', 'HP', 'onder', 'andere', 'ingezet', 'in', 'de', 'Targa', 'Florio', '.']	[0, 0, 0, 0, 0, 0, 0, 0, 0, 0, 0, 0, 0, 0, 0, 0, 0, 0, 0, 0, 0, 7, 8, 0]	nl	Om de betrouwbaarheid te testen en om het nieuwe merk te promoten werd de 24 HP onder andere ingezet in de Targa Florio.
"['Ook', 'het', 'nummer', '""', 'The', 'nightmare', '""', 'van', 'Holy', 'Noise', 'verscheen', ',', 'dat', 'qua', 'snelheid', 'al', 'overeenkwam', 'met', 'de', 'hardcore', '.']"	[0, 0, 0, 0, 0, 0, 0, 0, 3, 4, 0, 0, 0, 0, 0, 0, 0, 0, 0, 0, 0]	nl	"Ook het nummer ""The nightmare"" van Holy Noise verscheen, dat qua snelheid al overeenkwam met de hardcore."
"['De', 'eerste', 'componist', 'die', 'instrumentatie', 'en', 'orkestratie', 'tot', 'zelfstandige', 'kunst', 'verhief', 'en', 'de', 'mogelijkheden', 'sterk', 'uitbreidde', ',', 'was', 'Hector', 'Berlioz', '(', '""', 'Symphonie', 'fantastique', '""', ')', '.']"	[0, 0, 0, 0, 0, 0, 0, 0, 0, 0, 0, 0, 0, 0, 0, 0, 0, 0, 1, 2, 0, 0, 7, 8, 0, 0, 0]	nl	"De eerste componist die instrumentatie en orkestratie tot zelfstandige kunst verhief en de mogelijkheden sterk uitbreidde, was Hector Berlioz (""Symphonie fantastique"")."
['In', 'België', 'zijn', 'de', 'meeste', 'stadpoorten', 'afgebroken', '.']	[0, 5, 0, 0, 0, 0, 0, 0]	nl	In België zijn de meeste stadpoorten afgebroken.
['Na', '1783', ',', 'onder', 'Keizer', 'Jozef', 'II', ',', 'werden', 'de', 'kloosters', 'gesloten', 'en', 'werd', 'een', 'begin', 'gemaakt', 'met', 'de', 'sloop', 'van', 'de', 'stadsmuren', '.']	[0, 0, 0, 0, 1, 2, 2, 0, 0, 0, 0, 0, 0, 0, 0, 0, 0, 0, 0, 0, 0, 0, 0, 0]	nl	Na 1783, onder Keizer Jozef II, werden de kloosters gesloten en werd een begin gemaakt met de sloop van de stadsmuren.
['Op', '52-jarige', 'leeftijd', 'werd', 'hij', 'de', 'jongste', 'premier', 'ooit', 'sinds', 'de', 'Tweede', 'Wereldoorlog', '.']	[0, 0, 0, 0, 0, 0, 0, 0, 0, 0, 0, 7, 8, 0]	nl	Op 52-jarige leeftijd werd hij de jongste premier ooit sinds de Tweede Wereldoorlog.
"['Als', 'icoon', 'van', 'de', 'jaren', 'vijftig', 'en', 'jeugdcultuur', 'was', 'het', 'te', 'horen', 'in', 'films', 'die', 'daarop', 'teruggrijpen', 'zoals', '""', 'American', 'Graffiti', '""', '.']"	[0, 0, 0, 0, 0, 0, 0, 0, 0, 0, 0, 0, 0, 0, 0, 0, 0, 0, 0, 7, 8, 0, 0]	nl	"Als icoon van de jaren vijftig en jeugdcultuur was het te horen in films die daarop teruggrijpen zoals ""American Graffiti""."
['Er', 'is', 'een', 'elektronische', 'drumbeat', 'die', 'zich', 'door', 'het', 'gehele', 'nummer', 'afspeelt', '(', 'gespeeld', 'door', 'drummer', 'Will', 'Champion', ')', '.']	[0, 0, 0, 0, 0, 0, 0, 0, 0, 0, 0, 0, 0, 0, 0, 0, 1, 2, 0, 0]	nl	Er is een elektronische drumbeat die zich door het gehele nummer afspeelt (gespeeld door drummer Will Champion).
['Tijdens', 'het', 'seizoen', '2011', '/', '12', 'besloot', 'zijn', 'coach', 'Zdeněk', 'Zeman', 'om', 'hem', 'als', 'verdedigende', 'middenvelder', 'te', 'gebruiken', 'in', 'een', '4', '-', '3', '-', '3', 'formatie', '.']	[0, 0, 0, 0, 0, 0, 0, 0, 0, 1, 2, 0, 0, 0, 0, 0, 0, 0, 0, 0, 0, 0, 0, 0, 0, 0, 0]	nl	Tijdens het seizoen 2011 / 12 besloot zijn coach Zdeněk Zeman om hem als verdedigende middenvelder te gebruiken in een 4 - 3 - 3 formatie.
['Hij', 'lag', 'ruim', 'twee', 'weken', 'ziek', 'op', 'zijn', 'veldbed', 'bij', 'Fort-Mardijk', '.']	[0, 0, 0, 0, 0, 0, 0, 0, 0, 0, 5, 0]	nl	Hij lag ruim twee weken ziek op zijn veldbed bij Fort-Mardijk.
['In', '1942', 'werd', 'de', 'Noordoostpolder', 'drooggelegd', ',', 'in', '1957', 'Oostelijk', 'Flevoland', 'en', 'in', '1968', 'Zuidelijk', 'Flevoland', '.']	[0, 0, 0, 0, 5, 0, 0, 0, 0, 5, 6, 0, 0, 0, 5, 6, 0]	nl	In 1942 werd de Noordoostpolder drooggelegd, in 1957 Oostelijk Flevoland en in 1968 Zuidelijk Flevoland.
"['De', 'wetenschappelijke', 'naam', 'van', 'de', 'soort', 'werd', 'in', '1758', 'als', '""', 'Simia', 'sphinx', '""', 'gepubliceerd', 'door', 'Carl', 'Linnaeus', '.']"	[0, 0, 0, 0, 0, 0, 0, 0, 0, 0, 0, 0, 0, 0, 0, 0, 1, 2, 0]	nl	"De wetenschappelijke naam van de soort werd in 1758 als ""Simia sphinx"" gepubliceerd door Carl Linnaeus."
['De', 'eerste', 'jaren', 'van', 'zijn', 'leven', 'zat', 'hij', 'vanwege', 'zijn', 'Joodse', 'afkomst', 'ondergedoken', 'in', 'Den', 'Haag', '.']	[0, 0, 0, 0, 0, 0, 0, 0, 0, 0, 7, 0, 0, 0, 5, 6, 0]	nl	De eerste jaren van zijn leven zat hij vanwege zijn Joodse afkomst ondergedoken in Den Haag.
['Vanaf', 'het', 'seizoen', '2009', '/', '2010', 'kwam', 'hij', 'uit', 'voor', 'FC', 'Utrecht', '.']	[0, 0, 0, 0, 0, 0, 0, 0, 0, 0, 3, 4, 0]	nl	Vanaf het seizoen 2009 / 2010 kwam hij uit voor FC Utrecht.
['Haar', 'beide', 'schoondochters', 'willen', 'aanvankelijk', 'met', 'haar', 'mee', ',', 'maar', 'Naomi', 'wil', 'daar', 'niets', 'van', 'weten', '.']	[0, 0, 0, 0, 0, 0, 0, 0, 0, 0, 1, 0, 0, 0, 0, 0, 0]	nl	Haar beide schoondochters willen aanvankelijk met haar mee, maar Naomi wil daar niets van weten.
['Na', 'diens', 'overlijden', 'op', '4', 'december', '1642', 'volgde', 'Jules', 'Mazarin', 'hem', 'op', 'als', 'eerste', 'minister', '.']	[0, 0, 0, 0, 0, 0, 0, 0, 1, 2, 0, 0, 0, 0, 0, 0]	nl	Na diens overlijden op 4 december 1642 volgde Jules Mazarin hem op als eerste minister.
['Haar', 'zus', 'Joely', 'Richardson', 'is', 'eveneens', 'actrice', '.']	[0, 0, 1, 2, 0, 0, 0, 0]	nl	Haar zus Joely Richardson is eveneens actrice.
['Bekende', 'samenwerkingsverbanden', 'en', 'dochterondernemingen', 'zijn', 'Gazeksport', 'en', 'RosUkrEnergo', '.']	[0, 0, 0, 0, 0, 3, 0, 3, 0]	nl	Bekende samenwerkingsverbanden en dochterondernemingen zijn Gazeksport en RosUkrEnergo.
['Tijdens', 'deze', 'sessie', 'werden', 'de', 'meeste', 'nummers', 'voor', 'het', 'eerste', 'album', 'van', 'The', 'Beatles', 'opgenomen', '.']	[0, 0, 0, 0, 0, 0, 0, 0, 0, 0, 0, 0, 3, 4, 0, 0]	nl	Tijdens deze sessie werden de meeste nummers voor het eerste album van The Beatles opgenomen.
['De', 'wetenschappelijke', 'naam', 'van', 'de', 'soort', 'werd', 'voor', 'het', 'eerst', 'geldig', 'gepubliceerd', 'in', '1896', 'door', 'Octavius', 'Pickard-Cambridge', '.']	[0, 0, 0, 0, 0, 0, 0, 0, 0, 0, 0, 0, 0, 0, 0, 1, 2, 0]	nl	De wetenschappelijke naam van de soort werd voor het eerst geldig gepubliceerd in 1896 door Octavius Pickard-Cambridge.
['Zij', 'heeft', 'een', 'zoon', 'en', 'woont', 'in', 'Neustrelitz', '.']	[0, 0, 0, 0, 0, 0, 0, 5, 0]	nl	Zij heeft een zoon en woont in Neustrelitz.
"['De', 'gemeente', 'besloeg', 'een', 'oppervlakte', 'van', '551,24', 'km', '²', '(', 'waarvan', '360,43', '""', 'km', '²', 'water', ')', 'en', 'was', 'daarmee', 'een', 'van', 'de', 'grotere', 'gemeenten', 'in', 'Nederland', '.']"	[0, 0, 0, 0, 0, 0, 0, 0, 0, 0, 0, 0, 0, 0, 0, 0, 0, 0, 0, 0, 0, 0, 0, 0, 0, 0, 5, 0]	nl	"De gemeente besloeg een oppervlakte van 551,24 km ² (waarvan 360,43 ""km ² water) en was daarmee een van de grotere gemeenten in Nederland."
"['De', '""', 'witgevlekte', 'kogelvis', '""', '(', '""', 'Arothron', 'hispidus', '""', ')', 'is', 'een', 'soort', 'kogelvis', 'die', 'vaak', 'te', 'vinden', 'is', 'boven', 'zandbodems', 'van', 'lagunes', 'van', 'koraalriffen', 'of', 'zeegrasvelden', 'van', 'de', 'Rode', 'Zee', 'en', 'Indische', 'Oceaan', '.']"	[0, 0, 0, 0, 0, 0, 0, 0, 0, 0, 0, 0, 0, 0, 0, 0, 0, 0, 0, 0, 0, 0, 0, 0, 0, 0, 0, 0, 0, 0, 5, 6, 0, 5, 6, 0]	nl	"De ""witgevlekte kogelvis"" (""Arothron hispidus"") is een soort kogelvis die vaak te vinden is boven zandbodems van lagunes van koraalriffen of zeegrasvelden van de Rode Zee en Indische Oceaan."
['Dit', 'werd', 'in', 'Duitsland', 'meest', 'als', 'een', 'negatieve', 'ontwikkeling', 'gezien', '.']	[0, 0, 0, 5, 0, 0, 0, 0, 0, 0, 0]	nl	Dit werd in Duitsland meest als een negatieve ontwikkeling gezien.
['Dit', 'type', 'locaties', 'valt', 'onder', 'categorie', 'III', 'van', 'de', 'International', 'Union', 'for', 'Conservation', 'of', 'Nature', 'and', 'Natural', 'Resources', '.']	[0, 0, 0, 0, 0, 0, 0, 0, 0, 3, 4, 4, 4, 4, 4, 4, 4, 4, 0]	nl	Dit type locaties valt onder categorie III van de International Union for Conservation of Nature and Natural Resources.
"['In', 'juni', '1984', 'verscheen', 'het', 'album', '""', 'Born', 'in', 'the', 'U.S.A.', '""', ',', 'vergezeld', 'van', 'een', 'twee', 'jaar', 'durende', 'internationale', 'tournee', '.']"	[0, 0, 0, 0, 0, 0, 0, 7, 8, 8, 8, 0, 0, 0, 0, 0, 0, 0, 0, 0, 0, 0]	nl	"In juni 1984 verscheen het album ""Born in the U.S.A."", vergezeld van een twee jaar durende internationale tournee."
['De', 'gemeente', 'ligt', 'in', 'het', 'departement', 'Couffo', 'en', 'telt', '88611', 'inwoners', '(', '2013', ')', '.']	[0, 0, 0, 0, 0, 0, 5, 0, 0, 0, 0, 0, 0, 0, 0]	nl	De gemeente ligt in het departement Couffo en telt 88611 inwoners (2013).
['Het', 'rijk', 'werd', 'pas', 'definitief', 'verenigd', 'door', 'Dagobert', 'I', ',', 'die', 'in', '639', 'stierf', '.']	[0, 0, 0, 0, 0, 0, 0, 1, 2, 0, 0, 0, 0, 0, 0]	nl	Het rijk werd pas definitief verenigd door Dagobert I, die in 639 stierf.
['Direct', 'daarna', 'volgde', 'een', 'tweede', 'veroordeling', 'tot', 'negen', 'jaar', ',', 'ditmaal', 'door', 'de', 'staat', 'Massachusetts', '.']	[0, 0, 0, 0, 0, 0, 0, 0, 0, 0, 0, 0, 0, 0, 5, 0]	nl	Direct daarna volgde een tweede veroordeling tot negen jaar, ditmaal door de staat Massachusetts.
['Het', 'arrondissement', 'Tongeren', 'ten', 'slotte', 'heeft', 'dezelfde', 'afbakening', 'als', 'het', 'gelijknamige', 'provinciedistrict', '.']	[0, 5, 6, 0, 0, 0, 0, 0, 0, 0, 0, 0, 0]	nl	Het arrondissement Tongeren ten slotte heeft dezelfde afbakening als het gelijknamige provinciedistrict.
"['In', 'sommige', 'landen', ',', 'bijvoorbeeld', 'Rusland', ',', 'worden', 'ze', 'door', 'een', 'derde', 'bemanningslid', ',', 'de', ""'"", 'machinisthelper', ""'"", 'bijgestaan', '.']"	[0, 0, 0, 0, 0, 5, 0, 0, 0, 0, 0, 0, 0, 0, 0, 0, 0, 0, 0, 0]	nl	In sommige landen, bijvoorbeeld Rusland, worden ze door een derde bemanningslid, de 'machinisthelper' bijgestaan.
['Alleen', 'in', 'Nederland', ',', 'Duitsland', 'en', 'Zuid-Afrika', 'zou', 'de', 'single', 'uitkomen', '.']	[0, 0, 5, 0, 5, 0, 5, 0, 0, 0, 0, 0]	nl	Alleen in Nederland, Duitsland en Zuid-Afrika zou de single uitkomen.
['Turnhout', 'was', 'in', 'deze', 'tijd', ',', 'hoewel', 'niet', 'ommuurd', ',', 'een', 'strategische', 'belangrijke', 'plaats', '.']	[5, 0, 0, 0, 0, 0, 0, 0, 0, 0, 0, 0, 0, 0, 0]	nl	Turnhout was in deze tijd, hoewel niet ommuurd, een strategische belangrijke plaats.
['Die', 'dag', 'viel', 'hij', 'in', 'de', '60e', 'minuut', 'in', 'voor', 'Robbert', 'Schilder', 'en', 'gaf', 'hij', 'een', 'voorzet', 'waaruit', 'Dennis', 'Rommedahl', 'de', '4', '-', '2-eindstand', 'bepaalde', '.']	[0, 0, 0, 0, 0, 0, 0, 0, 0, 0, 1, 2, 0, 0, 0, 0, 0, 0, 1, 2, 0, 0, 0, 0, 0, 0]	nl	Die dag viel hij in de 60e minuut in voor Robbert Schilder en gaf hij een voorzet waaruit Dennis Rommedahl de 4 - 2-eindstand bepaalde.
['Ze', 'zette', 'die', 'vooral', 'in', 'op', 'drukke', 'vakantieroutes', 'en', 'voor', 'pelgrimsvluchten', 'naar', 'Mekka', '.']	[0, 0, 0, 0, 0, 0, 0, 0, 0, 0, 0, 0, 5, 0]	nl	Ze zette die vooral in op drukke vakantieroutes en voor pelgrimsvluchten naar Mekka.
['De', 'wetenschappelijke', 'naam', 'van', 'de', 'soort', 'werd', 'voor', 'het', 'eerst', 'geldig', 'gepubliceerd', 'in', '1964', 'door', 'Herbert', 'Walter', 'Levi', '.']	[0, 0, 0, 0, 0, 0, 0, 0, 0, 0, 0, 0, 0, 0, 0, 1, 2, 2, 0]	nl	De wetenschappelijke naam van de soort werd voor het eerst geldig gepubliceerd in 1964 door Herbert Walter Levi.
['Op', 'Rotten', 'Tomatoes', 'gaf', '89', '%', 'van', 'de', 'recensenten', 'de', 'film', 'een', 'positieve', 'beoordeling', '.']	[0, 7, 8, 0, 0, 0, 0, 0, 0, 0, 0, 0, 0, 0, 0]	nl	Op Rotten Tomatoes gaf 89% van de recensenten de film een positieve beoordeling.
['Hij', 'stroomde', 'in', '2012', 'door', 'vanuit', 'de', 'jeugd', 'van', 'Eintracht', 'Frankfurt', '.']	[0, 0, 0, 0, 0, 0, 0, 0, 0, 3, 4, 0]	nl	Hij stroomde in 2012 door vanuit de jeugd van Eintracht Frankfurt.
['Vanaf', 'het', 'begin', 'van', 'de', 'kolonisatie', 'tot', 'de', 'onafhankelijkheid', 'in', '1975', 'en', 'ook', 'daarna', 'nog', ',', 'heeft', 'Nederland', 'model', 'gestaan', 'voor', 'de', 'inrichting', 'van', 'het', 'onderwijs', '.']	[0, 0, 0, 0, 0, 0, 0, 0, 0, 0, 0, 0, 0, 0, 0, 0, 0, 5, 0, 0, 0, 0, 0, 0, 0, 0, 0]	nl	Vanaf het begin van de kolonisatie tot de onafhankelijkheid in 1975 en ook daarna nog, heeft Nederland model gestaan voor de inrichting van het onderwijs.
"['De', 'Sovjetautoriteiten', 'noemden', 'de', 'prijs', '""', 'een', 'politieke', 'daad', 'tegen', 'de', 'Sovjet-Unie', '""', '.']"	[0, 0, 0, 0, 0, 0, 0, 0, 0, 0, 0, 5, 0, 0]	nl	"De Sovjetautoriteiten noemden de prijs ""een politieke daad tegen de Sovjet-Unie""."
['In', '1970', 'werd', 'hij', 'geïnterviewd', 'toen', 'de', 'groep', 'een', 'kerk', 'in', 'Harlem', 'bezette', '.']	[0, 0, 0, 0, 0, 0, 0, 0, 0, 0, 0, 5, 0, 0]	nl	In 1970 werd hij geïnterviewd toen de groep een kerk in Harlem bezette.
['In', '858', 'bracht', 'dit', 'een', 'grote', 'groep', 'edelen', 'onder', 'Robert', 'de', 'Sterke', 'ertoe', 'om', 'een', 'beroep', 'op', 'Lodewijk', 'de', 'Duitser', 'te', 'doen', '.']	[0, 0, 0, 0, 0, 0, 0, 0, 0, 1, 2, 2, 0, 0, 0, 0, 0, 1, 2, 2, 0, 0, 0]	nl	In 858 bracht dit een grote groep edelen onder Robert de Sterke ertoe om een beroep op Lodewijk de Duitser te doen.
['Van', 'deze', 'stenen', 'is', 'alleen', 'die', 'in', 'de', 'Eenhoornsluis', '(', 'Korte', 'Prinsengracht', 'ter', 'hoogte', 'van', 'de', 'Haarlemmerdijk', ')', 'nog', 'aanwezig', 'op', 'zijn', 'oorspronkelijke', 'plaats', '.']	[0, 0, 0, 0, 0, 0, 0, 0, 5, 0, 5, 6, 0, 0, 0, 0, 5, 0, 0, 0, 0, 0, 0, 0, 0]	nl	Van deze stenen is alleen die in de Eenhoornsluis (Korte Prinsengracht ter hoogte van de Haarlemmerdijk) nog aanwezig op zijn oorspronkelijke plaats.
['In', '1950', 'ontstond', 'de', 'gemeenteraad', 'van', 'Buñol', '.']	[0, 0, 0, 0, 0, 0, 5, 0]	nl	In 1950 ontstond de gemeenteraad van Buñol.
['De', 'productie', 'begon', 'in', 'maart', '2008', ',', 'in', 'Melbourne', '.']	[0, 0, 0, 0, 0, 0, 0, 0, 5, 0]	nl	De productie begon in maart 2008, in Melbourne.
['Niet-hervormde', 'inwoners', ',', 'zoals', 'de', 'quakers', ',', 'werden', 'zelfs', 'vervolgd', 'door', 'de', 'overheid', '(', 'Peter', 'Stuyvesant', ')', 'vanwege', 'hun', 'afwijkende', 'religieuze', 'opvattingen', '.']	[0, 0, 0, 0, 0, 0, 0, 0, 0, 0, 0, 0, 0, 0, 1, 2, 0, 0, 0, 0, 0, 0, 0]	nl	Niet-hervormde inwoners, zoals de quakers, werden zelfs vervolgd door de overheid (Peter Stuyvesant) vanwege hun afwijkende religieuze opvattingen.
['Dit', 'deed', 'hij', 'onder', 'andere', 'om', 'het', 'Amstelland', 'binnen', 'zijn', 'invloedssfeer', 'te', 'krijgen', '.']	[0, 0, 0, 0, 0, 0, 0, 5, 0, 0, 0, 0, 0, 0]	nl	Dit deed hij onder andere om het Amstelland binnen zijn invloedssfeer te krijgen.
['Uiteindelijk', 'ging', 'die', 'rol', 'naar', 'James', 'Dean', '.']	[0, 0, 0, 0, 0, 1, 2, 0]	nl	Uiteindelijk ging die rol naar James Dean.
['Daarmee', 'is', 'het', 'de', 'oudste', 'universiteit', 'van', 'het', 'huidige', 'Israël', '.']	[0, 0, 0, 0, 0, 0, 0, 0, 0, 5, 0]	nl	Daarmee is het de oudste universiteit van het huidige Israël.
"['Hoewel', 'dit', 'al', 'sporadisch', 'gebruikt', 'werd', 'in', '""', 'Metroid', '""', ',', 'was', '""', 'Super', 'Metroid', '""', 'de', 'eerste', 'die', 'het', 'hele', 'spel', 'afhankelijk', 'maakte', 'van', 'het', 'juist', 'toepassen', 'van', 'wapens', 'en', 'vaardigheden', '.']"	[0, 0, 0, 0, 0, 0, 0, 0, 7, 0, 0, 0, 0, 7, 8, 0, 0, 0, 0, 0, 0, 0, 0, 0, 0, 0, 0, 0, 0, 0, 0, 0, 0]	nl	"Hoewel dit al sporadisch gebruikt werd in ""Metroid"", was ""Super Metroid"" de eerste die het hele spel afhankelijk maakte van het juist toepassen van wapens en vaardigheden."
"['""', 'Paramelomys', 'lorentzii', '""', 'is', 'een', 'knaagdier', 'uit', 'het', 'geslacht', '""', 'Paramelomys', '""', 'dat', 'voorkomt', 'op', 'Nieuw-Guinea', '.']"	[0, 0, 0, 0, 0, 0, 0, 0, 0, 0, 0, 7, 0, 0, 0, 0, 5, 0]	nl	"""Paramelomys lorentzii"" is een knaagdier uit het geslacht ""Paramelomys"" dat voorkomt op Nieuw-Guinea."
"['Deze', 'club', 'baarde', 'enkele', 'weken', 'daarvoor', 'ook', 'al', 'opzien', 'door', 'de', 'vermeende', 'belangstelling', 'in', 'Samuel', ""Eto'o"", 'van', 'FC', 'Barcelona', ',', 'tot', 'een', 'akkoord', 'kwam', 'het', 'overigens', 'niet', '.']"	[0, 0, 0, 0, 0, 0, 0, 0, 0, 0, 0, 0, 0, 0, 1, 2, 0, 3, 4, 0, 0, 0, 0, 0, 0, 0, 0, 0]	nl	Deze club baarde enkele weken daarvoor ook al opzien door de vermeende belangstelling in Samuel Eto'o van FC Barcelona, tot een akkoord kwam het overigens niet.
"['In', 'België', 'is', 'de', 'status', ""'"", 'kwetsbaar', ""'"", 'volgens', 'de', 'Vlaamse', 'rode', 'lijst', '.']"	[0, 5, 0, 0, 0, 0, 0, 0, 0, 0, 7, 0, 0, 0]	nl	In België is de status 'kwetsbaar' volgens de Vlaamse rode lijst.
"['Eind', '1992', 'kwam', ""'"", 'No', 'Rain', ""'"", 'uit', 'als', 'single', 'en', 'het', 'enorme', 'succes', 'ervan', 'maakte', 'van', 'de', 'leden', 'van', 'Blind', 'Melon', 'plots', 'wereldsterren', '.']"	[0, 0, 0, 0, 7, 8, 0, 0, 0, 0, 0, 0, 0, 0, 0, 0, 0, 0, 0, 0, 3, 4, 0, 0, 0]	nl	Eind 1992 kwam 'No Rain' uit als single en het enorme succes ervan maakte van de leden van Blind Melon plots wereldsterren.
['De', 'eerste', 'van', 'hen', 'was', 'Bernardus', 'IJzerdraat', '.']	[0, 0, 0, 0, 0, 1, 2, 0]	nl	De eerste van hen was Bernardus IJzerdraat.
['Deze', 'is', 'inmiddels', 'verhuisd', 'naar', 'Stede', 'Broec', '.']	[0, 0, 0, 0, 0, 5, 6, 0]	nl	Deze is inmiddels verhuisd naar Stede Broec.
['Ook', 'de', 'Donaudelta', 'is', 'heel', 'toeristisch', '.']	[0, 0, 5, 0, 0, 0, 0]	nl	Ook de Donaudelta is heel toeristisch.
['De', 'teek', 'is', 'vooral', 'ook', 'bekend', 'als', 'overbrenger', 'van', 'de', 'lymeziekte', 'in', 'Nederland', '.']	[0, 0, 0, 0, 0, 0, 0, 0, 0, 0, 0, 0, 5, 0]	nl	De teek is vooral ook bekend als overbrenger van de lymeziekte in Nederland.
['De', 'eerste', 'periode', 'waarin', 'bewust', 'een', 'poging', 'is', 'gedaan', 'om', 'enige', 'orde', 'aan', 'te', 'brengen', 'in', 'de', 'liturgische', 'muziek', ',', 'deze', 'te', 'bundelen', 'en', 'verder', 'te', 'ontwikkelen', ',', 'is', 'de', 'tijd', 'van', 'Karel', 'de', 'Grote', '.']	[0, 0, 0, 0, 0, 0, 0, 0, 0, 0, 0, 0, 0, 0, 0, 0, 0, 0, 0, 0, 0, 0, 0, 0, 0, 0, 0, 0, 0, 0, 0, 0, 1, 2, 2, 0]	nl	De eerste periode waarin bewust een poging is gedaan om enige orde aan te brengen in de liturgische muziek, deze te bundelen en verder te ontwikkelen, is de tijd van Karel de Grote.
['Hij', 'was', 'onder', 'andere', 'actief', 'bij', 'de', 'clubs', 'USM', 'Alger', ',', 'AS', 'Corbeil-Essonnes', ',', 'Sint-Niklase', 'SK', 'en', 'KV', 'Kortrijk', '.']	[0, 0, 0, 0, 0, 0, 0, 0, 3, 4, 0, 3, 4, 0, 3, 4, 0, 3, 4, 0]	nl	Hij was onder andere actief bij de clubs USM Alger, AS Corbeil-Essonnes, Sint-Niklase SK en KV Kortrijk.
['Daarom', 'werd', 'ten', 'behoeve', 'van', 'de', 'scheepvaart', 'tussen', '1866', 'en', '1872', 'de', 'Nieuwe', 'Waterweg', 'gegraven', '.']	[0, 0, 0, 0, 0, 0, 0, 0, 0, 0, 0, 0, 5, 6, 0, 0]	nl	Daarom werd ten behoeve van de scheepvaart tussen 1866 en 1872 de Nieuwe Waterweg gegraven.
['De', 'belangrijkste', 'wingebieden', 'liggen', 'in', 'Rusland', '(', 'bij', 'Norilsk', ')', ',', 'Zuid-Afrika', ',', 'Canada', ',', 'Verenigde', 'Staten', 'en', 'Zimbabwe', '.']	[0, 0, 0, 0, 0, 5, 0, 0, 5, 0, 0, 5, 0, 5, 0, 5, 6, 0, 5, 0]	nl	De belangrijkste wingebieden liggen in Rusland (bij Norilsk), Zuid-Afrika, Canada, Verenigde Staten en Zimbabwe.
['In', '1975', 'werd', 'de', 'kruiser', 'verkocht', 'aan', 'Peru', '.']	[0, 0, 0, 0, 0, 0, 0, 5, 0]	nl	In 1975 werd de kruiser verkocht aan Peru.
"['""', 'Atelopus', 'onorei', '""', 'leeft', 'in', 'delen', 'van', 'Zuid-Amerika', 'en', 'komt', 'endemisch', 'voor', 'in', 'Ecuador', '.']"	[0, 0, 0, 0, 0, 0, 0, 0, 5, 0, 0, 0, 0, 0, 5, 0]	nl	"""Atelopus onorei"" leeft in delen van Zuid-Amerika en komt endemisch voor in Ecuador."
['Hij', 'was', 'tevens', 'gouverneur', 'van', 'Bosnië', 'en', 'Herzegovina', '.']	[0, 0, 0, 0, 0, 5, 6, 6, 0]	nl	Hij was tevens gouverneur van Bosnië en Herzegovina.
['In', 'Nederland', 'is', 'ze', 'voor', 'het', 'eerst', 'in', '2009', 'in', 'gebruik', 'genomen', '.']	[0, 5, 0, 0, 0, 0, 0, 0, 0, 0, 0, 0, 0]	nl	In Nederland is ze voor het eerst in 2009 in gebruik genomen.
['De', 'hoogste', 'bergtop', 'is', 'de', 'Moesala', '(', '2925', 'm', ')', '.']	[0, 0, 0, 0, 0, 5, 0, 0, 0, 0, 0]	nl	De hoogste bergtop is de Moesala (2925 m).
['Ze', 'studeerde', 'psychologie', 'aan', 'de', 'Vrije', 'Universiteit', 'Brussel', 'en', 'liep', 'stage', 'in', 'een', 'gevangenis', ',', 'waar', 'ze', 'gevangenen', 'begeleidde', 'die', 'tot', 'levenslang', 'waren', 'veroordeeld', '.']	[0, 0, 0, 0, 0, 5, 6, 6, 0, 0, 0, 0, 0, 0, 0, 0, 0, 0, 0, 0, 0, 0, 0, 0, 0]	nl	Ze studeerde psychologie aan de Vrije Universiteit Brussel en liep stage in een gevangenis, waar ze gevangenen begeleidde die tot levenslang waren veroordeeld.
['In', 'het', 'seizoen', '2012', '/', '13', 'sloot', 'hij', 'samen', 'met', 'generatiegenoten', 'als', 'Björn', 'Engels', 'aan', 'bij', 'de', 'A-kern', '.']	[0, 0, 0, 0, 0, 0, 0, 0, 0, 0, 0, 0, 1, 2, 0, 0, 0, 0, 0]	nl	In het seizoen 2012 / 13 sloot hij samen met generatiegenoten als Björn Engels aan bij de A-kern.
['FC', 'Twente', 'bood', '€', '5.500.000', 'voor', 'de', 'speler', '.']	[3, 4, 0, 0, 0, 0, 0, 0, 0]	nl	FC Twente bood €5.500.000 voor de speler.
"['De', 'serie', 'is', 'de', 'voorganger', 'van', 'de', 'succesvolle', 'serie', '""', 'Saved', 'by', 'the', 'Bell', '""', '.']"	[0, 0, 0, 0, 0, 0, 0, 0, 0, 0, 7, 8, 8, 8, 0, 0]	nl	"De serie is de voorganger van de succesvolle serie ""Saved by the Bell""."
['Zo', 'nam', 'hij', 'openlijk', 'afstand', 'van', 'Giulio', 'Andreotti', 'en', 'Ciriaco', 'De', 'Mita', ',', 'twee', 'van', 'zijn', 'partijgenoten', '.']	[0, 0, 0, 0, 0, 0, 1, 2, 0, 1, 2, 2, 0, 0, 0, 0, 0, 0]	nl	Zo nam hij openlijk afstand van Giulio Andreotti en Ciriaco De Mita, twee van zijn partijgenoten.
['Het', 'was', 'bedoeld', 'om', 'geld', 'in', 'te', 'zamelen', 'voor', 'bestrijding', 'van', 'een', 'acute', 'hongersnood', 'in', 'Ethiopië', '.']	[0, 0, 0, 0, 0, 0, 0, 0, 0, 0, 0, 0, 0, 0, 0, 5, 0]	nl	Het was bedoeld om geld in te zamelen voor bestrijding van een acute hongersnood in Ethiopië.
['In', 'Berlijn', 'promoveerde', 'hij', 'op', 'een', 'studie', 'naar', 'middeleeuwse', 'commerciële', 'organisaties', '.']	[0, 5, 0, 0, 0, 0, 0, 0, 0, 0, 0, 0]	nl	In Berlijn promoveerde hij op een studie naar middeleeuwse commerciële organisaties.
"['De', 'schrijver', 'Jan', 'Campert', 'maakte', 'een', 'gedicht', 'over', 'de', 'laatste', 'dagen', 'van', 'deze', '18', 'doodgeschoten', 'verzetsstrijders', 'en', 'stakers', ',', 'getiteld', '""', 'Het', 'lied', 'der', 'achttien', 'dooden', '""', '.']"	[0, 0, 1, 2, 0, 0, 0, 0, 0, 0, 0, 0, 0, 0, 0, 0, 0, 0, 0, 0, 0, 0, 0, 0, 0, 0, 0, 0]	nl	"De schrijver Jan Campert maakte een gedicht over de laatste dagen van deze 18 doodgeschoten verzetsstrijders en stakers, getiteld ""Het lied der achttien dooden""."
['Van', '1819', '-', '1820', 'werd', 'de', 'steenweg', 'tussen', 'Sint-Truiden', 'en', 'Maastricht', 'aangelegd', ',', 'welke', 'dwars', 'door', 'de', 'stad', 'liep', '.']	[0, 0, 0, 0, 0, 0, 0, 0, 5, 0, 5, 0, 0, 0, 0, 0, 0, 0, 0, 0]	nl	Van 1819 - 1820 werd de steenweg tussen Sint-Truiden en Maastricht aangelegd, welke dwars door de stad liep.
['Drummer', 'Dave', 'Abbruzzese', 'werd', 'in', 'augustus', '1994', 'ontslagen', 'en', 'vervangen', 'door', 'Jack', 'Irons', '.']	[0, 1, 2, 0, 0, 0, 0, 0, 0, 0, 0, 1, 2, 0]	nl	Drummer Dave Abbruzzese werd in augustus 1994 ontslagen en vervangen door Jack Irons.
['Tyrone', 'Power', 'en', 'Loretta', 'Young', 'waren', 'zó', 'overtuigend', 'als', 'koppel', 'in', 'de', 'film', ',', 'dat', 'de', 'studio', 'ze', 'ook', 'in', 'andere', 'films', 'samen', 'liet', 'acteren', '.']	[1, 2, 0, 1, 2, 0, 0, 0, 0, 0, 0, 0, 0, 0, 0, 0, 0, 0, 0, 0, 0, 0, 0, 0, 0, 0]	nl	Tyrone Power en Loretta Young waren zó overtuigend als koppel in de film, dat de studio ze ook in andere films samen liet acteren.
['Dit', 'verschijnsel', 'werd', 'voor', 'het', 'eerste', 'in', '1790', 'beschreven', 'door', 'Johann', 'Hieronymus', 'Schröter', '.']	[0, 0, 0, 0, 0, 0, 0, 0, 0, 0, 1, 2, 2, 0]	nl	Dit verschijnsel werd voor het eerste in 1790 beschreven door Johann Hieronymus Schröter.
['Hij', 'verruilde', 'in', '2015', 'FK', 'Rostov', 'voor', 'FK', 'Krasnodar', '.']	[0, 0, 0, 0, 3, 4, 0, 3, 4, 0]	nl	Hij verruilde in 2015 FK Rostov voor FK Krasnodar.
['In', 'reactie', 'hierop', 'ontwikkelde', 'Compaq', 'de', 'EISA-bus', '.']	[0, 0, 0, 0, 3, 0, 7, 0]	nl	In reactie hierop ontwikkelde Compaq de EISA-bus.
['Bij', 'de', 'noorderburen', 'was', 'dat', 'Jan', 'Baptist', 'Weenix', '.']	[0, 0, 0, 0, 0, 1, 2, 2, 0]	nl	Bij de noorderburen was dat Jan Baptist Weenix.
['Het', 'toernooi', 'werd', 'gehouden', 'in', 'Brazilië', '.']	[0, 0, 0, 0, 0, 5, 0]	nl	Het toernooi werd gehouden in Brazilië.
['Sindsdien', 'moeten', 'internet', 'providers', 'in', 'het', 'Verenigd', 'Koninkrijk', 'details', 'van', 'internet', 'toegang', '(', 'met', 'name', 'IP-adres', ')', ',', 'e-mailberichten', 'en', 'internettelefonie', 'opslaan', '.']	[0, 0, 0, 0, 0, 0, 5, 6, 0, 0, 0, 0, 0, 0, 0, 0, 0, 0, 0, 0, 0, 0, 0]	nl	Sindsdien moeten internet providers in het Verenigd Koninkrijk details van internet toegang (met name IP-adres), e-mailberichten en internettelefonie opslaan.
"['Na', 'een', 'tweede', 'opstand', 'werd', 'hun', 'tempel', ',', 'de', '""', 'Tempel', 'van', 'Salomo', '""', 'op', 'de', 'Tempelberg', 'in', 'Jeruzalem', 'verwoest', '.']"	[0, 0, 0, 0, 0, 0, 0, 0, 0, 0, 5, 6, 6, 0, 0, 0, 5, 0, 5, 0, 0]	nl	"Na een tweede opstand werd hun tempel, de ""Tempel van Salomo"" op de Tempelberg in Jeruzalem verwoest."
['Denemarken', 'was', 'niet', 'paraat', 'en', 'viel', 'binnen', 'een', 'dag', '.']	[5, 0, 0, 0, 0, 0, 0, 0, 0, 0]	nl	Denemarken was niet paraat en viel binnen een dag.
['In', 'het', 'seizoen', '1993', '/', '1994', 'kreeg', 'de', 'speler', 'een', 'zware', 'tegenslag', 'toen', 'hij', 'zijn', 'been', 'brak', 'tegen', 'Trabzonspor', 'tijdens', 'een', 'competitieduel', '.']	[0, 0, 0, 0, 0, 0, 0, 0, 0, 0, 0, 0, 0, 0, 0, 0, 0, 0, 3, 0, 0, 0, 0]	nl	In het seizoen 1993 / 1994 kreeg de speler een zware tegenslag toen hij zijn been brak tegen Trabzonspor tijdens een competitieduel.
['In', '1916', ',', 'tijdens', 'de', 'Eerste', 'Wereldoorlog', 'begon', 'hij', 'met', 'onderzoek', 'naar', 'het', 'gebruik', 'van', 'ultrasoongeluid', 'om', 'onderzeeboten', 'op', 'te', 'sporen', '.']	[0, 0, 0, 0, 0, 7, 8, 0, 0, 0, 0, 0, 0, 0, 0, 0, 0, 0, 0, 0, 0, 0]	nl	In 1916, tijdens de Eerste Wereldoorlog begon hij met onderzoek naar het gebruik van ultrasoongeluid om onderzeeboten op te sporen.
['Veel', 'fans', 'vonden', 'de', 'special', 'duidelijk', 'minder', 'dan', 'de', 'vorige', 'en', 'zagen', 'hem', 'dan', 'ook', 'meer', 'als', 'een', 'verlengde', 'aflevering', 'van', 'Garfield', 'and', 'Friends', '.']	[0, 0, 0, 0, 0, 0, 0, 0, 0, 0, 0, 0, 0, 0, 0, 0, 0, 0, 0, 0, 0, 7, 8, 8, 0]	nl	Veel fans vonden de special duidelijk minder dan de vorige en zagen hem dan ook meer als een verlengde aflevering van Garfield and Friends.
['Reeds', 'in', '1847', 'diende', 'de', 'toenmalige', 'hoofdingenieur', 'van', 'het', 'kanton', 'Graubünden', 'een', 'concessie-aanvraag', 'in', 'voor', 'de', 'bouw', 'van', 'een', 'spoorweg', 'over', 'de', 'Lukmanierpas', ',', 'van', 'Chur', 'naar', 'Biasca', '.']	[0, 0, 0, 0, 0, 0, 0, 0, 0, 0, 5, 0, 0, 0, 0, 0, 0, 0, 0, 0, 0, 0, 5, 0, 0, 5, 0, 5, 0]	nl	Reeds in 1847 diende de toenmalige hoofdingenieur van het kanton Graubünden een concessie-aanvraag in voor de bouw van een spoorweg over de Lukmanierpas, van Chur naar Biasca.
['Hij', 'nam', 'plaats', 'op', 'de', 'reservebank', ',', 'achter', 'eerste', 'doelman', 'Keylor', 'Navas', 'en', 'tweede', 'keuze', 'Patrick', 'Pemberton', '.']	[0, 0, 0, 0, 0, 0, 0, 0, 0, 0, 1, 2, 0, 0, 0, 1, 2, 0]	nl	Hij nam plaats op de reservebank, achter eerste doelman Keylor Navas en tweede keuze Patrick Pemberton.
['Zeep', 'werd', 'tot', 'de', 'Tweede', 'Wereldoorlog', 'veel', 'als', 'schoonmaakmiddel', 'gebruikt', ',', 'maar', 'gedurende', 'de', 'tweede', 'helft', 'van', 'de', 'twintigste', 'eeuw', 'is', 'zeep', 'bijna', 'geheel', 'verdrongen', 'door', 'andere', 'detergenten', 'zoals', 'natriumdodecylsulfaat', '(', 'ook', 'wel', 'natriumlaurylsulfaat', 'genoemd', ')', '.']	[0, 0, 0, 0, 7, 8, 0, 0, 0, 0, 0, 0, 0, 0, 0, 0, 0, 0, 0, 0, 0, 0, 0, 0, 0, 0, 0, 0, 0, 0, 0, 0, 0, 0, 0, 0, 0]	nl	Zeep werd tot de Tweede Wereldoorlog veel als schoonmaakmiddel gebruikt, maar gedurende de tweede helft van de twintigste eeuw is zeep bijna geheel verdrongen door andere detergenten zoals natriumdodecylsulfaat (ook wel natriumlaurylsulfaat genoemd).
['Hij', 'debuteerde', 'in', '1999', 'in', 'het', 'Gabonees', 'voetbalelftal', '.']	[0, 0, 0, 0, 0, 0, 3, 4, 0]	nl	Hij debuteerde in 1999 in het Gabonees voetbalelftal.
['De', 'Mars', 'Reconnaissance', 'Orbiter', 'fotografeerde', 'de', 'landing', '.']	[0, 7, 8, 8, 0, 0, 0, 0]	nl	De Mars Reconnaissance Orbiter fotografeerde de landing.
['In', 'januari', '2012', 'werd', 'hij', 'voor', 'twaalf', 'maanden', 'uitgeleend', 'aan', 'CD', 'Baskonia', '.']	[0, 0, 0, 0, 0, 0, 0, 0, 0, 0, 3, 4, 0]	nl	In januari 2012 werd hij voor twaalf maanden uitgeleend aan CD Baskonia.
['Voordien', 'speelde', 'hij', 'onder', 'andere', 'voor', 'FC', 'Baden', 'en', 'FC', 'Luzern', '.']	[0, 0, 0, 0, 0, 0, 3, 4, 0, 3, 4, 0]	nl	Voordien speelde hij onder andere voor FC Baden en FC Luzern.
['De', 'Finse', 'versie', 'is', 'ongeveer', '5', 'minuten', 'korter', 'dan', 'de', 'Russische', ',', 'laat', 'sommige', 'scènes', 'en', 'Elias', 'Lönnrot', 'buiten', 'de', 'film', ',', 'maar', 'bevat', 'wel', 'meer', 'close-ups', '.']	[0, 7, 0, 0, 0, 0, 0, 0, 0, 0, 7, 0, 0, 0, 0, 0, 1, 2, 0, 0, 0, 0, 0, 0, 0, 0, 0, 0]	nl	De Finse versie is ongeveer 5 minuten korter dan de Russische, laat sommige scènes en Elias Lönnrot buiten de film, maar bevat wel meer close-ups.
['Koningin', 'Puduhepa', 'wisselde', 'meerdere', 'malen', 'correspondentie', 'uit', 'met', 'Ramses', 'II', '.']	[0, 1, 0, 0, 0, 0, 0, 0, 1, 2, 0]	nl	Koningin Puduhepa wisselde meerdere malen correspondentie uit met Ramses II.
['Ook', 'is', 'het', 'genre', 'enigszins', 'gerelateerd', 'aan', 'de', 'industrial', 'van', 'bijvoorbeeld', 'Rammstein', '.']	[0, 0, 0, 0, 0, 0, 0, 0, 0, 0, 0, 3, 0]	nl	Ook is het genre enigszins gerelateerd aan de industrial van bijvoorbeeld Rammstein.
"['Zonder', 'deze', 'walvissen', ',', 'die', 'in', 'de', 'toekomst', 'uitgestorven', 'waren', ',', 'zou', 'de', 'wereld', 'namelijk', 'door', 'een', 'buitenaardse', 'ruimtesonde', 'vernietigd', 'worden', '""', '(', 'zie', ':', 'Star', 'Trek', 'IV', ':', 'The', 'Voyage', 'Home', ')', '""', '.']"	[0, 0, 0, 0, 0, 0, 0, 0, 0, 0, 0, 0, 0, 0, 0, 0, 0, 0, 0, 0, 0, 0, 0, 0, 0, 7, 8, 8, 8, 8, 8, 8, 0, 0, 0]	nl	"Zonder deze walvissen, die in de toekomst uitgestorven waren, zou de wereld namelijk door een buitenaardse ruimtesonde vernietigd worden ""(zie: Star Trek IV: The Voyage Home)""."
['Willem', 'van', 'Oranje', 'week', 'in', '1583', 'uit', 'naar', 'Delft', '.']	[1, 2, 2, 0, 0, 0, 0, 0, 5, 0]	nl	Willem van Oranje week in 1583 uit naar Delft.
['Over', 'de', 'status', 'als', 'aparte', 'soort', 'is', 'geen', 'consensus', ',', 'door', 'BirdLife', 'International', 'wordt', 'de', 'soort', 'niet', 'als', 'zodanig', 'erkend', '.']	[0, 0, 0, 0, 0, 0, 0, 0, 0, 0, 0, 3, 4, 0, 0, 0, 0, 0, 0, 0, 0]	nl	Over de status als aparte soort is geen consensus, door BirdLife International wordt de soort niet als zodanig erkend.
['In', 'mindere', 'mate', 'ook', 'in', 'Polen', 'en', 'Letland', '.']	[0, 0, 0, 0, 0, 5, 0, 5, 0]	nl	In mindere mate ook in Polen en Letland.
"['Hij', 'was', 'de', 'scenarioschrijver', 'en', 'uitvoerend', 'producent', 'van', 'de', 'film', '""', 'Rules', 'of', 'Engagement', '""', '(', '2000', ')', '.']"	[0, 0, 0, 0, 0, 0, 0, 0, 0, 0, 0, 7, 8, 8, 0, 0, 0, 0, 0]	nl	"Hij was de scenarioschrijver en uitvoerend producent van de film ""Rules of Engagement"" (2000)."
['Vanaf', 'Sint-Eloois-Vijve', 'tot', 'Gent', 'is', 'de', 'bodemhelling', 'zeer', 'gering', ',', 'waardoor', 'zich', 'vele', 'meanders', 'vormden', '.']	[0, 5, 0, 5, 0, 0, 0, 0, 0, 0, 0, 0, 0, 0, 0, 0]	nl	Vanaf Sint-Eloois-Vijve tot Gent is de bodemhelling zeer gering, waardoor zich vele meanders vormden.
['De', 'filmlocatie', 'is', 'net', 'als', 'bij', 'deel', 'twee', 'en', 'drie', 'Toronto', 'in', 'Canada', '.']	[0, 0, 0, 0, 0, 0, 0, 0, 0, 0, 5, 0, 5, 0]	nl	De filmlocatie is net als bij deel twee en drie Toronto in Canada.
['Hij', 'werd', 'in', 'de', 'jaren', 'tachtig', 'bekend', 'als', 'lid', 'van', 'de', 'controversiële', 'rapgroep', 'N.W.', 'A', 'en', 'was', 'oprichter', 'van', 'het', 'platenlabel', 'Ruthless', 'Records', '.']	[0, 0, 0, 0, 0, 0, 0, 0, 0, 0, 0, 0, 0, 3, 4, 0, 0, 0, 0, 0, 0, 3, 4, 0]	nl	Hij werd in de jaren tachtig bekend als lid van de controversiële rapgroep N.W. A en was oprichter van het platenlabel Ruthless Records.
['In', 'het', 'noorden', 'van', 'Belsele', 'ligt', 'het', 'dorpje', 'Puivelde', '.']	[0, 0, 0, 0, 5, 0, 0, 0, 5, 0]	nl	In het noorden van Belsele ligt het dorpje Puivelde.
"['Dit', 'record', 'werd', 'in', '1993', 'verbroken', 'door', '""', 'Schindler', ""'s"", 'List', '""', '.']"	[0, 0, 0, 0, 0, 0, 0, 0, 7, 8, 8, 0, 0]	nl	"Dit record werd in 1993 verbroken door ""Schindler 's List""."
['Op', 'Metacritic', 'is', 'dit', '53', '%', '.']	[0, 7, 0, 0, 0, 0, 0]	nl	Op Metacritic is dit 53%.
['In', '1953', 'engageerde', 'Count', 'Basie', 'hem', 'in', 'zijn', 'big', 'band', '.']	[0, 0, 0, 1, 2, 0, 0, 0, 0, 0, 0]	nl	In 1953 engageerde Count Basie hem in zijn big band.
['Gedurende', 'het', 'seizoen', '2008', '-', '2009', 'werd', 'hij', 'uitgeleend', 'aan', 'Racing', 'Santander', '.']	[0, 0, 0, 0, 0, 0, 0, 0, 0, 0, 3, 4, 0]	nl	Gedurende het seizoen 2008 - 2009 werd hij uitgeleend aan Racing Santander.
['Hij', 'verloor', 'in', 'de', 'eerste', 'ronde', 'van', 'Marat', 'Safin', 'met', '4', '-', '6', ',', '5', '-', '7', '.']	[0, 0, 0, 0, 0, 0, 0, 1, 2, 0, 0, 0, 0, 0, 0, 0, 0, 0]	nl	Hij verloor in de eerste ronde van Marat Safin met 4 - 6, 5 - 7.
"['In', '2016', 'hernoemde', 'Gregory', 'S.', 'Paul', 'de', 'soort', 'tot', 'een', '""', 'Chasmosaurus', 'richardsoni', '""', '.']"	[0, 0, 0, 1, 2, 2, 0, 0, 0, 0, 0, 0, 0, 0, 0]	nl	"In 2016 hernoemde Gregory S. Paul de soort tot een ""Chasmosaurus richardsoni""."
['Hij', 'leende', 'zijn', 'stem', 'aan', 'een', 'van', 'de', 'slechteriken', 'in', 'de', 'animatiereeks', 'Zeroman', ',', 'een', 'reeks', 'waaraan', 'ook', 'Leslie', 'Nielsen', 'meewerkte', '.']	[0, 0, 0, 0, 0, 0, 0, 0, 0, 0, 0, 0, 7, 0, 0, 0, 0, 0, 1, 2, 0, 0]	nl	Hij leende zijn stem aan een van de slechteriken in de animatiereeks Zeroman, een reeks waaraan ook Leslie Nielsen meewerkte.
"['""', 'Nashville', '""', 'is', 'een', 'Amerikaanse', 'film', 'uit', '1975', 'geregisseerd', 'door', 'Robert', 'Altman', '.']"	[0, 7, 0, 0, 0, 7, 0, 0, 0, 0, 0, 1, 2, 0]	nl	"""Nashville"" is een Amerikaanse film uit 1975 geregisseerd door Robert Altman."
"['Aan', 'de', 'west', '-', 'en', 'noordzijde', 'van', 'dit', 'eiland', 'liggen', 'verspreid', 'een', 'aantal', 'delen', 'van', 'het', 'ensemble', '""', 'paleizen', 'en', 'parken', 'van', 'Potsdam', 'en', 'Berlijn', '""', '.']"	[0, 0, 0, 0, 0, 0, 0, 0, 0, 0, 0, 0, 0, 0, 0, 0, 0, 0, 0, 0, 0, 0, 5, 0, 5, 0, 0]	nl	"Aan de west - en noordzijde van dit eiland liggen verspreid een aantal delen van het ensemble ""paleizen en parken van Potsdam en Berlijn""."
['Het', 'antwoord', 'op', 'die', 'vraag', 'werd', 'gegeven', 'door', 'bioloog', 'Midas', 'Dekkers', '.']	[0, 0, 0, 0, 0, 0, 0, 0, 0, 1, 2, 0]	nl	Het antwoord op die vraag werd gegeven door bioloog Midas Dekkers.
['Reden', 'was', 'de', 'positie', 'van', 'Soedan', '.']	[0, 0, 0, 0, 0, 5, 0]	nl	Reden was de positie van Soedan.
"['Het', 'spel', 'is', 'ook', 'een', 'verborgen', 'spel', 'voor', '""', 'Sonic', ""'s"", 'Ultimate', 'Mega', 'Drive', 'Collection', '""', ',', 'dat', 'uitkwam', 'voor', 'de', 'PlayStation', '3', 'en', 'de', 'Xbox', '360', '.']"	[0, 0, 0, 0, 0, 0, 0, 0, 0, 7, 8, 8, 8, 8, 8, 0, 0, 0, 0, 0, 0, 7, 8, 0, 0, 7, 8, 0]	nl	"Het spel is ook een verborgen spel voor ""Sonic 's Ultimate Mega Drive Collection"", dat uitkwam voor de PlayStation 3 en de Xbox 360."
['Dit', 'laatste', 'verhaal', 'sprak', 'het', 'meeste', 'aan', ',', 'getuige', 'bijvoorbeeld', 'een', 'stenen', 'versiering', 'in', 'Rosslyn', 'Chapel', '.']	[0, 0, 0, 0, 0, 0, 0, 0, 0, 0, 0, 0, 0, 0, 5, 6, 0]	nl	Dit laatste verhaal sprak het meeste aan, getuige bijvoorbeeld een stenen versiering in Rosslyn Chapel.
['In', 'de', 'periode', 'maart', '1971', 'tot', 'en', 'met', 'november', '1982', 'was', 'hij', 'gedurende', 'drie', 'tijdvakken', 'lid', 'van', 'de', 'gemeenteraad', 'van', 'Rotterdam', '.']	[0, 0, 0, 0, 0, 0, 0, 0, 0, 0, 0, 0, 0, 0, 0, 0, 0, 0, 0, 0, 5, 0]	nl	In de periode maart 1971 tot en met november 1982 was hij gedurende drie tijdvakken lid van de gemeenteraad van Rotterdam.
['Chr.', 'de', 'belangrijkste', 'zeevaarders', 'en', 'handelaars', 'van', 'de', 'Middellandse', 'Zee', 'en', 'stichtten', 'ze', 'overal', 'koloniën', '.']	[0, 0, 0, 0, 0, 0, 0, 0, 5, 6, 0, 0, 0, 0, 0, 0]	nl	Chr. de belangrijkste zeevaarders en handelaars van de Middellandse Zee en stichtten ze overal koloniën.
['De', 'Bieja', 'ontspringt', 'in', 'het', 'oostelijke', 'deel', 'van', 'het', 'gebergte', '.']	[0, 5, 0, 0, 0, 0, 0, 0, 0, 0, 0]	nl	De Bieja ontspringt in het oostelijke deel van het gebergte.
['Het', 'gebied', 'was', 'rijk', 'aan', 'hoogveen', 'en', 'voor', 'het', 'afvoeren', 'van', 'de', 'hieruit', 'gewonnen', 'turf', 'werd', 'de', 'Drachtster', 'Compagnonsvaart', 'gegraven', '.']	[0, 0, 0, 0, 0, 0, 0, 0, 0, 0, 0, 0, 0, 0, 0, 0, 0, 5, 6, 0, 0]	nl	Het gebied was rijk aan hoogveen en voor het afvoeren van de hieruit gewonnen turf werd de Drachtster Compagnonsvaart gegraven.
['De', 'soort', 'wordt', 'aangetroffen', 'in', 'Indonesië', ',', 'Maleisië', 'en', 'Singapore', '.']	[0, 0, 0, 0, 0, 5, 0, 5, 0, 5, 0]	nl	De soort wordt aangetroffen in Indonesië, Maleisië en Singapore.
['Ook', 'de', 'Waddeneilanden', 'zouden', 'hierdoor', 'met', 'elkaar', 'en', 'met', 'het', 'vasteland', 'worden', 'verbonden', '.']	[0, 0, 5, 0, 0, 0, 0, 0, 0, 0, 0, 0, 0, 0]	nl	Ook de Waddeneilanden zouden hierdoor met elkaar en met het vasteland worden verbonden.
['In', 'januari', '2007', 'won', 'hij', 'samen', 'met', 'Teimour', 'Radjabov', 'en', 'Levon', 'Aronian', 'het', 'Corus-toernooi', '.']	[0, 0, 0, 0, 0, 0, 0, 1, 2, 0, 1, 2, 0, 7, 0]	nl	In januari 2007 won hij samen met Teimour Radjabov en Levon Aronian het Corus-toernooi.
['Brazilië', 'verdedigde', 'zijn', 'in', '2007', 'behaalde', 'titel', '.']	[5, 0, 0, 0, 0, 0, 0, 0]	nl	Brazilië verdedigde zijn in 2007 behaalde titel.
['Het', 'is', 'ook', 'opgemerkt', 'in', 'Nigeria', 'en', 'Kameroen', '.']	[0, 0, 0, 0, 0, 5, 0, 5, 0]	nl	Het is ook opgemerkt in Nigeria en Kameroen.
['Dinamo', 'Tirana', 'en', 'Partizan', 'Tirana', 'hebben', 'beide', 'een', 'geschiedenis', 'die', 'teruggaat', 'tot', 'de', 'jaren', '1940', '.']	[3, 4, 0, 3, 4, 0, 0, 0, 0, 0, 0, 0, 0, 0, 0, 0]	nl	Dinamo Tirana en Partizan Tirana hebben beide een geschiedenis die teruggaat tot de jaren 1940.
['Op', '6', 'februari', 'maakte', 'hij', 'zijn', 'debuut', 'in', 'de', '3', '-', '1', 'gewonnen', 'uitwedstrijd', 'tegen', 'SC', 'Heerenveen', ',', 'toen', 'hij', 'in', 'de', 'blessuretijd', 'voor', 'Zakaria', 'El', 'Azzouzi', 'het', 'veld', 'in', 'kwam', '.']	[0, 0, 0, 0, 0, 0, 0, 0, 0, 0, 0, 0, 0, 0, 0, 3, 4, 0, 0, 0, 0, 0, 0, 0, 1, 2, 2, 0, 0, 0, 0, 0]	nl	Op 6 februari maakte hij zijn debuut in de 3 - 1 gewonnen uitwedstrijd tegen SC Heerenveen, toen hij in de blessuretijd voor Zakaria El Azzouzi het veld in kwam.
['De', 'vrede', 'kwam', 'daarna', 'snel', 'tot', 'stand', ':', 'Asjkelon', 'werd', 'overgedaan', 'aan', 'Saladin', ',', 'de', 'overige', 'kuststeden', 'en', 'forten', 'bleven', 'behouden', 'en', 'er', 'werd', 'een', 'wapenstilstand', 'voor', '3', 'jaar', ',', '3', 'maanden', 'en', '3', 'weken', 'getekend', 'waarbij', 'pelgrims', 'naar', 'Jeruzalem', 'vrijgeleide', 'genoten', '.']	[0, 0, 0, 0, 0, 0, 0, 0, 5, 0, 0, 0, 1, 0, 0, 0, 0, 0, 0, 0, 0, 0, 0, 0, 0, 0, 0, 0, 0, 0, 0, 0, 0, 0, 0, 0, 0, 0, 0, 5, 0, 0, 0]	nl	De vrede kwam daarna snel tot stand: Asjkelon werd overgedaan aan Saladin, de overige kuststeden en forten bleven behouden en er werd een wapenstilstand voor 3 jaar, 3 maanden en 3 weken getekend waarbij pelgrims naar Jeruzalem vrijgeleide genoten.
['De', 'soundtrack', 'van', 'de', 'film', 'werd', 'gemaakt', 'door', 'Ben', 'Folds', '.']	[0, 0, 0, 0, 0, 0, 0, 0, 1, 2, 0]	nl	De soundtrack van de film werd gemaakt door Ben Folds.
['In', 'de', 'jaren', 'tachtig', 'speelde', 'hij', 'veel', 'met', 'trompettist', 'Chet', 'Baker', '.']	[0, 0, 0, 0, 0, 0, 0, 0, 0, 1, 2, 0]	nl	In de jaren tachtig speelde hij veel met trompettist Chet Baker.
['De', 'afzonderlijke', 'wedstrijd', 'voor', 'componisten', 'was', 'niet', 'erg', 'succesvol', ';', 'na', 'de', 'eerste', 'wedstrijd', ',', 'gewonnen', 'door', 'Michael', 'Spisak', ',', 'werd', 'er', 'herhaaldelijk', 'aan', 'de', 'formule', 'gesleuteld', '.']	[0, 0, 0, 0, 0, 0, 0, 0, 0, 0, 0, 0, 0, 0, 0, 0, 0, 1, 2, 0, 0, 0, 0, 0, 0, 0, 0, 0]	nl	De afzonderlijke wedstrijd voor componisten was niet erg succesvol; na de eerste wedstrijd, gewonnen door Michael Spisak, werd er herhaaldelijk aan de formule gesleuteld.
['Het', 'stuk', 'speelde', 'in', 'politiek-cultureel', 'theater', 'De', 'Balie', 'in', 'Amsterdam', '.']	[0, 0, 0, 0, 0, 0, 5, 6, 0, 5, 0]	nl	Het stuk speelde in politiek-cultureel theater De Balie in Amsterdam.
"['""', 'Spanje', '""', 'is', 'onderverdeeld', 'in', 'zeventien', '""', 'autonome', 'gemeenschappen', '""', '(', 'ook', 'wel', '""', 'autonome', 'regio', ""'s"", '""', 'of', '""', 'zelfstandige', 'gewesten', '""', 'genoemd', ')', '(', 'Spaans', ':', '""', 'comunidades', 'autónomas', '""', ')', 'en', 'twee', 'autonome', 'steden', '(', 'Spaans', ':', '""', 'ciudades', 'autónomas', '""', ')', '.']"	[0, 5, 0, 0, 0, 0, 0, 0, 0, 0, 0, 0, 0, 0, 0, 0, 0, 0, 0, 0, 0, 0, 0, 0, 0, 0, 0, 7, 0, 0, 0, 0, 0, 0, 0, 0, 0, 0, 0, 7, 0, 0, 0, 0, 0, 0, 0]	nl	"""Spanje"" is onderverdeeld in zeventien ""autonome gemeenschappen"" (ook wel ""autonome regio 's"" of ""zelfstandige gewesten"" genoemd) (Spaans: ""comunidades autónomas"") en twee autonome steden (Spaans: ""ciudades autónomas"")."
"['Ook', 'de', 'soera', ""'s"", 'geopenbaard', 'na', 'de', 'terugkeer', 'in', 'Mekka', 'in', '630', 'vallen', 'onder', 'de', 'Medinaanse', 'soera', ""'s"", '.']"	[0, 0, 0, 0, 0, 0, 0, 0, 0, 5, 0, 0, 0, 0, 0, 7, 0, 0, 0]	nl	Ook de soera 's geopenbaard na de terugkeer in Mekka in 630 vallen onder de Medinaanse soera 's.
['Het', 'benefietconcert', 'Live', 'Aid', 'op', '13', 'juli', '1985', 'vormde', 'de', 'definitieve', 'doorbraak', 'van', 'de', 'groep', '.']	[0, 0, 7, 8, 0, 0, 0, 0, 0, 0, 0, 0, 0, 0, 0, 0]	nl	Het benefietconcert Live Aid op 13 juli 1985 vormde de definitieve doorbraak van de groep.
['Op', 'jonge', 'leeftijd', 'werd', 'hij', 'als', 'wees', 'naar', 'Duitsland', 'gestuurd', 'en', 'vestigde', 'zich', 'later', 'in', 'Parijs', '.']	[0, 0, 0, 0, 0, 0, 0, 0, 5, 0, 0, 0, 0, 0, 0, 5, 0]	nl	Op jonge leeftijd werd hij als wees naar Duitsland gestuurd en vestigde zich later in Parijs.
['De', 'officiële', 'videoclip', 'van', 'het', 'nummer', 'bestond', 'uit', 'een', 'compilatie', 'livebeelden', 'van', 'de', 'Sticky', '&', 'Sweet', 'Tour', '.']	[0, 0, 0, 0, 0, 0, 0, 0, 0, 0, 0, 0, 0, 7, 8, 8, 8, 0]	nl	De officiële videoclip van het nummer bestond uit een compilatie livebeelden van de Sticky & Sweet Tour.
['Hij', 'won', 'met', 'de', 'New', 'Jersey', 'Devils', 'drie', 'keer', 'de', 'Stanley', 'Cup', 'en', 'was', 'eenmaal', 'verliezend', 'finalist', '.']	[0, 0, 0, 0, 3, 4, 4, 0, 0, 0, 7, 8, 0, 0, 0, 0, 0, 0]	nl	Hij won met de New Jersey Devils drie keer de Stanley Cup en was eenmaal verliezend finalist.
['De', 'eerste', 'verbinding', 'met', 'Parijs', 'werd', 'in', '1852', 'gelegd', ',', 'maar', 'deze', 'stak', 'de', 'Garonne', 'niet', 'over', '.']	[0, 0, 0, 0, 5, 0, 0, 0, 0, 0, 0, 0, 0, 0, 5, 0, 0, 0]	nl	De eerste verbinding met Parijs werd in 1852 gelegd, maar deze stak de Garonne niet over.
['Een', 'tulku', 'is', 'binnen', 'het', 'Tibetaans', 'boeddhisme', 'een', 'reïncarnatie', 'van', 'een', 'verlichte', 'lama', '.']	[0, 0, 0, 0, 0, 7, 0, 0, 0, 0, 0, 0, 0, 0]	nl	Een tulku is binnen het Tibetaans boeddhisme een reïncarnatie van een verlichte lama.
['De', 'term', 'Engels', 'zwavelzuur', 'is', 'afkomstig', 'van', 'het', 'feit', 'dat', 'zwavelzuur', 'in', 'de', '18e', 'eeuw', 'in', 'grote', 'hoeveelheden', 'in', 'Engeland', 'werd', 'geproduceerd', '.']	[0, 0, 7, 0, 0, 0, 0, 0, 0, 0, 0, 0, 0, 0, 0, 0, 0, 0, 0, 5, 0, 0, 0]	nl	De term Engels zwavelzuur is afkomstig van het feit dat zwavelzuur in de 18e eeuw in grote hoeveelheden in Engeland werd geproduceerd.
['Daarnaast', 'brak', 'er', 'een', 'strijd', 'uit', 'tussen', 'de', 'falangisten', 'van', 'Pierre', 'Gemayel', 'en', 'diverse', 'islamitische', 'partijen', '.']	[0, 0, 0, 0, 0, 0, 0, 0, 0, 0, 1, 2, 0, 0, 0, 0, 0]	nl	Daarnaast brak er een strijd uit tussen de falangisten van Pierre Gemayel en diverse islamitische partijen.
['Hij', 'staat', 'sinds', 'de', 'zomer', 'van', '2019', 'onder', 'contract', 'bij', 'VVV-Venlo', '.']	[0, 0, 0, 0, 0, 0, 0, 0, 0, 0, 3, 0]	nl	Hij staat sinds de zomer van 2019 onder contract bij VVV-Venlo.
['Een', 'eenvoudiger', ',', 'maar', 'equivalente', ',', 'en', 'tegenwoordig', 'bekendere', 'versie', 'werd', 'een', 'jaar', 'later', 'geformuleerd', 'door', 'Giuseppe', 'Peano', '.']	[0, 0, 0, 0, 0, 0, 0, 0, 0, 0, 0, 0, 0, 0, 0, 0, 1, 2, 0]	nl	Een eenvoudiger, maar equivalente, en tegenwoordig bekendere versie werd een jaar later geformuleerd door Giuseppe Peano.
['De', 'vier', 'motoren', 'werden', 'geleverd', 'door', 'Pratt', '&', 'Whitney', '.']	[0, 0, 0, 0, 0, 0, 3, 4, 4, 0]	nl	De vier motoren werden geleverd door Pratt & Whitney.
['De', 'term', 'plasma', 'is', 'afkomstig', 'van', 'Irving', 'Langmuir', ',', 'die', 'in', '1922', 'een', 'analogie', 'voorstelde', 'met', 'bloedplasma', ',', 'de', 'vloeistof', 'die', 'overblijft', 'nadat', 'alle', 'vaste', 'deeltjes', 'uit', 'het', 'bloed', 'verwijderd', 'zijn', '.']	[0, 0, 0, 0, 0, 0, 1, 2, 0, 0, 0, 0, 0, 0, 0, 0, 0, 0, 0, 0, 0, 0, 0, 0, 0, 0, 0, 0, 0, 0, 0, 0]	nl	De term plasma is afkomstig van Irving Langmuir, die in 1922 een analogie voorstelde met bloedplasma, de vloeistof die overblijft nadat alle vaste deeltjes uit het bloed verwijderd zijn.
['De', 'oprichters', 'waren', 'naast', 'Venezuela', 'en', 'Iran', ',', 'Saoedi-Arabië', ',', 'Irak', 'en', 'Koeweit', '.']	[0, 0, 0, 0, 5, 0, 5, 0, 5, 0, 5, 0, 5, 0]	nl	De oprichters waren naast Venezuela en Iran, Saoedi-Arabië, Irak en Koeweit.
['Wat', 'de', 'levensstandaard', 'betreft', 'zijn', 'er', 'ongelijkheden', 'tussen', 'de', 'inwoners', 'van', 'de', 'verschillende', 'gewesten', ';', 'het', 'Vlaams', 'Gewest', 'is', 'financieel', 'gezien', 'rijker', 'dan', 'Wallonië', '.']	[0, 0, 0, 0, 0, 0, 0, 0, 0, 0, 0, 0, 0, 0, 0, 0, 5, 6, 0, 0, 0, 0, 0, 5, 0]	nl	Wat de levensstandaard betreft zijn er ongelijkheden tussen de inwoners van de verschillende gewesten; het Vlaams Gewest is financieel gezien rijker dan Wallonië.
['Vanaf', 'de', '16e', 'eeuw', 'werden', 'er', 'bovendien', 'zwarte', 'slaven', 'uit', 'Afrika', 'overgebracht', ',', 'die', 'ook', 'hun', 'bijdrage', 'hebben', 'geleverd', 'aan', 'de', 'bevolkingsopbouw', '.']	[0, 0, 0, 0, 0, 0, 0, 0, 0, 0, 5, 0, 0, 0, 0, 0, 0, 0, 0, 0, 0, 0, 0]	nl	Vanaf de 16e eeuw werden er bovendien zwarte slaven uit Afrika overgebracht, die ook hun bijdrage hebben geleverd aan de bevolkingsopbouw.
['Hij', 'tekende', 'een', 'contract', 'voor', 'twee', 'seizoenen', 'bij', 'KSV', 'Roeselare', '.']	[0, 0, 0, 0, 0, 0, 0, 0, 3, 4, 0]	nl	Hij tekende een contract voor twee seizoenen bij KSV Roeselare.
['Het', 'is', 'naast', 'de', 'Hopman', 'Cup', 'en', 'de', 'Fed', 'Cup', 'de', 'enige', 'landenontmoeting', 'tussen', 'tennisnaties', '.']	[0, 0, 0, 0, 7, 8, 0, 0, 7, 8, 0, 0, 0, 0, 0, 0]	nl	Het is naast de Hopman Cup en de Fed Cup de enige landenontmoeting tussen tennisnaties.
['Het', 'vertrekpunt', 'van', 'beide', 'wegen', '(', '0', 'kilometer', ')', 'is', 'El', 'Capitolio', 'in', 'Havana', '.']	[0, 0, 0, 0, 0, 0, 0, 0, 0, 0, 5, 6, 0, 5, 0]	nl	Het vertrekpunt van beide wegen (0 kilometer) is El Capitolio in Havana.
['In', '1928', 'volgde', 'hij', 'Peter', 'Debye', 'op', 'als', 'hoogleraar', 'in', 'de', 'theoretische', 'fysica', 'aan', 'de', 'ETH', 'Zürich', '.']	[0, 0, 0, 0, 1, 2, 0, 0, 0, 0, 0, 0, 0, 0, 0, 5, 6, 0]	nl	In 1928 volgde hij Peter Debye op als hoogleraar in de theoretische fysica aan de ETH Zürich.
['Het', 'nummer', 'verscheen', 'later', 'ook', 'op', 'een', 'verzamelalbum', 'van', 'Céline', 'Dion', '.']	[0, 0, 0, 0, 0, 0, 0, 0, 0, 1, 2, 0]	nl	Het nummer verscheen later ook op een verzamelalbum van Céline Dion.
['De', 'grijs', 'weeskind', 'is', 'in', 'Nederland', 'een', 'zeldzame', 'en', 'in', 'België', 'een', 'zeer', 'zeldzame', 'soort', '.']	[0, 0, 0, 0, 0, 5, 0, 0, 0, 0, 5, 0, 0, 0, 0, 0]	nl	De grijs weeskind is in Nederland een zeldzame en in België een zeer zeldzame soort.
['Beide', 'zijn', 'lid', 'van', 'de', 'landelijk', 'overkoepelende', 'organisatie', 'Scouting', 'Nederland', '.']	[0, 0, 0, 0, 0, 0, 0, 0, 3, 4, 0]	nl	Beide zijn lid van de landelijk overkoepelende organisatie Scouting Nederland.
['Zowel', 'zijn', 'stem', 'als', 'manier', 'van', 'optreden', 'vertonen', 'gelijkenissen', 'met', 'Freddie', 'Mercury', '.']	[0, 0, 0, 0, 0, 0, 0, 0, 0, 0, 1, 2, 0]	nl	Zowel zijn stem als manier van optreden vertonen gelijkenissen met Freddie Mercury.
['Het', 'is', 'ook', 'in', 'deze', 'periode', 'dat', 'de', 'vroegste', 'onderdelen', 'van', 'het', 'Prinsenkasteel', 'werden', 'gebouwd', '.']	[0, 0, 0, 0, 0, 0, 0, 0, 0, 0, 0, 0, 5, 0, 0, 0]	nl	Het is ook in deze periode dat de vroegste onderdelen van het Prinsenkasteel werden gebouwd.
['In', 'Nederland', 'haalde', 'het', 'nummer', 'een', 'tweede', 'plaats', 'en', 'stond', '25', 'weken', 'genoteerd', '.']	[0, 5, 0, 0, 0, 0, 0, 0, 0, 0, 0, 0, 0, 0]	nl	In Nederland haalde het nummer een tweede plaats en stond 25 weken genoteerd.
['Deze', 'slak', 'leeft', 'in', 'de', 'Grote', 'Oceaan', 'en', 'zelden', 'wordt', 'ze', 'ook', 'aangetroffen', 'in', 'de', 'Indische', 'Oceaan', '.']	[0, 0, 0, 0, 0, 5, 6, 0, 0, 0, 0, 0, 0, 0, 0, 5, 6, 0]	nl	Deze slak leeft in de Grote Oceaan en zelden wordt ze ook aangetroffen in de Indische Oceaan.
['Uit', 'een', 'onderzoek', 'van', 'het', 'Centrum', 'Infectieziektebestrijding', 'en', 'de', 'Nederlandse', 'Voedsel', '-', 'en', 'Warenautoriteit', 'is', 'gebleken', 'dat', 'MRSA', 'bij', '40', '%', 'van', 'de', 'varkens', 'voorkomt', '.']	[0, 0, 0, 0, 0, 3, 4, 0, 0, 3, 4, 4, 4, 4, 0, 0, 0, 0, 0, 0, 0, 0, 0, 0, 0, 0]	nl	Uit een onderzoek van het Centrum Infectieziektebestrijding en de Nederlandse Voedsel - en Warenautoriteit is gebleken dat MRSA bij 40% van de varkens voorkomt.
['In', '1967', 'werd', 'de', 'situatie', 'op', 'Cyprus', 'door', 'twee', 'gebeurtenissen', 'verscherpt', '.']	[0, 0, 0, 0, 0, 0, 5, 0, 0, 0, 0, 0]	nl	In 1967 werd de situatie op Cyprus door twee gebeurtenissen verscherpt.
['Hij', 'begon', 'aan', 'de', 'wedstrijd', 'en', 'werd', 'na', 'een', 'uur', 'vervangen', 'door', 'Moritz', 'Leitner', '.']	[0, 0, 0, 0, 0, 0, 0, 0, 0, 0, 0, 0, 1, 2, 0]	nl	Hij begon aan de wedstrijd en werd na een uur vervangen door Moritz Leitner.
['Ook', 'werden', 'olieplatforms', 'in', 'de', 'Golf', 'van', 'Mexico', 'geëvacueerd', '.']	[0, 0, 0, 0, 0, 5, 6, 6, 0, 0]	nl	Ook werden olieplatforms in de Golf van Mexico geëvacueerd.
['Na', 'zijn', 'middelbare', 'school', 'werkte', 'hij', 'bij', 'de', 'politie', 'en', 'diende', 'als', 'vrijwilliger', 'in', 'Zuidwest-Afrika', '(', 'het', 'tegenwoordige', 'Namibië', ')', ',', 'waar', 'hij', 'officier', 'was', '.']	[0, 0, 0, 0, 0, 0, 0, 0, 0, 0, 0, 0, 0, 0, 5, 0, 0, 0, 5, 0, 0, 0, 0, 0, 0, 0]	nl	Na zijn middelbare school werkte hij bij de politie en diende als vrijwilliger in Zuidwest-Afrika (het tegenwoordige Namibië), waar hij officier was.
['Jaarlijks', 'dient', 'de', 'ombudsman', 'een', 'verslag', 'in', 'bij', 'het', 'Europees', 'Parlement', 'over', 'de', 'resultaten', 'van', 'zijn', 'onderzoeken', '.']	[0, 0, 0, 0, 0, 0, 0, 0, 0, 3, 4, 0, 0, 0, 0, 0, 0, 0]	nl	Jaarlijks dient de ombudsman een verslag in bij het Europees Parlement over de resultaten van zijn onderzoeken.
['Bij', 'Maccabi', 'Haifa', 'kwamen', 'de', 'clubs', 'er', 'onderling', 'niet', 'uit', '.']	[0, 3, 4, 0, 0, 0, 0, 0, 0, 0, 0]	nl	Bij Maccabi Haifa kwamen de clubs er onderling niet uit.
['Hij', 'zou', 'door', 'zijn', 'overstap', 'in', 'het', 'begin', 'van', 'het', 'seizoen', '2019', '/', '20', 'naar', 'Getafe', 'CF', 'op', 'het', 'hoogste', 'niveau', 'actief', 'blijven', '.']	[0, 0, 0, 0, 0, 0, 0, 0, 0, 0, 0, 0, 0, 0, 0, 3, 4, 0, 0, 0, 0, 0, 0, 0]	nl	Hij zou door zijn overstap in het begin van het seizoen 2019 / 20 naar Getafe CF op het hoogste niveau actief blijven.
['Ook', 'voerde', 'hij', 'de', 'wapenwedloop', 'op', 'om', 'zo', 'de', 'Sovjet-Unie', 'financieel', 'op', 'de', 'knieën', 'te', 'krijgen', '.']	[0, 0, 0, 0, 0, 0, 0, 0, 0, 5, 0, 0, 0, 0, 0, 0, 0]	nl	Ook voerde hij de wapenwedloop op om zo de Sovjet-Unie financieel op de knieën te krijgen.
"['Zij', 'werd', 'samen', 'met', 'dubbelspelpartner', 'Sara', 'Errani', 'eind', '2012', 'verkozen', 'tot', '""', 'doubles', 'team', 'of', 'the', 'year', '""', '.']"	[0, 0, 0, 0, 0, 1, 2, 0, 0, 0, 0, 0, 0, 0, 0, 0, 0, 0, 0]	nl	"Zij werd samen met dubbelspelpartner Sara Errani eind 2012 verkozen tot ""doubles team of the year""."
"['Zo', 'beweerde', 'Manuel', 'Castells', 'in', '1998', 'dat', 'de', '""', 'casino', 'society', '""', 'zich', 'nu', 'had', 'aangediend', '.']"	[0, 0, 1, 2, 0, 0, 0, 0, 0, 0, 0, 0, 0, 0, 0, 0, 0]	nl	"Zo beweerde Manuel Castells in 1998 dat de ""casino society"" zich nu had aangediend."
['De', 'resterende', '12.000', 'liep', 'geheel', 'over', 'de', 'Grote', 'Oceaan', '.']	[0, 0, 0, 0, 0, 0, 0, 5, 6, 0]	nl	De resterende 12.000 liep geheel over de Grote Oceaan.
['In', 'juni', '1984', 'werd', 'ze', 'dijkgraaf', 'van', 'het', 'Hoogheemraadschap', 'van', 'Schieland', 'als', 'opvolgster', 'van', 'Leo', 'van', 'Heugten', 'die', 'burgemeester', 'van', 'Nieuwerkerk', 'aan', 'den', 'IJssel', 'was', 'geworden', '.']	[0, 0, 0, 0, 0, 0, 0, 0, 5, 6, 6, 0, 0, 0, 1, 2, 2, 0, 0, 0, 5, 6, 6, 6, 0, 0, 0]	nl	In juni 1984 werd ze dijkgraaf van het Hoogheemraadschap van Schieland als opvolgster van Leo van Heugten die burgemeester van Nieuwerkerk aan den IJssel was geworden.
['Hij', 'werd', 'uit', 'het', 'toernooi', 'gezet', 'en', 'werd', 'tevens', 'ontslagen', 'door', 'Strikeforce', 'en', 'moest', 'zijn', 'titel', 'inleveren', '.']	[0, 0, 0, 0, 0, 0, 0, 0, 0, 0, 0, 3, 0, 0, 0, 0, 0, 0]	nl	Hij werd uit het toernooi gezet en werd tevens ontslagen door Strikeforce en moest zijn titel inleveren.
['Het', 'oostelijk', 'deel', 'van', 'de', 'oblast', 'ligt', 'in', 'de', 'Zuidelijke', 'Oeral', 'en', 'het', 'westelijk', 'deel', 'vormt', 'het', 'begin', 'van', 'het', 'West-Siberisch', 'Laagland', '.']	[0, 0, 0, 0, 0, 0, 0, 0, 0, 5, 6, 0, 0, 0, 0, 0, 0, 0, 0, 0, 5, 6, 0]	nl	Het oostelijk deel van de oblast ligt in de Zuidelijke Oeral en het westelijk deel vormt het begin van het West-Siberisch Laagland.
['Voordat', 'dit', 'sequel', 'uitkwam', ',', 'bracht', 'men', 'al', 'een', 'eerdere', '(', 'dergelijke', 'game', ')', ',', 'exclusief', 'voor', 'de', 'PlayStation', '2', 'op', 'de', 'markt', '.']	[0, 0, 0, 0, 0, 0, 0, 0, 0, 0, 0, 0, 0, 0, 0, 0, 0, 0, 7, 8, 0, 0, 0, 0]	nl	Voordat dit sequel uitkwam, bracht men al een eerdere (dergelijke game), exclusief voor de PlayStation 2 op de markt.
['Eratosthenes', 'berekende', 'de', 'omtrek', 'op', '15', 'procent', 'nauwkeurig', '.']	[1, 0, 0, 0, 0, 0, 0, 0, 0]	nl	Eratosthenes berekende de omtrek op 15 procent nauwkeurig.
['Zijn', 'belangrijkste', 'doelpunten', 'van', 'dat', 'jaar', 'was', 'de', 'winnende', 'treffer', 'in', 'de', 'finale', 'van', 'de', 'Europacup', 'tegen', 'Club', 'Brugge', '.']	[0, 0, 0, 0, 0, 0, 0, 0, 0, 0, 0, 0, 0, 0, 0, 7, 0, 3, 4, 0]	nl	Zijn belangrijkste doelpunten van dat jaar was de winnende treffer in de finale van de Europacup tegen Club Brugge.
['Het', 'daaropvolgende', 'jaar', 'verhuisde', 'hij', 'naar', 'streekgenoot', 'SD', 'Ponferradina', '.']	[0, 0, 0, 0, 0, 0, 0, 3, 4, 0]	nl	Het daaropvolgende jaar verhuisde hij naar streekgenoot SD Ponferradina.
['Dit', 'droeg', 'en', 'draagt', 'sterk', 'bij', 'aan', 'de', 'uitdroging', 'van', 'het', 'Aralmeer', '.']	[0, 0, 0, 0, 0, 0, 0, 0, 0, 0, 0, 5, 0]	nl	Dit droeg en draagt sterk bij aan de uitdroging van het Aralmeer.
['Hij', 'was', 'assistent', 'van', 'Hermann', 'Oberth', 'bij', 'proeven', 'met', 'raketmotoren', 'die', 'op', 'vloeibare', 'brandstof', 'liepen', '.']	[0, 0, 0, 0, 1, 2, 0, 0, 0, 0, 0, 0, 0, 0, 0, 0]	nl	Hij was assistent van Hermann Oberth bij proeven met raketmotoren die op vloeibare brandstof liepen.
['In', 'Soedan', 'worden', 'dromedarissen', 'voornamelijk', 'voor', 'het', 'vlees', 'gehouden', '.']	[0, 5, 0, 0, 0, 0, 0, 0, 0, 0]	nl	In Soedan worden dromedarissen voornamelijk voor het vlees gehouden.
['In', 'Friesland', 'wordt', 'het', 'fluitenkruid', ',', 'dat', 'wel', 'rond', 'Pinksteren', 'bloeit', ',', 'ook', 'weleens', 'pinksterbloem', 'of', 'pinksterblom', 'genoemd', '.']	[0, 5, 0, 0, 0, 0, 0, 0, 0, 7, 0, 0, 0, 0, 0, 0, 0, 0, 0]	nl	In Friesland wordt het fluitenkruid, dat wel rond Pinksteren bloeit, ook weleens pinksterbloem of pinksterblom genoemd.
['De', 'NKVD', '/', 'NKGB', 'was', 'uitgegroeid', 'tot', 'een', 'staat', 'binnen', 'een', 'staat', '.']	[0, 3, 0, 3, 0, 0, 0, 0, 0, 0, 0, 0, 0]	nl	De NKVD / NKGB was uitgegroeid tot een staat binnen een staat.
['De', 'soort', 'komt', 'ook', 'voor', 'in', 'de', 'Noordzee', 'en', 'is', 'economisch', 'gezien', 'een', 'belangrijke', 'soort', '.']	[0, 0, 0, 0, 0, 0, 0, 5, 0, 0, 0, 0, 0, 0, 0, 0]	nl	De soort komt ook voor in de Noordzee en is economisch gezien een belangrijke soort.
"['In', '2014', 'kwam', '""', 'Boyhood', '""', 'uit', ',', 'een', 'film', 'waarvoor', 'gedurende', '12', 'jaar', 'opnamen', 'gemaakt', 'werden', '.']"	[0, 0, 0, 0, 7, 0, 0, 0, 0, 0, 0, 0, 0, 0, 0, 0, 0, 0]	nl	"In 2014 kwam ""Boyhood"" uit, een film waarvoor gedurende 12 jaar opnamen gemaakt werden."
['In', 'de', 'eerste', 'jaren', 'van', 'zijn', 'bewind', 'woei', 'er', 'dan', 'ook', 'een', 'liberale', 'wind', 'over', 'Polen', ':', 'gedwongen', 'collectivisaties', 'werden', 'afgeschaft', ',', 'de', 'Poolse', 'belangen', 'werden', 'voor', 'de', 'Sovjet-Russische', 'belangen', 'gesteld', 'en', 'er', 'werden', 'arbeidersraden', 'ingesteld', '.']	[0, 0, 0, 0, 0, 0, 0, 0, 0, 0, 0, 0, 0, 0, 0, 5, 0, 0, 0, 0, 0, 0, 0, 7, 0, 0, 0, 0, 0, 0, 0, 0, 0, 0, 0, 0, 0]	nl	In de eerste jaren van zijn bewind woei er dan ook een liberale wind over Polen: gedwongen collectivisaties werden afgeschaft, de Poolse belangen werden voor de Sovjet-Russische belangen gesteld en er werden arbeidersraden ingesteld.
['Hij', 'verruilde', 'in', 'januari', '2019', 'Wydad', 'Casablanca', 'voor', 'AS', 'Nancy', '.']	[0, 0, 0, 0, 0, 3, 4, 0, 3, 4, 0]	nl	Hij verruilde in januari 2019 Wydad Casablanca voor AS Nancy.
['De', 'film', 'is', 'gebaseerd', 'op', 'het', 'kinderboek', 'van', 'schrijver', 'Chris', 'Van', 'Allsburg', '.']	[0, 0, 0, 0, 0, 0, 0, 0, 0, 1, 2, 2, 0]	nl	De film is gebaseerd op het kinderboek van schrijver Chris Van Allsburg.
['Het', 'gehucht', 'Kwatrecht', 'ligt', 'uiterst', 'westelijk', '.']	[0, 0, 5, 0, 0, 0, 0]	nl	Het gehucht Kwatrecht ligt uiterst westelijk.
['In', '1975', ',', 'na', 'zijn', 'pensionering', ',', 'is', 'hij', 'in', 'Le', 'Montat', 'in', 'Frankrijk', 'gaan', 'wonen', '.']	[0, 0, 0, 0, 0, 0, 0, 0, 0, 0, 5, 6, 0, 5, 0, 0, 0]	nl	In 1975, na zijn pensionering, is hij in Le Montat in Frankrijk gaan wonen.
['Op', 'de', 'Royal', 'Navy', 'oorlogsschepen', 'in', 'de', '17e', 'en', '18e', 'eeuw', 'werd', 'de', 'kleine', 'ruimte', 'waar', 'de', 'junior', 'officieren', 'zich', 'meestal', 'bevonden', 'de', 'cockpit', 'genoemd', '.']	[0, 0, 3, 4, 0, 0, 0, 0, 0, 0, 0, 0, 0, 0, 0, 0, 0, 0, 0, 0, 0, 0, 0, 0, 0, 0]	nl	Op de Royal Navy oorlogsschepen in de 17e en 18e eeuw werd de kleine ruimte waar de junior officieren zich meestal bevonden de cockpit genoemd.
['In', 'de', 'ondergrondse', 'mergelgroeven', 'van', 'de', 'Sint-Pietersberg', 'ten', 'zuiden', 'van', 'Maastricht', 'werden', 'in', 'de', 'loop', 'der', 'eeuwen', 'vaker', 'allerlei', 'fossielen', 'aangetroffen', '.']	[0, 0, 0, 0, 0, 0, 5, 0, 0, 0, 5, 0, 0, 0, 0, 0, 0, 0, 0, 0, 0, 0]	nl	In de ondergrondse mergelgroeven van de Sint-Pietersberg ten zuiden van Maastricht werden in de loop der eeuwen vaker allerlei fossielen aangetroffen.
['Hij', 'werd', 'er', 'begraven', 'op', 'begraafplaats', 'Oud', 'Eik', 'en', 'Duinen', '.']	[0, 0, 0, 0, 0, 0, 5, 6, 6, 6, 0]	nl	Hij werd er begraven op begraafplaats Oud Eik en Duinen.
['De', 'top', 'van', 'de', 'Gouwekerk', 'is', 'met', '80', 'meter', 'het', 'hoogste', 'punt', 'van', 'de', 'stad', '.']	[0, 0, 0, 0, 5, 0, 0, 0, 0, 0, 0, 0, 0, 0, 0, 0]	nl	De top van de Gouwekerk is met 80 meter het hoogste punt van de stad.
['Hij', 'volgde', 'Jean', 'Vandecasteele', 'op', 'eind', 'augustus', 'dat', 'jaar', '.']	[0, 0, 1, 2, 0, 0, 0, 0, 0, 0]	nl	Hij volgde Jean Vandecasteele op eind augustus dat jaar.
['US', 'Palermo', 'speelt', 'haar', 'wedstrijden', 'in', 'het', 'Stadio', 'Renzo', 'Barbera', '.']	[3, 4, 0, 0, 0, 0, 0, 5, 6, 6, 0]	nl	US Palermo speelt haar wedstrijden in het Stadio Renzo Barbera.
['Zo', 'was', 'er', 'op', 'Kamp', 'Vught', 'in', 'de', 'Tweede', 'Wereldoorlog', 'een', 'kampwinkel', '.']	[0, 0, 0, 0, 5, 6, 0, 0, 7, 8, 0, 0, 0]	nl	Zo was er op Kamp Vught in de Tweede Wereldoorlog een kampwinkel.
['In', '1961', 'voegde', 'directeur', 'Bram', 'Hammacher', 'een', 'beeldenpark', 'aan', 'het', 'museum', 'toe', '.']	[0, 0, 0, 0, 1, 2, 0, 0, 0, 0, 0, 0, 0]	nl	In 1961 voegde directeur Bram Hammacher een beeldenpark aan het museum toe.
['In', 'juli', '2015', 'wordt', 'hij', 'verhuurd', 'aan', 'Al-Sailiya', '.']	[0, 0, 0, 0, 0, 0, 0, 3, 0]	nl	In juli 2015 wordt hij verhuurd aan Al-Sailiya.
['De', 'hoogste', 'berg', 'is', 'de', 'Piek', 'van', 'Orizaba', '.']	[0, 0, 0, 0, 0, 5, 6, 6, 0]	nl	De hoogste berg is de Piek van Orizaba.
['Op', '6', 'december', '2009', 'maakte', 'hij', 'zijn', 'competitiedebuut', 'voor', 'Feyenoord', '.']	[0, 0, 0, 0, 0, 0, 0, 0, 0, 3, 0]	nl	Op 6 december 2009 maakte hij zijn competitiedebuut voor Feyenoord.
['Dus', 'wie', 'in', 'Den', 'Haag', 'het', 'bezit', 'van', 'een', 'derde', 'hond', 'opzettelijk', 'ontkent', ',', 'kan', 'voor', 'die', 'ene', 'hond', 'een', 'aanslag', 'van', '€', '667,44', 'tegemoet', 'zien', 'indien', 'een', 'controleur', 'de', 'ontduiking', 'ontdekt', '.']	[0, 0, 0, 5, 6, 0, 0, 0, 0, 0, 0, 0, 0, 0, 0, 0, 0, 0, 0, 0, 0, 0, 0, 0, 0, 0, 0, 0, 0, 0, 0, 0, 0]	nl	Dus wie in Den Haag het bezit van een derde hond opzettelijk ontkent, kan voor die ene hond een aanslag van €667,44 tegemoet zien indien een controleur de ontduiking ontdekt.
['uit', 'Seattle', ',', 'beweert', 'de', 'smiley', 'uitgevonden', 'te', 'hebben', '.']	[0, 5, 0, 0, 0, 0, 0, 0, 0, 0]	nl	uit Seattle, beweert de smiley uitgevonden te hebben.
['In', '2010', 'werd', 'hij', 'voor', 'één', 'seizoen', 'uitgeleend', 'aan', 'Alemannia', 'Aachen', '.']	[0, 0, 0, 0, 0, 0, 0, 0, 0, 3, 4, 0]	nl	In 2010 werd hij voor één seizoen uitgeleend aan Alemannia Aachen.
['Sinds', '2016', 'speelt', 'hij', 'op', 'het', 'amateurniveau', 'voor', 'AVV', 'Zeeburgia', '.']	[0, 0, 0, 0, 0, 0, 0, 0, 3, 4, 0]	nl	Sinds 2016 speelt hij op het amateurniveau voor AVV Zeeburgia.
['De', 'productie', 'ging', 'in', 'première', 'op', 'het', 'Filmfestival', 'van', 'Cannes', '.']	[0, 0, 0, 0, 0, 0, 0, 7, 8, 8, 0]	nl	De productie ging in première op het Filmfestival van Cannes.
['Hij', 'schaatst', 'sinds', '2012', 'met', 'Jevgenia', 'Tarasova', '.']	[0, 0, 0, 0, 0, 1, 2, 0]	nl	Hij schaatst sinds 2012 met Jevgenia Tarasova.
['Hij', 'stroomde', 'in', '2014', 'door', 'vanuit', 'de', 'jeugd', 'van', 'FC', 'Utrecht', '.']	[0, 0, 0, 0, 0, 0, 0, 0, 0, 3, 4, 0]	nl	Hij stroomde in 2014 door vanuit de jeugd van FC Utrecht.
['Op', '4', 'november', '2012', 'scoorde', 'hij', 'zijn', 'eerste', 'competitiedoelpunt', 'daarvoor', 'tegen', 'Tsjerno', 'More', 'Varna', '.']	[0, 0, 0, 0, 0, 0, 0, 0, 0, 0, 0, 3, 4, 4, 0]	nl	Op 4 november 2012 scoorde hij zijn eerste competitiedoelpunt daarvoor tegen Tsjerno More Varna.
['Hij', 'moest', 'door', 'de', 'brandweer', 'uit', 'het', 'voertuig', 'gezaagd', 'worden', ',', 'waarna', 'hij', 'in', 'kritieke', 'toestand', 'werd', 'overgebracht', 'naar', 'het', 'ziekenhuis', 'in', 'Valletta', '.']	[0, 0, 0, 0, 0, 0, 0, 0, 0, 0, 0, 0, 0, 0, 0, 0, 0, 0, 0, 0, 0, 0, 5, 0]	nl	Hij moest door de brandweer uit het voertuig gezaagd worden, waarna hij in kritieke toestand werd overgebracht naar het ziekenhuis in Valletta.
['De', 'wetenschappelijke', 'naam', 'van', 'de', 'soort', 'werd', 'in', '1873', 'gepubliceerd', 'door', 'Philipp', 'Christoph', 'Zeller', '.']	[0, 0, 0, 0, 0, 0, 0, 0, 0, 0, 0, 1, 2, 2, 0]	nl	De wetenschappelijke naam van de soort werd in 1873 gepubliceerd door Philipp Christoph Zeller.
"['Een', '""', 'chakravartin', '""', '(', 'Sanskriet', ',', 'Pali', ':', 'चक्रवर्तिन्', ',', 'samenstelling', 'van', 'चक्', ',', '""', 'chakra', '""', '=', 'wiel', ',', 'cirkel', ';', 'वर्तिन्', ',', '""', 'vartin', '""', '=', '""', 'draaier', '""', ';', 'letterlijk', ':', '""', 'draaier', 'van', 'het', 'wiel', '""', 'of', '""', 'voor', 'wie', 'het', 'wiel', 'draait', '""', ')', 'is', 'in', 'de', 'geschiedenis', 'en', 'cultuur', 'van', 'Zuid-Azië', 'een', 'titel', 'voor', 'een', 'wereldheerser', '.']"	[0, 0, 0, 0, 0, 7, 0, 7, 0, 0, 0, 0, 0, 0, 0, 0, 0, 0, 0, 0, 0, 0, 0, 0, 0, 0, 0, 0, 0, 0, 0, 0, 0, 0, 0, 0, 0, 0, 0, 0, 0, 0, 0, 0, 0, 0, 0, 0, 0, 0, 0, 0, 0, 0, 0, 0, 0, 5, 0, 0, 0, 0, 0, 0]	nl	"Een ""chakravartin"" (Sanskriet, Pali: चक्रवर्तिन्, samenstelling van चक्, ""chakra"" = wiel, cirkel; वर्तिन्, ""vartin"" = ""draaier""; letterlijk: ""draaier van het wiel"" of ""voor wie het wiel draait"") is in de geschiedenis en cultuur van Zuid-Azië een titel voor een wereldheerser."
"['Bovendien', 'was', 'er', 'stuifsneeuw', ':', 'Friesland', 'was', 'twee', 'dagen', 'eerder', 'onder', 'een', '20', '""', 'cm', 'dik', 'sneeuwtapijt', 'bedolven', '.']"	[0, 0, 0, 0, 0, 5, 0, 0, 0, 0, 0, 0, 0, 0, 0, 0, 0, 0, 0]	nl	"Bovendien was er stuifsneeuw: Friesland was twee dagen eerder onder een 20 ""cm dik sneeuwtapijt bedolven."
['Dit', 'bewijs', 'werd', 'uitgewerkt', 'door', 'Bertil', 'Lindblad', 'en', 'Jan', 'Hendrik', 'Oort', '.']	[0, 0, 0, 0, 0, 1, 2, 0, 1, 2, 2, 0]	nl	Dit bewijs werd uitgewerkt door Bertil Lindblad en Jan Hendrik Oort.
"['De', 'behandeling', 'bestond', 'uit', 'rust', 'en', 'kuren', 'in', 'sanatoria', 'in', 'gebieden', 'met', ""'"", 'gezonde', 'lucht', ""'"", ',', 'bijvoorbeeld', 'op', 'de', 'Veluwe', 'of', 'in', 'het', 'hooggebergte', '.']"	[0, 0, 0, 0, 0, 0, 0, 0, 0, 0, 0, 0, 0, 0, 0, 0, 0, 0, 0, 0, 5, 0, 0, 0, 0, 0]	nl	De behandeling bestond uit rust en kuren in sanatoria in gebieden met 'gezonde lucht', bijvoorbeeld op de Veluwe of in het hooggebergte.
['De', 'single', 'bevat', 'enkele', 'bonusnummers', 'van', 'het', 'album', 'Legacy', 'of', 'Kings', 'die', 'alleen', 'zijn', 'uitgebracht', 'op', 'bepaalde', 'uitgaven', 'van', 'dat', 'album', '.']	[0, 0, 0, 0, 0, 0, 0, 0, 7, 8, 8, 0, 0, 0, 0, 0, 0, 0, 0, 0, 0, 0]	nl	De single bevat enkele bonusnummers van het album Legacy of Kings die alleen zijn uitgebracht op bepaalde uitgaven van dat album.
['Haar', 'zus', 'Ine', 'Kuhr', 'is', 'actrice', 'en', 'ook', 'zangeres', '.']	[0, 0, 1, 2, 0, 0, 0, 0, 0, 0]	nl	Haar zus Ine Kuhr is actrice en ook zangeres.
['ProRail', 'heeft', 'afgezien', 'van', 'het', 'aanbrengen', 'van', 'technische', 'mogelijkheden', 'om', 'een', 'korte', 'opeenvolging', 'van', 'treinen', 'te', 'realiseren', '.']	[3, 0, 0, 0, 0, 0, 0, 0, 0, 0, 0, 0, 0, 0, 0, 0, 0, 0]	nl	ProRail heeft afgezien van het aanbrengen van technische mogelijkheden om een korte opeenvolging van treinen te realiseren.
['Ze', 'was', 'lange', 'tijd', 'de', 'langste', 'speelster', 'van', 'het', 'nationale', 'team', 'van', 'Rusland', 'maar', 'Jekaterina', 'Lisina', 'is', 'nu', 'de', 'langste', 'speelster', '.']	[0, 0, 0, 0, 0, 0, 0, 0, 0, 0, 0, 0, 5, 0, 1, 2, 0, 0, 0, 0, 0, 0]	nl	Ze was lange tijd de langste speelster van het nationale team van Rusland maar Jekaterina Lisina is nu de langste speelster.
['In', '2006', 'transfereerde', 'hij', 'naar', 'Nagoya', 'Grampus', ',', 'waar', 'hij', 'in', 'zijn', 'eerste', 'seizoen', 'in', '26', 'wedstrijden', 'zes', 'keer', 'scoorde', '.']	[0, 0, 0, 0, 0, 3, 4, 0, 0, 0, 0, 0, 0, 0, 0, 0, 0, 0, 0, 0, 0]	nl	In 2006 transfereerde hij naar Nagoya Grampus, waar hij in zijn eerste seizoen in 26 wedstrijden zes keer scoorde.
['In', 'nieuwe', 'veenkoloniën', 'in', 'Drenthe', 'konden', 'duizenden', 'verpauperde', 'mensen', 'onder', 'barre', 'omstandigheden', 'aan', 'het', 'werk', '.']	[0, 0, 0, 0, 5, 0, 0, 0, 0, 0, 0, 0, 0, 0, 0, 0]	nl	In nieuwe veenkoloniën in Drenthe konden duizenden verpauperde mensen onder barre omstandigheden aan het werk.
['Beide', 'spelers', 'tekenden', 'ook', 'een', 'contract', ',', 'maar', 'omdat', 'toenmalig', 'coach', 'Christoph', 'Daum', 'beide', 'spelers', 'niet', 'goed', 'genoeg', 'vond', ',', 'ging', 'de', 'overgang', 'alsnog', 'niet', 'door', '.']	[0, 0, 0, 0, 0, 0, 0, 0, 0, 0, 0, 1, 2, 0, 0, 0, 0, 0, 0, 0, 0, 0, 0, 0, 0, 0, 0]	nl	Beide spelers tekenden ook een contract, maar omdat toenmalig coach Christoph Daum beide spelers niet goed genoeg vond, ging de overgang alsnog niet door.
['In', '1970', 'vonden', 'de', 'Gemenebestspelen', 'in', 'Edinburgh', 'plaats', '.']	[0, 0, 0, 0, 7, 0, 5, 0, 0]	nl	In 1970 vonden de Gemenebestspelen in Edinburgh plaats.
['Hij', 'verruilde', 'in', 'juli', '2017', 'FK', 'Ventspils', 'voor', 'FK', 'Liepāja', '.']	[0, 0, 0, 0, 0, 3, 4, 0, 3, 4, 0]	nl	Hij verruilde in juli 2017 FK Ventspils voor FK Liepāja.
['Met', 'Jack', 'Hawksworth', ',', 'Josh', 'Hill', ',', 'Jordan', 'King', ',', 'Melville', 'McKee', 'en', 'Josh', 'Webster', 'als', 'concurrenten', 'won', 'hij', 'deze', 'prijs', 'ook', ',', 'waarmee', 'hij', 'op', '17-jarige', 'leeftijd', 'tevens', 'de', 'jongste', 'coureur', 'die', 'de', 'prijs', 'won', '.']	[0, 1, 2, 0, 1, 2, 0, 1, 2, 0, 1, 2, 0, 1, 2, 0, 0, 0, 0, 0, 0, 0, 0, 0, 0, 0, 0, 0, 0, 0, 0, 0, 0, 0, 0, 0, 0]	nl	Met Jack Hawksworth, Josh Hill, Jordan King, Melville McKee en Josh Webster als concurrenten won hij deze prijs ook, waarmee hij op 17-jarige leeftijd tevens de jongste coureur die de prijs won.
['In', '1977', 'won', 'het', 'de', 'KNVB', 'beker', 'door', 'in', 'de', 'finale', 'PEC', 'Zwolle', 'met', '3', '-', '0', 'te', 'verslaan', '.']	[0, 0, 0, 0, 0, 7, 8, 0, 0, 0, 0, 3, 4, 0, 0, 0, 0, 0, 0, 0]	nl	In 1977 won het de KNVB beker door in de finale PEC Zwolle met 3 - 0 te verslaan.
['In', 'eerdere', 'conflicten', 'waren', 'de', 'tegenstanders', 'van', 'het', 'nieuwe', 'Japans', 'Keizerlijk', 'Leger', 'inferieur', 'geweest', 'en', 'nauwelijks', 'een', 'uitdaging', '.']	[0, 0, 0, 0, 0, 0, 0, 0, 0, 3, 4, 4, 0, 0, 0, 0, 0, 0, 0]	nl	In eerdere conflicten waren de tegenstanders van het nieuwe Japans Keizerlijk Leger inferieur geweest en nauwelijks een uitdaging.
['In', 'de', 'Encyclopædia', 'Britannica', 'stuitte', 'hij', 'op', 'een', 'afbeelding', 'van', 'een', 'cacaopeul', ',', 'die', 'de', 'rondingen', 'en', 'vormen', 'had', 'die', 'hij', 'beter', 'voor', 'zijn', 'doel', 'geschikt', 'achtte', 'dan', 'die', 'van', 'kolanoot', 'of', 'cocaplant', '.']	[0, 0, 7, 8, 0, 0, 0, 0, 0, 0, 0, 0, 0, 0, 0, 0, 0, 0, 0, 0, 0, 0, 0, 0, 0, 0, 0, 0, 0, 0, 0, 0, 0, 0]	nl	In de Encyclopædia Britannica stuitte hij op een afbeelding van een cacaopeul, die de rondingen en vormen had die hij beter voor zijn doel geschikt achtte dan die van kolanoot of cocaplant.
['Reeds', 'in', 'september', '2013', 'werd', 'Bryan', 'Cranston', 'gecast', 'om', 'het', 'titelpersonage', 'te', 'vertolken', '.']	[0, 0, 0, 0, 0, 1, 2, 0, 0, 0, 0, 0, 0, 0]	nl	Reeds in september 2013 werd Bryan Cranston gecast om het titelpersonage te vertolken.
['Ze', 'hertrouwde', 'op', '2', 'juni', '2017', 'met', 'Benjamin', 'McKenzie', '.']	[0, 0, 0, 0, 0, 0, 0, 1, 2, 0]	nl	Ze hertrouwde op 2 juni 2017 met Benjamin McKenzie.
"['Dit', ',', 'zijn', '""', 'nu', ',', 'nu', '""', '(', 'een', 'Saksische', 'instemmingsfrase', ')', ',', 'zijn', 'hoge', 'stemgeluid', 'en', 'zijn', 'Leipziger', 'dialect', 'werden', 'vaak', 'geïmiteerd', '.']"	[0, 0, 0, 0, 0, 0, 0, 0, 0, 0, 7, 0, 0, 0, 0, 0, 0, 0, 0, 5, 0, 0, 0, 0, 0]	nl	"Dit, zijn ""nu, nu"" (een Saksische instemmingsfrase), zijn hoge stemgeluid en zijn Leipziger dialect werden vaak geïmiteerd."
['In', 'zijn', 'baldakijn', 'boven', 'het', 'altaar', 'van', 'de', 'Sint-Pietersbasiliek', 'wordt', 'de', 'grens', 'tussen', 'architectuur', 'en', 'beeldhouwkunst', 'doorbroken', ',', 'deze', 'stap', 'zal', 'nog', 'talloze', 'malen', 'nagevolgd', 'worden', '.']	[0, 0, 0, 0, 0, 0, 0, 0, 5, 0, 0, 0, 0, 0, 0, 0, 0, 0, 0, 0, 0, 0, 0, 0, 0, 0, 0]	nl	In zijn baldakijn boven het altaar van de Sint-Pietersbasiliek wordt de grens tussen architectuur en beeldhouwkunst doorbroken, deze stap zal nog talloze malen nagevolgd worden.
['Met', 'het', 'begin', 'van', 'de', 'Tweede', 'Wereldoorlog', 'bleef', 'de', 'universiteit', 'geopend', '.']	[0, 0, 0, 0, 0, 7, 8, 0, 0, 0, 0, 0]	nl	Met het begin van de Tweede Wereldoorlog bleef de universiteit geopend.
['In', 'de', '80e', 'minuut', 'verving', 'hij', 'Mart', 'Lieder', '.']	[0, 0, 0, 0, 0, 0, 1, 2, 0]	nl	In de 80e minuut verving hij Mart Lieder.
['In', '1986', 'werd', 'hij', 'als', 'jeugdspeler', 'ingelijfd', 'door', 'FC', 'Twente', '.']	[0, 0, 0, 0, 0, 0, 0, 0, 3, 4, 0]	nl	In 1986 werd hij als jeugdspeler ingelijfd door FC Twente.
"['Waarschijnlijk', 'is', 'de', 'soort', 'gevoelig', 'voor', 'lawaai', ',', 'aangezien', 'in', ""'"", 'luidruchtige', ""'"", 'zeeën', 'als', 'de', 'Middellandse', 'Zee', 'het', 'aantal', 'strandingen', 'groter', 'is', 'dan', 'in', 'andere', 'zeeën', 'en', 'ook', 'bij', 'militaire', 'oefeningen', 'het', 'aantal', 'strandingen', 'groter', 'wordt', '.']"	[0, 0, 0, 0, 0, 0, 0, 0, 0, 0, 0, 0, 0, 0, 0, 0, 5, 6, 0, 0, 0, 0, 0, 0, 0, 0, 0, 0, 0, 0, 0, 0, 0, 0, 0, 0, 0, 0]	nl	Waarschijnlijk is de soort gevoelig voor lawaai, aangezien in 'luidruchtige' zeeën als de Middellandse Zee het aantal strandingen groter is dan in andere zeeën en ook bij militaire oefeningen het aantal strandingen groter wordt.
"['Wat', 'later', 'komt', 'Rihanna', 'binnen', 'en', 'stapt', 'ze', 'verder', 'naar', 'de', 'frigo', ""'s"", '.']"	[0, 0, 0, 1, 0, 0, 0, 0, 0, 0, 0, 0, 0, 0]	nl	Wat later komt Rihanna binnen en stapt ze verder naar de frigo 's.
['Na', 'Saladins', 'dood', 'vochten', 'zijn', 'zoons', 'en', 'broers', 'om', 'de', 'macht', '.']	[0, 1, 0, 0, 0, 0, 0, 0, 0, 0, 0, 0]	nl	Na Saladins dood vochten zijn zoons en broers om de macht.
['Dat', 'eerste', 'jaar', 'was', 'hij', 'meteen', 'succesvol', 'in', 'de', 'Ronde', 'van', 'Italië', ',', 'de', 'koers', 'waarvan', 'hij', 'nog', 'altijd', 'het', 'meeste', 'houdt', '.']	[0, 0, 0, 0, 0, 0, 0, 0, 0, 7, 8, 8, 0, 0, 0, 0, 0, 0, 0, 0, 0, 0, 0]	nl	Dat eerste jaar was hij meteen succesvol in de Ronde van Italië, de koers waarvan hij nog altijd het meeste houdt.
['Vier', 'jaar', 'later', 'in', 'Sotsji', 'voegde', 'ze', 'er', 'nog', 'een', 'bronzen', 'en', 'twee', 'gouden', 'medailles', 'aan', 'toe', '.']	[0, 0, 0, 0, 5, 0, 0, 0, 0, 0, 0, 0, 0, 0, 0, 0, 0, 0]	nl	Vier jaar later in Sotsji voegde ze er nog een bronzen en twee gouden medailles aan toe.
['Er', 'zijn', 'echter', 'wel', 'relaties', 'te', 'leggen', 'met', 'het', 'werk', 'van', 'onder', 'anderen', 'Jürgen', 'Habermas', ',', 'Michel', 'Foucault', 'en', 'Seyla', 'Benhabib', '.']	[0, 0, 0, 0, 0, 0, 0, 0, 0, 0, 0, 0, 0, 1, 2, 0, 1, 2, 0, 1, 2, 0]	nl	Er zijn echter wel relaties te leggen met het werk van onder anderen Jürgen Habermas, Michel Foucault en Seyla Benhabib.
['De', 'haven', 'is', 'ook', 'een', 'belangrijke', 'stopplaats', '/', 'startplaats', 'voor', 'cruiseschepen', 'die', 'de', 'Middellandse', 'Zee', 'bevaren', '.']	[0, 0, 0, 0, 0, 0, 0, 0, 0, 0, 0, 0, 0, 5, 6, 0, 0]	nl	De haven is ook een belangrijke stopplaats / startplaats voor cruiseschepen die de Middellandse Zee bevaren.
['Het', 'FRELIMO', 'voerde', 'oorspronkelijk', 'een', 'marxistisch-leninistisch', 'beleid', 'maar', 'nu', 'niet', 'meer', '.']	[0, 3, 0, 0, 0, 0, 0, 0, 0, 0, 0, 0]	nl	Het FRELIMO voerde oorspronkelijk een marxistisch-leninistisch beleid maar nu niet meer.
['In', '2013', 'kreeg', 'ze', 'voor', 'haar', 'filmwerk', 'ook', 'een', 'ster', 'op', 'de', 'Hollywood', 'Walk', 'of', 'Fame', '.']	[0, 0, 0, 0, 0, 0, 0, 0, 0, 0, 0, 0, 5, 6, 6, 6, 0]	nl	In 2013 kreeg ze voor haar filmwerk ook een ster op de Hollywood Walk of Fame.
['Frankrijk', 'stemde', 'daarmee', 'in', ',', 'omdat', 'het', 'geen', 'oorlog', 'overzee', 'wenste', 'vanwege', 'de', 'Duitse', 'dreiging', 'aan', 'de', 'eigen', 'grens', '.']	[5, 0, 0, 0, 0, 0, 0, 0, 0, 0, 0, 0, 0, 7, 0, 0, 0, 0, 0, 0]	nl	Frankrijk stemde daarmee in, omdat het geen oorlog overzee wenste vanwege de Duitse dreiging aan de eigen grens.
['Deze', 'aflevering', 'werd', 'twee', 'maal', 'opgevoerd', ',', 'enkele', 'uren', 'uit', 'elkaar', ',', 'om', 'het', 'verschil', 'in', 'tijdzones', 'in', 'de', 'Verenigde', 'Staten', 'op', 'te', 'vangen', '.']	[0, 0, 0, 0, 0, 0, 0, 0, 0, 0, 0, 0, 0, 0, 0, 0, 0, 0, 0, 5, 6, 0, 0, 0, 0]	nl	Deze aflevering werd twee maal opgevoerd, enkele uren uit elkaar, om het verschil in tijdzones in de Verenigde Staten op te vangen.
['Het', 'principe', 'is', 'vernoemd', 'naar', 'de', 'Duitse', 'wiskundige', 'Helmut', 'Hasse', '.']	[0, 0, 0, 0, 0, 0, 7, 0, 1, 2, 0]	nl	Het principe is vernoemd naar de Duitse wiskundige Helmut Hasse.
"['De', 'eerste', 'die', 'de', 'term', ""'"", 'Westen', ""'"", 'gebruikte', 'als', 'een', 'sociaal-politieke', 'categorie', ',', 'was', 'Auguste', 'Comte', '.']"	[0, 0, 0, 0, 0, 0, 0, 0, 0, 0, 0, 0, 0, 0, 0, 1, 2, 0]	nl	De eerste die de term 'Westen' gebruikte als een sociaal-politieke categorie, was Auguste Comte.
['Op', '15', 'december', '2005', 'nam', 'het', 'Europees', 'Parlement', 'een', 'voorstel', 'aan', 'dat', 'het', 'opslaan', 'van', 'communicatiegegevens', 'verplicht', 'stelt', ',', 'maar', 'niet', 'de', 'communicatie', 'zelf', '.']	[0, 0, 0, 0, 0, 0, 3, 4, 0, 0, 0, 0, 0, 0, 0, 0, 0, 0, 0, 0, 0, 0, 0, 0, 0]	nl	Op 15 december 2005 nam het Europees Parlement een voorstel aan dat het opslaan van communicatiegegevens verplicht stelt, maar niet de communicatie zelf.
['Op', '15', 'oktober', '2009', 'debuteerde', 'de', 'aanvaller', 'in', 'het', 'eerste', 'elftal', ',', 'toen', 'hij', 'in', 'het', 'duel', 'met', 'FK', 'Ventspils', '(', '8', '–', '0', 'nederlaag', ')', 'net', 'na', 'de', 'rust', 'in', 'mocht', 'vallen', '.']	[0, 0, 0, 0, 0, 0, 0, 0, 0, 0, 0, 0, 0, 0, 0, 0, 0, 0, 3, 4, 0, 0, 0, 0, 0, 0, 0, 0, 0, 0, 0, 0, 0, 0]	nl	Op 15 oktober 2009 debuteerde de aanvaller in het eerste elftal, toen hij in het duel met FK Ventspils (8 – 0 nederlaag) net na de rust in mocht vallen.
['Later', 'dat', 'jaar', 'gaat', 'ook', 'Supertramp', 'weer', 'op', 'tournee', '.']	[0, 0, 0, 0, 0, 3, 0, 0, 0, 0]	nl	Later dat jaar gaat ook Supertramp weer op tournee.
['Tijdens', 'de', 'presidentsverkiezingen', 'van', '2004', 'sprak', 'hij', 'zijn', 'steun', 'uit', 'voor', 'Wesley', 'Clark', '.']	[0, 0, 0, 0, 0, 0, 0, 0, 0, 0, 0, 1, 2, 0]	nl	Tijdens de presidentsverkiezingen van 2004 sprak hij zijn steun uit voor Wesley Clark.
['Aan', 'de', 'buitenzijde', 'werd', 'het', 'logo', 'groter', 'en', 'centraal', 'in', 'de', 'grille', 'geplaatst', ',', 'in', 'lijn', 'met', 'de', 'andere', 'modellen', 'die', 'Citroën', 'op', 'dat', 'moment', 'produceerde', '.']	[0, 0, 0, 0, 0, 0, 0, 0, 0, 0, 0, 0, 0, 0, 0, 0, 0, 0, 0, 0, 0, 3, 0, 0, 0, 0, 0]	nl	Aan de buitenzijde werd het logo groter en centraal in de grille geplaatst, in lijn met de andere modellen die Citroën op dat moment produceerde.
['De', 'Onze-Lieve-Vrouw-ter-Zavelkerk', 'valt', 'op', 'door', 'haar', '14', 'm', 'hoge', 'glasramen', ';', 'de', 'middelen', 'om', 'een', 'toren', 'te', 'bouwen', 'ontbraken', '.']	[0, 5, 0, 0, 0, 0, 0, 0, 0, 0, 0, 0, 0, 0, 0, 0, 0, 0, 0, 0]	nl	De Onze-Lieve-Vrouw-ter-Zavelkerk valt op door haar 14 m hoge glasramen; de middelen om een toren te bouwen ontbraken.
['Op', '6', 'mei', '2009', 'werd', 'zij', 'premier', 'van', 'de', 'West-Kaap', '.']	[0, 0, 0, 0, 0, 0, 0, 0, 0, 5, 0]	nl	Op 6 mei 2009 werd zij premier van de West-Kaap.
['De', 'verspreiding', 'van', 'de', 'cicaden', 'hangt', 'af', 'van', 'de', 'familie', 'en', 'geslacht', ',', 'de', 'bekende', 'periodieke', 'cicaden', 'bijvoorbeeld', 'komen', 'alleen', 'voor', 'in', 'Noord-Amerika', ',', 'terwijl', 'de', 'helmcicaden', 'met', 'hun', 'soms', 'bizarre', 'uitsteeksels', 'vooral', 'in', 'Azië', 'te', 'vinden', 'zijn', '.']	[0, 0, 0, 0, 0, 0, 0, 0, 0, 0, 0, 0, 0, 0, 0, 0, 0, 0, 0, 0, 0, 0, 5, 0, 0, 0, 0, 0, 0, 0, 0, 0, 0, 0, 5, 0, 0, 0, 0]	nl	De verspreiding van de cicaden hangt af van de familie en geslacht, de bekende periodieke cicaden bijvoorbeeld komen alleen voor in Noord-Amerika, terwijl de helmcicaden met hun soms bizarre uitsteeksels vooral in Azië te vinden zijn.
['In', 'de', 'finale', 'versloeg', 'hij', 'Jarkko', 'Nieminen', '.']	[0, 0, 0, 0, 0, 1, 2, 0]	nl	In de finale versloeg hij Jarkko Nieminen.
['De', 'journalist', 'Hrant', 'Dink', 'hekelde', 'in', 'zijn', 'artikelen', 'de', 'keuze', 'van', 'de', 'overheid', 'voor', 'deze', 'data', 'en', 'beschuldigde', 'de', 'Turkse', 'overheid', 'van', 'manipulatieve', 'bedoelingen', '.']	[0, 0, 1, 2, 0, 0, 0, 0, 0, 0, 0, 0, 0, 0, 0, 0, 0, 0, 0, 7, 0, 0, 0, 0, 0]	nl	De journalist Hrant Dink hekelde in zijn artikelen de keuze van de overheid voor deze data en beschuldigde de Turkse overheid van manipulatieve bedoelingen.
['Volgens', 'het', 'overeengekomen', 'verdrag', 'zouden', 'de', 'troepen', 'zich', 'uiterlijk', 'zes', 'maanden', 'na', 'de', 'oorlog', 'weer', 'uit', 'Iran', 'terugtrekken', '.']	[0, 0, 0, 0, 0, 0, 0, 0, 0, 0, 0, 0, 0, 0, 0, 0, 5, 0, 0]	nl	Volgens het overeengekomen verdrag zouden de troepen zich uiterlijk zes maanden na de oorlog weer uit Iran terugtrekken.
['In', 'De', 'Meern', 'zijn', 'op', 'een', 'verhoogd', 'terrein', 'even', 'ten', 'noorden', 'van', 'de', 'dorpskern', 'in', '1940', 'belangrijke', 'archeologische', 'vondsten', 'gedaan', '.']	[0, 5, 6, 0, 0, 0, 0, 0, 0, 0, 0, 0, 0, 0, 0, 0, 0, 0, 0, 0, 0]	nl	In De Meern zijn op een verhoogd terrein even ten noorden van de dorpskern in 1940 belangrijke archeologische vondsten gedaan.
['Het', 'kan', 'worden', 'onderverdeeld', 'in', 'de', 'Brabantse', 'Biesbosch', 'en', 'de', 'Hollandse', 'Biesbosch', ',', 'waarbij', 'de', 'laatste', 'weer', 'bestaat', 'uit', 'de', 'Sliedrechtse', 'Biesbosch', 'en', 'de', 'Dordtse', 'Biesbosch', '.']	[0, 0, 0, 0, 0, 0, 5, 6, 0, 0, 5, 6, 0, 0, 0, 0, 0, 0, 0, 0, 5, 6, 0, 0, 5, 6, 0]	nl	Het kan worden onderverdeeld in de Brabantse Biesbosch en de Hollandse Biesbosch, waarbij de laatste weer bestaat uit de Sliedrechtse Biesbosch en de Dordtse Biesbosch.
['Eind', 'mei', '2016', 'tekende', 'hij', 'een', 'contract', 'voor', 'drie', 'seizoenen', 'bij', 'SBV', 'Excelsior', '.']	[0, 0, 0, 0, 0, 0, 0, 0, 0, 0, 0, 3, 4, 0]	nl	Eind mei 2016 tekende hij een contract voor drie seizoenen bij SBV Excelsior.
['De', 'muziekvideo', ',', 'geregisseerd', 'door', 'John', 'Landis', ',', 'wordt', 'vaak', 'genoemd', 'als', 'de', 'beste', 'en', 'populairste', 'videoclip', 'aller', 'tijden', '.']	[0, 0, 0, 0, 0, 1, 2, 0, 0, 0, 0, 0, 0, 0, 0, 0, 0, 0, 0, 0]	nl	De muziekvideo, geregisseerd door John Landis, wordt vaak genoemd als de beste en populairste videoclip aller tijden.
"['""', 'El', 'séptimo', 'día', '""', 'is', 'een', 'Spaanse', 'dramafilm', 'uit', '2004', 'onder', 'regie', 'van', 'Carlos', 'Saura', '.']"	[0, 0, 0, 0, 0, 0, 0, 7, 0, 0, 0, 0, 0, 0, 1, 2, 0]	nl	"""El séptimo día"" is een Spaanse dramafilm uit 2004 onder regie van Carlos Saura."
['In', 'deze', 'functie', 'volgde', 'hij', 'Guy', 'Verhofstadt', 'op', ',', 'die', 'hem', 'op', 'zijn', 'beurt', 'opnieuw', 'opvolgde', 'in', '1997', '.']	[0, 0, 0, 0, 0, 1, 2, 0, 0, 0, 0, 0, 0, 0, 0, 0, 0, 0, 0]	nl	In deze functie volgde hij Guy Verhofstadt op, die hem op zijn beurt opnieuw opvolgde in 1997.
['In', '2004', 'maakte', 'hij', 'de', 'transfer', 'naar', 'IFK', 'Göteborg', '.']	[0, 0, 0, 0, 0, 0, 0, 3, 4, 0]	nl	In 2004 maakte hij de transfer naar IFK Göteborg.
['De', 'wetenschappelijke', 'naam', 'van', 'de', 'soort', 'werd', '1758', 'gepubliceerd', 'door', 'Carl', 'Linnaeus', '.']	[0, 0, 0, 0, 0, 0, 0, 0, 0, 0, 1, 2, 0]	nl	De wetenschappelijke naam van de soort werd 1758 gepubliceerd door Carl Linnaeus.
['In', 'het', 'noorden', 'ligt', 'de', 'Lange', 'Rekken', '.']	[0, 0, 0, 0, 0, 5, 6, 0]	nl	In het noorden ligt de Lange Rekken.
['De', 'president', 'van', 'Italië', 'heeft', 'maar', 'een', 'beperkte', 'invloed', 'op', 'het', 'land', '.']	[0, 0, 0, 5, 0, 0, 0, 0, 0, 0, 0, 0, 0]	nl	De president van Italië heeft maar een beperkte invloed op het land.
['Het', 'Staatse', 'Leger', 'groeide', 'onder', 'hun', 'leiding', ',', 'met', 'roemruchte', 'overwinningen', 'als', 'de', 'Slag', 'bij', 'Nieuwpoort', ',', 'uit', 'tot', 'een', 'geduchte', 'en', 'zeer', 'innovatieve', 'krijgsmacht', '.']	[0, 3, 4, 0, 0, 0, 0, 0, 0, 0, 0, 0, 0, 7, 8, 8, 0, 0, 0, 0, 0, 0, 0, 0, 0, 0]	nl	Het Staatse Leger groeide onder hun leiding, met roemruchte overwinningen als de Slag bij Nieuwpoort, uit tot een geduchte en zeer innovatieve krijgsmacht.
['Deze', 'laatste', 'partij', 'werd', 'gesteund', 'door', 'de', 'etnische', 'minderheden', 'in', 'Fiji', '.']	[0, 0, 0, 0, 0, 0, 0, 0, 0, 0, 5, 0]	nl	Deze laatste partij werd gesteund door de etnische minderheden in Fiji.
['Gedurende', 'de', 'Koude', 'Oorlog', 'werd', 'het', 'geweer', 'op', 'grote', 'schaal', 'in', 'Afrika', 'verspreid', ',', 'waar', 'verzetsbewegingen', 'streden', 'tegen', 'koloniale', 'mogendheden', '.']	[0, 0, 7, 8, 0, 0, 0, 0, 0, 0, 0, 5, 0, 0, 0, 0, 0, 0, 0, 0, 0]	nl	Gedurende de Koude Oorlog werd het geweer op grote schaal in Afrika verspreid, waar verzetsbewegingen streden tegen koloniale mogendheden.
['De', 'opera', 'in', 'Dresden', 'was', 'gebouwd', 'ter', 'gelegenheid', 'van', 'zijn', 'huwelijk', 'en', 'beschikte', 'mogelijk', 'over', '2.000', 'plaatsen', '.']	[0, 0, 0, 5, 0, 0, 0, 0, 0, 0, 0, 0, 0, 0, 0, 0, 0, 0]	nl	De opera in Dresden was gebouwd ter gelegenheid van zijn huwelijk en beschikte mogelijk over 2.000 plaatsen.
['De', 'Maatschappij', 'van', 'Weldadigheid', 'bood', 'een', 'woning', 'aan', ',', 'een', 'paar', 'ares', 'grond', ',', 'scholing', 'en', 'een', 'klein', 'beetje', 'loon', '.']	[0, 3, 4, 4, 0, 0, 0, 0, 0, 0, 0, 0, 0, 0, 0, 0, 0, 0, 0, 0, 0]	nl	De Maatschappij van Weldadigheid bood een woning aan, een paar ares grond, scholing en een klein beetje loon.
"['Tussendoor', 'begon', 'hij', 'ook', 'aan', '""', 'Somnium', '""', ',', 'dat', 'hij', 'zelf', 'net', 'niet', 'meer', 'af', 'zou', 'krijgen', ',', 'maar', 'dat', 'voor', 'de', 'postume', 'uitgave', 'van', 'het', 'grootste', 'belang', 'was', '.']"	[0, 0, 0, 0, 0, 0, 7, 0, 0, 0, 0, 0, 0, 0, 0, 0, 0, 0, 0, 0, 0, 0, 0, 0, 0, 0, 0, 0, 0, 0, 0]	nl	"Tussendoor begon hij ook aan ""Somnium"", dat hij zelf net niet meer af zou krijgen, maar dat voor de postume uitgave van het grootste belang was."
['Jacques', 'Chirac', 'en', 'Lionel', 'Jospin', 'voerden', 'de', 'strijd', 'om', 'het', 'presidentschap', ',', 'waarbij', 'de', 'eerste', 'won', '.']	[1, 2, 0, 1, 2, 0, 0, 0, 0, 0, 0, 0, 0, 0, 0, 0, 0]	nl	Jacques Chirac en Lionel Jospin voerden de strijd om het presidentschap, waarbij de eerste won.
"['De', 'wetenschappelijke', 'naam', 'is', ',', 'als', '""', 'Pyralis', 'cilialis', '""', ',', 'voor', 'het', 'eerst', 'geldig', 'gepubliceerd', 'in', '1796', 'door', 'Jacob', 'Hübner', '.']"	[0, 0, 0, 0, 0, 0, 0, 0, 0, 0, 0, 0, 0, 0, 0, 0, 0, 0, 0, 1, 2, 0]	nl	"De wetenschappelijke naam is, als ""Pyralis cilialis"", voor het eerst geldig gepubliceerd in 1796 door Jacob Hübner."
['Hij', 'is', 'de', 'oudere', 'broer', 'van', 'de', 'olympisch', 'kampioene', 'Janica', 'Kostelić', '.']	[0, 0, 0, 0, 0, 0, 0, 0, 0, 1, 2, 0]	nl	Hij is de oudere broer van de olympisch kampioene Janica Kostelić.
['Van', '1', 'januari', '2008', 't', '/', 'm', '1', 'januari', '2015', 'konden', 'senioren', '(', '65', '+', ')', 'uit', 'de', 'gemeente', 'Lelystad', 'gratis', 'met', 'stadsbussen', 'binnen', 'Lelystad', 'reizen', '.']	[0, 0, 0, 0, 0, 0, 0, 0, 0, 0, 0, 0, 0, 0, 0, 0, 0, 0, 0, 5, 0, 0, 0, 0, 5, 0, 0]	nl	Van 1 januari 2008 t / m 1 januari 2015 konden senioren (65 +) uit de gemeente Lelystad gratis met stadsbussen binnen Lelystad reizen.
['Landen', 'kunnen', 'zich', 'voor', 'dit', 'toernooi', 'kwalificeren', 'via', 'jeugdtoernooien', 'die', 'binnen', 'de', 'zes', 'confederaties', 'die', 'onder', 'de', 'FIFA', 'vallen', 'worden', 'georganiseerd', '.']	[0, 0, 0, 0, 0, 0, 0, 0, 0, 0, 0, 0, 0, 0, 0, 0, 0, 3, 0, 0, 0, 0]	nl	Landen kunnen zich voor dit toernooi kwalificeren via jeugdtoernooien die binnen de zes confederaties die onder de FIFA vallen worden georganiseerd.
['In', 'Argentinië', 'zijn', 'broedkolonies', 'gevonden', 'met', 'eieren', 'van', 'het', 'type', 'dat', 'aan', 'sauropoden', 'toegeschreven', 'wordt', '.']	[0, 5, 0, 0, 0, 0, 0, 0, 0, 0, 0, 0, 0, 0, 0, 0]	nl	In Argentinië zijn broedkolonies gevonden met eieren van het type dat aan sauropoden toegeschreven wordt.
"['Het', 'oogsten', 'van', '""', 'O.', 'sinensis', '""', 'is', 'pas', 'in', '2001', 'in', 'Nepal', 'gelegaliseerd', '.']"	[0, 0, 0, 0, 0, 0, 0, 0, 0, 0, 0, 0, 5, 0, 0]	nl	"Het oogsten van ""O. sinensis"" is pas in 2001 in Nepal gelegaliseerd."
['Hij', 'werd', 'op', '15', 'juli', '2014', 'verkozen', 'door', 'het', 'Europees', 'Parlement', 'en', 'ving', 'zijn', 'werkzaamheden', 'aan', 'op', '1', 'november', '2014', '.']	[0, 0, 0, 0, 0, 0, 0, 0, 0, 3, 4, 0, 0, 0, 0, 0, 0, 0, 0, 0, 0]	nl	Hij werd op 15 juli 2014 verkozen door het Europees Parlement en ving zijn werkzaamheden aan op 1 november 2014.
['Volgens', 'sommige', 'theorieën', 'was', 'dit', 'de', 'filosoof', 'Ludwig', 'Wittgenstein', '.']	[0, 0, 0, 0, 0, 0, 0, 1, 2, 0]	nl	Volgens sommige theorieën was dit de filosoof Ludwig Wittgenstein.
"['Al', 'vanaf', 'het', 'begin', 'had', 'Jacques', ""d'Ancona"", 'zitting', 'in', 'die', 'jury', ',', 'samen', 'met', 'Hans', 'van', 'Eijck', '.']"	[0, 0, 0, 0, 0, 1, 2, 0, 0, 0, 0, 0, 0, 0, 1, 2, 2, 0]	nl	Al vanaf het begin had Jacques d'Ancona zitting in die jury, samen met Hans van Eijck.
"['Van', '1967', 'tot', 'juni', '2015', 'was', 'het', 'land', 'onderverdeeld', 'in', '10', 'provincies', '""', '(', 'provinces', ')', '""', 'en', '1', 'stadsprovincie', '""', '(', 'ville', ')', '""', ',', 'de', 'hoofdstad', 'Kinshasa', '.']"	[0, 0, 0, 0, 0, 0, 0, 0, 0, 0, 0, 0, 0, 0, 0, 0, 0, 0, 0, 0, 0, 0, 0, 0, 0, 0, 0, 0, 5, 0]	nl	"Van 1967 tot juni 2015 was het land onderverdeeld in 10 provincies ""(provinces)"" en 1 stadsprovincie ""(ville)"", de hoofdstad Kinshasa."
['De', 'stad', 'is', 'gelegen', 'aan', 'de', 'Straat', 'van', 'Kertsj', 'op', 'het', 'oostpunt', 'van', 'de', 'Krim', 'en', 'heeft', '157.007', 'inwoners', '(', '2001', ')', '.']	[0, 0, 0, 0, 0, 0, 5, 6, 6, 0, 0, 0, 0, 0, 5, 0, 0, 0, 0, 0, 0, 0, 0]	nl	De stad is gelegen aan de Straat van Kertsj op het oostpunt van de Krim en heeft 157.007 inwoners (2001).
['In', 'Nepal', 'is', 'de', 'himalaja-jaarvogel', 'uitgestorven', 'en', 'in', 'Vietnam', 'waarschijnlijk', 'ook', '.']	[0, 5, 0, 0, 0, 0, 0, 0, 5, 0, 0, 0]	nl	In Nepal is de himalaja-jaarvogel uitgestorven en in Vietnam waarschijnlijk ook.
"['De', 'naam', 'verwijst', 'naar', 'de', 'oorspronkelijke', 'betekenis', 'van', 'het', 'woord', 'kruisweg', ',', 'namelijk', '""', 'kruispunt', '""', ',', 'omdat', 'het', 'is', 'ontstaan', 'op', 'een', 'kruispunt', 'van', 'wegen', ',', 'namelijk', 'waar', 'de', 'weg', 'van', 'Kloosterburen', 'naar', 'Hornhuizen', 'de', 'weg', 'van', 'Leens', 'naar', 'de', 'kust', 'kruist', '.']"	[0, 0, 0, 0, 0, 0, 0, 0, 0, 0, 0, 0, 0, 0, 0, 0, 0, 0, 0, 0, 0, 0, 0, 0, 0, 0, 0, 0, 0, 0, 0, 0, 5, 0, 5, 0, 0, 0, 5, 0, 0, 0, 0, 0]	nl	"De naam verwijst naar de oorspronkelijke betekenis van het woord kruisweg, namelijk ""kruispunt"", omdat het is ontstaan op een kruispunt van wegen, namelijk waar de weg van Kloosterburen naar Hornhuizen de weg van Leens naar de kust kruist."
['De', 'andere', 'helft', 'heet', 'Alex', 'Klaasen', '.']	[0, 0, 0, 0, 1, 2, 0]	nl	De andere helft heet Alex Klaasen.
['De', 'hoofdrollen', 'worden', 'vertolkt', 'door', 'Nicole', 'Kidman', 'en', 'John', 'Malkovich', '.']	[0, 0, 0, 0, 0, 1, 2, 0, 1, 2, 0]	nl	De hoofdrollen worden vertolkt door Nicole Kidman en John Malkovich.
"['Sinds', '2000', 'draagt', 'hij', 'ook', 'bandana', ""'s"", ',', 'wat', 'hij', 'zou', 'hebben', 'overgenomen', 'van', 'George', 'Bastl', ',', 'die', 'er', 'ook', 'droeg', '.']"	[0, 0, 0, 0, 0, 0, 0, 0, 0, 0, 0, 0, 0, 0, 1, 2, 0, 0, 0, 0, 0, 0]	nl	Sinds 2000 draagt hij ook bandana 's, wat hij zou hebben overgenomen van George Bastl, die er ook droeg.
['Ook', 'zanger-gitarist', 'John', 'Lee', 'Hooker', 'was', 'een', 'van', 'de', 'grondleggers', 'van', 'rhythm-and-blues', '.']	[0, 0, 1, 2, 2, 0, 0, 0, 0, 0, 0, 0, 0]	nl	Ook zanger-gitarist John Lee Hooker was een van de grondleggers van rhythm-and-blues.
"['Op', '""', '2', 'november', '2007', '""', 'behaalden', ',', 'dankzij', 'juridische', 'inspanningen', 'die', 'meer', 'dan', 'drie', 'decennia', 'hebben', 'voortgeduurd', ',', 'vijf', '""', 'treaty', 'bands', '""', 'uit', 'de', 'staat', '""', 'Michigan', '""', 'een', 'overwinning', 'die', 'waarschijnlijk', 'historisch', 'zal', 'blijken', 'te', 'zijn', ';', 'de', 'staat', 'herbekrachtigde', 'eindelijk', 'het', 'verdrag', 'van', '1836', '.']"	[0, 0, 0, 0, 0, 0, 0, 0, 0, 0, 0, 0, 0, 0, 0, 0, 0, 0, 0, 0, 0, 0, 0, 0, 0, 0, 0, 0, 5, 0, 0, 0, 0, 0, 0, 0, 0, 0, 0, 0, 0, 0, 0, 0, 0, 0, 0, 0, 0]	nl	"Op ""2 november 2007"" behaalden, dankzij juridische inspanningen die meer dan drie decennia hebben voortgeduurd, vijf ""treaty bands"" uit de staat ""Michigan"" een overwinning die waarschijnlijk historisch zal blijken te zijn; de staat herbekrachtigde eindelijk het verdrag van 1836."
['Hij', 'had', 'zich', 'op', 'jonge', 'leeftijd', 'al', 'in', 'de', 'kijker', 'gespeeld', 'bij', 'Club', 'Deportivo', 'Guadalajara', ',', 'die', 'hem', 'zeker', 'tien', 'jaar', 'in', 'verschillende', 'jeugdelftallen', 'liet', 'meespelen', '.']	[0, 0, 0, 0, 0, 0, 0, 0, 0, 0, 0, 0, 3, 4, 4, 0, 0, 0, 0, 0, 0, 0, 0, 0, 0, 0, 0]	nl	Hij had zich op jonge leeftijd al in de kijker gespeeld bij Club Deportivo Guadalajara, die hem zeker tien jaar in verschillende jeugdelftallen liet meespelen.
['In', 'februari', '1996', 'werd', 'hij', 'vrijgesproken', 'van', 'alle', 'aanklachten', 'en', 'begon', 'te', 'werken', 'aan', 'zijn', 'tweede', 'album', ',', 'zonder', 'Dr.', 'Dre', 'als', 'producer', '.']	[0, 0, 0, 0, 0, 0, 0, 0, 0, 0, 0, 0, 0, 0, 0, 0, 0, 0, 0, 1, 2, 0, 0, 0]	nl	In februari 1996 werd hij vrijgesproken van alle aanklachten en begon te werken aan zijn tweede album, zonder Dr. Dre als producer.
['Daar', 'woonde', 'ze', 'ook', 'met', 'haar', 'man', ',', 'platenproducer', 'Will', 'Hoebee', '.']	[0, 0, 0, 0, 0, 0, 0, 0, 0, 1, 2, 0]	nl	Daar woonde ze ook met haar man, platenproducer Will Hoebee.
['Een', 'van', 'de', 'bekendste', 'rechtszaken', 'in', 'dit', 'geheel', 'was', 'het', 'Proces', 'van', 'Tokio', '.']	[0, 0, 0, 0, 0, 0, 0, 0, 0, 0, 7, 8, 8, 0]	nl	Een van de bekendste rechtszaken in dit geheel was het Proces van Tokio.
['Opstandelingen', 'en', 'dissidenten', 'werden', 'massaal', 'naar', 'Siberië', 'verbannen', '.']	[0, 0, 0, 0, 0, 0, 5, 0, 0]	nl	Opstandelingen en dissidenten werden massaal naar Siberië verbannen.
['Hij', 'werd', 'sindsdien', 'gezien', 'als', 'de', 'Mongoolse', 'Nikita', 'Chroesjtsjov', '.']	[0, 0, 0, 0, 0, 0, 0, 1, 2, 0]	nl	Hij werd sindsdien gezien als de Mongoolse Nikita Chroesjtsjov.
['Deze', 'tabel', 'is', 'samengesteld', 'op', 'basis', 'van', 'gegevens', 'van', 'het', 'Centraal', 'Bureau', 'voor', 'de', 'Statistiek', 'op', '1', 'januari', '2016', '.']	[0, 0, 0, 0, 0, 0, 0, 0, 0, 0, 3, 4, 4, 4, 4, 0, 0, 0, 0, 0]	nl	Deze tabel is samengesteld op basis van gegevens van het Centraal Bureau voor de Statistiek op 1 januari 2016.
['De', 'vlier', 'was', 'gewijd', 'aan', 'Vrouw', 'Holle', '.']	[0, 0, 0, 0, 0, 1, 2, 0]	nl	De vlier was gewijd aan Vrouw Holle.
['Nog', 'in', 'de', 'Eerste', 'Wereldoorlog', 'werd', 'camouflage', 'ook', '–', 'zij', 'het', 'minder', 'succesvol', '–', 'toegepast', 'op', 'oorlogsschepen', '.']	[0, 0, 0, 7, 8, 0, 0, 0, 0, 0, 0, 0, 0, 0, 0, 0, 0, 0]	nl	Nog in de Eerste Wereldoorlog werd camouflage ook – zij het minder succesvol – toegepast op oorlogsschepen.
"['Dit', 'album', 'is', 'nog', 'veel', 'donkerder', 'dan', '""', 'Niandra', 'LaDes', 'and', 'Usually', 'Just', 'a', 'T-Shirt', '""', '.']"	[0, 0, 0, 0, 0, 0, 0, 0, 7, 8, 8, 8, 8, 8, 8, 0, 0]	nl	"Dit album is nog veel donkerder dan ""Niandra LaDes and Usually Just a T-Shirt""."
"['De', '""', 'nyquistfrequentie', '""', ',', 'genoemd', 'naar', 'elektronisch', 'ingenieur', 'Harry', 'Nyquist', ',', 'is', 'gelijk', 'aan', '½', 'van', 'de', 'sampling', 'rate', 'van', 'een', 'systeem', 'dat', 'gebruikmaakt', 'van', 'intervallen', 'binnen', 'een', 'signaal', '.']"	[0, 0, 0, 0, 0, 0, 0, 0, 0, 1, 2, 0, 0, 0, 0, 0, 0, 0, 0, 0, 0, 0, 0, 0, 0, 0, 0, 0, 0, 0, 0]	nl	"De ""nyquistfrequentie"", genoemd naar elektronisch ingenieur Harry Nyquist, is gelijk aan ½ van de sampling rate van een systeem dat gebruikmaakt van intervallen binnen een signaal."
['Gedurende', 'die', 'carrière', 'liep', 'hij', ',', 'naast', 'zijn', 'internationale', 'successen', ',', 'in', 'Nederland', 'drie', 'nationale', 'titels', 'op', 'de', '1500', 'm', ',', 'acht', 'titels', 'op', 'de', '5000', 'm', ',', 'zeven', 'veldloopkampioenschappen', 'en', 'een', 'totaal', 'van', 'dertig', 'nationale', 'records', 'op', 'negen', 'verschillende', 'loopnummers', 'bij', 'elkaar', '.']	[0, 0, 0, 0, 0, 0, 0, 0, 0, 0, 0, 0, 5, 0, 0, 0, 0, 0, 0, 0, 0, 0, 0, 0, 0, 0, 0, 0, 0, 0, 0, 0, 0, 0, 0, 0, 0, 0, 0, 0, 0, 0, 0, 0]	nl	Gedurende die carrière liep hij, naast zijn internationale successen, in Nederland drie nationale titels op de 1500 m, acht titels op de 5000 m, zeven veldloopkampioenschappen en een totaal van dertig nationale records op negen verschillende loopnummers bij elkaar.
['Zuid-Soedan', 'is', 'bijvoorbeeld', '(', 'mede', ')', 'het', 'product', 'van', 'vervolging', 'van', 'christenen', 'door', 'moslims', '.']	[5, 0, 0, 0, 0, 0, 0, 0, 0, 0, 0, 0, 0, 0, 0]	nl	Zuid-Soedan is bijvoorbeeld (mede) het product van vervolging van christenen door moslims.
['Wulfila', 'ontwierp', 'voor', 'zijn', 'bijbel', 'zelf', 'een', 'op', 'het', 'Griekse', 'alfabet', 'gebaseerd', 'schrift', '.']	[1, 0, 0, 0, 0, 0, 0, 0, 0, 7, 0, 0, 0, 0]	nl	Wulfila ontwierp voor zijn bijbel zelf een op het Griekse alfabet gebaseerd schrift.
['De', 'wetenschappelijke', 'naam', 'van', 'de', 'soort', 'is', 'voor', 'het', 'eerst', 'geldig', 'gepubliceerd', 'in', '1892', 'door', 'George', 'Henry', 'Horn', '.']	[0, 0, 0, 0, 0, 0, 0, 0, 0, 0, 0, 0, 0, 0, 0, 1, 2, 2, 0]	nl	De wetenschappelijke naam van de soort is voor het eerst geldig gepubliceerd in 1892 door George Henry Horn.
['De', 'wetenschappelijke', 'naam', 'van', 'de', 'soort', 'werd', 'voor', 'het', 'eerst', 'voorgesteld', 'door', 'Johann', 'Friedrich', 'von', 'Eschscholtz', 'in', '1829', '.']	[0, 0, 0, 0, 0, 0, 0, 0, 0, 0, 0, 0, 1, 2, 2, 2, 0, 0, 0]	nl	De wetenschappelijke naam van de soort werd voor het eerst voorgesteld door Johann Friedrich von Eschscholtz in 1829.
['Het', 'is', 'echter', 'niet', 'zeker', 'of', 'hij', 'het', 'heliocentrisme', 'slechts', 'als', 'hypothese', 'overwoog', 'of', 'als', 'bewezen', 'propageerde', 'zoals', 'Seleucus', 'van', 'Seleucia', 'later', 'deed', '.']	[0, 0, 0, 0, 0, 0, 0, 0, 0, 0, 0, 0, 0, 0, 0, 0, 0, 0, 1, 2, 2, 0, 0, 0]	nl	Het is echter niet zeker of hij het heliocentrisme slechts als hypothese overwoog of als bewezen propageerde zoals Seleucus van Seleucia later deed.
['Hij', 'is', 'de', 'jongste', 'zoon', 'van', 'acteur', 'Martin', 'Sheen', 'en', 'broer', 'van', 'Emilio', 'Estevez', '.']	[0, 0, 0, 0, 0, 0, 0, 1, 2, 0, 0, 0, 1, 2, 0]	nl	Hij is de jongste zoon van acteur Martin Sheen en broer van Emilio Estevez.
['Zijn', 'vader', 'kondigde', 'daarop', 'aan', 'in', 'Den', 'Haag', 'opnieuw', 'met', 'haar', 'in', 'het', 'huwelijk', 'te', 'treden', '.']	[0, 0, 0, 0, 0, 0, 5, 6, 0, 0, 0, 0, 0, 0, 0, 0, 0]	nl	Zijn vader kondigde daarop aan in Den Haag opnieuw met haar in het huwelijk te treden.
['De', 'boom', 'komt', 'van', 'nature', 'voor', 'in', 'het', 'oosten', 'van', 'Noord-Amerika', '.']	[0, 0, 0, 0, 0, 0, 0, 0, 0, 0, 5, 0]	nl	De boom komt van nature voor in het oosten van Noord-Amerika.
['In', '2010', 'kreeg', 'hij', 'een', 'ster', 'op', 'de', 'beroemde', 'Hollywood', 'Walk', 'of', 'Fame', '.']	[0, 0, 0, 0, 0, 0, 0, 0, 0, 5, 6, 6, 6, 0]	nl	In 2010 kreeg hij een ster op de beroemde Hollywood Walk of Fame.
['Na', 'de', 'heenronde', 'stond', 'deze', 'ploeg', 'tijdens', 'hun', 'eerste', 'seizoen', 'in', 'deze', 'reeks', 'op', 'een', 'derde', 'plaats', 'en', 'wil', 'de', 'voorzitter', 'Francisco', 'Gómez', 'Hernández', 'alles', 'in', 'het', 'werk', 'zetten', 'om', 'naar', 'de', 'hoogste', 'afdeling', 'door', 'te', 'stoten', '.']	[0, 0, 0, 0, 0, 0, 0, 0, 0, 0, 0, 0, 0, 0, 0, 0, 0, 0, 0, 0, 0, 1, 2, 2, 0, 0, 0, 0, 0, 0, 0, 0, 0, 0, 0, 0, 0, 0]	nl	Na de heenronde stond deze ploeg tijdens hun eerste seizoen in deze reeks op een derde plaats en wil de voorzitter Francisco Gómez Hernández alles in het werk zetten om naar de hoogste afdeling door te stoten.
"['Zoals', 'Saul', 'Kripke', 'het', 'eens', 'stelde', ',', 'een', 'presidentskanditaat', 'geeft', 'allerminst', 'om', 'het', 'feit', 'dat', 'iemand', 'anders', ',', 'in', 'een', 'andere', 'wereld', 'een', 'verkiezing', 'wint', ',', 'het', 'gaat', 'erom', 'dat', '""', 'hij', '""', 'de', 'verkiezing', 'wint', '.']"	[0, 1, 2, 0, 0, 0, 0, 0, 0, 0, 0, 0, 0, 0, 0, 0, 0, 0, 0, 0, 0, 0, 0, 0, 0, 0, 0, 0, 0, 0, 0, 0, 0, 0, 0, 0, 0]	nl	"Zoals Saul Kripke het eens stelde, een presidentskanditaat geeft allerminst om het feit dat iemand anders, in een andere wereld een verkiezing wint, het gaat erom dat ""hij"" de verkiezing wint."
['Vlak', 'nadat', 'de', 'opnames', 'in', 'mei', '2009', 'begonnen', 'werd', 'Minka', 'Kelly', 'toegevoegd', 'aan', 'de', 'acteurs', '.']	[0, 0, 0, 0, 0, 0, 0, 0, 0, 1, 2, 0, 0, 0, 0, 0]	nl	Vlak nadat de opnames in mei 2009 begonnen werd Minka Kelly toegevoegd aan de acteurs.
['Chr.', 'bepaald', 'kan', 'worden', 'in', 'zuidelijk', 'Scandinavië', '.']	[0, 0, 0, 0, 0, 0, 5, 0]	nl	Chr. bepaald kan worden in zuidelijk Scandinavië.
['Voor', 'de', 'leefwijze', 'in', 'Niflhel', 'hing', 'het', 'er', 'wel', 'vanaf', 'hoe', 'men', 'geleefd', 'had', '.']	[0, 0, 0, 0, 5, 0, 0, 0, 0, 0, 0, 0, 0, 0, 0]	nl	Voor de leefwijze in Niflhel hing het er wel vanaf hoe men geleefd had.
['Het', 'bleef', 'enkel', 'nog', 'in', 'Ceuta', '.']	[0, 0, 0, 0, 0, 5, 0]	nl	Het bleef enkel nog in Ceuta.
['In', '1777', 'scheidde', 'Venezuela', 'zich', 'af', '.']	[0, 0, 0, 5, 0, 0, 0]	nl	In 1777 scheidde Venezuela zich af.
['De', 'verkiezing', 'van', 'de', 'voorzitter', 'vereist', 'een', 'gekwalificeerde', 'meerderheid', 'van', 'leden', 'van', 'de', 'Europese', 'Raad', ',', 'maar', 'in', 'tegenstelling', 'tot', 'bij', 'de', 'benoeming', 'van', 'de', 'voorzitter', 'van', 'de', 'Europese', 'Commissie', 'is', 'instemming', 'van', 'het', 'Europees', 'Parlement', 'niet', 'vereist', '.']	[0, 0, 0, 0, 0, 0, 0, 0, 0, 0, 0, 0, 0, 3, 4, 0, 0, 0, 0, 0, 0, 0, 0, 0, 0, 0, 0, 0, 3, 4, 0, 0, 0, 0, 3, 4, 0, 0, 0]	nl	De verkiezing van de voorzitter vereist een gekwalificeerde meerderheid van leden van de Europese Raad, maar in tegenstelling tot bij de benoeming van de voorzitter van de Europese Commissie is instemming van het Europees Parlement niet vereist.
['De', 'voornaamste', 'attracties', 'van', 'de', 'stad', 'zijn', 'het', 'stadhuis', ',', 'de', 'stadswallen', ',', 'een', 'kerk', 'zonder', 'toren', 'uit', 'de', 'tijd', 'van', 'Oliver', 'Cromwell', 'en', 'de', 'vuurtoren', '.']	[0, 0, 0, 0, 0, 0, 0, 0, 0, 0, 0, 0, 0, 0, 0, 0, 0, 0, 0, 0, 0, 1, 2, 0, 0, 0, 0]	nl	De voornaamste attracties van de stad zijn het stadhuis, de stadswallen, een kerk zonder toren uit de tijd van Oliver Cromwell en de vuurtoren.
['Hij', 'werd', 'opgevolgd', 'door', 'zijn', 'zoon', 'Bladud', '.']	[0, 0, 0, 0, 0, 0, 1, 0]	nl	Hij werd opgevolgd door zijn zoon Bladud.
"['De', 'zanger', 'Billy', 'Joel', 'noemt', 'het', 'boek', 'in', 'zijn', 'song', ""'"", 'We', 'did', ""n't"", 'start', 'the', 'fire', ""'"", ',', 'die', 'ook', 'als', 'een', 'protestsong', 'gezien', 'kan', 'worden', '.']"	[0, 0, 1, 2, 0, 0, 0, 0, 0, 0, 0, 0, 0, 0, 0, 0, 0, 0, 0, 0, 0, 0, 0, 0, 0, 0, 0, 0]	nl	De zanger Billy Joel noemt het boek in zijn song 'We did n't start the fire', die ook als een protestsong gezien kan worden.
['Tegelijkertijd', 'en', 'onafhankelijk', 'daarvan', 'werd', 'het', 'element', 'ook', 'ontdekt', 'door', 'de', 'Duitser', 'Martin', 'Heinrich', 'Klaproth', '.']	[0, 0, 0, 0, 0, 0, 0, 0, 0, 0, 0, 0, 1, 2, 2, 0]	nl	Tegelijkertijd en onafhankelijk daarvan werd het element ook ontdekt door de Duitser Martin Heinrich Klaproth.
['Tijdens', 'de', 'begrafenisdienst', 'wees', 'kardinaal', 'Carlo', 'Confalonieri', 'erop', 'dat', 'het', 'niet', 'de', 'duur', 'van', 'een', 'pontificaat', 'was', 'die', 'de', 'betekenis', 'van', 'een', 'paus', 'bepaalde', ',', 'maar', 'eerder', 'de', 'invulling', 'die', 'de', 'persoon', 'er', 'aan', 'gaf', '.']	[0, 0, 0, 0, 0, 1, 2, 0, 0, 0, 0, 0, 0, 0, 0, 0, 0, 0, 0, 0, 0, 0, 0, 0, 0, 0, 0, 0, 0, 0, 0, 0, 0, 0, 0, 0]	nl	Tijdens de begrafenisdienst wees kardinaal Carlo Confalonieri erop dat het niet de duur van een pontificaat was die de betekenis van een paus bepaalde, maar eerder de invulling die de persoon er aan gaf.
['Hij', 'speelde', 'ook', 'vier', 'keer', 'voor', 'het', 'Frans', 'voetbalelftal', '.']	[0, 0, 0, 0, 0, 0, 0, 3, 4, 0]	nl	Hij speelde ook vier keer voor het Frans voetbalelftal.
['In', 'de', 'klassieke', 'Tibetaanse', 'geschiedschrijving', 'wordt', 'Langdarma', 'beschreven', 'als', 'een', 'aanhanger', 'van', 'de', 'bön-religie', 'en', 'een', 'wreed', 'vervolger', 'van', 'het', 'boeddhisme', '.']	[0, 0, 0, 7, 0, 0, 1, 0, 0, 0, 0, 0, 0, 0, 0, 0, 0, 0, 0, 0, 0, 0]	nl	In de klassieke Tibetaanse geschiedschrijving wordt Langdarma beschreven als een aanhanger van de bön-religie en een wreed vervolger van het boeddhisme.
"['Uit', 'religieuze', 'hoek', 'komt', 'het', 'bezwaar', 'van', 'sommige', 'christenen', 'die', 'vrezen', 'dat', 'biometrie', 'op', 'den', 'duur', 'zal', 'leiden', 'tot', 'een', 'vorm', 'van', 'dictatuur', 'zoals', 'die', 'in', 'het', 'Bijbelboek', 'Openbaring', 'van', 'Johannes', '(', '13:16', '-', '18', ')', 'is', 'beschreven', ':', 'niemand', 'kan', 'kopen', 'of', 'verkopen', 'zonder', 'het', ""'"", 'merkteken', 'van', 'het', 'beest', ""'"", 'in', 'zijn', 'voorhoofd', 'of', 'rechterhand', 'gegrift', 'te', 'hebben', '.']"	[0, 0, 0, 0, 0, 0, 0, 0, 0, 0, 0, 0, 0, 0, 0, 0, 0, 0, 0, 0, 0, 0, 0, 0, 0, 0, 0, 7, 7, 8, 8, 0, 0, 0, 0, 0, 0, 0, 0, 0, 0, 0, 0, 0, 0, 0, 0, 0, 0, 0, 0, 0, 0, 0, 0, 0, 0, 0, 0, 0, 0]	nl	Uit religieuze hoek komt het bezwaar van sommige christenen die vrezen dat biometrie op den duur zal leiden tot een vorm van dictatuur zoals die in het Bijbelboek Openbaring van Johannes (13:16 - 18) is beschreven: niemand kan kopen of verkopen zonder het 'merkteken van het beest' in zijn voorhoofd of rechterhand gegrift te hebben.
['Vooral', 'DJ', 'Promo', 'speelde', 'daar', 'een', 'belangrijke', 'rol', 'in', '.']	[0, 1, 2, 0, 0, 0, 0, 0, 0, 0]	nl	Vooral DJ Promo speelde daar een belangrijke rol in.
['FC', 'Twente', 'won', 'met', '4', '-', '3', '.']	[3, 4, 0, 0, 0, 0, 0, 0]	nl	FC Twente won met 4 - 3.
['Ook', 'de', 'polyfone', 'traditie', ',', 'vooral', 'de', 'composities', 'van', 'Johann', 'Sebastian', 'Bach', ',', 'waardeerde', 'hij', 'bijzonder', '.']	[0, 0, 0, 0, 0, 0, 0, 0, 0, 1, 2, 2, 0, 0, 0, 0, 0]	nl	Ook de polyfone traditie, vooral de composities van Johann Sebastian Bach, waardeerde hij bijzonder.
['Dit', 'spel', 'werd', 'van', 'origine', 'alleen', 'uitgegeven', 'op', 'de', 'toen', 'nieuwe', 'Xbox', '.']	[0, 0, 0, 0, 0, 0, 0, 0, 0, 0, 0, 7, 0]	nl	Dit spel werd van origine alleen uitgegeven op de toen nieuwe Xbox.
['Ze', 'werd', 'geboren', 'in', 'het', 'kasteel', 'van', 'Madame', 'de', 'Maintenon', '.']	[0, 0, 0, 0, 0, 0, 0, 1, 2, 2, 0]	nl	Ze werd geboren in het kasteel van Madame de Maintenon.
"['Bij', 'enkele', 'soorten', 'is', 'de', 'oogheuvel', 'extreem', 'verlengd', ',', 'wat', 'doet', 'denken', 'aan', 'een', ""'"", 'giraffennek', ""'"", ',', 'een', 'voorbeeld', 'zijn', 'de', 'soorten', 'uit', 'het', 'geslacht', '""', 'Afrarchaea', '""', 'die', 'voorkomen', 'in', 'Zuid-Afrika', 'en', 'Madagaskar', '.']"	[0, 0, 0, 0, 0, 0, 0, 0, 0, 0, 0, 0, 0, 0, 0, 0, 0, 0, 0, 0, 0, 0, 0, 0, 0, 0, 0, 0, 0, 0, 0, 0, 5, 0, 5, 0]	nl	"Bij enkele soorten is de oogheuvel extreem verlengd, wat doet denken aan een 'giraffennek', een voorbeeld zijn de soorten uit het geslacht ""Afrarchaea"" die voorkomen in Zuid-Afrika en Madagaskar."
['Met', 'dit', 'album', 'brak', 'Aaliyah', 'definitief', 'door', 'als', 'zangeres', 'en', 'ook', 'Timbaland', 'en', 'Missy', 'Elliott', ',', 'die', 'het', 'grootste', 'deel', 'van', 'het', 'album', 'schreven', 'en', 'produceerden', ',', 'werden', 'bekend', 'door', 'dit', 'album', '.']	[0, 0, 0, 0, 1, 0, 0, 0, 0, 0, 0, 1, 0, 1, 2, 0, 0, 0, 0, 0, 0, 0, 0, 0, 0, 0, 0, 0, 0, 0, 0, 0, 0]	nl	Met dit album brak Aaliyah definitief door als zangeres en ook Timbaland en Missy Elliott, die het grootste deel van het album schreven en produceerden, werden bekend door dit album.
['De', 'reeks', 'is', 'gebaseerd', 'op', 'de', 'gelijknamige', 'boekenserie', 'van', 'Robert', 'Ludlum', ',', 'hoewel', 'de', 'plot', 'van', 'de', 'tweede', 'en', 'derde', 'film', 'weinig', 'gelijkenissen', 'vertoont', 'met', 'de', 'boeken', '.']	[0, 0, 0, 0, 0, 0, 0, 0, 0, 1, 2, 0, 0, 0, 0, 0, 0, 0, 0, 0, 0, 0, 0, 0, 0, 0, 0, 0]	nl	De reeks is gebaseerd op de gelijknamige boekenserie van Robert Ludlum, hoewel de plot van de tweede en derde film weinig gelijkenissen vertoont met de boeken.
['Volgens', 'het', 'Guinness', 'Book', 'of', 'Records', 'van', '1978', 'is', 'de', 'hoogste', 'snelheid', 'ooit', 'gemeten', 'voor', 'de', 'stekelstaartgierzwaluw', '172', 'km', 'per', 'uur', '.']	[0, 0, 7, 8, 8, 8, 0, 0, 0, 0, 0, 0, 0, 0, 0, 0, 0, 0, 0, 0, 0, 0]	nl	Volgens het Guinness Book of Records van 1978 is de hoogste snelheid ooit gemeten voor de stekelstaartgierzwaluw 172 km per uur.
['Voor', 'de', 'discografie', 'van', 'The', 'Smiths', ',', 'zie', 'aldaar', '.']	[0, 0, 0, 0, 3, 4, 0, 0, 0, 0]	nl	Voor de discografie van The Smiths, zie aldaar.
['Ook', 'krijgt', 'Mozes', 'bezoek', 'van', 'zijn', 'schoonvader', 'Jetro', '.']	[0, 0, 1, 0, 0, 0, 0, 1, 0]	nl	Ook krijgt Mozes bezoek van zijn schoonvader Jetro.
['Ze', 'is', 'een', 'dochter', 'van', 'de', 'Zweedse', 'actrice', 'Ingrid', 'Bergman', 'en', 'Roberto', 'Rossellini', '.']	[0, 0, 0, 0, 0, 0, 7, 0, 1, 2, 0, 1, 2, 0]	nl	Ze is een dochter van de Zweedse actrice Ingrid Bergman en Roberto Rossellini.
['De', 'wetenschappelijke', 'naam', 'van', 'de', 'soort', 'werd', 'voor', 'het', 'eerst', 'geldig', 'gepubliceerd', 'in', '1857', 'door', 'Carl', 'Ludwig', 'Doleschall', '.']	[0, 0, 0, 0, 0, 0, 0, 0, 0, 0, 0, 0, 0, 0, 0, 1, 2, 2, 0]	nl	De wetenschappelijke naam van de soort werd voor het eerst geldig gepubliceerd in 1857 door Carl Ludwig Doleschall.
['Uit', 'landen', 'zoals', ',', 'Duitsland', ',', 'Engeland', ',', 'Frankrijk', 'en', 'Griekenland', 'was', 'belangstelling', 'voor', 'hem', 'zei', 'hij', 'in', 'het', 'interview', '.']	[0, 0, 0, 0, 5, 0, 5, 0, 5, 0, 5, 0, 0, 0, 0, 0, 0, 0, 0, 0, 0]	nl	Uit landen zoals, Duitsland, Engeland, Frankrijk en Griekenland was belangstelling voor hem zei hij in het interview.
['Er', 'werd', 'een', '9,45', 'meter', 'lange', 'tank', 'van', 'acryl', 'gebouwd', '(', 'door', 'hetzelfde', 'team', 'dat', 'ook', 'tanks', 'aan', 'kunstenaar', 'Damien', 'Hirst', 'levert', ')', '.']	[0, 0, 0, 0, 0, 0, 0, 0, 0, 0, 0, 0, 0, 0, 0, 0, 0, 0, 0, 1, 2, 0, 0, 0]	nl	Er werd een 9,45 meter lange tank van acryl gebouwd (door hetzelfde team dat ook tanks aan kunstenaar Damien Hirst levert).
['In', '1692', 'neemt', 'Lodewijk', 'XIV', 'van', 'Frankrijk', 'Namen', 'in', 'na', 'vijf', 'weken', 'weerstand', 'vanuit', 'het', 'kasteel', '.']	[0, 0, 0, 1, 2, 2, 2, 0, 0, 0, 0, 0, 0, 0, 0, 0, 0]	nl	In 1692 neemt Lodewijk XIV van Frankrijk Namen in na vijf weken weerstand vanuit het kasteel.
"['Hendriks', 'dood', 'luidde', 'een', 'periode', 'van', 'politieke', 'instabiliteit', 'in', ',', 'mede', 'omdat', 'nog', 'geen', 'van', 'zijn', 'zonen', 'meerderjarig', 'was', 'en', 'Catharina', 'de', ""'"", 'Medici', 'dus', 'als', 'regentes', 'moest', 'optreden', '.']"	[0, 0, 0, 0, 0, 0, 0, 0, 0, 0, 0, 0, 0, 0, 0, 0, 0, 0, 0, 0, 1, 2, 2, 2, 0, 0, 0, 0, 0, 0]	nl	Hendriks dood luidde een periode van politieke instabiliteit in, mede omdat nog geen van zijn zonen meerderjarig was en Catharina de 'Medici dus als regentes moest optreden.
"['Hij', 'kreeg', 'de', '""', 'San', 'Bernardo', 'alle', 'Terme', '""', 'als', 'titelkerk', '.']"	[0, 0, 0, 0, 5, 6, 6, 6, 0, 0, 0, 0]	nl	"Hij kreeg de ""San Bernardo alle Terme"" als titelkerk."
['In', '1979', 'benoemde', 'de', 'sjah', 'Shapour', 'Bakhtiar', 'tot', 'premier', '.']	[0, 0, 0, 0, 0, 1, 2, 0, 0, 0]	nl	In 1979 benoemde de sjah Shapour Bakhtiar tot premier.
['Hoogstens', 'heeft', 'er', 'een', 'eerste', 'doorbraak', 'plaatsgevonden', 'en', 'heeft', '-', 'zoals', 'de', 'historisch-geograaf', 'Elisabeth', 'Gottschalk', 'betoogde', '-', 'er', 'verwisseling', 'met', 'het', 'jaartal', '1287', 'plaatsgehad', '.']	[0, 0, 0, 0, 0, 0, 0, 0, 0, 0, 0, 0, 0, 1, 2, 0, 0, 0, 0, 0, 0, 0, 0, 0, 0]	nl	Hoogstens heeft er een eerste doorbraak plaatsgevonden en heeft - zoals de historisch-geograaf Elisabeth Gottschalk betoogde - er verwisseling met het jaartal 1287 plaatsgehad.
['Daarom', 'hadden', 'The', 'Temptations', 'Norman', 'Whitfield', 'om', 'een', 'ballad', 'gevraagd', '.']	[0, 0, 3, 4, 1, 2, 0, 0, 0, 0, 0]	nl	Daarom hadden The Temptations Norman Whitfield om een ballad gevraagd.
['Begin', 'jaren', 'negentig', 'van', 'de', 'twintigste', 'eeuw', 'waren', 'in', 'Nederland', 'circa', '2400', 'autosloopbedrijven', 'actief', '.']	[0, 0, 0, 0, 0, 0, 0, 0, 0, 5, 0, 0, 0, 0, 0]	nl	Begin jaren negentig van de twintigste eeuw waren in Nederland circa 2400 autosloopbedrijven actief.
['Ook', 'maakte', 'ze', 'een', 'hongertocht', 'mee', 'naar', 'het', 'gouvernement', 'Tambov', '.']	[0, 0, 0, 0, 0, 0, 0, 0, 0, 5, 0]	nl	Ook maakte ze een hongertocht mee naar het gouvernement Tambov.
['Hij', 'tekende', 'in', 'augustus', '2016', 'een', 'contract', 'tot', 'medio', '2021', 'bij', 'Celta', 'de', 'Vigo', ',', 'dat', 'hem', 'overnam', 'van', 'FC', 'Midtjylland', '.']	[0, 0, 0, 0, 0, 0, 0, 0, 0, 0, 0, 3, 4, 4, 0, 0, 0, 0, 0, 3, 4, 0]	nl	Hij tekende in augustus 2016 een contract tot medio 2021 bij Celta de Vigo, dat hem overnam van FC Midtjylland.
['Nicaragua', 'is', 'verder', 'onderverdeeld', 'in', '153', 'gemeenten', '.']	[5, 0, 0, 0, 0, 0, 0, 0]	nl	Nicaragua is verder onderverdeeld in 153 gemeenten.
['De', 'stad', 'heeft', 'ook', 'een', 'goed', 'aangeschreven', 'universiteit', ',', 'waar', 'onder', 'meer', 'Romano', 'Prodi', 'ooit', 'als', 'hoogleraar', 'in', 'dienst', 'was', '.']	[0, 0, 0, 0, 0, 0, 0, 0, 0, 0, 0, 0, 1, 2, 0, 0, 0, 0, 0, 0, 0]	nl	De stad heeft ook een goed aangeschreven universiteit, waar onder meer Romano Prodi ooit als hoogleraar in dienst was.
['Opnieuw', 'was', 'het', 'compromis', 'de', 'leidraad', 'van', 'Melbournes', 'acties', '.']	[0, 0, 0, 0, 0, 0, 0, 5, 0, 0]	nl	Opnieuw was het compromis de leidraad van Melbournes acties.
['Op', '16', 'maart', '2014', 'speelde', 'hij', 'zijn', 'honderdste', 'officiële', 'wedstrijd', 'voor', 'de', 'club', ',', 'uit', 'bij', 'NAC', 'Breda', '(', '0', '-', '0', ')', '.']	[0, 0, 0, 0, 0, 0, 0, 0, 0, 0, 0, 0, 0, 0, 0, 0, 3, 4, 0, 0, 0, 0, 0, 0]	nl	Op 16 maart 2014 speelde hij zijn honderdste officiële wedstrijd voor de club, uit bij NAC Breda (0 - 0).
['Hij', 'was', 'in', 'totaal', 'zevenmaal', 'burgemeester', 'van', 'Amsterdam', '.']	[0, 0, 0, 0, 0, 0, 0, 5, 0]	nl	Hij was in totaal zevenmaal burgemeester van Amsterdam.
['In', 'januari', '2006', 'werd', 'hij', 'overgenomen', 'door', 'Rode', 'Ster', 'Belgrado', ',', 'waar', 'hij', 'in', 'zijn', 'eerste', 'seizoen', 'direct', 'het', 'landskampioenschap', 'en', 'de', 'beker', 'binnenhaalde', '.']	[0, 0, 0, 0, 0, 0, 0, 3, 4, 4, 0, 0, 0, 0, 0, 0, 0, 0, 0, 0, 0, 0, 0, 0, 0]	nl	In januari 2006 werd hij overgenomen door Rode Ster Belgrado, waar hij in zijn eerste seizoen direct het landskampioenschap en de beker binnenhaalde.
['Dit', 'gebeurt', 'met', 'snelle', 'sportwagens', 'van', 'het', 'type', 'Pontiac', 'GTO', 'of', 'Chevrolet', 'Camaro', '.']	[0, 0, 0, 0, 0, 0, 0, 0, 7, 8, 0, 7, 8, 0]	nl	Dit gebeurt met snelle sportwagens van het type Pontiac GTO of Chevrolet Camaro.
"['In', '2003', 'kwam', 'zijn', 'scheiding', 'van', 'de', 'Engelse', 'actrice', 'Charlotte', 'Rampling', 'in', 'de', 'Franse', 'pers.', 'De', 'beide', 'voormalige', 'echtelieden', 'gebruikten', 'van', 'alles', 'om', ""'"", 'elkaar', 'zwart', 'te', 'maken', ""'"", '.']"	[0, 0, 0, 0, 0, 0, 0, 0, 0, 1, 2, 0, 0, 7, 0, 0, 0, 0, 0, 0, 0, 0, 0, 0, 0, 0, 0, 0, 0, 0]	nl	In 2003 kwam zijn scheiding van de Engelse actrice Charlotte Rampling in de Franse pers. De beide voormalige echtelieden gebruikten van alles om 'elkaar zwart te maken'.
['Hij', 'was', 'politiek', 'commissaris', 'tijdens', 'de', 'Slag', 'om', 'Stalingrad', 'en', 'tijdens', 'de', 'Slag', 'om', 'Koersk', '.']	[0, 0, 0, 0, 0, 0, 7, 8, 8, 0, 0, 0, 7, 8, 8, 0]	nl	Hij was politiek commissaris tijdens de Slag om Stalingrad en tijdens de Slag om Koersk.
['Hij', 'werd', 'in', 'dat', 'duel', 'na', '60', 'minuten', 'vervangen', 'door', 'Rade', 'Prica', '.']	[0, 0, 0, 0, 0, 0, 0, 0, 0, 0, 1, 2, 0]	nl	Hij werd in dat duel na 60 minuten vervangen door Rade Prica.
['Met', 'ingang', 'van', '10', 'juli', '2019', 'is', 'zij', 'burgemeester', 'van', 'Haarlemmermeer', '.']	[0, 0, 0, 0, 0, 0, 0, 0, 0, 0, 5, 0]	nl	Met ingang van 10 juli 2019 is zij burgemeester van Haarlemmermeer.
['Deze', 'was', 'op', 'dat', 'moment', 'al', 'koning', 'van', 'Frankrijk', '.']	[0, 0, 0, 0, 0, 0, 0, 0, 5, 0]	nl	Deze was op dat moment al koning van Frankrijk.
['Het', 'verlies', 'werd', 'ten', 'dele', 'veroorzaakt', 'door', 'Spirit', 'Squad', '.']	[0, 0, 0, 0, 0, 0, 0, 3, 4, 0]	nl	Het verlies werd ten dele veroorzaakt door Spirit Squad.
['In', '1987', 'leidde', 'dit', 'tot', 'een', 'optreden', 'met', 'de', 'Amerikaanse', 'dichter', 'Michael', 'McClure', ',', 'waarbij', 'hij', 'diens', 'gedichten', 'muzikaal', 'begeleidde', 'op', 'piano', '.']	[0, 0, 0, 0, 0, 0, 0, 0, 0, 0, 0, 1, 2, 0, 0, 0, 0, 0, 0, 0, 0, 0, 0]	nl	In 1987 leidde dit tot een optreden met de Amerikaanse dichter Michael McClure, waarbij hij diens gedichten muzikaal begeleidde op piano.
['Het', 'werd', 'opgericht', 'in', 'Milwaukee', 'maar', 'is', 'tegenwoordig', 'gevestigd', 'in', 'Wauwatosa', '.']	[0, 0, 0, 0, 5, 0, 0, 0, 0, 0, 5, 0]	nl	Het werd opgericht in Milwaukee maar is tegenwoordig gevestigd in Wauwatosa.
['Zijn', 'tweelingbroer', 'is', 'voetballer', 'Aleksej', 'Berezoetski', '.']	[0, 0, 0, 0, 1, 2, 0]	nl	Zijn tweelingbroer is voetballer Aleksej Berezoetski.
['Aan', 'het', 'einde', 'van', 'de', 'maand', 'keerde', 'hij', 'terug', 'in', 'de', 'hoofdmacht', 'in', 'een', 'wedstrijd', 'tegen', 'Hamburger', 'SV', '.']	[0, 0, 0, 0, 0, 0, 0, 0, 0, 0, 0, 0, 0, 0, 0, 0, 3, 4, 0]	nl	Aan het einde van de maand keerde hij terug in de hoofdmacht in een wedstrijd tegen Hamburger SV.
['De', 'Belgische', 'onafhankelijkheid', 'luidde', 'een', 'tijd', 'in', 'van', 'rust', 'in', 'die', 'zou', 'duren', 'tot', 'het', 'begin', 'van', 'de', 'Eerste', 'Wereldoorlog', '.']	[0, 7, 0, 0, 0, 0, 0, 0, 0, 0, 0, 0, 0, 0, 0, 0, 0, 0, 7, 8, 0]	nl	De Belgische onafhankelijkheid luidde een tijd in van rust in die zou duren tot het begin van de Eerste Wereldoorlog.
['De', 'stof', 'werd', 'tijdens', 'de', 'Eerste', 'Wereldoorlog', 'gebruikt', 'als', 'lacrimator', '.']	[0, 0, 0, 0, 0, 7, 8, 0, 0, 0, 0]	nl	De stof werd tijdens de Eerste Wereldoorlog gebruikt als lacrimator.
['Op', 'deze', 'manier', 'waren', 'de', 'supporters', 'onmiddellijk', 'de', 'onfortuinlijke', 'Asier', 'Goiria', 'Etxebarria', 'vergeten', ',', 'die', 'in', 'anderhalf', 'seizoen', 'maar', 'één', 'kon', 'scoren', '.']	[0, 0, 0, 0, 0, 0, 0, 0, 0, 1, 2, 2, 0, 0, 0, 0, 0, 0, 0, 0, 0, 0, 0]	nl	Op deze manier waren de supporters onmiddellijk de onfortuinlijke Asier Goiria Etxebarria vergeten, die in anderhalf seizoen maar één kon scoren.
['Zelfs', 'de', 'grootste', 'linkerzijrivier', ',', 'de', 'Naab', ',', 'brengt', 'met', '49', 'm', '³', '/', 's', 'maar', 'half', 'zoveel', 'water', 'aan', 'als', 'de', 'kleinste', 'rechterzijrivier', ',', 'de', 'Iller', '.']	[0, 0, 0, 0, 0, 0, 5, 0, 0, 0, 0, 0, 0, 0, 0, 0, 0, 0, 0, 0, 0, 0, 0, 0, 0, 0, 5, 0]	nl	Zelfs de grootste linkerzijrivier, de Naab, brengt met 49 m ³ / s maar half zoveel water aan als de kleinste rechterzijrivier, de Iller.
['700', 'verdedigers', ',', 'onder', 'wie', 'hun', 'bevelvoerder', 'Wigbolt', 'Ripperda', ',', 'werden', 'onthoofd', '.']	[0, 0, 0, 0, 0, 0, 0, 1, 2, 0, 0, 0, 0]	nl	700 verdedigers, onder wie hun bevelvoerder Wigbolt Ripperda, werden onthoofd.
['De', 'demarcatielijn', 'komt', 'volgens', 'moderne', 'berekeningen', 'neer', 'op', 'de', 'meridiaan', 'van', '46', 'graden', 'westerlengte', 'en', 'loopt', 'dwars', 'door', 'Brazilië', '.']	[0, 0, 0, 0, 0, 0, 0, 0, 0, 0, 0, 0, 0, 0, 0, 0, 0, 0, 5, 0]	nl	De demarcatielijn komt volgens moderne berekeningen neer op de meridiaan van 46 graden westerlengte en loopt dwars door Brazilië.
['In', '1783', 'werden', 'bij', 'Texel', 'nog', '1805', 'schepen', 'beloodst', '.']	[0, 0, 0, 0, 5, 0, 0, 0, 0, 0]	nl	In 1783 werden bij Texel nog 1805 schepen beloodst.
['Bij', 'zijn', 'studie', 'in', 'Frankrijk', 'raakte', 'hij', 'onder', 'de', 'indruk', 'van', 'het', 'spiritisme', '.']	[0, 0, 0, 0, 5, 0, 0, 0, 0, 0, 0, 0, 0, 0]	nl	Bij zijn studie in Frankrijk raakte hij onder de indruk van het spiritisme.
['Philippe', 'Sarde', 'componeerde', 'zijn', 'eerste', 'score', 'voor', 'deze', 'film', '.']	[1, 2, 0, 0, 0, 0, 0, 0, 0, 0]	nl	Philippe Sarde componeerde zijn eerste score voor deze film.
['Hij', 'debuteerde', 'in', 'het', 'eerste', 'elftal', 'van', 'Real', 'Madrid', 'CF', 'tegen', 'Málaga', 'CF', 'op', '8', 'mei', '2013', 'als', 'vervanger', 'van', 'Fábio', 'Coentrão', '.']	[0, 0, 0, 0, 0, 0, 0, 3, 4, 4, 0, 3, 4, 0, 0, 0, 0, 0, 0, 0, 1, 2, 0]	nl	Hij debuteerde in het eerste elftal van Real Madrid CF tegen Málaga CF op 8 mei 2013 als vervanger van Fábio Coentrão.
['De', 'in', 'Estland', 'als', 'koorcomponist', 'zeer', 'gewaardeerde', 'Cyrillus', 'Kreek', 'woonde', 'er', 'het', 'grootste', 'deel', 'van', 'zijn', 'leven', '.']	[0, 0, 5, 0, 0, 0, 0, 1, 2, 0, 0, 0, 0, 0, 0, 0, 0, 0]	nl	De in Estland als koorcomponist zeer gewaardeerde Cyrillus Kreek woonde er het grootste deel van zijn leven.
"['De', 'opstand', 'werd', 'neergeslagen', 'door', 'Chlotarius', 'I', ',', 'Theudowald', ""'s"", 'opvolger', '.']"	[0, 0, 0, 0, 0, 1, 2, 0, 1, 0, 0, 0]	nl	De opstand werd neergeslagen door Chlotarius I, Theudowald 's opvolger.
['In', 'de', 'kwartfinale', 'speelde', 'hij', 'tegen', 'Arnaud', 'Clément', 'van', 'wie', 'hij', 'won', 'met', '7', '-', '6', 'en', '6', '-', '2', '.']	[0, 0, 0, 0, 0, 0, 1, 2, 0, 0, 0, 0, 0, 0, 0, 0, 0, 0, 0, 0, 0]	nl	In de kwartfinale speelde hij tegen Arnaud Clément van wie hij won met 7 - 6 en 6 - 2.
['In', '2011', 'vertrok', 'hij', 'naar', 'Mumbai', 'FC', '.']	[0, 0, 0, 0, 0, 3, 4, 0]	nl	In 2011 vertrok hij naar Mumbai FC.
['André', 'van', 'Duin', 'maakte', 'ook', 'verscheidene', 'parodieën', 'op', 'hem', '.']	[1, 2, 2, 0, 0, 0, 0, 0, 0, 0]	nl	André van Duin maakte ook verscheidene parodieën op hem.
['De', 'soort', 'komt', 'voor', 'in', 'het', 'noordwesten', 'van', 'de', 'Verenigde', 'Staten', 'en', 'het', 'aangrenzende', 'deel', 'van', 'Canada', '.']	[0, 0, 0, 0, 0, 0, 0, 0, 0, 5, 6, 0, 0, 0, 0, 0, 5, 0]	nl	De soort komt voor in het noordwesten van de Verenigde Staten en het aangrenzende deel van Canada.
['Eind', 'juli', '2006', 'tekende', 'hij', 'een', 'driejarig', 'contract', 'bij', 'Preston', 'North', 'End', 'FC', '.']	[0, 0, 0, 0, 0, 0, 0, 0, 0, 3, 4, 4, 4, 0]	nl	Eind juli 2006 tekende hij een driejarig contract bij Preston North End FC.
"['Hij', 'speelde', 'ook', 'in', '""', 'Skidoo', '""', 'en', '""', 'The', 'Million', 'Eyes', 'of', 'Sumuru', '""', '.']"	[0, 0, 0, 0, 0, 7, 0, 0, 0, 7, 8, 8, 8, 8, 0, 0]	nl	"Hij speelde ook in ""Skidoo"" en ""The Million Eyes of Sumuru""."
['In', 'december', '1995', 'ging', 'ze', 'op', 'een', 'korte', 'tournee', 'met', 'Bob', 'Dylan', '.']	[0, 0, 0, 0, 0, 0, 0, 0, 0, 0, 1, 2, 0]	nl	In december 1995 ging ze op een korte tournee met Bob Dylan.
['In', '2014', 'telde', 'het', 'circa', '250.000', 'medewerkers', ',', 'waarvan', 'drie', 'vijfde', 'buiten', 'Japan', 'werkzaam', 'is', '.']	[0, 0, 0, 0, 0, 0, 0, 0, 0, 0, 0, 0, 5, 0, 0, 0]	nl	In 2014 telde het circa 250.000 medewerkers, waarvan drie vijfde buiten Japan werkzaam is.
['Na', 'nog', 'een', 'keer', 'gearresteerd', 'te', 'zijn', 'om', 'dezelfde', 'reden', 'als', 'bij', 'zijn', 'eerste', 'gevangenschap', 'werd', 'hij', 'achtereenvolgens', 'ondersecretaris', 'van', 'de', 'premier', 'van', 'de', 'Maldiven', 'en', 'ambassadeur', 'van', 'de', 'Maldiven', 'in', 'Sri', 'Lanka', '.']	[0, 0, 0, 0, 0, 0, 0, 0, 0, 0, 0, 0, 0, 0, 0, 0, 0, 0, 0, 0, 0, 0, 0, 0, 5, 0, 0, 0, 0, 5, 0, 5, 6, 0]	nl	Na nog een keer gearresteerd te zijn om dezelfde reden als bij zijn eerste gevangenschap werd hij achtereenvolgens ondersecretaris van de premier van de Maldiven en ambassadeur van de Maldiven in Sri Lanka.
['Aangevuld', 'met', 'studiomusici', 'waaronder', 'Roy', 'Bittan', '(', 'lid', 'van', 'de', 'band', 'van', 'Bruce', 'Springsteen', '.']	[0, 0, 0, 0, 1, 2, 0, 0, 0, 0, 0, 0, 1, 2, 0]	nl	Aangevuld met studiomusici waaronder Roy Bittan (lid van de band van Bruce Springsteen.
['Hij', 'stond', 'onder', 'coach', 'Mauricio', 'Pellegrino', 'gedurende', 'een', 'halfjaar', 'vrijwel', 'elke', 'wedstrijd', 'in', 'de', 'basis', '.']	[0, 0, 0, 0, 1, 2, 0, 0, 0, 0, 0, 0, 0, 0, 0, 0]	nl	Hij stond onder coach Mauricio Pellegrino gedurende een halfjaar vrijwel elke wedstrijd in de basis.
['Ook', 'de', 'Tate', 'Gallery', 'heeft', 'veel', 'van', 'haar', 'werk', 'in', 'haar', 'collectie', 'opgenomen', '.']	[0, 0, 5, 6, 0, 0, 0, 0, 0, 0, 0, 0, 0, 0]	nl	Ook de Tate Gallery heeft veel van haar werk in haar collectie opgenomen.
['Het', 'enige', 'feit', 'dat', 'men', 'met', 'zekerheid', 'weet', 'is', 'dat', 'sinds', '630', 'de', 'zeestraat', 'Bab', 'el', 'Mandeb', ',', 'de', 'verbinding', 'tussen', 'de', 'Rode', 'Zee', 'en', 'de', 'Indische', 'Oceaan', 'onder', 'muzelmanse', 'heerschappij', 'was', 'gekomen', 'en', 'dat', 'daarmee', 'de', 'directe', 'verbindingsweg', 'over', 'zee', 'met', 'Azië', 'was', 'afgesloten', '.']	[0, 0, 0, 0, 0, 0, 0, 0, 0, 0, 0, 0, 0, 0, 5, 6, 6, 0, 0, 0, 0, 0, 5, 6, 0, 0, 5, 6, 0, 0, 0, 0, 0, 0, 0, 0, 0, 0, 0, 0, 0, 0, 5, 0, 0, 0]	nl	Het enige feit dat men met zekerheid weet is dat sinds 630 de zeestraat Bab el Mandeb, de verbinding tussen de Rode Zee en de Indische Oceaan onder muzelmanse heerschappij was gekomen en dat daarmee de directe verbindingsweg over zee met Azië was afgesloten.
['Het', 'vormt', 'eenheid', 'met', 'Aegum', 'en', 'wordt', 'ook', 'wel', 'aangeschreven', 'als', 'tweelingdorp', '.']	[0, 0, 0, 0, 5, 0, 0, 0, 0, 0, 0, 0, 0]	nl	Het vormt eenheid met Aegum en wordt ook wel aangeschreven als tweelingdorp.
['De', 'finale', 'om', 'de', 'KNVB', 'beker', 'werd', 'drie', 'keer', 'bereikt', '.']	[0, 0, 0, 0, 7, 8, 0, 0, 0, 0, 0]	nl	De finale om de KNVB beker werd drie keer bereikt.
['4', 'in', 'Nederland', 'en', 'nr', '.']	[0, 0, 5, 0, 0, 0]	nl	4 in Nederland en nr.
['In', 'Bahrein', 'uitte', 'de', 'sjiitische', 'meerderheid', 'zich', 'tegen', 'de', 'soennitische', 'koninklijke', 'familie', 'die', 'het', 'land', 'regeert', '.']	[0, 5, 0, 0, 0, 0, 0, 0, 0, 0, 0, 0, 0, 0, 0, 0, 0]	nl	In Bahrein uitte de sjiitische meerderheid zich tegen de soennitische koninklijke familie die het land regeert.
['Delphine', 'Boël', ',', 'een', 'dochter', 'van', 'de', 'barones', ',', 'is', 'in', '1968', 'uit', 'deze', 'relatie', 'voortgekomen', '.']	[1, 2, 0, 0, 0, 0, 0, 0, 0, 0, 0, 0, 0, 0, 0, 0, 0]	nl	Delphine Boël, een dochter van de barones, is in 1968 uit deze relatie voortgekomen.
['De', 'soort', 'komt', 'alleen', 'voor', 'op', 'en', 'rond', 'Palawan', 'en', 'leeft', 'daar', 'in', 'tropische', 'laaglandbossen', '.']	[0, 0, 0, 0, 0, 0, 0, 0, 5, 0, 0, 0, 0, 0, 0, 0]	nl	De soort komt alleen voor op en rond Palawan en leeft daar in tropische laaglandbossen.
['Hij', 'schreef', 'in', 'het', 'Occitaans', ',', 'de', 'oudste', 'levende', 'literaire', 'taal', 'van', 'West-Europa', '.']	[0, 0, 0, 0, 7, 0, 0, 0, 0, 0, 0, 0, 5, 0]	nl	Hij schreef in het Occitaans, de oudste levende literaire taal van West-Europa.
"['Dit', 'was', 'het', 'eerste', 'Eurovisiesongfestival', 'waarbij', 'het', 'publiek', 'via', '""', 'televoting', '""', 'hun', 'stem', 'kon', 'uitbrengen', '.']"	[0, 0, 0, 0, 7, 0, 0, 0, 0, 0, 0, 0, 0, 0, 0, 0, 0]	nl	"Dit was het eerste Eurovisiesongfestival waarbij het publiek via ""televoting"" hun stem kon uitbrengen."
['Het', 'iDrive', 'systeem', 'werd', 'voor', 'het', 'eerst', 'geïntroduceerd', 'op', 'de', 'BMW', 'E65', '7-serie', '.']	[0, 0, 0, 0, 0, 0, 0, 0, 0, 0, 7, 8, 0, 0]	nl	Het iDrive systeem werd voor het eerst geïntroduceerd op de BMW E65 7-serie.
['Op', '2', 'januari', '2011', 'trouwde', 'ze', 'met', 'de', 'Britse', 'auteur', 'Neil', 'Gaiman', '.']	[0, 0, 0, 0, 0, 0, 0, 0, 0, 0, 1, 2, 0]	nl	Op 2 januari 2011 trouwde ze met de Britse auteur Neil Gaiman.
['Ook', 'in', 'Oostenrijk', 'zijn', 'veel', 'voorzieningen', 'voor', 'zowel', 'wintersport', 'als', 'voor', 'zomers', 'toerisme', '.']	[0, 0, 5, 0, 0, 0, 0, 0, 0, 0, 0, 0, 0, 0]	nl	Ook in Oostenrijk zijn veel voorzieningen voor zowel wintersport als voor zomers toerisme.
['Zijn', 'eerste', 'doelpunt', 'maakte', 'hij', 'een', 'week', 'later', 'op', '20', 'januari', 'in', 'de', 'uitwedstrijd', 'tegen', 'VVV-Venlo', '(', '1', '–', '1', ')', '.']	[0, 0, 0, 0, 0, 0, 0, 0, 0, 0, 0, 0, 0, 0, 0, 3, 0, 0, 0, 0, 0, 0]	nl	Zijn eerste doelpunt maakte hij een week later op 20 januari in de uitwedstrijd tegen VVV-Venlo (1 – 1).
['Sinds', 'hun', 'breuk', 'in', '2005', 'was', 'dit', 'de', 'eerste', 'keer', 'dat', 'Annie', 'Lennox', 'en', 'Dave', 'Stewart', 'weer', 'samen', 'op', 'het', 'podium', 'stonden', '.']	[0, 0, 0, 0, 0, 0, 0, 0, 0, 0, 0, 1, 2, 0, 1, 2, 0, 0, 0, 0, 0, 0, 0]	nl	Sinds hun breuk in 2005 was dit de eerste keer dat Annie Lennox en Dave Stewart weer samen op het podium stonden.
['De', 'single', 'wordt', 'een', 'grote', 'hit', 'in', 'Frankrijk', 'waar', 'meer', 'dan', '300.000', 'exemplaren', 'worden', 'verkocht', '.']	[0, 0, 0, 0, 0, 0, 0, 5, 0, 0, 0, 0, 0, 0, 0, 0]	nl	De single wordt een grote hit in Frankrijk waar meer dan 300.000 exemplaren worden verkocht.
['Hoofdrollen', 'worden', 'vertolkt', 'door', 'Miley', 'Cyrus', ',', 'Emily', 'Osment', ',', 'Mitchel', 'Musso', ',', 'Jason', 'Earles', ',', 'Moisés', 'Arias', ',', 'Lucas', 'Till', ',', 'Vanessa', 'L.', 'Williams', ',', 'Margo', 'Martindale', 'en', 'Billy', 'Ray', 'Cyrus', '.']	[0, 0, 0, 0, 1, 2, 0, 1, 2, 0, 1, 2, 0, 1, 2, 0, 1, 2, 0, 1, 2, 0, 1, 2, 2, 0, 1, 2, 0, 1, 2, 2, 0]	nl	Hoofdrollen worden vertolkt door Miley Cyrus, Emily Osment, Mitchel Musso, Jason Earles, Moisés Arias, Lucas Till, Vanessa L. Williams, Margo Martindale en Billy Ray Cyrus.
['Verder', 'liggen', 'er', 'gedeeltes', 'in', 'Uruguay', ',', 'Paraguay', 'en', 'Argentinië', '.']	[0, 0, 0, 0, 0, 5, 0, 5, 0, 5, 0]	nl	Verder liggen er gedeeltes in Uruguay, Paraguay en Argentinië.
['Vervolgens', 'ging', 'ze', 'naar', 'Parijs', ',', 'waar', 'ze', 'optrad', 'voor', 'televisie', 'en', 'toneel', '.']	[0, 0, 0, 0, 5, 0, 0, 0, 0, 0, 0, 0, 0, 0]	nl	Vervolgens ging ze naar Parijs, waar ze optrad voor televisie en toneel.
['De', 'stad', 'vormt', 'het', 'startpunt', 'van', 'het', 'Donau-Zwarte', 'Zeekanaal', '.']	[0, 0, 0, 0, 0, 0, 0, 5, 6, 0]	nl	De stad vormt het startpunt van het Donau-Zwarte Zeekanaal.
['Hij', 'speelde', 'in', 'het', 'seizoen', '2016', '/', '17', 'in', 'totaal', '5290', 'minuten', '(', 'in', '61', 'wedstrijden', ')', 'en', 'eindigde', 'daarmee', 'als', 'tweede', 'achter', 'Antoine', 'Griezmann', '.']	[0, 0, 0, 0, 0, 0, 0, 0, 0, 0, 0, 0, 0, 0, 0, 0, 0, 0, 0, 0, 0, 0, 0, 1, 2, 0]	nl	Hij speelde in het seizoen 2016 / 17 in totaal 5290 minuten (in 61 wedstrijden) en eindigde daarmee als tweede achter Antoine Griezmann.
['De', 'tunnel', 'bij', 'Bech', 'is', 'geschikt', 'gemaakt', 'voor', 'fietsverkeer', '.']	[0, 0, 0, 5, 0, 0, 0, 0, 0, 0]	nl	De tunnel bij Bech is geschikt gemaakt voor fietsverkeer.
"['Zijn', 'film', '""', 'All', 'the', 'President', ""'s"", 'Men', '""', '(', '1976', ')', 'sleepte', 'eveneens', 'vier', 'Oscars', 'in', 'de', 'wacht', '.']"	[0, 0, 0, 7, 8, 8, 8, 8, 0, 0, 0, 0, 0, 0, 0, 7, 0, 0, 0, 0]	nl	"Zijn film ""All the President 's Men"" (1976) sleepte eveneens vier Oscars in de wacht."
['Dit', 'is', 'te', 'verklaren', 'door', 'het', 'feit', 'dat', 'Josef', 'Groll', 'na', 'het', 'aflopen', 'van', 'zijn', 'contract', 'in', 'Pilsen', 'pils', 'ging', 'brouwen', 'in', 'het', 'Beierse', 'Vilshofen', 'an', 'der', 'Donau', '.']	[0, 0, 0, 0, 0, 0, 0, 0, 1, 2, 0, 0, 0, 0, 0, 0, 0, 5, 0, 0, 0, 0, 0, 7, 5, 6, 6, 6, 0]	nl	Dit is te verklaren door het feit dat Josef Groll na het aflopen van zijn contract in Pilsen pils ging brouwen in het Beierse Vilshofen an der Donau.
['De', 'titel', 'van', 'de', 'film', '(', 'Roofdieren', ')', 'heeft', 'volgens', 'producer', 'Robert', 'Rodriguez', 'een', 'dubbele', 'betekenis', ',', 'daar', 'het', 'zowel', 'kan', 'slaan', 'op', 'de', 'monsters', 'uit', 'de', 'film', 'als', 'de', 'mensen', 'die', 'tegen', 'hen', 'vechten', '.']	[0, 0, 0, 0, 0, 0, 0, 0, 0, 0, 0, 1, 2, 0, 0, 0, 0, 0, 0, 0, 0, 0, 0, 0, 0, 0, 0, 0, 0, 0, 0, 0, 0, 0, 0, 0]	nl	De titel van de film (Roofdieren) heeft volgens producer Robert Rodriguez een dubbele betekenis, daar het zowel kan slaan op de monsters uit de film als de mensen die tegen hen vechten.
['Hij', 'was', 'de', 'oudere', 'broer', 'van', 'Alexander', 'von', 'Humboldt', '.']	[0, 0, 0, 0, 0, 0, 1, 2, 2, 0]	nl	Hij was de oudere broer van Alexander von Humboldt.
['Hij', 'verloor', 'daarin', 'met', '5', '-', '7', 'en', '3', '-', '6', 'van', 'zijn', 'rivaal', 'Rafael', 'Nadal', '.']	[0, 0, 0, 0, 0, 0, 0, 0, 0, 0, 0, 0, 0, 0, 1, 2, 0]	nl	Hij verloor daarin met 5 - 7 en 3 - 6 van zijn rivaal Rafael Nadal.
['In', '1894', 'verscheen', 'de', 'Engelse', 'vertaling', ',', 'met', 'een', 'omslagontwerp', 'en', 'tien', 'illustraties', 'van', 'Aubrey', 'Beardsley', '.']	[0, 0, 0, 0, 0, 0, 0, 0, 0, 0, 0, 0, 0, 0, 1, 2, 0]	nl	In 1894 verscheen de Engelse vertaling, met een omslagontwerp en tien illustraties van Aubrey Beardsley.
['Mede', 'daardoor', 'duurde', 'het', 'langere', 'tijd', 'voordat', 'Duitsland', 'weer', 'een', 'rol', 'in', 'de', 'internationale', 'politiek', 'speelde', '.']	[0, 0, 0, 0, 0, 0, 0, 5, 0, 0, 0, 0, 0, 0, 0, 0, 0]	nl	Mede daardoor duurde het langere tijd voordat Duitsland weer een rol in de internationale politiek speelde.
['In', '2017', 'tekende', 'hij', 'een', 'contract', 'bij', 'FC', 'Midtjylland', ',', 'ingaand', 'op', '1', 'januari', '2018', '.']	[0, 0, 0, 0, 0, 0, 0, 3, 4, 0, 0, 0, 0, 0, 0, 0]	nl	In 2017 tekende hij een contract bij FC Midtjylland, ingaand op 1 januari 2018.
['Zangeres', 'Leona', 'Lewis', 'speelde', 'haar', 'debuutrol', 'in', 'deze', 'film', '.']	[0, 1, 2, 0, 0, 0, 0, 0, 0, 0]	nl	Zangeres Leona Lewis speelde haar debuutrol in deze film.
['Echter', 'de', 'prijs', 'van', 'de', 'pc', 'lag', 'lager', 'dan', 'die', 'van', 'IBM', '.']	[0, 0, 0, 0, 0, 0, 0, 0, 0, 0, 0, 3, 0]	nl	Echter de prijs van de pc lag lager dan die van IBM.
"['Later', 'werd', 'zijn', 'schreeuw', 'aan', 'het', 'eind', 'van', '""', 'Wo', ""n't"", 'Get', 'Fooled', 'Again', '""', 'een', 'belangrijk', 'moment', 'voor', 'de', 'band', '.']"	[0, 0, 0, 0, 0, 0, 0, 0, 0, 7, 8, 8, 8, 8, 0, 0, 0, 0, 0, 0, 0, 0]	nl	"Later werd zijn schreeuw aan het eind van ""Wo n't Get Fooled Again"" een belangrijk moment voor de band."
['Tomislav', 'Nikolić', ',', 'die', 'sinds', '2012', 'aan', 'de', 'macht', 'was', ',', 'stelde', 'zich', 'niet', 'herkiesbaar', 'voor', 'een', 'tweede', 'termijn', '.']	[1, 2, 0, 0, 0, 0, 0, 0, 0, 0, 0, 0, 0, 0, 0, 0, 0, 0, 0, 0]	nl	Tomislav Nikolić, die sinds 2012 aan de macht was, stelde zich niet herkiesbaar voor een tweede termijn.
['Hierdoor', 'werd', 'hij', 'de', 'eerste', 'speler', 'uit', 'India', 'die', 'twee', 'doelpunten', 'in', 'één', 'wedstrijd', 'maakte', 'in', 'de', 'Indian', 'Super', 'League', '.']	[0, 0, 0, 0, 0, 0, 0, 5, 0, 0, 0, 0, 0, 0, 0, 0, 0, 3, 4, 4, 0]	nl	Hierdoor werd hij de eerste speler uit India die twee doelpunten in één wedstrijd maakte in de Indian Super League.
['De', 'Europese', 'Bank', 'voor', 'Wederopbouw', 'en', 'Ontwikkeling', 'financierde', 'circa', '10', '%', 'van', 'de', 'tunnelkost', ',', 'de', 'Europese', 'Investeringsbank', 'financierde', 'een', 'lening', 'voor', 'nog', 'eens', 'circa', '25', '%', 'van', 'de', 'kost', '.']	[0, 3, 4, 4, 4, 4, 4, 0, 0, 0, 0, 0, 0, 0, 0, 0, 3, 4, 0, 0, 0, 0, 0, 0, 0, 0, 0, 0, 0, 0, 0]	nl	De Europese Bank voor Wederopbouw en Ontwikkeling financierde circa 10% van de tunnelkost, de Europese Investeringsbank financierde een lening voor nog eens circa 25% van de kost.
['Kikkers', 'komen', 'vrijwel', 'wereldwijd', 'voor', ',', 'zowel', 'in', 'tropische', ',', 'subtropische', 'als', 'gematigde', 'gebieden', ',', 'maar', 'zelfs', 'in', 'zeer', 'koude', 'gebieden', 'zoals', 'dicht', 'bij', 'de', 'Noordpool', 'komen', 'enkele', 'soorten', 'voor', '.']	[0, 0, 0, 0, 0, 0, 0, 0, 0, 0, 0, 0, 0, 0, 0, 0, 0, 0, 0, 0, 0, 0, 0, 0, 0, 5, 0, 0, 0, 0, 0]	nl	Kikkers komen vrijwel wereldwijd voor, zowel in tropische, subtropische als gematigde gebieden, maar zelfs in zeer koude gebieden zoals dicht bij de Noordpool komen enkele soorten voor.
['Na', 'het', 'vertrek', 'van', 'Ruud', 'Gullit', 'in', '1987', ',', 'werd', 'hij', 'ook', 'de', 'vaste', 'aanvoerder', 'van', 'de', 'rood-witten', '.']	[0, 0, 0, 0, 1, 2, 0, 0, 0, 0, 0, 0, 0, 0, 0, 0, 0, 0, 0]	nl	Na het vertrek van Ruud Gullit in 1987, werd hij ook de vaste aanvoerder van de rood-witten.
['Volgens', 'de', 'soennieten', 'had', 'Aboe', 'Bakr', ',', 'nadat', 'de', 'metgezellen', 'van', 'de', 'profeet', 'voor', 'hem', 'kozen', ',', 'het', 'recht', 'om', 'de', 'eerste', 'kalief', 'te', 'zijn', '.']	[0, 0, 0, 0, 1, 2, 0, 0, 0, 0, 0, 0, 0, 0, 0, 0, 0, 0, 0, 0, 0, 0, 0, 0, 0, 0]	nl	Volgens de soennieten had Aboe Bakr, nadat de metgezellen van de profeet voor hem kozen, het recht om de eerste kalief te zijn.
['In', 'maart', '2003', 'was', 'Tassos', 'Papadopoulos', 'president', 'geworden', 'van', 'het', 'zuiden', 'van', 'het', 'land', '.']	[0, 0, 0, 0, 1, 2, 0, 0, 0, 0, 0, 0, 0, 0, 0]	nl	In maart 2003 was Tassos Papadopoulos president geworden van het zuiden van het land.
['Na', 'de', 'dood', 'van', 'Caligula', 'dreigde', 'de', 'pretoriaanse', 'garde', 'te', 'worden', 'opgeheven', '.']	[0, 0, 0, 0, 1, 0, 0, 0, 0, 0, 0, 0, 0]	nl	Na de dood van Caligula dreigde de pretoriaanse garde te worden opgeheven.
['Er', 'wordt', 'vermeld', 'dat', 'er', 'nu', 'nog', 'minder', 'dan', '20', 'plaatsen', 'zijn', 'in', 'Mekka', 'die', 'nog', 'dateren', 'uit', 'de', 'tijd', 'van', 'Mohammed', '.']	[0, 0, 0, 0, 0, 0, 0, 0, 0, 0, 0, 0, 0, 5, 0, 0, 0, 0, 0, 0, 0, 1, 0]	nl	Er wordt vermeld dat er nu nog minder dan 20 plaatsen zijn in Mekka die nog dateren uit de tijd van Mohammed.
['Dat', 'was', 'voor', 'graaf', 'Willem', 'III', 'van', 'Holland', 'aanleiding', 'om', 'bedijkingsplannen', 'te', 'ontwikkelen', '.']	[0, 0, 0, 0, 1, 2, 2, 2, 0, 0, 0, 0, 0, 0]	nl	Dat was voor graaf Willem III van Holland aanleiding om bedijkingsplannen te ontwikkelen.
"['In', 'Andalusië', 'noemt', 'men', 'ze', '""', 'palillos', '""', ',', 'en', 'die', 'naam', 'gebruikt', 'men', 'in', 'de', 'flamencomuziek', '.']"	[0, 5, 0, 0, 0, 0, 0, 0, 0, 0, 0, 0, 0, 0, 0, 0, 0, 0]	nl	"In Andalusië noemt men ze ""palillos"", en die naam gebruikt men in de flamencomuziek."
['Bij', 'die', 'gelegenheid', 'sprak', 'hij', 'onder', 'meer', 'met', 'Kim', 'Jong-uns', 'vader', 'Kim', 'Jong-il', '.']	[0, 0, 0, 0, 0, 0, 0, 0, 1, 2, 0, 1, 2, 0]	nl	Bij die gelegenheid sprak hij onder meer met Kim Jong-uns vader Kim Jong-il.
['Een', 'transfer', 'naar', 'Celta', 'de', 'Vigo', 'volgde', 'in', '2000', '.']	[0, 0, 0, 3, 4, 4, 0, 0, 0, 0]	nl	Een transfer naar Celta de Vigo volgde in 2000.
['In', '1735', 'achtte', 'Pholhanas', 'zijn', 'positie', 'zo', 'sterk', 'en', 'verankerd', 'dat', 'hij', 'akkoord', 'ging', 'met', 'een', 'terugkeer', 'van', 'de', 'dalai', 'lama', 'naar', 'Lhasa', '.']	[0, 0, 0, 1, 0, 0, 0, 0, 0, 0, 0, 0, 0, 0, 0, 0, 0, 0, 0, 0, 0, 0, 5, 0]	nl	In 1735 achtte Pholhanas zijn positie zo sterk en verankerd dat hij akkoord ging met een terugkeer van de dalai lama naar Lhasa.
['De', 'kwestie', 'van', 'de', 'afschaffing', 'van', 'de', 'slavenhandel', 'kwam', 'zijdelings', 'ook', 'ter', 'sprake', 'op', 'het', 'Congres', 'van', 'Wenen', '.']	[0, 0, 0, 0, 0, 0, 0, 0, 0, 0, 0, 0, 0, 0, 0, 7, 8, 8, 0]	nl	De kwestie van de afschaffing van de slavenhandel kwam zijdelings ook ter sprake op het Congres van Wenen.
"['Naast', 'het', 'museum', 'bevindt', 'zich', 'Koninklijke', 'Burgers', ""'"", 'Zoo', '.']"	[0, 0, 0, 0, 0, 5, 6, 6, 6, 0]	nl	Naast het museum bevindt zich Koninklijke Burgers 'Zoo.
['Als', '14-jarige', 'jongen', 'verhuisde', 'hij', 'met', 'zijn', 'ouders', 'naar', 'Warschau', ',', 'waar', 'hij', 'het', 'gymnasium', 'bezocht', '.']	[0, 0, 0, 0, 0, 0, 0, 0, 0, 5, 0, 0, 0, 0, 0, 0, 0]	nl	Als 14-jarige jongen verhuisde hij met zijn ouders naar Warschau, waar hij het gymnasium bezocht.
['Odijk', 'is', 'bijna', 'geheel', 'omgeven', 'door', 'de', 'rivier', 'en', 'vormt', 'een', 'prachtige', 'wandelomgeving', '.']	[5, 0, 0, 0, 0, 0, 0, 0, 0, 0, 0, 0, 0, 0]	nl	Odijk is bijna geheel omgeven door de rivier en vormt een prachtige wandelomgeving.
['In', '1863', 'werd', 'hij', 'de', 'eerste', 'burgemeester', 'van', 'de', 'gemeente', 'Oudergem', '.']	[0, 0, 0, 0, 0, 0, 0, 0, 0, 0, 5, 0]	nl	In 1863 werd hij de eerste burgemeester van de gemeente Oudergem.
['Tijdens', 'de', 'vlucht', 'naderden', 'de', 'Vostok', '5', 'en', '6', 'elkaar', 'tot', 'op', 'minder', 'dan', 'vijf', 'kilometer', 'en', 'hadden', 'ze', 'onderling', 'radiocontact', '.']	[0, 0, 0, 0, 0, 7, 8, 0, 0, 0, 0, 0, 0, 0, 0, 0, 0, 0, 0, 0, 0, 0]	nl	Tijdens de vlucht naderden de Vostok 5 en 6 elkaar tot op minder dan vijf kilometer en hadden ze onderling radiocontact.
['Hij', 'verruilde', 'RC', 'Lens', 'in', 'juli', '2016', 'voor', 'OGC', 'Nice', '.']	[0, 0, 3, 4, 0, 0, 0, 0, 3, 4, 0]	nl	Hij verruilde RC Lens in juli 2016 voor OGC Nice.
['Het', 'leverde', 'hem', 'opnieuw', 'een', 'plaats', 'in', 'het', 'Israëlisch', 'voetbalelftal', '.']	[0, 0, 0, 0, 0, 0, 0, 0, 3, 4, 0]	nl	Het leverde hem opnieuw een plaats in het Israëlisch voetbalelftal.
['Na', 'iets', 'langer', 'dan', 'een', 'jaar', 'in', 'Rotterdam', 'te', 'hebben', 'gevoetbald', ',', 'maakte', 'hij', 'eind', 'januari', '2006', 'de', 'overstap', 'naar', 'Southampton', 'FC', '.']	[0, 0, 0, 0, 0, 0, 0, 5, 0, 0, 0, 0, 0, 0, 0, 0, 0, 0, 0, 0, 3, 4, 0]	nl	Na iets langer dan een jaar in Rotterdam te hebben gevoetbald, maakte hij eind januari 2006 de overstap naar Southampton FC.
['Vijf', 'minuten', 'voor', 'affluiten', 'werd', 'hij', 'gewisseld', 'voor', 'Lukas', 'Rupp', 'en', 'kreeg', 'hij', 'een', 'publiekswissel', 'van', 'coach', 'Lucien', 'Favre', '.']	[0, 0, 0, 0, 0, 0, 0, 0, 1, 2, 0, 0, 0, 0, 0, 0, 0, 1, 2, 0]	nl	Vijf minuten voor affluiten werd hij gewisseld voor Lukas Rupp en kreeg hij een publiekswissel van coach Lucien Favre.
['Naast', 'de', 'permanente', 'tentoonstellingen', ',', 'die', 'kunst', 'van', 'de', '18de', 'eeuw', 'tot', 'heden', 'omvat', '(', 'o.a.', 'Otto', 'Dix', ')', ',', 'organiseert', 'het', 'museum', 'jaarlijks', 'drie', 'of', 'vier', 'grote', 'tentoonstellingen', 'en', 'enkele', 'kleinere', '.']	[0, 0, 0, 0, 0, 0, 0, 0, 0, 0, 0, 0, 0, 0, 0, 0, 1, 2, 0, 0, 0, 0, 0, 0, 0, 0, 0, 0, 0, 0, 0, 0, 0]	nl	Naast de permanente tentoonstellingen, die kunst van de 18de eeuw tot heden omvat (o.a. Otto Dix), organiseert het museum jaarlijks drie of vier grote tentoonstellingen en enkele kleinere.
"['De', 'film', 'is', 'gebaseerd', 'op', 'het', 'toneelstuk', '""', 'Tot', ',', 'kto', 'poluchayet', 'poshchechini', '""', 'van', 'Leonid', 'Andrejev', '.']"	[0, 0, 0, 0, 0, 0, 0, 0, 0, 0, 0, 0, 0, 0, 0, 1, 2, 0]	nl	"De film is gebaseerd op het toneelstuk ""Tot, kto poluchayet poshchechini"" van Leonid Andrejev."
['Op', 'zondag', '12', 'mei', 'begon', 'de', 'eerste', 'van', 'een', 'serie', 'luchtaanvallen', 'op', 'Kornwerderzand', '.']	[0, 0, 0, 0, 0, 0, 0, 0, 0, 0, 0, 0, 5, 0]	nl	Op zondag 12 mei begon de eerste van een serie luchtaanvallen op Kornwerderzand.
['De', 'kleine', 'zandbanken', 'en', 'eilandjes', 'in', 'de', 'Waddenzee', 'zijn', 'belangrijk', 'als', 'nestgebied', 'voor', 'vele', 'vogelsoorten', 'en', 'als', 'rustplaats', 'voor', 'zeehonden', '(', 'gewone', 'zeehond', 'en', 'grijze', 'zeehond', ')', '.']	[0, 0, 0, 0, 0, 0, 0, 5, 0, 0, 0, 0, 0, 0, 0, 0, 0, 0, 0, 0, 0, 0, 0, 0, 0, 0, 0, 0]	nl	De kleine zandbanken en eilandjes in de Waddenzee zijn belangrijk als nestgebied voor vele vogelsoorten en als rustplaats voor zeehonden (gewone zeehond en grijze zeehond).
['In', '1935', 'introduceerde', 'Arthur', 'Tansley', 'het', 'begrip', 'ecosysteem', 'voor', 'de', 'biocenose', '(', 'de', 'organismen', ')', '.']	[0, 0, 0, 1, 2, 0, 0, 0, 0, 0, 0, 0, 0, 0, 0, 0]	nl	In 1935 introduceerde Arthur Tansley het begrip ecosysteem voor de biocenose (de organismen).
['Op', 'tweejarige', 'leeftijd', 'verhuisde', 'hij', 'met', 'zijn', 'ouders', 'naar', 'Maastricht', '.']	[0, 0, 0, 0, 0, 0, 0, 0, 0, 5, 0]	nl	Op tweejarige leeftijd verhuisde hij met zijn ouders naar Maastricht.
['De', 'eilanden', 'zijn', 'voor', 'India', 'strategisch', 'van', 'groot', 'belang', '.']	[0, 0, 0, 0, 5, 0, 0, 0, 0, 0]	nl	De eilanden zijn voor India strategisch van groot belang.
['Het', 'gebied', 'kent', 'een', 'semi-continentaal', 'klimaat', 'met', 'een', 'lichte', 'invloed', 'van', 'de', 'Atlantische', 'Oceaan', '.']	[0, 0, 0, 0, 0, 0, 0, 0, 0, 0, 0, 0, 5, 6, 0]	nl	Het gebied kent een semi-continentaal klimaat met een lichte invloed van de Atlantische Oceaan.
['Daarvoor', 'was', 'hij', 'actief', 'bij', 'Tromsø', 'IL', ',', 'KRC', 'Genk', 'en', 'RSC', 'Anderlecht', '.']	[0, 0, 0, 0, 0, 3, 4, 0, 3, 4, 0, 3, 4, 0]	nl	Daarvoor was hij actief bij Tromsø IL, KRC Genk en RSC Anderlecht.
['In', 'de', 'periode', '1998', '-', '2000', 'werkte', 'hij', 'samen', 'met', 'de', 'schilder', 'Marlene', 'Dumas', '.']	[0, 0, 0, 0, 0, 0, 0, 0, 0, 0, 0, 0, 1, 2, 0]	nl	In de periode 1998 - 2000 werkte hij samen met de schilder Marlene Dumas.
['Door', 'deze', 'baan', 'was', 'hij', 'vrijgestelde', 'van', 'deelname', 'aan', 'de', 'Amerikaanse', 'Burgeroorlog', '.']	[0, 0, 0, 0, 0, 0, 0, 0, 0, 0, 7, 8, 0]	nl	Door deze baan was hij vrijgestelde van deelname aan de Amerikaanse Burgeroorlog.
['Het', 'is', 'de', 'oudste', 'kolonie', 'van', 'Tyrus', 'die', 'door', 'archeologische', 'vondsten', 'bevestigd', 'wordt', '.']	[0, 0, 0, 0, 0, 0, 5, 0, 0, 0, 0, 0, 0, 0]	nl	Het is de oudste kolonie van Tyrus die door archeologische vondsten bevestigd wordt.
['Van', '1961', 'tot', '1965', 'werkte', 'hij', 'op', 'de', 'Amerikaanse', 'ambassade', 'in', 'Belgrado', '.']	[0, 0, 0, 0, 0, 0, 0, 0, 7, 0, 0, 5, 0]	nl	Van 1961 tot 1965 werkte hij op de Amerikaanse ambassade in Belgrado.
['Op', '23', 'oktober', '2010', 'trouwde', 'ze', 'met', 'Russell', 'Brand', '.']	[0, 0, 0, 0, 0, 0, 0, 1, 2, 0]	nl	Op 23 oktober 2010 trouwde ze met Russell Brand.
['Ze', 'komen', 'voor', 'in', 'tropische', 'en', 'gematigde', 'wateren', ';', 'enkele', 'soorten', 'zijn', 'ook', 'aangetroffen', 'bij', 'Antarctica', 'en', 'in', 'subtropisch', 'gebied', '.']	[0, 0, 0, 0, 0, 0, 0, 0, 0, 0, 0, 0, 0, 0, 0, 5, 0, 0, 0, 0, 0]	nl	Ze komen voor in tropische en gematigde wateren; enkele soorten zijn ook aangetroffen bij Antarctica en in subtropisch gebied.
['Bondscoach', 'Erik', 'Hamrén', 'gunde', 'hem', 'een', 'basisplaats', 'en', 'verving', 'hem', 'na', '56', 'minuten', 'voor', 'Sebastian', 'Eriksson', '.']	[0, 1, 2, 0, 0, 0, 0, 0, 0, 0, 0, 0, 0, 0, 1, 2, 0]	nl	Bondscoach Erik Hamrén gunde hem een basisplaats en verving hem na 56 minuten voor Sebastian Eriksson.
['Deze', 'kosten', 'werd', 'integraal', 'door', 'Jef', 'van', 'den', 'Eynde', 'gedragen', '.']	[0, 0, 0, 0, 0, 1, 2, 2, 2, 0, 0]	nl	Deze kosten werd integraal door Jef van den Eynde gedragen.
['De', 'noordelijke', 'en', 'oostelijke', 'grenzen', 'met', 'Laos', 'worden', 'gevormd', 'door', 'de', 'rivier', 'de', 'Mekong', '.']	[0, 0, 0, 0, 0, 0, 5, 0, 0, 0, 0, 0, 0, 5, 0]	nl	De noordelijke en oostelijke grenzen met Laos worden gevormd door de rivier de Mekong.
['In', '1979', 'volgde', 'de', 'serie', '120', 'van', 'de', 'Deutsche', 'Bundesbahn', '.']	[0, 0, 0, 0, 0, 0, 0, 0, 3, 4, 0]	nl	In 1979 volgde de serie 120 van de Deutsche Bundesbahn.
['Ook', 'de', 'Perzische', 'Golf', 'was', 'drooggevallen', '.']	[0, 0, 5, 6, 0, 0, 0]	nl	Ook de Perzische Golf was drooggevallen.
['De', 'grote', 'lagune', 'in', 'het', 'noordwesten', 'is', 'Garabogazköl', ',', 'een', 'depressie', 'die', 'in', 'de', 'zomer', 'droog', 'komt', 'te', 'liggen', '.']	[0, 0, 0, 0, 0, 0, 0, 5, 0, 0, 0, 0, 0, 0, 0, 0, 0, 0, 0, 0]	nl	De grote lagune in het noordwesten is Garabogazköl, een depressie die in de zomer droog komt te liggen.
['Vervolgens', 'werd', 'het', 'liedje', 'ook', 'toegevoegd', 'aan', 'de', 'setlist', 'van', 'The', 'Monster', 'Ball', 'Tour', '.']	[0, 0, 0, 0, 0, 0, 0, 0, 0, 0, 7, 8, 8, 8, 0]	nl	Vervolgens werd het liedje ook toegevoegd aan de setlist van The Monster Ball Tour.
['Op', '17', 'maart', 'werd', 'een', 'grondwetscommissie', 'benoemd', 'onder', 'voorzitterschap', 'van', 'Johan', 'Rudolph', 'Thorbecke', '.']	[0, 0, 0, 0, 0, 0, 0, 0, 0, 0, 1, 2, 2, 0]	nl	Op 17 maart werd een grondwetscommissie benoemd onder voorzitterschap van Johan Rudolph Thorbecke.
['Hij', 'maakte', 'deel', 'uit', 'van', 'het', 'Spaans', 'voetbalelftal', 'op', 'het', 'Wereldkampioenschap', 'voetbal', '1934', '.']	[0, 0, 0, 0, 0, 0, 3, 4, 0, 0, 7, 8, 8, 0]	nl	Hij maakte deel uit van het Spaans voetbalelftal op het Wereldkampioenschap voetbal 1934.
['In', 'meerdere', 'saga', 'worden', 'reizen', 'naar', 'Noorwegen', 'beschreven', 'die', ',', 'naast', 'de', 'intentie', 'om', 'handel', 'te', 'drijven', ',', 'voor', 'een', 'belangrijk', 'deel', 'werden', 'ondernomen', 'om', 'timmerhout', 'te', 'halen', '.']	[0, 0, 0, 0, 0, 0, 5, 0, 0, 0, 0, 0, 0, 0, 0, 0, 0, 0, 0, 0, 0, 0, 0, 0, 0, 0, 0, 0, 0]	nl	In meerdere saga worden reizen naar Noorwegen beschreven die, naast de intentie om handel te drijven, voor een belangrijk deel werden ondernomen om timmerhout te halen.
['Het', 'is', 'de', 'hoofdplaats', 'van', 'de', 'gelijknamige', 'oblast', 'Brest', 'en', 'had', 'in', '2018', '347.574', 'inwoners', '.']	[0, 0, 0, 0, 0, 0, 0, 5, 6, 0, 0, 0, 0, 0, 0, 0]	nl	Het is de hoofdplaats van de gelijknamige oblast Brest en had in 2018 347.574 inwoners.
['President', 'Richard', 'Nixon', 'wordt', 'populairder', 'dan', 'ooit', 'en', 'slaagt', 'erin', 'om', 'in', '1975', 'een', 'nieuw', 'amendement', 'aan', 'de', 'grondwet', 'toe', 'te', 'voegen', ',', 'zodat', 'hij', 'herkiesbaar', 'kan', 'blijven', '.']	[0, 1, 2, 0, 0, 0, 0, 0, 0, 0, 0, 0, 0, 0, 0, 0, 0, 0, 0, 0, 0, 0, 0, 0, 0, 0, 0, 0, 0]	nl	President Richard Nixon wordt populairder dan ooit en slaagt erin om in 1975 een nieuw amendement aan de grondwet toe te voegen, zodat hij herkiesbaar kan blijven.
['De', 'koopavond', 'is', 'op', 'vrijdagavond', '(', 'behalve', 'in', 'wijk', 'Kloosterveen', ',', 'daar', 'is', 'deze', 'op', 'de', 'donderdagavond', ')', 'en', 'op', 'elke', 'laatste', 'zondag', 'van', 'de', 'maand', 'zijn', 'er', 'koopzondagen', '.']	[0, 0, 0, 0, 0, 0, 0, 0, 0, 5, 0, 0, 0, 0, 0, 0, 0, 0, 0, 0, 0, 0, 0, 0, 0, 0, 0, 0, 0, 0]	nl	De koopavond is op vrijdagavond (behalve in wijk Kloosterveen, daar is deze op de donderdagavond) en op elke laatste zondag van de maand zijn er koopzondagen.
['Dit', 'gebeurde', 'op', '1', 'oktober', '2009', 'nadat', 'Dick', 'Advocaat', 'zijn', 'eerste', 'selectie', 'bekendmaakte', '.']	[0, 0, 0, 0, 0, 0, 0, 1, 2, 0, 0, 0, 0, 0]	nl	Dit gebeurde op 1 oktober 2009 nadat Dick Advocaat zijn eerste selectie bekendmaakte.
['Hij', 'speelt', 'sinds', '2012', 'als', 'vleugelverdediger', 'bij', 'Go', 'Ahead', 'Eagles', '.']	[0, 0, 0, 0, 0, 0, 0, 3, 4, 4, 0]	nl	Hij speelt sinds 2012 als vleugelverdediger bij Go Ahead Eagles.
['Gedurende', 'de', 'Eerste', 'Wereldoorlog', 'ijverde', 'zij', 'zowel', 'in', 'Nederland', 'als', 'daarbuiten', 'voor', 'vrede', '.']	[0, 0, 7, 8, 0, 0, 0, 0, 5, 0, 0, 0, 0, 0]	nl	Gedurende de Eerste Wereldoorlog ijverde zij zowel in Nederland als daarbuiten voor vrede.
['Dit', 'soort', 'gewelven', 'werd', 'toegepast', 'in', 'verband', 'met', 'het', 'gebrek', 'aan', 'materialen', 'als', 'hout', 'of', 'steen', 'in', 'Cyrenaica', '.']	[0, 0, 0, 0, 0, 0, 0, 0, 0, 0, 0, 0, 0, 0, 0, 0, 0, 5, 0]	nl	Dit soort gewelven werd toegepast in verband met het gebrek aan materialen als hout of steen in Cyrenaica.
['Hierna', 'vertrok', 'hij', 'naar', 'zijn', 'laatste', 'profclub', 'Fortuna', 'Düsseldorf', 'in', 'Duitsland', '.']	[0, 0, 0, 0, 0, 0, 0, 3, 4, 0, 5, 0]	nl	Hierna vertrok hij naar zijn laatste profclub Fortuna Düsseldorf in Duitsland.
['In', 'de', '19e', 'eeuw', 'vond', 'de', 'Mexicaans-Amerikaanse', 'Oorlog', 'plaats', '.']	[0, 0, 0, 0, 0, 0, 7, 8, 0, 0]	nl	In de 19e eeuw vond de Mexicaans-Amerikaanse Oorlog plaats.
['De', 'derde', 'deel', 'kwam', 'alleen', 'uit', 'voor', 'de', 'PlayStation', '2', ',', 'en', 'het', 'vierde', 'deel', 'is', 'alleen', 'voor', 'de', 'Wii', 'in', 'Japan', 'uitgebracht', '.']	[0, 0, 0, 0, 0, 0, 0, 0, 7, 8, 0, 0, 0, 0, 0, 0, 0, 0, 0, 7, 0, 5, 0, 0]	nl	De derde deel kwam alleen uit voor de PlayStation 2, en het vierde deel is alleen voor de Wii in Japan uitgebracht.
['Westelijk', 'van', 'de', 'stad', 'loopt', 'het', 'brede', 'Amsterdam-Rijnkanaal', ',', 'naar', 'het', 'zuiden', 'loopt', 'de', 'Vaartsche', 'Rijn', ',', 'een', 'veel', 'ouder', 'kanaal', '.']	[0, 0, 0, 0, 0, 0, 0, 5, 0, 0, 0, 0, 0, 0, 5, 6, 0, 0, 0, 0, 0, 0]	nl	Westelijk van de stad loopt het brede Amsterdam-Rijnkanaal, naar het zuiden loopt de Vaartsche Rijn, een veel ouder kanaal.
['Drijvende', 'kracht', 'achter', 'de', 'bouw', 'van', 'de', 'spoorlijn', 'was', 'de', 'secretaris', 'van', 'het', 'comité', 'van', 'de', 'communistische', 'partij', 'van', 'de', 'Tibetaanse', 'Autonome', 'Regio', ',', 'Guo', 'Jinlong', '.']	[0, 0, 0, 0, 0, 0, 0, 0, 0, 0, 0, 0, 0, 0, 0, 0, 0, 0, 0, 0, 5, 6, 6, 0, 1, 2, 0]	nl	Drijvende kracht achter de bouw van de spoorlijn was de secretaris van het comité van de communistische partij van de Tibetaanse Autonome Regio, Guo Jinlong.
['Opvallend', 'was', 'ook', 'de', 'afwezigheid', 'van', 'Rosie', 'Gaines', ',', 'die', 'met', 'een', 'vrij', 'succesvolle', 'solocarrière', 'begon', '.']	[0, 0, 0, 0, 0, 0, 1, 2, 0, 0, 0, 0, 0, 0, 0, 0, 0]	nl	Opvallend was ook de afwezigheid van Rosie Gaines, die met een vrij succesvolle solocarrière begon.
['De', 'oppervlakte', 'bedraagt', '622,3', 'km', '²', ',', 'daarmee', 'is', 'het', 'de', '74e', 'provincie', 'qua', 'omvang', 'in', 'Thailand', '.']	[0, 0, 0, 0, 0, 0, 0, 0, 0, 0, 0, 0, 0, 0, 0, 0, 5, 0]	nl	De oppervlakte bedraagt 622,3 km ², daarmee is het de 74e provincie qua omvang in Thailand.
['In', 'het', 'seizoen', '2013', '/', '14', 'dwong', 'hij', 'onder', 'Alain', 'Casanova', 'een', 'basisplaats', 'af', '.']	[0, 0, 0, 0, 0, 0, 0, 0, 0, 1, 2, 0, 0, 0, 0]	nl	In het seizoen 2013 / 14 dwong hij onder Alain Casanova een basisplaats af.
['Chr.', 'maakte', 'de', 'stad', 'deel', 'uit', 'van', 'het', 'Byzantijnse', 'Rijk', ',', 'van', 'de', '8e', 'tot', 'de', '15e', 'eeuw', 'n', '.']	[0, 0, 0, 0, 0, 0, 0, 0, 5, 6, 0, 0, 0, 0, 0, 0, 0, 0, 0, 0]	nl	Chr. maakte de stad deel uit van het Byzantijnse Rijk, van de 8e tot de 15e eeuw n.
['Vanaf', 'seizoen', '2018', '/', '19', 'zou', 'hij', 'overstappen', 'naar', 'een', 'van', 'de', 'nieuwkomers', 'in', 'de', 'reeks', ',', 'Real', 'Valladolid', '.']	[0, 0, 0, 0, 0, 0, 0, 0, 0, 0, 0, 0, 0, 0, 0, 0, 0, 3, 4, 0]	nl	Vanaf seizoen 2018 / 19 zou hij overstappen naar een van de nieuwkomers in de reeks, Real Valladolid.
['Ze', 'is', 'gevraagd', 'door', 'Farah', 'Karimi', '(', 'oud-buitenlandwoordvoerder', 'van', 'GroenLinks', ')', 'toen', 'deze', 'Afghanistan', 'bezocht', '.']	[0, 0, 0, 0, 1, 2, 0, 0, 0, 3, 0, 0, 0, 5, 0, 0]	nl	Ze is gevraagd door Farah Karimi (oud-buitenlandwoordvoerder van GroenLinks) toen deze Afghanistan bezocht.
['Sinds', '1937', 'was', 'Dmitri', 'Sjostakovitsj', 'zijn', 'leraar', '.']	[0, 0, 0, 1, 2, 0, 0, 0]	nl	Sinds 1937 was Dmitri Sjostakovitsj zijn leraar.
['Zij', 'schoven', 'hem', 'ter', 'zijde', 'en', 'zetten', 'hem', 'op', 'een', 'vliegtuig', 'naar', 'het', 'vasteland', 'van', 'Afrika', '.']	[0, 0, 0, 0, 0, 0, 0, 0, 0, 0, 0, 0, 0, 0, 0, 5, 0]	nl	Zij schoven hem ter zijde en zetten hem op een vliegtuig naar het vasteland van Afrika.
['Hij', 'ligt', 'begraven', 'op', 'het', 'Cimetière', 'du', 'Montparnasse', '.']	[0, 0, 0, 0, 0, 5, 6, 6, 0]	nl	Hij ligt begraven op het Cimetière du Montparnasse.
['Rond', 'dat', 'jaar', 'waren', 'er', 'ongeveer', '30', 'Israëlische', 'nederzettingen', 'met', '20.000', 'kolonisten', 'in', 'de', 'Golanhoogten', '.']	[0, 0, 0, 0, 0, 0, 0, 7, 0, 0, 0, 0, 0, 0, 5, 0]	nl	Rond dat jaar waren er ongeveer 30 Israëlische nederzettingen met 20.000 kolonisten in de Golanhoogten.
"['In', '2003', 'kreeg', 'ze', 'haar', 'eigen', 'show', 'bij', 'Disney', 'Channel', ':', '""', 'That', ""'s"", 'So', 'Raven', '""', '.']"	[0, 0, 0, 0, 0, 0, 0, 0, 3, 4, 0, 0, 7, 8, 8, 8, 0, 0]	nl	"In 2003 kreeg ze haar eigen show bij Disney Channel: ""That 's So Raven""."
['De', 'wetenschappelijke', 'naam', 'van', 'de', 'soort', 'is', 'voor', 'het', 'eerst', 'geldig', 'gepubliceerd', 'in', '1869', 'door', 'William', 'Henry', 'Edwards', '.']	[0, 0, 0, 0, 0, 0, 0, 0, 0, 0, 0, 0, 0, 0, 0, 1, 2, 2, 0]	nl	De wetenschappelijke naam van de soort is voor het eerst geldig gepubliceerd in 1869 door William Henry Edwards.
['De', 'soorten', 'komen', 'voor', 'in', 'tropisch', 'en', 'subtropisch', 'Azië', '.']	[0, 0, 0, 0, 0, 0, 0, 0, 5, 0]	nl	De soorten komen voor in tropisch en subtropisch Azië.
['In', 'de', 'film', 'wordt', 'haar', 'rol', 'vertolkt', 'door', 'Dakota', 'Blue', 'Richards', '.']	[0, 0, 0, 0, 0, 0, 0, 0, 1, 2, 2, 0]	nl	In de film wordt haar rol vertolkt door Dakota Blue Richards.
['Op', 'Metacritic', 'gaf', '26', '%', 'van', 'de', 'recensenten', 'de', 'film', 'een', 'goede', 'beoordeling', '.']	[0, 7, 0, 0, 0, 0, 0, 0, 0, 0, 0, 0, 0, 0]	nl	Op Metacritic gaf 26% van de recensenten de film een goede beoordeling.
['In', '1988', 'kwam', 'het', 'plaatje', 'opnieuw', 'uit', ',', 'toen', 'samen', 'met', 'Anita', 'Meyer', '.']	[0, 0, 0, 0, 0, 0, 0, 0, 0, 0, 0, 1, 2, 0]	nl	In 1988 kwam het plaatje opnieuw uit, toen samen met Anita Meyer.
['Hoofdrollen', 'werden', 'vertolkt', 'door', 'Val', 'Kilmer', ',', 'Fairuza', 'Balk', ',', 'David', 'Thewlis', 'en', 'Ron', 'Perlman', '.']	[0, 0, 0, 0, 1, 2, 0, 1, 2, 0, 1, 2, 0, 1, 2, 0]	nl	Hoofdrollen werden vertolkt door Val Kilmer, Fairuza Balk, David Thewlis en Ron Perlman.
"['In', '1988', 'en', '1992', 'werden', 'meer', 'exemplaren', 'van', '""', 'A.', 'luzonensis', '""', 'gevangen', 'op', 'Mount', 'Isarog', '.']"	[0, 0, 0, 0, 0, 0, 0, 0, 0, 0, 0, 0, 0, 0, 5, 6, 0]	nl	"In 1988 en 1992 werden meer exemplaren van ""A. luzonensis"" gevangen op Mount Isarog."
['De', 'eerste', 'grijze', 'vieroogbuidelratten', 'in', 'een', 'Europese', 'dierentuin', 'waren', 'van', '1868', 'tot', '1869', 'te', 'zien', 'in', 'London', 'Zoo', '.']	[0, 0, 0, 0, 0, 0, 0, 0, 0, 0, 0, 0, 0, 0, 0, 0, 5, 6, 0]	nl	De eerste grijze vieroogbuidelratten in een Europese dierentuin waren van 1868 tot 1869 te zien in London Zoo.
['Hij', 'kreeg', 'de', 'voorkeur', 'boven', 'Adam', 'Maher', ',', 'die', 'de', 'geblesseerde', 'Rafael', 'van', 'der', 'Vaart', 'verving', '.']	[0, 0, 0, 0, 0, 1, 2, 0, 0, 0, 0, 1, 2, 2, 2, 0, 0]	nl	Hij kreeg de voorkeur boven Adam Maher, die de geblesseerde Rafael van der Vaart verving.
['Van', 'grote', 'symbolische', 'waarde', 'was', 'het', 'Wereldkampioenschap', 'rugby', '1995', '.']	[0, 0, 0, 0, 0, 0, 7, 8, 8, 0]	nl	Van grote symbolische waarde was het Wereldkampioenschap rugby 1995.
['De', 'oefenmeester', 'van', 'FC', 'Twente', 'werd', 'geroemd', 'vanwege', 'de', 'vierde', 'plaats', 'van', 'zijn', 'ploeg', 'in', 'het', 'seizoen', '2006', '/', '07', 'en', 'om', 'haar', 'aanvallende', 'manier', 'van', 'spelen', '.']	[0, 0, 0, 3, 4, 0, 0, 0, 0, 0, 0, 0, 0, 0, 0, 0, 0, 0, 0, 0, 0, 0, 0, 0, 0, 0, 0, 0]	nl	De oefenmeester van FC Twente werd geroemd vanwege de vierde plaats van zijn ploeg in het seizoen 2006 / 07 en om haar aanvallende manier van spelen.
['In', 'december', '2010', 'behaalde', 'ze', 'in', 'Pokljuka', 'haar', 'eerste', 'toptienklassering', 'in', 'een', 'wereldbekerwedstrijd', '.']	[0, 0, 0, 0, 0, 0, 5, 0, 0, 0, 0, 0, 0, 0]	nl	In december 2010 behaalde ze in Pokljuka haar eerste toptienklassering in een wereldbekerwedstrijd.
['De', 'naam', 'van', 'deze', 'vogel', 'heeft', 'niets', 'met', 'de', 'naam', 'van', 'de', 'persoon', 'Jan', 'van', 'Gent', 'te', 'maken', '.']	[0, 0, 0, 0, 0, 0, 0, 0, 0, 0, 0, 0, 0, 1, 2, 2, 0, 0, 0]	nl	De naam van deze vogel heeft niets met de naam van de persoon Jan van Gent te maken.
['Voor', 'een', 'medische', 'behandeling', 'ging', 'ze', 'naar', 'Frankrijk', '.']	[0, 0, 0, 0, 0, 0, 0, 5, 0]	nl	Voor een medische behandeling ging ze naar Frankrijk.
['In', '2005', 'werd', 'de', 'productiecapaciteit', 'van', 'vloeibare', 'en', 'tropische', 'oliën', 'te', 'Izegem', 'uitgebreid', ',', 'en', 'ook', 'de', 'chocoladefabriek', 'te', 'Moeskroen', 'onderging', 'uitbreidingen', '.']	[0, 0, 0, 0, 0, 0, 0, 0, 0, 0, 0, 5, 0, 0, 0, 0, 0, 0, 0, 5, 0, 0, 0]	nl	In 2005 werd de productiecapaciteit van vloeibare en tropische oliën te Izegem uitgebreid, en ook de chocoladefabriek te Moeskroen onderging uitbreidingen.
['In', 'de', 'stad', 'en', 'de', 'nabije', 'omgeving', 'bevindt', 'zich', 'nog', 'een', 'groot', 'aantal', 'andere', '(', 'voormalige', ')', 'koninklijke', 'residenties', ',', 'zoals', 'Frogmore', ',', 'Hampton', 'Court', 'Palace', ',', 'Kensington', 'Palace', 'en', 'Windsor', 'Castle', '.']	[0, 0, 0, 0, 0, 0, 0, 0, 0, 0, 0, 0, 0, 0, 0, 0, 0, 0, 0, 0, 0, 5, 0, 5, 6, 6, 0, 5, 6, 0, 5, 6, 0]	nl	In de stad en de nabije omgeving bevindt zich nog een groot aantal andere (voormalige) koninklijke residenties, zoals Frogmore, Hampton Court Palace, Kensington Palace en Windsor Castle.
['Er', 'kwam', 'een', 'algemeen', 'leider', 'en', 'een', 'leider', 'in', 'de', 'Gazastrook', '.']	[0, 0, 0, 0, 0, 0, 0, 0, 0, 0, 5, 0]	nl	Er kwam een algemeen leider en een leider in de Gazastrook.
['Hierna', 'speelde', 'hij', 'voor', 'de', 'profclub', 'Stade', 'Rennais', 'uit', 'zijn', 'thuisstad', '.']	[0, 0, 0, 0, 0, 0, 3, 4, 0, 0, 0, 0]	nl	Hierna speelde hij voor de profclub Stade Rennais uit zijn thuisstad.
['Op', '30', 'januari', '2014', 'tekende', 'hij', 'een', 'vierjarig', 'contract', 'bij', 'Borussia', 'Dortmund', '.']	[0, 0, 0, 0, 0, 0, 0, 0, 0, 0, 3, 4, 0]	nl	Op 30 januari 2014 tekende hij een vierjarig contract bij Borussia Dortmund.
['Op', '1', 'september', '1994', 'werd', 'ze', ',', 'voor', 'velen', 'vrij', 'onverwacht', ',', 'commissaris', 'van', 'de', 'Koningin', 'in', 'Zuid-Holland', '.']	[0, 0, 0, 0, 0, 0, 0, 0, 0, 0, 0, 0, 0, 0, 0, 0, 0, 5, 0]	nl	Op 1 september 1994 werd ze, voor velen vrij onverwacht, commissaris van de Koningin in Zuid-Holland.
"['Quincy', 'Jones', 'noemde', 'hem', '""', 'one', 'of', 'the', 'greatest', 'soloists', 'that', 'ever', 'fucking', 'lived', '""', '.']"	[1, 2, 0, 0, 0, 0, 0, 0, 0, 0, 0, 0, 0, 0, 0, 0]	nl	"Quincy Jones noemde hem ""one of the greatest soloists that ever fucking lived""."
['Op', 'Molokai', 'is', 'de', 'plant', 'verdwenen', '.']	[0, 5, 0, 0, 0, 0, 0]	nl	Op Molokai is de plant verdwenen.
"['De', 'vogel', 'werd', 'in', '1819', 'door', 'Louis', 'Jean', 'Pierre', 'Vieillot', 'geldig', 'beschreven', 'als', '""', 'Tringa', 'subruficollis', '""', '.']"	[0, 0, 0, 0, 0, 0, 1, 2, 2, 2, 0, 0, 0, 0, 0, 0, 0, 0]	nl	"De vogel werd in 1819 door Louis Jean Pierre Vieillot geldig beschreven als ""Tringa subruficollis""."
['In', 'oktober', 'van', 'dat', 'jaar', 'tekende', 'hij', 'bij', 'Western', 'Sydney', 'Wanderers', '.']	[0, 0, 0, 0, 0, 0, 0, 0, 3, 4, 4, 0]	nl	In oktober van dat jaar tekende hij bij Western Sydney Wanderers.
['Vanouds', 'werd', 'van', 'een', 'poaskearl', 'geëist', 'dat', 'hij', 'in', 'Ootmarsum', 'geboren', 'was', ',', 'maar', 'omdat', 'de', 'meeste', 'kinderen', 'tegenwoordig', 'in', 'een', 'ziekenhuis', 'worden', 'geboren', ',', 'vaak', 'in', 'Oldenzaal', ',', 'stelt', 'men', 'tegenwoordig', 'dat', 'hij', 'bij', 'geboorte', 'in', 'Ootmarsum', 'moet', 'wonen', '.']	[0, 0, 0, 0, 0, 0, 0, 0, 0, 5, 0, 0, 0, 0, 0, 0, 0, 0, 0, 0, 0, 0, 0, 0, 0, 0, 0, 5, 0, 0, 0, 0, 0, 0, 0, 0, 0, 5, 0, 0, 0]	nl	Vanouds werd van een poaskearl geëist dat hij in Ootmarsum geboren was, maar omdat de meeste kinderen tegenwoordig in een ziekenhuis worden geboren, vaak in Oldenzaal, stelt men tegenwoordig dat hij bij geboorte in Ootmarsum moet wonen.
['Op', '18', 'april', '1974', 'beëindigde', 'de', 'aangesloten', 'landen', 'de', 'boycot', ',', 'op', 'Libië', 'na', ',', 'dat', 'op', '31', 'december', 'volgde', '.']	[0, 0, 0, 0, 0, 0, 0, 0, 0, 0, 0, 0, 5, 0, 0, 0, 0, 0, 0, 0, 0]	nl	Op 18 april 1974 beëindigde de aangesloten landen de boycot, op Libië na, dat op 31 december volgde.
['Op', 'de', 'kunstacademie', 'ontmoette', 'hij', 'Lol', 'Creme', '.']	[0, 0, 0, 0, 0, 1, 2, 0]	nl	Op de kunstacademie ontmoette hij Lol Creme.
"['50.000', 'inwoners', ',', 'waarvan', ""zo'n"", '8.500', 'in', 'de', 'hoofdstad', 'Hadiboh', '.']"	[0, 0, 0, 0, 0, 0, 0, 0, 0, 5, 0]	nl	50.000 inwoners, waarvan zo'n 8.500 in de hoofdstad Hadiboh.
['Het', 'spel', 'kwam', 'in', '1994', 'uit', 'voor', 'de', 'Atari', 'Jaguar', '.']	[0, 0, 0, 0, 0, 0, 0, 0, 7, 8, 0]	nl	Het spel kwam in 1994 uit voor de Atari Jaguar.
"['De', 'wetenschappelijke', 'naam', 'van', 'de', 'soort', 'werd', 'als', '""', 'Simia', 'cynocephalus', '""', 'in', '1766', 'gepubliceerd', 'door', 'Carl', 'Linnaeus', '.']"	[0, 0, 0, 0, 0, 0, 0, 0, 0, 0, 0, 0, 0, 0, 0, 0, 1, 2, 0]	nl	"De wetenschappelijke naam van de soort werd als ""Simia cynocephalus"" in 1766 gepubliceerd door Carl Linnaeus."
['Bovendien', 'komt', '68', '%', 'van', 'de', 'soorten', 'die', 'geregistreerd', 'zijn', 'in', 'de', 'hogere', 'regenwouden', 'van', 'Tasmanië', 'in', 'dit', 'park', 'voor', '.']	[0, 0, 0, 0, 0, 0, 0, 0, 0, 0, 0, 0, 0, 0, 0, 5, 0, 0, 0, 0, 0]	nl	Bovendien komt 68% van de soorten die geregistreerd zijn in de hogere regenwouden van Tasmanië in dit park voor.
['Hierop', 'werd', 'hij', 'voorgesteld', 'aan', 'Saul', ',', 'die', 'hem', 'zijn', 'wapenrusting', 'gaf', '.']	[0, 0, 0, 0, 0, 1, 0, 0, 0, 0, 0, 0, 0]	nl	Hierop werd hij voorgesteld aan Saul, die hem zijn wapenrusting gaf.
['De', 'Game', 'Boy', 'Color', 'en', 'Game', 'Boy', 'Advance', 'ondersteunden', 'deze', 'camera', 'ook', '.']	[0, 7, 8, 8, 0, 7, 8, 8, 0, 0, 0, 0, 0]	nl	De Game Boy Color en Game Boy Advance ondersteunden deze camera ook.
['Tijdens', 'de', 'Eerste', 'Wereldoorlog', 'ontstaat', 'gebrek', 'aan', 'van', 'alles', ',', 'waaronder', 'aan', 'wol', '.']	[0, 0, 7, 8, 0, 0, 0, 0, 0, 0, 0, 0, 0, 0]	nl	Tijdens de Eerste Wereldoorlog ontstaat gebrek aan van alles, waaronder aan wol.
['De', 'ombudsman', 'heeft', 'de', 'mogelijkheid', 'om', 'een', 'verslag', 'naar', 'het', 'Europees', 'Parlement', 'en', 'de', 'betreffende', 'instelling', 'te', 'sturen', '.']	[0, 0, 0, 0, 0, 0, 0, 0, 0, 0, 3, 4, 0, 0, 0, 0, 0, 0, 0]	nl	De ombudsman heeft de mogelijkheid om een verslag naar het Europees Parlement en de betreffende instelling te sturen.
['Rond', 'de', 'Franse', 'Revolutie', 'ontstond', 'ook', 'het', 'idee', 'een', 'cirkel', 'in', '400', 'decimale', 'graden', 'te', 'verdelen', 'in', 'plaats', 'van', 'de', 'gebruikelijke', '360', '.']	[0, 0, 7, 8, 0, 0, 0, 0, 0, 0, 0, 0, 0, 0, 0, 0, 0, 0, 0, 0, 0, 0, 0]	nl	Rond de Franse Revolutie ontstond ook het idee een cirkel in 400 decimale graden te verdelen in plaats van de gebruikelijke 360.
['Ook', 'heeft', 'hij', 'voor', 'SSC', 'Venezia', 'en', 'SS', 'Lazio', 'gespeeld', '.']	[0, 0, 0, 0, 3, 4, 0, 3, 4, 0, 0]	nl	Ook heeft hij voor SSC Venezia en SS Lazio gespeeld.
['In', 'Vlaanderen', 'was', 'sinds', '2013', 'een', 'decreet', 'van', 'kracht', 'dat', 'rookmelders', 'in', 'huurwoningen', ',', 'huurappartementen', 'en', 'nieuwbouwwoningen', 'verplicht', 'stelde', '.']	[0, 5, 0, 0, 0, 0, 0, 0, 0, 0, 0, 0, 0, 0, 0, 0, 0, 0, 0, 0]	nl	In Vlaanderen was sinds 2013 een decreet van kracht dat rookmelders in huurwoningen, huurappartementen en nieuwbouwwoningen verplicht stelde.
['Op', '26', 'november', '2009', 'organiseerde', 'SURF', 'samen', 'met', 'hogescholen', 'een', 'seminar', 'over', 'open', 'toegang', 'tot', 'onderzoeksresultaten', '.']	[0, 0, 0, 0, 0, 3, 0, 0, 0, 0, 0, 0, 0, 0, 0, 0, 0]	nl	Op 26 november 2009 organiseerde SURF samen met hogescholen een seminar over open toegang tot onderzoeksresultaten.
['Het', 'was', 'de', 'eerste', 'single', 'van', 'de', 'band', 'met', 'Bruce', 'Dickinson', 'als', 'zanger', '.']	[0, 0, 0, 0, 0, 0, 0, 0, 0, 1, 2, 0, 0, 0]	nl	Het was de eerste single van de band met Bruce Dickinson als zanger.
['De', 'soorten', 'van', 'dit', 'geslacht', 'komen', 'voor', 'in', 'Australazië', '.']	[0, 0, 0, 0, 0, 0, 0, 0, 5, 0]	nl	De soorten van dit geslacht komen voor in Australazië.
['Sinds', '2007', 'komt', 'hij', 'uit', 'voor', 'Lokomotiv', 'Moskou', '.']	[0, 0, 0, 0, 0, 0, 3, 4, 0]	nl	Sinds 2007 komt hij uit voor Lokomotiv Moskou.
['Sinds', 'januari', '2011', 'komt', 'hij', 'uit', 'voor', 'Lokomotiv', 'Plovdiv', '.']	[0, 0, 0, 0, 0, 0, 0, 3, 4, 0]	nl	Sinds januari 2011 komt hij uit voor Lokomotiv Plovdiv.
['Soortgelijke', 'treinen', 'worden', 'door', 'een', 'private', 'exploitant', 'ingezet', 'tussen', 'Oslo', 'en', 'de', 'luchthaven', '.']	[0, 0, 0, 0, 0, 0, 0, 0, 0, 5, 0, 0, 0, 0]	nl	Soortgelijke treinen worden door een private exploitant ingezet tussen Oslo en de luchthaven.
['Hij', 'was', 'een', 'gerespecteerd', 'acteur', 'en', 'had', 'vele', 'fans', 'onder', 'wie', 'Charlie', 'Chaplin', '.']	[0, 0, 0, 0, 0, 0, 0, 0, 0, 0, 0, 1, 2, 0]	nl	Hij was een gerespecteerd acteur en had vele fans onder wie Charlie Chaplin.
['De', 'singleplayer', 'speelt', 'zich', 'af', 'in', 'Afghanistan', ',', 'in', '2002', '.']	[0, 0, 0, 0, 0, 0, 5, 0, 0, 0, 0]	nl	De singleplayer speelt zich af in Afghanistan, in 2002.
['Ook', 'verloor', 'hij', ',', 'op', 'meer', 'discutabele', 'wijze', ',', 'van', 'Frank', 'Shamrock', 'door', 'middel', 'van', 'een', 'gedeelde', 'jurybeslissing', '.']	[0, 0, 0, 0, 0, 0, 0, 0, 0, 0, 1, 2, 0, 0, 0, 0, 0, 0, 0]	nl	Ook verloor hij, op meer discutabele wijze, van Frank Shamrock door middel van een gedeelde jurybeslissing.
['Roger', 'Ebert', 'gaf', 'in', 'zijn', 'beoordeling', 'aan', 'gemengde', 'gevoelens', 'te', 'hebben', 'over', 'de', 'film', '.']	[1, 2, 0, 0, 0, 0, 0, 0, 0, 0, 0, 0, 0, 0, 0]	nl	Roger Ebert gaf in zijn beoordeling aan gemengde gevoelens te hebben over de film.
['De', '17-jarige', 'Brigitte', 'Bardot', 'speelt', 'hierin', 'de', 'vrouwelijke', 'hoofdrol', '.']	[0, 0, 1, 2, 0, 0, 0, 0, 0, 0]	nl	De 17-jarige Brigitte Bardot speelt hierin de vrouwelijke hoofdrol.
['Tijdens', 'de', 'Koude', 'Oorlog', 'waren', 'hier', 'vele', 'bewakingstorens', '.']	[0, 0, 7, 8, 0, 0, 0, 0, 0]	nl	Tijdens de Koude Oorlog waren hier vele bewakingstorens.
['In', '2013', 'ging', 'Nicolette', 'van', 'Dam', 'echter', 'met', 'de', 'eer', 'strijken', '.']	[0, 0, 0, 1, 2, 2, 0, 0, 0, 0, 0, 0]	nl	In 2013 ging Nicolette van Dam echter met de eer strijken.
['Het', 'is', 'de', 'hoofdstad', 'van', 'de', 'provincie', 'Shaanxi', '.']	[0, 0, 0, 0, 0, 0, 0, 5, 0]	nl	Het is de hoofdstad van de provincie Shaanxi.
['De', 'grootte', 'van', 'de', 'populatie', 'werd', 'in', '2018', 'door', 'BirdLife', 'International', 'geschat', 'op', '50', 'tot', '250', 'volwassen', 'individuen', '.']	[0, 0, 0, 0, 0, 0, 0, 0, 0, 3, 4, 0, 0, 0, 0, 0, 0, 0, 0]	nl	De grootte van de populatie werd in 2018 door BirdLife International geschat op 50 tot 250 volwassen individuen.
