text	Aspect 1	Sentiment 1	Opinion 1	Opinion 2	Aspect 2	Sentiment 2	Aspect 3	Sentiment 3	Aspect 4	Sentiment 4	Opinion 3	Aspect 5	Sentiment 5	Aspect 6	Sentiment 6	Aspect 7	Sentiment 7	Opinion 4	Opinion 5	Aspect 8	Sentiment 8	Opinion 6	Opinion 7	Aspect 9	Sentiment 9
but the staff was so horrible to us	staff	negative	horrible																						
to be completely fair , the only redeeming factor was the food , which was above average , but could n't make up for all the other deficiencies of teodora	food	positive	redeeming	above average																					
the food is uniformly exceptional , with a very capable kitchen which will proudly whip up whatever you feel like eating , whether it 's on the menu or not	food	positive	exceptional	capable	kitchen	positive	menu	neutral																	
for those that go once and do n't enjoy it , all i can say is that they just do n't get it			enjoy																						
not only was the food outstanding , but the little ' perks ' were great	food	positive	outstanding		perks	positive																			
it is very overpriced and not very tasty			overpriced																						
our agreed favorite is the orrechiete with sausage and chicken ( usually the waiters are kind enough to split the dish in half so you get to sample both meats )	orrechiete with sausage and chicken	positive	favorite	kind	waiters	positive	dish	neutral	meats	neutral															
the bagels have an outstanding taste with a terrific texture , both chewy yet not gummy	bagels	positive	outstanding	terrific							chewy														
nevertheless the food itself is pretty good	food	positive																							
i 've noticed megadeth , mr. scruff , st. germain , traditional vietnamese songs , black sabbath , jay-z , and daft punk all being played	songs	neutral																							
they did not have mayonnaise , forgot our toast , left out ingredients ( ie cheese in an omelet ) , below hot temperatures and the bacon was so over cooked it crumbled on the plate when you touched it	mayonnaise	negative	forgot	left out	toast	negative	ingredients	negative	cheese	neutral	over cooked	omelet	neutral	bacon	negative	plate	neutral								
it took half an hour to get our check , which was perfect since we could sit , have drinks and talk !	check	neutral			drinks	neutral																			
the design and atmosphere is just as good	design	positive			atmosphere	positive																			
the pizza is the best if you like thin crusted pizza	pizza	positive	best	like	thin crusted pizza	neutral																			
my girlfriend and i stumbled onto this hopping place the other night and had a great time !			great																						
it is definitely special and affordable			special																						
i really liked this place			liked																						
all the money went into the interior decoration , none of it went to the chefs	interior decoration	positive																							
the seats are uncomfortable if you are sitting against the wall on wooden benches	seats	negative	uncomfortable																						
i asked for seltzer with lime , no ice	seltzer with lime	neutral																							
it was pretty inexpensive too			inexpensive																						
do n't go alone -- -even two people is n't enough for the whole experience , with pickles and a selection of meats and seafoods	pickles	positive			selection of meats and seafoods	positive																			
my suggestion is to eat family style because you 'll want to try the other dishes	eat family style	positive																							
faan 's got a great concept but a little rough on the delivery			great	rough																					
from the incredible food , to the warm atmosphere , to the friendly service , this downtown neighborhood spot does n't miss a beat	food	positive	incredible	warm	atmosphere	positive	service	positive			friendly														
great food at reasonable prices , makes for an evening that ca n't be beat !	food	positive	great	reasonable	prices	positive																			
this little place has a cute interior deco r and affordable city prices	interior deco	positive	cute	affordable																					
you 'll adore it			adore																						
the price is reasonable although the service is poor	price	positive	reasonable		service	negative																			
worth visiting the 1st ave spot because it is the original store			worth																						
i stumbled upon this second floor walk-up two fridays ago when i was with two friends in town from l.a. being serious sushi lovers , we sat at the sushi bar to be closer to the action	sushi	neutral			sushi bar	neutral																			
raga 's is a romantic , cozy restaurant			romantic	cozy																					
the fried rice is amazing here	fried rice	positive	amazing																						
three courses - choices include excellent mussels , puff pastry goat cheese and salad with a delicious dressing , and a hanger steak au poivre that is out of this world	courses	neutral	excellent	out of this world	mussels	positive	puff pastry goat cheese	positive	salad with a delicious dressing	positive		hanger steak au poivre	positive												
it 's a perfect place to have a amanzing indian food	indian food	positive	perfect																						
the place is so cool and the service is prompt and curtious	place	positive	cool	prompt	service	positive																			
at the end you 're left with a mild broth with noodles that you can slurp out of a cup	broth with noodles	positive	mild																						
i just wonder how you can have such a delicious meal for such little money	meal	positive	delicious	little																					
the food was delicious but do not come here on a empty stomach	food	conflict	delicious																						
the wine list is excellent	wine list	positive																							
ive been to many thai restaurants in manhattan before , and toons is by far the best thai food ive had ( except for my mom 's of course )	thai food	positive	best																						
they wouldnt even let me finish my glass of wine before offering another	glass of wine	neutral																							
i highly recommend the sophia pizza			recommend																						
whem asked , we had to ask more detailed questions so that we knew what the specials were	specials	neutral																							
nice atmosphere , the service was very pleasant and the desert was good	atmosphere	positive	nice	pleasant	service	positive	desert	positive																	
after really enjoying ourselves at the bar we sat down at a table and had dinner	bar	positive	enjoying		table	neutral																			
fabulous service , fantastic food , and a chilled out atmosphere and environment	service	positive	fabulous	fantastic	food	positive	atmosphere	positive			chilled out														
try the lasagnette appetizer	lasagnette appetizer	positive																							
pricey , but worth a try , at least once			pricey	worth																					
i liked the beer selection !	beer selection	positive	liked																						
great food , good size menu , great service and an unpretensious setting	food	positive	great	good	menu	positive	service	positive			great														
go here for a romantic dinner but not for an all out wow dining experience	dinner	positive	romantic	wow	dining	positive																			
i grew up eating dosa and have yet to find a place in ny to satisfy my taste buds	dosa	neutral																							
wine list selection is good and wine-by-the-glass was generously filled to the top	wine list selection	positive	good	generously	wine-by-the-glass	positive																			
with the great variety on the menu , i eat here often and never get bored	menu	positive	great																						
the menu is very limited - i think we counted 4 or 5 entrees	menu	negative	limited																						
the menu is limited but almost all of the dishes are excellent	menu	negative	limited		dishes	positive																			
not too crazy about their sake martini	sake martini	negative	crazy																						
great bagels , spreads and a good place to hang out in	bagels	positive	great	good	spreads	positive																			
this place is a great bargain			great																						
we happened upon this place purely by accident and were pleased with the results			pleased																						
unfortunately , the food is outstanding , but everything else about this restaurant is the pits	food	positive	outstanding																						
we always have a delicious meal and always leave feeling satisfied	meal	positive	delicious																						
dip the ingredients in with your chopsticks , swirl them around , and eat	ingredients	neutral			chopsticks	neutral																			
first went here to enjoy their garden terrace	garden terrace	positive	enjoy																						
everyone i have spoken too there is super friendly , helpful , and willing to the extra mile for a customer			friendly	helpful																					
the pizza was pretty good and huge	pizza	positive	good																						
the cuisine from what i 've gathered is authentic taiwanese , though its very different from what i 've been accustomed to in taipei	cuisine	neutral	different																						
heartland brewery is by far one of the best places in nyc to make new friends and catch up with old ones			best																						
they are often crowded on the weekends but they are efficient and accurate with their service	crowded	negative	crowded	efficient							accurate														
we ordered the special , grilled branzino , that was so infused with bone , it was difficult to eat	grilled branzino	negative	difficult																						
the wait staff is friendly , and the food has gotten better and better !	wait staff	positive	friendly	better	food	positive					better														
right off the l in brooklyn this is a nice cozy place with good pizza	place	positive	cozy	good																					
i also ordered for delivery and the restaurant forgot half the order	delivery	negative	forgot																						
the strong scents coming from the left and right of me negatively affected my taste buds	scents	negative	strong																						
we had the lobster sandwich and it was fantastic	lobster sandwich	positive																							
had we been stalling i could understand where they were coming from , but we had been there less than an hour and they had n't even brought us a check yet !	check	negative																							
though the spider roll may look like a challenge to eat , with soft shell crab hanging out of the roll , it is well worth the price you pay for them	spider roll	conflict	challenge	well worth	shell crab	positive	price	positive																	
i have tried to make reservations , but both times , the hostess did n't have my name	reservations	neutral			hostess	negative																			
their tuna tartar appetizer is to die for	tuna tartar appetizer	positive	die for																						
this was one of the best restaurants i 've ever been to			best																						
an oasis of refinement food , though somewhat uneven , often reaches the pinnacles of new american fine cuisine - chef 's passion ( and kitchen 's precise execution ) is most evident in the fish dishes and soups	food	conflict	uneven	evident	cuisine	positive	chef	positive	kitchen	positive		fish dishes	positive												
i love indian food and consider myself to be quite an expert on it	indian food	positive	love																						
some baby pizzas get their wish	baby pizzas	neutral																							
plenty of choices to make your own creation			plenty																						
it was tiny and i felt like i was eating in someone 's living room			tiny																						
overall a oh ya even though there is waiting it is deff worth it	waiting	negative	worth																						
vt is what baby pizzas hope to be when they grow up	baby pizzas	neutral																							
from the terrible service , to the bland food , not to mention the unaccommodating managers , the overall experience was horrible	service	negative	terrible	bland	food	negative	managers	negative			unaccommodating														
lahore is a great place to duck into late-night when you need some really tasty food on the cheap -- you 'll likely have trouble finishing the amount of food you get for four dollars	food	positive	great	tasty	food	positive					cheap														
the last time i went we were seated at a table in a corridor next to the kitchen	table	negative																							
good selection of wines ranging from affordable to high end	selection of wines	positive	good																						
nice restaurant overall , with classic upscale italian decor	italian decor	positive	nice	upscale																					
the entire dining experience was wonderful !	dining experience	positive	wonderful																						
the wine selection ( by the glass and bottle ) is wonderful and i always recommend that friends make a reservation if they 're going to be in town	wine selection	positive	wonderful	recommend	reservation	neutral																			
service is highly refined our seating was delayed 35 minutes past our reservation and the maitre d ' apologized and regularly kept us apprised of progress	service	positive	refined	delayed	reservation	negative	maitre	positive																	
order the panang duck , it 's fantastic	panang duck	positive																							
other than the crappy service from two individuals , it 's great	service	negative	crappy																						
they have authentic indian at amazin prices	indian	positive	authentic																						
there 's nice and quiet , small but enough for 6 ( or more )			nice	quiet							small							enough							
ambiance - relaxed and stylish	ambiance	positive	relaxed																						
i 've never felt more unwelcome than last month at jimmy 's bronx cafe			unwelcome																						
luckily we saved room for the bbq salmon , sea bass and crispy duck	bbq salmon	positive			sea bass	positive	crispy duck	positive																	
yes , they use fancy ingredients , but even fancy ingredients do n't make for good pizza unless someone knows how to get the crust right	ingredients	positive	fancy	fancy	ingredients	positive	pizza	negative	crust	neutral	good														
and yes dal bukhara is so dam good and so are all the kababs	dal bukhara	positive	good																						
i look forward to eating here again	eating	positive	look forward																						
tuk tuk is one of those comfortable neighborhood joints where you know you will always have a good meal at a fair price	meal	positive	comfortable	good							fair														
a glass of leaping lizard , a glass of prosecco , and the mussels had everything happy	glass of leaping lizard	positive			glass of prosecco	positive	mussels	positive																	
food was average and creme brulee was awful - the sugar was charred , not caramelized and smelled of kerosene	food	neutral	average	awful	creme brulee	negative	sugar	negative			charred														
the food always tastes fresh and served promptly	food	positive	fresh		served	positive																			
the pizza here is delicious	pizza	positive																							
pizza and garlic knots are great as well , i order from them quite often and the delivery is always super quick !	pizza	positive	great	quick	garlic knots	positive	delivery	positive																	
for great chinese food nearby , you have wu liang ye and grand sichuan just a block away	chinese food	positive	great																						
i have never been disappointed in the red eye			disappointed																						
hats off to the chef			hats off																						
service could be improved but overall this is a place that understands the importance of little things ( the heavy , black , antique-seeming teapot , for one ) in the restaurant experience	service	negative	improved	antique-seeming	teapot	positive																			
the pizza is delicious - they use fresh mozzarella instead of the cheap , frozen , shredded cheese common to most pizzaria 's	pizza	positive	delicious	fresh	fresh mozzarella	positive	cheese	negative			cheap							frozen	shredded						
its an excellent place to relax and the food is one of the best in the city of new york	place	positive	excellent	best	food	positive																			
service is friendly , and never had a problem walking in and getting a table	service	positive	friendly	problem	getting a table	positive																			
the food was bland oily	food	negative	bland oily																						
what is even better , is that the prices are very affordable as well , and the food is really good	prices	positive	better	affordable	food	positive																			
the fish is fresh but the variety of fish is nothing out of ordinary	fish	positive	fresh		variety of fish	negative																			
and kruno , the beverage manager is the best bartender i have yet to come across	beverage manager	positive	best		bartender	positive																			
the food , drinks and service are clearly among the best in the city	food	positive	best		drinks	positive	service	positive																	
i went there in late afternoon for some bite size food and refleshment with my date	food	neutral			refleshment	neutral																			
it 's a really great deal , considering we got full off of four dollars			great																						
last time i went here , the waitress did n't come back after taking our order	waitress	negative																							
eating in , the atmosphere saves it , but at your desk , it 's a very disappointing experience	atmosphere	positive	saves	disappointing																					
granted the space is smaller than most , it is the best service you will find in even the largest of restaurants	space	negative	smaller	best	service	positive																			
have recommended the place to friends , always gets good response			recommended	good																					
i love the atmorphere peep !	atmorphere	positive	love																						
enjoy !			enjoy																						
this is one of my favorite restaurants and it is not to be missed			favorite																						
the other night we had the 30 three course meal and everything was delicious - if i could of licked the plate clean i would of	three course meal	positive	delicious																						
even after getting pushed out by the no-class famous ray 's , sal has risen again to carry on his father 's uncle 's legacies with a smile , true love for his community , and let 's not forget the outstanding pizza !	pizza	positive	outstanding																						
it 's a rather cramped and busy restaurant and it closes early			cramped	busy																					
the environment is romantic , but the food is horrible , the service is pathetic , and gabriella lies about everything she could	environment	positive	romantic	horrible	food	negative	service	negative			pathetic														
we had crawfish boiled and despite making a mess , it was a ton of fun and quite tasty as well	crawfish boiled	positive	fun	tasty																					
what came to our table was burned beyond recognition and stringy	table	neutral	burned																						
i had the pad thai and the noodles were sticky	pad thai	negative			noodles	negative																			
so i 've never actually been to m proper , but i 've had it delivered a few times	delivered	neutral																							
among all of the new 5th avenue restaurants , this offers by far one of the best values for your money	values for your money	positive	best																						
frankly , when you compare what you can have here for lunch , versus mcds or so many other sandwich shops in the city , there is no comparison	lunch	positive																							
the hostess is rude to the point of being offensive	hostess	negative	rude																						
succulent steaks cooked precisely to your desired 'doneness ' accompanied by salads and sides that do n't look like leafy road kill	steaks	positive	desired	leafy	salads	positive	sides	positive																	
lunch came with pickels and slaw , no extra charge	lunch	positive			pickels and slaw	neutral																			
decent wine at reasonable prices	wine	positive	decent	reasonable																					
all conveniently delivered right to the door	delivered	positive	conveniently																						
nice family owned traditional restaurant			nice																						
this dish is my favorite and i always get it when i go there and never get tired of it	dish	positive	favorite																						
i also ordered the change mojito , which was out of this world	change mojito	positive	out of this world																						
okay service			okay																						
the only thing more wonderful than the food ( which is exceptional ) is the service	food	positive	wonderful	exceptional																					
the food was just awful , atrocious actually	food	negative	awful	atrocious																					
the anti-pasta was excellent , especially the calamari , as were the filling pasta mains	anti-pasta	positive	excellent		calamari	positive	filling pasta mains	positive																	
the waitress suggested glasses of wine that went very well with the food	waitress	positive	well		glasses of wine	positive																			
we are very particular about sushi and were both please with every choice which included ceviche mix ( special ) , crab dumplings , assorted sashimi , sushi and rolls , two types of sake , and the banana tempura	sushi	positive	please		ceviche mix ( special )	positive	crab dumplings	positive	assorted sashimi	positive		sushi	positive	rolls	positive	sake	positive			banana tempura	positive				
try their plain pizza with fresh garlic or eggplant	plain pizza	positive	fresh		garlic	positive																			
ok , so the servers wander around a little clueless , but there 's more than enough servers for the crowd they get -- it 's fine , you just have to make a small effort to get their attention	servers	negative	clueless		servers	conflict																			
good luck getting a table	getting a table	negative																							
the service is awful	service	negative																							
the takeout menu says to keep an eye out for an expanded menu offering more italian dishes , i ca n't wait !	takeout menu	positive	expanded	more	menu	positive	italian dishes	positive																	
trust me , it will be great , and all of it will be devoured in no time			great																						
amma has the worst value for money i have experienced in nyc over the past 2 years			worst																						
i think this would be a pretty good spot if it were not so overpriced and overrated			good	overpriced																					
regardless of whether there are two people or two hundred people ahead of you the hostess will take your name and tell you five minutes	hostess	positive																							
the pizza is good though	pizza	positive	good																						
bottles of wine are cheap and good	bottles of wine	positive	cheap																						
you will not be disapointed at all			disapointed																						
the have over 100 different beers to offer thier guest so that made my husband very happy and the food was delicious , if i must recommend a dish it must be the pumkin tortelini	beers	positive	different	happy	food	positive	dish	positive	pumkin tortelini	positive	delicious							recommend							
they did n't give us the dinner special until we asked for it	dinner special	negative																							
you must have the crabmeat lasagna which is out of this world and the chocolate bread pudding for dessert	crabmeat lasagna	positive	out of this world		chocolate bread pudding	positive																			
word of advice , save room for pasta dishes and never leave until you 've had the tiramisu	pasta dishes	positive																							
very good service and very good prices	service	positive	good	good																					
i recently went to this restaurant with some co-workers for lunch and had an amazing time	lunch	neutral	amazing																						
the service was impeccable and unobtrusive -- the staff knows what they are there to do -- to know their menu , present your meal , and attend to your needs	service	positive	impeccable	unobtrusive	staff	positive	menu	neutral	meal	neutral															
our food was great too !	food	positive	great																						
the most annoying thing , though , is the fact that the servers seem to be trained to drive revenue	servers	negative	annoying																						
get your food to go , find a bench , and kick back with a plate of dumplings	food	neutral			plate of dumplings	positive																			
please try the filet mignon , its just the most tender piece ever	filet mignon	positive	tender																						
everything we had was pretty good , but we have only been there once			good																						
we were still sitting at the bar while we drank the sangria , but facing away from the bar when we turned back around , the 2 was gone the people next to us said the bartender took it	bar	neutral			sangria	neutral	bar	neutral	bartender	negative															
the sake menu should not be overlooked !	sake menu	positive	overlooked																						
the drinks are amazing and half off till 8pm	drinks	positive	amazing																						
i 've been back to nha trang literally a hundred times for the beef cubes - they 're that good	beef cubes	positive																							
with so many poor experiences to be had in the theater district , is truly an excellent find !			excellent																						
this has got to be one of the most overrated restaurants in brooklyn			overrated																						
it was rather pathetic that it took them over an hour to seat us			pathetic																						
we were seated promptly as we had reservations , however after that the service was slow	reservations	positive	promptly		service	negative																			
suan was a recommendation that i am glad we heeded			glad																						
the food was pretty good , but a little flavorless and the portions very small , including dessert	food	conflict	good	flavorless	portions	negative					small														
it is set far from the small street it 's on , and there is no traffic noise	traffic noise	positive																							
lived in shanghai most of my life and thought the food was comparable to the flagship green bo restaurant there	food	positive	comparable																						
however , it 's not worth a special trip			worth																						
nice value			nice																						
and it was quick which is very important			quick																						
this is a nice restaurant if you are looking for a good place to host an intimate dinner meeting with business associates	dinner meeting	neutral	nice	good																					
all the nyu students love this place so it makes for a fun young atmosphere			love	young																					
the food here does a great service to the name ( cantonese that is )	food	positive	great		cantonese	positive																			
but , nothing stands out about the cooking			nothing stands out																						
joya used to be a cool spot with decent food and a colorful - if not relaxed - atmosphere	food	positive	cool	decent							colorful							relaxed							
the prix fixe menu is worth every penny and you get more than enough ( both in quantity and quality )	prix fixe menu	positive	worth	more than enough	quantity	positive	quality	positive																	
i 've been here 3 times for lunch and it is one of my favorites in the city	lunch	neutral	favorites																						
i had their eggs benedict for brunch , which were the worst in my entire life , i tried removing the hollondaise sauce completely that was how failed it was	eggs benedict	negative	worst	failed	brunch	neutral	hollondaise sauce	negative																	
i work near-by , and they have the best oatmeal in the neighborhood- not a packaged or quick-cooked item	oatmeal	positive	best																						
always busy but fast moving			busy	fast moving																					
the food was really good , i had the onion soup and it was one of the best ever	food	positive	good	best	onion soup	positive																			
overall , a solid restaurant and at less than 40pp ( including wine ) , a solid deal as well	wine	neutral	solid	solid																					
since it literally is a complete hole in the wall , it 's a bit intimidating at first , but you get over that very quickly as soon as the friendly staff welcomes you - do n't hesitate to ask for help with what to get	staff	positive	intimidating	friendly																					
it melted in my little mouth and the perfect consistency-not too fishy , creamy , and slightly buttery			perfect	fishy							creamy														
when he finally did , he was unable to make a gin and tonic -- could n't find tonic	gin and tonic	neutral	unable																						
the dim sum is ok but does n't taste that fresh , and the little dishes do n't look steamy hot as they should ( also note lack of chinese here )	dim sum	negative	ok	fresh	little dishes	negative					steamy hot														
the service is ok , some of the people did n't get what they asked for	service	neutral	ok																						
if you want good authentic thai this place is not the place to go	thai	negative	authentic																						
i recommend getting a reservation even though we saw people seated without one	reservation	neutral	recommend																						
the only thing i moderately enjoyed was their grilled chicken special with edamame puree	grilled chicken special with edamame puree	neutral	enjoyed																						
if you want some roast duck , pork or chicken on rice with ginger , try them out !	roast duck	positive			pork	positive	chicken on rice with ginger	positive																	
you order from a menu , so you leave feeling like you missed the full experience	menu	negative																							
one of the more authentic shanghainese restaurants in the us definitely the best in manhattan chinatown			authentic	best																					
we love th pink pony			love																						
staff is very accomodating	staff	positive																							
yourself a favor and have dinner here and see if you dont agree with me	dinner	neutral																							
definitely a great spot for a nice occasion or date			great	nice																					
very popular style izakaya ( sake and small portion of sake-friendly dishes )	sake	positive	popular	small	portion	neutral	dishes	positive			sake-friendly														
not pretentious and very economical			pretentious																						
the food was terrific and the service classy , attentive , without being overbearing	food	positive	terrific	classy	service	positive					attentive														
fresh ingredients and everything is made to order	ingredients	positive	fresh																						
we have never had any problems with charging the meal or the tip , and the food was delivered quickly , but we live only a few minutes walk from them	meal	positive	problems	quickly	tip	positive	food	positive																	
they are tasty , but i suggest only eating one with meat because they tend not to mesh that well with the average american digestive system	meat	neutral	tasty																						
somewhat pricey but what the heck			pricey																						
try the hot dogs too , they 're snappy and delicious	hot dogs	positive	snappy																						
delivery is fast too	delivery	positive	fast																						
the noise level was unbearable , conversation impossible	noise level	negative	unbearable																						
personal pans are the perfect size for those hungry nights	personal pans	positive	perfect																						
highly recommended is the spicy fried clam rolls and spider rolls	spicy fried clam rolls	positive	recommended		spider rolls	positive																			
one of the earlier people commenting on the restaurant did not get the that some experimenting is going on with the menu in a positive way	menu	positive	positive																						
the atmosphere is great if your looking for a laid back scene and an inexpensive way to spend a weekend afternoon	atmosphere	positive	great	inexpensive																					
odd for ave b , not just odd , the place attracts an eclectic crowd to say the least	place	positive	odd	odd																					
just got back from lunch at tamarind and it was excellent	lunch	positive																							
head and shoulders above its neighboors on east 6 st , taj mahal is also very comparable , in food quality , to the much overpraised ( and underdeserving ) baluchi 's	food quality	positive	comparable																						
the man that was hosting promised to save a table for our party of 7 , then sat a party of 2 at the very table he was saving ( mean while there were boths open all around )	man	negative			table	neutral	table	negative																	
try the cheesecake !	cheesecake	positive																							
as we were sitting eating the subpar food the manager proceeded to berate a couple of his employees for putting out the wrong containers for condiments and explained to them how expensive these containers were	food	negative	subpar	wrong	manager	negative	employees	negative	containers for condiments	negative	expensive	containers	neutral												
great indian food and the service is incredible	indian food	positive	great		service	positive																			
rosario 's is without a doubt one of the greatest pizzerias in existence			greatest																						
decor is nice and minimalist , food simple yet very well presented and cooked , and the wine list matches the food very well	decor	positive	nice	minimalist	food	positive	wine list	positive	food	neutral	simple							well							
i had the salmon dish and while it was fine , for the price paid , i expected it to have some type of flavor	salmon dish	conflict	fine		price	neutral																			
we ordered a tuna melt - it came with out cheese which just made it a tuna sandwich	tuna melt	negative			cheese	neutral	tuna sandwich	negative																	
we generally like good restaurants and eat out often but kai was way to expensive for what we got			expensive																						
what a great place			great																						
do n't eat here unless you 're starving for thai food and you work next door	thai food	negative																							
this tiny williamsburg spot is always pleasantly surprising			pleasantly surprising																						
for the people who want great food plus great service , roxy is a place to avoid !	food	negative	great	great	service	negative					avoid														
i had the best ravioli ever	ravioli	positive	best																						
ive been here a bunch of times now and the service is always outstanding	service	positive																							
the bill is approximately 25 for 2 at lunch without drinks	bill	neutral			lunch	neutral																			
the food is great , service is ok	food	positive	great		service	neutral																			
the overall price tag was very very expensive , something i did expect	price tag	negative	expensive																						
spice is great thai food , love the inexpensive appetizers	thai food	positive	great	love							inexpensive														
the service was attentive	service	positive																							
great idea and base for restaurant , but work on the details , people who think this was good need to go back to the shore towns and rethink what it should have tasted like			great	good																					
when you 're sitting in their main dining room ( which has a spectacular , hand-painted high ceiling ) you 'd never know there was a world outside	main dining room	positive	spectacular	hand-painted	ceiling	positive																			
we visited bread bar during january restaurant week and were so pleased with the menu selections and service	menu selections	positive	pleased																						
also make sure you pay attention to the music being piped in - quite a weird selection	music	neutral	weird																						
you could get a much better dining experience for the same amount of money in a lot of other french bistros			better																						
the establishment scores big points in presentation and style	establishment	positive	big points																						
the rest of the dim sum , though pricey by chinatown standards , is worth it	dim sum	conflict	pricey	worth																					
the wait staff is very friendly , if not overly efficient	wait staff	positive	friendly	overly efficient																					
the dim sum however was very good	dim sum	positive																							
it 's better than being on the roof of sutton place with 19 year old interns jabbing you in the ribs all night			better																						
service has always been friendly and efficient	service	positive	friendly																						
went there and had a combination of different seafood dishes and appetizers	seafood dishes	neutral																							
its a great place for a casual date or to entertain clients for lunch			great																						
the table next to us asked if he crushed the grapes himself when their long overdue bottle of wine finally arrived	grapes	neutral	overdue		bottle of wine	neutral																			
prices are very good	prices	positive																							
we could not catch our waiter 's eye , and he ignored us	waiter	negative																							
fantastic place			fantastic																						
plain and simple it 's bad thai food	thai food	negative	plain	simple							bad														
while certain staples are excellent ( the burger , some of the pastas ) , the food is not really the point	staples	positive	excellent		burger	positive	pastas	positive	food	neutral															
the dim sum was so-so , but not spectacular	dim sum	neutral	so-so																						
the food was so-so	food	neutral																							
the place is larger than most and features adequate seating unlike most joints , and has a bar which deserves a mention	place	positive	larger	adequate	seating	positive	bar	positive			deserves														
threw my fiance 's surprise 30th birthday dinner here could n't be happier	dinner	neutral																							
food -awesome	food	positive																							
good music , great food , speedy service affordable prices	music	positive	good	great	food	positive	service	positive			speedy							affordable							
the lobster sandwich is 24 and although it was good it was not nearly enough to warrant that price	lobster sandwich	conflict	good	enough																					
may , the owner always has a smile on her and will warmly greet you	owner	positive	warmly																						
the sides were ok and incredibly salty	sides	negative	ok																						
for some reason , all the seafood on the menu was unavailable except for the salmon	seafood	negative	unavailable		menu	negative																			
not a large place , but it 's cute and cozy	place	conflict	large	cute																					
the beverages were excellent , and the dessert was good	beverages	positive	excellent		dessert	positive																			
the hostess and the waitress were incredibly rude and did everything they could to rush us out	hostess	negative	rude		waitress	negative																			
next time , we would n't dare ordering anything else other than some simple asian appetizers and drinks	asian appetizers	positive	simple																						
please if your thinking about it go , and stay the wait you wo n't be disappointed	wait	negative																							
i must say the view of nyc is so beautiful !	view	positive	beautiful																						
if you 'd like to have a nice light meal with an asian accent , long tan is a good place on the slope	meal	positive	nice	good																					
for all you lazy folks that do n't want to come to alphabet city , i say , good - stay out			good																						
otherwise , this place has great service and prices and a nice friendly atmosphere	service	positive	great	friendly	prices	positive																			
highly recommend this as great value for excellent sushi and service	value	positive	recommend	great	sushi	positive					excellent														
this place would be so much better served by being run by a group that actually understands customer service	served	negative	better																						
a++ the service was good to excellent along with the attitude	service	positive	good	excellent																					
the food is awesome - definitely try the striped bass	food	positive	awesome		striped bass	positive																			
black white shakes came out good also	black white shakes	positive	good																						
it 's simply the best meal in nyc	meal	positive	best																						
the seating was if they were trying to get the maximum amount of people into the restaurant , so be nice to your neighbor when you dine here	seating	negative																							
i ordered the chu chu curry and my friend ordered the pad thai chicken	chu chu curry	neutral			pad thai chicken	neutral																			
we go on mondays for the prix fixe and our experience with the food has been comparable to blue ribbon	prix fixe	neutral	comparable		food	neutral																			
tuk tuk is my second favorite neighborhood thai place ( the first being joya )			favorite																						
however , they 've got the most amazing pastrami and the soups hit the spot	pastrami	positive	amazing	hit the spot	soups	positive																			
this is some really good , inexpensive sushi			good	inexpensive																					
my personal favorite is an everything bagel with lox spread , but all the bagles are unbeliavably good	bagel with lox spread	positive	favorite		bagles	positive																			
i would n't even have complained at all if the food at least tasted good but the quality of food was crappy , too	food	negative	good	crappy	quality of food	negative																			
for the next hour and a half we stood in the crowded lobby area of this touristy restaurant listening to all types of explanations of why we were not being seated	lobby area	negative	crowded																						
the pizza is delicious and the proprietor is one of the nicest in nyc	pizza	positive	delicious	nicest	proprietor	positive																			
also good for client lunch meetings , esp	lunch meetings	neutral	good																						
the decor is dark , cool and soothing , while the food 's presentation is spectacular , considering the low prices	decor	positive	dark	cool	food 's presentation	positive					soothing							spectacular	low						
the waitstaff were very nice and suggested swordfish for my husband he enjoyed his meal	waitstaff	positive	nice	enjoyed	swordfish	positive																			
the setting is casual and romantic	setting	positive	casual																						
terrible , terrible management - deserves to be shut-down	management	negative	terrible	terrible																					
the desserts are more appealing then stuffy overpriced french restaurants	desserts	positive	appealing	overpriced																					
the italian food has flavor ( that can be sort of surprising on the ues ) , and the service turns from a nightmare to attentive , they sort of remind me of the ny yankees of the late 90 's , no matter how bad it look , you knew that there was a rally just around the corner	italian food	positive	surprising	attentive	service	conflict					bad														
i found the food to be outstanding , particulary the salmon dish i had	food	positive	outstanding		salmon dish	positive																			
mizu is home to creative and unique rolls not to found anywhere else	rolls	positive	creative	unique																					
baluchi 's has solid food and a nice decor at reasonable prices	food	positive	solid	nice	decor	positive					reasonable														
emilio , the owner , is often sitting in the front table greeting guests as they come and go	owner	positive																							
i have been to spice three times- twice during lunch and once at dinner	lunch	neutral																							
moules were excellent , lobster ravioli was very salty !	moules	positive	excellent	salty	lobster ravioli	negative																			
i came to this restaurant expecting to be surprised but left bored and overcharged			bored																						
a cheap eat for nyc , but not for dosa	eat	positive	cheap																						
the seafood is amazing , there 's a good wine list , and the ever-changing menu always offers some great surprises	seafood	positive	amazing	good	wine list	positive	menu	positive			ever-changing							great							
i do n't usually order wine with indian so i ca n't comment on their wine list or their wines	wine	neutral			indian	neutral	wine list	neutral																	
pastrami or corned beef are juicy and piled high ( ask for extra rye bread )	pastrami or corned beef	positive	juicy		rye bread	positive																			
the food was just ok , at least for what food was available	food	neutral	ok		food	negative																			
the waitress was very patient with us and the food is phenomenal !	waitress	positive	patient	phenomenal	food	positive																			
the people that work there are always so friendly you forget you are in new york sometimes	people	positive	friendly																						
we did n't even see a menu , as our waiter described both the specials and the main dishes	menu	neutral			waiter	positive	specials	neutral	main dishes	neutral															
the location and ambience is ok but the food is what makes up for it	location	neutral	ok	makes up	ambience	neutral	food	positive																	
otherwise , good stuff for late nite eats	stuff	positive	good																						
the dinner was ok , nothing i would have again	dinner	negative	ok																						
i love and i know gourmet food by excellence !	gourmet food	positive	love																						
i plan to come here again and look forward to trying their assortment of bruschetta , panini 's	bruschetta	positive	look forward		panini	positive																			
great people watching as others do the same to you			great																						
he offers subpar service and has no personality	service	negative	subpar																						
the waitress remembers me and is very friendly , she knows what my regular is and that 's the fried mini buns with the condensed milk and the assorted fruits on beancurd	waitress	positive	friendly		fried mini buns with the condensed milk and the assorted fruits on beancurd	positive																			
diner food at bistro prices is a bummer	food	negative			prices	negative																			
while we thoroughly enjoyed the food , it was annoying to scream across the table for conversation	food	positive	enjoyed	annoying																					
the portions are large and the servers always surprise us with a different starter	portions	positive	large	surprise	servers	positive					different														
delicious bagels , especially when right out of the oven	bagels	positive	delicious																						
all the food was hot tasty	food	positive																							
this is one great place to eat pizza more out but not a good place for take-out pizza	pizza	positive	great	good	take-out pizza	negative																			
would recommend this place as a good date spot if you do n't want to drop a ton of cash			recommend	good																					
first of all , this place is *not* romantic , as claimed by citysearch 's editorial review	place	negative	romantic																						
the second you walk through the heavy vault like door , with people anticipating your arrival you get the sense that you are going to have the dining ride of a lifetime	door	neutral	heavy																						
much more reasonably priced too !	priced	positive	reasonably																						
if you venture off the island of manhattan and ca n't seem to find a great italian restaurant , drive to corona			great																						
the food was not very tasty , the portioins were tiny even for such a high quality restaurant	food	negative	tasty	tiny	portioins	negative					high														
my friend from milan and myself were pleasantly surprised when we arrived and everyone spoke italian			pleasantly surprised																						
others have to go to other restaurants and feel sad until they 're eaten			sad																						
why make a reservation if you are n't going to keep it	reservation	negative																							
highly recommended ! ! ! ! !			recommended																						
went here last night and had a pleasant experience			pleasant																						
the food is o.k. , but not any better than what you get at a good neighborhood restaurant	food	neutral	better																						
while the 20 entree range is not overly expensive , in new york city , there is definitely better food in that range , and so sapphire , despite it 's lovely atmosphere , will most likely not be a restaurant to which i will return	entree range	positive	overly expensive	better	food	negative	atmosphere	positive			lovely														
i had been searching really hard for a restaurant in new york where i could really feel unwanted and ignored and i finally found it !			unwanted	ignored																					
well , their deliveries take for ever and the food is usually cold	deliveries	negative			food	negative																			
the staff is no nonsense	staff	positive																							
chinese desserts are known for healthful benefits in addition to the sweetness			healthful																						
wonderful at holiday time			wonderful																						
and really large portions			large																						
this is a great thai restaurant with a very friendly staff			great	friendly																					
i ordered the smoked salmon and roe appetizer and it was off flavor	smoked salmon and roe appetizer	negative	off flavor																						
we went here for lunch a couple of weeks ago on a saturday , and i was thoroughly impressed with the food	lunch	neutral	impressed																						
i recommend the garlic shrimp , okra ( bindi ) , and anything with lamb	garlic shrimp	positive	recommend		okra ( bindi )	positive																			
as a japanese native , i 've lived in the tristate area for over 8 years , but i was just so amazed at this place			amazed																						
to give you an idea of how good we thought it was , we ended up going to ping 's three weekends in a row ! ! !			good																						
the menu was impressive with selections ranging from a burger , to steak , to escargot	menu	positive	impressive		burger	neutral	steak	neutral																	
the food is great and authentic	food	positive	great																						
love yuka			love																						
anyway , the food is good , the price is right and they have a decent wine list	food	positive	good	right	price	positive	wine list	positive			decent														
prices are higher to dine in and their chicken tikka marsala is quite good	prices	negative	higher		chicken tikka marsala	positive																			
this place has many different styles of pizza and they are all amazing	styles of pizza	positive	different																						
the photos of the restaurant in its web site are way better than the real look			better																						
the food was lousy - too sweet or too salty and the portions tiny	food	negative	lousy	sweet	portions	negative					salty														
but the coconut rice was good	coconut rice	positive																							
overall i would recommend it and go back again			recommend																						
pair you food with the excellent beers on tap or their well priced wine list	food	neutral	excellent	well	beers on tap	positive	wine list	positive																	
if you like your music blasted and the system isnt that great and if you want to pay at least 100 dollar bottle minimun then you 'll love it here	music	negative	like	great	bottle minimun	negative					love														
all of my co-workers stated that the food was amazing and wondered why they had n't heard about this place	food	positive	amazing																						
the restaurant is rather small but we were lucky to get a table quickly	table	positive	small																						
i love this cozy around the way rest			love	cozy																					
quality of food is excellent and price is cheap , stick to pork , fish , chicken , lamb and vegetables	quality of food	positive	excellent	cheap	price	positive	pork	positive	fish	positive		chicken	positive	lamb	positive										
this is my favorite italian restaurant in all of new york city			favorite																						
the place is a little tight and on a cold day , the seating by the entranceway can be pretty drafty	place	negative	tight		seating	negative																			
but , they were too big for the bun			big																						
the food is fresh , delicious , and reasonably priced	food	positive	fresh	delicious							reasonably														
a few tips skip the turnip cake , roast pork buns and egg custards	turnip cake	negative			roast pork buns	negative	egg custards	negative																	
the bagels are fabulous	bagels	positive																							
although they do the typical what kind of water would you like questions the service was good and overall very relaxing to place to eat	water	neutral	good	relaxing	service	positive	place	positive																	
the food was very good , a great deal , and the place its self was great	food	positive	good	great	place	positive																			
a great choice at any cost and a great deal	cost	positive	great	great																					
anybody who likes this place must be from a different planet , where greasy , dry and tasteless are complimentary			greasy	dry							tasteless														
probably much busier for lunch , it 's seldom crowded for dinner ( too close to downtown )	lunch	neutral	busier	crowded	dinner	neutral																			
it takes forever to get a drink and they almost always forget to bring something ( although they dont forget to charge you for it	drink	neutral	forever	forget							forget														
the place itself is beautiful the bar scene seems to be happening	place	positive	beautiful		bar scene	positive																			
saturday , nov. 6th i had a group from work come in with about 35 people and the staff was amazing to accomodate us	staff	positive	amazing																						
good spreads , great beverage selections and bagels really tasty	spreads	positive	good	great	beverage selections	positive	bagels	positive																	
first , the waiter who served us neglected to fill us in on the specials , which i would have chosen had i known about them	waiter	negative	neglected		served	negative	specials	positive																	
also , top the meal with a delicious and perfect slice of tiramisu	meal	neutral	delicious	perfect																					
it seems like this is a place the locals like and the people working here liked it too			like	like							liked														
check out the secret back room	secret back room	positive																							
it 's also attached to angel 's share , which is a cool , more romantic bar			cool	romantic																					
authentic food and they have real service , not just the rush you get sometimes when they try to push you out the door	food	positive	authentic	real	service	positive																			
stick to the gulab jamun	gulab jamun	positive																							
i am amazed by the poor reviews- i find this place to be standout italian in an area flooded with italian- great prices , great atmosphere , good service and a wonderful wine list	prices	positive	standout	great	atmosphere	positive	service	positive	wine list	positive	great							good	wonderful						
i was back-to-back with the diner at the table behind me and wait staff had to hoist trays over our heads as they squeezed past us again and again	diner	neutral			table	negative	wait staff	negative																	
with the theater 2 blocks away we had a delicious meal in a beautiful room	meal	positive	delicious	beautiful																					
i was a little leary about mary 's at first - it 's small , crowded and you usually have to wait on line - but i 'm glad i finally tried it			leary	small							crowded							glad							
we were not dissappointed in the least bit by this little gem			dissappointed																						
by far this is the only chinese desserts place i know in ny or anywhere close in the northeastern america that serves desserts with frog jelly in a couple of varieties and pig feet ginger simmered in black vinegar	desserts with frog jelly	positive			pig feet ginger simmered in black vinegar	positive																			
the food is great and reasonably priced	food	positive	great	reasonably																					
the characters really make for an enjoyable experience			enjoyable																						
over the years the host , vittorio , and his crew , have always treated me as family -- although with all the business this not-so-little gem does , it amazing he 's even able to remember a consistent but not-so-frequent visitor	host	positive	amazing		crew	positive																			
the restuarant itself is not large , but seems to have several round tables to accomodate large groups hoping to save a buck to eat authentic taiwanese	round tables	positive	large	large							authentic														
my husband said he could 've eaten several more , the portion was fine for me he even exclaimed that the french fries were the best he has had	portion	conflict	fine	best	french fries	positive																			
the food is delicious - from the specials to the regular menu-fare , the dishes are never a disappointment	food	positive	delicious		specials	positive	regular menu-fare	positive	dishes	positive															
prices are in line	prices	neutral	in line																						
the combination of fresh tomato sauce , fresh mozz cheese , basil and the dough they make with imported flour , makes this is one of the better pizza 's in ny	fresh tomato sauce	positive	fresh	fresh	fresh mozz cheese	positive	basil	positive	dough	positive	better	flour	positive	pizza	positive										
for all of you new to indian food , try the paneer roll , it is a piece of heaven	indian food	positive			paneer roll	positive																			
both the fresh mozzerella slices and the plain cheese slice are phenomenal	fresh mozzerella slices	positive	fresh		plain cheese slice	positive																			
it 's constantly open , catering to the pakistani cabbies lined up on crosby st. , so there 's more turnover with the food than you 'd expect ( i.e. , surprisingly fresh )	food	positive	surprisingly fresh																						
i had filet mignon with garlic mash	filet mignon with garlic mash	neutral																							
the waitstaff were attentive , polite and helpful - an impressive feat in such close quarters	waitstaff	positive	attentive	polite							helpful							impressive							
- the bread at the beginning is super tasty and makes you want more - the pizza is delicious and comes in personal sizes , however be warned that the peter 's favourite pizza with prosciutto and baby arugula is actually a margarite pizza with cold prosciutto and baby arugula on top , like a salad	bread	positive	tasty	delicious	pizza	positive	peter 's favourite pizza with prosciutto and baby arugula	neutral	margarite pizza with cold prosciutto and baby arugula on top	neutral															
yes , the prices are high , but i felt it was worth it	prices	conflict	high	worth																					
have always found that the waiters will go out of their way to be helpful , despite the fact they are often busy with lots of diners	waiters	positive	helpful	busy																					
while this is n't classical restaurant fare , the chef has given new life to an old cuisine with some really innovative and tasty dishes that are genuinely indian without being heavy or same old restaurant burn-outs	chef	positive	classical	innovative	cuisine	neutral	dishes	positive	indian	positive	tasty							genuinely	heavy						
the owner truly caters to all your needs	owner	positive	caters																						
he takes real pride in his food and his business	food	positive																							
over the years , it has always provided a pleasurable dining experience with quality food and wine	dining	positive	pleasurable	quality	food	positive																			
the photobook menu was a cute touch , certainly helped my group and i pick the fried chicken , pork chop , and noodle dishes that we all ordered	menu	positive	cute		fried chicken	neutral	pork chop	neutral	noodle dishes	neutral															
too large for just two people but nothing was left			large																						
a pleasant surprise			pleasant surprise																						
i asked for an open faced cheese sandwich and the manager basically told me to take my business elsewhere !	open faced cheese sandwich	neutral			manager	negative																			
we were fans of the half-price saturday night option until some inedible squid during a recent visit	half-price saturday night option	positive	inedible		squid	negative																			
pizza is terrific , as is homemade pasta	pizza	positive	terrific		homemade pasta	positive																			
example is the soup which was about 6 oz for 12 dollars and the mushrooms where 12 for about 1oz	soup	positive			mushrooms	positive																			
service is not exactly five star , but thats not really a big deal	service	conflict	five star																						
there are other people waiting !	waiting	negative																							
from beginning appetizers , the scallops were incredible , to the delicious chocolate souffle with rasberry mint sorbet , we were delighted by the taste sensations	beginning appetizers	positive	incredible	delicious	scallops	positive	chocolate souffle with rasberry mint sorbet	positive	taste	positive	delighted														
consistently good japanese tapas	japanese tapas	positive	good																						
my goodness , everything from the fish to the rice to the seaweed was absolutely amazing	fish	positive			rice	positive	seaweed	positive																	
this place started off a little iffy , but is now one of my favorite indian restaurants in nyc ( and i 'm indian , so i should know )			iffy	favorite																					
they also do a great job for restaurant week			great																						
the dishes offered were unique , very tasty and fresh from the lamb sausages , sardines with biscuits , large whole shrimp to the amazing pistachio ice cream ( the best and freshest i 've ever had )	dishes	positive	unique	tasty	lamb sausages	positive	sardines with biscuits	positive	large whole shrimp	positive	fresh	pistachio ice cream	positive					large	amazing			best	freshest		
the food is reliable and the price is moderate	food	positive	reliable		price	neutral																			
while the ambiance and atmosphere were great , the food and service could have been a lot better	ambiance	positive	great		atmosphere	positive	food	negative	service	negative															
we were in search of food and stumbled on this block of indian restaurants on east sixth street	food	neutral																							
planet thailand has always been a hit with me , i go there usually for the sushi , which is great , the thai food is excellent too	sushi	positive	great	excellent	thai food	positive																			
very excited to hear that short-term chef jason narone has moved on , he truly was a low point of their sterling track record	chef	negative	excited																						
well worth the trip , close to city hall and downtown subway stops			well worth																						
we recently decided to try this location , and to our delight , they have outdoor seating , perfect since i had my yorkie with me	outdoor seating	positive	delight	perfect																					
my husband had the mesclun , salmon , and ice cream and he enjoyed all 3 courses	mesclun	positive	enjoyed		salmon	positive	ice cream	positive																	
we were told that the wait was about twenty minutes and there would be no problem for our pm curtain call	wait	neutral																							
the food is usually good but it certainly is n't a relaxing place to go	food	positive	good	relaxing	place	negative																			
super friendly and knowledgable staff , fabulous bistro fare and a wonderful jazz brunch with great live jazz ( the chilaquiles were awesome !	staff	positive	friendly	knowledgable	bistro fare	positive	jazz brunch	positive	live jazz	positive	fabulous	chilaquiles	positive					wonderful	great			awesome			
the prices were fantastic	prices	positive																							
what a great place !			great																						
still , any quibbles about the bill were off-set by the pour-your-own measures of liquers which were courtesey of the house	bill	conflict	off-set		measures of liquers	positive																			
the table service could have been a little more attentive but as someone who also works in the service industry , i understood they were busy	table service	conflict	attentive		service	neutral																			
it 's not mind-blowing , but to me , thai food never is and never will be	thai food	neutral	mind-blowing																						
food was very good as well , considering that we tried the budget selection ( though i wish the pork belly that i ordered was roasted a bit longer , so that fat was more of a melt-in-your-mouth experience )	food	positive	good	longer	pork belly	negative	fat	negative																	
even though it is a little loud , you do n't have to yell at each other to talk			loud																						
i 've been to sapphire twice and both times the food was fine , if not good	food	positive	fine																						
it is kinda nosiy and the tables are close together but it 's still a beautiful place to enjoy a nice dinner	tables	negative	nosiy	close	place	positive					beautiful							enjoy	nice						
service was prompt , friendly and great	service	positive	friendly																						
i have n't eat a lamb chop as delicious as that , the salads are really nice dressed with lemon and extra virgnin olive oil	lamb chop	positive	delicious	nice	salads	positive	lemon	positive	extra virgnin olive oil	positive															
the sushi was awful !	sushi	negative	awful																						
the pastrami sandwich was like buttah and with pickles and an icy cold beer to wash it down , it was a pleasurable experience	pastrami sandwich	positive	pleasurable		pickles	positive	beer	positive																	
late nite omelletes are not good here , there is no variety !	omelletes	negative	good																						
after all that , they complained to me about the small tip			small																						
it 's a great place to pick up a cheap lunch or dinner	lunch	positive	great	cheap																					
behind this counter , two men are squeezed in	counter	negative	squeezed																						
whenever you need a sushi fix , mizu will be there with quality fish and great service	sushi fix	positive	quality	great	fish	positive																			
our waitress was sweet and accomodating , not overbearing	waitress	positive	sweet	accomodating																					
went there with my wife and we had to wait for a table even though you could see there many that were empty with not reservation sigh on them	table	negative			reservation sigh	neutral																			
i was really disappointed ant wanted to tell everyone not to go eat or even take out food from there	food	negative	disappointed																						
the website and rating makes this place look wonderful but in reality it was very disappointing	place	conflict																							
despite a slightly limited menu , everything prepared is done to perfection , ultra fresh and a work of food art	menu	negative	limited	perfection	food art	positive					fresh														
the outdoor atmosphere of sitting on the sidewalk watching the world go by 50 feet away on 6th avenue on a cool evening was wonderful	outdoor atmosphere	positive																							
it is not worth for that bucks			worth																						
brick oven gallery is my pick for best pizza restaurant anywhere	pizza	positive	best																						
add to that great service and great food at a reasonable price and you have yourself the beginning of a great evening	service	positive	great	great	food	positive	price	positive			reasonable							great							
for many people , this may not seem like aunthentic thai food because most places in nyc arent quite authentic	thai food	negative																							
oh , do n't even let me start with how expensive the bills were !	bills	negative	expensive																						
the scallion pancakes and fried dumplings were nothing out of the ordinary	scallion pancakes	neutral			fried dumplings	neutral																			
all the appetizers and salads were fabulous , the steak was mouth watering and the pasta was delicious ! ! !	appetizers	positive	fabulous	watering	salads	positive	steak	positive	pasta	positive	delicious														
besides having the table we had been promised given to other restaurant patrons twice before we were actually seated , we were served dishes we had n't ordered three times , received one of our orders 20 minutes after the rest of the table had been served ( and that order was undercooked ) , and charged 45 more than we should have been on our bill	table	negative	undercooked		dishes	negative	table	negative	served	negative															
the food now is inconsistent	food	negative																							
you can also special order any kind of dumpling , etc	dumpling	positive																							
i was pretty much full after our fondue appetizer	fondue appetizer	neutral																							
the octopus eaters were floored by the octopus salad	octopus salad	positive																							
we thought that this place is using too much of msg cooking in the foods	msg cooking	negative	too much																						
and the tom kha soup was pathetic	tom kha soup	negative																							
i started out with a bombay beer which was big enough for two	bombay beer	positive	big																						
the decor is vibrant and eye-pleasing with several semi-private boths on the right side of the dining hall , which are great for a date	decor	positive	vibrant	eye-pleasing	semi-private boths	positive	dining hall	positive			great														
service was quick	service	positive																							
went there for an office lunch	office lunch	neutral																							
i have been doing all of the above at the heartland brewery for over 5 years now and i have never been disappointed !			disappointed																						
the sweet lassi was excellent as was the lamb chettinad and the garlic naan but the rasamalai was forgettable	sweet lassi	positive	excellent		lamb chettinad	positive	garlic naan	positive	rasamalai	negative															
we 've been following chef lyle 's food around new york for 15 years and while remaining classic , his innovations with bistro fare have made us return and return	chef	positive	classic		food	positive	bistro fare	positive																	
the best thing i tasted were the lambchops			best																						
the spicy tuna and salmon are the best we 've ever had	spicy tuna	positive	best		salmon	positive																			
even though its good seafood , the prices are too high	seafood	positive	good		prices	negative																			
in addition , the food is very good and the prices are reasonable	food	positive	good		prices	positive																			
upon entering , we were greeted by the owners , steven and frederick , who went out of their way to be more than gracious hosts	owners	positive	gracious																						
been going here since it opened have seen the quality value decrease considerably	quality value	negative	decrease																						
meat dishes now adorn the selections , although there 's still a large number of vegetarian-friendly choices	meat dishes	neutral	large		vegetarian-friendly choices	positive																			
i never had anything i did n't like here			like																						
reasonable prices			reasonable																						
they bring service up a notch by offerng complementary amuse bouche to all tables and gave us a small dessert for our celebration	service	positive	notch	complementary	amuse bouche	positive	tables	positive	dessert	positive															
try the crunchy tuna , it is to die for	crunchy tuna	positive	die for																						
all in all , this midtown gem instantly became one of my favorite sushi restaurants in the city	sushi	positive	favorite																						
it is a lot of fun with live entertainment and all kinds of disney type special effects	live entertainment	positive	fun	special	special effects	positive																			
no refills on fountain drinks , though	fountain drinks	negative																							
wow over 100 beers to choose from	beers	positive																							
be careful of portions - they 're huge	portions	positive																							
the steak tartare is a great bet , they fix it for you at the table	steak tartare	positive	great																						
my first time there i happened not to like the crab croquette apt that i ordered and they were happy to change it for me without making no big deal	crab croquette apt	negative	like																						
plus , on wednesday nights the house wine is unlimited !	house wine	positive	unlimited																						
it is by far my favorite restaurant in brooklyn			favorite																						
now it 's so crowded and loud you ca n't even talk to the person next to you			crowded	loud																					
love pizza 33..			love																						
even my indian friend could n't believe how good and tasty everything was			good	tasty																					
i 'm from england , and haru 's was the best i had in nyc			best																						
the dim sum servings here are a bit larger than i 'm used to	dim sum servings	neutral	larger																						
however , in the summer of 2003 , it seems the management has changed and the great big door has been replaced for a glass front ridding itself of the dark romantic getup	management	neutral	big		door	positive	glass front	negative																	
we wo n't go to this place again for a good meal			good																						
barbecued codfish was gorgeously moist - as if poached - yet the fabulous texture was let down by curiously bland seasoning - a spice rub might have overwhelmed , however herb mix or other sauce would have done much to enhance	barbecued codfish	positive	moist	fabulous	texture	conflict	seasoning	negative	spice rub	negative	bland	herb mix	negative	sauce	negative			overwhelmed							
after dinner , take your date to the huge dance floor , probably one of the biggest you 'll see in ny	dinner	neutral	huge	biggest	dance floor	positive																			
has the chef and owner changed	chef	neutral			owner	neutral																			
my boyfriend and i recently had an early dinner at artisanal and was satisfied with our experience	dinner	positive	satisfied																						
i absolutely loved this place			loved																						
but do n't ever order bacon late at nite ( either platter or in sandwiches , for that matter do n't from any take out place ) as it is from the morning frying turns out hard almost like bacos , hurt my molars	bacon	negative	hurt		platter	negative	in sandwiches	negative	frying	negative		bacos	negative												
outstanding bagels , but you get what you pay for	bagels	positive	outstanding																						
pizza - the only pizza in nyc that should not have additional toppings - the crust tastes like the best , freshly baked bread !	pizza	positive	best	freshly baked	pizza	positive	toppings	neutral	crust	positive		bread	positive												
if you 're in town , it 's worth searching for another place			worth																						
i found it on a cold night , the perfect spot to warm up	spot	positive	perfect																						
they even have a section in the menu called american chinese food !	menu	negative			american chinese food	negative																			
kalbi and nebbiolo do work together	kalbi	neutral			nebbiolo	neutral																			
best italian food i ever had ( and being italian , that means alot )	italian food	positive	best																						
i will recommend scopa to all of my friends for a place to go for wonderful italian food	italian food	positive	recommend	wonderful																					
located at the end of a magnificent block	located	positive																							
this restaurant is not worth the time , effort , or money to say the least			worth																						
looking around , i saw a room full of new yorkers enjoying a real meal in a real restaurant , not a clubhouse of the fabulous trying to be seen	room	neutral	enjoying	real	meal	positive	clubhouse	negative			real							fabulous							
keep up the good work guys !			good																						
hurley 's is terrific !			terrific																						
they do n't walk around with the trays of dim sum	trays of dim sum	neutral																							
great bar , most gorgeous bartenders you 've ever seen ( specifically the blond lady )	bar	positive	great	gorgeous	bartenders	positive																			
we were planning to get dessert but the waitress basically through the bill at us before we had a chance to order	dessert	neutral			waitress	negative	bill	neutral																	
i really loved the different and inovated touch that 's the cheff gives to the food	cheff	positive	loved	different							inovated														
they came out over cooked and the cheese was almost non existant	cheese	negative	over cooked	non existant																					
my husband and i thougt it would be great to go to the jekyll and hyde pub for our anniversary , and to our surprise it was fantastic			great																						
the food is good , especially their more basic dishes , and the drinks are delicious	food	positive	good		dishes	positive	drinks	positive																	
but the main hit was the whole grilled fish	whole grilled fish	positive	hit																						
i had the tuna tartare with sake , mushroom ravioli with pinot noir , and the chocolate sampler with a dessert wine for 49	tuna tartare	positive			sake	positive	mushroom ravioli	positive	pinot noir	positive		chocolate sampler	positive	dessert wine	positive										
on a hot day it was fabulous to stop in and enjoy lunch			fabulous	enjoy																					
the food is delicious and beautifully prepared along with the friendly and personable service	food	positive	delicious	beautifully							friendly							personable							
i usually go there later at night when i get off work so i do n't have to deal with crowds or lines	crowds	negative																							
pizza here is consistently good	pizza	positive																							
we had a great tiem watching the shows and characters and ar food was just what we were looking for	shows	positive	great		characters	positive	food	positive																	
after 2 tries by the waiter to take it away ( we had n't even looked at it yet , we had full beers yet to drink ) , the manager approached and told us they needed the table for people with reservations	waiter	negative			beers	neutral	manager	negative																	
would n't recomend it for dinner !	dinner	negative	recomend																						
sauce was watery and the food did n't have much flavor	sauce	negative	watery		food	negative																			
my husband and i enjoy sangria			enjoy																						
but after last night , spice grill is the only place i 'm eating indian cuisine	indian cuisine	positive																							
we both opted for a pasta dish and they were served timely and fresh	pasta dish	positive	timely		served	positive																			
first the wrong bread came out with the appetizer , then when i tried to order a second glass of wine for my main course	bread	negative	wrong		appetizer	neutral	glass of wine	neutral	main course	neutral															
not sure where the previous reviewer , lonk , dined , but saul is in a great neighborhood and has great food !	neighborhood	positive	great	great	food	positive																			
in an area sadly lacking in decent thai food , this is one of the best spots	thai food	positive	decent	best																					
make reservations but expect to be delayed 15-20 minutes as the hosting staff was having difficulty seating guests who arrived with a reservation because they probably had a lot of walk ins being so close to time square	reservations	negative	delayed		hosting staff	negative	seating	negative	reservation	neutral															
the food was average or above including some surprising tasty dishes	food	positive	average or above	tasty																					
other apetizers and food	apetizers	neutral																							
the noodle and rices dishes taste great	noodle and rices dishes	positive																							
the food 's as good as ever	food	positive	good																						
the crust is thin , the ingredients are fresh and the staff is friendly	crust	positive	thin	fresh	ingredients	positive	staff	positive																	
also a little more expensive than your average bagel place	bagel	neutral	expensive																						
the food was undercooked-the sauce watery , and the vegetables raw	food	negative	watery		sauce	negative	vegetables	negative																	
the secret is the lunch menu which offers a complimentary appetizer with every entree ordered	lunch menu	positive	secret	complimentary	appetizer	positive	entree	positive																	
i absolutely love this place ! ! !			love																						
the rice was poor quality and was cooked so badly it was hard	rice	negative	poor	badly	quality	negative	cooked	negative																	
we had champagne and caviar and felt like princesses !	champagne	positive			caviar	positive																			
the shrimp scampi was excellent and the antipasti were plentiful	shrimp scampi	positive	excellent		antipasti	positive																			
when my dessert came , there was a candle in it - not because anyone asked for one - but because the waiter must have seen me opening my birthday card and gift , and said he knew it was a special occassion of some sort	dessert	neutral			waiter	positive																			
if it 's just a quick martini at the bar ( which i recommend jeffery 's ) or a mind blowing roast chicken , go to village !	martini	neutral	quick	recommend	bar	neutral	roast chicken	positive			mind blowing														
there was a long wait for a table outside , but it was a little too hot in the sun anyway so our insde table was very nice	wait	negative	long		table	neutral	insde table	positive																	
i would definently recommend this restaurant			recommend																						
if you like spicy food get the chicken vindaloo	spicy food	neutral	like		chicken vindaloo	neutral																			
i love this place !			love																						
i have never been disappointed but their true strength lays in their amazingly delicious and cheap lunch specials	lunch specials	positive	disappointed	amazingly delicious							cheap														
so much more than the usual bar food , go there to enjoy the menu while sampling one of their hand-crafted beers	bar food	positive	more	enjoy	menu	positive	hand-crafted beers	positive			hand-crafted														
a big disappointment , all around			disappointment																						
no free drink			free																						
i would say that all was fine and tasty but the heaviness on my stomach someting that i ca n't not mention or undermine			fine	tasty																					
this is my first time writing a review for a restaurant because the food and service was excellent	food	positive			service	positive																			
do n't waste money on decor			waste																						
they also have a back garden open in the summer - cute and french with outdoor seatin g - what more could you ask for	back garden	positive	cute		outdoor seatin	positive																			
i have never before eaten 40 pieces of relatively good nigiri			good																						
i 'd call it an 'italian dinner '	dinner	neutral																							
while the place is not a hotspot hangout , the drinks are unique and pack a lot of bang for the buck	place	negative	unique		drinks	positive																			
have frequented 'ino for several years and the food remains excellent	food	positive																							
all the food was excellent - considering the quality of food in most moderately priced restaurants is mediocre this was slightly more pricey and well worth it	food	positive	excellent	pricey	quality of food	positive	priced	neutral			well worth														
my friend got the mushroom pizza which tasted better	mushroom pizza	positive																							
i had the cod with paella ( spicy and very filling , i 'm a big eater and could only eat half ) while my boyfriend had the classic fish and chips ( again , a big serving - at least 5 pieces of fish and a basketful of fries )	cod with paella	negative	spicy	filling	fish and chips	negative	serving	negative	fish	neutral	big	fries	neutral					big							
it 's a shame that a nice , convenient place like the pink pony can be so ruined by lousy service	place	positive	nice	convenient							lousy														
the porcini mushroom pasta special was tasteless , so was the seafood tagliatelle	porcini mushroom pasta special	negative	tasteless		seafood tagliatelle	negative																			
try the spicy wontons and the salt pepper shrimps	spicy wontons	positive			salt pepper shrimps	positive																			
the food portions are really large	food portions	positive																							
the fries are yummy	fries	positive																							
best taiwanese food in ny !	taiwanese food	positive	best																						
this place is a great stop for great food			great	great																					
all the pastas are fantastic and the homemade lasagna is some of the best that i have had in the city	pastas	positive	fantastic	best	homemade lasagna	positive																			
fantastic !			fantastic																						
highly recommended for a first date			recommended																						
we laughed when he finally offered us a dessert menu and we left a 10 percent tip , which was generous , i feel	dessert menu	neutral			tip	positive																			
and the prices were way to high for what you get	prices	negative	high																						
yet paired with such rude service , would never recommend for anyone interested in carrying any kind of conversation while there	service	negative	rude	recommend																					
the in-house lady dj on saturday nights has outrageously good taste in music , and moreover , takes requests	in-house lady dj	positive	good		music	positive																			
i need at least three rolls to be full , and that 's at least 14.00 !	rolls	neutral																							
all of it was simply amazing , unique and tasty and best of all it did n't break the bank			amazing	unique							tasty							best							
great wine list , reasonably priced -- sara	wine list	positive	great	reasonably	priced	positive																			
the hot dogs were cold in the middle and the buns were stale	hot dogs	negative	cold		buns	negative																			
beef noodle soup is good as well	beef noodle soup	positive	good																						
the food 's dazzling flavors overwhelm the palate , truly embracing the beauty of authentic thai cuisine	food	positive	overwhelm	embracing	flavors	positive	thai cuisine	positive			authentic														
i recieved prompt service with a smile	service	positive	prompt																						
the place was quiet and delightful	place	positive	quiet																						
best i 've found outside of the chinatown masters			best																						
they are amazing !			amazing																						
the food is a diamond in rough -- the food is delicious and homemade with the perfect balance of herbs and tomatoes	food	positive	diamond	delicious	food	positive	herbs	positive			homemade							perfect							
as much as i like the food there , i ca n't bring myself to go back	food	positive	like																						
the prices and ambience are especially great considering it 's in the west village	prices	positive	great		ambience	positive																			
the soup is pretty good too	soup	positive	good																						
it is so easy to get a reservation at a top place in nyc with a week 's notice	reservation	positive	easy																						
i have never better enjoyed humble root vegetables or a mushroom consomme - and this chef accomplishes without fats	root vegetables	positive	better enjoyed		mushroom consomme	positive	chef	positive																	
if you go to roth 's try to be served by mike , he is great ! !	served	positive	great																						
not the food , not the ambiance , not the service , i agree with the previous reviews you wait and wait , the wait staff are very rude and when you get in they are looking to get you right out	food	neutral	rude		ambiance	neutral	service	neutral	wait staff	negative															
i love ess-a-bagel , but i live on the west side , so i often go to murray 's for convenience			love																						
the pizza was delivered cold and the cheese was n't even fully melted !	pizza	negative	cold	melted	cheese	negative																			
we were very surprised by how good the food was on our first visit here on a sunday night	food	positive	surprised	good																					
nha trang , while being notorious for utter lack of comfort and decor , horribly slow wait staff and horribly quick meals , is one of the best vietnamese restaurants i 've ever been to the pho is delicious and comes with very fresh vegtables	comfort	negative	notorious	lack	decor	negative	wait staff	negative	meals	negative	horribly slow	pho	positive					horribly quick	best			delicious	fresh		
on the other hand , if you are not fooled easily , you will find hundreds of restaurants that will give you service and ambiance that is on par with alain ducasse , and food that will outshine in presentaion , taste , choice , quality and quantity	service	neutral	on par	outshine	ambiance	neutral	food	negative	presentaion	negative		taste	negative	choice	negative	quality	negative								
i live in the neighborhood and my friends meet me down here not only for the bar scene but also the promise of the pizza place at 3am	bar scene	positive																							
if i could rate the people this place would be off the charts - unfortunately - the pizza , sorry - not the best in nyc	people	positive	best		pizza	negative																			
the portions are now very small , the sauces are overly-ambitious usually inedible while the service is still good , the restaurant , due to its popularity , seems frantic	portions	negative	small	inedible	sauces	negative	service	positive			good														
for the price , you can not eat this well in manhattan	price	positive	well																						
the owner is very friendly and a great guy , go try his pizza , you 'll like it !	owner	positive	friendly	great	pizza	positive					like														
the atmosphere is great ! ! !	atmosphere	positive	great																						
it can be a very fun experience with a group , and kids ( 6 and over ) would love it			fun	love																					
i tend to judge a sushi restaurant by its sea urchin , which was heavenly at sushi rose	sea urchin	positive	heavenly																						
the service is a little scatty at times but all is forgiven when the food arrives	service	negative	scatty	forgiven	food	positive																			
the atmosphere is n't the greatest , but i suppose that 's how they keep the prices down	atmosphere	neutral	greatest		prices	positive																			
the pickles were great addition	pickles	positive	great																						
if your favorite chinese food is general tao chicken , then this is not your place	chinese food	neutral	favorite		general tao chicken	negative																			
you must try the shrimp appetizers	shrimp appetizers	positive																							
not only is the cuisine the best around , the service has always been attentive and charming	cuisine	positive	best	attentive	service	positive																			
the production is a symphony , alot of fun to experience.the food sublime for the most part	food	positive	fun	sublime																					
my wife and i have been going to nyc for years and would n't miss roxy , s food is expensive but it 's new york !	food	conflict	expensive																						
it 's like you are transported to the italian countryside , very romantic and filled with antiques			romantic																						
the restaurant was packed at first , so we waited at the bar for about 20 minutes before we were seated	bar	neutral																							
i hate this			hate																						
any if you have a reservation you 'll wait for max 5 minutes - so have a drink at the bar	reservation	positive			drink	neutral																			
whether it 's the parmesean porcini souffle or the lamb glazed with balsamic vinegar , you will surely be transported to northern italy with one bite	parmesean porcini souffle	positive			lamb glazed with balsamic vinegar	positive																			
that place was awesome , , , sally !			awesome																						
finally a reliable chinese restaurant !			reliable																						
but the thing that my wife and i hated was it was so loud and it felt like ' bar ' or ' pub '	bar	negative	hated	loud	pub	negative																			
however , it just so happens that there 's an even more amazing place just down the street			amazing																						
while there are plenty of places to go for a good corned beef sandwich , katz 's has a charm about it	corned beef sandwich	positive	good	charm																					
however , looking at the table next to ours , we both sort of wished we had ordered pizza , which looked perrrrrrrrrfect	pizza	positive																							
priced at upper intermediate range	priced	negative	upper intermediate																						
the fish was adequate , but inexpertly sliced	fish	conflict	adequate	inexpertly																					
i recommend ordering in on a weeknight			recommend																						
try the olive cream cheese or the lox spread on a whole wheat everything bagel	olive cream cheese	positive			lox spread	positive																			
while it 's not nobu , it sure is a great deal and you definitely will leave feeling satisfied and full			great	satisfied																					
they did n't disappoint , service from the second i arrived at the door was extremely pleasant and attentive with almost one server per table	service	positive	disappoint	pleasant	server	positive					attentive														
the rice to fish ration was also good -- they did n't try to overpack the rice	rice to fish ration	positive	good	overpack																					
they used shredded cheese on top !	shredded cheese	neutral																							
katz 's deli is a great ny experience			great																						
the only positive was the wait staff , which was prompt , knowledgable , and likeable	wait staff	positive	positive	prompt							knowledgable														
i could n't reccommend their godmother pizza any higher	godmother pizza	positive	reccommend																						
i am not a vegetarian but , almost all the dishes were great	dishes	positive																							
i was very impressed by this low-key upper eastsider and their authentically thai cuisine ! ! !	thai cuisine	positive	impressed	authentically																					
for the location , the prices are very reasonable	location	neutral			prices	positive																			
the food is okay and the prices here are mediocre	food	neutral	okay		prices	neutral																			
my friend 's food was also the complete opposite of what it 's supposed to taste like ( and look like )	food	negative	opposite																						
i ordered the crab cocktail and it was soaked in a lime juice concoction where all you could taste was the lime	crab cocktail	negative			lime juice concoction	neutral																			
i would like to return and try some of the other menu items when i do n't have to rush off to a show	menu items	positive																							
we have been to this place many times , and always have great food , wine , and service	food	positive	great		wine	positive																			
alain ducasse is the best of everything , i mean everything was excelent.i			best																						
not a typical pizza joint , but good for a low key and fairly cheap nice sit down dinner			typical	good							nice														
the corned beef was tender and melted in my mouth	corned beef	positive	tender																						
the best chicken pad tai , i 've ever had	chicken pad tai	positive	best																						
20 for all you can eat sushi can not be beaten	sushi	neutral																							
over 100 different choices to create your own			different																						
haru serves very fresh fish , has a trendy , modern ambiance , prime location on park avenue south and friendly service	fish	positive	fresh	trendy	ambiance	positive	location	positive			modern							prime	friendly						
warm and friendly in the winter and terrific outdoor seating in the warmer months	outdoor seating	positive	warm	friendly							terrific														
very romantic fires - i 've literally spent hours at lanterna , drinking wine from their extensive wine and enjoying the ambience	wine	positive	romantic	extensive	wine	positive					enjoying														
we got a little tipsy from the sake but is n't that what saturday nights with the girlfriends are all about	sake	neutral	tipsy																						
i loved it and will be back soon			loved																						
always a nice crowd , but never loud	crowd	positive	nice																						
my turkey burger was not cooked at all , my friends salmon was completely raw	turkey burger	negative			salmon	negative																			
the service is spotty , sometimes really friendly and sometimes barely there	service	conflict	spotty	friendly																					
decor is minimalist and clean - nothing to distract or commend	decor	neutral	minimalist	clean																					
his drinks are very inventive , delicious and classy	drinks	positive	inventive	delicious																					
great food , great prices , great service	food	positive	great	great	prices	positive					great														
this is n't your corner chinese food takeout	chinese food	neutral																							
try ordering from the regular menu , then you would not regret !	menu	positive	regret																						
told us to sit anywhere , and when we sat he said the table was reserved	table	negative																							
uni from maine vs california , sea vs freshwater eel ) to get a good taste comparison	eel	neutral	good																						
we started with lox and mussels ( the best ive ever had , ever ) and had the cod and trout for dinner	lox	positive	best		mussels	positive	cod	neutral	trout	neutral															
food is great	food	positive																							
there is a lot of variety even for people who eat vegetarian like me			a lot of																						
i recommend the meatballs and caprese salad and the beans on toast were a wonderful start to the meal !	meatballs	positive	recommend	wonderful	caprese salad	positive	beans on toast	positive	meal	neutral															
this place is incredibly tiny	place	negative																							
i did n't complain , i liked the atmosphere so much	atmosphere	positive	liked																						
the wine is always good , the tapas are always yummy , especially with the warm pita bread	wine	positive	good	yummy	tapas	positive	pita bread	positive			warm														
but when you are seated the waitresses are great , they explain everything on the menu , and the price of the food is really cheap for the service you get	waitresses	positive	great	cheap	menu	neutral	price	positive	food	neutral		service	positive												
i 've been to several places for dim sum and this has got to be the worst	dim sum	negative																							
i love this place			love																						
go to volare for 1st class service and terrific food	service	positive	1st class	terrific																					
it 's super-trendy and there 's always someone to take that empty seat , so it seems that customer service has been deemed not of the essence	seat	neutral	super-trendy		service	positive																			
dinner took almost 4 hours without any lag time	dinner	negative																							
the people in the restaurant were pretty obnoxious and loud	people	negative	obnoxious																						
the sandwiches are dry , tasteless and way overpriced	sandwiches	negative	dry	tasteless																					
the fried rice is really good too	fried rice	positive	good																						
we were well attended to by the enthusiastic staff especially the manager tony gaskin who made excellent suggestions for our menu selections	staff	positive	well	enthusiastic	manager	positive	menu selections	positive			excellent														
made my dining experience uncomfortable	dining experience	negative																							
still stay away , the table next to us walked out after my table and aanother were serves eventhough they were there much longer	serves	negative																							
i was with a party of 7 ( close but not next the the front doors ) and we were eating with our coats on	front doors	neutral																							
a very inviting restaurant , with friendly service			inviting	friendly																					
the back garden sitting area is very pleasant , where you can see their personal herb garden	back garden sitting area	positive	pleasant		personal herb garden	positive																			
i was very disappointed with this restaurant			disappointed																						
the drinks are always welll made and wine selection is fairly priced	drinks	positive	fairly		wine selection	neutral																			
we also had shared a house salad that was fresh	house salad	positive																							
the ceiling is amazing !	ceiling	positive	amazing																						
i 'm glad i was introduced to this place and this is a rare gem in ny			glad																						
and at the conclusion of this culinary nightmare the check was given to our table by knocking over a glass of water	check	neutral			table	neutral	glass of water	neutral																	
the space is a bit too small for live music , so on jazz nights , it can be loud and cramped	space	negative	small	loud	live music	neutral	jazz nights	neutral																	
food was average but tasty	food	positive	average																						
big wong gets big ups for a fine establishment			fine																						
the entree was bland and small , dessert was not inspired	entree	negative	bland	small	dessert	negative																			
i highly recommend it			recommend																						
oh and it 's too tiny for families with strollers			tiny																						
the staff was the friendliest that have seen in new york	staff	positive	friendliest																						
with the exception of our lemon salad that had so much pepper on it that our eyes started watering , the food here was decent , not great	lemon salad	negative	decent		pepper	negative	food	neutral																	
the pad thai , lad nar and various other dishes all look good on paper but , i 've had better thai food in less asthetically pleasing places	pad thai	conflict	good	better	lad nar	conflict	dishes	conflict	thai food	neutral	pleasing														
delicious food at a great price but do not go here on a cold day and sit by the front door	food	positive	delicious	great	price	positive	front door	neutral																	
my picks guizhou chicken , fish with hot bean source , fish fillet in spicy source ( special menu )	guizhou chicken	positive			fish with hot bean source	positive	fish fillet in spicy source	positive	special menu	positive															
overall , i 'm still impressed that the place even exists and the prices are quite decent but then again , its chinatown	prices	positive	impressed	decent																					
admittedly some nights inside the restaurant were rather warm , but the open kitchen is part of the charm	open kitchen	positive	warm																						
my six year old loved it			loved																						
pizza was a little soggy	pizza	negative																							
the food inludes famous scrumptious bombay style chaat such as bhelpuri , sevpuri and samosa chaats , as well as other great indian appetizers	food	positive	scrumptious	great	bombay style chaat	positive	bhelpuri	positive	sevpuri	positive		samosa chaats	positive	indian appetizers	positive										
the singapore mai fun had no curry flavor whatsoever	singapore mai fun	negative			curry flavor	negative																			
the only problem is that the manager is a complete incompetent	manager	negative																							
i 'm still mad that i had to pay for lousy food			mad	lousy																					
this restaurant used to be our regular thursday night dinner location	dinner location	neutral																							
definite go if you 're used to good indian restaurant food from abroad	indian restaurant food	positive	good																						
thr at moshphere is compact , modern , yet cozy	at moshphere	positive	compact	modern																					
by far , the best pizza in manhattan	pizza	positive	best																						
the waiter actually poured water on my hand and walked away	waiter	negative			water	neutral																			
worse of all , 60 was erroneously added to our 80 bill			worse	erroneously																					
too cold to enjoy			cold																						
no more reservations , expensive tips and annoying stuff	reservations	positive	expensive	annoying	tips	positive																			
try the sea bass	sea bass	positive																							
20 gets you unlimited sushi of a very high quality - i even took a friend here from japan who said it was one of the best sushi places in the us that he has been to	sushi	positive	unlimited	high	quality	positive	sushi places	positive			best														
inside is a little cramped , but to be expected			cramped																						
during our meal , the management came over and checked on us and even bought us a round of drinks	meal	neutral			management	positive	round of drinks	neutral																	
but they do n't have a toaster , which is strange	toaster	negative																							
so , for good food i 'd recommend it , but not for a fun night out	food	positive	good	recommend																					
a must for all the dosa lovers	dosa	positive	must																						
the portions are huge , so it might be good to order three things to split ( rather than one appetizer and entree per person ) for two people	portions	positive	huge	good	appetizer	neutral	entree	neutral																	
someone else recommended the dessert - we also left that	dessert	negative	recommended																						
the exotic food is beautifully presented and is a delight in delicious combinations	exotic food	positive	beautifully	delicious																					
the staff is very attentive and we can almost always get a table	staff	positive	attentive																						
if you are a vegetarian , this really is n't a good place to go			good																						
try the mediterranean salad , it is a true experience for your taste buds ! !	mediterranean salad	positive	true																						
this quaint and romantic trattoria is at the top of my manhattan restaurant list			quaint	romantic																					
i 've been there three times and have always had wonderful experiences			wonderful																						
people are always friendly	people	positive																							
the cream cheeses are out of this world and i love that coffee ! !	cream cheeses	positive	out of this world	love	coffee	positive																			
from the entrees to the sides to the drinks , everything was creatively prepared yet still simple	entrees	positive	creatively prepared		sides	positive	drinks	positive																	
service was prompt and courteous	service	positive	prompt																						
it was not above ordinary and the beef version had cheap ( undercooked ) beef	beef version	negative	above ordinary	cheap							undercooked														
chance is a small cozy restaurant , with a romantic feel to it , the decor is great	decor	positive	cozy	romantic																					
got club soda , filled with ice , no lime	club soda , filled with ice , no lime	neutral																							
only wine and beer are served , but the house varities are actually quite good	wine	neutral			beer	neutral	served	negative	house varities	positive															
this place must have cost the owners afortune to build	cost	negative			owners	neutral																			
oh , and the complimentary pudding dessert was just enough- yummy !	pudding dessert	positive	yummy																						
we split a tasty vegetable samosa and the malai tikka wrap	vegetable samosa	positive	tasty		malai tikka wrap	positive																			
knowledge of the chef and the waitress are below average	chef	negative	below average		waitress	negative																			
decent wine selection too	wine selection	positive	decent																						
go with a group of friends and you will have a great time			great																						
it saves walking in and waiting for a table in the often noisy , crowded bar at dinnertime	waiting	negative	noisy	crowded	table	negative	bar	negative																	
i have to say i have never had a disapointing meal here	meal	positive	disapointing																						
it 's one of our favorite places to eat in ny			favorite																						
the place does get crowded , so i recommend going between 4-5 pm			crowded																						
disappointing food , lousy service	food	negative	disappointing	lousy																					
i 'm from sichuan , this is the restaurant i recommend going			recommend																						
this lovely french-asian fusion restaurant stands out amongst other great restaurants on smith street			lovely	great																					
if you want a casual neighborhood bistro that has great food and excellent service , this is the place	food	positive	casual	great	service	positive					excellent														
great place to go for a drink too because they have 100 kinds of beer	drink	neutral	great		kinds of beer	positive																			
over price , and small portions	price	negative	over	small																					
but their best dish is thh thai spiced curry noodles with shrimp - a dish that would cost 23.95 is most places , but it is 16 here	dish	positive	best		thai spiced curry noodles with shrimp	positive	dish	positive	cost	positive															
good , dark atmosphere and the music is a nice touch	atmosphere	positive	good	dark	music	positive					nice														
my husband said the portions were very small , but if my main cours e was good to eat the portion would 've been fine for me	portions	negative	small	good	main cours	negative	portion	positive			fine														
this thai restaurant is a couple blocks away from sripraphai ( another delicious thai restaurant )			delicious																						
our friendly server made great food suggestions and also sent both the sommelier and the fromager to the table to help suggest different pairings for wine and cheese	server	positive	friendly	great	food suggestions	positive	sommelier	positive	fromager	positive		wine	neutral												
perhaps the last reviewer ( who stated she was treated with attitude ) lives in a parallel universe because i have never had anything but a perfect experience at yasuda			perfect																						
that said , i thought scalini fedeli was one of the best dining experiences i 've ever had			best																						
because we did n't have a reservation , we could only sit in the back garden , but it was great , secluded and perfect in nice weather	reservation	negative	great	secluded	back garden	positive					perfect														
stuffing yourself with japanese food is a rare thing	japanese food	neutral	rare																						
while the food was good ( certainly no il mulino ) the service was horrendous	food	positive	good		service	negative																			
it is expensive but well worth the money			expensive	well worth																					
service is not what one would expect from a joint in this price category	service	negative	expect		price category	negative																			
our family never expected such incredible entertainment in a restaurant	entertainment	positive	incredible																						
i would recommend reservations on weekends though	reservations	neutral	recommend																						
great pizza for lunch place	pizza	positive	great																						
the food was very expensive ( we spent 160 for lunch for two ) but extremely tasty	food	conflict	expensive		lunch	negative																			
we were a group of 8 and well seved			well																						
i love their spicy scallop roll , and my boyfriend consistently gets the sesame chicken	scallop roll	positive	love		sesame chicken	positive																			
i 'm no food critic , but i 'd like to think i have a tiny bit of experience under my belt having lived in ny for the last 11 years	food	neutral																							
best dish is nori-wrapped tuna	dish	positive	best		nori-wrapped tuna	positive																			
some servers make you feel like they are doing you a favor to bring you the food	servers	negative																							
an excellent alternative to fast food joints and ordering in but , the food was slightly disappointing	fast food	negative	excellent		food	negative																			
mermaid inn is an overall good restaurant with really good seafood			good	good																					
the staff is also attentive and friendly	staff	positive	attentive																						
the all you can eat deal is truly amazing here	all you can eat deal	positive	amazing																						
that is a problem since we paid about 20 bucks a dish , and had to order 5 dishes to get a decent taste	dish	negative	decent		dishes	negative																			
they were such a rip-off ( 8.95 for four small meat patties in steamed buns ) and not worth trying	meat patties in steamed buns	negative	rip-off	worth																					
all of the pizzas are terrific and the price is even better !	pizzas	positive	terrific	better	price	positive																			
it is about food and ambiance , and imagine how dreadful it will be it we only had to listen to an idle engine	food	negative	dreadful		ambiance	negative																			
the food was good too	food	positive	good																						
immediately after we paid , the waiter took the money and said , okay , you guys are outta here	waiter	negative																							
the menu seemed to have a wide variety of dishes for seafood lovers and interesting ways of preparing them	menu	positive	wide	interesting	variety of dishes	positive	seafood	positive																	
the white bean brushetta to start was incredible and the pasta was phenomenal	white bean brushetta	positive	incredible		pasta	positive																			
the rest of the menu is limited by everything is good eats	menu	conflict	limited	good																					
the menu is nothing like the one on the website	menu	negative																							
great food , great lay out and awesome service	food	positive	great	great	lay out	positive					awesome														
ive asked a cart attendant for a lotus leaf wrapped rice and she replied back rice and just walked away	cart attendant	negative			lotus leaf wrapped rice	neutral	rice	neutral																	
chennai garden is my favorite indian restaurant in the city			favorite																						
my roommate and i love this place			love																						
i have lived in japan for 7 years and the taste of the food and the feel of the restaurant is like being back in japan	taste	positive			food	positive	feel	positive																	
not worth it			worth																						
they have it all -- great price , food , and service	price	positive	great		food	positive																			
so close , but not good enough			good enough																						
the flavors are great , and the menu is extensive	flavors	positive	great		menu	positive																			
the food was amazing , the service was so attentive and personable , and how about that ambience !	food	positive	amazing	attentive	service	positive	ambience	positive																	
this place has the best interior i have seen anywhere in the northside of w'burg , and will impress whoever you bring there	place	positive	best	impress	interior	positive																			
the food has been consistant for years and it never lets you down	food	positive	consistant																						
i found the variety of the sashimi plate to be satisfying - fresh and yummy	sashimi plate	positive	satisfying	fresh																					
and forget what you read under me , the atmosphere is n't that bad either	atmosphere	neutral	bad																						
we could n't carry our conversation as we were routinely interrupted by waitress and servants asking us to order and hinting that we 're taking too much time -- amazing , we just sat down	waitress	negative	interrupted		servants	negative																			
sometimes i get good food and ok service	food	positive	good	ok																					
it 's a place for people who pay a lot for mediocre food , noise and a chance to be with their fellow bridge and tunnel folks	food	neutral	mediocre		noise	negative																			
this was a great surprise			great surprise																						
the food was spicy and delicious	food	positive	spicy																						
a little overpriced but worth it once you take a bite			overpriced	worth																					
bartender was unable to tear himself away from friends at bar	bartender	negative	unable																						
anyways , if you 're in the neighborhood to eat good food , i would n't waste my time trying to find something , rather go across the street to tamari	food	positive	good																						
dahkin also offers prix fixe lunch and buffet	prix fixe lunch	positive																							
although the place could be a little more eye catching and roomier , at the same time , it does n't really matter	place	conflict	eye catching	roomier																					
great place to grab a hot bagel on the way to work	hot bagel	positive	great																						
one would think we 'd get an apology or complimentary drinks - instead , we got a snobby waiter would n't even take our order for 15 minutes and gave us lip when we asked him to do so	drinks	neutral	snobby		waiter	negative																			
one of my favorite places in manhattan			favorite																						
we were looking forward to nice glass of sangria when we arrived	glass of sangria	positive	nice																						
i would highly recommand requesting a table by the window	table by the window	positive																							
while we enjoyed the food , we were highly disappointed by the poor service ( waiter was not quite competent and slow service ) and lack of remorse	food	positive	enjoyed	disappointed	service	negative	waiter	negative	service	negative	poor							competent	slow			lack			
i stumbled upon this great pizzeria as i explored my new neighborhood			great																						
after hearing a lot of great things about the restaurant , and passing by it on a daily basis , we decided to try			great																						
the service , however , was a bright flower in a garden	service	positive	bright																						
we 've been to grocery three times and not once has an item on the menu disappointed	menu	positive																							
the food is very good too but for the most part , it 's just regular food , nothing special	food	positive	good	regular	food	neutral					nothing special														
a touch more jalapeno heat for contrast and it would have been very good indeed	jalapeno	positive	good																						
tried the pad see ew on the recommendation of the last reviewer since it 's one of my favorite dishes	pad see ew	neutral	favorite																						
the location is perfect	location	positive																							
guacamole+shrimp appetizer was really great , we both had the filet , very good , did n't much like the frites that came with , but the filet was so good , neither of us cared	guacamole+shrimp appetizer	positive	great	good	filet	positive	frites	negative	filet	positive	good														
the lunch special is an asbolute steal	lunch special	positive																							
nothing fancy but really good food with pretty reasonable price	food	positive	nothing fancy	good							reasonable														
the chicken pot pie is excpetiona , the cheeseburger huge and delictable , and the service professional wan warm	the chicken pot pie	positive	huge	delictable	cheeseburger	positive	service	positive			professional														
while i quite liked the food and the ambience , i 'm not quite sure if it they really deserve it the michelin rating they have displayed so prooudly in the window	food	positive	liked		ambience	positive																			
i 'm surprised about some of the bad reviews posted here - i 've been to tamarind about 5 or 6 times and always come away extremely satisfied and looking forward to returning			satisfied																						
there are a few italian employees who may not speak the best english but for me that adds to the experience	employees	conflict	best																						
not worth the prices			worth																						
from the moment you enter till the moment you walk out the friendly and helpful staff was was just fantastic	staff	positive	friendly	helpful																					
service was good and food is wonderful	service	positive	good		food	positive																			
she gets 10 for her excellent service and advice	service	positive	excellent																						
the quality of food at this restaurant accompanied by fantastic live jazz makes this place a perfect 10 !	quality of food	positive	fantastic	perfect	live jazz	positive																			
( always ask the bartender for the seasonal beer ! ! !	bartender	neutral			seasonal beer	positive																			
if your visiting , you 'll enjoy the ambiance and the fact that it 's in time sq	ambiance	positive	enjoy																						
sandwiches tho pricey are over stuffed - can serve 2 persons easily thus cost effective !	sandwiches	conflict	pricey	over stuffed							cost effective														
service and food is what any one would expect when spending that type of money	service	neutral	expect		food	neutral																			
love the atmosphere - felt like i was in paris	atmosphere	positive	love																						
every course was better than the next	course	positive	better																						
not cheap , but not that expensive either			cheap	expensive																					
the staff is incredibly helpful and attentive	staff	positive	helpful																						
if presentation and service is your thing , then this magic show works	service	positive																							
apparently , the good cook works then	cook	positive	good																						
i was pleasantly suprised			pleasantly suprised																						
the yellowtail was particularly good as well	yellowtail	positive	good																						
i ate clams oreganta and spectacular salad with perfectly marinated cucumbers and tomatoes with lots of shrimp and basil	clams oreganta	positive			salad with perfectly marinated cucumbers and tomatoes with lots of shrimp and basil	positive																			
the menu changed , portions were even smaller than before , a lentil dish was salty beyond edibility , a basmati rice dish lacked flavor	menu	negative	changed	smaller	portions	negative	lentil dish	negative	basmati rice dish	negative	salty							lacked							
spice is sleek , modern and cool with a menu that will not hurt your wallet	menu	positive	sleek	modern							cool														
patroon features a nice cigar bar and has great staff	cigar bar	positive	nice	great																					
very affordable and excellent ambient !	ambient	positive	affordable	excellent																					
i have never had cheescake like this	cheescake	positive																							
bill a little high , but worth it	bill	conflict	high	worth																					
everyone i bring here always loves it			loves																						
my co-workers had to wait almost an hour for delivery , only to discover that what they got was not what they ordered	delivery	negative																							
worth a visit			worth																						
its a go-to for dates as well as entertaining out of town guests	entertaining	positive																							
why do people rave about the ambience			rave																						
were meeting up with some friends for a drink at lafayette 161 and happened to walk by thai angel famished	drink	neutral																							
fluke sashimi drizzled with jalapeno-lime olive oil , the fruit of the oil nicely highlighting the fish 's sweetness	fluke sashimi	positive	nicely		jalapeno-lime olive oil	positive	fruit of the oil	positive	fish	positive															
great sushi experience	sushi	positive	great																						
if you 're looking for a great meal at a decent price , go to del frisco 's !	meal	positive	great	decent	price	positive																			
my steak au poivre was one of the worst i 've had	steak au poivre	negative	worst																						
on a recent sunday afternoon , a friend and i accidently found this great restaurant on our way to see the pulitzer prize winning play doubt			great																						
the owner and staff are all japanese as well and that adds to the entire ambiance	owner	positive			staff	positive																			
try the congee and the donut like deep fried dough they call ow ley soh , a delicious and sweet tasting bread	congee	positive	delicious	sweet tasting	donut like deep fried dough they call ow ley soh	positive																			
although the tables may be closely situated , the candle-light , food-quality and service overcompensate	tables	negative	closely situated		candle-light	positive	food-quality	positive	service	positive															
the food was delicious and the waiter was incredibly helpful and attentive ( considering we were the only ones there for the first hour )	food	positive	delicious	helpful	waiter	positive					attentive														
from the spectacular caviar to the hospitable waitstaff , i felt like royalty and enjoyed every second of it	caviar	positive	spectacular	hospitable	waitstaff	positive					enjoyed														
i will be going back and heartily recommend it !			recommend																						
definitely worth the trip to battery park city !			worth																						
perhaps this food is considered extreme to an upper east side resident , but for the rest of us who 've actually eaten ethnic food , this is simply dull	food	conflict	extreme		ethnic food	negative																			
the place was real empty but that was because this was the first sunday they ever opened	place	negative	empty																						
this little place definitely exceeded my expectations and you sure get a lot of food for your money	place	conflict	exceeded	a lot of	food	positive																			
ambience is delightful , service impeccable	ambience	positive	delightful		service	positive																			
service was excellent , and the ac worked very well too ( thank god , it was hot ! )	service	positive	excellent	well	ac	positive																			
tasty but expensive			tasty																						
both are delicious , the cooks are friendly and are willing to take a moment and speak to you and shake your hand	cooks	positive	delicious	friendly																					
my friend ordered some of their special sushi rolls which had excellent presentation and tasted great !	sushi rolls	positive	excellent	great																					
although be warned their dinner menu to sit and take ou t prices are different	dinner menu to sit	neutral	warned		take ou	neutral	prices	neutral																	
the staff was accomodating , the food was absolutely delicious and the place is lovely	staff	positive	accomodating	delicious	food	positive	place	positive																	
they smell like they stuff them with old canned vegetables like the spinach mushroom calzone	canned vegetables	negative	old		spinach mushroom calzone	negative																			
to celebrate a birthday , three of us went to mare anticipating great food			great																						
there was a great deal for 6 blue point oysters and a beer or glass of wine for 8 !	blue point oysters	neutral	great		beer	neutral	glass of wine	neutral																	
i went to pams with my girlfriend , and i love it			love																						
i am relatively new to the area and tried pick a bgel on 2nd and was disappointed with the service and i thought the food was overated and on the pricey side	service	negative	disappointed	overated	food	negative					pricey														
the staff was knowledgeable and full of personality	staff	positive	knowledgeable																						
great staff			great																						
only complaint would be that at an average cost of 12- 15 per meal , i 'd like not to have to worry about finding a seat !	cost	negative	complaint	average	meal	neutral	seat	negative			worry about														
to finish off such a delightful dinner experience you must have dessert , especially the white chocolate bread pudding with gelato and hot chocolate	dinner	positive	delightful		dessert	positive	white chocolate bread pudding with gelato and hot chocolate	positive																	
the banana tower is an amazing dessert as well	banana tower	positive	amazing		dessert	positive																			
excellent atmosphere , delicious dishes good and friendly service	atmosphere	positive	excellent	delicious	dishes	positive					good							friendly							
a cool place to hang with your friends for a couple of healthy drinks and desserts	place	positive	cool	healthy	drinks	positive																			
great vibe , lots of people	vibe	positive	great																						
i like mamoun 's food as well , but side by side , kati rolls just produce tastier food hands down	food	positive	like	tastier	food	positive																			
the service is a bit slow , but harkens back to my years growing up in napoli , italy where things are not rushed and when you sit down for dinner the table is yours all night	service	negative	slow		dinner	neutral	table	positive																	
i love this place !			love																						
but that was n't the icing on the cake a tiramisu that resembled nothing i have ever had	icing on the cake	negative			tiramisu	negative																			
great food and the prices are very reasonable	food	positive	great		prices	positive																			
wine list is not huge but def well selected	wine list	conflict	huge																						
a cool bar with great food , and tons of excellent beer	bar	positive	cool	great	food	positive					excellent														
the ambience is authentic and relaxing and we have always received attentive and prompt service	ambience	positive	authentic	relaxing							attentive							prompt							
fresh , authentic , french cuisine in substantial portions	french cuisine	positive	fresh	authentic							substantial														
drinks got screwed up , she acted put upon	drinks	negative	screwed up																						
the one vegetarian entree ( abby 's treasure ) was actually quite a surprise - it was delicious and had wintermelon covering an assortment of fresh mushrooms and vegetables	vegetarian entree	positive	surprise	delicious	abby 's treasure	positive	wintermelon	positive	assortment of fresh mushrooms and vegetables	positive	fresh														
at 5 dumplings for 1 , you just can not go wrong	dumplings	positive																							
but the pizza is way to expensive	pizza	negative																							
and the staff is also young , energeic and hot ! ! ! !	staff	positive	young	energeic							hot														
even better , they know how to cook french classics like steak au poivre and onglet without burning it to death or overcooking it	steak au poivre	positive	better		onglet	positive																			
service was decent , but not as smooth as i would expect from a place with these prices and reputation	service	conflict	decent	smooth	prices	negative																			
we had a wonderful meal at naples 45 a month ago on a visit to nyc	meal	positive	wonderful																						
good drink			good																						
great food ( spinach and corn dumplings and massamman curry ) , very friendly and no nonsense service and a clean and funky bathroom	food	positive	great	friendly	spinach and corn dumplings	positive	massamman curry	positive	service	positive	nonsense							clean	funky						
romantic if you want it to be ( brightly lit )			romantic																						
i recommend it !			recommend																						
my chow fun and chow see was really bland and oily	chow fun and chow see	negative	bland																						
even though i made the reservation at 3pm for the same night through dinnerbroker , we were seated at a table with one of the best view !	reservation	positive	best		seated	positive	table	positive																	
we did notice however , that some tables had what looked like pita instead of naan	pita	negative																							
the grilled cheese at home afterwards was better. ! !	grilled cheese	positive																							
the red sliding doors may be unique but they do not block off the cold air from the outside	doors	conflict	unique																						
the food is expensive , but worth every bite	food	conflict	expensive	worth																					
when we were finally seated our waitress came by twice-1 for our order and 2-for our check	waitress	negative																							
in summer-eat outside on a terrace ( another great feature of suan ) ! ! !	terrace	positive	great																						
we did have to wait at the bar for approx	bar	neutral																							
you fellas above says its the best taiwanese restaurant in town			best																						
if you love seafood , you would love this place !	seafood	positive	love	love	place	positive																			
good , fast service			good	fast																					
dakshin is one of the few affordable and tasty indian restaurant in the upper east side			affordable	tasty																					
they charge different prices all the time	prices	negative	different																						
i was in love with pongsri on 48th , but compared to suan it is slow in service and overpriced	service	negative	love	slow																					
it 's charmingly small and that leads to an atmoshere that is extremely cozy and romantic , even	atmoshere	positive	charmingly small	cozy							romantic														
it is obvious that no one in the restaurant has any idea about or experience with japanese cuisin e	japanese cuisin	negative																							
in terms of the food itself -- nothing special , we limited ourselves to several appetizers	food	neutral	nothing special	limited																					
love the jazz bands on fri and sat	jazz bands	positive	love																						
overall , excellent restaurant !			excellent																						
to begin , we were told there was a 30 minute wait and started to leave , when the hostess offered to call us on our cell phone when the table was ready	wait	negative			hostess	positive	table	positive																	
the servers give you some sample slices of your order while you wait ( shortly i might add )	servers	positive																							
the service was ok	service	neutral																							
i ate here for the first time and absolutely loved it !			loved																						
the manager claimed that he could not compensate us for anything on the bill which just shows the lack of sophistication from the entire group	manager	negative	lack		bill	neutral																			
this is by far my favorite place in the neighborhood			favorite																						
but too far east !			far																						
highly highly highly recommended !			recommended																						
it 's the only place you can get yummy authentic japanese comfort food	japanese comfort food	positive	authentic																						
we came here on a crowded saturday night and were seated right away despite being 15 minutes late for our reservation	seated	positive	late																						
this place is cool enough to be in the east village , but french enough to make you feel like you could be in a bistro in a back alley in paris			cool																						
we were fast to order the appetizer platter since we were very hungry	appetizer platter	neutral	fast																						
no dress codes , no attitudes , plenty of comfort companionship , a great place to relax in an always busy midtown	dress codes	positive	great		attitudes	positive	place	positive																	
largest and freshest pieces of sushi , and delicious !	pieces of sushi	positive	largest	freshest							delicious														
even the pasta is delicious here ( a rarity in new york pizza restaurants )	pasta	positive	delicious																						
but when we looked at the menu , there were n't a lot of choices , most of them were dumplings in the appetizer section	menu	negative	a lot of		dumplings	neutral	appetizer	negative																	
maybe i say so because it looked promising for people who like artery-clogging jewish deli food , but turns out to be poorly run and awful	jewish deli food	conflict	like	poorly																					
after my 3rd time the manager remembered me and treated me like an usual customer	manager	positive																							
when he 's not making authentic neapolitan pizza in the open brick oven or lightly frying zucchini blossoms , he 's visiting the regulars ( a growing legion ) and checking on newcomers	neapolitan pizza	positive			zucchini blossoms	positive																			
wait staff is blantently unappreciative of your business but its the best pie on the uws !	wait staff	negative	unappreciative	best	pie	positive																			
the ingredients taste fresher , the crust is thinner and crispier , the slice is less oily , and it 's never burnt like it occasionally is at joe 's	ingredients	positive	fresher	thinner	crust	positive	slice	positive			crispier							oily							
the prices were cheap compared to the quality of service and food	prices	positive	cheap		service	positive																			
top spot in town for vietnamese classics , better than places that cost a lot more	vietnamese classics	positive	top	better																					
less wait time for me !	wait time	positive	less																						
this was the perfect quiet , relaxing , and delicious accompaniment to our afternoon of theater			quiet	relaxing							delicious														
having discovered ping 's on the internet , we entered with qualms but were instantly put to ease by the fish tanks that greet you as u walk in	fish tanks	positive																							
you can not go wrong at the red eye grill			wrong																						
it appears to be the owner 's first venture and it shows	owner	negative																							
i come from a family of pizzeria owners , and i 'm almost ashamed to say that the pizza in fornino 's blows my families receipies away	pizza	positive	ashamed																						
we ordered some beef and noodle soup dishes from the thai section of the menu but nothing we got was thai	beef	negative			noodle soup dishes	negative	menu	negative																	
they have a huge selection of different cream cheeses and all of their salads are great	cream cheeses	positive	huge	different	salads	positive																			
the lobster sandwich is good and the spaghetti with scallops and shrimp is great	lobster sandwich	positive	good		spaghetti with scallops and shrimp	positive																			
the dim sum is delectable while the prices are quite easy on the wallet	dim sum	positive	delectable	easy	prices	positive																			
the worst excuse for japanese food i 've ever encountered	japanese food	negative	worst																						
a million better places to go in the city			better																						
okay-i do n't mind the oily part ( cause most are cooked that way ) but it was way too bland			oily																						
i ordered a chicken teriyaki dish and found that the chicken was extremely dry	chicken teriyaki dish	negative			chicken	negative																			
i love it			love																						
we had pam 's special fried fish and it was amazing	pam 's special fried fish	positive	special																						
there is no excuse for such lousy service !	service	negative	lousy																						
my boyfriend had the new england chowder it was good but i think the award should go to the lobster bisque	new england chowder	positive	good		lobster bisque	positive																			
so , a little inconsistency there but either way , both pizzas were really good	pizzas	positive																							
overall the restaurant is more expensive than our other sushi favorites , but everything was delicious	sushi	neutral	expensive																						
i had the duck breast special on my last visit and it was incredible	duck breast special	positive																							
i must say it 's a little pricey for the food because it was not as spectacular as the view	food	negative	pricey	spectacular																					
these innovators of french indian fusion do a great job of making dishes as interesting as possible while still being accessible	french indian fusion	positive	great	interesting	dishes	positive																			
just do n't take the seat between the bar and the back half of the restaurant , i saw a woman get nudged 40times sitting there	seat	negative			bar	neutral																			
no gimmicks here -- the food speaks for itself in its freshness and preparation	food	positive																							
we were worried we would have trouble getting in , but somehow managed to have a short wait			short																						
everything i had was good , and i 'm a eater			good																						
the service is awful -- the last time i was there ( and i do mean the last time ) we were told that they needed our table so we would have to leave	service	negative	awful		table	negative																			
we could only get through an appetizer and cheese fondue	appetizer	neutral			cheese fondue	neutral																			
to me it exemplifies soho , cute , artsy , interesting			cute	artsy																					
both times we waited well over a half hour for a table ( even though we had reservations )	table	negative			reservations	negative																			
happy to be a regular at this place and would warmly recommend it to anyone			happy	recommend																					
i 've been eating at taj mahal for over twenty years and have found them to be the most excellent of the indian eateries on this block of indian restaurants			excellent																						
night without a reservation , we had to wait at the bar for a little while , but the manager was so nice and made our wait a great experience	reservation	neutral	nice	great	bar	neutral	manager	positive	wait	positive															
try the green curry ! ! !	green curry	positive																							
we were also seated promptly at the time of our reservation and the service was very quick and professional	reservation	positive	promptly	quick	service	positive																			
you rarely have to wait for a seat and the currys ( masaman , green , red ) are full of flavor and come super spicy if you ask for it	seat	positive	rarely	full	currys ( masaman , green , red )	positive	flavor	positive																	
the food there are sastifying	food	positive																							
i highly recommend to anyone to give this place a try			recommend																						
i highly recommend visiting this restaurant and having dinner and drinks !	dinner	positive	recommend		drinks	positive																			
the bar is very well stocked with interesting beers and well priced wines	bar	positive	well stocked	interesting	beers	positive					well														
last memorial day , i tried to make reservations but was told they were closed that weekend ( interesting , but )	reservations	negative																							
the food was good	food	positive																							
i have enjoyed everything i have ever gotten and the fish is so fresh and always prepared in a great way	fish	positive	enjoyed	fresh							great														
i love to visit murrays for my bagel fix	bagel	positive	love																						
we made early dinner reservations and were thoroughly impressed , reminds me of my grandfather , its old school italian scenery with lots of fun stuff to admire	dinner reservations	positive	impressed		scenery	positive																			
the place was nice and calm	place	positive	nice																						
cheese plate is a varied delight and great bargain at 10	cheese plate	positive	varied	great																					
i could have drank 4 glasses of water and still been parched - so watch out	glasses of water	neutral	parched																						
when we sat , we got great and fast service			great	fast																					
most of the servers are very attentive , friendly and quite attractive	servers	positive	attentive	friendly																					
service is average	service	neutral																							
but they 've done a really nice job of offering all the typical pizzeria faves plus some terrific specials like the godmother pizza ( a sort of traditional flat pizza with an olive oil-brushed crust and less tomato sauce than usual )	specials	positive	nice	typical	godmother pizza ( a sort of traditional flat pizza with an olive oil-brushed crust and less tomato sauce than usual )	positive					terrific														
they forgot a sandwich , did n't include plastic forks , and did n't include pita with the hummus platter	sandwich	neutral	forgot		plastic forks	neutral	pita	neutral	hummus platter	neutral															
the steak is good , the fish is good and the sushi was surprisingly great	steak	positive	good	good	fish	positive	sushi	positive																	
i am reluctant to write because i would not want my jem of a pizza place to become overcrowded	pizza	positive																							
the service was poor , restaurant poorly lit , staff not very attentive and i would have rather eaten at a mcdonald 's than this joint	service	negative	poor	poorly	staff	negative					attentive														
my gf and i still choose to eat there a lot because of diverse cocktails , the chill decor , and the decent sushi	cocktails	positive	diverse	decent	decor	positive																			
we ended the dinner with a surprisingly light and flaky apple tarte tatin	dinner	neutral	light	flaky	apple tarte tatin	positive																			
the buffet had a nice selection	buffet	positive	nice																						
this restaurant is such a great place			great																						
terrible experience			terrible																						
i love the place			love																						
service was slow had to wait to order and get food although not crowded	service	negative	slow		food	neutral																			
will have to return to try the chocolate !	chocolate	positive																							
the food was below average , the service was pathetic , there was no ambience at all	food	negative	below average	pathetic	service	negative	ambience	negative																	
i really enjoyed the shows put on by the actors	shows	positive	enjoyed																						
the miso soup lacked flavor and the fish was unfortunately not as well prepared as in the past	miso soup	negative	lacked	well prepared	flavor	negative	fish	negative																	
they are the best bagels i 've had	bagels	positive	best																						
i 've read some of the previews reviews - people are either not new yorkers or have more appreciation for ambience then food	ambience	neutral																							
toons has recently been redone , so it 's now a very attractive space			attractive																						
160 for 2 filets , 2 sides , an appetizer and drinks	filets	neutral			sides	neutral	appetizer	neutral																	
we arrived for dinner expecting to be impressed by a place that has an impressive past - but , that 's just it -- the past !	dinner	neutral	impressed	impressive																					
however , i think this place is a good hang out spot			good																						
the menu is prix fixe , so be prepared to spend at least 60 per person , but it is well worth itsuperb food	menu	negative	well worth		prix fixe	neutral																			
rao is a good restaurant , but it 's nothing special			good																						
we had the most wonderful waitress			wonderful																						
while the staff at this little bistro is very friendly , i have never experienced more incompetency	staff	positive	friendly																						
the quail was fantastic and unique and the pastas were full of flavor	quail	positive	fantastic	unique	pastas	positive					full														
when we left at pm , it was packed and noisy			packed																						
the zucchini and mashed potatoes are a blend of garlic and butter which simply melts in your mouth	zucchini	positive			mashed potatoes	positive	garlic	positive	butter	positive															
decor is nice though service can be spotty	decor	positive	nice		service	negative																			
aside from the rushed service , we were very impressed with the food and the drinks	service	negative	rushed	impressed	food	positive																			
i would highly recommend this place to anyone who is looking for a fine indian dining experience that is definitely a value for your dollar	indian dining experience	positive	recommend																						
and even with it 's pub atmosphere they were great to my kids too !	pub atmosphere	conflict	great																						
this big draw is the all you can sushi here for 19.95 !	sushi	positive	draw																						
i consider the best grand sichuan restaurant in nyc			best																						
the specials are usually quite good too	specials	positive	good																						
they 've the best desserts and mixed drinks as well as snack foods	desserts	positive	best		mixed drinks	positive	snack foods	positive																	
try the chocolate mud cake ( warmed ) with 2 scoops of dulce de leche gelato	chocolate mud cake ( warmed )	positive			dulce de leche gelato	positive																			
while the new restaurant still features much of the same classical furniture that made tiffin so attractive , the menu has been overhauled	classical furniture	positive	classical	attractive	menu	negative																			
the best burger i have had in the village	burger	positive	best																						
three of us arrived for dinner about on a week night without reservations	dinner	neutral																							
the blond wood decor is very soothing , the premium sake is excellent and the service is great	blond wood decor	positive	soothing	excellent	sake	positive	service	positive																	
there is usually a wait but it is well worth it	wait	conflict	well worth																						
only drawback - they wo n't toast your bagel , and they do n't make eggs for the bagel	bagel	negative	drawback		eggs	negative																			
as always we had a great glass of wine while we waited	glass of wine	positive	great																						
the wait staff is pleasant , fun , and for the most part gorgeous ( in the wonderful aesthetic beautification way , not in that she's-way-cuter-than-me-that-b * way )	wait staff	positive	pleasant	fun							gorgeous							aesthetic							
of course this atmosphere is lacking , but what do you expect from a 24 hour bagel place anyways	atmosphere	negative	lacking		bagel	neutral																			
service was very good and warm	service	positive	good																						
for dinner i had the chicken tikka-masala and some garlic naan	dinner	neutral			chicken tikka-masala	neutral	garlic naan	neutral																	
cornelia street looks like a broadway set for west side story and the inside of po is so cool quaint you really ca n't top the setting for a romantic dinner in nyc	setting	positive	cool	romantic	dinner	positive																			
food was good and the view of the new york city skiline was terrific even on a foggy rainy day like that of when i went	food	positive	good	terrific	view	positive																			
also , because it is so thin , it gets cold very quickly and its not that filling			cold																						
the food is nothing like its menu description	food	negative			menu description	negative																			
try the pad se-ew or chicken with cashew nuts for a memorable and repeatable experience	pad se-ew	positive	memorable	repeatable	chicken with cashew nuts	positive																			
the food is decent at best , and the ambience , well , it 's a matter of opinion , some may consider it to be a sweet thing , i thought it was just annoying	food	neutral	decent	best	ambience	conflict					sweet														
the best place to bring kids or any friends who want to do something different			best																						
the service was a bit slow , but they were very friendly	service	negative	slow																						
it 's a small cute restaurant			cute																						
leon is an east village gem casual but hip , with well prepared basic french bistro fare , good specials , a warm and lively atmosphere	french bistro fare	positive	casual	well prepared	specials	positive					good							warm	lively						
the food is above average for midtown and sligtly better than some of the other heartland breweries in the city	food	positive	above average	better																					
thius is a must for anyone who loves shabu-shabu			loves																						
the food was absolutely horrible !	food	negative	horrible																						
food does n't appear to be cooked on premisis but there 's a high turnover so its pretty fresh	food	conflict																							
restaurant was dirty and unkempt			dirty																						
nice place though			nice																						
it is a small restuarant so go early and it will be nice and quiet- go late and it will be packed !			nice	packed																					
the people with carts of food do n't understand you because they do n't speak english , their job is to give you the delicious food you point at	people with carts of food	negative	delicious		food	positive																			
the crackling calamari salad , which is usually a cheap disaster at many restaurants , is crispy and lightly dressed	crackling calamari salad	positive	crispy	lightly dressed																					
the thai ice tea was amazingly smooth and yummy !	thai ice tea	positive	smooth	yummy																					
we 've never had any problems with the staff but maybe we 've been lucky	staff	positive																							
drinks way over priced	drinks	negative	over																						
the main downside to the place is the nazi-like guy running it who constantly complains about the noise level	guy	negative	downside		noise level	negative																			
what i did n't like was how the food came right after it was ordered	food	negative	like																						
moderate prices			moderate																						
we had a great time at the jekyll and hyde pub last night			great																						
i think i 've had some the best meals of my life at minnow	meals	positive	best																						
my biggest complaint was the un-tasty food although presented well	food	conflict																							
this tiny restaurant is as cozy as it gets , with that certain parisian flair			tiny	cozy																					
most importantly , food is excellent	food	positive																							
great roofdeck , nice group of 30 somethings , but no music , kind of quiet	roofdeck	positive	great	nice	music	negative																			
the best part of the experience was knowing that the manager ( a bubbly , friendly young woman with a great smile ) truly cared about how we were doing	manager	positive	best	friendly							truly														
however , service was as plain as sesame crusted salmon i had	service	neutral	plain		sesame crusted salmon	neutral																			
i would highly recommend it			recommend																						
it 's great to go for a quick lunch either alone or with a friend	lunch	positive	great	quick																					
the food was mediocre at best but it was the horrible service that made me vow never to go back	food	neutral	best	horrible	service	negative																			
you get what you pay for and with that logic in mind , spice is a great place to grab some cheap eats and drinks in a beautiful setting	eats	positive	great	cheap	drinks	positive					beautiful														
the service was terrible , we had to wait for everything and ask several of different people for the same thing before we were allowed to be served	service	negative	terrible																						
other than being a little crowded and a bit overpriced , the atmosphere is filled with energy ( and the beautiful people of course ) and the food was surprising good !	atmosphere	positive	crowded	overpriced	people	positive	food	positive			beautiful							surprising good							
saul is the best restaurant on smith street and in brooklyn			best																						
waiters are slow but sweet	waiters	conflict	slow																						
i have been here a few times for dinner , once for brunch and twice for lunch	dinner	neutral			brunch	neutral																			
the real kicker of the menu , however , is the beef cubes or the chicken with chili and lemon grass	menu	neutral			beef cubes	positive	chicken with chili and lemon grass	positive																	
it was good , but was not what i thought it would be			good																						
the music is the best among all the indian restaurants i have visited	music	positive	best																						
the bread and lamb chops i had before the meal were quite good , however	bread	positive	good		lamb chops	positive	meal	neutral																	
instead ordered an ice cold beer which to me works with indian	beer	positive																							
good for dates or with friends			good																						
they never brought us complimentary noodles , ignored repeated requests for sugar , and threw our dishes on the table	noodles	negative	ignored		sugar	negative	dishes	negative																	
one of the best chicken tikka masala	chicken tikka masala	positive	best																						
the kitchen however , is almost always slow	kitchen	negative																							
the corned beef and pastrami are excellent , much less fatty than those big tourist places around times square	corned beef	positive	excellent	less fatty	pastrami	positive																			
cute place , nice wait staff but would never go there again	place	positive	cute	nice	wait staff	positive																			
we had a good time			good																						
also , the hostess called me today to thank us for coming and mentioned how she hoped that my girlfriend enjoyed her birthday - unexpected , but a truly above and beyond thing to do	hostess	positive																							
people are rude bit again it 's new york !	people	negative	rude																						
we all felt it was worth it			worth																						
the plain slice is great and if you get toppings , the whole slice is topped with them , not sparsely sprinkled on like some places	plain slice	positive	great		toppings	positive																			
service was also horrible and the ambience is not that great	service	negative	horrible		ambience	negative																			
service is great , takeout is good too	service	positive	great	good	takeout	positive																			
the pizza is overpriced and soggy	pizza	negative	overpriced																						
everything is excellent , the menu is quite extensive , and you eat with a view on both sides of the city	menu	positive	excellent	extensive	view	positive																			
for the quality of food , a little too expensive	quality of food	negative																							
came looking for this place because i heard good things			good																						
here 's to the fake fish tanks too	fish tanks	negative	fake																						
its worth the wait though	wait	conflict	worth																						
i 've never had bad service and the fish is fresh and delicious	service	positive	bad	fresh	fish	positive																			
the first time i went , and was completely taken by the live jazz band and atmosphere , i ordered the lobster cobb salad	live jazz band	positive			atmosphere	positive	lobster cobb salad	neutral																	
we decided to eat in tea room which was small and cute	tea room	positive	small																						
what an amazing meal and experience !	meal	positive	amazing																						
it is the best deal in town for a monday night dinner at a fine restaurant	dinner	positive	best	fine																					
nothing special about this place			special																						
also , the sandwiches ( nearing 7 ) did n't come with anything like chips or a side	sandwiches	negative			chips	neutral																			
the wait here is long for dim sum , but if you do n't like sharing tables or if the typical raucous dim sum atmosphere is not your gig , this is a sleek ( for chinatown ) alternative	wait	negative	long	sleek	dim sum	neutral	tables	positive	dim sum atmosphere	neutral															
this place has good potential , but needs a significant amount of work before we can justify spending that much money on indian food you can get everywhere else	money	negative	good	much	indian food	neutral																			
everything is always cooked to perfection , the service is excellent , the decor cool and understated	service	positive	excellent	cool	decor	positive																			
the thai food is good	thai food	positive																							
great selection of wine , and seafood	selection of wine	positive	great																						
acceptable prices			acceptable																						
we were seated at the sushi bar in front of yasuda	sushi bar	neutral																							
as i made the title , it 's an affordable restaurant for great taste			affordable	great																					
they even scoop it out nice ( for those on a diet ) not too much not to little			nice																						
definitely not worth the price !	price	negative	worth																						
orsay , is a very pleasnt throw back to traditional french food , and french service as well	french food	positive	traditional		service	positive																			
it 's easy to get a table for a large group and you do n't get hustled out	table	positive	easy																						
salads are a delicious way to begin the meal	salads	positive	delicious																						
i ordered tamarind duck and my wife ordered noodles with ground beef , and we were both delighted by the way the dishes evoked thai flavors in unexpected ways	tamarind duck	positive	delighted		noodles with ground beef	positive	dishes	positive	thai flavors	positive															
if you 've ever been along the river in weehawken you have an idea of the top of view the chart house has to offer	view	positive																							
i loved it			loved																						
they 're are better taiwanese restaurants and they are located in flushing , queens			better																						
i had the black cod with yuzu sauce , which was wonderful	black cod with yuzu sauce	positive																							
prices too high for this cramped and unappealing resturant	prices	negative	high	cramped							unappealing														
this quiet dark asian bistro is well worth the trip			well worth																						
i would highly recommend this place !			recommend																						
total hipster-wannabe attitude in an otherwise sweet spot			sweet																						
yes , there might be a wait if you have no reservations	wait	negative																							
everything , from the soft bread , soggy salad , and 50 minute wait time , with an incredibly rude service to deliver below average food	bread	negative	soft	soggy	salad	negative	wait	negative	service	negative	rude							below average							
- i asked for them spicy and they were delicious )			delicious																						
it is terrific , as is the value			terrific																						
downstairs lounge is always a good attraction	downstairs lounge	positive	good																						
the food was amazing , and the service was prompt and helpful , but not over-bearing or rushed	food	positive	amazing	prompt	service	positive					helpful							over-bearing							
( food was delivered by a busboy , not waiter ) we got no cheese offered for the pasta , our water and wine glasses remained empty our entire meal , when we would have easily spent another 20 on wine	food	neutral	empty		busboy	negative	waiter	negative	cheese	negative		pasta	negative	water and wine glasses	negative	meal	neutral								
the takeout is great too since they give high quality tupperware as well	takeout	positive	great	high																					
could be pricey without a prix fixe meal	prix fixe meal	negative	pricey																						
this is definitely an excellent date spot because of the ambiance and on the weekends the night scene is more than alive	spot	positive	excellent		ambiance	positive	night scene	positive																	
one of us actually liked the expresso - that 's it	expresso	positive	liked																						
everyone was more then happy with his choices			happy																						
again , the waitress was awesome	waitress	positive																							
worth the trip from manhattan			worth																						
i loved everythig about it-especially the shows and actors	shows	positive	loved																						
the food was just ok , i would never go back	food	neutral	ok																						
got a little loud after 8pm when the joint got full			loud																						
scalina fedeli reminded me why service is so integral to fine dining	service	positive	integral																						
i recommend the thai popcorn SMILE	thai popcorn	positive	recommend																						
everything looks great , the drinks , the decor , the food , even the people	drinks	positive	great		decor	positive	food	positive																	
as soon as my father lifted his pen from the check a chef appeared to usher us out	check	neutral			chef	negative																			
the parathas and kebabs are made when ordered ensuring a level of freshness that is unsurpassed	parathas	positive			kebabs	positive																			
great neighborhood joint			great																						
the tuna and wasabe potatoes are excellent	tuna	positive			wasabe potatoes	positive																			
the only disappointment was the coat check girls who did n't seem to know what a customer is on a realtively non-busy night ( for the coat check girls )	coat check girls	negative	disappointment		coat check girls	negative																			
ummm the beer was cold	beer	positive																							
it is sometimes a little cramped , and can get a little warm , but hello , it 's nyc !			cramped	warm																					
we had great desserts ( including the best cannoli i 've ever had ) and then they offered an after dinner drink , on the house	desserts	positive	great	best	cannoli	positive	after dinner drink	positive																	
good crowd , good outdoor seating , with a hip japanese vibe	outdoor seating	positive	good	good							hip														
even with the prix fixe pricing , this restaurant is not worth it	prix fixe pricing	conflict	worth																						
we asked to be moved ( which took half an hour ) , and then were seated in a high traffic area in the back , even though the rest of the room was practically empty	area	negative			room	neutral																			
good to find a restaurant where the owners have some imagination and they have actually pulled it off , like in this case	owners	positive	good																						
however , their popularity has yet to slow down , and i still find myself drawn to their ambiance and delectable reputation	ambiance	positive	drawn																						
where tanks in other chinatown restaurants display a lurking myriad of sad-looking marine life in their murky waters , the tanks at ping 's are clear as glass with healthy-looking creatures who do not yet know that they will be part of some dim sum lover 's brunch	tanks	negative	sad-looking	clear	tanks	positive	dim sum	neutral			healthy-looking														
the view is spectacular , and the food is great	view	positive	spectacular		food	positive																			
the place was n't too hard to find , but it was kind of packed , as soon as my boyfriend and i got our food , the line reached the door	place	conflict	hard	packed	food	neutral																			
good bagels and good cream cheese	bagels	positive	good	good	cream cheese	positive																			
it is also extremely well priced			well																						
always great service !	service	positive	great																						
i am happy i did the food was awsome	food	positive	happy																						
we ordered the chicken casserole , but what we got were a few small pieces of chicken , all dark meat and on the bone	chicken casserole	negative	few	dark	chicken	negative	meat	negative																	
a bit breezy up there on the mezzanine from the wind coming from the tracks	mezzanine	negative																							
i went to df for valentines day dinner	valentines day dinner	neutral																							
i recommend the jelly fish , drunken chicken and the soupy dumplings , certainly the stir fry blue crab	jelly fish	positive	recommend		drunken chicken	positive	soupy dumplings	positive	stir fry blue crab	positive															
i loved the shows			loved																						
we could have made a meal of the yummy dumplings from the dumpling menu	meal	positive	yummy		dumplings	positive	dumpling menu	positive																	
the aesthetics of this place are like an airport lounge	aesthetics	negative			place	negative																			
then , get ripped on free box wine	box wine	positive	free																						
my wife and i ate here earlier this week and have not stopped ranting and raving about the food			raving																						
if you do n't mind pre-sliced low quality fish , unfriendly staff and a sushi chef that looks like he is miserable then this is your place	fish	negative	low	unfriendly	staff	negative	sushi chef	negative			miserable														
the food itself was just ok - nothing spectacular - but the service was awful	food	neutral	ok	spectacular	service	negative																			
the pizza is yummy and i like the atmoshpere	pizza	positive	yummy	like																					
as there were so many to choose from we wandered up and down the street looking in the windows and such noticicing many empty seats , except at taj mahal	seats	negative																							
also , do n't plan on asking for your favorite roll , if it 's not on the menu , you ca n't have it	roll	negative	favorite		menu	negative																			
good food			good																						
those rolls were big , but not good and sashimi was n't fresh	rolls	conflict	big	good	sashimi	negative																			
the pesto pizza was excellent , thin-crust pizza with a nice amount of spicy italian chees e that i 'd never heard of before	pesto pizza	positive	excellent	nice	thin-crust pizza	positive	italian chees	positive																	
if your into thai..you can not miss this great restaurant			great																						
going to ballato 's is like coming home and eating in my own kitchen , an absolute delight !			delight																						
however , go for the ambience , and consider the food just a companion for a trip across the world !	ambience	positive			food	negative																			
i think this is one of the more underrated places in the city			underrated																						
food was good not great not worth the wait or another visit	food	conflict	good	great	wait	negative					worth														
i think the restaurant was too loud ( when full ) to be romantic			loud																						
i have had so many dinners here and it 's always been perfect - on a date with my husband , with my mom , with girlfriends and larger groups	dinners	positive	perfect																						
when you want a piece of beef , head on over	beef	positive																							
delicate spices , onions , eggs and a kick-ass roti	spices	positive	delicate		onions	positive	eggs	positive																	
incredible food at a very agreable price brings me back just about every other day to this authentic thai restaurant	food	positive	incredible	authentic	price	positive																			
also , if you do n't want to sit at a certain table , you do n't have to !	table	positive																							
a little pricey but it really hits the spot on a sunday morning !			pricey																						
the menu has lots of options i hope to go back to try those potato pancakes	menu	positive	lots of		potato pancakes	positive																			
as soon as i wake up on a saturday or sunday it is the first thing on my mind is when and how i will be getting to fried dumpling	fried dumpling	positive																							
my wife and i will usually only order one primi and one secondi and split them , as they tend to offer large portions	primi	positive	large		secondi	positive																			
i 've overheard comments from him to his employees that should not have been delivered in the dining area and i 've been sitting there while he lectured another customer	employees	negative			dining area	neutral																			
this was the worst dining experience i 've ever had	dining experience	negative	worst																						
i have been coming here for years and have nothing but good things to say about the service and the great staff at la lanterna	service	positive	good	great	staff	positive																			
the bruschetta and panini 's are so yummy !	bruschetta	positive	yummy		panini	positive																			
food was okay , nothing great	food	neutral	okay																						
every waitress and customer who passed by me bumped into my chair	waitress	neutral																							
always popular , always full , always a wait			popular	full																					
if the omakase is to showcase technique and variety , serving almost 40 of items bbq-ed and a spicy tuna roll wrapped with not-so-fresh nori seems to be a rather limp performance	serving	neutral	not-so-fresh	limp	spicy tuna roll	negative	nori	negative																	
i ca n't wait for summer , when they serve outside on their gigantic patio			gigantic																						
best pastrami i ever had and great portion without being ridiculous	pastrami	positive	best	great	portion	positive																			
if you are someone who appreciates the same things but hope to have food to spare or share , kai may not be the best option	food	neutral	best																						
i 'd definitely recommend this little place			recommend																						
the first 2 courses were very good , but the chocolate sampler was too rich for me and the dessert wine far too sweet	courses	positive	good	too rich	chocolate sampler	negative	dessert wine	negative			too sweet														
butter was melted , white wine warm , cheese oozing everywhere	butter	negative	melted	warm	white wine	negative	cheese	negative			oozing														
we had a party in their private room and they made it truly memorable and were very helpful in the planning	private room	neutral	memorable	helpful																					
it can not be the ambience , because the place is very cramped and some guests have to sit in an aisle	ambience	negative	cramped		place	negative																			
we were disappointed with the pre-fixe menu of only 2 choices per course ( other restaurants offer 3 choices ) and ended up ordering a la carte	pre-fixe menu	negative	disappointed		choices per course	neutral	ordering a la carte	negative																	
authentic pakistani food	pakistani food	positive	authentic																						
the staff has always been friendly without seeming grating , and the chef has greeted us on a couple of occasions	staff	positive	friendly		chef	positive																			
the eggplant parmesan is also great , and my friend who grew up in manhattan claims that no one serves a better baked ziti with meatsauce	eggplant parmesan	positive	great	better	serves	positive	baked ziti with meatsauce	positive																	
service was very good - prompt , attentive and non-intrusive	service	positive	good	prompt							attentive														
my entree of hot pot with seafood was full of imitation crabmeat with a couple pieces of shrimp and squid , and was unnecessarily heated with a burner	entree	positive	unnecessarily		hot pot with seafood	negative	crabmeat	negative	shrimp	negative		squid	negative												
in such a crappy part of town to find a good value for lunch , this place is great	value	positive	good		lunch	positive																			
its not curry in a slurry crap , and regular run of the mill food	curry	neutral																							
in fact , while leaving the place we saw two people looking at the menu , and i could n't help telling them that the food was horrible	menu	neutral			food	negative																			
the bread is the soft paratha bread ( unlike the plain bread they use in calcutta ) , and the stuffing is tandoori styled and very flavorful	bread	positive	styled		paratha bread	positive	bread	negative	stuffing	positive		tandoori	positive												
service is friendly , prices are good - delivery time was a little slow , but for the way this pizza tastes , i 'm willing to overlook it	service	positive	friendly	good	prices	positive	delivery time	negative	pizza	positive	slow														
the food can get pricey but the prixe fixe tasting menu is the greatest food for a good price and they cater the food to any food allergies or food you do n't like	food	conflict	pricey	greatest	food	positive	price	positive	food	positive	good	food	neutral	food	negative										
the service is excellent , the decor is great , and the food is delicious and comes in large portions	service	positive	excellent	great	decor	positive	food	positive			delicious							large							
an excellent service			excellent																						
the food however , is what one might expect	food	neutral																							
i love their thai noodles with shrimp and chicken and coconut juice is the must !	thai noodles with shrimp and chicken and coconut juice	positive	love																						
the pizza was really good	pizza	positive																							
food is average , and i would say even the chain restaurant baluchi 's tastes better	food	neutral	average																						
the food is tasty and portion sizes are appropriate	food	positive	tasty		portion sizes	positive																			
kosher dills are the perfect compliment for your unforgetable sandwich and they give you plenty of them	kosher dills	positive	perfect	unforgetable	sandwich	positive																			
their sushi , kamikaze and other rolls are fresh and well presented	sushi	positive	fresh	well presented	kamikaze	positive	rolls	positive																	
for authentic thai food , look no further than toons	thai food	positive	authentic																						
the highlight of the night was the mayonaisse for my side of fries i received from one of the food runners , which is not good considering the bill was nearly 100	mayonaisse	negative	good		fries	negative	food runners	neutral	bill	negative															
i choose to go with one of the special , the braised lamb shank in red wine , which was excellent	special	positive			braised lamb shank in red wine	positive																			
if anyones has doubt of not knowing enough about wines , please check their wine list	wines	neutral			wine list	positive																			
the only concern i have is with the slighly all-business waitstaff who order and throw the food down , rushing you out	waitstaff	negative			food	neutral																			
have the iced tea	iced tea	positive																							
small servings for main entree , i had salmon ( wasnt impressed ) girlfriend had chicken , it was good	servings	negative	impressed		entree	negative	salmon	negative	chicken	positive															
you can actually get 2 salads worth if u take it home and add it to some lettuce !	salads	negative	worth		lettuce	neutral																			
the food is very good for it 's price , better than most fried dumplings i 've had	food	positive	good	better	price	positive	fried dumplings	negative																	
there are much better places in ny with better prices			better	better																					
very neighborhoody , very quick and sufficient			quick																						
everything is delicious , though , my gf and i come here once a week sometimes- you will get addicted !			delicious																						
other guests enjoyed pizza , santa fe chopped salad and fish and chips	pizza	positive	enjoyed		santa fe chopped salad	positive	fish and chips	positive																	
the ambience is very calm and quiet	ambience	positive	calm																						
both times i was extremely dissappointed by the service , which was boarderline rude	service	negative	dissappointed																						
the spicy tuna roll is huge and probably the best that i 've had at this price range	tuna roll	positive	huge	best	price range	positive																			
price and quality of fish alone will keep us from making a return visit	price	negative			quality	negative	fish	negative																	
our waiter and all of the people helping him were attentive and genuine	waiter	positive	attentive																						
the place is a bistro which means simple dishes and wine served efficiently in a bustling atmosphere	place	positive	simple	efficiently	dishes	positive	served	positive			bustling														
this is one of the best comfort food places in the city	comfort food	positive	best																						
overall , the ingredients and technique are there and i am encouraged enough to return at lunch or dinner to see whether the boldness of the flavour palette improves	ingredients	positive			technique	positive	lunch	neutral	dinner	neutral															
i had a huge pastrami sandwich on a roll	pastrami sandwich	positive	huge																						
though you will undoubtedly be seated at a table with what seems like barely enough room ( no matter what the size of your party ) , the warm atomosphere is worth the cramped quarters- you 'll have fun and forgot about the tight spot you 're in	table	negative	warm	worth	room	negative	atomosphere	positive	spot	negative	cramped														
considering their price of 6.25 for lunch specia l , the dish was ridiculously small	price	negative	ridiculously small		lunch specia	negative	dish	negative																	
this is the pinnacle of indian fast food ( all fast foods in my opinion )	indian fast food	positive																							
besides , when you have bad service , that 's less money you have to tip	service	negative	bad		money	negative																			
i thanked my friend who recommended me this restaurant and will certainly recommend it to others			recommended	recommend																					
service was devine , oysters where a sensual as they come , and the price ca n't be beat ! ! !	service	positive	devine		oysters	positive	price	positive																	
compared to ess-a , tal offers a less doughy bagel !	bagel	negative	less doughy																						
ballato 's is consistently delicious authentic italian food	italian food	positive	authentic																						
the service was attentive , yet discreet	service	positive	attentive																						
they offer the same menu but have creative drinks that are loaded with alcohol and cheeky names -- but they do cost you	menu	neutral	same	creative	drinks	positive					cheeky														
we went to eat at the jekyll and hyde restaurant on friday night and really enjoyed the fun atmosphere and good food	atmosphere	positive	enjoyed	fun							good														
the food was pretty tradional but it was hot and good with large portions	food	positive	hot	good							large														
unless you are eating in the pizzeria side of this place , and are not in a rush , this place is a bad idea	place	negative	bad		place	negative																			
you have to increase the service a lot	service	negative																							
ambiance is barely romantic but management tries	ambiance	negative	barely romantic		management	positive																			
i must warn the reader that the portions sizes are very small ( especially the appetizers ) , so if you plan to eat until you are full and do not intend to order the chef 's special tasting menu , prepare to order and pay for an appetizer ( 1 dish for each person because the portions are not for sharing ) , a main entree , and the cold udon at the end of the meal	portions	negative	small	special	appetizers	negative	chef	positive	menu	positive		appetizer	negative	dish	negative	portions	negative			main entree	neutral			cold udon	neutral
after we got our sashimi order , i could not believe how small the portions were !	sashimi	neutral	small		portions	negative																			
after the main course came , we did n't see our waiter for at least 40 minutes !	main course	neutral			waiter	negative																			
when family came in he gave them apps to test their palets , and then ordered for them	apps	neutral																							
i was pleasantly surprised to find this gem in hoboken			pleasantly surprised																						
the dosas are skimpy , unattractive and drip with grease , and personally i 'd drink popcorn topping before i 'd eat another one of these	dosas	negative	skimpy	unattractive	popcorn topping	neutral																			
after a seafood craving , i checked citysearch and chose to go to fish based on a previous review and the citysearch info	seafood	neutral																							
right off the major deegan you get ladies from all over the city	ladies	positive																							
always fresh and delicious			fresh																						
the food was very good , but not very thai	food	conflict	good																						
thalia is a beautiful restaurant with beautiful people serving you , but the food does n't quite match up	people serving	positive	beautiful	beautiful	food	negative																			
the fillings may be unconventional but the dosa batter is definitely authentic and the combinations very tasty	fillings	neutral	unconventional	authentic	dosa batter	positive																			
this is the perfect spot for meeting friends , having lunch , dinner , pre-theatre or after-theatre drinks !	spot	positive	perfect		lunch	positive	dinner	positive	pre-theatre or after-theatre drinks	positive															
this is a fun restaurant to go to			fun																						
the mussaman curry that i ordered was as thin as water and aside from the poorly fried tofu that i ordered in it , they graciously provided me with one piece of poorly cooked potato	mussaman curry	negative	thin	poorly	fried tofu	negative					poorly cooked														
had a late night dinner on a saturday night	dinner	neutral																							
a restaurant that does n't try to do anything except serve great food with great service in a pleasant atmosphere	food	positive	great	great	service	positive					pleasant														
their sake martini is wonderful	sake martini	positive																							
well , this place is so ghetto its not even funny	place	negative																							
once they ran out of gnochi and made it for me from scratch !	gnochi	neutral																							
we would like to thank marcelo and grace for a wonderful dining experience ! ! !	dining	positive	wonderful																						
found service above average , but that could be because we were 13 of us	service	positive	above average																						
bagels are ok , but be sure not to make any special requests !	bagels	neutral	ok																						
it 's to die for !			die for																						
cute and decorative			cute																						
overall a disappointing experience for that price category	price	negative	disappointing																						
i 've had the lunch buffet at chennai a couple of times , when i have been in the neighborhood	lunch buffet	neutral																							
the food was exceptional	food	positive																							
another great place to take out-of-towners !			great																						
but , hey , there is anything better with a decent vegetarian selection in astoria			decent																						
a thai restaurant out of rice during dinner	rice	neutral																							
( and i have eaten my share ) which impresses me for having such a large amount of people to serve			impresses	large																					
overall a worthwhile experience			worthwhile																						
the service is friendly , if not the most prompt in the world , the food is great , and the prices , while not cheap , wo n't put your wallet out of commission	service	positive	friendly	prompt	food	positive	prices	conflict			great							cheap							
the most fun restaurant i have ever been too !			fun																						
best drumsticks over rice and sour spicy soup in town !	drumsticks over rice	positive	best		sour spicy soup	positive																			
some of the finest latin women you 'll see in your life hang out at jimmy 's			finest																						
slightly above average wines start at 70+ with only one selection listed at 30+	wines	negative	above average																						
their whitefish salad is excellent -- all whitefish with a little mayo	whitefish salad	positive	excellent		whitefish	positive																			
and it all comes at a very reasonable price ( congee , noodles , and rice dishes are no more than 3-6 each )	price	positive	reasonable		congee	neutral	noodles	neutral	rice dishes	neutral															
i had a great experience			great																						
the chicken parm was edible but had canned tomato sauce and boxed pasta and the chicken with portobello mushrooms consisted of dry , inedible chicken with terrible sauce	chicken parm	conflict	edible	dry	tomato sauce	negative	pasta	negative	chicken with portobello mushrooms	negative	inedible	chicken	negative					terrible							
the waitresses are nice -- also you can just get counter service sit	waitresses	positive	nice		counter service	positive																			
the only friendly staff member was the guy at the bar	staff member	positive	friendly		guy	positive																			
you can certainly find restaurants that offer a superior fine dining experience , but for superb food at reasonable prices , la villa ca n't be beat	food	positive	superior	superb	prices	positive					reasonable														
wo n't or ca n't is not in the service directory	service	positive																							
i can not imagine a friendlier staff working in a restaurant	staff	positive	friendlier																						
i do suggest to ask to be seated upstairs if you are looking to be a little cozy	upstairs	positive																							
saul is pretty good , but definitely not great	saul	neutral	good																						
i would recommend roxy 's for that , but not for their food			recommend																						
we always get a sampling of appetizers and share	appetizers	neutral																							
overall i was impressed and will return , it 's a great qpr ( quality to price ratio )	quality	positive	impressed	great	price	positive																			
it is nearly impossible to get a table , so if you ever have the chance to go here for dinner , do not pass it up	table	negative	impossible		dinner	positive																			
their pad penang is delicious and everything else is fantastic	pad penang	positive	delicious																						
the puke green walls leave a lot to be desired , but the food is very good	walls	negative			food	positive																			
i like cafe noir dont get me wrong , it is jsut that the people who work there are evil and incompetent ! !	people	negative	like	evil							incompetent														
our son loves pizza and we have a certified neapolitan pizzaria in our home city ( seattle ) , we liked this nearly as much - and the differences were more about personal preference than any reflection on either restaurant	pizza	positive	loves	liked																					
big and soft as well as good lunch food	lunch food	positive	big	soft							good														
no food snobs allowed , this place is for people who appreciate good food	food	neutral	good																						
suan is a great place that i often take my friends ( classmates ) too			great																						
as for the bar , this is another bad idea	bar	negative	bad																						
unlike hh up the block , this place actually gives you hearty and hot bagels this town is known for	bagels	positive	hearty	hot																					
the barebecued salmon is elegantly spiced and not at all dry	barebecued salmon	positive	elegantly																						
same owner as the guy who owns typhoon , which is just down the street on st. marks and 1st ave	owner	neutral																							
what generous portions !	portions	positive	generous																						
the workers there also absolutely load the bagel with cream cheese ( gets a little messy )	workers	neutral			bagel	neutral	cream cheese	neutral																	
the wine the service was very good too	wine	positive	good		service	positive																			
so , the menu is written in chalk above your head and it all sounds delicious	menu	neutral																							
the highly spiced chai tea was great too	chai tea	positive	great																						
seriously , this is the best all you can eat in town- as everyone says , the spicy tuna hand rolls are the best- have 4 of these , and you 've broken even	spicy tuna hand rolls	positive	best																						
there is not a single place in chinatown where you have a nice neighborhood feeling like here			nice																						
while sapphire is certainly not lacking in ambiance , and probably has the best decor of any indian restaurant i have been to in new york city , the food was not what i had hoped for	ambiance	positive	lacking	best	decor	positive	food	negative																	
i would highly recommend this place to anyone looking for a casual atmosphere that whisks you away to the left bank of the river seine	atmosphere	positive	recommend	casual																					
the meat dishes were only so-so	meat dishes	neutral																							
his wife tanya , the hostess , completes the comforting atmosphere by being delightfully warm and gracious	hostess	positive	comforting	warm	atmosphere	positive																			
we liked it so much , that we will always make it a point to dine here when we visit new york			liked																						
the menu consisted of standard brassiere food , better then places like balthazar etc	menu	positive	better		brassiere food	positive																			
but the best part about ls is the late night atmosphere , delightfully free of the bts	atmosphere	positive	best	delightfully																					
the staff there is very attentive and down to earth	staff	positive	attentive	down to earth																					
you do n't go to mizu for excellent service , you go for the large amounts of food , the amiable atmosphere , and the hole-in-the-wall feeling of the place	service	negative	excellent	large	food	positive	atmosphere	positive			amiable														
the service is always bad though , do n't expect much of anything from your server , and i would not recommend bringing a date here either	service	negative	bad	expect	server	negative					recommend														
monday nights are a bargain at the 28 prix fix - this includes a three course meal plus *three* glasses of wine paired with each course	prix fix	positive			three course meal	positive	glasses of wine	positive																	
wonderful !			wonderful																						
the service is descent even when this small place is packed	service	positive	small		place	negative																			
this is the best sushi in new york city - hands down	sushi	positive	best																						
i have eaten a lot of pizza here	pizza	neutral																							
this place is worth an one-hour drive			worth																						
great value for the quality ingredients			great	quality																					
the thali was small , thoroughly unremarkable , and 14.95	thali	negative	small	unremarkable																					
truly the mark of an attentive waiter			attentive																						
the food here is rather good , but only if you like to wait for it	food	positive	good	like																					
i got an excellent piece of cheesecake and we had several other nice pastries	cheesecake	positive	excellent	nice																					
the staff is very kind and well trained , they 're fast , they are always prompt to jump behind the bar and fix drinks , they know details of every item in the menu and make excelent recomendations	staff	positive	kind	well trained	bar	neutral	drinks	neutral	menu	neutral	fast							prompt							
the makhani was ok -- the korma was bland	makhani	neutral	ok		korma	negative																			
the food is inventive but still keeps traditional indian flavoring	food	positive	inventive	traditional																					
all i can say is wow !			wow																						
though the service could be better ( possibly due to more than one very large group in the house ) , it is very cordial and warm , as is the general clientele	service	conflict	better	cordial							warm														
the decor in this place is very diner-ish and the kind of place you expect in the east village - not romantic , just simple , small and sparse	decor	positive	diner-ish	romantic	place	positive					simple							small							
this is a cute place and could be good but they need to get their act together	place	positive	cute	good																					
the lox is always fresh too	lox	positive	fresh																						
service was very friendly	service	positive																							
so all i 'm trying to say is this restaurant is by far the best thai food restaurant i 've ever been to	thai food	positive	best																						
food was ok - fish was cooked well	food	neutral	ok		fish	positive																			
we actually left hungry and went across the street to wo hop at 15 mott street for some good chinese food	chinese food	positive	good																						
the duck confit is always amazing and the foie gras terrine with figs was out of this world	duck confit	positive	amazing	out of this world	foie gras terrine with figs	positive																			
the whole set up is truly unprofessional and i wish cafe noir would get some good staff , because despite the current one this is a great place	staff	negative	unprofessional	good							great														
i have reservations about the all you can eat deal , however -- the choices are fairly limited and you can probably order more food than you can eat for less than 18 by just going off the menu	reservations	neutral	limited		choices	negative	food	neutral																	
we ended our great experience by having gulab jamun ( dessert ) recommended by the waiter	gulab jamun ( dessert )	positive	great	recommended																					
the place is sleek , modern and playfull and i will return again frequently	place	positive	sleek	modern																					
i have known about this secret for the last 13 years , emilio ( the godfather ) has continued to serve food and wine for the gods at mortal prices	food	positive	mortal		wine	positive																			
after being told that our party of three would be seated in 10 minutes and watching other parties ( multiples of 2 and higher ) seated for 40 minutes , the three of us were squished into a small 2-person table	2-person table	negative																							
and the bill was outragous	bill	negative																							
the service was attentive , yet unimposing , the food was far better than many notorious restaurants in midtown and the wine list is extensive and well priced	service	conflict	attentive	unimposing	food	positive	wine list	positive			better							extensive	well						
kind , attentive wait staff	wait staff	positive	kind	attentive																					
salads were fantastic	salads	positive																							
the owners and employees are friendly and their pizza is fantastic	owners	positive	friendly		employees	positive	pizza	positive																	
the food is yummy , especially their cooked-to-perfection mussels in spicy tomato sauce and their shoestring crispy fries	food	positive	yummy	cooked-to-perfection	mussels in spicy tomato sauce	positive					crispy														
the food is authentic italian - delicious !	food	positive	authentic	delicious																					
a great addition to smith street finally , a place that 's not pretentious and filled with women wearing ugg boots			great																						
i complete the total bagel experience by having it lightly toasted	bagel	positive																							
the service is good and ambience is good for a date or group outing	service	positive	good	good	ambience	positive																			
a great way to make some money is to buy a case of snapple from costco and sell it right outside for only 2.50	case of snapple	neutral	great																						
it 's all about the food ! !	food	positive																							
the staff is excellent , specjal that girl behind the bar , european chic	staff	positive	excellent		bar	neutral																			
stick with the chicken , beef , and lamb dishes	chicken	positive			beef	positive	lamb dishes	positive																	
the service was bad , the food took to forever to come , we sat on the upper level	service	negative	bad	forever	food	negative																			
the decor is nice , but more casual than fine dining	decor	conflict	nice	casual																					
this restaurant is a wonderful place to go many times and it is reasonably priced			wonderful	reasonably																					
conveniently located too , being right on bedford ave			conveniently																						
bottom line b+ for the food , f for the service	food	positive																							
the only thing the waiters do n't do for you is wipe your chin when you leave	waiters	positive																							
stick to dimsum , not super overpriced noodles	dimsum	positive	overpriced																						
the service is fine and they allow you to enjoy the view	service	positive	fine	enjoy																					
we , there were four of us , arrived at noon - the place was empty - and the staff acted like we were imposing on them and they were very rude	staff	negative																							
delicious simple food in nice outdoor atmosphere	food	positive	simple	nice																					
the food is good , but very expensive for the casualness of it	food	conflict	good	expensive																					
the only fallback on this restaurant is the prices			fallback																						
i 've been to naples 45 for dinner twice	dinner	neutral																							
the hot and sour soup was unbearably hot and tasted of only pepper and nothing else	soup	negative	unbearably hot		pepper	negative																			
i love the pics of andy warhol when he used to frequent the place ( he painted the ballato 's sign in the window )			love																						
try sushimi cucumber roll	sushimi cucumber roll	positive																							
the food is delicious	food	positive																							
their wines by the glass are a great accompaniment and you can eat like a king with wine for under 30	wines by the glass	positive	great		wine	neutral																			
yeah shanghai is also great but not quite as good -- they use the same amount of salt but without sweetness to balance out	salt	negative	great	good																					
believe us , we 've been eating sushi for over 15 yrs	sushi	neutral																							
worth it for a special occasion , or any time !			worth																						
the atmosphere is much better than sripraphai ( more modern and sleek )	atmosphere	positive	better																						
i recommend to anyone who wants to dress up and impress the lady			recommend																						
the food is outstanding and the service is quick , friendly and very professional	food	positive	outstanding	quick	service	positive					friendly														
the bagels always warm , soft on the inside , crispy on the outside and enormous in size	bagels	positive	warm	soft							crispy							enormous							
i had a late dinner at lucky stike , a great name for a joint if ever i saw one	dinner	neutral	great																						
service is fast and friendly	service	positive	fast																						
and they have these home made potato chips at the bar that are the most delicious things in the world !	potato chips	positive	delicious		bar	neutral																			
my husband and i enjoyed each of the 6 taste size portions and left completely full	portions	positive	enjoyed																						
we all ate pasta entre'es , which were great	pasta entre'es	positive																							
the steak was excellent and one of the best i have had ( i tasted the butter intitally but in no way did it overwhelm the flavor of the meat )	steak	positive	excellent	best	butter	negative	flavor	neutral	meat	positive															
great experience overall			great																						
the ambience is pretty and nice for conversation , so a casual lunch here would probably be best	ambience	positive	nice	casual	lunch	positive																			
terrific menu full of unique rolls and special dishes	menu	positive	terrific	unique	rolls	positive					special														
the service is ok but could be better	service	negative	ok																						
we love the food , drinks , and atmosphere !	food	positive	love		drinks	positive	atmosphere	positive																	
i was here a few weeks back and we had the worst customer service experience at a restaurant ever	customer service	negative	worst																						
nothing against a good sales call , but the tactics at amma are just too obvious			good																						
went on a 3 day oyster binge , with fish bringing up the closing , and i am so glad this was the place it o trip ended , because it was so great !	oyster	neutral	glad	great	fish	neutral	place	positive																	
took my mom for mother 's day , and the maitre d ' was pretty rude	maitre d '	negative																							
my husband and i have been there a couple of times and each time we sat at the sushi bar ( chef yoshi ) and ordered everything ala carte	sushi bar	neutral			chef	neutral	ala carte	neutral																	
if you are looking for a good quality , cheap eats - this is the place	quality	positive	good	cheap																					
the service was friendly and the atmosphere was casual	service	positive	friendly		atmosphere	positive																			
when i lived upstate for a while i would buy freeze the bagels and they would still be better than any else	bagels	neutral	better																						
i recommend their pad see ew , pork chops or tofu plates	pad see ew	positive	recommend		pork chops	positive	tofu plates	positive																	
never in my life did i think that i could be satisfied both in taste and in quantity for 3.00 in nyc	taste	positive	satisfied		quantity	positive																			
this is the best secret place in midtown ' , i heard that from the bartender , after having brilliant food ( try steak with portobello mushrooms ) and drinks on the bar last tuesday	bartender	neutral	best	brilliant	food	positive	steak with portobello mushrooms	positive	drinks	positive		bar	neutral												
the service was excellent - friendly and attentive	service	positive	excellent	friendly																					
20 minutes for our reservation but it gave us time to have a few cocktails and enjoy our surroundings and each other	reservation	negative	enjoy		cocktails	positive	surroundings	positive																	
the dinner menu is diverse and top-notch as well	dinner menu	positive	diverse	top-notch																					
it is what modern cuisine is all about	cuisine	positive																							
i do n't like indian food too much and this was delicious , however you want to factor that into the equation	indian food	positive	like	delicious																					
at taj , vegetarians can rejoice-all the dishes are manna from heaven	dishes	positive																							
having hunted around for a quiet , romantic , yet not hideously expensive restaurant i stumbled across reviews for la lanterna and gave it a shot			quiet	romantic							expensive														
we live in new jersey and whenever we go into new york city we buy bagels to eat hot and then to freeze ( they told me that if i call in the order , they 'd bring it out to the car so i would n't have to look for parking )	bagels	neutral																							
jimmy 's is hands down the hottest night spot in the bronx	spot	positive	hottest																						
and i would have to agree with the masses in terms of service - delivery is their achilles ' heel	service	negative			delivery	negative																			
the 300 bill was a bit steep , but the experience was great	bill	negative	steep																						
nice ambiance , nice little bar , good bartender , francois , and good service	ambiance	positive	nice	nice	bar	positive	bartender	positive			good							good							
the calamari comes with an incredible sauce , and the duck noodles are yummy as well	calamari	positive	incredible	yummy	sauce	positive	duck noodles	positive																	
i would definitely go back -- if only for some of those exotic martinis on the blackboard	martinis	positive	exotic																						
simple comfort food and what hot and lage portions	comfort food	positive	comfort	hot																					
stay away from the two specialty rolls on the menu , though- too much avocado and rice will fill you up right quick	rolls	negative			menu	neutral	avocado	negative	rice	negative															
we did n't get drink refills and she did n't even offer us the option of dessert	drink refills	negative																							
beautiful experience			beautiful																						
the bagels are also reasonably priced for nyc	bagels	positive	reasonably		priced	positive																			
if you can handle that , it 's a great place for a business dinner , fun with friends or simply a table for 2	business dinner	positive	great	fun	table	positive																			
decor leaves something to be desired	decor	negative																							
also , specify if you like your food spicy- its rather bland if you do n't	food	neutral	bland																						
our waiter was fine , the place looks nice in that not-trying-too-hard way , but at those prices , a little more should be expected of your food	waiter	positive	fine	nice	place	positive	prices	negative																	
coming from boston this place is like emma 's pizza in kendall square in cambridge ( although they have more funky toppings ! )	toppings	positive																							
in an effort to increase turnover , the restaurant offers no desserts beyond the complimentary espresso cup filled with chocolate mousse	desserts	negative			espresso cup filled with chocolate mousse	positive																			
i 've been to this restaurant more than a dozen times and when i 'm craving for pho , lemon grass chicken or beef cube on rice , this is the place to go	pho	positive	craving		lemon grass chicken	positive	beef cube on rice	positive																	
oh yes , and if you are a fan of indian oldies film stars , there are plenty of portraits of indian actors and actresses in classic black white that adorn the walls , some of which , i would love to know where they obtained	portraits	positive	plenty																						
the food is spectacular , from the appitizers to the main course , and then of course the desserts , ( wow ) you 'll need no more	food	positive	spectacular		appitizers	positive	main course	positive	desserts	positive															
the neighborhood was nice though so check out another restaurant instead			nice																						
my fish was delicious in an incredible curry sauce	fish	positive	delicious		curry sauce	positive																			
if you are in search of the most authentic nyc deli experience look no further than the famous and historic katz 's deli down on the lower east side	deli	positive	authentic	famous																					
even upon delivery , their juicy pork buns are quite good	pork buns	positive																							
the space is nice but when we order our drink we were in for a surprise	space	positive	nice		drink	negative																			
the entire place and the treatment we received felt as a conveyor belt	place	negative																							
joe 's pizza used to have the best slice until this pizzeria opened up	slice	positive	best																						
they are still living in the dark ages and do not have an answering machine , so if you want to make a reservation you are limited	reservation	negative																							
the food is amazing , rich pastas and fresh doughy pizza	food	positive	amazing	rich	pastas	positive					fresh														
food was very good , but not what i would consider out of this world	food	positive	good																						
i had lobster bisque it has 2 oz of maine lobster in it	lobster bisque	positive			maine lobster	positive																			
try the pad thai , it 's fabulous and their prices are so cheap !	pad thai	positive	fabulous	cheap	prices	positive																			
food is great and inexpensive	food	positive	great																						
dessert - ca n't be missed , so save room ! ! !	dessert	positive	missed																						
it can be a little confusing as to where one goes to order , but once the food is ordered , you are in for a treat	food	positive	confusing																						
ingredients are organic which is a real plus for me	ingredients	positive	organic	plus																					
it was so bad i actually refused to pay for my food			bad																						
i recommend this spot to anyone who enjoys fine cuisine at reasonable prices	cuisine	positive	fine	reasonable																					
the staff was very attentive , the ambience lovely , and the food superb	staff	positive	attentive	lovely	ambience	positive	food	positive																	
i love when restaurants think using fancy expensive ingrediants makes the food fine cuisine , even with no idea how to use them	ingrediants	positive	love	expensive	food	positive	cuisine	positive			fine														
the pizza and wine were excellent-the service too -- but what really made this place was the backyard dining area	pizza	positive			wine	positive	service	positive	backyard dining area	positive															
the waiters are sweet , the food is tasty and the bill is never too large	waiters	positive	sweet	tasty	food	positive	bill	positive																	
the service was superb , they treat you like family	service	positive	superb																						
we all had the tasting menu and unlike some of the other reviews , i felt there was more than enough food	menu	positive	enough																						
the menu may be small , but everything on it is delicious	menu	negative	small																						
too bad latin quarters closed			bad																						
- for dessert we split chocolate cake and vanilla gelato ( with espresso ) , which were tasty , but i thought a bit overpriced	dessert	conflict	tasty		chocolate cake	conflict	vanilla gelato ( with espresso )	conflict																	
when i visited my friend who lives in the upper eastside , she recommended that we go to this restaurant			recommended																						
warm , comfortable surroundings , nice appointments ( witness the etched glass and brickwork separating the dining rooms )	surroundings	positive	warm	comfortable	dining rooms	neutral					nice														
we arrived on time for our reservation and seated promptly.the	reservation	positive																							
the well mannered , pleasant staff that tony has in his employ	staff	positive	well	pleasant																					
the flavors robust and subtle	flavors	positive	robust																						
all i can say is 2 pints during happy hour and the some of the cheapest oysters you 'll find in the city , though the quality is some of the best	oysters	positive	cheapest		quality	positive																			
we concluded with tiramisu chocolate cake , both were delicious	tiramisu chocolate cake	positive																							
the counter service is bad	counter service	negative																							
service here was great , food was fantastic	service	positive	great		food	positive																			
its a little out of the way if you do n't live in the neighborhood , but definitely worth the trip from wherever you are			worth																						
this is such a lovely , peaceful place to eat outside	place	positive	lovely	peaceful																					
the sauce is delicious and the crust is perfect	sauce	positive	delicious		crust	positive																			
this is a great place to take out-of-towners , and perfect for watching the sunset			great	perfect																					
since my first dinner i have had the chance to have brunch at orsay 3x	dinner	neutral			brunch	neutral																			
you will pay a lot for the decore , but the food is no better or worse than a lot of other chinese and asian fusion places in ny	decore	negative	a lot	better	food	neutral					worse							a lot							
they have some great entrees here as well	entrees	positive	great																						
the food , served in small tasting portions ( as an option ) is very good with each dish being better than the next	food	positive	good	better	served	neutral	portions	positive	dish	positive															
you guys are awesome !			awesome																						
they do cater to american palates , but if you like it hot let them know and they are more than willing to oblige !	cater	positive																							
i loved this place ! !			loved																						
i care more about the food and ambience	food	neutral																							
oh , but wait , we were out of drinks ( which were also delightfully overpriced )	drinks	negative	overpriced																						
i would highly recommend this place to everyone for any occasion !			recommend																						
the service is fantastic	service	positive																							
i recommend that you try this hidden spot which will surely blowup very soon			recommend																						
the garlic mashed potatoes are hands down the best in the city !	garlic mashed potatoes	positive	best																						
food and service was okay	food	neutral			service	neutral																			
the lamb meat was under-cooked and extrmely chewy	lamb meat	negative	under-cooked																						
the best pad thai i 've ever had	pad thai	positive	best																						
over time , the food quality has decreased substantially , it is a lot less crowded than it used to , and the service must definitely be part of the reason	food quality	negative	decreased	crowded	service	negative																			
great pizza and fantastic service	pizza	positive	great	fantastic																					
we were seated outside and the waiter spilled red wine and hot tea on myself and my date	outside	neutral			waiter	negative	red wine	neutral	hot tea	neutral															
i would just ask for no oil next time	oil	negative																							
while this is a pretty place in that overly cute french way , the food was insultingly horrible	place	positive	pretty	cute	food	negative					insultingly horrible														
i went there for lunch and it was not as good as i expected from the reviews i read	lunch	neutral	good																						
the wine list is n't great , and the desserts are shipped in from bruno 's down the street , which is not as good as it used to be	wine list	negative	great	good	desserts	negative																			
i ordered a lassi and asked 4 times for it but never got it	lassi	neutral																							
their coffee is quite good too !	coffee	positive	good																						
i would not recommend this place to anyone			recommend																						
great wine list ( italian ) , good food , service was initially fine	wine list	positive	great	good	food	positive	service	conflict																	
despite the fact that the space is large , they 've overcrowded the floor with tables	space	positive	large	overcrowded																					
i know , you were too busy showing off your vintage tee shirt and looking bored , but my agenda is i 'm here to eat and enjoy the company of friends , seeking a pleasant experience			enjoy	pleasant																					
as far as the service goes , the waitresses were not particularly friendly , but they got the job done	service	conflict	friendly		waitresses	conflict																			
they are not helpful in the least and will give you the grand run around so by the time the event date rolls around you will not only regret chosing this place , but also become hostile !	place	negative	helpful	regret																					
normally that would be improper , however they were all delicious and my host did not complain	host	neutral	improper	delicious																					
taxan delicious !	taxan	positive	delicious																						
perhaps it was an off night , but it was suprisingly average for a 9.3 rating			average																						
southern indian cuisine is still there , too	southern indian cuisine	neutral																							
restaurant snobs need not bother , this is a small , neighborhood kind of place			small																						
have been dozens of times and never failed to enjoy the experience			enjoy																						
they could n't even make a salad that was appealing	salad	negative																							
of course the reason its so packed is because the food is so delicious !	food	positive	packed	delicious																					
the jukebox plays everything from italian opera to the strokes	jukebox	positive																							
plus they made a perfect martini			perfect																						
i am not sure if i would call the food here indian as it is a fusion of what seems to be french with an indian or exotic touch	food	neutral																							
the waiter was attentive	waiter	positive																							
their margarita is best i 've had since i 've returned from naples !	margarita	positive	best																						
i highly recommend the restaurant based on our experience last night			recommend																						
the tastes makes your mouth water for more	tastes	positive																							
i came into the city to try out this restaurant because a friend had recommended it to my husband			recommended																						
their sake list was extensive , but we were looking for purple haze , which was n't listed but made for us upon request !	sake list	positive	extensive		purple haze	conflict																			
the tables are crammed way too close , the menu is typical of any italian restaurant , and the wine list is simply overpriced	tables	negative	crammed	close	menu	neutral	wine list	negative			typical														
the food was actually aweful	food	negative																							
there is actually space to breathe and the decor sets the tone for an intimate dinner	space	positive	intimate		decor	positive																			
we went around on a friday and it had died down a bit by then so the service was great !	service	positive	great																						
my husband and i both ordered the steak , medium	steak	neutral																							
this place has realy fresh sushi and a nice large menu of japanese classic cuisine	sushi	positive	fresh	large	menu	positive	japanese classic cuisine	positive																	
the sushi is average and the prices are anything but	sushi	neutral	average		prices	neutral																			
my wife and i also enjoyed the spinach , the shanghai low mein , and other attractions	spinach	positive	enjoyed		shanghai low mein	positive																			
owner must have coem on this website to give himself credit	owner	neutral																							
turned out there was full service upstairs and sat down	service	positive	full																						
several of the dim sum orders had about 6-8 pieces	dim sum orders	neutral																							
if you have a dumpling fetish i suggest you try some here !	dumpling	positive																							
the food is consistently wonderful - i 've been coming here for years , and the owner has always been accomodating and friendly	food	positive	wonderful	accomodating	owner	positive																			
the waiters and owners were nonchalant about this and promised to call the exterminator but were n't as dismayed or apologetic as i would have expected	waiters	negative	nonchalant		owners	negative																			
and the food was fantastic	food	positive																							
if you 're looking for a place to sit down , have a drink and conversations with friends , go to sweet-n-tart and order yourself a hong-kong styled milk and tea with tapioca pearls ( hot )	drink	neutral			hong-kong styled milk	positive	tea with tapioca pearls ( hot )	positive																	
aside from the sea urchin , the chef recommended an assortment of fish including fatty yellow tail , boton shrimp , blue fin torro ( fatty tuna ) , sea eel , etc	sea urchin	neutral			chef	neutral	assortment of fish	neutral	fatty yellow tail	neutral		boton shrimp	neutral	blue fin torro ( fatty tuna )	neutral	sea eel	neutral								
they 're also friendlier here , especially the owner , kenny	owner	positive	friendlier																						
while the room is not particularly comfortable , once you 're seated you 'll forget about everything except what 's on your plate	room	negative	comfortable																						
i 've lived in nyc all my life and had never before seen so many waterbugs in one place ( except in a really bad dream )	waterbugs	negative																							
winnie and her staff are the best crew you can find serving you	staff	positive	best		crew	positive	serving	positive																	
you can even get packages of the chutneys to stock your fridge !	chutneys	positive																							
slightly on the pricey side but worth it !			pricey	worth																					
if it is n't for the food ( a+++ ) , it must be the service or the ambience	food	positive			service	positive																			
during the course of the past 3 months , the chef and staff changed and it was not for the better	chef	negative			staff	negative																			
i like the ambience , it 's very dark and original	ambience	positive	like	dark																					
this place is not worth the prices			worth																						
our last time there a few weeks ago was early at 5pm and it was very crowded and noisy			crowded																						
pick a bagel has the best bagels in the city	bagels	positive	best																						
you are paying for the atmosphere , which is nice , but can be had in numerous places in bay ridge	atmosphere	conflict	nice																						
it is one the nicest outdoor restaurants i have ever seen in ny -- i am from italy and this place rivals the ones in my country			nicest																						
yes you have to wait to be seated and because its small there is no waiting area and the seat at the bar was all taken	wait	negative	small		waiting area	negative	seat	negative	bar	neutral															
the last two times i ordered from here my food was soo spicy that i could barely eat it , and the spice took away from the flavor of the dish	food	negative	barely		spice	negative	flavor	negative																	
the fried dumplings are great !	fried dumplings	positive	great																						
this place has the best chinese style bbq ribs in the city	bbq ribs	positive	best																						
ive been here so many times the waiters know my name	waiters	neutral																							
the decor is very simple but comfortable	decor	conflict	simple																						
the ' kamasutra ' and ' bombay cosmopolitan ' are excellent and will have you tipsy in no time	kamasutra	positive	excellent		bombay cosmopolitan	positive																			
this is the perfect date spot for williamsburg couples	date spot	positive	perfect																						
the dim sum here is only so-so	dim sum	neutral																							
6 and there is much tasty food , all of it fresh and continually refilled	food	positive	tasty	fresh																					
seating is ok even though sometimes there 's alot of people	seating	neutral	ok																						
even with a relatively inexpensive botle of wine , if you can call 70.00 inexpensive , the cost is through the roof for better than average fare	botle of wine	conflict	inexpensive	inexpensive	cost	negative					better														
service was slow , but the people were friendly	service	negative	slow		people	positive																			
the steak was very fatty and the sauce was overpowering and not very tasty	steak	negative	fatty	overpowering	sauce	negative																			
the food is alright - some stuff is good - some is not ( like the steak dish which tends to be dry )	food	conflict	alright	good	steak dish	negative					dry														
not only would i not recommend jimmy 's restaurants to friends , i would strongly suggest they go anywhere but			recommend																						
they have a very diverse menu so its something for everybody	menu	positive	diverse																						
the staff was too busy ordering sushi for dinner and then laying it out to eat on the bar to even bring me my check	staff	negative	busy		sushi	neutral	dinner	neutral	bar	neutral															
the bagel was huge	bagel	neutral																							
get the tuna of gari	tuna	positive																							
i like the somosas , chai , and the chole , but the dhosas and dhal were kinda dissapointing	somosas	positive	like		chai	positive	chole	positive	dhosas	negative		dhal	negative												
it was a very nice surprise			nice																						
the staff has been nice , but they seemed really stressed and the unisex bathroom needs to be cleaned more often	staff	conflict	nice	stressed	bathroom	negative					cleaned														
i have been to casimir over 5 times and i have always had a great time there			great																						
the service was the only thing good about this restaurant	service	positive	good																						
service - friendly and attentive	service	positive	friendly																						
i love going there !			love																						
i can not recommend og more highly if i tried - check it out for yourself			recommend																						
service was very prompt but slightly rushed	service	conflict	prompt																						
great food , great decor , great service	food	positive	great	great	decor	positive					great														
and , atlhough tables opened up next to us and we asked for a slightly larger space , they left us awkardly seated	tables	neutral	larger		space	neutral																			
the palak paneer was standard , and i was not a fan of the malai kofta	palak paneer	neutral	standard		malai kofta	neutral																			
i 've dined at alain ducasse 's restaurant in monte carlo for half the price for the same excellent dining experience	price	positive	excellent		dining	positive																			
yeah , sometimes the service can be slow	service	negative																							
the service was attentive without being overbearing and each dish we tried was wonderful from the spring rolls to the cod with pineapple tempura	service	positive	attentive	overbearing	dish	positive	spring rolls	positive	cod with pineapple tempura	positive	wonderful														
but trust me it is so worth it			worth																						
the perfect spot			perfect																						
the only weird thing was if we got a bottle , the waitress would have simply multiplied the glass price x4 , which makes no sense whatsoever	bottle	neutral	weird		waitress	negative	price	negative																	
i would not have been so disappointed with the portions if the qualities were good enough to make up for it , but they were not !	portions	negative	disappointed	good	qualities	negative																			
they 're rude at times , and not very friendly			rude																						
i 'm happy to have nosh in the neighborhood and the food is very comforting	food	positive	happy																						
good atmosphere , combination of all the hottest music dress cod e is relatively strict except on fridays	atmosphere	positive	good	hottest	dress cod	negative					strict														
i would highly recommend nina 's to anyone who wants to have a romantic dinner in a heart warming surrounding filled with candles and family pictures	dinner	positive	recommend	romantic	surrounding	positive	candles	positive			warming														
all the desserts the group tried got favorable reviews	desserts	positive	favorable																						
there 's something smooth about sipping sake upper east side style	sake	positive	smooth																						
it 's a nice place to relax and have conversation	place	positive	nice																						
this place has got to be the best japanese restaurant in the new york area			best																						
best reuben sandwich ever !	reuben sandwich	positive	best																						
lucky strike is a great casual place to just grab a bite to eat	place	positive	great																						
going to volare is like going to your favorite aunt 's house for dinner , assuming that your aunt is a great italian cook	dinner	neutral	great																						
the sushi has been from average to below average , the wait service has always been sub-par the atmosphere goes from nice to really irritating ( if you sit in the area beyond the kitchen , the acousitcs are horrid , everything echoes is extremely loud )	sushi	negative	average	below average	wait service	negative	atmosphere	conflict	area	negative	nice							irritating	horrid			loud			
i loved it and would go again			loved																						
frites were delicious if a bit on the thick side	frites	positive	delicious																						
so so so so so good !			good																						
very good value			good																						
here you get the zen feel without feeling rigid	zen feel	positive																							
i would recommend putting your name down and then getting a drink at a local bar first though because of the wait time	drink	neutral	recommend		bar	neutral	wait time	negative																	
i fell in love with the egg noodles in the beef broth with shrimp dumplings and slices of bbq roast pork	egg noodles in the beef broth with shrimp dumplings and slices of bbq roast pork	positive	love																						
i keep my fingers crossed the whole subway ride hoping that there will be a table i can sit at by myself and not have to share with the rice congee soup people	table	neutral			rice congee soup	neutral																			
it was huge , delicious , fresh , and will be the reason we return			huge	delicious							fresh														
light , refreshing summer rolls ( not fried ) remind me of vietnamese places in paris	summer rolls	positive	light	refreshing																					
the sushi seemed pretty fresh and was adequately proportioned	sushi	positive	fresh	adequately																					
but the service was a bit slow	service	negative																							
spreads and toppings are great - though a bit pricey	spreads	positive	great		toppings	positive																			
when i saw that their website had a link to da ciro in napoli , i knew there was going to be good pizza !	pizza	positive	good																						
indoor was very cozy and cute	indoor	positive	cozy																						
we had a 3 hour brunch - they definitely do not rush you- and they kept the unlimited mimosas flowing the whole time	brunch	positive	unlimited		mimosas	positive																			
and their prices are very high - they actually think that they can get away with charging such prices for such terrible food and service !	prices	negative	high	terrible	prices	negative	food	negative	service	negative															
they 're terrific ! !			terrific																						
the service is good and the resturant is clean	service	positive	good																						
just stick with the small dishes !	dishes	negative																							
the cafe itself was really nice with comfortable outdoor chairs and tables , but the service could have been better	cafe	positive	nice	comfortable	outdoor chairs	positive	tables	positive	service	negative															
although we were looking for regular lettuce and some walnuts the salads we got were great	lettuce	neutral			walnuts	neutral	salads	positive																	
excellent lunch buffet for only 6.95	lunch buffet	positive	excellent																						
we were sorry to check them off our list as we had enjoyed and recommended the place in the past			enjoyed	recommended																					
both are very reasonably priced ( around 8 for dinner and 5 for lunch ) , and are delicious and filling	priced	positive	reasonably	delicious	dinner	positive	lunch	positive																	
the portion sizes here are huge , and the sushi is good	portion sizes	positive	huge		sushi	positive																			
my boyfriend ate tuna and it was cooked perfectly !	tuna	positive	perfectly																						
this was n't the expected menu comprised only of pad thai and tom yum soup , but i thought that was what made the place so special	menu	neutral	expected		pad thai	neutral	tom yum soup	neutral																	
good food at the restaurant ( a bit expensive , but great if you want to impress your date )	food	positive	good	expensive							great														
i highly recommend caviar russe to anyone who wants delicious top grade caviar and fantastic service	caviar	positive	recommend	top grade							fantastic														
you ca n't say its cheap because food is cheaper in chinatown	food	conflict	cheap	cheaper																					
i have eaten there 3-4 times and the food was always good	food	positive																							
keep up the good work			good																						
i was n't thrilled to have to wait on line for thirty minutes , but i guess that 's the price you pay for a popular place	wait	negative	popular																						
great eats , good times	eats	positive	great	good																					
for years , i thought tuscan cuisine was the best , but salvatore converted me to the hearty neapolitan fare on my first visit	tuscan cuisine	conflict	best		neapolitan fare	positive																			
the service was great as well	service	positive	great																						
try the lobster teriyaki and the rose special roll	lobster teriyaki	positive			rose special roll	positive																			
another plus is most of the entrees are approx	entrees	positive	plus																						
the food was delicious , the atmosphere was relaxed , and we have now adopted plate 347 as our secret on second !	food	positive	delicious	relaxed	atmosphere	positive																			
from the moment we walked in they were more than accomodating even though the place was packed	place	negative																							
it is loud , hot and dark			loud	hot																					
i found the food , service and value exceptional everytime i have been there	food	positive	exceptional		service	positive	value	positive																	
we ate at this thai place following the reviews but very unhappy with the foods			unhappy																						
the food is definitely good , but i left a bit disappointed	food	positive	good																						
i am a 100 lb girl , had a glass of wine and a glass of beer prior to the dinner , and i was still hungry after my visit to this place !	glass of wine	neutral			glass of beer	neutral	dinner	neutral																	
the drinks are a saving grace , but service staff , please , get over yourselves	drinks	positive	saving grace		service staff	negative																			
there is a downside if you 're ordering in -- the delivery guys have major attitude	delivery guys	negative	downside																						
the all-italian staff is warm and engaging from the start	staff	positive	warm	engaging																					
the prices are exceptionally reasonable for food of this caliber	prices	positive	reasonable		food	positive																			
if you go here - your focus should be the tamarind margaritas	tamarind margaritas	positive																							
it is the best hidden spot there and i rave about it to everyone			best																						
the filet mignon dish was superb !	filet mignon dish	positive	superb																						
i had been a regular due to the consistently good food and ease of getting a table	food	positive	good	ease	getting a table	positive																			
this place is the most japanese it can ever get	place	positive																							
great food , lt 's of it , more then one person can eat !	food	positive	great																						
i did n't expect to like nosh as much as i did , but the pastrami on challah sandwich i had was otherworldly , the soups are like mom 's , and the knishes give yonah schimmel 's a run for its money	pastrami on challah sandwich	positive	otherworldly		soups	positive	knishes	positive																	
the atmosphere is nothing special , but it feels like a sushi establishment in tokyo	atmosphere	neutral	special																						
cozy romantic atomosphere with only around 15 tables at most	atomosphere	positive	romantic		tables	positive																			
this place is worth going even if only for their beer			worth																						
i really like both the scallops and the mahi mahi ( on saffron risotto -yum ! )	scallops	positive			mahi mahi ( on saffron risotto	positive																			
the ambience was so fun , and the prices were great , on top of the fact that the food was really tasty	ambience	positive	fun	great	prices	positive	food	positive																	
do not get the go go hamburgers , no matter what the reviews say	go go hamburgers	negative																							
the sandwhiches are out-of-this world !	sandwhiches	positive																							
decor is charming	decor	positive																							
the food was very well prepared	food	positive	well prepared																						
good , because hey , it 's more food , but bad because dim sum is supposed to be smaller portions so you can try out more dishes and smaller so that each dish is cheap	food	positive	good	more	dim sum	negative	portions	negative	dishes	neutral	bad	dish	neutral					smaller	more			smaller			
while most people can attest to spending over 50 on drinks in new york bars and hardly feeling a thing , the drinks here are plentiful and unique	drinks	negative	plentiful		bars	negative	drinks	positive																	
the food arrived 20 minutes after i called , cold and soggy	food	negative	cold																						
if you go for the pre-theatre menu , it 's an even greater deal	pre-theatre menu	positive	greater																						
if you are someone who appreciates simplicity , elegance , and wonderfully presented and tasting seafood and vegetables regardless of portion size , kai is your place	seafood	positive	wonderfully presented	tasting	vegetables	positive	portion size	negative																	
the prices can not be beat for the quality , quantity , freshness and taste	prices	positive			quality	positive	quantity	positive	freshness	positive															
check it out , it wo n't hurt your stomach or your wallet	stomach	positive																							
incredibly poor service an food quality at exorbitant prices	service	negative	poor	exorbitant	food quality	negative																			
i have been about 4 times and have always had a great meal			great																						
i go back in line like three times on average until i ca n't walk anymore	line	negative																							
we usually just get some of the dinner specials and they are very reasonably priced and very tasty	dinner specials	positive	reasonably		priced	positive																			
horrible food and horrible service	food	negative	horrible	horrible																					
the wine and cheese plate are plentiful and ca n't wait to try the fondue or table grilling	wine	positive	plentiful		cheese	positive	fondue	positive	table grilling	positive															
bleecker st pizza is the best !			best																						
they treated us well and the food was extremely fresh and well-prepared	food	positive	well	fresh																					
the big complaint no toasting available	toasting	negative	complaint																						
even if the food was n't this good , the garden is a great place to sit outside and relax	food	positive	good	great	garden	positive	place	positive																	
volare virgins or weekly regulars , everyone gets treated the same and you ca n't ask for more than that when the service is this friendly	service	positive																							
the food came out wrong , the waiter was no where to be found and the wine showed up at the end of the meal	food	negative	wrong		waiter	negative	wine	negative																	
the chicken and steak were seasoned and cooked to perfection , and the lamb sandwhich is great for heartier appetites	chicken	positive	perfection	great	steak	positive	lamb sandwhich	positive			heartier														
we saw them heating up at least one frozen item though i 'm not sure which dim sum dish it was	dim sum dish	negative																							
no you 're going to go back because the food was good	food	positive																							
the food was great and the service was even better	food	positive	great		service	positive																			
traditional french decour was pleasant though the hall was rather noisy - the restaurant was full and we had to raise our voices to be able to maintain a conversation	traditional french decour	positive	pleasant	noisy	hall	negative					full														
the fish is fresh and each piece is sliced to perfection and seasoned by the sushi chef ( usually with a little fresh wasabi and soy sauce but also sometimes with some sea salt )	fish	positive	fresh	perfection	sushi chef	positive	wasabi	positive	soy sauce	positive	fresh	sea salt	positive												
consequently , their burgers fell apart in their hands and made such a mess that they did'nt feel like finishing them	burgers	negative																							
my son and his girlfriend both wanted cheeseburgers and they were huge !	cheeseburgers	positive	huge																						
i really recommend the very simple unda ( egg ) rolls	unda ( egg ) rolls	positive	recommend	simple																					
this is the only thai place i go too in nyc , it 's wonderful , and live relaxed jazz on certain nights	jazz	positive	wonderful	relaxed																					
we were seated and ignored by waitstaff			ignored																						
if you are in a big group , this place is perfect because it recomends sharing - they have lazy susans on most tables - even families can feel comfortable here	lazy susans	positive	perfect	comfortable	tables	positive																			
they showed up 15 minutes after the tuna melt	tuna	positive																							
tasty steak , pork loin , the works	steak	positive	tasty		pork loin	positive																			
i went with 5 friends and we lingered at the table for a bit and did n't feel rushed at all even though there was a wait	table	neutral	rushed																						
i 'd highly recommend it for a special occasion -- it provides and intimate setting and nice service	setting	positive	recommend	intimate							nice														
the burger was great , also	burger	positive	great																						
they did give a 15 discount at the end , was n't enough , as they knew the service was horrible	discount	negative	enough		service	negative																			
just because it 's cheap does not mean the portions are small or the food is nasty , it is great !	portions	positive	cheap	small	food	positive					nasty							great							
the pizza was great	pizza	positive																							
i had never had edamame pureed before but i thought it was innovative and tasty ( could 've used a bit more salt )	edamame pureed	positive	innovative	tasty																					
when we notified him that he did n't mention the specials , he did n't apologize but let us know that we made a very good decision regardless	specials	neutral																							
kenny the owner is always there and he treats my family like we are part of his family	owner	positive																							
they need a kick out of it but until then the sushi is pretty good and the place is consistent	sushi	positive	good		place	positive																			
i 've had to wait only a few times during lunch but this place is definitely worth the wait	lunch	neutral	worth																						
all in all the food was above average and i would return to see how they operate with four or less dinners	food	positive	above average																						
judging from previous posts this used to be a good place , but not any longer			good																						
delicious food , excellent service , and a pretty atmosphere make this a great choice for dinner and the 5.99 lunch buffet makes it an even better choice for lunch !	food	positive	delicious	excellent	service	positive	atmosphere	positive	dinner	positive	pretty	lunch buffet	positive	lunch	positive			great	better						
for appetizers , i recommend the shrimp fritters and dumplings	appetizers	neutral	recommend		shrimp fritters	positive																			
and cheap !			cheap																						
the restaurant is dark and not very attractive and then you have spot lights shining on you putting you in the worst light possible , reaching for sunglasses	spot lights	negative	dark	attractive							worst														
try the times square cocktail -- ginger lemonade with vodka ( also available without vodka )	times square cocktail	positive			ginger lemonade with vodka	positive																			
nice find			nice																						
great wine , great food	wine	positive	great	great																					
the service was mediocre , and the lack of air conditioning made for a less than comfortable meal	service	neutral	mediocre	lack	air conditioning	negative					comfortable														
the food and staff always surprise me with the new heights they are taken to	food	positive	surprise		staff	positive																			
amazing !			amazing																						
honestly the worst sushi my husband and i had in our entire lives	sushi	negative	worst																						
there is nothing more pleasant than that			pleasant																						
i would recommend this place to anyone and would without a doubt come again			recommend																						
however , if you want great food at a great price and do n't mind the decor , you ca n't beat this place	food	positive	great	great	price	positive	decor	negative																	
our tiny table for two ( dinner plates hung over edge ) was right in the middle of one of the lanes of waiter traffic	table	negative	tiny		dinner plates	negative	waiter traffic	negative																	
sake collection was excellent ( try nanbu bijin ) , but pricy	sake collection	conflict	excellent		nanbu bijin	positive																			
interesting other dishes for a change include chicken in curry sauc e and salmon caserole	dishes	positive	interesting		chicken in curry sauc	positive	salmon caserole	positive																	
one of my favorite restaurants in the neighborhood			favorite																						
one of my favorites though was the angry lobster , a cold lobster salad that was magnificent	angry lobster	positive	favorites		cold lobster salad	positive																			
ask for usha , the nicest bartender in manhattan	bartender	positive	nicest																						
the service is outstanding and my crab-cake eggs benedict could not have been better	service	positive	outstanding		crab-cake eggs benedict	positive																			
the place 's decor and hidden bathrooms made for a good laugh	decor	positive	good laugh		bathrooms	positive																			
its location is good and the fact that hutner college is near and their prices are very reasonable , makes students go back to suan again and again	location	positive	good	reasonable	prices	positive																			
however , i think jeckll and hydes t is one of those places that is fun to do once			fun																						
a wonderful place !	place	positive	wonderful																						
service was on par but not wonderful	service	conflict	on par																						
i went to amma after a friend recommended it			recommended																						
kind of a small place but i guess if they are not too busy might be able to fit a group or kids	place	negative	small	busy																					
we also ordered two hot dogs thinking they would be pretty good since there is a whole section on the menu devoted to them	hot dogs	neutral	good		menu	neutral																			
i 've had the chicken with garlic sauce , chicken with black bean sauce , and hunan chicken	chicken with garlic sauce	neutral			chicken with black bean sauce	neutral	hunan chicken	neutral																	
because of the delicate thin crust , take-out pies get soggy in their boxes	crust	negative	delicate	soggy	take-out pies	negative																			
the dish had like 6 pieces of beef in it	dish	neutral			beef	neutral																			
we got in line and were served while in line a bannan fritter	served	neutral			bannan fritter	neutral																			
it might have been a little too spicy for my friend , which you can couteract with eat more rice and keeping water on hand	rice	neutral	too spicy		water	neutral																			
this place is always very crowded and popular	place	positive	crowded																						
appetizers are somewhere around 7 each and the main dishes are between 11 and 16	appetizers	neutral			main dishes	neutral																			
i do n't know about you guys , but when i go somewhere to eat i go for the food not for the atmosphere	food	neutral																							
a gentleman , maybe the manager , came to our table , and without so much as a smile or greeting asked for our order	gentleman	negative			manager	negative	table	neutral																	
i 've had pizza both times and the caprese salad appetizer	pizza	neutral			caprese salad appetizer	neutral																			
he was terribly thirsty after the meal too	meal	negative																							
i was n't there for the half-price saturday night special , but tuesday night	half-price saturday night special	neutral																							
if you like the food and the value you get from some of chinatown restaurants , this is not the place for you	food	neutral	like		value	neutral																			
get the soup and a nosh ( pastrami sandwich ) for 8 and you 're golden	soup	positive			nosh ( pastrami sandwich )	positive																			
i have to say that if this what makes it easier to get a saet a lunch - i dont mind	lunch	neutral	easier																						
my family and i ate here last night for our annual christmas dinner with the family members who would rather spend the holidays with friends out-of-town	christmas dinner	neutral																							
we were told that they were booked solid and no other table was available	table	negative																							
the restaraurant is very small so reservations are a must	reservations	neutral	small																						
to my right , the hostess stood over a busboy and hissed rapido , rapido as he tried to clear and re-set a table for six	hostess	negative			busboy	neutral	table	neutral																	
then we ordered a dinosaur rolls and white tuna sashimi	dinosaur rolls	neutral			white tuna sashimi	neutral																			
interior was so so			so so																						
they were able to squeeze me in at 6 after i called the night before my anniversary for a friday night reservation and told me they 'd treat us well for the occasion	reservation	neutral																							
note that they do not serve beer , you must bring your own	beer	negative																							
we ate outside at haru 's sake bar because haru 's restaurant next door was overflowing	bar	neutral																							
better than the bagel shop on the corner , but not worth going out of your way for , in my opinion			better	worth																					
we shared a bottle of sake , an order of edamames , and she had the sushi plat e while i had the sashimi	bottle of sake	neutral			edamames	neutral	sushi plat	neutral																	
i ca n't believe people complain about no cheese sticks	cheese sticks	neutral																							
from the appetizers we ate , the dim sum and other variety of foods , it was impossible to criticize the food	appetizers	positive			dim sum	positive	foods	positive																	
each table has a pot of boiling water sunken into its surface , and you get platters of thin sliced meats , various vegetables , and rice and glass noodles	table	neutral	thin	various	pot of boiling water	neutral	meats	neutral	vegetables	neutral		rice	neutral	glass noodles	neutral										
